evaluated_session,train_start,baseline_loss_AAPL,model_loss_AAPL,q_effective_AAPL,train_end,train_sessions,train_rows,evaluation_rows,alpha,baseline_loss,model_loss,baseline_mse,model_mse,baseline_rmse,model_rmse,rho,d,r_effective,model_within_spread,baseline_within_spread,learned_coverage,baseline_loss_SPY,model_loss_SPY,q_effective_SPY
2020-11-23,2020-01-08,2.5179475570880684e-08,2.5179475570880684e-08,0.0068817112664053175,2020-11-18,123,11348,1,,2.5179475570880684e-08,2.5179475570880684e-08,2.5179475570880684e-08,2.5179475570880684e-08,0.00015868041962031952,0.00015868041962031952,0.0,0.0,0.000699755114273342,0.0,0.0,0.0,,,
2020-11-27,2020-01-08,1.5737127057551072e-09,1.5737127057551072e-09,0.006959407049900887,2020-11-23,125,11638,1,,1.5737127057551072e-09,1.5737127057551072e-09,1.5737127057551072e-09,1.5737127057551072e-09,3.9670047967643134e-05,3.9670047967643134e-05,0.0,0.0,0.000899595242836093,1.0,1.0,0.0,,,
2020-12-30,2020-01-08,,,,2020-12-23,136,12661,1,,3.7212451596506797e-09,3.7212451596506797e-09,3.7212451596506797e-09,3.7212451596506797e-09,6.1002009472235255e-05,6.1002009472235255e-05,0.0,0.0,0.0009995003330835331,0.0,0.0,0.0,3.7212451596506797e-09,3.7212451596506797e-09,0.015320694018198461
2021-01-27,2020-01-08,,,,2021-01-22,145,13677,1,,4.8201744651049126e-08,4.8201744651049126e-08,4.8201744651049126e-08,4.8201744651049126e-08,0.00021954895729893396,0.00021954895729893396,0.0,0.0,0.000699755114273342,0.0,0.0,0.0,4.8201744651049126e-08,4.8201744651049126e-08,0.014828486932958128
2021-02-05,2020-01-08,8.409430826756123e-08,8.409430826756123e-08,0.005877429216100153,2021-02-01,149,14183,1,,8.409430826756123e-08,8.409430826756123e-08,8.409430826756123e-08,8.409430826756123e-08,0.00028999018650216636,0.00028999018650216636,0.0,0.0,0.0003999200213269354,0.0,0.0,0.0,,,
2021-02-08,2020-01-08,9.963291100936666e-08,9.963291100936666e-08,0.005995905235448962,2021-02-03,150,14261,1,,9.963291100936666e-08,9.963291100936666e-08,9.963291100936666e-08,9.963291100936666e-08,0.0003156468137164807,0.0003156468137164807,0.0,0.0,0.00029995500899797546,1.0,1.0,0.0,,,
2021-02-12,2020-01-08,2.219779282278248e-07,2.219779282278248e-07,0.006068230592762525,2021-02-08,152,14519,1,,2.219779282278248e-07,2.219779282278248e-07,2.219779282278248e-07,2.219779282278248e-07,0.00047114533662960604,0.00047114533662960604,0.0,0.0,0.000499875041651048,1.0,1.0,0.0,,,
2021-02-19,2020-01-08,1.2246278820518562e-06,1.2246278820518562e-06,0.006321794772955053,2021-02-12,154,14677,1,,1.2246278820518562e-06,1.2246278820518562e-06,1.2246278820518562e-06,1.2246278820518562e-06,0.0011066290625371521,0.0011066290625371521,0.0,0.0,0.00029995500899797546,0.0,0.0,0.0,,,
2021-03-22,2020-01-08,1.958163204987613e-05,1.958163204987613e-05,0.006833902825235436,2021-03-12,165,15779,1,,1.958163204987613e-05,1.958163204987613e-05,1.958163204987613e-05,1.958163204987613e-05,0.004425113789483399,0.004425113789483399,0.0,0.0,9.999500033330834e-05,0.0,0.0,0.0,,,
2021-03-29,2020-01-08,5.081645164227981e-07,5.081645164227981e-07,0.006765118389571817,2021-03-24,168,16090,2,,5.081645164227981e-07,5.081645164227981e-07,5.081645164227981e-07,5.081645164227981e-07,0.0007128565889593769,0.0007128565889593769,0.0,0.0,0.00019998000266626675,0.0,0.0,0.0,,,
2021-04-12,2020-01-08,,,,2021-04-07,173,16474,1,,1.3743204797639036e-08,1.3743204797639036e-08,1.3743204797639036e-08,1.3743204797639036e-08,0.00011723141557466171,0.00011723141557466171,0.0,0.0,0.00019998000266626675,0.0,0.0,0.0,1.3743204797639036e-08,1.3743204797639036e-08,0.013519779338501542
2021-04-16,2020-01-08,1.4033763636449943e-06,1.4033763636449943e-06,0.006096654275092936,2021-04-09,174,16527,1,,1.4033763636449943e-06,1.4033763636449943e-06,1.4033763636449943e-06,1.4033763636449943e-06,0.0011846418714721316,0.0011846418714721316,0.0,0.0,0.00019998000266626675,0.0,0.0,0.0,,,
2021-04-19,2020-01-08,1.0914761456616148e-08,1.0914761456616148e-08,0.0061121049493142515,2021-04-12,175,16647,1,,1.0914761456616148e-08,1.0914761456616148e-08,1.0914761456616148e-08,1.0914761456616148e-08,0.0001044737357263353,0.0001044737357263353,0.0,0.0,0.00019998000266626675,1.0,1.0,0.0,,,
2021-04-26,2020-01-08,4.7216055557175853e-07,4.7216055557175853e-07,0.006104824300178678,2021-04-21,178,16985,4,,4.7216055557175853e-07,4.7216055557175853e-07,4.7216055557175853e-07,4.7216055557175853e-07,0.0006871394003924957,0.0006871394003924957,0.0,0.0,0.00029995500899797546,0.0,0.0,0.0,,,
2021-04-28,2020-01-08,5.5152040010742346e-06,5.5152040010742346e-06,0.0061016444675943155,2021-04-23,179,17129,1,,5.5152040010742346e-06,5.5152040010742346e-06,5.5152040010742346e-06,5.5152040010742346e-06,0.0023484471467491524,0.0023484471467491524,0.0,0.0,9.999500033330834e-05,0.0,0.0,0.0,,,
2021-05-07,2020-01-08,1.1321186882033553e-07,1.1321186882033553e-07,0.006320332973639586,2021-05-03,183,17526,1,,1.1321186882033553e-07,1.1321186882033553e-07,1.1321186882033553e-07,1.1321186882033553e-07,0.0003364697145663121,0.0003364697145663121,0.0,0.0,0.00019998000266626675,0.0,0.0,0.0,,,
2021-05-21,2020-01-08,6.619908131481807e-06,6.619908131481807e-06,0.006558793496190401,2021-05-17,187,17860,2,,3.565004437962305e-06,3.565004437962305e-06,3.565004437962305e-06,3.565004437962305e-06,0.0018881219340821994,0.0018881219340821994,0.0,0.0,9.999500033330834e-05,0.5,0.5,0.0,5.101007444428034e-07,5.101007444428034e-07,0.0133963927952225
2021-06-02,2020-01-08,6.801316427232041e-07,6.801316427232041e-07,0.006718699710331509,2021-05-27,192,18148,5,,6.801316427232041e-07,6.801316427232041e-07,6.801316427232041e-07,6.801316427232041e-07,0.0008247009413861513,0.0008247009413861513,0.0,0.0,0.00019998000266626678,0.0,0.0,0.0,,,
2021-06-07,2020-01-08,5.445096619155065e-07,5.445096619155065e-07,0.006632774644530939,2021-06-02,194,18298,5,,4.260666212369905e-07,4.260666212369905e-07,4.260666212369905e-07,4.260666212369905e-07,0.0006527377890370608,0.0006527377890370608,0.0,0.0,0.00019998000266626678,0.4,0.4,0.0,2.484020602192165e-07,2.484020602192165e-07,0.01316434926644581
2021-06-11,2020-01-08,7.939020778797121e-07,7.939020778797121e-07,0.006621203711045912,2021-06-07,196,18458,2,,7.939020778797121e-07,7.939020778797121e-07,7.939020778797121e-07,7.939020778797121e-07,0.0008910118281368166,0.0008910118281368166,0.0,0.0,0.00029995500899797546,0.0,0.0,0.0,,,
2021-06-28,2020-01-08,3.654251649232967e-08,3.654251649232967e-08,0.006273007287206069,2021-06-23,203,18915,1,,3.654251649232967e-08,3.654251649232967e-08,3.654251649232967e-08,3.654251649232967e-08,0.0001911609701072101,0.0001911609701072101,0.0,0.0,0.0005998200719676155,0.0,0.0,0.0,,,
2021-06-30,2020-01-08,,,,2021-06-25,204,19014,2,,2.1630374262723438e-08,2.1630374262723438e-08,2.1630374262723438e-08,2.1630374262723438e-08,0.00014707268360481982,0.00014707268360481982,0.0,0.0,0.0003999200213269354,0.0,0.0,0.0,2.1630374262723438e-08,2.1630374262723438e-08,0.013029897124152442
2021-07-12,2020-01-08,1.137382570875912e-06,1.137382570875912e-06,0.005754255392460891,2021-07-07,208,19313,1,,1.137382570875912e-06,1.137382570875912e-06,1.137382570875912e-06,1.137382570875912e-06,0.0010664813973417034,0.0010664813973417034,0.0,0.0,0.0005998200719676155,0.0,0.0,0.0,,,
2021-07-21,2020-01-08,6.439696468527105e-07,6.439696468527105e-07,0.0057133082449538145,2021-07-16,211,19602,1,,6.439696468527105e-07,6.439696468527105e-07,6.439696468527105e-07,6.439696468527105e-07,0.0008024771939766952,0.0008024771939766952,0.0,0.0,0.000499875041651048,0.0,0.0,0.0,,,
2021-07-23,2020-01-08,1.71880989659188e-07,1.71880989659188e-07,0.00568801089918256,2021-07-19,212,19734,2,,1.71880989659188e-07,1.71880989659188e-07,1.71880989659188e-07,1.71880989659188e-07,0.000414585322532272,0.000414585322532272,0.0,0.0,0.000499875041651048,0.0,0.0,0.0,,,
2021-07-26,2020-01-08,2.8934266412296154e-08,2.8934266412296154e-08,0.005620624663435649,2021-07-21,213,19803,3,,2.8934266412296154e-08,2.8934266412296154e-08,2.8934266412296154e-08,2.8934266412296154e-08,0.0001701007537087833,0.0001701007537087833,0.0,0.0,0.000499875041651048,0.0,0.0,0.0,,,
2021-08-09,2020-01-08,2.7890024234695956e-08,2.7890024234695956e-08,0.005816340495415355,2021-08-04,219,20385,1,,2.7890024234695956e-08,2.7890024234695956e-08,2.7890024234695956e-08,2.7890024234695956e-08,0.00016700306654279123,0.00016700306654279123,0.0,0.0,0.0005998200719676155,1.0,1.0,0.0,,,
2021-08-20,2020-01-08,3.790656251869828e-07,3.790656251869828e-07,0.005794137695978187,2021-08-16,224,20695,2,,3.790656251869828e-07,3.790656251869828e-07,3.790656251869828e-07,3.790656251869828e-07,0.0006156830557900573,0.0006156830557900573,0.0,0.0,0.0005998200719676155,0.0,0.0,0.0,,,
2021-09-03,2020-01-08,2.9659463139108607e-07,2.9659463139108607e-07,0.005532053368044256,2021-08-30,230,21274,4,,2.9659463139108607e-07,2.9659463139108607e-07,2.9659463139108607e-07,2.9659463139108607e-07,0.0005446050232885169,0.0005446050232885169,0.0,0.0,0.000499875041651048,0.0,0.0,0.0,,,
2021-09-08,2020-01-08,7.461340915196917e-07,7.461340915196917e-07,0.005424723977279979,2021-09-01,231,21340,1,,7.461340915196917e-07,7.461340915196917e-07,7.461340915196917e-07,7.461340915196917e-07,0.0008637905368315236,0.0008637905368315236,0.0,0.0,0.000499875041651048,0.0,0.0,0.0,,,
2021-09-17,2020-01-08,4.378517761819108e-09,4.378517761819108e-09,0.005712749512736071,2021-09-10,234,21507,1,,4.378517761819108e-09,4.378517761819108e-09,4.378517761819108e-09,4.378517761819108e-09,6.617036921325971e-05,6.617036921325971e-05,0.0,0.0,0.0003999200213269354,1.0,1.0,0.0,,,
2021-09-27,2020-01-08,1.8756989886057582e-08,1.8756989886057582e-08,0.005785461475632998,2021-09-22,238,21904,1,,1.8756989886057582e-08,1.8756989886057582e-08,1.8756989886057582e-08,1.8756989886057582e-08,0.00013695616045310844,0.00013695616045310844,0.0,0.0,0.00029995500899797546,0.0,0.0,0.0,,,
2021-09-29,2020-01-08,1.1203013496084707e-07,1.1203013496084707e-07,0.005989711789162145,2021-09-24,239,22014,1,,1.1203013496084707e-07,1.1203013496084707e-07,1.1203013496084707e-07,1.1203013496084707e-07,0.0003347090302947428,0.0003347090302947428,0.0,0.0,0.0003999200213269354,0.0,0.0,0.0,,,
2021-10-11,2020-01-08,6.311818248756341e-07,6.311818248756341e-07,0.0059482155353393976,2021-10-06,244,22441,2,,6.311818248756341e-07,6.311818248756341e-07,6.311818248756341e-07,6.311818248756341e-07,0.0007944695241956321,0.0007944695241956321,0.0,0.0,0.000499875041651048,0.5,0.5,0.0,,,
2021-10-15,2020-01-08,2.409012917886464e-07,2.409012917886464e-07,0.0059126321647189764,2021-10-08,245,22496,1,,2.409012917886464e-07,2.409012917886464e-07,2.409012917886464e-07,2.409012917886464e-07,0.000490816963631705,0.000490816963631705,0.0,0.0,0.000499875041651048,0.0,0.0,0.0,,,
2021-10-25,2020-01-08,1.2306787454608184e-07,1.2306787454608184e-07,0.005716591566346089,2021-10-20,249,22907,7,,1.2306787454608184e-07,1.2306787454608184e-07,1.2306787454608184e-07,1.2306787454608184e-07,0.0003508103113451511,0.0003508103113451511,0.0,0.0,0.0005998200719676156,0.8571428571428571,0.8571428571428571,0.0,,,
2021-10-27,2020-01-08,2.0026971515820343e-06,2.0026971515820343e-06,0.005692472542191267,2021-10-22,250,23041,1,,2.0026971515820343e-06,2.0026971515820343e-06,2.0026971515820343e-06,2.0026971515820343e-06,0.0014151668281803507,0.0014151668281803507,0.0,0.0,0.0005998200719676155,0.0,0.0,0.0,,,
2021-11-05,2020-01-22,3.18509796429182e-08,3.18509796429182e-08,0.00563063063063063,2021-11-01,250,23231,1,,3.18509796429182e-08,3.18509796429182e-08,3.18509796429182e-08,3.18509796429182e-08,0.00017846842758011345,0.00017846842758011345,0.0,0.0,0.0003999200213269354,1.0,1.0,0.0,,,
2021-11-08,2020-01-24,2.245492539124699e-06,2.245492539124699e-06,0.005717874140666314,2021-11-03,250,23255,1,,2.245492539124699e-06,2.245492539124699e-06,2.245492539124699e-06,2.245492539124699e-06,0.0014984967597978646,0.0014984967597978646,0.0,0.0,0.000499875041651048,0.0,0.0,0.0,,,
2021-11-15,2020-01-31,2.6838782904994826e-07,2.6838782904994826e-07,0.005767051136742449,2021-11-10,250,23296,4,,2.8857432434852193e-07,2.8857432434852193e-07,2.8857432434852193e-07,2.8857432434852193e-07,0.0005371911432148913,0.0005371911432148913,0.0,0.0,0.000499875041651048,1.0,1.0,0.0,3.4913381024424286e-07,3.4913381024424286e-07,0.012116720525606181
2021-11-19,2020-02-03,,,,2021-11-12,250,23320,1,,7.099878872451075e-08,7.099878872451075e-08,7.099878872451075e-08,7.099878872451075e-08,0.0002664559789618367,0.0002664559789618367,0.0,0.0,0.000499875041651048,0.0,0.0,0.0,7.099878872451075e-08,7.099878872451075e-08,0.012053264641389734
2022-01-10,2020-03-25,1.093737356735858e-06,1.093737356735858e-06,0.0050241040831736075,2022-01-05,250,24128,1,,1.093737356735858e-06,1.093737356735858e-06,1.093737356735858e-06,1.093737356735858e-06,0.0010458189885137188,0.0010458189885137188,0.0,0.0,0.0009995003330835331,0.0,0.0,0.0,,,
2022-01-31,2020-04-08,5.081071163731311e-07,5.081071163731311e-07,0.005078377267656901,2022-01-26,250,24042,2,,5.081071163731311e-07,5.081071163731311e-07,5.081071163731311e-07,5.081071163731311e-07,0.000712816327235236,0.000712816327235236,0.0,0.0,0.0018981972830802527,0.0,0.0,0.0,,,
2022-02-14,2020-04-27,3.5875246827799106e-06,3.5875246827799106e-06,0.005218216318785579,2022-02-09,250,23804,1,,3.5875246827799106e-06,3.5875246827799106e-06,3.5875246827799106e-06,3.5875246827799106e-06,0.001894076208281998,0.001894076208281998,0.0,0.0,0.0035935355101301704,1.0,1.0,0.0,,,
2022-02-28,2020-05-06,2.979417841903925e-06,2.979417841903925e-06,0.005338186229905975,2022-02-23,250,23702,3,,2.979417841903925e-06,2.979417841903925e-06,2.979417841903925e-06,2.979417841903925e-06,0.001726099024362138,0.001726099024362138,0.0,0.0,0.003294566949430031,0.0,0.0,0.0,,,
2022-03-21,2020-05-27,1.7630863534302997e-07,1.7630863534302997e-07,0.005366508110745213,2022-03-14,250,23720,2,,1.7630863534302997e-07,1.7630863534302997e-07,1.7630863534302997e-07,1.7630863534302997e-07,0.00041989121846381825,0.00041989121846381825,0.0,0.0,0.004191204618468071,0.5,0.5,0.0,,,
2022-03-28,2020-06-03,4.584824365287988e-08,4.584824365287988e-08,0.005036630036630037,2022-03-23,250,23838,1,,4.584824365287988e-08,4.584824365287988e-08,4.584824365287988e-08,4.584824365287988e-08,0.00021412202981683105,0.00021412202981683105,0.0,0.0,0.005484930230569686,0.0,0.0,0.0,,,
2022-04-01,2020-06-08,2.698169791195429e-07,2.698169791195429e-07,0.0050398029895195005,2022-03-28,250,23977,1,,2.698169791195429e-07,2.698169791195429e-07,2.698169791195429e-07,2.698169791195429e-07,0.0005194391004916196,0.0005194391004916196,0.0,0.0,0.005186526687300061,0.0,0.0,0.0,,,
2022-05-13,2020-07-17,7.682784668591865e-06,7.682784668591865e-06,0.0062429854096520765,2022-05-09,250,24047,1,,7.682784668591865e-06,7.682784668591865e-06,7.682784668591865e-06,7.682784668591865e-06,0.0027717836619389805,0.0027717836619389805,0.0,0.0,0.009554212804811658,1.0,1.0,0.0,,,
2022-06-06,2020-08-07,1.1352715718762755e-08,1.1352715718762755e-08,0.0061218874673270056,2022-06-01,250,23812,1,,1.1352715718762755e-08,1.1352715718762755e-08,1.1352715718762755e-08,1.1352715718762755e-08,0.00010654912350067811,0.00010654912350067811,0.0,0.0,0.012027380212718455,1.0,1.0,0.0,,,
2022-07-01,2020-08-26,2.232769110349996e-06,2.232769110349996e-06,0.006509654768870685,2022-06-27,250,23675,1,,2.232769110349996e-06,2.232769110349996e-06,2.232769110349996e-06,2.232769110349996e-06,0.0014942453313796888,0.0014942453313796888,0.0,0.0,0.017053754565827518,1.0,1.0,0.0,,,
2022-07-29,2020-09-23,1.411624159378126e-06,1.411624159378126e-06,0.005656180489354941,2022-07-25,250,23709,1,,1.411624159378126e-06,1.411624159378126e-06,1.411624159378126e-06,1.411624159378126e-06,0.0011881179063452103,0.0011881179063452103,0.0,0.0,0.023911820046312877,0.0,0.0,0.0,,,
2022-08-08,2020-10-02,6.692451079990095e-08,6.692451079990095e-08,0.005442999697611128,2022-08-03,250,23534,1,,6.692451079990095e-08,6.692451079990095e-08,6.692451079990095e-08,6.692451079990095e-08,0.0002586977209020229,0.0002586977209020229,0.0,0.0,0.025472795973031023,1.0,1.0,0.0,,,
2022-08-15,2020-10-09,1.805762339915685e-08,1.805762339915685e-08,0.005229517722254503,2022-08-10,250,23494,1,,1.805762339915685e-08,1.805762339915685e-08,1.805762339915685e-08,1.805762339915685e-08,0.00013437865678431546,0.00013437865678431546,0.0,0.0,0.025960101669531634,0.0,0.0,0.0,,,
2022-08-31,2020-10-26,2.651249464014568e-07,2.651249464014568e-07,0.005663583160279403,2022-08-26,250,23480,1,,2.651249464014568e-07,2.651249464014568e-07,2.651249464014568e-07,2.651249464014568e-07,0.0005149028514209809,0.0005149028514209809,0.0,0.0,0.029267497680568088,0.0,0.0,0.0,,,
2022-09-07,2020-10-30,3.58576511972494e-10,3.58576511972494e-10,0.005824111822947,2022-08-31,250,23442,1,,3.58576511972494e-10,3.58576511972494e-10,3.58576511972494e-10,3.58576511972494e-10,1.893611660221002e-05,1.893611660221002e-05,0.0,0.0,0.029947076367952116,1.0,1.0,0.0,,,
2022-09-26,2020-11-16,8.00355953545997e-08,8.00355953545997e-08,0.005982849165724922,2022-09-21,250,23559,1,,8.00355953545997e-08,8.00355953545997e-08,8.00355953545997e-08,8.00355953545997e-08,0.00028290562976830225,0.00028290562976830225,0.0,0.0,0.03188618886232175,0.0,0.0,0.0,,,
2022-10-03,2020-11-23,1.520914223552087e-06,1.520914223552087e-06,0.006512301013024603,2022-09-28,250,23650,2,,1.520914223552087e-06,1.520914223552087e-06,1.520914223552087e-06,1.520914223552087e-06,0.001233253511469595,0.001233253511469595,0.0,0.0,0.03275756423817219,0.0,0.0,0.0,,,
2022-10-10,2020-11-30,6.245243844652372e-07,6.245243844652372e-07,0.006424441430508959,2022-10-05,250,23639,3,,6.245243844652372e-07,6.245243844652372e-07,6.245243844652372e-07,6.245243844652372e-07,0.0007902685521170871,0.0007902685521170871,0.0,0.0,0.03391821820346067,0.6666666666666666,0.6666666666666666,0.0,,,
2022-10-17,2020-12-04,4.433625170954594e-07,4.433625170954594e-07,0.006503830033241799,2022-10-10,250,23726,1,,4.433625170954594e-07,4.433625170954594e-07,4.433625170954594e-07,4.433625170954594e-07,0.0006658547267200702,0.0006658547267200702,0.0,0.0,0.03739211921706267,0.0,0.0,0.0,,,
2022-10-26,2020-12-11,9.984595018591841e-08,9.984595018591841e-08,0.005907837731390311,2022-10-19,250,23730,1,,9.984595018591841e-08,9.984595018591841e-08,9.984595018591841e-08,9.984595018591841e-08,0.0003159840979953238,0.0003159840979953238,0.0,0.0,0.04056596174666165,0.0,0.0,0.0,,,
2022-10-28,2020-12-18,2.440712199550982e-06,2.440712199550982e-06,0.006215469613259668,2022-10-24,250,23817,1,,2.440712199550982e-06,2.440712199550982e-06,2.440712199550982e-06,2.440712199550982e-06,0.0015622778880695271,0.0015622778880695271,0.0,0.0,0.040469932553713214,0.0,0.0,0.0,,,
2022-10-31,2020-12-21,5.96068310077201e-08,5.96068310077201e-08,0.005778862206241171,2022-10-26,250,23772,1,,5.96068310077201e-08,5.96068310077201e-08,5.96068310077201e-08,5.96068310077201e-08,0.00024414510236275497,0.00024414510236275497,0.0,0.0,0.04094998632895411,0.0,0.0,0.0,,,
2022-11-18,2021-01-11,1.3198479904032863e-07,1.3198479904032863e-07,0.006037685774946922,2022-11-11,250,23934,1,,1.3198479904032863e-07,1.3198479904032863e-07,1.3198479904032863e-07,1.3198479904032863e-07,0.0003632971222571528,0.0003632971222571528,0.0,0.0,0.042292912190251455,0.0,0.0,0.0,,,
2022-11-23,2021-01-20,,,,2022-11-18,250,23917,1,,8.868395634805095e-08,8.868395634805095e-08,8.868395634805095e-08,8.868395634805095e-08,0.00029779851636307887,0.00029779851636307887,0.0,0.0,0.04305948946044698,0.0,0.0,0.0,8.868395634805095e-08,8.868395634805095e-08,0.01544313328332083
2022-11-25,2021-01-22,,,,2022-11-21,250,24021,1,,2.5347736835513774e-08,2.5347736835513774e-08,2.5347736835513774e-08,2.5347736835513774e-08,0.00015920972594509977,0.00015920972594509977,0.0,0.0,0.04305948946044698,0.0,0.0,0.0,2.5347736835513774e-08,2.5347736835513774e-08,0.015346426618955319
2022-12-02,2021-01-29,3.528955354518663e-07,3.528955354518663e-07,0.006135796642168431,2022-11-28,250,24069,2,,3.528955354518663e-07,3.528955354518663e-07,3.528955354518663e-07,3.528955354518663e-07,0.0005940501119029154,0.0005940501119029154,0.0,0.0,0.04238876649178663,1.0,1.0,0.0,,,
2022-12-05,2021-02-01,1.7812102015137346e-08,1.7812102015137346e-08,0.006156552330694811,2022-11-30,250,24042,1,,1.7812102015137346e-08,1.7812102015137346e-08,1.7812102015137346e-08,1.7812102015137346e-08,0.00013346198715416066,0.00013346198715416066,0.0,0.0,0.0424846116061553,0.0,0.0,0.0,,,
2023-01-09,2021-03-03,,,,2023-01-04,250,24451,2,,2.0288167551900602e-08,2.0288167551900602e-08,2.0288167551900602e-08,2.0288167551900602e-08,0.000142436538682673,0.000142436538682673,0.0,0.0,0.04564235787870107,0.0,0.0,0.0,2.0288167551900602e-08,2.0288167551900602e-08,0.01628704906204906
2023-02-03,2021-03-24,,,,2023-01-30,250,24876,1,,2.2885702075322105e-08,2.2885702075322105e-08,2.2885702075322105e-08,2.2885702075322105e-08,0.00015128021045504302,0.00015128021045504302,0.0,0.0,0.04554681495597039,0.0,0.0,0.0,2.2885702075322105e-08,2.2885702075322105e-08,0.015165502183406114
2023-02-08,2021-03-29,8.082601414764228e-07,8.082601414764228e-07,0.0044616876818622695,2023-02-03,250,24954,3,,8.082601414764228e-07,8.082601414764228e-07,8.082601414764228e-07,8.082601414764228e-07,0.0008990328923217563,0.0008990328923217563,0.0,0.0,0.046024438311279336,0.6666666666666666,0.6666666666666666,0.0,,,
2023-02-24,2021-04-12,3.7356060650091786e-07,3.7356060650091786e-07,0.006157965194109772,2023-02-17,250,25445,1,,3.7356060650091786e-07,3.7356060650091786e-07,3.7356060650091786e-07,3.7356060650091786e-07,0.000611196045881285,0.000611196045881285,0.0,0.0,0.04726519246711422,0.0,0.0,0.0,,,
2023-02-27,2021-04-16,2.8035510991321073e-07,2.8035510991321073e-07,0.006270874514348034,2023-02-22,250,25398,1,,2.8035510991321073e-07,2.8035510991321073e-07,2.8035510991321073e-07,2.8035510991321073e-07,0.0005294857032188978,0.0005294857032188978,0.0,0.0,0.04745594115629536,0.0,0.0,0.0,,,
2023-03-13,2021-04-30,,,,2023-03-08,250,25563,1,,1.8438598959579646e-08,1.8438598959579646e-08,1.8438598959579646e-08,1.8438598959579646e-08,0.00013578880277688454,0.00013578880277688454,0.0,0.0,0.04888539772981063,0.0,0.0,0.0,1.8438598959579646e-08,1.8438598959579646e-08,0.016378632323598766
2023-03-27,2021-05-17,1.395344643763116e-07,1.395344643763116e-07,0.005741029641185648,2023-03-22,250,25820,1,,1.395344643763116e-07,1.395344643763116e-07,1.395344643763116e-07,1.395344643763116e-07,0.0003735431225123969,0.0003735431225123969,0.0,0.0,0.04631090286325026,0.0,0.0,0.0,,,
2023-04-03,2021-05-24,,,,2023-03-29,250,26095,1,,1.3570660927233868e-12,1.3570660927233868e-12,1.3570660927233868e-12,1.3570660927233868e-12,1.164931797455708e-06,1.164931797455708e-06,0.0,0.0,0.04736057135983758,1.0,1.0,0.0,1.3570660927233868e-12,1.3570660927233868e-12,0.01578170692982242
2023-04-17,2021-06-02,5.345840235251099e-07,5.345840235251099e-07,0.0055686701773500396,2023-04-10,250,26382,1,,5.345840235251099e-07,5.345840235251099e-07,5.345840235251099e-07,5.345840235251099e-07,0.0007311525309571936,0.0007311525309571936,0.0,0.0,0.050122609403210616,1.0,1.0,0.0,,,
2023-04-21,2021-06-07,,,,2023-04-17,250,26466,3,,1.4441184136080044e-09,1.4441184136080044e-09,1.4441184136080044e-09,1.4441184136080044e-09,3.800155804184882e-05,3.800155804184882e-05,0.0,0.0,0.04993236874820902,0.0,0.0,0.0,1.4441184136080044e-09,1.4441184136080044e-09,0.015686299407594445
2023-04-24,2021-06-09,2.777397810223704e-06,2.777397810223704e-06,0.005575081808265664,2023-04-19,250,26436,3,,2.777397810223704e-06,2.777397810223704e-06,2.777397810223704e-06,2.777397810223704e-06,0.0016665526725020436,0.0016665526725020436,0.0,0.0,0.050122609403210616,0.3333333333333333,0.3333333333333333,0.0,,,
2023-04-26,2021-06-11,8.814337230248827e-08,8.814337230248827e-08,0.005617634487390853,2023-04-21,250,26555,1,,8.814337230248827e-08,8.814337230248827e-08,8.814337230248827e-08,8.814337230248827e-08,0.00029688949510295624,0.00029688949510295624,0.0,0.0,0.04993236874820901,0.0,0.0,0.0,,,
2023-05-01,2021-06-16,1.190087020458802e-06,1.190087020458802e-06,0.005421970768505423,2023-04-26,250,26739,7,,1.190087020458802e-06,1.190087020458802e-06,1.190087020458802e-06,1.190087020458802e-06,0.0010909110964963194,0.0010909110964963194,0.0,0.0,0.04974209189481408,0.42857142857142855,0.42857142857142855,0.0,,,
2023-05-08,2021-06-23,2.9291122558691415e-07,2.9291122558691415e-07,0.0039753413608342465,2023-05-03,250,26891,2,,4.299791141386989e-07,4.299791141386989e-07,4.299791141386989e-07,4.299791141386989e-07,0.0006557279269168722,0.0006557279269168722,0.0,0.0,0.05126329393754153,0.5,0.5,0.0,5.670470026904836e-07,5.670470026904836e-07,0.015657787848677992
2023-05-12,2021-06-28,,,,2023-05-08,250,27049,4,,3.6617903722307264e-09,3.6617903722307264e-09,3.6617903722307264e-09,3.6617903722307264e-09,6.051272900994242e-05,6.051272900994242e-05,0.0,0.0,0.05069311431551812,0.0,0.0,0.0,3.6617903722307264e-09,3.6617903722307264e-09,0.015676784024458303
2023-06-07,2021-07-21,5.1787144508815436e-08,5.1787144508815436e-08,0.005189442553428938,2023-05-31,250,27414,1,,5.1787144508815436e-08,5.1787144508815436e-08,5.1787144508815436e-08,5.1787144508815436e-08,0.00022756788988962268,0.00022756788988962268,0.0,0.0,0.052971884766105724,0.0,0.0,0.0,,,
2023-06-16,2021-07-28,8.735732556555459e-08,8.735732556555459e-08,0.00499973119724746,2023-06-09,250,27374,1,,8.735732556555459e-08,8.735732556555459e-08,8.735732556555459e-08,8.735732556555459e-08,0.0002955627269558098,0.0002955627269558098,0.0,0.0,0.051928092860359196,0.0,0.0,0.0,,,
2023-06-23,2021-08-02,,,,2023-06-16,250,27489,1,,4.0877630850365923e-10,4.0877630850365923e-10,4.0877630850365923e-10,4.0877630850365923e-10,2.0218217243457922e-05,2.0218217243457922e-05,0.0,0.0,0.05259245011917059,0.0,0.0,0.0,4.0877630850365923e-10,4.0877630850365923e-10,0.014942083801058397
2023-06-26,2021-08-04,1.88070097943863e-09,1.88070097943863e-09,0.004981787015213199,2023-06-21,250,27485,7,,2.1875646123671427e-09,2.1875646123671427e-09,2.1875646123671427e-09,2.1875646123671427e-09,4.677140806483318e-05,4.677140806483318e-05,0.0,0.0,0.052687322279006465,0.42857142857142855,0.42857142857142855,0.0,2.9547236946884254e-09,2.9547236946884254e-09,0.015055905911682557
2023-07-05,2021-08-11,6.655226990460095e-09,6.655226990460095e-09,0.004832172919048114,2023-06-28,250,27685,1,,6.655226990460095e-09,6.655226990460095e-09,6.655226990460095e-09,6.655226990460095e-09,8.157957459107086e-05,8.157957459107086e-05,0.0,0.0,0.052971884766105724,0.0,0.0,0.0,,,
2023-07-10,2021-08-16,,,,2023-07-05,250,27858,1,,2.461020106943547e-10,2.461020106943547e-10,2.461020106943547e-10,2.461020106943547e-10,1.5687638786457148e-05,1.5687638786457148e-05,0.0,0.0,0.053161548114232356,0.0,0.0,0.0,2.461020106943547e-10,2.461020106943547e-10,0.014872577813248205
2023-07-14,2021-08-18,1.3873959950784947e-08,1.3873959950784947e-08,0.004880864910255065,2023-07-07,250,27921,3,,1.3873959950784947e-08,1.3873959950784947e-08,1.3873959950784947e-08,1.3873959950784947e-08,0.00011778777504811332,0.00011778777504811332,0.0,0.0,0.05325636630043149,0.6666666666666666,0.6666666666666666,0.0,,,
2023-07-21,2021-08-25,,,,2023-07-17,250,27989,2,,4.6753286067253264e-11,4.6753286067253264e-11,4.6753286067253264e-11,4.6753286067253264e-11,6.837637462402731e-06,6.837637462402731e-06,0.0,0.0,0.05344597570562603,1.0,1.0,0.0,4.6753286067253264e-11,4.6753286067253264e-11,0.014424275730903623
2023-07-28,2021-09-01,1.6429065525734573e-09,1.6429065525734573e-09,0.004813166338888314,2023-07-24,250,28194,1,,1.6429065525734573e-09,1.6429065525734573e-09,1.6429065525734573e-09,1.6429065525734573e-09,4.053278367659267e-05,4.053278367659267e-05,0.0,0.0,0.05363554916590941,0.0,0.0,0.0,,,
2023-07-31,2021-09-03,8.007792707574991e-06,8.007792707574991e-06,0.004749017004544758,2023-07-26,250,28213,1,,8.007792707574991e-06,8.007792707574991e-06,8.007792707574991e-06,8.007792707574991e-06,0.002829804358533464,0.002829804358533464,0.0,0.0,0.05373032242096779,0.0,0.0,0.0,,,
2023-08-02,2021-09-08,5.8679304559699397e-08,5.8679304559699397e-08,0.004754479691214438,2023-07-28,250,28349,1,,5.8679304559699397e-08,5.8679304559699397e-08,5.8679304559699397e-08,5.8679304559699397e-08,0.00024223811541476993,0.00024223811541476993,0.0,0.0,0.05391984198943043,0.0,0.0,0.0,,,
2023-08-07,2021-09-13,5.238821676394297e-08,5.238821676394297e-08,0.0038463651849002687,2023-08-02,250,28468,2,,5.238821676394297e-08,5.238821676394297e-08,5.238821676394297e-08,5.238821676394297e-08,0.00022888472374525776,0.00022888472374525776,0.0,0.0,0.05391984198943043,0.0,0.0,0.0,,,
2023-08-09,2021-09-17,7.11852799162809e-06,7.11852799162809e-06,0.0038932146829810895,2023-08-04,250,28492,2,,7.11852799162809e-06,7.11852799162809e-06,7.11852799162809e-06,7.11852799162809e-06,0.002668056969337066,0.002668056969337066,0.0,0.0,0.05420405401351211,1.0,1.0,0.0,,,
2023-08-11,2021-09-20,2.3268127301766717e-06,2.3268127301766717e-06,0.0039332471764904195,2023-08-07,250,28561,1,,2.3268127301766717e-06,2.3268127301766717e-06,2.3268127301766717e-06,2.3268127301766717e-06,0.0015253893700221829,0.0015253893700221829,0.0,0.0,0.05391984198943043,1.0,1.0,0.0,,,
2023-08-18,2021-09-24,,,,2023-08-11,250,28596,1,,9.142450810489272e-09,9.142450810489272e-09,9.142450810489272e-09,9.142450810489272e-09,9.561616396033294e-05,9.561616396033294e-05,0.0,0.0,0.05410932564703195,0.0,0.0,0.0,9.142450810489272e-09,9.142450810489272e-09,0.01494961837310046
2023-08-21,2021-09-27,2.1562303207166797e-07,2.1562303207166797e-07,0.005387128202189236,2023-08-14,250,28656,1,,2.1562303207166797e-07,2.1562303207166797e-07,2.1562303207166797e-07,2.1562303207166797e-07,0.0004643522715263359,0.0004643522715263359,0.0,0.0,0.05401458830623825,0.0,0.0,0.0,,,
2023-08-25,2021-10-01,3.778988622860596e-08,3.778988622860596e-08,0.0053294024265789774,2023-08-21,250,28905,3,,3.778988622860596e-08,3.778988622860596e-08,3.778988622860596e-08,3.778988622860596e-08,0.0001943962093987585,0.0001943962093987585,0.0,0.0,0.0542987734073788,0.0,0.0,0.0,,,
2023-08-28,2021-10-04,5.7061801188719674e-11,5.7061801188719674e-11,0.0052628632215441454,2023-08-23,250,28873,1,,5.7061801188719674e-11,5.7061801188719674e-11,5.7061801188719674e-11,5.7061801188719674e-11,7.553926210171746e-06,7.553926210171746e-06,0.0,0.0,0.054582877770291714,1.0,1.0,0.0,,,
2023-09-01,2021-10-08,1.9312933114073452e-07,1.9312933114073452e-07,0.005003459839250545,2023-08-28,250,29056,2,,1.9312933114073452e-07,1.9312933114073452e-07,1.9312933114073452e-07,1.9312933114073452e-07,0.0004394648235533016,0.0004394648235533016,0.0,0.0,0.05410932564703195,0.0,0.0,0.0,,,
2023-09-06,2021-10-11,,,,2023-08-30,250,29076,1,,2.5060773498771265e-09,2.5060773498771265e-09,2.5060773498771265e-09,2.5060773498771265e-09,5.0060736609414034e-05,5.0060736609414034e-05,0.0,0.0,0.05401458830623825,0.0,0.0,0.0,2.5060773498771265e-09,2.5060773498771265e-09,0.014518673760128217
2023-09-11,2021-10-18,6.43637814745111e-08,6.43637814745111e-08,0.005275564036367718,2023-09-06,250,29095,1,,6.43637814745111e-08,6.43637814745111e-08,6.43637814745111e-08,6.43637814745111e-08,0.00025370018028080134,0.00025370018028080134,0.0,0.0,0.05401458830623825,0.0,0.0,0.0,,,
2023-09-15,2021-10-20,5.4894394710633195e-09,5.4894394710633195e-09,0.005348810743143279,2023-09-08,250,29062,2,,3.063161153440695e-09,3.063161153440695e-09,3.063161153440695e-09,3.063161153440695e-09,5.5345832304164465e-05,5.5345832304164465e-05,0.0,0.0,0.05401458830623825,0.0,0.0,0.0,6.368828358180707e-10,6.368828358180707e-10,0.014482567279509726
2023-09-20,2021-10-25,9.774116924767345e-08,9.774116924767345e-08,0.005249343832020997,2023-09-15,250,29191,2,,9.774116924767345e-08,9.774116924767345e-08,9.774116924767345e-08,9.774116924767345e-08,0.0003126358412717158,0.0003126358412717158,0.0,0.0,0.05391984198943043,0.0,0.0,0.0,,,
2023-09-22,2021-10-27,4.344768123356988e-08,4.344768123356988e-08,0.005404473063876271,2023-09-18,250,29236,1,,4.344768123356988e-08,4.344768123356988e-08,4.344768123356988e-08,4.344768123356988e-08,0.00020844107376803133,0.00020844107376803133,0.0,0.0,0.05420405401351211,1.0,1.0,0.0,,,
2023-09-25,2021-10-29,1.5677473485392903e-07,1.5677473485392903e-07,0.005377882029864408,2023-09-20,250,29252,2,,1.5677473485392903e-07,1.5677473485392903e-07,1.5677473485392903e-07,1.5677473485392903e-07,0.00039594789411478,0.00039594789411478,0.0,0.0,0.05410932564703195,0.5,0.5,0.0,,,
2023-09-29,2021-11-03,1.3311857530851958e-06,1.3311857530851958e-06,0.005507059581697815,2023-09-25,250,29444,1,,1.3311857530851958e-06,1.3311857530851958e-06,1.3311857530851958e-06,1.3311857530851958e-06,0.001153770234095678,0.001153770234095678,0.0,0.0,0.05410932564703195,0.0,0.0,0.0,,,
2023-10-02,2021-11-05,3.420523688612065e-08,3.420523688612065e-08,0.005490333508556743,2023-09-27,250,29463,1,,3.420523688612065e-08,3.420523688612065e-08,3.420523688612065e-08,3.420523688612065e-08,0.0001849465784655684,0.0001849465784655684,0.0,0.0,0.05401458830623825,0.0,0.0,0.0,,,
2023-10-16,2021-11-19,4.2582299185693464e-07,4.2582299185693464e-07,0.005255800950517193,2023-10-09,250,29797,1,,4.2582299185693464e-07,4.2582299185693464e-07,4.2582299185693464e-07,4.2582299185693464e-07,0.000652551141181237,0.000652551141181237,0.0,0.0,0.05467756129069573,1.0,1.0,0.0,,,
2023-10-23,2021-11-26,1.686195018638899e-07,1.686195018638899e-07,0.0054372975474317456,2023-10-18,250,29780,6,,1.686195018638899e-07,1.686195018638899e-07,1.686195018638899e-07,1.686195018638899e-07,0.00041063305013587243,0.00041063305013587243,0.0,0.0,0.05429877340737881,1.0,1.0,0.0,,,
2023-10-30,2021-12-03,1.6026767399480777e-07,1.6026767399480777e-07,0.005587920580192605,2023-10-25,250,29990,1,,1.6026767399480777e-07,1.6026767399480777e-07,1.6026767399480777e-07,1.6026767399480777e-07,0.0004003344526702739,0.0004003344526702739,0.0,0.0,0.054393483830331636,0.0,0.0,0.0,,,
2023-11-09,2021-12-17,,,,2023-11-06,250,30156,1,,2.6726939025298908e-09,2.6726939025298908e-09,2.6726939025298908e-09,2.6726939025298908e-09,5.169810347130628e-05,5.169810347130628e-05,0.0,0.0,0.05391984198943043,0.0,0.0,0.0,2.6726939025298908e-09,2.6726939025298908e-09,0.014886540880503146
2023-11-13,2021-12-22,,,,2023-11-09,250,30046,1,,6.205202395653601e-08,6.205202395653601e-08,6.205202395653601e-08,6.205202395653601e-08,0.00024910243667322087,0.00024910243667322087,0.0,0.0,0.05382508669490746,0.0,0.0,0.0,6.205202395653601e-08,6.205202395653601e-08,0.014773019223349448
2023-11-17,2021-12-27,4.3325144336893084e-10,4.3325144336893084e-10,0.005007643244952822,2023-11-10,250,30132,5,,5.558172345138298e-09,5.558172345138298e-09,5.558172345138298e-09,5.558172345138298e-09,7.455315114157348e-05,7.455315114157348e-05,0.0,0.0,0.053635549165909416,0.8,0.8,0.0,2.605785595221576e-08,2.605785595221576e-08,0.014457366235035426
2023-11-21,2021-12-31,1.8195518059034327e-08,1.8195518059034327e-08,0.004962131104727083,2023-11-17,250,30287,4,,1.364795370507359e-08,1.364795370507359e-08,1.364795370507359e-08,1.364795370507359e-08,0.00011682445679340259,0.00011682445679340259,0.0,0.0,0.05391984198943043,0.5,0.5,0.0,5.2606431913750785e-12,5.2606431913750785e-12,0.014329106678994409
2023-11-24,2022-01-05,,,,2023-11-21,250,30355,1,,4.88432785848748e-07,4.88432785848748e-07,4.88432785848748e-07,4.88432785848748e-07,0.0006988796647841085,0.0006988796647841085,0.0,0.0,0.05391984198943043,1.0,1.0,0.0,4.88432785848748e-07,4.88432785848748e-07,0.014305173398971475
2023-11-27,2022-01-07,3.449510685531486e-08,3.449510685531486e-08,0.005000789598357635,2023-11-22,250,30482,6,,2.4873897379351503e-08,2.4873897379351503e-08,2.4873897379351503e-08,2.4873897379351503e-08,0.00015771460737468645,0.00015771460737468645,0.0,0.0,0.05391984198943043,0.0,0.0,0.0,5.6314784274247914e-09,5.6314784274247914e-09,0.01429637601581375
2023-12-04,2022-01-21,5.124092129242608e-11,5.124092129242608e-11,0.004967580004183225,2023-11-29,250,30681,1,,5.124092129242608e-11,5.124092129242608e-11,5.124092129242608e-11,5.124092129242608e-11,7.15827641911278e-06,7.15827641911278e-06,0.0,0.0,0.052877039600766916,1.0,1.0,0.0,,,
2023-12-15,2022-02-02,4.5687245795672713e-08,4.5687245795672713e-08,0.0047953157336833065,2023-12-11,250,30852,3,,1.6862513970426054e-08,1.6862513970426054e-08,1.6862513970426054e-08,1.6862513970426054e-08,0.00012985574292431604,0.00012985574292431604,0.0,0.0,0.052877039600766916,0.0,0.0,0.0,2.450148057802724e-09,2.450148057802724e-09,0.01379025868096015
2023-12-22,2022-02-09,3.560860583413382e-11,3.560860583413382e-11,0.004879802753236079,2023-12-18,250,30892,2,,3.560860583413382e-11,3.560860583413382e-11,3.560860583413382e-11,3.560860583413382e-11,5.967294683031316e-06,5.967294683031316e-06,0.0,0.0,0.05278218543896945,1.0,1.0,0.0,,,
2024-01-12,2022-03-02,8.617182186280679e-08,8.617182186280679e-08,0.005118810280726332,2024-01-08,250,31119,4,,2.569518113874165e-08,2.569518113874165e-08,2.569518113874165e-08,2.569518113874165e-08,0.00016029716509889265,0.00016029716509889265,0.0,0.0,0.053161548114232356,0.25,0.25,0.0,5.5363008973866005e-09,5.5363008973866005e-09,0.013926341975438227
2024-01-22,2022-03-09,,,,2024-01-17,250,31072,1,,3.541456481885906e-10,3.541456481885906e-10,3.541456481885906e-10,3.541456481885906e-10,1.881875788112995e-05,1.881875788112995e-05,0.0,0.0,0.053066720936692235,0.0,0.0,0.0,3.541456481885906e-10,3.541456481885906e-10,0.01375083017225297
2024-01-26,2022-03-14,2.5551392692834616e-09,2.5551392692834616e-09,0.004892619869186795,2024-01-22,250,31321,2,,2.5551392692834616e-09,2.5551392692834616e-09,2.5551392692834616e-09,2.5551392692834616e-09,5.0548385427068406e-05,5.0548385427068406e-05,0.0,0.0,0.052971884766105724,0.5,0.5,0.0,,,
2024-01-29,2022-03-18,6.569439578613167e-08,6.569439578613167e-08,0.004937116723833282,2024-01-24,250,31279,3,,6.569439578613167e-08,6.569439578613167e-08,6.569439578613167e-08,6.569439578613167e-08,0.0002563091800660516,0.0002563091800660516,0.0,0.0,0.052971884766105724,0.0,0.0,0.0,,,
2024-02-02,2022-03-23,1.6805248439424424e-05,1.6805248439424424e-05,0.005084020122016483,2024-01-29,250,31322,1,,1.6805248439424424e-05,1.6805248439424424e-05,1.6805248439424424e-05,1.6805248439424424e-05,0.0040994205004395955,0.0040994205004395955,0.0,0.0,0.05278218543896945,0.0,0.0,0.0,,,
2024-02-12,2022-04-01,,,,2024-02-07,250,31413,4,,1.0036367056449223e-08,1.0036367056449223e-08,1.0036367056449223e-08,1.0036367056449223e-08,0.00010018167026182595,0.00010018167026182595,0.0,0.0,0.052971884766105724,0.0,0.0,0.0,1.0036367056449223e-08,1.0036367056449223e-08,0.013235859936153232
2024-02-16,2022-04-06,5.045369125991999e-07,5.045369125991999e-07,0.005221364081366257,2024-02-12,250,31443,1,,5.045369125991999e-07,5.045369125991999e-07,5.045369125991999e-07,5.045369125991999e-07,0.000710307618288865,0.000710307618288865,0.0,0.0,0.052877039600766916,0.0,0.0,0.0,,,
2024-02-21,2022-04-08,9.652920731040726e-07,9.652920731040726e-07,0.005287508261731659,2024-02-14,250,31427,4,,2.516984154568995e-07,2.516984154568995e-07,2.516984154568995e-07,2.516984154568995e-07,0.0005016955405989767,0.0005016955405989767,0.0,0.0,0.052971884766105724,0.0,0.0,0.0,1.3833862907841792e-08,1.3833862907841792e-08,0.013354160963040504
2024-02-28,2022-04-20,6.875983124653509e-08,6.875983124653509e-08,0.005256529595356732,2024-02-23,250,31539,2,,6.875983124653509e-08,6.875983124653509e-08,6.875983124653509e-08,6.875983124653509e-08,0.00026222095882391834,0.00026222095882391834,0.0,0.0,0.053066720936692235,0.0,0.0,0.0,,,
2024-03-01,2022-04-22,2.926344407005711e-09,2.926344407005711e-09,0.0053112033195020746,2024-02-26,250,31595,4,,2.926344407005711e-09,2.926344407005711e-09,2.926344407005711e-09,2.926344407005711e-09,5.409569675127321e-05,5.409569675127321e-05,0.0,0.0,0.053066720936692235,0.5,0.5,0.0,,,
2024-03-04,2022-04-25,,,,2024-02-28,250,31550,2,,4.78076694430483e-08,4.78076694430483e-08,4.78076694430483e-08,4.78076694430483e-08,0.0002186496499952568,0.0002186496499952568,0.0,0.0,0.05278218543896945,0.0,0.0,0.0,4.78076694430483e-08,4.78076694430483e-08,0.012935191576484352
2024-03-08,2022-05-02,1.8712687321713277e-08,1.8712687321713277e-08,0.005680473372781065,2024-03-04,250,31600,2,,1.3114274214829615e-08,1.3114274214829615e-08,1.3114274214829615e-08,1.3114274214829615e-08,0.000114517571642214,0.000114517571642214,0.0,0.0,0.05325636630043149,0.0,0.0,0.0,7.515861107945953e-09,7.515861107945953e-09,0.01288594432897574
2024-03-18,2022-05-11,1.44582098864446e-05,1.44582098864446e-05,0.005561348627042057,2024-03-13,250,31655,1,,1.44582098864446e-05,1.44582098864446e-05,1.44582098864446e-05,1.44582098864446e-05,0.0038023952827717163,0.0038023952827717163,0.0,0.0,0.05335117549699457,0.0,0.0,0.0,,,
2024-03-27,2022-05-20,2.3967626100305162e-08,2.3967626100305162e-08,0.005656708502739968,2024-03-22,250,31969,1,,2.3967626100305162e-08,2.3967626100305162e-08,2.3967626100305162e-08,2.3967626100305162e-08,0.000154814812276814,0.000154814812276814,0.0,0.0,0.053161548114232356,0.0,0.0,0.0,,,
2024-04-01,2022-05-23,1.2484240838025787e-09,1.2484240838025787e-09,0.005598320503848846,2024-03-25,250,32017,1,,1.2484240838025787e-09,1.2484240838025787e-09,1.2484240838025787e-09,1.2484240838025787e-09,3.533304520986804e-05,3.533304520986804e-05,0.0,0.0,0.053161548114232356,1.0,1.0,0.0,,,
2024-04-03,2022-05-25,4.586646064266728e-09,4.586646064266728e-09,0.005685856432125089,2024-03-27,250,31950,2,,2.307297520866938e-09,2.307297520866938e-09,2.307297520866938e-09,2.307297520866938e-09,4.803433689421493e-05,4.803433689421493e-05,0.0,0.0,0.05278218543896945,0.5,0.5,0.0,2.7948977467148447e-11,2.7948977467148447e-11,0.012956876879192041
2024-04-05,2022-05-27,1.0254662374315442e-07,1.0254662374315442e-07,0.005686530031986731,2024-04-01,250,31976,3,,1.0254662374315442e-07,1.0254662374315442e-07,1.0254662374315442e-07,1.0254662374315442e-07,0.00032022901764698717,0.00032022901764698717,0.0,0.0,0.052687322279006465,0.3333333333333333,0.3333333333333333,0.0,,,
2024-04-10,2022-06-03,,,,2024-04-05,250,32001,1,,2.2310292655772723e-10,2.2310292655772723e-10,2.2310292655772723e-10,2.2310292655772723e-10,1.493663036155502e-05,1.493663036155502e-05,0.0,0.0,0.052877039600766916,0.0,0.0,0.0,2.2310292655772723e-10,2.2310292655772723e-10,0.012944901024416542
2024-04-24,2022-06-17,6.427890626812527e-08,6.427890626812527e-08,0.005751947273816656,2024-04-19,250,32294,1,,6.427890626812527e-08,6.427890626812527e-08,6.427890626812527e-08,6.427890626812527e-08,0.00025353285047134477,0.00025353285047134477,0.0,0.0,0.053066720936692235,0.0,0.0,0.0,,,
2024-04-29,2022-06-27,,,,2024-04-24,250,32375,1,,4.9290092005829116e-11,4.9290092005829116e-11,4.9290092005829116e-11,4.9290092005829116e-11,7.020690279867722e-06,7.020690279867722e-06,0.0,0.0,0.053161548114232356,1.0,1.0,0.0,4.9290092005829116e-11,4.9290092005829116e-11,0.013226588753787431
2024-05-10,2022-07-11,3.481409615374746e-08,3.481409615374746e-08,0.005201278647667552,2024-05-06,250,32625,2,,2.817490518265328e-08,2.817490518265328e-08,2.817490518265328e-08,2.817490518265328e-08,0.00016785382087594337,0.00016785382087594337,0.0,0.0,0.053161548114232356,0.5,0.5,0.0,2.15357142115591e-08,2.15357142115591e-08,0.012923748005459753
2024-05-13,2022-07-15,,,,2024-05-08,250,32577,8,,7.668125019878351e-08,7.668125019878351e-08,7.668125019878351e-08,7.668125019878351e-08,0.00027691379560936197,0.00027691379560936197,0.0,0.0,0.05325636630043149,0.0,0.0,0.0,7.668125019878351e-08,7.668125019878351e-08,0.012907123108824206
2024-05-17,2022-07-18,4.076205970555348e-08,4.076205970555348e-08,0.005109565950273915,2024-05-10,250,32568,2,,4.076205970555348e-08,4.076205970555348e-08,4.076205970555348e-08,4.076205970555348e-08,0.00020189616070037954,0.00020189616070037954,0.0,0.0,0.053066720936692235,0.5,0.5,0.0,,,
2024-05-20,2022-07-20,1.162593072662531e-09,1.162593072662531e-09,0.005108758624321904,2024-05-13,250,32617,2,,1.162593072662531e-09,1.162593072662531e-09,1.162593072662531e-09,1.162593072662531e-09,3.409681909889148e-05,3.409681909889148e-05,0.0,0.0,0.053161548114232356,1.0,1.0,0.0,,,
2024-05-22,2022-07-22,4.977608086194856e-09,4.977608086194856e-09,0.005042890564075904,2024-05-17,250,32709,1,,4.977608086194856e-09,4.977608086194856e-09,4.977608086194856e-09,4.977608086194856e-09,7.055216570874955e-05,7.055216570874955e-05,0.0,0.0,0.053066720936692235,1.0,1.0,0.0,,,
2024-05-31,2022-07-29,5.5450675292674535e-09,5.5450675292674535e-09,0.0050708348580689,2024-05-24,250,32738,1,,5.5450675292674535e-09,5.5450675292674535e-09,5.5450675292674535e-09,5.5450675292674535e-09,7.446521019420716e-05,7.446521019420716e-05,0.0,0.0,0.053161548114232356,0.0,0.0,0.0,,,
2024-06-03,2022-08-01,,,,2024-05-29,250,32685,1,,1.016016353200914e-09,1.016016353200914e-09,1.016016353200914e-09,1.016016353200914e-09,3.187501142275739e-05,3.187501142275739e-05,0.0,0.0,0.053161548114232356,0.0,0.0,0.0,1.016016353200914e-09,1.016016353200914e-09,0.012747304548988375
2024-06-21,2022-08-19,,,,2024-06-14,250,32759,1,,4.008965577327174e-09,4.008965577327174e-09,4.008965577327174e-09,4.008965577327174e-09,6.331639264303656e-05,6.331639264303656e-05,0.0,0.0,0.053540766928029816,0.0,0.0,0.0,4.008965577327174e-09,4.008965577327174e-09,0.009294659963436928
2024-06-24,2022-08-22,2.074027146932289e-06,2.074027146932289e-06,0.00467492409272736,2024-06-17,250,32702,2,,2.074027146932289e-06,2.074027146932289e-06,2.074027146932289e-06,2.074027146932289e-06,0.0014401483072698758,0.0014401483072698758,0.0,0.0,0.05344597570562603,0.5,0.5,0.0,,,
2024-06-28,2022-08-26,5.7979501793347506e-08,5.7979501793347506e-08,0.004530593180756656,2024-06-24,250,32729,2,,5.7979501793347506e-08,5.7979501793347506e-08,5.7979501793347506e-08,5.7979501793347506e-08,0.00024078933072988826,0.00024078933072988826,0.0,0.0,0.05344597570562603,0.0,0.0,0.0,,,
2024-07-05,2022-09-02,,,,2024-07-01,250,32701,1,,5.871449101686068e-09,5.871449101686068e-09,5.871449101686068e-09,5.871449101686068e-09,7.66253815761205e-05,7.66253815761205e-05,0.0,0.0,0.05325636630043149,0.0,0.0,0.0,5.871449101686068e-09,5.871449101686068e-09,0.012409246364196859
2024-07-08,2022-09-07,,,,2024-07-03,250,32615,2,,1.3903356924503197e-09,1.3903356924503197e-09,1.3903356924503197e-09,1.3903356924503197e-09,3.728720547923e-05,3.728720547923e-05,0.0,0.0,0.053161548114232356,0.0,0.0,0.0,1.3903356924503197e-09,1.3903356924503197e-09,0.012338098586470503
2024-07-22,2022-09-21,2.094601460225409e-08,2.094601460225409e-08,0.004324372520172975,2024-07-15,250,32749,2,,2.094601460225409e-08,2.094601460225409e-08,2.094601460225409e-08,2.094601460225409e-08,0.00014472738027841896,0.00014472738027841896,0.0,0.0,0.052877039600766916,0.0,0.0,0.0,,,
2024-07-26,2022-09-26,4.5038146676290854e-08,4.5038146676290854e-08,0.004459975171272242,2024-07-22,250,32902,2,,4.5038146676290854e-08,4.5038146676290854e-08,4.5038146676290854e-08,4.5038146676290854e-08,0.0002122219278875085,0.0002122219278875085,0.0,0.0,0.05249756895775399,1.0,1.0,0.0,,,
2024-07-29,2022-09-28,4.985738875073872e-08,4.985738875073872e-08,0.004450357863828225,2024-07-24,250,32824,5,,4.07467718084551e-08,4.07467718084551e-08,4.07467718084551e-08,4.07467718084551e-08,0.00020185829635775465,0.00020185829635775465,0.0,0.0,0.05240267879304835,0.6,0.6,0.0,4.304304039320612e-09,4.304304039320612e-09,0.012569250973477332
2024-08-19,2022-10-07,1.2522635704826937e-08,1.2522635704826937e-08,0.00433532404335324,2024-08-14,250,32876,1,,1.2522635704826937e-08,1.2522635704826937e-08,1.2522635704826937e-08,1.2522635704826937e-08,0.00011190458303763495,0.00011190458303763495,0.0,0.0,0.051928092860359196,1.0,1.0,0.0,,,
2024-08-21,2022-10-10,,,,2024-08-16,250,32958,1,,4.5560409959938576e-11,4.5560409959938576e-11,4.5560409959938576e-11,4.5560409959938576e-11,6.7498451804421835e-06,6.7498451804421835e-06,0.0,0.0,0.0515482618805766,1.0,1.0,0.0,4.5560409959938576e-11,4.5560409959938576e-11,0.01224843923393592
2024-08-23,2022-10-14,2.816021724659435e-07,2.816021724659435e-07,0.004364672872221974,2024-08-19,250,33008,4,,2.1120413714739057e-07,2.1120413714739057e-07,2.1120413714739057e-07,2.1120413714739057e-07,0.0004595695128567501,0.0004595695128567501,0.0,0.0,0.051453281588915704,0.5,0.5,0.0,1.0031191731824633e-11,1.0031191731824633e-11,0.012303050951062528
2024-08-26,2022-10-17,,,,2024-08-21,250,33010,3,,1.571023382393745e-08,1.571023382393745e-08,1.571023382393745e-08,1.571023382393745e-08,0.00012534047161207528,0.00012534047161207528,0.0,0.0,0.05116828657439943,0.0,0.0,0.0,1.571023382393745e-08,1.571023382393745e-08,0.01217370181274794
2024-08-28,2022-10-19,1.2921093753114657e-08,1.2921093753114657e-08,0.0042976801298074815,2024-08-23,250,33136,1,,1.2921093753114657e-08,1.2921093753114657e-08,1.2921093753114657e-08,1.2921093753114657e-08,0.0001136709890566395,0.0001136709890566395,0.0,0.0,0.05097824476462945,0.0,0.0,0.0,,,
2024-09-06,2022-10-28,4.428178144322724e-07,4.428178144322724e-07,0.004406871121503732,2024-08-30,250,33229,5,,4.428178144322724e-07,4.428178144322724e-07,4.428178144322724e-07,4.428178144322724e-07,0.00066544557586047,0.00066544557586047,0.0,0.0,0.05021771616061742,1.0,1.0,0.0,,,
2024-09-12,2022-11-04,2.9624580319324436e-07,2.9624580319324436e-07,0.004401329381119195,2024-09-09,250,33252,2,,2.9624580319324436e-07,2.9624580319324436e-07,2.9624580319324436e-07,2.9624580319324436e-07,0.0005442846710989061,0.0005442846710989061,0.0,0.0,0.04974209189481407,1.0,1.0,0.0,,,
2024-09-13,2022-11-07,8.672345334922039e-08,8.672345334922039e-08,0.004399156080262153,2024-09-11,250,33178,1,,8.672345334922039e-08,8.672345334922039e-08,8.672345334922039e-08,8.672345334922039e-08,0.000294488460468692,0.000294488460468692,0.0,0.0,0.049361429537724114,1.0,1.0,0.0,,,
2024-09-16,2022-11-09,,,,2024-09-12,250,33107,1,,2.8448881510134963e-08,2.8448881510134963e-08,2.8448881510134963e-08,2.8448881510134963e-08,0.0001686679623109705,0.0001686679623109705,0.0,0.0,0.04850440905961498,0.0,0.0,0.0,2.8448881510134963e-08,2.8448881510134963e-08,0.00935932456717852
2024-09-17,2022-11-11,9.152993041188296e-07,9.152993041188296e-07,0.004530325443786982,2024-09-13,250,33108,2,,4.5954582405315926e-07,4.5954582405315926e-07,4.5954582405315926e-07,4.5954582405315926e-07,0.0006778980926755579,0.0006778980926755579,0.0,0.0,0.048409139207687545,0.0,0.0,0.0,3.792343987488891e-09,3.792343987488891e-09,0.009345522706275318
2024-09-20,2022-11-21,2.608088487253737e-06,2.608088487253737e-06,0.00428190675929567,2024-09-18,250,33083,6,,1.7406032281937064e-06,1.7406032281937064e-06,1.7406032281937064e-06,1.7406032281937064e-06,0.001319319229069942,0.001319319229069942,0.0,0.0,0.04688358589885042,0.3333333333333333,0.3333333333333333,0.0,5.632710073645043e-09,5.632710073645043e-09,0.009212291148551613
2024-09-24,2022-11-25,7.312361897065632e-07,7.312361897065632e-07,0.004327283966971343,2024-09-20,250,33118,1,,7.312361897065632e-07,7.312361897065632e-07,7.312361897065632e-07,7.312361897065632e-07,0.0008551234938338223,0.0008551234938338223,0.0,0.0,0.04611993561355312,1.0,1.0,0.0,,,
2024-09-25,2022-11-28,7.108735259277151e-10,7.108735259277151e-10,0.00431015525355148,2024-09-23,250,33087,1,,7.108735259277151e-10,7.108735259277151e-10,7.108735259277151e-10,7.108735259277151e-10,2.6662211572330513e-05,2.6662211572330513e-05,0.0,0.0,0.045833416343172215,1.0,1.0,0.0,,,
2024-09-26,2022-11-30,7.456277047807624e-09,7.456277047807624e-09,0.004329195564783319,2024-09-24,250,32967,1,,7.456277047807624e-09,7.456277047807624e-09,7.456277047807624e-09,7.456277047807624e-09,8.634973681377161e-05,8.634973681377161e-05,0.0,0.0,0.045833416343172215,0.0,0.0,0.0,,,
2024-09-27,2022-12-02,1.4946027816189579e-09,1.4946027816189579e-09,0.0043073136427566805,2024-09-25,250,33061,3,,1.4946027816189579e-09,1.4946027816189579e-09,1.4946027816189579e-09,1.4946027816189579e-09,3.866009288166491e-05,3.866009288166491e-05,0.0,0.0,0.04573789167385373,0.3333333333333333,0.3333333333333333,0.0,,,
2024-10-02,2022-12-09,1.2608000636495648e-07,1.2608000636495648e-07,0.004332257636709252,2024-09-30,250,33043,2,,1.2608000636495648e-07,1.2608000636495648e-07,1.2608000636495648e-07,1.2608000636495648e-07,0.0003550774653015261,0.0003550774653015261,0.0,0.0,0.046024438311279336,0.0,0.0,0.0,,,
2024-10-03,2022-12-12,7.726411998009845e-10,7.726411998009845e-10,0.004321368727401006,2024-10-01,250,33021,2,,7.726411998009845e-10,7.726411998009845e-10,7.726411998009845e-10,7.726411998009845e-10,2.7796424226885452e-05,2.7796424226885452e-05,0.0,0.0,0.045833416343172215,0.5,0.5,0.0,,,
2024-10-10,2022-12-28,1.1152227704173087e-06,1.1152227704173087e-06,0.004269408381981354,2024-10-08,250,32868,2,,1.1152227704173087e-06,1.1152227704173087e-06,1.1152227704173087e-06,1.1152227704173087e-06,0.0010560410836787121,0.0010560410836787121,0.0,0.0,0.046406372814155744,0.0,0.0,0.0,,,
2024-10-11,2022-12-30,2.3020126015761206e-08,2.3020126015761206e-08,0.004278728606356968,2024-10-09,250,32941,1,,2.3020126015761206e-08,2.3020126015761206e-08,2.3020126015761206e-08,2.3020126015761206e-08,0.0001517238478808167,0.0001517238478808167,0.0,0.0,0.046406372814155744,0.0,0.0,0.0,,,
2024-10-16,2023-01-06,2.629302821553575e-09,2.629302821553575e-09,0.004190720547359418,2024-10-11,250,32945,1,,2.629302821553575e-09,2.629302821553575e-09,2.629302821553575e-09,2.629302821553575e-09,5.127672787487102e-05,5.127672787487102e-05,0.0,0.0,0.04621542379696299,0.0,0.0,0.0,,,
2024-10-17,2023-01-09,6.57026181829038e-08,6.57026181829038e-08,0.004228147381137286,2024-10-14,250,32971,3,,6.57026181829038e-08,6.57026181829038e-08,6.57026181829038e-08,6.57026181829038e-08,0.0002563252195608224,0.0002563252195608224,0.0,0.0,0.04611993561355312,1.0,1.0,0.0,,,
2024-10-18,2023-01-13,,,,2024-10-16,250,32907,1,,8.129022339777633e-10,8.129022339777633e-10,8.129022339777633e-10,8.129022339777633e-10,2.8511440405173557e-05,2.8511440405173557e-05,0.0,0.0,0.04631090286325026,0.0,0.0,0.0,8.129022339777633e-10,8.129022339777633e-10,0.012029818837468875
2024-10-21,2023-01-23,3.3640153584492524e-09,3.3640153584492524e-09,0.004170212765957446,2024-10-17,250,32960,1,,3.3640153584492524e-09,3.3640153584492524e-09,3.3640153584492524e-09,3.3640153584492524e-09,5.800013240027347e-05,5.800013240027347e-05,0.0,0.0,0.04621542379696299,0.0,0.0,0.0,,,
2024-10-24,2023-01-30,6.69844749690162e-08,6.69844749690162e-08,0.0042468365401282715,2024-10-22,250,32907,6,,6.69844749690162e-08,6.69844749690162e-08,6.69844749690162e-08,6.69844749690162e-08,0.0002588135911597693,0.0002588135911597693,0.0,0.0,0.04621542379696298,0.8333333333333334,0.8333333333333334,0.0,,,
2024-10-25,2023-02-01,5.087024645413197e-06,5.087024645413197e-06,0.004250336123519972,2024-10-23,250,32903,3,,3.392018761326887e-06,3.392018761326887e-06,3.392018761326887e-06,3.392018761326887e-06,0.0018417434026831445,0.0018417434026831445,0.0,0.0,0.045928931888399804,0.0,0.0,0.0,2.006993154266068e-09,2.006993154266068e-09,0.012094408190042124
2024-10-29,2023-02-06,7.796283267321208e-10,7.796283267321208e-10,0.004198800342759212,2024-10-25,250,33010,2,,7.796283267321208e-10,7.796283267321208e-10,7.796283267321208e-10,7.796283267321208e-10,2.7921825275796722e-05,2.7921825275796722e-05,0.0,0.0,0.045928931888399804,1.0,1.0,0.0,,,
2024-10-30,2023-02-08,,,,2024-10-28,250,32890,1,,3.1024449769702183e-09,3.1024449769702183e-09,3.1024449769702183e-09,3.1024449769702183e-09,5.569959584207248e-05,5.569959584207248e-05,0.0,0.0,0.045928931888399804,0.0,0.0,0.0,3.1024449769702183e-09,3.1024449769702183e-09,0.012041812056310913
2024-11-11,2023-03-03,,,,2024-11-07,250,32845,2,,2.319403853877814e-09,2.319403853877814e-09,2.319403853877814e-09,2.319403853877814e-09,4.8160189512478186e-05,4.8160189512478186e-05,0.0,0.0,0.04526013140486457,0.0,0.0,0.0,2.319403853877814e-09,2.319403853877814e-09,0.01171127066651064
2024-11-19,2023-03-17,5.415265988572149e-07,5.415265988572149e-07,0.004341724410139461,2024-11-15,250,32824,5,,5.415265988572149e-07,5.415265988572149e-07,5.415265988572149e-07,5.415265988572149e-07,0.0007358849087032665,0.0007358849087032665,0.0,0.0,0.04526013140486457,0.8,0.8,0.0,,,
2024-11-20,2023-03-20,4.759209463408523e-07,4.759209463408523e-07,0.004336779393727002,2024-11-18,250,32786,7,,2.7212709043492047e-07,2.7212709043492047e-07,2.7212709043492047e-07,2.7212709043492047e-07,0.0005216580205794985,0.0005216580205794985,0.0,0.0,0.04516455195437364,0.14285714285714285,0.14285714285714285,0.0,4.019492270113348e-10,4.019492270113348e-10,0.011867804506183298
2024-11-21,2023-03-22,2.5961781735924514e-06,2.5961781735924514e-06,0.004323144104803493,2024-11-19,250,32664,2,,2.5961781735924514e-06,2.5961781735924514e-06,2.5961781735924514e-06,2.5961781735924514e-06,0.001611266015775313,0.001611266015775313,0.0,0.0,0.04516455195437364,1.0,1.0,0.0,,,
2024-11-25,2023-03-27,,,,2024-11-21,250,32715,1,,2.6938023693660196e-11,2.6938023693660196e-11,2.6938023693660196e-11,2.6938023693660196e-11,5.190185323633463e-06,5.190185323633463e-06,0.0,0.0,0.04526013140486457,1.0,1.0,0.0,2.6938023693660196e-11,2.6938023693660196e-11,0.011763975416029958
2024-11-27,2023-03-31,2.0849953826706614e-07,2.0849953826706614e-07,0.004211690632179018,2024-11-25,250,32791,6,,2.0849953826706614e-07,2.0849953826706614e-07,2.0849953826706614e-07,2.0849953826706614e-07,0.0004566174966720681,0.0004566174966720681,0.0,0.0,0.04506896336757812,0.6666666666666666,0.6666666666666666,0.0,,,
2024-11-29,2023-04-03,2.365610663166138e-08,2.365610663166138e-08,0.004214021197803601,2024-11-26,250,32691,1,,2.365610663166138e-08,2.365610663166138e-08,2.365610663166138e-08,2.365610663166138e-08,0.0001538054180829186,0.0001538054180829186,0.0,0.0,0.044973365642731154,0.0,0.0,0.0,,,
2024-12-04,2023-04-14,3.619307144122694e-08,3.619307144122694e-08,0.004079950546053987,2024-12-02,250,32748,5,,3.619307144122694e-08,3.619307144122694e-08,3.619307144122694e-08,3.619307144122694e-08,0.00019024476718487406,0.00019024476718487406,0.0,0.0,0.04392118705792815,0.2,0.2,0.0,,,
2024-12-05,2023-04-17,2.6960532498155202e-08,2.6960532498155202e-08,0.004073906423603967,2024-12-03,250,32753,7,,2.6960532498155202e-08,2.6960532498155202e-08,2.6960532498155202e-08,2.6960532498155202e-08,0.00016419662754805654,0.00016419662754805654,0.0,0.0,0.04372976286132523,0.7142857142857143,0.7142857142857143,0.0,,,
2024-12-09,2023-04-21,,,,2024-12-05,250,32909,1,,1.0835167622740657e-08,1.0835167622740657e-08,1.0835167622740657e-08,1.0835167622740657e-08,0.00010409211124163376,0.00010409211124163376,0.0,0.0,0.04325104199431493,0.0,0.0,0.0,1.0835167622740657e-08,1.0835167622740657e-08,0.011525912702982841
2024-12-10,2023-04-24,9.500335384953888e-06,9.500335384953888e-06,0.004012158054711246,2024-12-06,250,32903,1,,9.500335384953888e-06,9.500335384953888e-06,9.500335384953888e-06,9.500335384953888e-06,0.0030822614076281537,0.0030822614076281537,0.0,0.0,0.04325104199431493,1.0,1.0,0.0,,,
2024-12-11,2023-04-26,4.8398754737561115e-08,4.8398754737561115e-08,0.003995641118779513,2024-12-09,250,32822,1,,4.8398754737561115e-08,4.8398754737561115e-08,4.8398754737561115e-08,4.8398754737561115e-08,0.00021999716983988935,0.00021999716983988935,0.0,0.0,0.0431552703139276,0.0,0.0,0.0,,,
2024-12-12,2023-04-28,,,,2024-12-10,250,32796,2,,1.0813167566961693e-09,1.0813167566961693e-09,1.0813167566961693e-09,1.0813167566961693e-09,3.2883381162772315e-05,3.2883381162772315e-05,0.0,0.0,0.042867900227175806,0.0,0.0,0.0,1.0813167566961693e-09,1.0813167566961693e-09,0.011532553583775062
2024-12-13,2023-05-01,1.9948384414582398e-07,1.9948384414582398e-07,0.003992579448298113,2024-12-11,250,32757,4,,1.9948384414582398e-07,1.9948384414582398e-07,1.9948384414582398e-07,1.9948384414582398e-07,0.0004466361429013823,0.0004466361429013823,0.0,0.0,0.04258044753511839,0.75,0.75,0.0,,,
2024-12-26,2023-05-22,,,,2024-12-23,250,32697,1,,1.2670825614162608e-08,1.2670825614162608e-08,1.2670825614162608e-08,1.2670825614162608e-08,0.00011256476186694754,0.00011256476186694754,0.0,0.0,0.04305948946044698,0.0,0.0,0.0,1.2670825614162608e-08,1.2670825614162608e-08,0.011749609180109763
2025-01-06,2023-06-09,9.561182217002767e-06,9.561182217002767e-06,0.0040680473372781065,2025-01-02,250,32633,1,,9.561182217002767e-06,9.561182217002767e-06,9.561182217002767e-06,9.561182217002767e-06,0.0030921161389900554,0.0030921161389900554,0.0,0.0,0.0424846116061553,0.0,0.0,0.0,,,
2025-01-08,2023-06-16,1.8595818090972376e-06,1.8595818090972376e-06,0.0040873622063498614,2025-01-06,250,32786,2,,1.8595818090972376e-06,1.8595818090972376e-06,1.8595818090972376e-06,1.8595818090972376e-06,0.001363664844856403,0.001363664844856403,0.0,0.0,0.04258044753511839,0.5,0.5,0.0,,,
2025-01-13,2023-06-23,2.819899212696017e-09,2.819899212696017e-09,0.004179860671310956,2025-01-08,250,32792,2,,1.084471848057791e-08,1.084471848057791e-08,1.084471848057791e-08,1.084471848057791e-08,0.0001041379780895419,0.0001041379780895419,0.0,0.0,0.04267627428043631,0.5,0.5,0.0,1.8869537748459803e-08,1.8869537748459803e-08,0.012170821202776964
2025-01-15,2023-06-26,1.514078962549323e-07,1.514078962549323e-07,0.004243827160493827,2025-01-10,250,32717,1,,1.514078962549323e-07,1.514078962549323e-07,1.514078962549323e-07,1.514078962549323e-07,0.0003891116758141964,0.0003891116758141964,0.0,0.0,0.04267627428043631,0.0,0.0,0.0,,,
2025-01-16,2023-06-28,,,,2025-01-13,250,32712,1,,2.973097628872816e-11,2.973097628872816e-11,2.973097628872816e-11,2.973097628872816e-11,5.452611877690192e-06,5.452611877690192e-06,0.0,0.0,0.04258044753511839,1.0,1.0,0.0,2.973097628872816e-11,2.973097628872816e-11,0.011918485778872431
2025-01-22,2023-07-07,9.379304533945374e-08,9.379304533945374e-08,0.004446640316205534,2025-01-17,250,32867,2,,6.1024186281637e-08,6.1024186281637e-08,6.1024186281637e-08,6.1024186281637e-08,0.00024703073954801053,0.00024703073954801053,0.0,0.0,0.04267627428043631,0.0,0.0,0.0,2.8255327223820266e-08,2.8255327223820266e-08,0.011715512809883095
2025-01-23,2023-07-10,2.701119700518019e-07,2.701119700518019e-07,0.004422999597909127,2025-01-21,250,32827,1,,2.701119700518019e-07,2.701119700518019e-07,2.701119700518019e-07,2.701119700518019e-07,0.0005197229743351759,0.0005197229743351759,0.0,0.0,0.04267627428043631,1.0,1.0,0.0,,,
2025-01-24,2023-07-14,7.301945756162672e-08,7.301945756162672e-08,0.004426361441473665,2025-01-22,250,32820,1,,7.301945756162672e-08,7.301945756162672e-08,7.301945756162672e-08,7.301945756162672e-08,0.0002702211271563101,0.0002702211271563101,0.0,0.0,0.04267627428043631,0.0,0.0,0.0,,,
2025-01-29,2023-07-21,4.81297857201672e-06,4.81297857201672e-06,0.004155124653739612,2025-01-27,250,33074,3,,4.81297857201672e-06,4.81297857201672e-06,4.81297857201672e-06,4.81297857201672e-06,0.002193850170822228,0.002193850170822228,0.0,0.0,0.04219704869978835,0.3333333333333333,0.3333333333333333,0.0,,,
2025-02-03,2023-07-28,,,,2025-01-30,250,32945,2,,1.2702016373481033e-08,1.2702016373481033e-08,1.2702016373481033e-08,1.2702016373481033e-08,0.00011270322255144718,0.00011270322255144718,0.0,0.0,0.04219704869978835,0.0,0.0,0.0,1.2702016373481033e-08,1.2702016373481033e-08,0.011739456980492505
2025-02-05,2023-08-02,2.0914301512258072e-08,2.0914301512258072e-08,0.0042525773195876285,2025-02-03,250,32974,2,,1.4959711072740457e-08,1.4959711072740457e-08,1.4959711072740457e-08,1.4959711072740457e-08,0.00012230989768919134,0.00012230989768919134,0.0,0.0,0.04238876649178663,0.5,0.5,0.0,9.005120633222838e-09,9.005120633222838e-09,0.011740237296021801
2025-02-06,2023-08-04,,,,2025-02-04,250,32960,1,,1.0917146690423332e-09,1.0917146690423332e-09,1.0917146690423332e-09,1.0917146690423332e-09,3.304110574787613e-05,3.304110574787613e-05,0.0,0.0,0.04238876649178663,0.0,0.0,0.0,1.0917146690423332e-09,1.0917146690423332e-09,0.011692827115951142
2025-02-10,2023-08-09,5.234415796096732e-07,5.234415796096732e-07,0.0032948205421078065,2025-02-06,250,32926,1,,5.234415796096732e-07,5.234415796096732e-07,5.234415796096732e-07,5.234415796096732e-07,0.000723492625815684,0.000723492625815684,0.0,0.0,0.04258044753511839,1.0,1.0,0.0,,,
2025-02-11,2023-08-11,,,,2025-02-07,250,33003,2,,6.200814413729328e-09,6.200814413729328e-09,6.200814413729328e-09,6.200814413729328e-09,7.874525010265272e-05,7.874525010265272e-05,0.0,0.0,0.04258044753511839,0.0,0.0,0.0,6.200814413729328e-09,6.200814413729328e-09,0.011680648094568901
2025-02-19,2023-08-25,,,,2025-02-14,250,32829,6,,1.1838186218899689e-08,1.1838186218899689e-08,1.1838186218899689e-08,1.1838186218899689e-08,0.00010880342926075304,0.00010880342926075304,0.0,0.0,0.0424846116061553,0.0,0.0,0.0,1.1838186218899689e-08,1.1838186218899689e-08,0.011553811182521382
2025-02-20,2023-08-28,4.6386645807366023e-08,4.6386645807366023e-08,0.0040837995671172455,2025-02-18,250,32724,6,,3.903290699646834e-08,3.903290699646834e-08,3.903290699646834e-08,3.903290699646834e-08,0.0001975674745408979,0.0001975674745408979,0.0,0.0,0.0424846116061553,0.0,0.0,0.0,2.2642129419799352e-09,2.2642129419799352e-09,0.011526666992968202
2025-02-21,2023-08-30,8.249702347990634e-07,8.249702347990634e-07,0.004067851767481593,2025-02-19,250,32723,2,,8.249702347990634e-07,8.249702347990634e-07,8.249702347990634e-07,8.249702347990634e-07,0.0009082787208776078,0.0009082787208776078,0.0,0.0,0.04238876649178663,0.0,0.0,0.0,,,
2025-02-25,2023-09-06,1.614255099553432e-07,1.614255099553432e-07,0.004046944556859571,2025-02-21,250,32838,2,,1.614255099553432e-07,1.614255099553432e-07,1.614255099553432e-07,1.614255099553432e-07,0.0004017779361231067,0.0004017779361231067,0.0,0.0,0.04219704869978835,0.0,0.0,0.0,,,
2025-03-05,2023-09-22,1.206392234647011e-07,1.206392234647011e-07,0.004238545331242317,2025-03-03,250,32960,1,,1.206392234647011e-07,1.206392234647011e-07,1.206392234647011e-07,1.206392234647011e-07,0.0003473315756805032,0.0003473315756805032,0.0,0.0,0.0424846116061553,1.0,1.0,0.0,,,
2025-03-06,2023-09-25,3.0032887729577105e-06,3.0032887729577105e-06,0.004241961482989734,2025-03-04,250,32864,2,,3.0032887729577105e-06,3.0032887729577105e-06,3.0032887729577105e-06,3.0032887729577105e-06,0.0017329999344944335,0.0017329999344944335,0.0,0.0,0.04258044753511839,1.0,1.0,0.0,,,
2025-03-17,2023-10-13,5.721636961405917e-07,5.721636961405917e-07,0.0046840601433322405,2025-03-13,250,32751,1,,5.721636961405917e-07,5.721636961405917e-07,5.721636961405917e-07,5.721636961405917e-07,0.0007564150290287679,0.0007564150290287679,0.0,0.0,0.04238876649178663,0.0,0.0,0.0,,,
2025-03-24,2023-10-25,4.4412323281076247e-05,4.4412323281076247e-05,0.004581481651165987,2025-03-20,250,32740,53,,4.818677431581068e-05,4.818677431581068e-05,4.818677431581068e-05,4.818677431581068e-05,0.006941669418505225,0.006941669418505225,0.0,0.0,0.04238876649178664,0.0,0.0,0.0,0.0002444582281220012,0.0002444582281220012,0.012705470052129507
2025-03-28,2023-11-06,,,,2025-03-26,250,32747,1,,1.512151406417722e-06,1.512151406417722e-06,1.512151406417722e-06,1.512151406417722e-06,0.001229695656013195,0.001229695656013195,0.0,0.0,0.04238876649178663,0.0,0.0,0.0,1.512151406417722e-06,1.512151406417722e-06,0.01263601431896734
2025-04-25,2023-12-18,4.3350262883753725e-06,4.3350262883753725e-06,0.004799155348658636,2025-04-23,250,32799,1,,4.3350262883753725e-06,4.3350262883753725e-06,4.3350262883753725e-06,4.3350262883753725e-06,0.0020820725944057216,0.0020820725944057216,0.0,0.0,0.042292912190251455,0.0,0.0,0.0,,,
2025-04-28,2023-12-20,7.21132235430841e-08,7.21132235430841e-08,0.0047782874617737,2025-04-24,250,32790,2,,4.356413799516965e-08,4.356413799516965e-08,4.356413799516965e-08,4.356413799516965e-08,0.00020872023858545594,0.00020872023858545594,0.0,0.0,0.042292912190251455,0.0,0.0,0.0,1.5015052447255206e-08,1.5015052447255206e-08,0.013013277277349992
2025-04-30,2023-12-27,9.54892502120496e-08,9.54892502120496e-08,0.004734624307561195,2025-04-28,250,32950,1,,9.54892502120496e-08,9.54892502120496e-08,9.54892502120496e-08,9.54892502120496e-08,0.0003090133495693181,0.0003090133495693181,0.0,0.0,0.04219704869978835,0.0,0.0,0.0,,,
2025-05-05,2024-01-05,4.828394920747651e-08,4.828394920747651e-08,0.004869734599464329,2025-05-01,250,33055,2,,3.4073940496986006e-08,3.4073940496986006e-08,3.4073940496986006e-08,3.4073940496986006e-08,0.0001845912795800116,0.0001845912795800116,0.0,0.0,0.04238876649178663,0.0,0.0,0.0,1.98639317864955e-08,1.98639317864955e-08,0.0126431487754958
2025-05-07,2024-01-10,,,,2025-05-05,250,33261,2,,9.438788467558106e-10,9.438788467558106e-10,9.438788467558106e-10,9.438788467558106e-10,3.072261132709605e-05,3.072261132709605e-05,0.0,0.0,0.04238876649178663,0.0,0.0,0.0,9.438788467558106e-10,9.438788467558106e-10,0.012823248031496063
2025-05-14,2024-01-24,8.467776639908975e-07,8.467776639908975e-07,0.004743342882637487,2025-05-12,250,33512,2,,8.467776639908975e-07,8.467776639908975e-07,8.467776639908975e-07,8.467776639908975e-07,0.0009202052292781744,0.0009202052292781744,0.0,0.0,0.0431552703139276,0.0,0.0,0.0,,,
2025-05-15,2024-01-26,7.570840385349434e-07,7.570840385349434e-07,0.004756746573729572,2025-05-13,250,33464,1,,7.570840385349434e-07,7.570840385349434e-07,7.570840385349434e-07,7.570840385349434e-07,0.0008701057628443472,0.0008701057628443472,0.0,0.0,0.0431552703139276,0.0,0.0,0.0,,,
2025-05-16,2024-01-29,6.089380099172287e-07,6.089380099172287e-07,0.004776542917947505,2025-05-14,250,33516,2,,6.089380099172287e-07,6.089380099172287e-07,6.089380099172287e-07,6.089380099172287e-07,0.0007803448019415704,0.0007803448019415704,0.0,0.0,0.042867900227175806,1.0,1.0,0.0,,,
2025-05-19,2024-01-31,4.8202610860901995e-09,4.8202610860901995e-09,0.004780838776862634,2025-05-15,250,33501,2,,1.2417090077670337e-08,1.2417090077670337e-08,1.2417090077670337e-08,1.2417090077670337e-08,0.00011143199754859615,0.00011143199754859615,0.0,0.0,0.04277209184386899,0.0,0.0,0.0,2.0013919069250476e-08,2.0013919069250476e-08,0.012059291484348702
2025-05-22,2024-02-07,2.121326470893185e-08,2.121326470893185e-08,0.004997773269335444,2025-05-20,250,33607,3,,2.121326470893185e-08,2.121326470893185e-08,2.121326470893185e-08,2.121326470893185e-08,0.0001456477418600503,0.0001456477418600503,0.0,0.0,0.04267627428043632,0.3333333333333333,0.3333333333333333,0.0,,,
2025-05-28,2024-02-14,1.2162017551107313e-07,1.2162017551107313e-07,0.005044703061785126,2025-05-23,250,33887,1,,1.2162017551107313e-07,1.2162017551107313e-07,1.2162017551107313e-07,1.2162017551107313e-07,0.0003487408429064097,0.0003487408429064097,0.0,0.0,0.04258044753511839,1.0,1.0,0.0,,,
2025-05-29,2024-02-16,2.651728785505432e-07,2.651728785505432e-07,0.005039417223829957,2025-05-27,250,33924,5,,2.651728785505432e-07,2.651728785505432e-07,2.651728785505432e-07,2.651728785505432e-07,0.0005149493941646531,0.0005149493941646531,0.0,0.0,0.04258044753511839,0.2,0.2,0.0,,,
2025-05-30,2024-02-21,1.9636252339576986e-07,1.9636252339576986e-07,0.005051262815703926,2025-05-28,250,33930,4,,1.9636252339576986e-07,1.9636252339576986e-07,1.9636252339576986e-07,1.9636252339576986e-07,0.00044312811171913914,0.00044312811171913914,0.0,0.0,0.04267627428043631,0.75,0.75,0.0,,,
2025-06-02,2024-02-23,7.217031251946822e-08,7.217031251946822e-08,0.005028628329599203,2025-05-29,250,34035,1,,7.217031251946822e-08,7.217031251946822e-08,7.217031251946822e-08,7.217031251946822e-08,0.00026864532848994084,0.00026864532848994084,0.0,0.0,0.04267627428043631,0.0,0.0,0.0,,,
2025-06-04,2024-02-28,1.0360180936700924e-07,1.0360180936700924e-07,0.004968760761548679,2025-06-02,250,34097,3,,1.1756363561394416e-07,1.1756363561394416e-07,1.1756363561394416e-07,1.1756363561394416e-07,0.00034287553953868475,0.00034287553953868475,0.0,0.0,0.04334680450336586,0.0,0.0,0.0,1.2454454873741165e-07,1.2454454873741165e-07,0.01202105554530356
2025-06-09,2024-03-06,3.3369769462210428e-09,3.3369769462210428e-09,0.0049529227147901145,2025-06-05,250,34116,1,,3.3369769462210428e-09,3.3369769462210428e-09,3.3369769462210428e-09,3.3369769462210428e-09,5.776657291393564e-05,5.776657291393564e-05,0.0,0.0,0.04334680450336586,1.0,1.0,0.0,,,
2025-06-12,2024-03-13,1.92598152162061e-06,1.92598152162061e-06,0.005080994063789114,2025-06-10,250,34142,4,,1.92598152162061e-06,1.92598152162061e-06,1.92598152162061e-06,1.92598152162061e-06,0.0013877973633137548,0.0013877973633137548,0.0,0.0,0.04353830201448343,0.25,0.25,0.0,,,
2025-06-16,2024-03-18,1.5091502767046267e-07,1.5091502767046267e-07,0.0051412573173835584,2025-06-12,250,34298,2,,1.5091502767046267e-07,1.5091502767046267e-07,1.5091502767046267e-07,1.5091502767046267e-07,0.00038847783420738777,0.00038847783420738777,0.0,0.0,0.04353830201448343,0.0,0.0,0.0,,,
2025-06-18,2024-03-22,,,,2025-06-16,250,34271,2,,1.0227681834569023e-08,1.0227681834569023e-08,1.0227681834569023e-08,1.0227681834569023e-08,0.000101132002029867,0.000101132002029867,0.0,0.0,0.04325104199431493,1.0,1.0,0.0,1.0227681834569023e-08,1.0227681834569023e-08,0.011992085753016584
2025-06-20,2024-03-25,,,,2025-06-17,250,34187,1,,4.784500550681712e-09,4.784500550681712e-09,4.784500550681712e-09,4.784500550681712e-09,6.917008421768555e-05,6.917008421768555e-05,0.0,0.0,0.04325104199431493,0.0,0.0,0.0,4.784500550681712e-09,4.784500550681712e-09,0.011993892273701123
2025-06-23,2024-03-27,1.9157859040654238e-07,1.9157859040654238e-07,0.005024875621890548,2025-06-18,250,34185,1,,1.9157859040654238e-07,1.9157859040654238e-07,1.9157859040654238e-07,1.9157859040654238e-07,0.00043769691614922577,0.00043769691614922577,0.0,0.0,0.04296369943211567,1.0,1.0,0.0,,,
2025-06-25,2024-04-03,1.2025946669431898e-07,1.2025946669431898e-07,0.005042436345481777,2025-06-23,250,34360,2,,1.2025946669431898e-07,1.2025946669431898e-07,1.2025946669431898e-07,1.2025946669431898e-07,0.0003467844672045145,0.0003467844672045145,0.0,0.0,0.042867900227175806,0.0,0.0,0.0,,,
2025-06-26,2024-04-05,3.2355503780077443e-07,3.2355503780077443e-07,0.005010914864060329,2025-06-24,250,34330,6,,3.2355503780077443e-07,3.2355503780077443e-07,3.2355503780077443e-07,3.2355503780077443e-07,0.00056881898509172,0.00056881898509172,0.0,0.0,0.0428679002271758,0.16666666666666666,0.16666666666666666,0.0,,,
2025-06-27,2024-04-08,5.680941126791892e-08,5.680941126791892e-08,0.005024875621890548,2025-06-25,250,34394,17,,5.680941126791892e-08,5.680941126791892e-08,5.680941126791892e-08,5.680941126791892e-08,0.00023834724933994713,0.00023834724933994713,0.0,0.0,0.04296369943211567,0.5294117647058824,0.5294117647058824,0.0,,,
2025-07-01,2024-04-12,4.495392909397209e-07,4.495392909397209e-07,0.004922746990300726,2025-06-27,250,34537,3,,1.5375650647361945e-07,1.5375650647361945e-07,1.5375650647361945e-07,1.5375650647361945e-07,0.00039211797519830615,0.00039211797519830615,0.0,0.0,0.0431552703139276,0.0,0.0,0.0,5.8651142405687405e-09,5.8651142405687405e-09,0.011601074694505139
2025-07-08,2024-04-24,1.3095776057376233e-07,1.3095776057376233e-07,0.004810669206954037,2025-07-03,250,34392,1,,1.3095776057376233e-07,1.3095776057376233e-07,1.3095776057376233e-07,1.3095776057376233e-07,0.0003618808651666489,0.0003618808651666489,0.0,0.0,0.04325104199431493,1.0,1.0,0.0,,,
2025-07-10,2024-04-29,,,,2025-07-08,250,34355,1,,4.124338175506856e-10,4.124338175506856e-10,4.124338175506856e-10,4.124338175506856e-10,2.030846664695997e-05,2.030846664695997e-05,0.0,0.0,0.04325104199431493,0.0,0.0,0.0,4.124338175506856e-10,4.124338175506856e-10,0.011485632791718745
2025-07-11,2024-05-01,4.052533667037392e-10,4.052533667037392e-10,0.004754955039781555,2025-07-09,250,34338,3,,4.1037858794676686e-10,4.1037858794676686e-10,4.1037858794676686e-10,4.1037858794676686e-10,2.025780313723003e-05,2.025780313723003e-05,0.0,0.0,0.04325104199431493,0.6666666666666666,0.6666666666666666,0.0,4.206290304328223e-10,4.206290304328223e-10,0.011453331628902878
2025-07-14,2024-05-03,1.6219029914857007e-08,1.6219029914857007e-08,0.004783102860390225,2025-07-10,250,34437,2,,2.2071476203545765e-08,2.2071476203545765e-08,2.2071476203545765e-08,2.2071476203545765e-08,0.0001485647205885225,0.0001485647205885225,0.0,0.0,0.0431552703139276,0.0,0.0,0.0,2.7923922492234524e-08,2.7923922492234524e-08,0.011493736570347326
2025-07-17,2024-05-08,4.820729333260276e-07,4.820729333260276e-07,0.004805862200228397,2025-07-14,250,34486,8,,4.820729333260276e-07,4.820729333260276e-07,4.820729333260276e-07,4.820729333260276e-07,0.0006943147221008839,0.0006943147221008839,0.0,0.0,0.0431552703139276,0.5,0.5,0.0,,,
2025-07-18,2024-05-10,3.1605981016785333e-09,3.1605981016785333e-09,0.004809065803256832,2025-07-16,250,34595,1,,3.1605981016785333e-09,3.1605981016785333e-09,3.1605981016785333e-09,3.1605981016785333e-09,5.6219196914208346e-05,5.6219196914208346e-05,0.0,0.0,0.0431552703139276,0.0,0.0,0.0,,,
2025-07-21,2024-05-13,8.777907048757409e-08,8.777907048757409e-08,0.004782649872146984,2025-07-17,250,34681,5,,7.028737041753981e-08,7.028737041753981e-08,7.028737041753981e-08,7.028737041753981e-08,0.00026511765391527554,0.00026511765391527554,0.0,0.0,0.04305948946044698,0.2,0.2,0.0,3.2057013740273096e-10,3.2057013740273096e-10,0.011421211638356861
2025-07-23,2024-05-20,5.289108931278155e-07,5.289108931278155e-07,0.004710820895522388,2025-07-21,250,34743,4,,5.289108931278155e-07,5.289108931278155e-07,5.289108931278155e-07,5.289108931278155e-07,0.0007272626025912617,0.0007272626025912617,0.0,0.0,0.0431552703139276,0.5,0.5,0.0,,,
2025-07-24,2024-05-22,3.011151034829946e-07,3.011151034829946e-07,0.004716320336212935,2025-07-22,250,34649,2,,1.518569716996671e-07,1.518569716996671e-07,1.518569716996671e-07,1.518569716996671e-07,0.00038968830069642464,0.00038968830069642464,0.0,0.0,0.0431552703139276,0.0,0.0,0.0,2.59883991633958e-09,2.59883991633958e-09,0.011301814856277887
2025-07-25,2024-05-24,2.5691458870941985e-07,2.5691458870941985e-07,0.004724925149700599,2025-07-23,250,34754,5,,2.0642970855596077e-07,2.0642970855596077e-07,2.0642970855596077e-07,2.0642970855596077e-07,0.0004543453626438381,0.0004543453626438381,0.0,0.0,0.04325104199431493,0.8,0.8,0.0,4.490187942124396e-09,4.490187942124396e-09,0.011298073831215914
2025-07-28,2024-05-29,1.6394861851185677e-07,1.6394861851185677e-07,0.00472227417243314,2025-07-24,250,34765,4,,1.6394861851185677e-07,1.6394861851185677e-07,1.6394861851185677e-07,1.6394861851185677e-07,0.0004049056908859849,0.0004049056908859849,0.0,0.0,0.04325104199431493,1.0,1.0,0.0,,,
2025-07-30,2024-06-03,,,,2025-07-28,250,34949,1,,8.8444043367112e-10,8.8444043367112e-10,8.8444043367112e-10,8.8444043367112e-10,2.9739543266014024e-05,2.9739543266014024e-05,0.0,0.0,0.04305948946044698,0.0,0.0,0.0,8.8444043367112e-10,8.8444043367112e-10,0.011283134464628655
2025-07-31,2024-06-05,1.455373920294277e-05,1.455373920294277e-05,0.0048313800526189905,2025-07-29,250,34851,1,,1.455373920294277e-05,1.455373920294277e-05,1.455373920294277e-05,1.455373920294277e-05,0.003814936330129609,0.003814936330129609,0.0,0.0,0.0431552703139276,0.0,0.0,0.0,,,
2025-08-01,2024-06-07,1.2389341500668575e-05,1.2389341500668575e-05,0.00486582839524016,2025-07-30,250,34950,1,,1.2389341500668575e-05,1.2389341500668575e-05,1.2389341500668575e-05,1.2389341500668575e-05,0.0035198496417700254,0.0035198496417700254,0.0,0.0,0.0431552703139276,0.0,0.0,0.0,,,
2025-08-05,2024-06-12,1.6246176622461922e-06,1.6246176622461922e-06,0.004966805999508237,2025-08-01,250,34970,4,,1.6246176622461922e-06,1.6246176622461922e-06,1.6246176622461922e-06,1.6246176622461922e-06,0.0012746049043708377,0.0012746049043708377,0.0,0.0,0.04258044753511839,0.5,0.5,0.0,,,
2025-08-07,2024-06-17,,,,2025-08-05,250,35106,2,,4.6950072249212555e-07,4.6950072249212555e-07,4.6950072249212555e-07,4.6950072249212555e-07,0.0006852012277368785,0.0006852012277368785,0.0,0.0,0.042292912190251455,0.5,0.5,0.0,4.6950072249212555e-07,4.6950072249212555e-07,0.01132735547899744
2025-08-11,2024-06-24,5.7667342566410825e-09,5.7667342566410825e-09,0.0044037497274907345,2025-08-07,250,35284,3,,1.9534529521195084e-08,1.9534529521195084e-08,1.9534529521195084e-08,1.9534529521195084e-08,0.00013976598127296601,0.00013976598127296601,0.0,0.0,0.04229291219025146,0.3333333333333333,0.3333333333333333,0.0,4.7070120050303086e-08,4.7070120050303086e-08,0.011249135252205028
2025-08-14,2024-07-01,1.37748408102526e-07,1.37748408102526e-07,0.004371491021300304,2025-08-12,250,35250,4,,1.37748408102526e-07,1.37748408102526e-07,1.37748408102526e-07,1.37748408102526e-07,0.00037114472662632027,0.00037114472662632027,0.0,0.0,0.04200529414503013,0.5,0.5,0.0,,,
2025-08-15,2024-07-03,3.3019923423917557e-10,3.3019923423917557e-10,0.004381819743964258,2025-08-13,250,35320,5,,5.603864913255316e-10,5.603864913255316e-10,5.603864913255316e-10,5.603864913255316e-10,2.3672483843600605e-05,2.3672483843600605e-05,0.0,0.0,0.04210117601863539,0.2,0.2,0.0,6.179333055971207e-10,6.179333055971207e-10,0.011113611907899836
2025-08-18,2024-07-05,1.0767170086235831e-09,1.0767170086235831e-09,0.004404335247635908,2025-08-14,250,35399,1,,1.0767170086235831e-09,1.0767170086235831e-09,1.0767170086235831e-09,1.0767170086235831e-09,3.2813366310447076e-05,3.2813366310447076e-05,0.0,0.0,0.04210117601863539,1.0,1.0,0.0,,,
2025-08-20,2024-07-10,3.291666508484799e-08,3.291666508484799e-08,0.004424011103400416,2025-08-18,250,35453,2,,1.6459285047736574e-08,1.6459285047736574e-08,1.6459285047736574e-08,1.6459285047736574e-08,0.00012829374516217293,0.00012829374516217293,0.0,0.0,0.04210117601863539,0.5,0.5,0.0,1.9050106251574314e-12,1.9050106251574314e-12,0.011202894609337148
2025-08-21,2024-07-12,1.1137452888361688e-09,1.1137452888361688e-09,0.004513074642714924,2025-08-19,250,35468,1,,1.1137452888361688e-09,1.1137452888361688e-09,1.1137452888361688e-09,1.1137452888361688e-09,3.33728226081668e-05,3.33728226081668e-05,0.0,0.0,0.04210117601863539,1.0,1.0,0.0,,,
2025-08-25,2024-07-19,4.638015046984229e-07,4.638015046984229e-07,0.004478398314014752,2025-08-21,250,35585,4,,2.362066688978225e-07,2.362066688978225e-07,2.362066688978225e-07,2.362066688978225e-07,0.00048601097610838226,0.00048601097610838226,0.0,0.0,0.04181350281341038,0.0,0.0,0.0,8.61183309722214e-09,8.61183309722214e-09,0.011107411941547475
2025-08-28,2024-07-24,1.2402395772786303e-08,1.2402395772786303e-08,0.004425354679161785,2025-08-25,250,35659,1,,1.2402395772786303e-08,1.2402395772786303e-08,1.2402395772786303e-08,1.2402395772786303e-08,0.0001113660440744229,0.0001113660440744229,0.0,0.0,0.0417175933518685,0.0,0.0,0.0,,,
2025-08-29,2024-07-26,1.0621365059171371e-07,1.0621365059171371e-07,0.0043859649122807015,2025-08-27,250,35654,1,,1.0621365059171371e-07,1.0621365059171371e-07,1.0621365059171371e-07,1.0621365059171371e-07,0.0003259043580434507,0.0003259043580434507,0.0,0.0,0.0417175933518685,0.0,0.0,0.0,,,
2025-09-04,2024-08-14,1.0720760685313941e-07,1.0720760685313941e-07,0.004277267580827777,2025-09-02,250,35670,1,,1.0720760685313941e-07,1.0720760685313941e-07,1.0720760685313941e-07,1.0720760685313941e-07,0.00032742572723159586,0.00032742572723159586,0.0,0.0,0.04094998632895411,0.0,0.0,0.0,,,
2025-09-05,2024-08-16,2.6674231110799584e-07,2.6674231110799584e-07,0.004253899407790474,2025-09-03,250,35819,2,,2.6674231110799584e-07,2.6674231110799584e-07,2.6674231110799584e-07,2.6674231110799584e-07,0.0005164710167163264,0.0005164710167163264,0.0,0.0,0.04075799247216774,1.0,1.0,0.0,,,
2025-09-08,2024-08-19,8.64670850055299e-06,8.64670850055299e-06,0.004255496683215821,2025-09-04,250,35780,1,,8.64670850055299e-06,8.64670850055299e-06,8.64670850055299e-06,8.64670850055299e-06,0.0029405286090349453,0.0029405286090349453,0.0,0.0,0.039893563661676665,1.0,1.0,0.0,,,
2025-09-09,2024-08-21,,,,2025-09-05,250,35772,1,,2.790472771608147e-10,2.790472771608147e-10,2.790472771608147e-10,2.790472771608147e-10,1.670470823333394e-05,1.670470823333394e-05,0.0,0.0,0.040181789632831824,0.0,0.0,0.0,2.790472771608147e-10,2.790472771608147e-10,0.011047152566928162
2025-09-12,2024-08-28,,,,2025-09-10,250,35678,3,,2.28743765573196e-09,2.28743765573196e-09,2.28743765573196e-09,2.28743765573196e-09,4.782716441241274e-05,4.782716441241274e-05,0.0,0.0,0.03998964821615847,0.0,0.0,0.0,2.28743765573196e-09,2.28743765573196e-09,0.010899326368930857
2025-09-15,2024-08-30,,,,2025-09-11,250,35746,1,,1.2453775651561685e-08,1.2453775651561685e-08,1.2453775651561685e-08,1.2453775651561685e-08,0.00011159648583876503,0.00011159648583876503,0.0,0.0,0.03998964821615847,0.0,0.0,0.0,1.2453775651561685e-08,1.2453775651561685e-08,0.010902973791089276
2025-09-17,2024-09-06,2.9387191861601683e-06,2.9387191861601683e-06,0.004283014906571489,2025-09-15,250,35893,1,,2.9387191861601683e-06,2.9387191861601683e-06,2.9387191861601683e-06,2.9387191861601683e-06,0.0017142692863608589,0.0017142692863608589,0.0,0.0,0.039605254592359425,0.0,0.0,0.0,,,
2025-09-18,2024-09-09,1.3733408978221575e-08,1.3733408978221575e-08,0.004267961002552408,2025-09-16,250,35803,4,,1.2581611922077373e-08,1.2581611922077373e-08,1.2581611922077373e-08,1.2581611922077373e-08,0.00011216778468917612,0.00011216778468917612,0.0,0.0,0.039413002356835036,0.0,0.0,0.0,1.142981486593317e-08,1.142981486593317e-08,0.010873697624321126
2025-09-29,2024-09-19,,,,2025-09-25,250,36431,3,,3.1567160239386584e-09,3.1567160239386584e-09,3.1567160239386584e-09,3.1567160239386584e-09,5.6184660041141645e-05,5.6184660041141645e-05,0.0,0.0,0.039413002356835036,0.0,0.0,0.0,3.1567160239386584e-09,3.1567160239386584e-09,0.010959637061436643
2025-09-30,2024-09-20,2.511031873389169e-08,2.511031873389169e-08,0.004008961207404787,2025-09-26,250,36527,3,,2.511031873389169e-08,2.511031873389169e-08,2.511031873389169e-08,2.511031873389169e-08,0.0001584623574666605,0.0001584623574666605,0.0,0.0,0.039605254592359425,1.0,1.0,0.0,,,
2025-10-02,2024-09-24,4.906299936911901e-09,4.906299936911901e-09,0.003992953611274222,2025-09-30,250,36502,2,,4.665192088380247e-09,4.665192088380247e-09,4.665192088380247e-09,4.665192088380247e-09,6.830221144575224e-05,6.830221144575224e-05,0.0,0.0,0.03931686237695038,0.0,0.0,0.0,4.424084239848594e-09,4.424084239848594e-09,0.010850934250878897
2025-10-03,2024-09-25,7.55828112073203e-07,7.55828112073203e-07,0.0039668650099171626,2025-10-01,250,36648,2,,3.896983053407429e-07,3.896983053407429e-07,3.896983053407429e-07,3.896983053407429e-07,0.0006242582040636254,0.0006242582040636254,0.0,0.0,0.039413002356835036,0.0,0.0,0.0,2.3568498608282857e-08,2.3568498608282857e-08,0.010838449239413047
2025-10-06,2024-09-26,1.503365203028841e-08,1.503365203028841e-08,0.00395318192388187,2025-10-02,250,36692,2,,1.503365203028841e-08,1.503365203028841e-08,1.503365203028841e-08,1.503365203028841e-08,0.00012261179400974612,0.00012261179400974612,0.0,0.0,0.03950913309471249,0.0,0.0,0.0,,,
2025-10-08,2024-09-30,,,,2025-10-06,250,36828,1,,6.129881832354604e-09,6.129881832354604e-09,6.129881832354604e-09,6.129881832354604e-09,7.829356188317533e-05,7.829356188317533e-05,0.0,0.0,0.03931686237695038,0.0,0.0,0.0,6.129881832354604e-09,6.129881832354604e-09,0.010840069045911047
2025-10-09,2024-10-01,4.061208570098696e-08,4.061208570098696e-08,0.003952569169960474,2025-10-07,250,36792,2,,2.0431389894207863e-08,2.0431389894207863e-08,2.0431389894207863e-08,2.0431389894207863e-08,0.00014293841294140587,0.00014293841294140587,0.0,0.0,0.03931686237695038,0.0,0.0,0.0,2.506940874287611e-10,2.506940874287611e-10,0.01077581227436823
2025-10-13,2024-10-03,2.8217848352032997e-06,2.8217848352032997e-06,0.004158682268520406,2025-10-09,250,36953,1,,2.8217848352032997e-06,2.8217848352032997e-06,2.8217848352032997e-06,2.8217848352032997e-06,0.0016798169052617907,0.0016798169052617907,0.0,0.0,0.039413002356835036,0.0,0.0,0.0,,,
2025-10-17,2024-10-08,2.8996003198143944e-07,2.8996003198143944e-07,0.00412204485754698,2025-10-15,250,37116,1,,2.8996003198143944e-07,2.8996003198143944e-07,2.8996003198143944e-07,2.8996003198143944e-07,0.0005384793700611375,0.0005384793700611375,0.0,0.0,0.039413002356835036,0.0,0.0,0.0,,,
2025-10-21,2024-10-10,7.890902543605555e-07,7.890902543605555e-07,0.003889566809029896,2025-10-17,250,37354,1,,7.890902543605555e-07,7.890902543605555e-07,7.890902543605555e-07,7.890902543605555e-07,0.0008883075224045755,0.0008883075224045755,0.0,0.0,0.038932210001787475,0.0,0.0,0.0,,,
2025-10-23,2024-10-14,1.5595459092093004e-06,1.5595459092093004e-06,0.003946604759141033,2025-10-21,250,37412,1,,1.5595459092093004e-06,1.5595459092093004e-06,1.5595459092093004e-06,1.5595459092093004e-06,0.0012488178046493814,0.0012488178046493814,0.0,0.0,0.03883602378519814,0.0,0.0,0.0,,,
2025-10-28,2024-10-18,2.335566146453266e-07,2.335566146453266e-07,0.003794501692645363,2025-10-24,250,37654,3,,8.612422942637961e-08,8.612422942637961e-08,8.612422942637961e-08,8.612422942637961e-08,0.0002934692989502984,0.0002934692989502984,0.0,0.0,0.03816246109434892,0.3333333333333333,0.3333333333333333,0.0,1.2408036816906129e-08,1.2408036816906129e-08,0.01058506070865682
2025-10-29,2024-10-21,,,,2025-10-27,250,37733,2,,7.469357090196312e-09,7.469357090196312e-09,7.469357090196312e-09,7.469357090196312e-09,8.642544237778776e-05,8.642544237778776e-05,0.0,0.0,0.03816246109434892,0.0,0.0,0.0,7.469357090196312e-09,7.469357090196312e-09,0.010557021220854074
2025-11-03,2024-10-24,4.4633755181337363e-07,4.4633755181337363e-07,0.0037726079076820652,2025-10-30,250,37754,2,,4.4633755181337363e-07,4.4633755181337363e-07,4.4633755181337363e-07,4.4633755181337363e-07,0.0006680849884658191,0.0006680849884658191,0.0,0.0,0.03816246109434892,0.5,0.5,0.0,,,
2025-11-04,2024-10-25,7.814023910591741e-10,7.814023910591741e-10,0.0037911168927708605,2025-10-31,250,37807,1,,7.814023910591741e-10,7.814023910591741e-10,7.814023910591741e-10,7.814023910591741e-10,2.7953575639963737e-05,2.7953575639963737e-05,0.0,0.0,0.039028386967478346,1.0,1.0,0.0,,,
2025-11-05,2024-10-28,1.5272197712752232e-07,1.5272197712752232e-07,0.0037772181898977925,2025-11-03,250,37860,4,,1.5272197712752232e-07,1.5272197712752232e-07,1.5272197712752232e-07,1.5272197712752232e-07,0.00039079659303469156,0.00039079659303469156,0.0,0.0,0.03883602378519814,1.0,1.0,0.0,,,
2025-11-06,2024-10-29,5.731961422075993e-09,5.731961422075993e-09,0.0037758199452135933,2025-11-04,250,37848,1,,5.731961422075993e-09,5.731961422075993e-09,5.731961422075993e-09,5.731961422075993e-09,7.57097181481743e-05,7.57097181481743e-05,0.0,0.0,0.03883602378519814,0.0,0.0,0.0,,,
2025-11-11,2024-11-01,,,,2025-11-07,250,38073,1,,1.275151436444419e-09,1.275151436444419e-09,1.275151436444419e-09,1.275151436444419e-09,3.570926261412323e-05,3.570926261412323e-05,0.0,0.0,0.03873982831593056,0.0,0.0,0.0,1.275151436444419e-09,1.275151436444419e-09,0.010644087520544727
2025-11-13,2024-11-05,2.5653247657683315e-06,2.5653247657683315e-06,0.0037664094781877356,2025-11-11,250,37957,3,,2.5653247657683315e-06,2.5653247657683315e-06,2.5653247657683315e-06,2.5653247657683315e-06,0.0016016631249324345,0.0016016631249324345,0.0,0.0,0.03873982831593056,0.3333333333333333,0.3333333333333333,0.0,,,
2025-11-14,2024-11-06,2.4635608595857224e-06,2.4635608595857224e-06,0.003773584905660378,2025-11-12,250,38099,2,,1.2422324684280743e-06,1.2422324684280743e-06,1.2422324684280743e-06,1.2422324684280743e-06,0.0011145548297091868,0.0011145548297091868,0.0,0.0,0.03883602378519814,0.5,0.5,0.0,2.090407727042618e-08,2.090407727042618e-08,0.010792969168501875
2025-11-18,2024-11-08,9.12202145063223e-08,9.12202145063223e-08,0.00385104314663875,2025-11-14,250,38328,4,,9.12202145063223e-08,9.12202145063223e-08,9.12202145063223e-08,9.12202145063223e-08,0.00030202684401609453,0.00030202684401609453,0.0,0.0,0.038932210001787475,0.75,0.75,0.0,,,
2025-11-19,2024-11-11,,,,2025-11-17,250,38422,3,,2.2596243467670488e-09,2.2596243467670488e-09,2.2596243467670488e-09,2.2596243467670488e-09,4.753550616925257e-05,4.753550616925257e-05,0.0,0.0,0.038643623592204426,0.0,0.0,0.0,2.2596243467670488e-09,2.2596243467670488e-09,0.010988527148224457
2025-11-24,2024-11-15,8.815256928149031e-08,8.815256928149031e-08,0.003793878227559026,2025-11-20,250,38781,1,,8.815256928149031e-08,8.815256928149031e-08,8.815256928149031e-08,8.815256928149031e-08,0.0002969049835915361,0.0002969049835915361,0.0,0.0,0.03825871211709034,0.0,0.0,0.0,,,
2025-12-03,2024-11-25,,,,2025-12-01,250,39249,1,,1.757468464854875e-09,1.757468464854875e-09,1.757468464854875e-09,1.757468464854875e-09,4.1922171518838035e-05,4.1922171518838035e-05,0.0,0.0,0.03700672562909567,0.0,0.0,0.0,1.757468464854875e-09,1.757468464854875e-09,0.010642681906885977
2025-12-04,2024-11-26,,,,2025-12-02,250,39202,4,,4.253338793275871e-09,4.253338793275871e-09,4.253338793275871e-09,4.253338793275871e-09,6.521762640019853e-05,6.521762640019853e-05,0.0,0.0,0.03652477468237227,0.25,0.25,0.0,4.253338793275871e-09,4.253338793275871e-09,0.010605955636140314
2025-12-08,2024-11-29,4.177758292177231e-08,4.177758292177231e-08,0.0036946696319678602,2025-12-04,250,39426,3,,3.127127523947311e-08,3.127127523947311e-08,3.127127523947311e-08,3.127127523947311e-08,0.0001768368605225537,0.0001768368605225537,0.0,0.0,0.03642835661355149,0.0,0.0,0.0,1.0258659874874708e-08,1.0258659874874708e-08,0.010578114016538085
2025-12-09,2024-12-02,,,,2025-12-05,250,39489,2,,1.3160759785961347e-09,1.3160759785961347e-09,1.3160759785961347e-09,1.3160759785961347e-09,3.62777614882194e-05,3.62777614882194e-05,0.0,0.0,0.0366211834556453,0.0,0.0,0.0,1.3160759785961347e-09,1.3160759785961347e-09,0.010609989321709111
2025-12-11,2024-12-04,1.1992028271258703e-07,1.1992028271258703e-07,0.0036946696319678602,2025-12-09,250,39651,1,,1.1992028271258703e-07,1.1992028271258703e-07,1.1992028271258703e-07,1.1992028271258703e-07,0.00034629508040482905,0.00034629508040482905,0.0,0.0,0.03623549258209542,0.0,0.0,0.0,,,
2025-12-12,2024-12-05,1.9121738509590258e-07,1.9121738509590258e-07,0.0037046361903391727,2025-12-10,250,39689,3,,1.9121738509590258e-07,1.9121738509590258e-07,1.9121738509590258e-07,1.9121738509590258e-07,0.0004372841011240891,0.0004372841011240891,0.0,0.0,0.035946126773469124,1.0,1.0,0.0,,,
2025-12-18,2024-12-11,6.847685907371955e-07,6.847685907371955e-07,0.0037889935256032966,2025-12-16,250,40025,6,,6.847685907371955e-07,6.847685907371955e-07,6.847685907371955e-07,6.847685907371955e-07,0.0008275074566051931,0.0008275074566051931,0.0,0.0,0.03575316970581786,0.8333333333333334,0.8333333333333334,0.0,,,
2025-12-19,2024-12-12,7.2905483326496975e-06,7.2905483326496975e-06,0.0037841213857966864,2025-12-17,250,40193,2,,7.2905483326496975e-06,7.2905483326496975e-06,7.2905483326496975e-06,7.2905483326496975e-06,0.002700101541173905,0.002700101541173905,0.0,0.0,0.03556017539855087,0.0,0.0,0.0,,,
2025-12-24,2024-12-17,1.7922248392024855e-09,1.7922248392024855e-09,0.0037817594360405344,2025-12-22,250,40653,1,,1.7922248392024855e-09,1.7922248392024855e-09,1.7922248392024855e-09,1.7922248392024855e-09,4.2334676557197e-05,4.2334676557197e-05,0.0,0.0,0.03584965289369722,0.0,0.0,0.0,,,
2025-12-26,2024-12-18,9.472184944588233e-09,9.472184944588233e-09,0.003761732588291151,2025-12-23,250,40797,2,,9.472184944588233e-09,9.472184944588233e-09,9.472184944588233e-09,9.472184944588233e-09,9.732515062710272e-05,9.732515062710272e-05,0.0,0.0,0.03623549258209542,0.5,0.5,0.0,,,
2025-12-29,2024-12-19,1.5997117223268328e-06,1.5997117223268328e-06,0.0037673738112655453,2025-12-24,250,40890,1,,1.5997117223268328e-06,1.5997117223268328e-06,1.5997117223268328e-06,1.5997117223268328e-06,0.0012647971071783936,0.0012647971071783936,0.0,0.0,0.03575316970581786,0.0,0.0,0.0,,,
2025-12-30,2024-12-20,3.39146808914361e-08,3.39146808914361e-08,0.003762419637638808,2025-12-26,250,40990,3,,2.3790450876911685e-08,2.3790450876911685e-08,2.3790450876911685e-08,2.3790450876911685e-08,0.00015424153421472338,0.00015424153421472338,0.0,0.0,0.036139046615873194,0.3333333333333333,0.3333333333333333,0.0,3.541990847862847e-09,3.541990847862847e-09,0.0105853412808025
2026-01-02,2024-12-24,1.6680220644337048e-08,1.6680220644337048e-08,0.0037887147796660044,2025-12-30,250,41057,4,,1.6680220644337048e-08,1.6680220644337048e-08,1.6680220644337048e-08,1.6680220644337048e-08,0.0001291519285351057,0.0001291519285351057,0.0,0.0,0.036042591346929345,0.0,0.0,0.0,,,
2026-01-07,2024-12-30,3.1983413691505228e-09,3.1983413691505228e-09,0.003925903338923616,2026-01-05,250,41512,2,,3.1983413691505228e-09,3.1983413691505228e-09,3.1983413691505228e-09,3.1983413691505228e-09,5.6553880230719116e-05,5.6553880230719116e-05,0.0,0.0,0.035656677208034684,0.0,0.0,0.0,,,
2026-01-08,2024-12-31,1.5992372733440517e-10,1.5992372733440517e-10,0.003956516728767334,2026-01-06,250,41425,5,,1.3682108787326344e-09,1.3682108787326344e-09,1.3682108787326344e-09,1.3682108787326344e-09,3.6989334661935115e-05,3.6989334661935115e-05,0.0,0.0,0.03556017539855087,0.2,0.2,0.0,1.6702826665821917e-09,1.6702826665821917e-09,0.010558785057571273
2026-01-09,2025-01-02,1.7756313086846574e-06,1.7756313086846574e-06,0.003976219888820259,2026-01-07,250,41638,1,,1.7756313086846574e-06,1.7756313086846574e-06,1.7756313086846574e-06,1.7756313086846574e-06,0.0013325281643119808,0.0013325281643119808,0.0,0.0,0.03556017539855087,1.0,1.0,0.0,,,
2026-01-12,2025-01-03,6.431512314512364e-07,6.431512314512364e-07,0.003971160889848479,2026-01-08,250,41737,1,,6.431512314512364e-07,6.431512314512364e-07,6.431512314512364e-07,6.431512314512364e-07,0.0008019671012274983,0.0008019671012274983,0.0,0.0,0.03556017539855087,1.0,1.0,0.0,,,
2026-01-15,2025-01-08,3.3308661763670954e-08,3.3308661763670954e-08,0.003962148022772735,2026-01-13,250,41982,3,,2.2300683266126893e-08,2.2300683266126893e-08,2.2300683266126893e-08,2.2300683266126893e-08,0.0001493341329573614,0.0001493341329573614,0.0,0.0,0.036042591346929345,0.0,0.0,0.0,2.8472627103877237e-10,2.8472627103877237e-10,0.010546855263920274
2026-01-16,2025-01-10,,,,2026-01-14,250,42118,4,,1.2131513686007648e-09,1.2131513686007648e-09,1.2131513686007648e-09,1.2131513686007648e-09,3.483032254517269e-05,3.483032254517269e-05,0.0,0.0,0.036139046615873194,0.0,0.0,0.0,1.2131513686007648e-09,1.2131513686007648e-09,0.010518211891829422
2026-01-21,2025-01-15,2.559633065706195e-07,2.559633065706195e-07,0.004175111471422781,2026-01-16,250,42450,4,,2.559633065706195e-07,2.559633065706195e-07,2.559633065706195e-07,2.559633065706195e-07,0.0005059281634487444,0.0005059281634487444,0.0,0.0,0.03633192924739028,0.25,0.25,0.0,,,
2026-01-22,2025-01-16,1.5125337417095215e-07,1.5125337417095215e-07,0.0041590954976781745,2026-01-20,250,42452,3,,1.5125337417095215e-07,1.5125337417095215e-07,1.5125337417095215e-07,1.5125337417095215e-07,0.00038891306762688256,0.00038891306762688256,0.0,0.0,0.03633192924739028,0.3333333333333333,0.3333333333333333,0.0,,,
2026-01-23,2025-01-17,,,,2026-01-21,250,42588,1,,5.904324953888735e-11,5.904324953888735e-11,5.904324953888735e-11,5.904324953888735e-11,7.683960537306744e-06,7.683960537306744e-06,0.0,0.0,0.03642835661355149,0.0,0.0,0.0,5.904324953888735e-11,5.904324953888735e-11,0.010567980202618362
2026-01-27,2025-01-22,,,,2026-01-23,250,42871,3,,1.6034724483676802e-08,1.6034724483676802e-08,1.6034724483676802e-08,1.6034724483676802e-08,0.00012662829258770254,0.00012662829258770254,0.0,0.0,0.036042591346929345,0.0,0.0,0.0,1.6034724483676802e-08,1.6034724483676802e-08,0.010510771873601547
2026-01-28,2025-01-23,,,,2026-01-26,250,42982,2,,9.834233393094586e-09,9.834233393094586e-09,9.834233393094586e-09,9.834233393094586e-09,9.916770337713073e-05,9.916770337713073e-05,0.0,0.0,0.036042591346929345,0.0,0.0,0.0,9.834233393094586e-09,9.834233393094586e-09,0.010469060662266891
2026-02-04,2025-01-30,8.415591733225892e-07,8.415591733225892e-07,0.003822176042748998,2026-02-02,250,43365,2,,4.207950920697311e-07,4.207950920697311e-07,4.207950920697311e-07,4.207950920697311e-07,0.0006486872066487292,0.0006486872066487292,0.0,0.0,0.03623549258209542,0.5,0.5,0.0,3.101081687303156e-11,3.101081687303156e-11,0.010559550708453585
2026-02-05,2025-01-31,2.4318379383653523e-06,2.4318379383653523e-06,0.0037252703533581684,2026-02-03,250,43294,3,,2.4318379383653523e-06,2.4318379383653523e-06,2.4318379383653523e-06,2.4318379383653523e-06,0.0015594351343885236,0.0015594351343885236,0.0,0.0,0.03623549258209542,0.0,0.0,0.0,,,
2026-02-09,2025-02-04,6.940290703624885e-07,6.940290703624885e-07,0.003703437365166115,2026-02-05,250,43399,1,,6.940290703624885e-07,6.940290703624885e-07,6.940290703624885e-07,6.940290703624885e-07,0.0008330840716053143,0.0008330840716053143,0.0,0.0,0.036139046615873194,0.0,0.0,0.0,,,
2026-02-11,2025-02-06,,,,2026-02-09,250,43732,1,,1.5093869393768365e-07,1.5093869393768365e-07,1.5093869393768365e-07,1.5093869393768365e-07,0.0003885082932675745,0.0003885082932675745,0.0,0.0,0.03623549258209542,1.0,1.0,0.0,1.5093869393768365e-07,1.5093869393768365e-07,0.010520035542969427
2026-02-13,2025-02-10,,,,2026-02-11,250,43836,2,,4.930475977612183e-08,4.930475977612183e-08,4.930475977612183e-08,4.930475977612183e-08,0.00022204675132980853,0.00022204675132980853,0.0,0.0,0.03633192924739028,0.0,0.0,0.0,4.930475977612183e-08,4.930475977612183e-08,0.010687579080247185
2026-02-18,2025-02-12,3.0689748819348373e-07,3.0689748819348373e-07,0.003941185387297257,2026-02-13,250,44170,2,,3.0689748819348373e-07,3.0689748819348373e-07,3.0689748819348373e-07,3.0689748819348373e-07,0.0005539832923414601,0.0005539832923414601,0.0,0.0,0.03623549258209542,0.5,0.5,0.0,,,
2026-02-19,2025-02-13,4.106312330633891e-06,4.106312330633891e-06,0.003934178172876867,2026-02-17,250,44127,2,,4.106312330633891e-06,4.106312330633891e-06,4.106312330633891e-06,4.106312330633891e-06,0.002026403792592654,0.002026403792592654,0.0,0.0,0.03633192924739028,0.0,0.0,0.0,,,
2026-02-20,2025-02-14,4.1450830965823045e-05,4.1450830965823045e-05,0.003991096784097015,2026-02-18,250,44278,3,,4.1450830965823045e-05,4.1450830965823045e-05,4.1450830965823045e-05,4.1450830965823045e-05,0.006438231975148383,0.006438231975148383,0.0,0.0,0.03623549258209542,0.0,0.0,0.0,,,
2026-02-23,2025-02-18,5.410112567474612e-07,5.410112567474612e-07,0.003930758182780256,2026-02-19,250,44241,2,,5.410112567474612e-07,5.410112567474612e-07,5.410112567474612e-07,5.410112567474612e-07,0.0007355346740619787,0.0007355346740619787,0.0,0.0,0.03623549258209542,0.5,0.5,0.0,,,
2026-02-25,2025-02-20,2.9855968813579326e-05,2.9855968813579326e-05,0.0038215624311016393,2026-02-23,250,44301,1,,2.9855968813579326e-05,2.9855968813579326e-05,2.9855968813579326e-05,2.9855968813579326e-05,0.0054640615675136135,0.0054640615675136135,0.0,0.0,0.03623549258209542,0.0,0.0,0.0,,,
2026-03-04,2025-02-27,2.0553629583783886e-06,2.0553629583783886e-06,0.003943127962085308,2026-03-02,250,44515,1,,2.0553629583783886e-06,2.0553629583783886e-06,2.0553629583783886e-06,2.0553629583783886e-06,0.0014336537093658248,0.0014336537093658248,0.0,0.0,0.03642835661355149,0.0,0.0,0.0,,,
2026-03-09,2025-03-04,1.107758486092062e-07,1.107758486092062e-07,0.004039462440767499,2026-03-05,250,44624,1,,1.107758486092062e-07,1.107758486092062e-07,1.107758486092062e-07,1.107758486092062e-07,0.00033283005965388133,0.00033283005965388133,0.0,0.0,0.03623549258209542,0.0,0.0,0.0,,,
2026-03-11,2025-03-06,1.2243796598630142e-07,1.2243796598630142e-07,0.003987271402829429,2026-03-09,250,44787,4,,9.326431699443483e-08,9.326431699443483e-08,9.326431699443483e-08,9.326431699443483e-08,0.00030539207094231315,0.00030539207094231315,0.0,0.0,0.03642835661355149,0.75,0.75,0.0,5.743370018835026e-09,5.743370018835026e-09,0.010752129419061403
2026-03-13,2025-03-10,0.00014205466134295568,0.00014205466134295568,0.004066312167657179,2026-03-11,250,44897,1,,0.00014205466134295568,0.00014205466134295568,0.00014205466134295568,0.00014205466134295568,0.011918668606138678,0.011918668606138678,0.0,0.0,0.03652477468237227,0.0,0.0,0.0,,,
2026-03-20,2025-03-17,1.1164974915547937e-09,1.1164974915547937e-09,0.004177377892030848,2026-03-18,250,45217,1,,1.1164974915547937e-09,1.1164974915547937e-09,1.1164974915547937e-09,1.1164974915547937e-09,3.3414031357422195e-05,3.3414031357422195e-05,0.0,0.0,0.0366211834556453,1.0,1.0,0.0,,,
2026-03-26,2025-03-21,1.1583068606817032e-06,1.1583068606817032e-06,0.004116855355870477,2026-03-24,250,45541,1,,1.1583068606817032e-06,1.1583068606817032e-06,1.1583068606817032e-06,1.1583068606817032e-06,0.001076246654202327,0.001076246654202327,0.0,0.0,0.0366211834556453,1.0,1.0,0.0,,,
2026-04-02,2025-03-28,8.011567773134881e-08,8.011567773134881e-08,0.004068380080585221,2026-03-31,250,45849,6,,1.1406382453146368e-07,1.1406382453146368e-07,1.1406382453146368e-07,1.1406382453146368e-07,0.00033773336307131943,0.00033773336307131943,0.0,0.0,0.03633192924739028,0.0,0.0,0.0,1.310378979315211e-07,1.310378979315211e-07,0.01126701361333252
2026-04-13,2025-04-07,7.66962754065224e-09,7.66962754065224e-09,0.003992628992628993,2026-04-09,250,46199,2,,7.66962754065224e-09,7.66962754065224e-09,7.66962754065224e-09,7.66962754065224e-09,8.757640972689072e-05,8.757640972689072e-05,0.0,0.0,0.03623549258209542,1.0,1.0,0.0,,,
2026-04-16,2025-04-10,6.5468383105613275e-09,6.5468383105613275e-09,0.003903464324588072,2026-04-14,250,46440,2,,3.6056558609350957e-09,3.6056558609350957e-09,3.6056558609350957e-09,3.6056558609350957e-09,6.004711367697115e-05,6.004711367697115e-05,0.0,0.0,0.03642835661355149,0.0,0.0,0.0,6.64473411308864e-10,6.64473411308864e-10,0.010547472640512043
2026-04-24,2025-04-21,,,,2026-04-22,250,47119,1,,7.571237919014542e-06,7.571237919014542e-06,7.571237919014542e-06,7.571237919014542e-06,0.0027515882539025606,0.0027515882539025606,0.0,0.0,0.03623549258209542,0.0,0.0,0.0,7.571237919014542e-06,7.571237919014542e-06,0.010420774931187803
2026-04-29,2025-04-24,3.723844787442164e-07,3.723844787442164e-07,0.003841749473606443,2026-04-27,250,47407,3,,3.723844787442164e-07,3.723844787442164e-07,3.723844787442164e-07,3.723844787442164e-07,0.0006102331347478735,0.0006102331347478735,0.0,0.0,0.036139046615873194,0.3333333333333333,0.3333333333333333,0.0,,,
2026-04-30,2025-04-25,7.704347394854625e-09,7.704347394854625e-09,0.0038494281378391383,2026-04-28,250,47425,1,,7.704347394854625e-09,7.704347394854625e-09,7.704347394854625e-09,7.704347394854625e-09,8.7774411959606e-05,8.7774411959606e-05,0.0,0.0,0.036139046615873194,0.0,0.0,0.0,,,
2026-05-04,2025-04-28,,,,2026-04-29,250,47416,1,,2.6274305076484793e-09,2.6274305076484793e-09,2.6274305076484793e-09,2.6274305076484793e-09,5.125846766777641e-05,5.125846766777641e-05,0.0,0.0,0.036139046615873194,0.0,0.0,0.0,2.6274305076484793e-09,2.6274305076484793e-09,0.010244359952820371
2026-05-11,2025-05-05,9.106418582556745e-08,9.106418582556745e-08,0.0035456157098049915,2026-05-07,250,47439,2,,4.5690061950514635e-08,4.5690061950514635e-08,4.5690061950514635e-08,4.5690061950514635e-08,0.0002137523378831554,0.0002137523378831554,0.0,0.0,0.03623549258209542,0.0,0.0,0.0,3.1593807546182383e-10,3.1593807546182383e-10,0.010008673842900138
2026-05-18,2025-05-08,,,,2026-05-12,250,47593,1,,8.751997360835336e-09,8.751997360835336e-09,8.751997360835336e-09,8.751997360835336e-09,9.355211040289436e-05,9.355211040289436e-05,0.0,0.0,0.03623549258209542,0.0,0.0,0.0,8.751997360835336e-09,8.751997360835336e-09,0.009987686188562848
2026-05-26,2025-05-15,3.786073084111313e-08,3.786073084111313e-08,0.003400038857586944,2026-05-21,250,47840,1,,3.786073084111313e-08,3.786073084111313e-08,3.786073084111313e-08,3.786073084111313e-08,0.0001945783411408195,0.0001945783411408195,0.0,0.0,0.036139046615873194,0.0,0.0,0.0,,,
2026-05-28,2025-05-19,1.230233751817737e-05,1.230233751817737e-05,0.0033778349686343894,2026-05-26,250,47895,1,,1.230233751817737e-05,1.230233751817737e-05,1.230233751817737e-05,1.230233751817737e-05,0.003507468819273718,0.003507468819273718,0.0,0.0,0.036139046615873194,0.0,0.0,0.0,,,
2026-05-29,2025-05-20,1.3824893179482553e-06,1.3824893179482553e-06,0.00335989248344053,2026-05-27,250,47940,1,,1.3824893179482553e-06,1.3824893179482553e-06,1.3824893179482553e-06,1.3824893179482553e-06,0.0011757930591512502,0.0011757930591512502,0.0,0.0,0.03623549258209542,0.0,0.0,0.0,,,
2026-06-11,2025-06-03,1.568765786387534e-05,1.568765786387534e-05,0.003601070032238151,2026-06-09,250,47913,1,,1.568765786387534e-05,1.568765786387534e-05,1.568765786387534e-05,1.568765786387534e-05,0.003960764807947493,0.003960764807947493,0.0,0.0,0.03719944098910626,0.0,0.0,0.0,,,
2026-06-22,2025-06-11,,,,2026-06-17,250,48165,2,,1.4045524796841813e-07,1.4045524796841813e-07,1.4045524796841813e-07,1.4045524796841813e-07,0.0003747735956126287,0.0003747735956126287,0.0,0.0,0.03758476032727121,0.0,0.0,0.0,1.4045524796841813e-07,1.4045524796841813e-07,0.010077131263893724
2026-06-24,2025-06-13,,,,2026-06-22,250,48329,1,,4.199732493179704e-09,4.199732493179704e-09,4.199732493179704e-09,4.199732493179704e-09,6.48053430912892e-05,6.48053430912892e-05,0.0,0.0,0.03777736433402994,0.0,0.0,0.0,4.199732493179704e-09,4.199732493179704e-09,0.01025790915782873
2026-06-29,2025-06-18,8.070015455864426e-06,8.070015455864426e-06,0.0037000493339911203,2026-06-25,250,48553,2,,8.070015455864426e-06,8.070015455864426e-06,8.070015455864426e-06,8.070015455864426e-06,0.002840777262628034,0.002840777262628034,0.0,0.0,0.03758476032727121,0.5,0.5,0.0,,,
2026-07-01,2025-06-23,,,,2026-06-29,250,48525,1,,1.1809765102346244e-06,1.1809765102346244e-06,1.1809765102346244e-06,1.1809765102346244e-06,0.0010867274314356036,0.0010867274314356036,0.0,0.0,0.03796993125162867,1.0,1.0,0.0,1.1809765102346244e-06,1.1809765102346244e-06,0.010076726435180846
2026-07-06,2025-06-25,6.031428119935163e-08,6.031428119935163e-08,0.0034021320027217057,2026-07-01,250,48658,1,,6.031428119935163e-08,6.031428119935163e-08,6.031428119935163e-08,6.031428119935163e-08,0.00024558966020447935,0.00024558966020447935,0.0,0.0,0.0374884444109916,0.0,0.0,0.0,,,
2026-07-07,2025-06-26,1.2882212189667143e-05,1.2882212189667143e-05,0.003358280560353099,2026-07-02,250,48639,2,,1.2882212189667143e-05,1.2882212189667143e-05,1.2882212189667143e-05,1.2882212189667143e-05,0.0035891798770286147,0.0035891798770286147,0.0,0.0,0.03796993125162867,0.0,0.0,0.0,,,
2026-07-16,2025-07-08,,,,2026-07-14,250,48676,1,,1.7259430203626966e-12,1.7259430203626966e-12,1.7259430203626966e-12,1.7259430203626966e-12,1.3137515063217612e-06,1.3137515063217612e-06,0.0,0.0,0.03758476032727121,1.0,1.0,0.0,1.7259430203626966e-12,1.7259430203626966e-12,0.009969392297399347
2026-07-17,2025-07-09,9.793922232064935e-07,9.793922232064935e-07,0.0031506931524935486,2026-07-15,250,48796,2,,9.793922232064935e-07,9.793922232064935e-07,9.793922232064935e-07,9.793922232064935e-07,0.0009896424724144036,0.0009896424724144036,0.0,0.0,0.03768106696768849,1.0,1.0,0.0,,,
2026-07-21,2025-07-11,4.038313590756141e-07,4.038313590756141e-07,0.003215040264551885,2026-07-17,250,48944,2,,4.038313590756141e-07,4.038313590756141e-07,4.038313590756141e-07,4.038313590756141e-07,0.0006354772687324182,0.0006354772687324182,0.0,0.0,0.037873652428081515,0.5,0.5,0.0,,,
2026-07-22,2025-07-14,2.3880362278390163e-07,2.3880362278390163e-07,0.0032037590773173856,2026-07-20,250,49029,4,,1.1975229779305497e-07,1.1975229779305497e-07,1.1975229779305497e-07,1.1975229779305497e-07,0.0003460524494828132,0.0003460524494828132,0.0,0.0,0.03796993125162867,0.25,0.25,0.0,7.009728022082498e-10,7.009728022082498e-10,0.010056391992302348
2026-07-27,2025-07-18,,,,2026-07-23,250,49101,1,,1.128833265314505e-09,1.128833265314505e-09,1.128833265314505e-09,1.128833265314505e-09,3.359811401424944e-05,3.359811401424944e-05,0.0,0.0,0.03883602378519814,0.0,0.0,0.0,1.128833265314505e-09,1.128833265314505e-09,0.010183639857631982
2026-07-29,2025-07-22,1.689372516546029e-08,1.689372516546029e-08,0.0030875088214537758,2026-07-27,250,49200,1,,1.689372516546029e-08,1.689372516546029e-08,1.689372516546029e-08,1.689372516546029e-08,0.0001299758637803969,0.0001299758637803969,0.0,0.0,0.03825871211709034,1.0,1.0,0.0,,,
2026-08-03,2025-07-25,0.000128848052786816,0.000128848052786816,0.003399048266485384,2026-07-30,250,49292,1,,0.000128848052786816,0.000128848052786816,0.000128848052786816,0.000128848052786816,0.011351125617612378,0.011351125617612378,0.0,0.0,0.03758476032727121,0.0,0.0,0.0,,,
2026-08-05,2025-07-29,3.805443495910378e-08,3.805443495910378e-08,0.0033938845432801086,2026-08-03,250,49298,1,,3.805443495910378e-08,3.805443495910378e-08,3.805443495910378e-08,3.805443495910378e-08,0.0001950754596537037,0.0001950754596537037,0.0,0.0,0.03816246109434892,1.0,1.0,0.0,,,
2026-08-14,2025-08-07,4.245167273452312e-06,4.245167273452312e-06,0.003472449714997052,2026-08-12,250,49649,2,,2.1228016252038047e-06,2.1228016252038047e-06,2.1228016252038047e-06,2.1228016252038047e-06,0.0014569837422578897,0.0014569837422578897,0.0,0.0,0.03796993125162867,0.0,0.0,0.0,4.3597695529699574e-10,4.3597695529699574e-10,0.009673724739034299
2026-08-17,2025-08-08,1.9041830822977583e-06,1.9041830822977583e-06,0.0034648448991599387,2026-08-13,250,49687,3,,1.9041830822977583e-06,1.9041830822977583e-06,1.9041830822977583e-06,1.9041830822977583e-06,0.0013799214043914813,0.0013799214043914813,0.0,0.0,0.037873652428081515,0.0,0.0,0.0,,,
2026-08-20,2025-08-13,2.663547958016443e-05,2.663547958016443e-05,0.0033456427737272357,2026-08-18,250,49786,3,,2.663547958016443e-05,2.663547958016443e-05,2.663547958016443e-05,2.663547958016443e-05,0.00516095723487072,0.00516095723487072,0.0,0.0,0.037873652428081515,0.0,0.0,0.0,,,
2026-08-24,2025-08-15,,,,2026-08-20,250,49933,1,,4.148670588794009e-09,4.148670588794009e-09,4.148670588794009e-09,4.148670588794009e-09,6.441017457509341e-05,6.441017457509341e-05,0.0,0.0,0.03806620080645633,0.0,0.0,0.0,4.148670588794009e-09,4.148670588794009e-09,0.009827348116805098
2026-08-25,2025-08-18,9.796667944605294e-10,9.796667944605294e-10,0.0034156086872462466,2026-08-21,250,49907,1,,9.796667944605294e-10,9.796667944605294e-10,9.796667944605294e-10,9.796667944605294e-10,3.1299629302286144e-05,3.1299629302286144e-05,0.0,0.0,0.03796993125162867,1.0,1.0,0.0,,,
2026-08-26,2025-08-19,,,,2026-08-24,250,49992,3,,2.7760779536472305e-10,2.7760779536472305e-10,2.7760779536472305e-10,2.7760779536472305e-10,1.6661566413897676e-05,1.6661566413897676e-05,0.0,0.0,0.037873652428081515,0.0,0.0,0.0,2.7760779536472305e-10,2.7760779536472305e-10,0.009824910237495267
2026-08-27,2025-08-20,3.218627245516931e-07,3.218627245516931e-07,0.0033817195724996016,2026-08-25,250,50070,2,,3.218627245516931e-07,3.218627245516931e-07,3.218627245516931e-07,3.218627245516931e-07,0.0005673294673747284,0.0005673294673747284,0.0,0.0,0.03777736433402994,0.0,0.0,0.0,,,
2026-09-02,2025-08-27,3.3405320159991596e-08,3.3405320159991596e-08,0.003260234367791345,2026-08-31,250,49951,11,,2.55608134856838e-08,2.55608134856838e-08,2.55608134856838e-08,2.55608134856838e-08,0.0001598774952445897,0.0001598774952445897,0.0,0.0,0.038451186374252724,0.45454545454545453,0.45454545454545453,0.0,4.642129020863015e-09,4.642129020863015e-09,0.00987817611383864
2026-09-04,2025-08-29,2.581496949594499e-07,2.581496949594499e-07,0.003229639560037781,2026-09-02,250,50022,1,,2.581496949594499e-07,2.581496949594499e-07,2.581496949594499e-07,2.581496949594499e-07,0.0005080843384315737,0.0005080843384315737,0.0,0.0,0.03816246109434892,0.0,0.0,0.0,,,
