evaluated_session,train_start,baseline_loss_AAPL,model_loss_AAPL,q_effective_AAPL,train_end,train_sessions,train_rows,evaluation_rows,alpha,baseline_loss,model_loss,baseline_mse,model_mse,baseline_rmse,model_rmse,rho,d,r_effective,model_within_spread,baseline_within_spread,learned_coverage,baseline_loss_SPY,model_loss_SPY,q_effective_SPY
2020-11-23,2020-01-08,0.019905491179226575,1.1946086160393648e-05,0.0068817112664053175,2020-11-18,123,11348,1,0.01,0.019905491179226575,1.1946086160393648e-05,0.019905491179226575,1.1946086160393648e-05,0.14108682142293297,0.00345631106244702,0.9755022401979976,0.019893545093066182,0.000699755114273342,0.0,0.0,1.0,,,
2020-11-27,2020-01-08,5.054937203977511e-05,2.6381604364209314e-06,0.006959407049900887,2020-11-23,125,11638,1,0.01,5.054937203977511e-05,2.6381604364209314e-06,5.054937203977511e-05,2.6381604364209314e-06,0.0071098081577335905,0.0016242414957206737,0.7715491811190534,4.791121160335418e-05,0.000899595242836093,0.0,0.0,1.0,,,
2020-12-30,2020-01-08,,,,2020-12-23,136,12661,1,100.0,1.4145728752368602e-08,2.2745887522771437e-06,1.4145728752368602e-08,2.2745887522771437e-06,0.00011893581778576462,0.0015081739794457216,-11.680570138781476,-2.2604430235247753e-06,0.0009995003330835331,0.0,0.0,1.0,1.4145728752368602e-08,2.2745887522771437e-06,0.015320694018198461
2021-01-27,2020-01-08,,,,2021-01-22,145,13677,1,100.0,7.584630283437383e-08,1.2065908444837073e-07,7.584630283437383e-08,1.2065908444837073e-07,0.00027540207485488163,0.0003473601653160171,-0.26128376301831624,-4.4812781613996904e-08,0.000699755114273342,0.0,0.0,1.0,7.584630283437383e-08,1.2065908444837073e-07,0.014828486932958128
2021-02-05,2020-01-08,1.2649348139140285e-06,1.9790089571325414e-06,0.005877429216100153,2021-02-01,149,14183,1,100.0,1.2649348139140285e-06,1.9790089571325414e-06,1.2649348139140285e-06,1.9790089571325414e-06,0.0011246932087969716,0.0014067725321218571,-0.25080557179376206,-7.140741432185129e-07,0.0003999200213269354,0.0,0.0,1.0,,,
2021-02-08,2020-01-08,1.8667278974443135e-05,1.2333891511069317e-05,0.005995905235448962,2021-02-03,150,14261,1,100.0,1.8667278974443135e-05,1.2333891511069317e-05,1.8667278974443135e-05,1.2333891511069317e-05,0.004320564659213323,0.003511964053214286,0.18715160396332653,6.333387463373818e-06,0.00029995500899797546,0.0,0.0,1.0,,,
2021-02-12,2020-01-08,2.9859813120132867e-05,2.4739541459882905e-08,0.006068230592762525,2021-02-08,152,14519,1,0.01,2.9859813120132867e-05,2.4739541459882905e-08,2.9859813120132867e-05,2.4739541459882905e-08,0.005464413337233272,0.00015728808429084164,0.9712159248241496,2.9835073578672985e-05,0.000499875041651048,1.0,0.0,1.0,,,
2021-02-19,2020-01-08,8.800738505525542e-06,3.330496691769406e-05,0.006321794772955053,2021-02-12,154,14677,1,0.01,8.800738505525542e-06,3.330496691769406e-05,8.800738505525542e-06,3.330496691769406e-05,0.002966603867307791,0.005771045565380164,-0.9453374375249566,-2.450422841216852e-05,0.00029995500899797546,0.0,0.0,1.0,,,
2021-03-22,2020-01-08,7.751991570540878e-06,2.8307238404319376e-06,0.006833902825235436,2021-03-12,165,15779,1,100.0,7.751991570540878e-06,2.8307238404319376e-06,7.751991570540878e-06,2.8307238404319376e-06,0.0027842398550665276,0.001682475509608368,0.39571459457893354,4.9212677301089406e-06,9.999500033330834e-05,0.0,0.0,1.0,,,
2021-03-29,2020-01-08,5.750836276943922e-06,1.7460514755136183e-05,0.006765118389571817,2021-03-24,168,16090,2,0.01,5.750836276943922e-06,1.7460514755136183e-05,5.750836276943922e-06,1.7460514755136183e-05,0.0023980901311134914,0.004178578078142873,-0.7424608124310397,-1.1709678478192261e-05,0.00019998000266626675,0.5,0.0,1.0,,,
2021-04-12,2020-01-08,,,,2021-04-07,173,16474,1,0.01,1.0172693984894338e-06,8.120630306268627e-06,1.0172693984894338e-06,8.120630306268627e-06,0.001008597738689431,0.002849671964677448,-1.825380085008225,-7.103360907779193e-06,0.00019998000266626675,0.0,0.0,1.0,1.0172693984894338e-06,8.120630306268627e-06,0.013519779338501542
2021-04-16,2020-01-08,4.848206761393975e-06,3.371153115194589e-07,0.006096654275092936,2021-04-09,174,16527,1,1.0,4.848206761393975e-06,3.371153115194589e-07,4.848206761393975e-06,3.371153115194589e-07,0.0022018643830613127,0.0005806163204039815,0.7363069565634489,4.511091449874516e-06,0.00019998000266626675,0.0,0.0,1.0,,,
2021-04-19,2020-01-08,1.451050386947562e-06,1.7602024486728993e-08,0.0061121049493142515,2021-04-12,175,16647,1,0.01,1.451050386947562e-06,1.7602024486728993e-08,1.451050386947562e-06,1.7602024486728993e-08,0.0012045955283611018,0.00013267262146625803,0.889861270158653,1.433448362460833e-06,0.00019998000266626675,1.0,0.0,1.0,,,
2021-04-26,2020-01-08,2.3977819457682286e-06,9.236483627332846e-07,0.006104824300178678,2021-04-21,178,16985,4,0.01,2.3977819457682286e-06,9.236483627332846e-07,2.3977819457682286e-06,9.236483627332846e-07,0.00154847729908069,0.0009610662634455986,0.3793475280417927,1.4741335830349439e-06,0.00029995500899797546,0.25,0.0,1.0,,,
2021-04-28,2020-01-08,1.8065067070930858e-06,3.661512892768999e-05,0.0061016444675943155,2021-04-23,179,17129,1,0.01,1.8065067070930858e-06,3.661512892768999e-05,1.8065067070930858e-06,3.661512892768999e-05,0.0013440635056027248,0.006051043623019916,-3.5020518731415278,-3.48086222205969e-05,9.999500033330834e-05,0.0,0.0,1.0,,,
2021-05-07,2020-01-08,3.06978572035575e-07,5.2224586441584255e-06,0.006320332973639586,2021-05-03,183,17526,1,100.0,3.06978572035575e-07,5.2224586441584255e-06,3.06978572035575e-07,5.2224586441584255e-06,0.0005540564700782538,0.0022852699280737987,-3.1246155428002345,-4.915480072122851e-06,0.00019998000266626675,0.0,0.0,1.0,,,
2021-05-21,2020-01-08,1.4987429905788217e-05,6.637372964399551e-05,0.006558793496190401,2021-05-17,187,17860,2,100.0,1.0680367892275242e-05,5.20421265039018e-05,1.0680367892275242e-05,5.20421265039018e-05,0.003268083213792948,0.00721402290708186,-1.2074171418386994,-4.136175861162656e-05,9.999500033330834e-05,0.0,0.0,1.0,6.373305878762266e-06,3.771052336380809e-05,0.0133963927952225
2021-06-02,2020-01-08,2.371820616783039e-06,1.675577755158065e-05,0.006718699710331509,2021-05-27,192,18148,5,0.01,2.371820616783039e-06,1.675577755158065e-05,2.371820616783039e-06,1.675577755158065e-05,0.0015400716271599315,0.00409338216534697,-1.657916744363141,-1.438395693479761e-05,0.00019998000266626678,0.0,0.0,1.0,,,
2021-06-07,2020-01-08,5.796527486485502e-06,3.8271474438323514e-05,0.006632774644530939,2021-06-02,194,18298,5,100.0,4.133188134838481e-06,2.30718388008896e-05,4.133188134838481e-06,2.30718388008896e-05,0.002033024381270053,0.004803315396774357,-1.3626452496224726,-1.893865066605112e-05,0.00019998000266626678,0.4,0.4,1.0,1.6381791073679494e-06,2.723853447387318e-07,0.01316434926644581
2021-06-11,2020-01-08,6.901156561336906e-07,4.194567894329597e-05,0.006621203711045912,2021-06-07,196,18458,2,100.0,6.901156561336906e-07,4.194567894329597e-05,6.901156561336906e-07,4.194567894329597e-05,0.0008307320001863962,0.006476548381915785,-6.79619465779891,-4.125556328716228e-05,0.00029995500899797546,0.0,0.5,1.0,,,
2021-06-28,2020-01-08,9.662295248353415e-08,7.982982438415989e-06,0.006273007287206069,2021-06-23,203,18915,1,0.01,9.662295248353415e-08,7.982982438415989e-06,9.662295248353415e-08,7.982982438415989e-06,0.00031084232736796664,0.002825417214928795,-8.089551088015575,-7.886359485932455e-06,0.0005998200719676155,0.0,0.0,1.0,,,
2021-06-30,2020-01-08,,,,2021-06-25,204,19014,2,0.01,1.1118214069774784e-06,6.530636364726524e-07,1.1118214069774784e-06,6.530636364726524e-07,0.0010544294224733481,0.0008081235279786454,0.23359163661893023,4.58757770504826e-07,0.0003999200213269354,0.0,0.0,1.0,1.1118214069774784e-06,6.530636364726524e-07,0.013029897124152442
2021-07-12,2020-01-08,5.71855087015063e-05,4.4828539800023763e-07,0.005754255392460891,2021-07-07,208,19313,1,100.0,5.71855087015063e-05,4.4828539800023763e-07,5.71855087015063e-05,4.4828539800023763e-07,0.0075621100693858126,0.0006695411846930983,0.9114610633077603,5.6737223303506066e-05,0.0005998200719676155,0.0,0.0,1.0,,,
2021-07-21,2020-01-08,4.3284749088342065e-06,3.026738039796453e-07,0.0057133082449538145,2021-07-16,211,19602,1,0.01,4.3284749088342065e-06,3.026738039796453e-07,4.3284749088342065e-06,3.026738039796453e-07,0.002080498716374083,0.0005501579809287922,0.735564373773028,4.025801104854562e-06,0.000499875041651048,0.0,0.0,1.0,,,
2021-07-23,2020-01-08,1.1353873869776498e-06,4.903102803965999e-07,0.00568801089918256,2021-07-19,212,19734,2,100.0,1.1353873869776498e-06,4.903102803965999e-07,1.1353873869776498e-06,4.903102803965999e-07,0.0010655455818394865,0.0007002215937805688,0.3428515816547678,6.450771065810499e-07,0.000499875041651048,0.0,0.0,1.0,,,
2021-07-26,2020-01-08,4.050267766268317e-06,8.323173439654e-08,0.005620624663435649,2021-07-21,213,19803,3,100.0,4.050267766268317e-06,8.323173439654e-08,4.050267766268317e-06,8.323173439654e-08,0.002012527705714462,0.0002884991064050979,0.8566483802504082,3.9670360318717776e-06,0.000499875041651048,0.0,0.0,1.0,,,
2021-08-09,2020-01-08,5.639836196257916e-11,3.184199735809217e-06,0.005816340495415355,2021-08-04,219,20385,1,100.0,5.639836196257916e-11,3.184199735809217e-06,5.639836196257916e-11,3.184199735809217e-06,7.509884284233624e-06,0.0017844326089290167,-236.61119897350272,-3.1841433374472547e-06,0.0005998200719676155,0.0,1.0,1.0,,,
2021-08-20,2020-01-08,5.8884458231649505e-06,5.915453157255196e-07,0.005794137695978187,2021-08-16,224,20695,2,100.0,5.8884458231649505e-06,5.915453157255196e-07,5.8884458231649505e-06,5.915453157255196e-07,0.0024266120050731124,0.000769119831837354,0.6830478748850577,5.296900507439431e-06,0.0005998200719676155,0.0,0.0,1.0,,,
2021-09-03,2020-01-08,1.424348836324646e-06,2.9288954621161476e-06,0.005532053368044256,2021-08-30,230,21274,4,100.0,1.424348836324646e-06,2.9288954621161476e-06,1.424348836324646e-06,2.9288954621161476e-06,0.001193460865015961,0.0017114016074890627,-0.4339821754156765,-1.5045466257915017e-06,0.000499875041651048,0.0,0.0,1.0,,,
2021-09-08,2020-01-08,8.007699574148343e-06,1.2904419408097248e-06,0.005424723977279979,2021-09-01,231,21340,1,1.0,8.007699574148343e-06,1.2904419408097248e-06,8.007699574148343e-06,1.2904419408097248e-06,0.0028297879026789874,0.0011359762060931227,0.598564894203667,6.7172576333386175e-06,0.000499875041651048,0.0,0.0,1.0,,,
2021-09-17,2020-01-08,4.687446983470444e-07,9.160783821944436e-09,0.005712749512736071,2021-09-10,234,21507,1,0.01,4.687446983470444e-07,9.160783821944436e-09,4.687446983470444e-07,9.160783821944436e-09,0.0006846493250906221,9.571198369036364e-05,0.8602029094563193,4.595839145250999e-07,0.0003999200213269354,0.0,0.0,1.0,,,
2021-09-27,2020-01-08,7.393832450851252e-07,1.0502111297529332e-07,0.005785461475632998,2021-09-22,238,21904,1,100.0,7.393832450851252e-07,1.0502111297529332e-07,7.393832450851252e-07,1.0502111297529332e-07,0.000859873970466094,0.00032406961131104737,0.6231196402707879,6.343621321098319e-07,0.00029995500899797546,0.0,0.0,1.0,,,
2021-09-29,2020-01-08,5.255414350539944e-07,4.148654616649734e-06,0.005989711789162145,2021-09-24,239,22014,1,100.0,5.255414350539944e-07,4.148654616649734e-06,5.255414350539944e-07,4.148654616649734e-06,0.000724942366711999,0.002036824640623177,-1.8096366472017147,-3.6231131815957394e-06,0.0003999200213269354,0.0,0.0,1.0,,,
2021-10-11,2020-01-08,1.828215453315863e-05,4.936495064361725e-07,0.0059482155353393976,2021-10-06,244,22441,2,0.01,1.828215453315863e-05,4.936495064361725e-07,1.828215453315863e-05,4.936495064361725e-07,0.0042757636198881045,0.0007026019544779053,0.8356780175569453,1.7788505026722458e-05,0.000499875041651048,0.5,0.0,1.0,,,
2021-10-15,2020-01-08,4.85337080246552e-07,2.2554990101475547e-06,0.0059126321647189764,2021-10-08,245,22496,1,100.0,4.85337080246552e-07,2.2554990101475547e-06,4.85337080246552e-07,2.2554990101475547e-06,0.0006966613813371256,0.0015018318847819002,-1.155755902386011,-1.7701619299010028e-06,0.000499875041651048,0.0,0.0,1.0,,,
2021-10-25,2020-01-08,5.0847916595132e-06,1.1323411173136482e-06,0.005716591566346089,2021-10-20,249,22907,7,0.01,5.0847916595132e-06,1.1323411173136482e-06,5.0847916595132e-06,1.1323411173136482e-06,0.002254948260939306,0.0010641151804732644,0.5280977400208713,3.952450542199552e-06,0.0005998200719676156,0.5714285714285714,0.0,1.0,,,
2021-10-27,2020-01-08,4.776154051789462e-05,3.0634633267489585e-06,0.005692472542191267,2021-10-22,250,23041,1,0.01,4.776154051789462e-05,3.0634633267489585e-06,4.776154051789462e-05,3.0634633267489585e-06,0.0069109724726621954,0.0017502752145731135,0.7467396634125378,4.4698077191145665e-05,0.0005998200719676155,0.0,0.0,1.0,,,
2021-11-05,2020-01-22,1.1853589002579236e-07,4.489616508078469e-05,0.00563063063063063,2021-11-01,250,23231,1,100.0,1.1853589002579236e-07,4.489616508078469e-05,1.1853589002579236e-07,4.489616508078469e-05,0.0003442904152395073,0.006700460064860076,-18.46165146711641,-4.47776291907589e-05,0.0003999200213269354,0.0,1.0,1.0,,,
2021-11-08,2020-01-24,5.429283570248364e-06,3.528193703840582e-05,0.005717874140666314,2021-11-03,250,23255,1,100.0,5.429283570248364e-06,3.528193703840582e-05,5.429283570248364e-06,3.528193703840582e-05,0.002330082309758255,0.0059398600184184325,-1.5492060917945385,-2.985265346815746e-05,0.000499875041651048,0.0,0.0,1.0,,,
2021-11-15,2020-01-31,1.5675729734360152e-06,3.6111664659141413e-06,0.005767051136742449,2021-11-10,250,23296,4,100.0,1.5452183324136583e-06,3.0600411008728267e-06,1.5452183324136583e-06,3.0600411008728267e-06,0.00124306811253996,0.0017492973163167052,-0.407241726072731,-1.5148227684591684e-06,0.000499875041651048,0.25,0.75,1.0,1.4781544093465879e-06,1.4066650057488839e-06,0.012116720525606181
2021-11-19,2020-02-03,,,,2021-11-12,250,23320,1,100.0,7.0500701927836545e-06,1.8416589622847124e-06,7.0500701927836545e-06,1.8416589622847124e-06,0.0026551968275033123,0.0013570773604642855,0.4888976416334647,5.208411230498942e-06,0.000499875041651048,0.0,0.0,1.0,7.0500701927836545e-06,1.8416589622847124e-06,0.012053264641389734
2022-01-10,2020-03-25,3.191997154168504e-05,3.6979203065821466e-06,0.0050241040831736075,2022-01-05,250,24128,1,0.01,3.191997154168504e-05,3.6979203065821466e-06,3.191997154168504e-05,3.6979203065821466e-06,0.005649776238196079,0.0019229977396196145,0.6596329379172705,2.822205123510289e-05,0.0009995003330835331,0.0,0.0,1.0,,,
2022-01-31,2020-04-08,9.394159716019835e-07,3.081268461840107e-05,0.005078377267656901,2022-01-26,250,24042,2,0.01,9.394159716019835e-07,3.081268461840107e-05,9.394159716019835e-07,3.081268461840107e-05,0.0009692347350368658,0.0055509174573579335,-4.727113625521065,-2.9873268646799085e-05,0.0018981972830802527,0.0,0.0,1.0,,,
2022-02-14,2020-04-27,5.977121634159056e-06,0.0001718028836545012,0.005218216318785579,2022-02-09,250,23804,1,100.0,5.977121634159056e-06,0.0001718028836545012,5.977121634159056e-06,0.0001718028836545012,0.002444815255629565,0.013107359904057765,-4.361288495675099,-0.00016582576202034215,0.0035935355101301704,0.0,1.0,1.0,,,
2022-02-28,2020-05-06,6.191774749745081e-06,5.459432722717768e-06,0.005338186229905975,2022-02-23,250,23702,3,100.0,6.191774749745081e-06,5.459432722717768e-06,6.191774749745081e-06,5.459432722717768e-06,0.0024883277014382736,0.0023365428998239615,0.06099871874857132,7.323420270273133e-07,0.003294566949430031,0.0,0.3333333333333333,1.0,,,
2022-03-21,2020-05-27,1.4505267972476352e-06,3.5871127565182195e-05,0.005366508110745213,2022-03-14,250,23720,2,100.0,1.4505267972476352e-06,3.5871127565182195e-05,1.4505267972476352e-06,3.5871127565182195e-05,0.0012043781786663338,0.005989251002018716,-3.9728989682052385,-3.442060076793456e-05,0.004191204618468071,0.0,0.0,1.0,,,
2022-03-28,2020-06-03,9.748851648448921e-08,6.772078089244609e-07,0.005036630036630037,2022-03-23,250,23838,1,100.0,9.748851648448921e-08,6.772078089244609e-07,9.748851648448921e-08,6.772078089244609e-07,0.0003122315110370656,0.0008229263690783403,-1.6356288202462985,-5.797192924399716e-07,0.005484930230569686,0.0,0.0,1.0,,,
2022-04-01,2020-06-08,3.291070033934707e-06,5.130447251129367e-06,0.0050398029895195005,2022-03-28,250,23977,1,0.01,3.291070033934707e-06,5.130447251129367e-06,3.291070033934707e-06,5.130447251129367e-06,0.0018141306551444157,0.002265049061528109,-0.2485589475625709,-1.83937721719466e-06,0.005186526687300061,0.0,0.0,1.0,,,
2022-05-13,2020-07-17,1.5670866169319833e-05,7.846132312857693e-07,0.0062429854096520765,2022-05-09,250,24047,1,0.01,1.5670866169319833e-05,7.846132312857693e-07,1.5670866169319833e-05,7.846132312857693e-07,0.003958644486351336,0.0008857839642292974,0.7762405875841303,1.4886252938034063e-05,0.009554212804811658,1.0,1.0,1.0,,,
2022-06-06,2020-08-07,4.930653656611536e-05,1.4801619097322026e-06,0.0061218874673270056,2022-06-01,250,23812,1,100.0,4.930653656611536e-05,1.4801619097322026e-06,4.930653656611536e-05,1.4801619097322026e-06,0.007021861332019834,0.0012166190487297997,0.8267383830008161,4.782637465638316e-05,0.012027380212718455,0.0,0.0,1.0,,,
2022-07-01,2020-08-26,8.610278192919875e-05,7.913898444871479e-06,0.006509654768870685,2022-06-27,250,23675,1,100.0,8.610278192919875e-05,7.913898444871479e-06,8.610278192919875e-05,7.913898444871479e-06,0.00927915847096054,0.002813165200423089,0.6968297061390868,7.818888348432727e-05,0.017053754565827518,1.0,0.0,1.0,,,
2022-07-29,2020-09-23,0.00011903977820644007,2.8435523575706416e-05,0.005656180489354941,2022-07-25,250,23709,1,100.0,0.00011903977820644007,2.8435523575706416e-05,0.00011903977820644007,2.8435523575706416e-05,0.010910535193400921,0.005332496936305394,0.5112524874553654,9.060425463073366e-05,0.023911820046312877,0.0,0.0,1.0,,,
2022-08-08,2020-10-02,0.00011175735119238733,2.3510497183119192e-05,0.005442999697611128,2022-08-03,250,23534,1,0.01,0.00011175735119238733,2.3510497183119192e-05,0.00011175735119238733,2.3510497183119192e-05,0.01057153494968386,0.00484876243830518,0.541337898291659,8.824685400926814e-05,0.025472795973031023,0.0,0.0,1.0,,,
2022-08-15,2020-10-09,3.456869768916204e-05,1.5240088064187507e-05,0.005229517722254503,2022-08-10,250,23494,1,0.01,3.456869768916204e-05,1.5240088064187507e-05,3.456869768916204e-05,1.5240088064187507e-05,0.0058795150896278885,0.0039038555383348276,0.336024233491354,1.932860962497453e-05,0.025960101669531634,0.0,0.0,1.0,,,
2022-08-31,2020-10-26,3.0871417894481447e-06,1.3392937549838757e-05,0.005663583160279403,2022-08-26,250,23480,1,100.0,3.0871417894481447e-06,1.3392937549838757e-05,3.0871417894481447e-06,1.3392937549838757e-05,0.0017570264054498853,0.003659636259225602,-1.0828578602315058,-1.0305795760390613e-05,0.029267497680568088,0.0,0.0,1.0,,,
2022-09-07,2020-10-30,5.9114709273553966e-06,7.580569610431048e-06,0.005824111822947,2022-08-31,250,23442,1,0.01,5.9114709273553966e-06,7.580569610431048e-06,5.9114709273553966e-06,7.580569610431048e-06,0.0024313516667391817,0.0027532834235565085,-0.13240855332502632,-1.6690986830756513e-06,0.029947076367952116,0.0,0.0,1.0,,,
2022-09-26,2020-11-16,1.8204233524157312e-06,7.735259655034381e-07,0.005982849165724922,2022-09-21,250,23559,1,0.01,1.8204233524157312e-06,7.735259655034381e-07,1.8204233524157312e-06,7.735259655034381e-07,0.0013492306520442423,0.0008795032492853213,0.34814462749362307,1.0468973869122932e-06,0.03188618886232175,0.0,0.0,1.0,,,
2022-10-03,2020-11-23,1.0629496730148823e-06,8.707095882284218e-07,0.006512301013024603,2022-09-28,250,23650,2,0.01,1.0629496730148823e-06,8.707095882284218e-07,1.0629496730148823e-06,8.707095882284218e-07,0.0010309945067821082,0.0009331182069965315,0.09493387126868758,1.9224008478646042e-07,0.03275756423817219,0.0,0.0,1.0,,,
2022-10-10,2020-11-30,2.386214041114455e-05,1.2659229258172867e-05,0.006424441430508959,2022-10-05,250,23639,3,100.0,2.386214041114455e-05,1.2659229258172867e-05,2.386214041114455e-05,1.2659229258172867e-05,0.004884888986573242,0.0035579810648980227,0.2716352255542346,1.1202911152971683e-05,0.03391821820346067,0.0,0.0,1.0,,,
2022-10-17,2020-12-04,5.959501073802631e-07,6.314798987768109e-11,0.006503830033241799,2022-10-10,250,23726,1,100.0,5.959501073802631e-07,6.314798987768109e-11,5.959501073802631e-07,6.314798987768109e-11,0.0007719780485093233,7.946570950899582e-06,0.989706221613109,5.958869593903854e-07,0.03739211921706267,1.0,0.0,1.0,,,
2022-10-26,2020-12-11,7.976582878277786e-07,5.635832132891707e-07,0.005907837731390311,2022-10-19,250,23730,1,0.01,7.976582878277786e-07,5.635832132891707e-07,7.976582878277786e-07,5.635832132891707e-07,0.0008931171747468406,0.0007507217948675599,0.15943639189297143,2.3407507453860794e-07,0.04056596174666165,0.0,0.0,1.0,,,
2022-10-28,2020-12-18,1.7682187722903764e-06,1.5674437721812521e-06,0.006215469613259668,2022-10-24,250,23817,1,0.01,1.7682187722903764e-06,1.5674437721812521e-06,1.7682187722903764e-06,1.5674437721812521e-06,0.0013297438746955657,0.0012519759471256834,0.05848338845530432,2.007750001091243e-07,0.040469932553713214,0.0,0.0,1.0,,,
2022-10-31,2020-12-21,5.286625758818634e-06,2.4961049649534823e-05,0.005778862206241171,2022-10-26,250,23772,1,0.01,5.286625758818634e-06,2.4961049649534823e-05,5.286625758818634e-06,2.4961049649534823e-05,0.0022992663522999317,0.004996103446640674,-1.172911999361503,-1.967442389071619e-05,0.04094998632895411,0.0,0.0,1.0,,,
2022-11-18,2021-01-11,6.740720732374082e-05,4.5916917967343536e-05,0.006037685774946922,2022-11-11,250,23934,1,0.01,6.740720732374082e-05,4.5916917967343536e-05,6.740720732374082e-05,4.5916917967343536e-05,0.00821018923799816,0.006776202326328778,0.17465942259072986,2.149028935639728e-05,0.042292912190251455,0.0,0.0,1.0,,,
2022-11-23,2021-01-20,,,,2022-11-18,250,23917,1,100.0,2.0983023967784414e-05,7.248075486326992e-06,2.0983023967784414e-05,7.248075486326992e-06,0.00458072308350815,0.0026922250066305736,0.4122707359623382,1.3734948481457421e-05,0.04305948946044698,0.0,0.0,1.0,2.0983023967784414e-05,7.248075486326992e-06,0.01544313328332083
2022-11-25,2021-01-22,,,,2022-11-21,250,24021,1,100.0,1.260847695009949e-06,1.5141541729442253e-05,1.260847695009949e-06,1.5141541729442253e-05,0.0011228747459133405,0.0038912134006556685,-2.465402899849329,-1.3880694034432304e-05,0.04305948946044698,0.0,0.0,1.0,1.260847695009949e-06,1.5141541729442253e-05,0.015346426618955319
2022-12-02,2021-01-29,0.00030874743647108026,1.2167623380763446e-05,0.006135796642168431,2022-11-28,250,24069,2,100.0,0.00030874743647108026,1.2167623380763446e-05,0.00030874743647108026,1.2167623380763446e-05,0.01757121044410658,0.0034882120607502413,0.8014814021011174,0.0002965798130903168,0.04238876649178663,0.0,0.0,1.0,,,
2022-12-05,2021-02-01,6.045158492065576e-08,1.318544793115634e-05,0.006156552330694811,2022-11-30,250,24042,1,100.0,6.045158492065576e-08,1.318544793115634e-05,6.045158492065576e-08,1.318544793115634e-05,0.0002458690401832971,0.0036311772101009256,-13.768745212467001,-1.3124996346235684e-05,0.0424846116061553,0.0,0.0,1.0,,,
2023-01-09,2021-03-03,,,,2023-01-04,250,24451,2,100.0,4.898118740811264e-07,2.719586996744362e-06,4.898118740811264e-07,2.719586996744362e-06,0.0006998656114434587,0.001649117035490314,-1.3563338568515224,-2.2297751226632357e-06,0.04564235787870107,0.0,0.0,1.0,4.898118740811264e-07,2.719586996744362e-06,0.01628704906204906
2023-02-03,2021-03-24,,,,2023-01-30,250,24876,1,100.0,7.761868779632815e-07,8.017111723352266e-07,7.761868779632815e-07,8.017111723352266e-07,0.0008810146865763825,0.0008953832544420443,-0.016309112758946087,-2.552429437194513e-08,0.04554681495597039,0.0,0.0,1.0,7.761868779632815e-07,8.017111723352266e-07,0.015165502183406114
2023-02-08,2021-03-29,2.912492466485264e-05,5.526780562968067e-06,0.0044616876818622695,2023-02-03,250,24954,3,100.0,2.912492466485264e-05,5.526780562968067e-06,2.912492466485264e-05,5.526780562968067e-06,0.005396751306559589,0.002350910581661512,0.5643841177554262,2.3598144101884573e-05,0.046024438311279336,0.6666666666666666,0.3333333333333333,1.0,,,
2023-02-24,2021-04-12,3.501186384795076e-06,2.3495190257305697e-06,0.006157965194109772,2023-02-17,250,25445,1,100.0,3.501186384795076e-06,2.3495190257305697e-06,3.501186384795076e-06,2.3495190257305697e-06,0.0018711457411957723,0.0015328140871386099,0.18081523347344852,1.1516673590645064e-06,0.04726519246711422,0.0,0.0,1.0,,,
2023-02-27,2021-04-16,2.6802758751185205e-05,1.4148199234053573e-06,0.006270874514348034,2023-02-22,250,25398,1,100.0,2.6802758751185205e-05,1.4148199234053573e-06,2.6802758751185205e-05,1.4148199234053573e-06,0.005177138085002679,0.001189462031090256,0.770247188396243,2.5387938827779846e-05,0.04745594115629536,0.0,0.0,1.0,,,
2023-03-13,2021-04-30,,,,2023-03-08,250,25563,1,100.0,4.112974817765308e-08,7.043865734447595e-07,4.112974817765308e-08,7.043865734447595e-07,0.00020280470452544507,0.0008392774114944114,-3.138352773710487,-6.632568252671064e-07,0.04888539772981063,0.0,0.0,1.0,4.112974817765308e-08,7.043865734447595e-07,0.016378632323598766
2023-03-27,2021-05-17,2.852767565420029e-05,2.113500721694214e-06,0.005741029641185648,2023-03-22,250,25820,1,0.01,2.852767565420029e-05,2.113500721694214e-06,2.852767565420029e-05,2.113500721694214e-06,0.005341130559553875,0.001453788403342871,0.7278126068754438,2.6414174932506074e-05,0.04631090286325026,0.0,0.0,1.0,,,
2023-04-03,2021-05-24,,,,2023-03-29,250,26095,1,0.01,1.888764865214523e-06,6.040415636464291e-06,1.888764865214523e-06,6.040415636464291e-06,0.0013743234208928126,0.0024577257040736445,-0.788316830456846,-4.151650771249768e-06,0.04736057135983758,0.0,0.0,1.0,1.888764865214523e-06,6.040415636464291e-06,0.01578170692982242
2023-04-17,2021-06-02,3.54246769113135e-06,2.1229877830603118e-07,0.0055686701773500396,2023-04-10,250,26382,1,1.0,3.54246769113135e-06,2.1229877830603118e-07,3.54246769113135e-06,2.1229877830603118e-07,0.0018821444394974977,0.0004607589156012406,0.7551947098575198,3.330168912825319e-06,0.050122609403210616,1.0,1.0,1.0,,,
2023-04-21,2021-06-07,,,,2023-04-17,250,26466,3,0.01,1.245213625926438e-07,1.3784104098166852e-08,1.245213625926438e-07,1.3784104098166852e-08,0.00035287584586174756,0.00011740572429897467,0.6672888618594406,1.1073725849447695e-07,0.04993236874820902,0.0,0.0,1.0,1.245213625926438e-07,1.3784104098166852e-08,0.015686299407594445
2023-04-24,2021-06-09,5.1472937363090296e-05,1.1567699351263903e-05,0.005575081808265664,2023-04-19,250,26436,3,100.0,5.1472937363090296e-05,1.1567699351263903e-05,5.1472937363090296e-05,1.1567699351263903e-05,0.007174464256172045,0.003401132069071106,0.5259392272886185,3.990523801182639e-05,0.050122609403210616,0.3333333333333333,0.0,1.0,,,
2023-04-26,2021-06-11,3.6727689049051117e-10,2.2761652845511713e-06,0.005617634487390853,2023-04-21,250,26555,1,100.0,3.6727689049051117e-10,2.2761652845511713e-06,3.6727689049051117e-10,2.2761652845511713e-06,1.916446948106081e-05,0.00150869655151431,-77.72362723138627,-2.275798007660681e-06,0.04993236874820901,0.0,1.0,1.0,,,
2023-05-01,2021-06-16,1.014737030059888e-05,1.8566292061189147e-06,0.005421970768505423,2023-04-26,250,26739,7,100.0,1.014737030059888e-05,1.8566292061189147e-06,1.014737030059888e-05,1.8566292061189147e-06,0.003185493729486668,0.001362581816302755,0.5722541207066414,8.290741094479965e-06,0.04974209189481408,0.42857142857142855,0.42857142857142855,1.0,,,
2023-05-08,2021-06-23,4.148853016542956e-06,2.941068252011294e-06,0.0039753413608342465,2023-05-03,250,26891,2,1.0,3.219770643436534e-06,1.7756314961439118e-06,3.219770643436534e-06,1.7756314961439118e-06,0.0017943719356467137,0.0013325282346516758,0.25738459893410204,1.4441391472926222e-06,0.05126329393754153,0.5,0.5,1.0,2.2906882703301124e-06,6.101947402765296e-07,0.015657787848677992
2023-05-12,2021-06-28,,,,2023-05-08,250,27049,4,100.0,4.1083114761679204e-07,5.486851790094291e-09,4.1083114761679204e-07,5.486851790094291e-09,0.0006409611124060429,7.40732866159879e-05,0.8844340394724866,4.0534429582669777e-07,0.05069311431551812,0.25,0.0,1.0,4.1083114761679204e-07,5.486851790094291e-09,0.015676784024458303
2023-06-07,2021-07-21,2.9246511857324184e-06,4.399121651047632e-06,0.005189442553428938,2023-05-31,250,27414,1,100.0,2.9246511857324184e-06,4.399121651047632e-06,2.9246511857324184e-06,4.399121651047632e-06,0.0017101611578247292,0.0020974083176738935,-0.22643898680386965,-1.4744704653152135e-06,0.052971884766105724,0.0,0.0,1.0,,,
2023-06-16,2021-07-28,3.3472564503023365e-06,3.370842990292906e-06,0.00499973119724746,2023-06-09,250,27374,1,0.01,3.3472564503023365e-06,3.370842990292906e-06,3.3472564503023365e-06,3.370842990292906e-06,0.0018295508875957336,0.0018359855637485024,-0.003517079626697228,-2.3586539990569516e-08,0.051928092860359196,0.0,0.0,1.0,,,
2023-06-23,2021-08-02,,,,2023-06-16,250,27489,1,100.0,2.2763752435049756e-06,3.5127313763015836e-07,2.2763752435049756e-06,3.5127313763015836e-07,0.0015087661328068627,0.0005926829992754629,0.607173712089591,1.9251021058748172e-06,0.05259245011917059,0.0,0.0,1.0,2.2763752435049756e-06,3.5127313763015836e-07,0.014942083801058397
2023-06-26,2021-08-04,1.4285447421079497e-06,1.766753400826408e-06,0.004981787015213199,2023-06-21,250,27485,7,100.0,1.1089934393755538e-06,1.2653550664027034e-06,1.1089934393755538e-06,1.2653550664027034e-06,0.001053087574409438,0.001124880023114778,-0.06817329389305593,-1.5636162702714966e-07,0.052687322279006465,0.0,0.0,1.0,3.101151825445634e-07,1.185923034344143e-08,0.015055905911682557
2023-07-05,2021-08-11,1.0386311078391873e-06,6.946650578980101e-07,0.004832172919048114,2023-06-28,250,27685,1,100.0,1.0386311078391873e-06,6.946650578980101e-07,1.0386311078391873e-06,6.946650578980101e-07,0.0010191325271225462,0.0008334656908943584,0.18218124854910278,3.4396604994117716e-07,0.052971884766105724,0.0,0.0,1.0,,,
2023-07-10,2021-08-16,,,,2023-07-05,250,27858,1,0.01,1.7276682862513772e-07,8.105317777306938e-06,1.7276682862513772e-07,8.105317777306938e-06,0.00041565229293862645,0.0028469839791096362,-5.849436482069426,-7.932550948681801e-06,0.053161548114232356,0.0,0.0,1.0,1.7276682862513772e-07,8.105317777306938e-06,0.014872577813248205
2023-07-14,2021-08-18,4.752289680979509e-07,1.0623301084157983e-07,0.004880864910255065,2023-07-07,250,27921,3,0.01,4.752289680979509e-07,1.0623301084157983e-07,4.752289680979509e-07,1.0623301084157983e-07,0.0006893685285084828,0.00032593405903891026,0.5271991024247931,3.6899595725637107e-07,0.05325636630043149,0.0,0.0,1.0,,,
2023-07-21,2021-08-25,,,,2023-07-17,250,27989,2,0.01,3.595939135460198e-07,6.888835633402885e-08,3.595939135460198e-07,6.888835633402885e-08,0.0005996614991359873,0.00026246591461374344,0.5623098781697453,2.907055572119909e-07,0.05344597570562603,0.0,0.0,1.0,3.595939135460198e-07,6.888835633402885e-08,0.014424275730903623
2023-07-28,2021-09-01,5.943603135931932e-07,7.484494697939696e-09,0.004813166338888314,2023-07-24,250,28194,1,100.0,5.943603135931932e-07,7.484494697939696e-09,5.943603135931932e-07,7.484494697939696e-09,0.0007709476724092195,8.651297415960045e-05,0.8877835976996382,5.868758188952535e-07,0.05363554916590941,0.0,0.0,1.0,,,
2023-07-31,2021-09-03,4.49810173117138e-05,3.812968047476538e-06,0.004749017004544758,2023-07-26,250,28213,1,100.0,4.49810173117138e-05,3.812968047476538e-06,4.49810173117138e-05,3.812968047476538e-06,0.006706788897208097,0.0019526822699754659,0.7088498982294897,4.116804926423726e-05,0.05373032242096779,0.0,0.0,1.0,,,
2023-08-02,2021-09-08,1.1331425066300462e-06,1.8730004517340334e-07,0.004754479691214438,2023-07-28,250,28349,1,100.0,1.1331425066300462e-06,1.8730004517340334e-07,1.1331425066300462e-06,1.8730004517340334e-07,0.0010644916658340009,0.0004327817523572399,0.5934381017270183,9.458424614566429e-07,0.05391984198943043,0.0,0.0,1.0,,,
2023-08-07,2021-09-13,1.981599539545176e-06,4.4053614413800415e-07,0.0038463651849002687,2023-08-02,250,28468,2,100.0,1.981599539545176e-06,4.4053614413800415e-07,1.981599539545176e-06,4.4053614413800415e-07,0.0014076929848319826,0.000663728968885647,0.528498773498635,1.541063395407172e-06,0.05391984198943043,0.0,0.0,1.0,,,
2023-08-09,2021-09-17,5.53255857801569e-05,1.70910331707843e-05,0.0038932146829810895,2023-08-04,250,28492,2,100.0,5.53255857801569e-05,1.70910331707843e-05,5.53255857801569e-05,1.70910331707843e-05,0.007438117085671407,0.00413413027985141,0.44419666533412205,3.82345526093726e-05,0.05420405401351211,1.0,1.0,1.0,,,
2023-08-11,2021-09-20,6.442594301112379e-07,5.611273648829176e-08,0.0039332471764904195,2023-08-07,250,28561,1,100.0,6.442594301112379e-07,5.611273648829176e-08,6.442594301112379e-07,5.611273648829176e-08,0.0008026577291169866,0.00023688127086853397,0.7048788515010876,5.881466936229461e-07,0.05391984198943043,1.0,1.0,1.0,,,
2023-08-18,2021-09-24,,,,2023-08-11,250,28596,1,0.01,2.9917463724720605e-06,3.0738671045219847e-07,2.9917463724720605e-06,3.0738671045219847e-07,0.0017296665495037072,0.0005544246661650242,0.6794615318634074,2.684359662019862e-06,0.05410932564703195,0.0,0.0,1.0,2.9917463724720605e-06,3.0738671045219847e-07,0.01494961837310046
2023-08-21,2021-09-27,9.225364705771818e-07,3.592414298656221e-06,0.005387128202189236,2023-08-14,250,28656,1,0.01,9.225364705771818e-07,3.592414298656221e-06,9.225364705771818e-07,3.592414298656221e-06,0.0009604876212514047,0.0018953665341184594,-0.9733378048631331,-2.6698778280790393e-06,0.05401458830623825,0.0,0.0,1.0,,,
2023-08-25,2021-10-01,1.0024179469177664e-06,8.814077545328085e-07,0.0053294024265789774,2023-08-21,250,28905,3,100.0,1.0024179469177664e-06,8.814077545328085e-07,1.0024179469177664e-06,8.814077545328085e-07,0.001001208243532666,0.0009388331878096387,0.062299782413839266,1.2101019238495784e-07,0.0542987734073788,0.0,0.0,1.0,,,
2023-08-28,2021-10-04,7.153779746965901e-08,6.554696725906326e-06,0.0052628632215441454,2023-08-23,250,28873,1,100.0,7.153779746965901e-08,6.554696725906326e-06,7.153779746965901e-08,6.554696725906326e-06,0.00026746550706522703,0.0025602141953177133,-8.57212847147932,-6.483158928436667e-06,0.054582877770291714,0.0,0.0,1.0,,,
2023-09-01,2021-10-08,6.520208357816105e-07,8.297189309189524e-06,0.005003459839250545,2023-08-28,250,29056,2,100.0,6.520208357816105e-07,8.297189309189524e-06,6.520208357816105e-07,8.297189309189524e-06,0.0008074780713936512,0.0028804842143621483,-2.56725998687572,-7.645168473407914e-06,0.05410932564703195,0.0,0.0,1.0,,,
2023-09-06,2021-10-11,,,,2023-08-30,250,29076,1,100.0,7.84733083304767e-08,3.5777532697330885e-09,7.84733083304767e-08,3.5777532697330885e-09,0.0002801308771458025,5.981432328241362e-05,0.7864772213193711,7.489555506074362e-08,0.05401458830623825,0.0,0.0,1.0,7.84733083304767e-08,3.5777532697330885e-09,0.014518673760128217
2023-09-11,2021-10-18,4.5827592469591913e-07,3.7585921375314663e-07,0.005275564036367718,2023-09-06,250,29095,1,100.0,4.5827592469591913e-07,3.7585921375314663e-07,4.5827592469591913e-07,3.7585921375314663e-07,0.0006769607999699237,0.0006130735793957742,0.09437358939688667,8.24167109427725e-08,0.05401458830623825,0.0,0.0,1.0,,,
2023-09-15,2021-10-20,8.890952254521444e-10,2.7093601515121685e-06,0.005348810743143279,2023-09-08,250,29062,2,0.01,2.2179551712830575e-07,1.375316935147374e-06,2.2179551712830575e-07,1.375316935147374e-06,0.00047095171422164477,0.0011727390737701945,-1.4901471602209018,-1.1535214180190682e-06,0.05401458830623825,0.0,0.5,1.0,4.4270193903115933e-07,4.12737187825795e-08,0.014482567279509726
2023-09-20,2021-10-25,1.7215225471677123e-07,6.746873720841168e-06,0.005249343832020997,2023-09-15,250,29191,2,100.0,1.7215225471677123e-07,6.746873720841168e-06,1.7215225471677123e-07,6.746873720841168e-06,0.00041491234582351395,0.002597474488968307,-5.260296940099155,-6.574721466124397e-06,0.05391984198943043,0.0,0.0,1.0,,,
2023-09-22,2021-10-27,3.3446791100068548e-06,2.525237941000136e-06,0.005404473063876271,2023-09-18,250,29236,1,100.0,3.3446791100068548e-06,2.525237941000136e-06,3.3446791100068548e-06,2.525237941000136e-06,0.0018288463877556406,0.00158909972657481,0.13109174329017736,8.19441169006719e-07,0.05420405401351211,0.0,0.0,1.0,,,
2023-09-25,2021-10-29,3.2594674421787355e-06,2.3262031076060527e-06,0.005377882029864408,2023-09-20,250,29252,2,100.0,3.2594674421787355e-06,2.3262031076060527e-06,3.2594674421787355e-06,2.3262031076060527e-06,0.0018053995242545999,0.0015251895316996025,0.15520663919011968,9.332643345726828e-07,0.05410932564703195,0.0,0.0,1.0,,,
2023-09-29,2021-11-03,2.2453113107690928e-05,1.2298510982040478e-05,0.005507059581697815,2023-09-25,250,29444,1,0.01,2.2453113107690928e-05,1.2298510982040478e-05,2.2453113107690928e-05,1.2298510982040478e-05,0.004738471600388772,0.0035069232928651973,0.2599041233934021,1.015460212565045e-05,0.05410932564703195,0.0,0.0,1.0,,,
2023-10-02,2021-11-05,7.656895829220123e-08,3.3882180612078587e-06,0.005490333508556743,2023-09-27,250,29463,1,0.01,7.656895829220123e-08,3.3882180612078587e-06,7.656895829220123e-08,3.3882180612078587e-06,0.0002767109652547243,0.0018407112921932812,-5.652108240448034,-3.3116491029156577e-06,0.05401458830623825,0.0,0.0,1.0,,,
2023-10-16,2021-11-19,1.4632311538704552e-05,8.321610297908915e-07,0.005255800950517193,2023-10-09,250,29797,1,0.01,1.4632311538704552e-05,8.321610297908915e-07,1.4632311538704552e-05,8.321610297908915e-07,0.0038252204562226936,0.0009122286061020513,0.7615226059407688,1.3800150508913661e-05,0.05467756129069573,0.0,0.0,1.0,,,
2023-10-23,2021-11-26,1.556257451207634e-05,6.52334237463355e-06,0.0054372975474317456,2023-10-18,250,29780,6,0.01,1.556257451207634e-05,6.52334237463355e-06,1.556257451207634e-05,6.52334237463355e-06,0.003944942903525517,0.0025540834705689536,0.35256769666135857,9.039232137442792e-06,0.05429877340737881,0.5,0.16666666666666666,1.0,,,
2023-10-30,2021-12-03,7.246722213601589e-09,1.4720614124079972e-06,0.005587920580192605,2023-10-25,250,29990,1,0.01,7.246722213601589e-09,1.4720614124079972e-06,7.246722213601589e-09,1.4720614124079972e-06,8.512768182913e-05,0.001213285379623441,-13.252536349559852,-1.4648146901943956e-06,0.054393483830331636,0.0,0.0,1.0,,,
2023-11-09,2021-12-17,,,,2023-11-06,250,30156,1,100.0,1.627110000274771e-07,8.773009721817966e-09,1.627110000274771e-07,8.773009721817966e-09,0.0004033745158379209,9.366434605450446e-05,0.767798057693512,1.5393799030565912e-07,0.05391984198943043,0.0,0.0,1.0,1.627110000274771e-07,8.773009721817966e-09,0.014886540880503146
2023-11-13,2021-12-22,,,,2023-11-09,250,30046,1,1.0,5.372413432012998e-06,2.3755176061993237e-05,5.372413432012998e-06,2.3755176061993237e-05,0.002317846723149095,0.004873928196228709,-1.1027827886767447,-1.838276262998024e-05,0.05382508669490746,0.0,0.0,1.0,5.372413432012998e-06,2.3755176061993237e-05,0.014773019223349448
2023-11-17,2021-12-27,3.223936784659467e-05,1.3652582236965061e-05,0.005007643244952822,2023-11-10,250,30132,5,0.01,3.095676677959533e-05,3.4484639485516e-05,3.095676677959533e-05,3.4484639485516e-05,0.005563880550442769,0.005872362342832397,-0.05544364038603944,-3.5278727059206673e-06,0.053635549165909416,0.2,0.2,1.0,2.5826362511597963e-05,0.00011781286847971972,0.014457366235035426
2023-11-21,2021-12-31,1.168041408637528e-06,1.5431843839804325e-05,0.004962131104727083,2023-11-17,250,30287,4,100.0,1.0470819187479307e-06,1.171660710534221e-05,1.0470819187479307e-06,1.171660710534221e-05,0.0010232702080818783,0.003422952980299643,-2.3451115387361607,-1.0669525186594279e-05,0.05391984198943043,0.0,0.0,1.0,6.842034490791388e-07,5.708969019558595e-07,0.014329106678994409
2023-11-24,2022-01-05,,,,2023-11-21,250,30355,1,100.0,5.1362473179837916e-05,1.6956677600459922e-05,5.1362473179837916e-05,1.6956677600459922e-05,0.007166761694087359,0.004117848661675162,0.42542408448261604,3.440579557937799e-05,0.05391984198943043,0.0,0.0,1.0,5.1362473179837916e-05,1.6956677600459922e-05,0.014305173398971475
2023-11-27,2022-01-07,2.045309162892097e-06,7.66991152021826e-06,0.005000789598357635,2023-11-22,250,30482,6,100.0,1.4579804690320801e-06,5.171453578942539e-06,1.4579804690320801e-06,5.171453578942539e-06,0.0012074686203094804,0.0022740830193602297,-0.8833475099148917,-3.7134731099104586e-06,0.05391984198943043,0.0,0.0,1.0,2.8332308131204623e-07,1.7453769639109621e-07,0.01429637601581375
2023-12-04,2022-01-21,4.01263965069344e-07,2.1354290749133532e-06,0.004967580004183225,2023-11-29,250,30681,1,100.0,4.01263965069344e-07,2.1354290749133532e-06,4.01263965069344e-07,2.1354290749133532e-06,0.0006334539960165569,0.0014613107386566874,-1.306893235887792,-1.7341651098440093e-06,0.052877039600766916,0.0,0.0,1.0,,,
2023-12-15,2022-02-02,2.098429903981386e-09,4.1202447892484565e-06,0.0047953157336833065,2023-12-11,250,30852,3,0.01,1.0537676031438466e-07,1.4114200854943173e-06,1.0537676031438466e-07,1.4114200854943173e-06,0.00032461786813788403,0.0011880320220828719,-2.65978628625041,-1.3060433251799327e-06,0.052877039600766916,0.0,0.3333333333333333,1.0,1.5701592551958632e-07,5.7007733617247633e-08,0.01379025868096015
2023-12-22,2022-02-09,5.080730348403207e-07,5.003382118115943e-07,0.004879802753236079,2023-12-18,250,30892,2,100.0,5.080730348403207e-07,5.003382118115943e-07,5.080730348403207e-07,5.003382118115943e-07,0.0007127924205828235,0.0007073458926236826,0.007641113740642025,7.734823028726437e-09,0.05278218543896945,0.0,0.0,1.0,,,
2024-01-12,2022-03-02,3.172817578459815e-05,2.266179629409125e-07,0.005118810280726332,2024-01-08,250,31119,4,100.0,8.013309495012283e-06,7.071163076939741e-08,8.013309495012283e-06,7.071163076939741e-08,0.0028307789555195376,0.000265916586111881,0.906062398269074,7.942597864242886e-06,0.053161548114232356,0.25,0.0,1.0,1.0835406515032418e-07,1.874285337889239e-08,0.013926341975438227
2024-01-22,2022-03-09,,,,2024-01-17,250,31072,1,100.0,1.2532983075937453e-08,5.121139360834565e-06,1.2532983075937453e-08,5.121139360834565e-06,0.00011195080649971868,0.0022629934513459303,-19.214177298951544,-5.1086063777586275e-06,0.053066720936692235,0.0,0.0,1.0,1.2532983075937453e-08,5.121139360834565e-06,0.01375083017225297
2024-01-26,2022-03-14,5.394846524032455e-07,5.709043933297136e-07,0.004892619869186795,2024-01-22,250,31321,2,100.0,5.394846524032455e-07,5.709043933297136e-07,5.394846524032455e-07,5.709043933297136e-07,0.0007344961895090032,0.0007555821552483314,-0.028708066890617667,-3.141974092646808e-08,0.052971884766105724,0.0,0.0,1.0,,,
2024-01-29,2022-03-18,7.397316748381733e-07,5.057368745350478e-07,0.004937116723833282,2024-01-24,250,31279,3,100.0,7.397316748381733e-07,5.057368745350478e-07,7.397316748381733e-07,5.057368745350478e-07,0.0008600765517313987,0.0007111517942992535,0.17315290962455443,2.3399480030312555e-07,0.052971884766105724,0.0,0.0,1.0,,,
2024-02-02,2022-03-23,1.9664660237835925e-06,6.310399400925447e-06,0.005084020122016483,2024-01-29,250,31322,1,100.0,1.9664660237835925e-06,6.310399400925447e-06,1.9664660237835925e-06,6.310399400925447e-06,0.0014023073927579475,0.0025120508356570826,-0.7913696017223295,-4.343933377141855e-06,0.05278218543896945,0.0,0.0,1.0,,,
2024-02-12,2022-04-01,,,,2024-02-07,250,31413,4,100.0,8.456816780416465e-08,1.5121364498483195e-08,8.456816780416465e-08,1.5121364498483195e-08,0.0002908060656247814,0.00012296895745871473,0.5771444546917464,6.944680330568146e-08,0.052971884766105724,0.0,0.0,1.0,8.456816780416465e-08,1.5121364498483195e-08,0.013235859936153232
2024-02-16,2022-04-06,1.3727540574109979e-06,1.1620492316748017e-06,0.005221364081366257,2024-02-12,250,31443,1,0.01,1.3727540574109979e-06,1.1620492316748017e-06,1.3727540574109979e-06,1.1620492316748017e-06,0.0011716458754295164,0.0010779838735689889,0.07994053819904567,2.1070482573619613e-07,0.052877039600766916,0.0,0.0,1.0,,,
2024-02-21,2022-04-08,1.2553700950256995e-05,1.0566300674299295e-06,0.005287508261731659,2024-02-14,250,31427,4,100.0,3.580823549607116e-06,2.8986055335757636e-07,3.580823549607116e-06,2.8986055335757636e-07,0.001892306410073991,0.000538386992188311,0.7154863560562269,3.2909629962495397e-06,0.052971884766105724,0.0,0.0,1.0,5.898644160571556e-07,3.427071533345864e-08,0.013354160963040504
2024-02-28,2022-04-20,4.225372138664283e-06,4.032107113975242e-06,0.005256529595356732,2024-02-23,250,31539,2,100.0,4.225372138664283e-06,4.032107113975242e-06,4.225372138664283e-06,4.032107113975242e-06,0.002055571000638091,0.002008010735522906,0.023137252423011012,1.9326502468904064e-07,0.053066720936692235,0.0,0.0,1.0,,,
2024-03-01,2022-04-22,5.437617864487662e-07,9.695441896613732e-07,0.0053112033195020746,2024-02-26,250,31595,4,100.0,5.437617864487662e-07,9.695441896613732e-07,5.437617864487662e-07,9.695441896613732e-07,0.0007374020521050685,0.0009846543503490822,-0.3353018852309677,-4.25782403212607e-07,0.053066720936692235,0.0,0.0,1.0,,,
2024-03-04,2022-04-25,,,,2024-02-28,250,31550,2,100.0,3.2561417511242525e-06,4.1607104894495814e-06,3.2561417511242525e-06,4.1607104894495814e-06,0.0018044782490028114,0.0020397819710570985,-0.13039986610219345,-9.045687383253289e-07,0.05278218543896945,0.0,0.0,1.0,3.2561417511242525e-06,4.1607104894495814e-06,0.012935191576484352
2024-03-08,2022-05-02,1.2762883492343733e-06,9.552664240187519e-10,0.005680473372781065,2024-03-04,250,31600,2,100.0,6.72943654974275e-07,5.661072395959913e-10,6.72943654974275e-07,5.661072395959913e-10,0.0008203314299563775,2.37930082082109e-05,0.9709958593083821,6.72377547734679e-07,0.05325636630043149,0.5,0.0,1.0,6.959896071417654e-08,1.7694805517323066e-10,0.01288594432897574
2024-03-18,2022-05-11,5.504769468972697e-05,1.0373987030541632e-05,0.005561348627042057,2024-03-13,250,31655,1,100.0,5.504769468972697e-05,1.0373987030541632e-05,5.504769468972697e-05,1.0373987030541632e-05,0.007419413365605597,0.0032208674344874288,0.5658865093811185,4.467370765918534e-05,0.05335117549699457,0.0,0.0,1.0,,,
2024-03-27,2022-05-20,3.282773063455088e-07,2.5603066053196548e-05,0.005656708502739968,2024-03-22,250,31969,1,0.01,3.282773063455088e-07,2.5603066053196548e-05,3.282773063455088e-07,2.5603066053196548e-05,0.0005729548903234083,0.005059947238183077,-7.831318701768922,-2.5274788746851038e-05,0.053161548114232356,0.0,0.0,1.0,,,
2024-04-01,2022-05-23,7.768478332109515e-07,3.3411490897451943e-06,0.005598320503848846,2024-03-25,250,32017,1,0.01,7.768478332109515e-07,3.3411490897451943e-06,7.768478332109515e-07,3.3411490897451943e-06,0.0008813897169872993,0.0018278810381819695,-1.0738624503470455,-2.564301256534243e-06,0.053161548114232356,0.0,0.0,1.0,,,
2024-04-03,2022-05-25,4.203604854419896e-07,3.587268850525346e-06,0.005685856432125089,2024-03-27,250,31950,2,0.01,3.9407547793941253e-07,1.7985128974348958e-06,3.9407547793941253e-07,1.7985128974348958e-06,0.0006277543133578713,0.0013410864615806455,-1.1363237703730702,-1.4044374194954833e-06,0.05278218543896945,0.0,0.0,1.0,3.6779047043683543e-07,9.756944344445463e-09,0.012956876879192041
2024-04-05,2022-05-27,1.1376033974908362e-05,2.775604151111784e-07,0.005686530031986731,2024-04-01,250,31976,3,1.0,1.1376033974908362e-05,2.775604151111784e-07,1.1376033974908362e-05,2.775604151111784e-07,0.003372837673963626,0.0005268400280077231,0.8437991747795555,1.1098473559797183e-05,0.052687322279006465,0.6666666666666666,0.0,1.0,,,
2024-04-10,2022-06-03,,,,2024-04-05,250,32001,1,100.0,1.5899326371890545e-07,5.7634480420647346e-09,1.5899326371890545e-07,5.7634480420647346e-09,0.00039873959386911334,7.591737641715982e-05,0.8096066265190616,1.5322981567684073e-07,0.052877039600766916,0.0,0.0,1.0,1.5899326371890545e-07,5.7634480420647346e-09,0.012944901024416542
2024-04-24,2022-06-17,2.7812149160848805e-07,3.71123208615985e-05,0.005751947273816656,2024-04-19,250,32294,1,0.01,2.7812149160848805e-07,3.71123208615985e-05,2.7812149160848805e-07,3.71123208615985e-05,0.0005273722514585765,0.006091988251925516,-10.551590427969309,-3.683419936999001e-05,0.053066720936692235,0.0,0.0,1.0,,,
2024-04-29,2022-06-27,,,,2024-04-24,250,32375,1,0.01,2.4216193587186763e-08,5.153821196448326e-06,2.4216193587186763e-08,5.153821196448326e-06,0.00015561553131736807,0.002270202897638959,-13.588536750930237,-5.1296050028611396e-06,0.053161548114232356,0.0,0.0,1.0,2.4216193587186763e-08,5.153821196448326e-06,0.013226588753787431
2024-05-10,2022-07-11,2.602983629007873e-05,3.628537097070535e-05,0.005201278647667552,2024-05-06,250,32625,2,0.01,1.3179365946190926e-05,2.2624637088723863e-05,1.3179365946190926e-05,2.2624637088723863e-05,0.0036303396461200327,0.0047565362490707315,-0.31021797207165847,-9.445271142532938e-06,0.053161548114232356,0.0,0.0,1.0,3.2889560230312304e-07,8.963903206742376e-06,0.012923748005459753
2024-05-13,2022-07-15,,,,2024-05-08,250,32577,8,0.01,4.879983322106196e-07,4.257879157362896e-06,4.879983322106196e-07,4.257879157362896e-06,0.0006985687741451228,0.0020634629042856323,-1.9538436023150418,-3.7698808251522765e-06,0.05325636630043149,0.0,0.0,1.0,4.879983322106196e-07,4.257879157362896e-06,0.012907123108824206
2024-05-17,2022-07-18,7.23380434454957e-07,7.690272695302058e-06,0.005109565950273915,2024-05-10,250,32568,2,0.01,7.23380434454957e-07,7.690272695302058e-06,7.23380434454957e-07,7.690272695302058e-06,0.0008505177449383152,0.002773134092557022,-2.2605246734248285,-6.966892260847101e-06,0.053066720936692235,0.5,0.5,1.0,,,
2024-05-20,2022-07-20,3.171556548230529e-06,7.449083264885386e-06,0.005108758624321904,2024-05-13,250,32617,2,0.01,3.171556548230529e-06,7.449083264885386e-06,3.171556548230529e-06,7.449083264885386e-06,0.001780886450122671,0.0027293008747452867,-0.5325518786204964,-4.277526716654857e-06,0.053161548114232356,0.0,0.0,1.0,,,
2024-05-22,2022-07-22,1.967171345298112e-07,1.4412978176037616e-05,0.005042890564075904,2024-05-17,250,32709,1,100.0,1.967171345298112e-07,1.4412978176037616e-05,1.967171345298112e-07,1.4412978176037616e-05,0.00044352805382502153,0.003796442831920114,-7.559645323851077,-1.4216261041507806e-05,0.053066720936692235,0.0,0.0,1.0,,,
2024-05-31,2022-07-29,7.641846311190215e-08,1.1618979483915994e-06,0.0050708348580689,2024-05-24,250,32738,1,100.0,7.641846311190215e-08,1.1618979483915994e-06,7.641846311190215e-08,1.1618979483915994e-06,0.0002764388958014088,0.0010779137017366462,-2.8992837770232223,-1.0854794852796973e-06,0.053161548114232356,0.0,0.0,1.0,,,
2024-06-03,2022-08-01,,,,2024-05-29,250,32685,1,100.0,4.333218168598683e-08,5.888378704677685e-06,4.333218168598683e-08,5.888378704677685e-06,0.00020816383376078283,0.0024265981753635447,-10.6571554795255,-5.845046522991698e-06,0.053161548114232356,0.0,0.0,1.0,4.333218168598683e-08,5.888378704677685e-06,0.012747304548988375
2024-06-21,2022-08-19,,,,2024-06-14,250,32759,1,0.01,1.707470920814719e-07,5.869047189384971e-09,1.707470920814719e-07,5.869047189384971e-09,0.0004132155515968293,7.660970688747589e-05,0.8146011044564381,1.6487804489208692e-07,0.053540766928029816,0.0,0.0,1.0,1.707470920814719e-07,5.869047189384971e-09,0.009294659963436928
2024-06-24,2022-08-22,4.443432168342095e-07,2.2372443470091856e-06,0.00467492409272736,2024-06-17,250,32702,2,0.01,4.443432168342095e-07,2.2372443470091856e-06,4.443432168342095e-07,2.2372443470091856e-06,0.0006665907416355327,0.0014957420723537818,-1.2438686572271633,-1.7929011301749761e-06,0.05344597570562603,0.5,0.5,1.0,,,
2024-06-28,2022-08-26,5.543162677551599e-07,7.137494133084637e-06,0.004530593180756656,2024-06-24,250,32729,2,0.01,5.543162677551599e-07,7.137494133084637e-06,5.543162677551599e-07,7.137494133084637e-06,0.0007445241888314711,0.0026716089034670917,-2.5883439968017368,-6.583177865329477e-06,0.05344597570562603,0.0,0.0,1.0,,,
2024-07-05,2022-09-02,,,,2024-07-01,250,32701,1,0.01,9.955285583683872e-08,3.4838112441015696e-09,9.955285583683872e-08,3.4838112441015696e-09,0.0003155199769219672,5.902381929443036e-05,0.8129315935230693,9.606904459273715e-08,0.05325636630043149,0.0,0.0,1.0,9.955285583683872e-08,3.4838112441015696e-09,0.012409246364196859
2024-07-08,2022-09-07,,,,2024-07-03,250,32615,2,1.0,6.156453551366752e-09,5.821822932551281e-06,6.156453551366752e-09,5.821822932551281e-06,7.846307125882055e-05,0.002412845401709625,-29.751350450590234,-5.815666478999914e-06,0.053161548114232356,0.0,0.0,1.0,6.156453551366752e-09,5.821822932551281e-06,0.012338098586470503
2024-07-22,2022-09-21,7.3734184635981076e-09,0.0001467986456523673,0.004324372520172975,2024-07-15,250,32749,2,100.0,7.3734184635981076e-09,0.0001467986456523673,7.3734184635981076e-09,0.0001467986456523673,8.586861163194679e-05,0.012116049094171223,-140.09986016896931,-0.0001467912722339037,0.052877039600766916,0.0,0.5,1.0,,,
2024-07-26,2022-09-26,2.264481220838911e-06,1.555928498092887e-05,0.004459975171272242,2024-07-22,250,32902,2,100.0,2.264481220838911e-06,1.555928498092887e-05,2.264481220838911e-06,1.555928498092887e-05,0.0015048193316271926,0.0039445259513570035,-1.6212621465273873,-1.329480376008996e-05,0.05249756895775399,0.0,0.0,1.0,,,
2024-07-29,2022-09-28,1.8330668371387802e-06,1.3111022691068656e-05,0.004450357863828225,2024-07-24,250,32824,5,0.01,1.482810902308791e-06,1.1011088261005733e-05,1.482810902308791e-06,1.1011088261005733e-05,0.0012177072317715745,0.0033182959875523057,-1.7250359536131699,-9.528277358696942e-06,0.05240267879304835,0.6,0.6,1.0,8.178716298883225e-08,2.6113505407540336e-06,0.012569250973477332
2024-08-19,2022-10-07,2.0781168503701365e-05,1.1204782083026375e-05,0.00433532404335324,2024-08-14,250,32876,1,100.0,2.0781168503701365e-05,1.1204782083026375e-05,2.0781168503701365e-05,1.1204782083026375e-05,0.004558636693541323,0.0033473544901946634,0.2657115020950901,9.57638642067499e-06,0.051928092860359196,0.0,0.0,1.0,,,
2024-08-21,2022-10-10,,,,2024-08-16,250,32958,1,0.01,2.607732268526114e-07,3.8402125018774275e-06,2.607732268526114e-07,3.8402125018774275e-06,0.0005106595997850343,0.001959646014431542,-2.8374800263354865,-3.579439275024816e-06,0.0515482618805766,0.0,0.0,1.0,2.607732268526114e-07,3.8402125018774275e-06,0.01224843923393592
2024-08-23,2022-10-14,2.4957171855176006e-05,3.3045009599164817e-06,0.004364672872221974,2024-08-19,250,33008,4,0.01,1.8789670591772137e-05,3.441012595109016e-06,1.8789670591772137e-05,3.441012595109016e-06,0.004334705363894084,0.0018549966563606026,0.5720593441455578,1.534865799666312e-05,0.051453281588915704,0.25,0.25,1.0,2.8716680156052785e-07,3.850547500686618e-06,0.012303050951062528
2024-08-26,2022-10-17,,,,2024-08-21,250,33010,3,0.01,4.01745245028233e-06,1.155385669095562e-08,4.01745245028233e-06,1.155385669095562e-08,0.0020043583637369667,0.00010748886775362191,0.9463724303506198,4.005898593591374e-06,0.05116828657439943,0.0,0.0,1.0,4.01745245028233e-06,1.155385669095562e-08,0.01217370181274794
2024-08-28,2022-10-19,8.075397836046987e-07,1.8404393903622355e-05,0.0042976801298074815,2024-08-23,250,33136,1,0.01,8.075397836046987e-07,1.8404393903622355e-05,8.075397836046987e-07,1.8404393903622355e-05,0.0008986321736977253,0.0042900342543646846,-3.7739602252519973,-1.7596854120017655e-05,0.05097824476462945,0.0,0.0,1.0,,,
2024-09-06,2022-10-28,2.4776670679945116e-06,1.2115917966255464e-06,0.004406871121503732,2024-08-30,250,33229,5,0.01,2.4776670679945116e-06,1.2115917966255464e-06,2.4776670679945116e-06,1.2115917966255464e-06,0.001574060693872543,0.0011007233061153681,0.3007110142574353,1.2660752713689652e-06,0.05021771616061742,0.8,0.6,1.0,,,
2024-09-12,2022-11-04,1.960648233811048e-05,8.783207201774886e-06,0.004401329381119195,2024-09-09,250,33252,2,100.0,1.960648233811048e-05,8.783207201774886e-06,1.960648233811048e-05,8.783207201774886e-06,0.004427920769177163,0.00296364761767908,0.330690910661933,1.0823275136335594e-05,0.04974209189481407,1.0,0.0,1.0,,,
2024-09-13,2022-11-07,4.650780992042674e-07,2.514502070749184e-06,0.004399156080262153,2024-09-11,250,33178,1,100.0,4.650780992042674e-07,2.514502070749184e-06,4.650780992042674e-07,2.514502070749184e-06,0.0006819663475599565,0.0015857181561517116,-1.3252146705263925,-2.0494239715449167e-06,0.049361429537724114,0.0,0.0,1.0,,,
2024-09-16,2022-11-09,,,,2024-09-12,250,33107,1,100.0,2.0526272754078622e-07,3.412065885315176e-12,2.0526272754078622e-07,3.412065885315176e-12,0.00045305929804031857,1.847177816376966e-06,0.9959228784744805,2.052593154749009e-07,0.04850440905961498,1.0,0.0,1.0,2.0526272754078622e-07,3.412065885315176e-12,0.00935932456717852
2024-09-17,2022-11-11,5.451845891523218e-05,8.363643877425456e-05,0.004530325443786982,2024-09-13,250,33108,2,0.01,2.7283870850448407e-05,4.18200497946371e-05,2.7283870850448407e-05,4.18200497946371e-05,0.005223396486047025,0.006466842335687263,-0.23805312366422648,-1.4536178944188692e-05,0.048409139207687545,0.0,0.0,1.0,4.9282785664632276e-08,3.6608150196413518e-09,0.009345522706275318
2024-09-20,2022-11-21,1.0501484412203956e-05,1.3538708464458866e-05,0.00428190675929567,2024-09-18,250,33083,6,0.01,7.5699083623106305e-06,9.047848475125815e-06,7.5699083623106305e-06,9.047848475125815e-06,0.0027513466452467653,0.0030079641745083693,-0.09326979197802543,-1.4779401128151842e-06,0.04688358589885042,0.16666666666666666,0.16666666666666666,1.0,1.7067562625239772e-06,6.612849645971155e-08,0.009212291148551613
2024-09-24,2022-11-25,2.7073218942867138e-06,2.0542693623485096e-06,0.004327283966971343,2024-09-20,250,33118,1,0.01,2.7073218942867138e-06,2.0542693623485096e-06,2.7073218942867138e-06,2.0542693623485096e-06,0.0016453941455732465,0.0014332722568823097,0.1289185872343278,6.530525319382042e-07,0.04611993561355312,0.0,0.0,1.0,,,
2024-09-25,2022-11-28,8.746465181727893e-07,3.339803020769795e-07,0.00431015525355148,2024-09-23,250,33087,1,0.01,8.746465181727893e-07,3.339803020769795e-07,8.746465181727893e-07,3.339803020769795e-07,0.0009352253836230009,0.000577910288952342,0.38206308439409975,5.406662160958098e-07,0.045833416343172215,0.0,0.0,1.0,,,
2024-09-26,2022-11-30,3.2764076948339823e-07,1.5492086067326066e-06,0.004329195564783319,2024-09-24,250,32967,1,1.0,3.2764076948339823e-07,1.5492086067326066e-06,3.2764076948339823e-07,1.5492086067326066e-06,0.0005723991347682125,0.0012446720880346786,-1.1744828257623006,-1.2215678372492085e-06,0.045833416343172215,0.0,0.0,1.0,,,
2024-09-27,2022-12-02,7.514824205379972e-07,2.9708654551107842e-06,0.0043073136427566805,2024-09-25,250,33061,3,1.0,7.514824205379972e-07,2.9708654551107842e-06,7.514824205379972e-07,2.9708654551107842e-06,0.0008668808571758851,0.0017236198696669704,-0.9883007629008678,-2.219383034572787e-06,0.04573789167385373,0.0,0.0,1.0,,,
2024-10-02,2022-12-09,2.854835449920727e-06,1.19063144934675e-05,0.004332257636709252,2024-09-30,250,33043,2,0.01,2.854835449920727e-06,1.19063144934675e-05,2.854835449920727e-06,1.19063144934675e-05,0.0016896258313368457,0.003450552780855192,-1.0421993537617062,-9.051479043546772e-06,0.046024438311279336,0.0,0.0,1.0,,,
2024-10-03,2022-12-12,7.632484086440368e-07,1.3913248286234914e-06,0.004321368727401006,2024-10-01,250,33021,2,0.01,7.632484086440368e-07,1.3913248286234914e-06,7.632484086440368e-07,1.3913248286234914e-06,0.0008736408922686923,0.001179544330927622,-0.3501478025651388,-6.280764199794546e-07,0.045833416343172215,0.0,0.0,1.0,,,
2024-10-10,2022-12-28,8.785364686436341e-06,2.047077971923253e-05,0.004269408381981354,2024-10-08,250,32868,2,0.01,8.785364686436341e-06,2.047077971923253e-05,8.785364686436341e-06,2.047077971923253e-05,0.002964011586758112,0.004524464578182985,-0.5264665625452627,-1.168541503279619e-05,0.046406372814155744,0.0,0.0,1.0,,,
2024-10-11,2022-12-30,4.1197456735777846e-06,8.431013337056716e-08,0.004278728606356968,2024-10-09,250,32941,1,0.01,4.1197456735777846e-06,8.431013337056716e-08,4.1197456735777846e-06,8.431013337056716e-08,0.002029715663234086,0.0002903620728858491,0.8569444587015724,4.035435540207217e-06,0.046406372814155744,0.0,0.0,1.0,,,
2024-10-16,2023-01-06,4.745829583164496e-07,7.33642302213972e-08,0.004190720547359418,2024-10-11,250,32945,1,0.01,4.745829583164496e-07,7.33642302213972e-08,4.745829583164496e-07,7.33642302213972e-08,0.0006888998173293774,0.00027085832130727903,0.6068248031226056,4.012187280950524e-07,0.04621542379696299,0.0,0.0,1.0,,,
2024-10-17,2023-01-09,5.397109373921835e-06,3.2745798787555377e-06,0.004228147381137286,2024-10-14,250,32971,3,0.01,5.397109373921835e-06,3.2745798787555377e-06,5.397109373921835e-06,3.2745798787555377e-06,0.0023231679607643167,0.0018095800282815727,0.22107223461956438,2.122529495166297e-06,0.04611993561355312,0.0,0.0,1.0,,,
2024-10-18,2023-01-13,,,,2024-10-16,250,32907,1,1.0,8.62961042206652e-08,5.906835025454627e-06,8.62961042206652e-08,5.906835025454627e-06,0.00029376198566299417,0.0024303981207725264,-7.2733581586036,-5.820538921233962e-06,0.04631090286325026,0.0,0.0,1.0,8.62961042206652e-08,5.906835025454627e-06,0.012029818837468875
2024-10-21,2023-01-23,2.1054886988467328e-08,7.248452744332332e-07,0.004170212765957446,2024-10-17,250,32960,1,1.0,2.1054886988467328e-08,7.248452744332332e-07,2.1054886988467328e-08,7.248452744332332e-07,0.00014510302198254634,0.000851378455466917,-4.867406783363372,-7.037903874447658e-07,0.04621542379696299,0.0,0.0,1.0,,,
2024-10-24,2023-01-30,1.650465823872765e-05,1.3042671499180526e-05,0.0042468365401282715,2024-10-22,250,32907,6,100.0,1.650465823872765e-05,1.3042671499180526e-05,1.650465823872765e-05,1.3042671499180526e-05,0.00406259255140454,0.003611463899747653,0.11104452291208,3.4619867395471243e-06,0.04621542379696298,0.16666666666666666,0.0,1.0,,,
2024-10-25,2023-02-01,8.994686843671538e-06,9.615714364929242e-07,0.004250336123519972,2024-10-23,250,32903,3,1.0,6.4750984887625885e-06,4.715077061501974e-06,6.4750984887625885e-06,4.715077061501974e-06,0.002544621482413954,0.0021714228196051486,0.14666175908205037,1.7600214272606142e-06,0.045928931888399804,0.6666666666666666,0.0,1.0,1.4359217789446909e-06,1.2222088311520073e-05,0.012094408190042124
2024-10-29,2023-02-06,1.5457199720526346e-07,1.0098829569411925e-05,0.004198800342759212,2024-10-25,250,33010,2,0.01,1.5457199720526346e-07,1.0098829569411925e-05,1.5457199720526346e-07,1.0098829569411925e-05,0.00039315645385172484,0.003177865568178101,-7.082954093834111,-9.944257572206661e-06,0.045928931888399804,0.0,0.0,1.0,,,
2024-10-30,2023-02-08,,,,2024-10-28,250,32890,1,0.01,2.6277452092514473e-08,2.5569829681005656e-06,2.6277452092514473e-08,2.5569829681005656e-06,0.00016210321431888534,0.0015990568995819271,-8.864436718918496,-2.530705516008051e-06,0.045928931888399804,0.0,0.0,1.0,2.6277452092514473e-08,2.5569829681005656e-06,0.012041812056310913
2024-11-11,2023-03-03,,,,2024-11-07,250,32845,2,100.0,8.096779163758733e-09,2.849552877408637e-06,8.096779163758733e-09,2.849552877408637e-06,8.998210468620265e-05,0.00168806187013647,-17.759973174925168,-2.841456098244878e-06,0.04526013140486457,0.0,0.5,1.0,8.096779163758733e-09,2.849552877408637e-06,0.01171127066651064
2024-11-19,2023-03-17,1.849301753474999e-05,6.147273325657235e-06,0.004341724410139461,2024-11-15,250,32824,5,100.0,1.849301753474999e-05,6.147273325657235e-06,1.849301753474999e-05,6.147273325657235e-06,0.0043003508618193,0.002479369541971756,0.423449476184639,1.2345744209092754e-05,0.04526013140486457,0.2,0.0,1.0,,,
2024-11-20,2023-03-20,2.1555561200840555e-07,5.463517232307264e-06,0.004336779393727002,2024-11-18,250,32786,7,100.0,2.0414441674346475e-07,5.995457107341945e-06,2.0414441674346475e-07,5.995457107341945e-06,0.0004518234353632675,0.0024485622531073095,-4.419290062142655,-5.79131269059848e-06,0.04516455195437364,0.0,0.14285714285714285,1.0,1.8892948972354363e-07,6.704710274054852e-06,0.011867804506183298
2024-11-21,2023-03-22,4.996156274596199e-06,2.625531136618588e-06,0.004323144104803493,2024-11-19,250,32664,2,100.0,4.996156274596199e-06,2.625531136618588e-06,4.996156274596199e-06,2.625531136618588e-06,0.0022352083291264373,0.0016203490786304623,0.2750791693480643,2.3706251379776105e-06,0.04516455195437364,0.5,0.0,1.0,,,
2024-11-25,2023-03-27,,,,2024-11-21,250,32715,1,100.0,1.79274657633901e-07,6.38156989968756e-06,1.79274657633901e-07,6.38156989968756e-06,0.00042340838162925045,0.0025261769335673144,-4.966289386730454,-6.202295242053659e-06,0.04526013140486457,0.0,0.0,1.0,1.79274657633901e-07,6.38156989968756e-06,0.011763975416029958
2024-11-27,2023-03-31,6.365208736188255e-06,1.1475270269660895e-05,0.004211690632179018,2024-11-25,250,32791,6,100.0,6.365208736188255e-06,1.1475270269660895e-05,6.365208736188255e-06,1.1475270269660895e-05,0.0025229365303527265,0.003387516829428438,-0.342688089325353,-5.110061533472641e-06,0.04506896336757812,0.16666666666666666,0.0,1.0,,,
2024-11-29,2023-04-03,2.4486974918298062e-08,6.980706107919611e-06,0.004214021197803601,2024-11-26,250,32691,1,100.0,2.4486974918298062e-08,6.980706107919611e-06,2.4486974918298062e-08,6.980706107919611e-06,0.00015648314579627437,0.002642102592239675,-15.884263022673586,-6.956219133001313e-06,0.044973365642731154,0.0,0.0,1.0,,,
2024-12-04,2023-04-14,1.2272393669629485e-06,7.31940283565232e-06,0.004079950546053987,2024-12-02,250,32748,5,100.0,1.2272393669629485e-06,7.31940283565232e-06,1.2272393669629485e-06,7.31940283565232e-06,0.001107808362020683,0.0027054394902958595,-1.442154783306599,-6.092163468689372e-06,0.04392118705792815,0.0,0.0,1.0,,,
2024-12-05,2023-04-17,2.735517947511821e-06,7.690696121353666e-06,0.004073906423603967,2024-12-03,250,32753,7,100.0,2.735517947511821e-06,7.690696121353666e-06,2.735517947511821e-06,7.690696121353666e-06,0.001653940128152111,0.002773210435822292,-0.6767296400993077,-4.955178173841846e-06,0.04372976286132523,0.2857142857142857,0.14285714285714285,1.0,,,
2024-12-09,2023-04-21,,,,2024-12-05,250,32909,1,100.0,3.616966379358596e-08,2.3888745198937216e-08,3.616966379358596e-08,2.3888745198937216e-08,0.00019018323741483098,0.00015455984342298363,0.18731090329556743,1.2280918594648747e-08,0.04325104199431493,0.0,0.0,1.0,3.616966379358596e-08,2.3888745198937216e-08,0.011525912702982841
2024-12-10,2023-04-24,4.173065691887554e-07,2.359811898482312e-06,0.004012158054711246,2024-12-06,250,32903,1,100.0,4.173065691887554e-07,2.359811898482312e-06,4.173065691887554e-07,2.359811898482312e-06,0.0006459927005692521,0.0015361679265244123,-1.3779957965016219,-1.942505329293557e-06,0.04325104199431493,1.0,1.0,1.0,,,
2024-12-11,2023-04-26,2.9053465029707926e-07,4.5200826353381465e-06,0.003995641118779513,2024-12-09,250,32822,1,100.0,2.9053465029707926e-07,4.5200826353381465e-06,2.9053465029707926e-07,4.5200826353381465e-06,0.0005390126624645095,0.002126048596654871,-2.9443388712502787,-4.229547985041067e-06,0.0431552703139276,0.0,0.0,1.0,,,
2024-12-12,2023-04-28,,,,2024-12-10,250,32796,2,100.0,3.7820198448053877e-07,2.8760655254771537e-08,3.7820198448053877e-07,2.8760655254771537e-08,0.0006149812879108914,0.00016958966729954845,0.7242360529770763,3.4944132922576725e-07,0.042867900227175806,0.0,0.0,1.0,3.7820198448053877e-07,2.8760655254771537e-08,0.011532553583775062
2024-12-13,2023-05-01,8.184694083908888e-07,2.948814767019019e-06,0.003992579448298113,2024-12-11,250,32757,4,100.0,8.184694083908888e-07,2.948814767019019e-06,8.184694083908888e-07,2.948814767019019e-06,0.0009046929912356395,0.0017172113344079171,-0.8981149970693718,-2.13034535862813e-06,0.04258044753511839,0.5,1.0,1.0,,,
2024-12-26,2023-05-22,,,,2024-12-23,250,32697,1,0.01,2.488870628670818e-07,4.3461294433263377e-08,2.488870628670818e-07,4.3461294433263377e-08,0.0004988858214732924,0.0002084737260022552,0.582121365192144,2.0542576843381841e-07,0.04305948946044698,0.0,0.0,1.0,2.488870628670818e-07,4.3461294433263377e-08,0.011749609180109763
2025-01-06,2023-06-09,3.4057503396815954e-05,7.1106532013076e-06,0.0040680473372781065,2025-01-02,250,32633,1,0.01,3.4057503396815954e-05,7.1106532013076e-06,3.4057503396815954e-05,7.1106532013076e-06,0.005835880687335542,0.002666580807196287,0.5430713974356878,2.6946850195508355e-05,0.0424846116061553,0.0,0.0,1.0,,,
2025-01-08,2023-06-16,3.152028490826835e-05,9.628147457070302e-06,0.0040873622063498614,2025-01-06,250,32786,2,0.01,3.152028490826835e-05,9.628147457070302e-06,3.152028490826835e-05,9.628147457070302e-06,0.005614292912581988,0.003102925628672125,0.44731675440049257,2.1892137451198047e-05,0.04258044753511839,0.5,0.0,1.0,,,
2025-01-13,2023-06-23,3.1272426150233925e-06,4.809542295425332e-08,0.004179860671310956,2025-01-08,250,32792,2,0.01,1.564083925325314e-06,1.582826353644683e-06,1.564083925325314e-06,1.582826353644683e-06,0.0012506334096470133,0.001258104269782391,-0.005973661088652937,-1.8742428319368996e-08,0.04267627428043631,0.0,0.0,1.0,9.252356272355269e-10,3.1175572843351126e-06,0.012170821202776964
2025-01-15,2023-06-26,2.516722952351402e-07,4.740225321635005e-09,0.004243827160493827,2025-01-10,250,32717,1,0.01,2.516722952351402e-07,4.740225321635005e-09,2.516722952351402e-07,4.740225321635005e-09,0.0005016695079782508,6.884929427114707e-05,0.8627596591456941,2.4693206991350517e-07,0.04267627428043631,0.0,0.0,1.0,,,
2025-01-16,2023-06-28,,,,2025-01-13,250,32712,1,0.01,2.111848328126575e-06,5.23031499644495e-07,2.111848328126575e-06,5.23031499644495e-07,0.0014532199861433833,0.0007232091672846072,0.5023402002583998,1.58881682848208e-06,0.04258044753511839,0.0,0.0,1.0,2.111848328126575e-06,5.23031499644495e-07,0.011918485778872431
2025-01-22,2023-07-07,2.6346384200562605e-06,6.874330794561644e-07,0.004446640316205534,2025-01-17,250,32867,2,0.01,1.5402574812521997e-06,3.5061116735120076e-07,1.5402574812521997e-06,3.5061116735120076e-07,0.001241071102416054,0.0005921242837033462,0.5228925381062948,1.1896463139009989e-06,0.04267627428043631,0.0,0.0,1.0,4.458765424481391e-07,1.378925524623708e-08,0.011715512809883095
2025-01-23,2023-07-10,4.933886379513143e-05,1.5591705336742545e-06,0.004422999597909127,2025-01-21,250,32827,1,0.01,4.933886379513143e-05,1.5591705336742545e-06,4.933886379513143e-05,1.5591705336742545e-06,0.007024162853688077,0.001248667503250667,0.8222325522257721,4.777969326145718e-05,0.04267627428043631,1.0,0.0,1.0,,,
2025-01-24,2023-07-14,1.882120420103287e-06,3.8433914430693634e-07,0.004426361441473665,2025-01-22,250,32820,1,0.01,1.882120420103287e-06,3.8433914430693634e-07,1.882120420103287e-06,3.8433914430693634e-07,0.0013719039398235166,0.0006199509208856265,0.5481090892082592,1.4977812757963508e-06,0.04267627428043631,0.0,0.0,1.0,,,
2025-01-29,2023-07-21,3.475751670346285e-05,2.5372139986594877e-05,0.004155124653739612,2025-01-27,250,33074,3,0.01,3.475751670346285e-05,2.5372139986594877e-05,3.475751670346285e-05,2.5372139986594877e-05,0.0058955505852687625,0.005037076531738909,0.1456138898502417,9.385376716867976e-06,0.04219704869978835,0.0,0.0,1.0,,,
2025-02-03,2023-07-28,,,,2025-01-30,250,32945,2,0.01,4.7925025109958514e-08,1.631625085604858e-08,4.7925025109958514e-08,1.631625085604858e-08,0.0002189178501400891,0.00012773508075720067,0.4165159182978414,3.1608774253909934e-08,0.04219704869978835,0.0,0.0,1.0,4.7925025109958514e-08,1.631625085604858e-08,0.011739456980492505
2025-02-05,2023-08-02,1.3635849027195603e-07,3.6563166150977907e-08,0.0042525773195876285,2025-02-03,250,32974,2,100.0,5.7372578261628e-07,4.493332329899915e-06,5.7372578261628e-07,4.493332329899915e-06,0.0007574468843531407,0.0021197481760576926,-1.7985436600850986,-3.919606547283635e-06,0.04238876649178663,0.5,0.0,1.0,1.011093074960604e-06,8.950101493648852e-06,0.011740237296021801
2025-02-06,2023-08-04,,,,2025-02-04,250,32960,1,100.0,2.091992434482333e-07,6.367067178051573e-06,2.091992434482333e-07,6.367067178051573e-06,0.00045738303799794903,0.002523304812750844,-4.516830759172488,-6.15786793460334e-06,0.04238876649178663,0.0,0.0,1.0,2.091992434482333e-07,6.367067178051573e-06,0.011692827115951142
2025-02-10,2023-08-09,4.686287368915669e-06,5.144245491936883e-07,0.0032948205421078065,2025-02-06,250,32926,1,100.0,4.686287368915669e-06,5.144245491936883e-07,4.686287368915669e-06,5.144245491936883e-07,0.0021647834461940227,0.0007172339570835225,0.6686809674452587,4.171862819721981e-06,0.04258044753511839,1.0,0.0,1.0,,,
2025-02-11,2023-08-11,,,,2025-02-07,250,33003,2,100.0,1.0914145218501586e-06,1.4283493630895675e-07,1.0914145218501586e-06,1.4283493630895675e-07,0.0010447078643573803,0.0003779350953655359,0.6382384891895009,9.485795855412018e-07,0.04258044753511839,0.0,0.0,1.0,1.0914145218501586e-06,1.4283493630895675e-07,0.011680648094568901
2025-02-19,2023-08-25,,,,2025-02-14,250,32829,6,100.0,9.838804284763361e-07,3.6496171407036397e-06,9.838804284763361e-07,3.6496171407036397e-06,0.000991907469714961,0.001910397115969253,-0.9259831932894238,-2.6657367122273038e-06,0.0424846116061553,0.0,0.0,1.0,9.838804284763361e-07,3.6496171407036397e-06,0.011553811182521382
2025-02-20,2023-08-28,4.095960042723998e-06,6.066638344522506e-06,0.0040837995671172455,2025-02-18,250,32724,6,100.0,3.681983233566935e-06,5.073298263125794e-06,3.681983233566935e-06,5.073298263125794e-06,0.0019188494556809127,0.0022523983358024827,-0.17382753979686671,-1.3913150295588591e-06,0.0424846116061553,0.0,0.0,1.0,1.612099187781621e-06,1.0659785614223506e-07,0.011526666992968202
2025-02-21,2023-08-30,2.9613240455122057e-06,1.6895816197076924e-06,0.004067851767481593,2025-02-19,250,32723,2,100.0,2.9613240455122057e-06,1.6895816197076924e-06,2.9613240455122057e-06,1.6895816197076924e-06,0.0017208498032984184,0.001299839074542573,0.2446528034863229,1.2717424258045133e-06,0.04238876649178663,0.0,0.0,1.0,,,
2025-02-25,2023-09-06,3.0045799196643103e-06,2.6387195402210153e-05,0.004046944556859571,2025-02-21,250,32838,2,100.0,3.0045799196643103e-06,2.6387195402210153e-05,3.0045799196643103e-06,2.6387195402210153e-05,0.0017333724122831511,0.005136846834606824,-1.9634986678025577,-2.3382615482545844e-05,0.04219704869978835,0.0,0.0,1.0,,,
2025-03-05,2023-09-22,1.9576297359060967e-07,3.5749622193878334e-06,0.004238545331242317,2025-03-03,250,32960,1,0.01,1.9576297359060967e-07,3.5749622193878334e-06,1.9576297359060967e-07,3.5749622193878334e-06,0.0004424510974001643,0.0018907570492762505,-3.27336955515832,-3.379199245797224e-06,0.0424846116061553,0.0,1.0,1.0,,,
2025-03-06,2023-09-25,5.5392761145097826e-06,3.2248493432076823e-06,0.004241961482989734,2025-03-04,250,32864,2,0.01,5.5392761145097826e-06,3.2248493432076823e-06,5.5392761145097826e-06,3.2248493432076823e-06,0.0023535666794271587,0.0017957865527973202,0.23699355174657644,2.3144267713021003e-06,0.04258044753511839,1.0,1.0,1.0,,,
2025-03-17,2023-10-13,1.2395965690270665e-05,1.5189792322110134e-05,0.0046840601433322405,2025-03-13,250,32751,1,0.01,1.2395965690270665e-05,1.5189792322110134e-05,1.2395965690270665e-05,1.5189792322110134e-05,0.003520790492243278,0.0038974084109969966,-0.10696970455454613,-2.7938266318394698e-06,0.04238876649178663,0.0,0.0,1.0,,,
2025-03-24,2023-10-25,4.938611586202379e-05,5.38300952367041e-05,0.004581481651165987,2025-03-20,250,32740,53,0.01,5.779756396601698e-05,6.014747183430962e-05,5.779756396601698e-05,6.014747183430962e-05,0.007602470911882333,0.00775548011629903,-0.020126246609842413,-2.349907868292636e-06,0.04238876649178664,0.05660377358490566,0.05660377358490566,1.0,0.0004951928653736633,0.00038865105490979644,0.012705470052129507
2025-03-28,2023-11-06,,,,2025-03-26,250,32747,1,0.01,1.2427425531203577e-06,7.955621704071869e-07,1.2427425531203577e-06,7.955621704071869e-07,0.0011147836351150648,0.0008919429188054507,0.19989593432326713,4.4718038271317085e-07,0.04238876649178663,0.0,0.0,1.0,1.2427425531203577e-06,7.955621704071869e-07,0.01263601431896734
2025-04-25,2023-12-18,0.0007249528087157139,3.1175394325304515e-06,0.004799155348658636,2025-04-23,250,32799,1,1.0,0.0007249528087157139,3.1175394325304515e-06,0.0007249528087157139,3.1175394325304515e-06,0.026924947701262372,0.0017656555248775033,0.934423065757906,0.0007218352692831835,0.042292912190251455,0.0,0.0,1.0,,,
2025-04-28,2023-12-20,1.19408576590099e-06,6.113379321715443e-06,0.0047782874617737,2025-04-24,250,32790,2,100.0,2.183422311769639e-05,1.114564251490033e-05,2.183422311769639e-05,1.114564251490033e-05,0.004672710467993538,0.003338509025732944,0.28553051840027666,1.0688580602796062e-05,0.042292912190251455,0.0,0.0,1.0,4.2474360469491794e-05,1.6177905708085215e-05,0.013013277277349992
2025-04-30,2023-12-27,1.1538948808034444e-06,0.00010219091549643206,0.004734624307561195,2025-04-28,250,32950,1,100.0,1.1538948808034444e-06,0.00010219091549643206,1.1538948808034444e-06,0.00010219091549643206,0.0010741949919839714,0.010108952245234521,-8.410723677424631,-0.00010103702061562862,0.04219704869978835,0.0,0.0,1.0,,,
2025-05-05,2024-01-05,5.6522023880181984e-08,3.907220337895559e-06,0.004869734599464329,2025-05-01,250,33055,2,100.0,1.7774596116338164e-07,1.650035182579527e-05,1.7774596116338164e-07,1.650035182579527e-05,0.0004215992898041713,0.004062062508848833,-8.6348893536695,-1.632260586463189e-05,0.04238876649178663,0.0,0.0,1.0,2.989698984465813e-07,2.909348331369498e-05,0.0126431487754958
2025-05-07,2024-01-10,,,,2025-05-05,250,33261,2,100.0,6.865071537400793e-05,1.9750763672487768e-05,6.865071537400793e-05,1.9750763672487768e-05,0.00828557272456213,0.004444183127694871,0.46362390682778853,4.889995170152016e-05,0.04238876649178663,0.0,0.0,1.0,6.865071537400793e-05,1.9750763672487768e-05,0.012823248031496063
2025-05-14,2024-01-24,0.001612867053495341,1.7771985810341412e-05,0.004743342882637487,2025-05-12,250,33512,2,0.01,0.001612867053495341,1.7771985810341412e-05,0.001612867053495341,1.7771985810341412e-05,0.04016051610095843,0.004215683314759472,0.8950291549002563,0.0015950950676849997,0.0431552703139276,0.0,0.0,1.0,,,
2025-05-15,2024-01-26,0.0012287103562186057,4.372768745029142e-05,0.004756746573729572,2025-05-13,250,33464,1,0.01,0.0012287103562186057,4.372768745029142e-05,0.0012287103562186057,4.372768745029142e-05,0.03505296501322828,0.00661269139233727,0.8113514394619179,0.0011849826687683142,0.0431552703139276,0.0,0.0,1.0,,,
2025-05-16,2024-01-29,0.00038687554946777007,2.741723736409876e-05,0.004776542917947505,2025-05-14,250,33516,2,100.0,0.00038687554946777007,2.741723736409876e-05,0.00038687554946777007,2.741723736409876e-05,0.019669152230530174,0.005236147187016304,0.7337888727665225,0.0003594583121036713,0.042867900227175806,0.0,0.5,1.0,,,
2025-05-19,2024-01-31,4.720775712124586e-06,3.950370153862378e-05,0.004780838776862634,2025-05-15,250,33501,2,100.0,2.38803498905902e-06,2.3223643704816573e-05,2.38803498905902e-06,2.3223643704816573e-05,0.0015453268227333078,0.004819091585020622,-2.1184934566118643,-2.0835608715757554e-05,0.04277209184386899,0.0,0.0,1.0,5.5294265993454504e-08,6.943585871009366e-06,0.012059291484348702
2025-05-22,2024-02-07,8.156717140020028e-05,4.413492081846104e-05,0.004997773269335444,2025-05-20,250,33607,3,100.0,8.156717140020028e-05,4.413492081846104e-05,8.156717140020028e-05,4.413492081846104e-05,0.009031454556172016,0.006643411835680597,0.2644139662818158,3.743225058173924e-05,0.04267627428043632,0.0,0.3333333333333333,1.0,,,
2025-05-28,2024-02-14,0.0004866702915062731,6.619075003150936e-06,0.005044703061785126,2025-05-23,250,33887,1,100.0,0.0004866702915062731,6.619075003150936e-06,0.0004866702915062731,6.619075003150936e-06,0.022060604966914962,0.0025727563046567268,0.8833777990895908,0.0004800512165031221,0.04258044753511839,0.0,0.0,1.0,,,
2025-05-29,2024-02-16,0.00035040726733245387,8.335874984830656e-06,0.005039417223829957,2025-05-27,250,33924,5,100.0,0.00035040726733245387,8.335874984830656e-06,0.00035040726733245387,8.335874984830656e-06,0.01871916844660718,0.0028871915393389918,0.845762831422018,0.0003420713923476232,0.04258044753511839,0.2,0.0,1.0,,,
2025-05-30,2024-02-21,0.00036406530571751083,5.177983457561769e-06,0.005051262815703926,2025-05-28,250,33930,4,100.0,0.00036406530571751083,5.177983457561769e-06,0.00036406530571751083,5.177983457561769e-06,0.01908049542641676,0.002275518283284441,0.8807411321126385,0.00035888732225994904,0.04267627428043631,0.0,0.0,1.0,,,
2025-06-02,2024-02-23,0.0011590441085220777,3.0329401982474337e-06,0.005028628329599203,2025-05-29,250,34035,1,100.0,0.0011590441085220777,3.0329401982474337e-06,0.0011590441085220777,3.0329401982474337e-06,0.034044736869626085,0.0017415338636522213,0.9488457240741379,0.0011560111683238303,0.04267627428043631,0.0,0.0,1.0,,,
2025-06-04,2024-02-28,0.0008756708604390544,3.002215808651202e-06,0.004968760761548679,2025-06-02,250,34097,3,100.0,0.0008065511704158095,4.193896620573918e-05,0.0008065511704158095,4.193896620573918e-05,0.02839984454914867,0.006476030126994406,0.7719695220237206,0.0007646122042100703,0.04334680450336586,0.0,0.0,1.0,0.000771991325404187,6.140734140428317e-05,0.01202105554530356
2025-06-09,2024-03-06,3.805198699334371e-05,1.0804559411386028e-05,0.0049529227147901145,2025-06-05,250,34116,1,100.0,3.805198699334371e-05,1.0804559411386028e-05,3.805198699334371e-05,1.0804559411386028e-05,0.006168629263729805,0.0032870289641842264,0.46713786423975256,2.724742758195768e-05,0.04334680450336586,0.0,0.0,1.0,,,
2025-06-12,2024-03-13,0.00033650403327301233,2.404509694265301e-06,0.005080994063789114,2025-06-10,250,34142,4,100.0,0.00033650403327301233,2.404509694265301e-06,0.00033650403327301233,2.404509694265301e-06,0.018344046262289363,0.0015506481529558216,0.9154685868764104,0.000334099523578747,0.04353830201448343,0.25,0.0,1.0,,,
2025-06-16,2024-03-18,0.00044425790345119335,9.533977353047431e-06,0.0051412573173835584,2025-06-12,250,34298,2,100.0,0.00044425790345119335,9.533977353047431e-06,0.00044425790345119335,9.533977353047431e-06,0.021077426395345173,0.0030877139364014006,0.8535061217396397,0.0004347239260981459,0.04353830201448343,0.0,0.0,1.0,,,
2025-06-18,2024-03-22,,,,2025-06-16,250,34271,2,100.0,2.3877504908104362e-05,8.745563941148648e-05,2.3877504908104362e-05,8.745563941148648e-05,0.004886461389196108,0.009351771993129776,-0.9138127262821316,-6.357813450338213e-05,0.04325104199431493,0.0,0.0,1.0,2.3877504908104362e-05,8.745563941148648e-05,0.011992085753016584
2025-06-20,2024-03-25,,,,2025-06-17,250,34187,1,0.01,0.0001788688161509705,1.0488241130824863e-05,0.0001788688161509705,1.0488241130824863e-05,0.013374184691074462,0.003238555408021432,0.7578502553368545,0.00016838057502014563,0.04325104199431493,0.0,0.0,1.0,0.0001788688161509705,1.0488241130824863e-05,0.011993892273701123
2025-06-23,2024-03-27,0.00033315586827538396,1.2306935132177146e-06,0.005024875621890548,2025-06-18,250,34185,1,1.0,0.00033315586827538396,1.2306935132177146e-06,0.00033315586827538396,1.2306935132177146e-06,0.018252557855692006,0.001109366266486283,0.9392213258406229,0.0003319251747621662,0.04296369943211567,0.0,0.0,1.0,,,
2025-06-25,2024-04-03,0.00044199716180008436,1.0520761057595987e-05,0.005042436345481777,2025-06-23,250,34360,2,100.0,0.00044199716180008436,1.0520761057595987e-05,0.00044199716180008436,1.0520761057595987e-05,0.02102372854181875,0.0032435722679780062,0.845718505091704,0.0004314764007424884,0.042867900227175806,0.0,0.0,1.0,,,
2025-06-26,2024-04-05,0.0003754227250194713,1.4572572128685774e-05,0.005010914864060329,2025-06-24,250,34330,6,100.0,0.0003754227250194713,1.4572572128685774e-05,0.0003754227250194713,1.4572572128685774e-05,0.01937582836989096,0.003817403846685044,0.80298112814536,0.00036085015289078555,0.0428679002271758,0.0,0.0,1.0,,,
2025-06-27,2024-04-08,0.00038452930658896216,5.577614386314381e-05,0.005024875621890548,2025-06-25,250,34394,17,1.0,0.00038452930658896216,5.577614386314381e-05,0.00038452930658896216,5.577614386314381e-05,0.019609418823334928,0.007468342778899735,0.6191451237701897,0.0003287531627258184,0.04296369943211567,0.11764705882352941,0.058823529411764705,1.0,,,
2025-07-01,2024-04-12,0.00026670500545293926,1.123863926677596e-05,0.004922746990300726,2025-06-27,250,34537,3,100.0,0.00011562690268494855,7.205704547611308e-06,0.00011562690268494855,7.205704547611308e-06,0.010752995056492333,0.0026843443422205184,0.7503631008739474,0.00010842119813733725,0.0431552703139276,0.0,0.0,1.0,4.0087851300953183e-05,5.189237188028981e-06,0.011601074694505139
2025-07-08,2024-04-24,4.3652882653079994e-05,1.3223093466439034e-07,0.004810669206954037,2025-07-03,250,34392,1,100.0,4.3652882653079994e-05,1.3223093466439034e-07,4.3652882653079994e-05,1.3223093466439034e-07,0.006607032817617905,0.0003636357169811436,0.944962326203149,4.3520651718415606e-05,0.04325104199431493,1.0,1.0,1.0,,,
2025-07-10,2024-04-29,,,,2025-07-08,250,34355,1,100.0,6.641664637654409e-07,2.8440817401036026e-06,6.641664637654409e-07,2.8440817401036026e-06,0.0008149640874084213,0.0016864405533856218,-1.069343397386366,-2.179915276338162e-06,0.04325104199431493,0.0,0.0,1.0,6.641664637654409e-07,2.8440817401036026e-06,0.011485632791718745
2025-07-11,2024-05-01,6.613837256873447e-07,9.88219830459593e-06,0.004754955039781555,2025-07-09,250,34338,3,100.0,4.5037214546601146e-07,6.58813224817647e-06,4.5037214546601146e-07,6.58813224817647e-06,0.0006710977167790182,0.0025667357184128775,-2.8246825376371567,-6.1377601027104584e-06,0.04325104199431493,0.3333333333333333,0.0,1.0,2.834898502334482e-08,1.3533754819972998e-13,0.011453331628902878
2025-07-14,2024-05-03,2.6589324724979084e-07,2.0086078102451595e-07,0.004783102860390225,2025-07-10,250,34437,2,100.0,4.0988241361349827e-07,2.0205563730381163e-07,4.0988241361349827e-07,2.0205563730381163e-07,0.0006402205976173355,0.00044950599251157,0.29788889300896415,2.0782677630968663e-07,0.0431552703139276,0.0,0.0,1.0,5.538715799772056e-07,2.032504935831073e-07,0.011493736570347326
2025-07-17,2024-05-08,1.746932071424147e-05,3.1981388071950074e-05,0.004805862200228397,2025-07-14,250,34486,8,100.0,1.746932071424147e-05,3.1981388071950074e-05,1.746932071424147e-05,3.1981388071950074e-05,0.004179631648152917,0.005655208932652274,-0.35304003048963684,-1.4512067357708603e-05,0.0431552703139276,0.125,0.0,1.0,,,
2025-07-18,2024-05-10,5.168887763533192e-07,1.4424518332183122e-06,0.004809065803256832,2025-07-16,250,34595,1,0.01,5.168887763533192e-07,1.4424518332183122e-06,5.168887763533192e-07,1.4424518332183122e-06,0.0007189497731784323,0.0012010211626854509,-0.6705216518475428,-9.25563056864993e-07,0.0431552703139276,0.0,0.0,1.0,,,
2025-07-21,2024-05-13,1.464638708472889e-06,7.970173918387841e-05,0.004782649872146984,2025-07-17,250,34681,5,0.01,1.1753840824544847e-06,6.433908620035287e-05,1.1753840824544847e-06,6.433908620035287e-05,0.001084151318983879,0.008021164890485226,-6.398565818287307,-6.316370211789839e-05,0.04305948946044698,0.0,0.0,1.0,1.83655783808685e-08,2.8884742662506824e-06,0.011421211638356861
2025-07-23,2024-05-20,1.7255228603728514e-05,2.5456030867026727e-05,0.004710820895522388,2025-07-21,250,34743,4,1.0,1.7255228603728514e-05,2.5456030867026727e-05,1.7255228603728514e-05,2.5456030867026727e-05,0.004153941333688827,0.005045396997960292,-0.21460477957203739,-8.200802263298213e-06,0.0431552703139276,0.25,0.0,1.0,,,
2025-07-24,2024-05-22,2.6926527000985066e-05,2.3400768524008853e-05,0.004716320336212935,2025-07-22,250,34649,2,0.01,1.3805664385272001e-05,1.1701718628905098e-05,1.3805664385272001e-05,1.1701718628905098e-05,0.003715597446612321,0.003420777488949712,0.07934658205005751,2.103945756366903e-06,0.0431552703139276,0.0,0.0,1.0,6.848017695589351e-07,2.6687338013423418e-09,0.011301814856277887
2025-07-25,2024-05-24,1.1456407588902277e-05,0.0001914455165070937,0.004724925149700599,2025-07-23,250,34754,5,0.01,9.176187583542061e-06,0.00015420205593174511,9.176187583542061e-06,0.00015420205593174511,0.003029222273710211,0.012417812042857836,-3.099340002425249,-0.00014502586834820306,0.04325104199431493,0.4,0.6,1.0,5.5307562101192076e-08,5.228213630350748e-06,0.011298073831215914
2025-07-28,2024-05-29,1.5120300975247958e-05,2.220399821344203e-06,0.00472227417243314,2025-07-24,250,34765,4,100.0,1.5120300975247958e-05,2.220399821344203e-06,1.5120300975247958e-05,2.220399821344203e-06,0.0038884831200929697,0.0014901006077927097,0.6167912880750572,1.2899901153903756e-05,0.04325104199431493,0.5,0.25,1.0,,,
2025-07-30,2024-06-03,,,,2025-07-28,250,34949,1,1.0,9.446278140030322e-08,1.576560718785769e-07,9.446278140030322e-08,1.576560718785769e-07,0.0003073479809601866,0.0003970592800559847,-0.29188836320164135,-6.319329047827367e-08,0.04305948946044698,0.0,0.0,1.0,9.446278140030322e-08,1.576560718785769e-07,0.011283134464628655
2025-07-31,2024-06-05,0.0001503316609224514,0.00011078059179823683,0.0048313800526189905,2025-07-29,250,34851,1,0.01,0.0001503316609224514,0.00011078059179823683,0.0001503316609224514,0.00011078059179823683,0.012260981238157548,0.010525235949765536,0.14156658873191796,3.955106912421456e-05,0.0431552703139276,0.0,0.0,1.0,,,
2025-08-01,2024-06-07,2.368808851532608e-05,3.8943583967807024e-06,0.00486582839524016,2025-07-30,250,34950,1,0.01,2.368808851532608e-05,3.8943583967807024e-06,2.368808851532608e-05,3.8943583967807024e-06,0.0048670410431109045,0.0019734128804638684,0.5945353936850085,1.979373011854538e-05,0.0431552703139276,0.0,0.0,1.0,,,
2025-08-05,2024-06-12,1.9958577871896576e-05,6.762156598255245e-06,0.004966805999508237,2025-08-01,250,34970,4,0.01,1.9958577871896576e-05,6.762156598255245e-06,1.9958577871896576e-05,6.762156598255245e-06,0.004467502419909426,0.002600414697361797,0.41792651621786525,1.3196421273641331e-05,0.04258044753511839,0.25,0.25,1.0,,,
2025-08-07,2024-06-17,,,,2025-08-05,250,35106,2,100.0,3.979743738500593e-06,5.061504504216018e-06,3.979743738500593e-06,5.061504504216018e-06,0.0019949295071507145,0.0022497787678382995,-0.12774850428252815,-1.0817607657154246e-06,0.042292912190251455,0.5,0.0,1.0,3.979743738500593e-06,5.061504504216018e-06,0.01132735547899744
2025-08-11,2024-06-24,2.786250375119647e-06,1.832832182629185e-06,0.0044037497274907345,2025-08-07,250,35284,3,100.0,1.9292297844158933e-06,1.2278344090523245e-06,1.9292297844158933e-06,1.2278344090523245e-06,0.0013889671646284132,0.001108076896723474,0.20222959552833275,7.013953753635688e-07,0.04229291219025146,0.0,0.0,1.0,2.1518860300838536e-07,1.7838861898603523e-08,0.011249135252205028
2025-08-14,2024-07-01,4.775077376362349e-06,6.320200813522824e-06,0.004371491021300304,2025-08-12,250,35250,4,100.0,4.775077376362349e-06,6.320200813522824e-06,4.775077376362349e-06,6.320200813522824e-06,0.002185195043093945,0.002514000957343259,-0.15046982432459144,-1.5451234371604747e-06,0.04200529414503013,0.0,0.0,1.0,,,
2025-08-15,2024-07-03,7.166446224367275e-07,2.092465803316611e-07,0.004381819743964258,2025-08-13,250,35320,5,100.0,3.5157144750812503e-07,5.623368048172303e-08,3.5157144750812503e-07,5.623368048172303e-08,0.0005929346064349129,0.00023713641745148095,0.6000631184654733,2.95337767026402e-07,0.04210117601863539,0.0,0.0,1.0,2.603031537759744e-07,1.7980455519238515e-08,0.011113611907899836
2025-08-18,2024-07-05,8.250944066129129e-06,2.5225402526398884e-06,0.004404335247635908,2025-08-14,250,35399,1,100.0,8.250944066129129e-06,2.5225402526398884e-06,8.250944066129129e-06,2.5225402526398884e-06,0.0028724456593866364,0.0015882506894819497,0.447073721206237,5.7284038134892406e-06,0.04210117601863539,0.0,0.0,1.0,,,
2025-08-20,2024-07-10,1.9569374327877114e-07,1.0632960531898133e-06,0.004424011103400416,2025-08-18,250,35453,2,100.0,6.408577179504104e-07,5.558844838615134e-07,6.408577179504104e-07,5.558844838615134e-07,0.0008005358942298655,0.0007455766116647661,0.06865311469633917,8.497323408889699e-08,0.04210117601863539,0.0,0.0,1.0,1.0860216926220495e-06,4.8472914533213413e-08,0.011202894609337148
2025-08-21,2024-07-12,1.9767006871711038e-07,7.0669209903404e-07,0.004513074642714924,2025-08-19,250,35468,1,100.0,1.9767006871711038e-07,7.0669209903404e-07,1.9767006871711038e-07,7.0669209903404e-07,0.0004446010219478925,0.0008406498076095896,-0.8907959408786836,-5.090220303169297e-07,0.04210117601863539,0.0,0.0,1.0,,,
2025-08-25,2024-07-19,8.875744285120603e-06,1.910772237758467e-06,0.004478398314014752,2025-08-21,250,35585,4,100.0,4.508402128158788e-06,9.575650347889044e-07,4.508402128158788e-06,9.575650347889044e-07,0.0021232998205997166,0.000978552520199557,0.5391359662418428,3.5508370933698838e-06,0.04181350281341038,0.0,0.0,1.0,1.410599711969739e-07,4.357831819341528e-09,0.011107411941547475
2025-08-28,2024-07-24,1.4541952456101555e-07,1.1248138047717069e-07,0.004425354679161785,2025-08-25,250,35659,1,100.0,1.4541952456101555e-07,1.1248138047717069e-07,1.4541952456101555e-07,1.1248138047717069e-07,0.0003813391201555586,0.0003353824391305703,0.12051394309149643,3.293814408384486e-08,0.0417175933518685,0.0,0.0,1.0,,,
2025-08-29,2024-07-26,4.8548228696640835e-06,1.5572885418112303e-06,0.0043859649122807015,2025-08-27,250,35654,1,100.0,4.8548228696640835e-06,1.5572885418112303e-06,4.8548228696640835e-06,1.5572885418112303e-06,0.002203366258628847,0.0012479136756247326,0.4336331189888928,3.2975343278528532e-06,0.0417175933518685,0.0,0.0,1.0,,,
2025-09-04,2024-08-14,1.5478454638998818e-06,3.916550809922575e-06,0.004277267580827777,2025-09-02,250,35670,1,100.0,1.5478454638998818e-06,3.916550809922575e-06,1.5478454638998818e-06,3.916550809922575e-06,0.0012441243763787774,0.0019790277435959747,-0.5906992750646449,-2.3687053460226933e-06,0.04094998632895411,0.0,0.0,1.0,,,
2025-09-05,2024-08-16,1.2358030270605908e-05,2.2082711339215764e-06,0.004253899407790474,2025-09-03,250,35819,2,100.0,1.2358030270605908e-05,2.2082711339215764e-06,1.2358030270605908e-05,2.2082711339215764e-06,0.003515399020112213,0.0014860252803776846,0.5772811928671897,1.0149759136684331e-05,0.04075799247216774,0.5,0.5,1.0,,,
2025-09-08,2024-08-19,1.9819939450164015e-05,3.425869777251707e-05,0.004255496683215821,2025-09-04,250,35780,1,100.0,1.9819939450164015e-05,3.425869777251707e-05,1.9819939450164015e-05,3.425869777251707e-05,0.004451959057557023,0.005853093009043771,-0.3147230092128497,-1.4438758322353055e-05,0.039893563661676665,0.0,0.0,1.0,,,
2025-09-09,2024-08-21,,,,2025-09-05,250,35772,1,100.0,6.973612521622807e-09,2.4199027060397125e-06,6.973612521622807e-09,2.4199027060397125e-06,8.350815841355147e-05,0.0015556036468328662,-17.628163719395676,-2.4129290935180896e-06,0.040181789632831824,0.0,0.0,1.0,6.973612521622807e-09,2.4199027060397125e-06,0.011047152566928162
2025-09-12,2024-08-28,,,,2025-09-10,250,35678,3,100.0,2.214121790363207e-07,1.9847796063031075e-08,2.214121790363207e-07,1.9847796063031075e-08,0.000470544555846012,0.000140882206339307,0.7005975213420355,2.0156438297328964e-07,0.03998964821615847,0.0,0.0,1.0,2.214121790363207e-07,1.9847796063031075e-08,0.010899326368930857
2025-09-15,2024-08-30,,,,2025-09-11,250,35746,1,100.0,5.500203399811092e-08,1.77658325333183e-08,5.500203399811092e-08,1.77658325333183e-08,0.0002345251244496225,0.00013328853113947313,0.43166630248136006,3.723620146479262e-08,0.03998964821615847,0.0,0.0,1.0,5.500203399811092e-08,1.77658325333183e-08,0.010902973791089276
2025-09-17,2024-09-06,7.5317888175360796e-06,1.2773422966429426e-05,0.004283014906571489,2025-09-15,250,35893,1,100.0,7.5317888175360796e-06,1.2773422966429426e-05,7.5317888175360796e-06,1.2773422966429426e-05,0.0027444104681217203,0.0035739925806343564,-0.30228062534698164,-5.241634148893347e-06,0.039605254592359425,0.0,0.0,1.0,,,
2025-09-18,2024-09-09,1.3794121426084573e-06,3.6395481357933923e-06,0.004267961002552408,2025-09-16,250,35803,4,100.0,1.0132726086261141e-06,1.951464872049511e-06,1.0132726086261141e-06,1.951464872049511e-06,0.0010066144289777065,0.001396948414240666,-0.387769113998667,-9.38192263423397e-07,0.039413002356835036,0.0,0.0,1.0,6.471330746437709e-07,2.6338160830563006e-07,0.010873697624321126
2025-09-29,2024-09-19,,,,2025-09-25,250,36431,3,100.0,6.120697200330728e-08,6.436870108562428e-07,6.120697200330728e-08,6.436870108562428e-07,0.0002474004284622549,0.0008023010724511359,-2.242925153517026,-5.824800388529355e-07,0.039413002356835036,0.0,0.0,1.0,6.120697200330728e-08,6.436870108562428e-07,0.010959637061436643
2025-09-30,2024-09-20,3.514766606119741e-06,2.439636946688798e-05,0.004008961207404787,2025-09-26,250,36527,3,100.0,3.514766606119741e-06,2.439636946688798e-05,3.514766606119741e-06,2.439636946688798e-05,0.0018747710809908875,0.004939268110447942,-1.6345979840041864,-2.088160286076824e-05,0.039605254592359425,0.0,0.0,1.0,,,
2025-10-02,2024-09-24,7.146046993086888e-08,3.48972457296852e-05,0.003992953611274222,2025-09-30,250,36502,2,100.0,4.309749873563715e-07,1.75767846106351e-05,4.309749873563715e-07,1.75767846106351e-05,0.0006564868523865284,0.004192467604005438,-5.386217163016363,-1.7145809623278727e-05,0.03931686237695038,0.0,0.0,1.0,7.904895047818741e-07,2.5632349158499634e-07,0.010850934250878897
2025-10-03,2024-09-25,7.219205224905506e-06,1.1080428073633487e-05,0.0039668650099171626,2025-10-01,250,36648,2,100.0,2.75546694644367e-05,5.777165245114305e-06,2.75546694644367e-05,5.777165245114305e-06,0.0052492541817325536,0.002403573432436443,0.542111441126075,2.1777504219322394e-05,0.039413002356835036,0.0,0.0,1.0,4.78901337039679e-05,4.73902416595123e-07,0.010838449239413047
2025-10-06,2024-09-26,2.4147528130698497e-06,9.751886791136605e-06,0.00395318192388187,2025-10-02,250,36692,2,100.0,2.4147528130698497e-06,9.751886791136605e-06,2.4147528130698497e-06,9.751886791136605e-06,0.0015539474936656804,0.003122801112965186,-1.0095924255449988,-7.337133978066755e-06,0.03950913309471249,0.0,0.0,1.0,,,
2025-10-08,2024-09-30,,,,2025-10-06,250,36828,1,100.0,2.9567007192887294e-08,9.70735840207676e-07,2.9567007192887294e-08,9.70735840207676e-07,0.0001719505952094592,0.0009852592756263074,-4.7298974419142175,-9.411688330147888e-07,0.03931686237695038,0.0,0.0,1.0,2.9567007192887294e-08,9.70735840207676e-07,0.010840069045911047
2025-10-09,2024-10-01,2.2158346573710485e-07,8.554658857612639e-07,0.003952569169960474,2025-10-07,250,36792,2,100.0,1.1659730776538751e-06,5.790958581145264e-07,1.1659730776538751e-06,5.790958581145264e-07,0.0010798023326766225,0.0007609834808420787,0.29525668002980976,5.868772195393488e-07,0.03931686237695038,0.0,0.0,1.0,2.1103626895706455e-06,3.0272583046778885e-07,0.01077581227436823
2025-10-13,2024-10-03,1.192582085486412e-05,3.216072125484327e-05,0.004158682268520406,2025-10-09,250,36953,1,100.0,1.192582085486412e-05,3.216072125484327e-05,1.192582085486412e-05,3.216072125484327e-05,0.0034533781801106174,0.005671042342889292,-0.6421724025335791,-2.0234900399979148e-05,0.039413002356835036,0.0,0.0,1.0,,,
2025-10-17,2024-10-08,4.797556020612297e-07,4.262716237826202e-09,0.00412204485754698,2025-10-15,250,37116,1,0.01,4.797556020612297e-07,4.262716237826202e-09,4.797556020612297e-07,4.262716237826202e-09,0.0006926439215507703,6.528948029986302e-05,0.9057387522384005,4.754928858234035e-07,0.039413002356835036,0.0,0.0,1.0,,,
2025-10-21,2024-10-10,5.206838396870249e-07,2.8755451020777315e-06,0.003889566809029896,2025-10-17,250,37354,1,0.01,5.206838396870249e-07,2.8755451020777315e-06,5.206838396870249e-07,2.8755451020777315e-06,0.0007215842568176116,0.001695743229996137,-1.350028030648616,-2.3548612623907066e-06,0.038932210001787475,0.0,0.0,1.0,,,
2025-10-23,2024-10-14,1.1837670105031625e-06,8.209152248747627e-06,0.003946604759141033,2025-10-21,250,37412,1,100.0,1.1837670105031625e-06,8.209152248747627e-06,1.1837670105031625e-06,8.209152248747627e-06,0.001088010574628373,0.0028651618189462925,-1.6333951946422332,-7.025385238244464e-06,0.03883602378519814,0.0,0.0,1.0,,,
2025-10-28,2024-10-18,1.1154907973902604e-06,1.1520843411250163e-05,0.003794501692645363,2025-10-24,250,37654,3,100.0,1.1176881759185887e-06,3.858256297580744e-06,1.1176881759185887e-06,3.858256297580744e-06,0.001057207726002127,0.0019642444597301892,-0.8579550748820741,-2.740568121662155e-06,0.03816246109434892,0.0,0.3333333333333333,1.0,1.1187868651827527e-06,2.6962740746034285e-08,0.01058506070865682
2025-10-29,2024-10-21,,,,2025-10-27,250,37733,2,100.0,2.3071566901813514e-06,1.6837941377274468e-07,2.3071566901813514e-06,1.6837941377274468e-07,0.0015189327470896633,0.00041034060702390237,0.7298493907579966,2.138777276408607e-06,0.03816246109434892,0.0,0.0,1.0,2.3071566901813514e-06,1.6837941377274468e-07,0.010557021220854074
2025-11-03,2024-10-24,2.2319607824584505e-06,6.2014071901440825e-06,0.0037726079076820652,2025-10-30,250,37754,2,100.0,2.2319607824584505e-06,6.2014071901440825e-06,2.2319607824584505e-06,6.2014071901440825e-06,0.0014939748265812415,0.0024902624741468685,-0.6668704384032333,-3.969446407685632e-06,0.03816246109434892,0.0,0.0,1.0,,,
2025-11-04,2024-10-25,5.7286302986068096e-08,7.361925209606954e-06,0.0037911168927708605,2025-10-31,250,37807,1,100.0,5.7286302986068096e-08,7.361925209606954e-06,5.7286302986068096e-08,7.361925209606954e-06,0.0002393455723134817,0.002713286790887936,-10.336273174647333,-7.304638906620886e-06,0.039028386967478346,0.0,0.0,1.0,,,
2025-11-05,2024-10-28,7.160971912760017e-06,6.523120381756344e-06,0.0037772181898977925,2025-11-03,250,37860,4,100.0,7.160971912760017e-06,6.523120381756344e-06,7.160971912760017e-06,6.523120381756344e-06,0.0026759992363152903,0.0025540400117767034,0.045575209022300944,6.378515310036726e-07,0.03883602378519814,0.75,0.25,1.0,,,
2025-11-06,2024-10-29,6.374414043474164e-08,1.5581151716907302e-06,0.0037758199452135933,2025-11-04,250,37848,1,100.0,6.374414043474164e-08,1.5581151716907302e-06,6.374414043474164e-08,1.5581151716907302e-06,0.0002524760195241157,0.0012482448364366384,-3.944013450423596,-1.4943710312559885e-06,0.03883602378519814,0.0,0.0,1.0,,,
2025-11-11,2024-11-01,,,,2025-11-07,250,38073,1,100.0,7.784544637089664e-08,2.0056321182568523e-06,7.784544637089664e-08,2.0056321182568523e-06,0.0002790079682928368,0.001416203416976831,-4.0758529429899095,-1.927786671885956e-06,0.03873982831593056,0.0,0.0,1.0,7.784544637089664e-08,2.0056321182568523e-06,0.010644087520544727
2025-11-13,2024-11-05,4.650532086904722e-06,3.9229497548724074e-07,0.0037664094781877356,2025-11-11,250,37957,3,100.0,4.650532086904722e-06,3.9229497548724074e-07,4.650532086904722e-06,3.9229497548724074e-07,0.0021565092364524484,0.0006263345555589606,0.7095609214318468,4.258237111417481e-06,0.03873982831593056,0.3333333333333333,0.0,1.0,,,
2025-11-14,2024-11-06,3.0264685561892465e-07,3.862048862635517e-06,0.003773584905660378,2025-11-12,250,38099,2,100.0,7.897713986774547e-06,2.989223739689278e-06,7.897713986774547e-06,2.989223739689278e-06,0.0028102871715848803,0.0017289371705441693,0.38478274105734056,4.908490247085269e-06,0.03883602378519814,0.5,0.5,1.0,1.5492781117930168e-05,2.116398616743039e-06,0.010792969168501875
2025-11-18,2024-11-08,2.1251296317597558e-05,8.80100505134496e-06,0.00385104314663875,2025-11-14,250,38328,4,100.0,2.1251296317597558e-05,8.80100505134496e-06,2.1251296317597558e-05,8.80100505134496e-06,0.004609912831887123,0.002966648791371328,0.3564631480988558,1.2450291266252598e-05,0.038932210001787475,0.5,0.0,1.0,,,
2025-11-19,2024-11-11,,,,2025-11-17,250,38422,3,100.0,9.8935005855972e-08,4.873447847934572e-07,9.8935005855972e-08,4.873447847934572e-07,0.0003145393550193235,0.0006981008414215364,-1.2194387769970758,-3.8840977893748517e-07,0.038643623592204426,0.0,0.0,1.0,9.8935005855972e-08,4.873447847934572e-07,0.010988527148224457
2025-11-24,2024-11-15,6.601319280253456e-07,4.405083496777304e-06,0.003793878227559026,2025-11-20,250,38781,1,0.01,6.601319280253456e-07,4.405083496777304e-06,6.601319280253456e-07,4.405083496777304e-06,0.0008124850324931196,0.0020988290775518868,-1.5832218362369161,-3.744951568751959e-06,0.03825871211709034,0.0,0.0,1.0,,,
2025-12-03,2024-11-25,,,,2025-12-01,250,39249,1,100.0,1.5418749938202791e-09,2.2093509603559266e-06,1.5418749938202791e-09,2.2093509603559266e-06,3.9266716106905084e-05,0.001486388563046664,-36.85365088845006,-2.2078090853621063e-06,0.03700672562909567,0.0,0.0,1.0,1.5418749938202791e-09,2.2093509603559266e-06,0.010642681906885977
2025-12-04,2024-11-26,,,,2025-12-02,250,39202,4,100.0,7.625635657379596e-07,3.7797249468766463e-07,7.625635657379596e-07,3.7797249468766463e-07,0.0008732488567057844,0.0006147946768537156,0.29596852932284723,3.84591071050295e-07,0.03652477468237227,0.0,0.0,1.0,7.625635657379596e-07,3.7797249468766463e-07,0.010605955636140314
2025-12-08,2024-11-29,1.3994195399833948e-06,7.636645841132147e-06,0.0036946696319678602,2025-12-04,250,39426,3,100.0,1.033245926301856e-06,5.100432914411291e-06,1.033245926301856e-06,5.100432914411291e-06,0.0010164870517138209,0.0022584138049549936,-1.2217831512435455,-4.067186988109435e-06,0.03642835661355149,0.0,0.0,1.0,3.00898698938778e-07,2.800706096958105e-08,0.010578114016538085
2025-12-09,2024-12-02,,,,2025-12-05,250,39489,2,100.0,8.415000042246977e-07,4.1201968490570737e-07,8.415000042246977e-07,4.1201968490570737e-07,0.0009173330933879458,0.0006418875952265376,0.3002677000827666,4.294803193189904e-07,0.0366211834556453,0.0,0.0,1.0,8.415000042246977e-07,4.1201968490570737e-07,0.010609989321709111
2025-12-11,2024-12-04,2.066036054164539e-06,3.5689865947480283e-05,0.0036946696319678602,2025-12-09,250,39651,1,100.0,2.066036054164539e-06,3.5689865947480283e-05,2.066036054164539e-06,3.5689865947480283e-05,0.0014373712304636332,0.00597409959303327,-3.156267682570971,-3.362382989331574e-05,0.03623549258209542,0.0,0.0,1.0,,,
2025-12-12,2024-12-05,6.817949685910568e-06,1.063905229918845e-05,0.0037046361903391727,2025-12-10,250,39689,3,100.0,6.817949685910568e-06,1.063905229918845e-05,6.817949685910568e-06,1.063905229918845e-05,0.0026111203890113086,0.003261756014662723,-0.2491787159219323,-3.8211026132778825e-06,0.035946126773469124,0.6666666666666666,0.3333333333333333,1.0,,,
2025-12-18,2024-12-11,3.52011231705232e-05,8.742767422643779e-06,0.0037889935256032966,2025-12-16,250,40025,6,1.0,3.52011231705232e-05,8.742767422643779e-06,3.52011231705232e-05,8.742767422643779e-06,0.0059330534440980055,0.0029568171101107656,0.5016365286491555,2.6458355747879424e-05,0.03575316970581786,0.5,0.3333333333333333,1.0,,,
2025-12-19,2024-12-12,1.3209645108862029e-05,4.925095364607278e-07,0.0037841213857966864,2025-12-17,250,40193,2,0.01,1.3209645108862029e-05,4.925095364607278e-07,1.3209645108862029e-05,4.925095364607278e-07,0.003634507546953511,0.0007017902367949612,0.806909126551901,1.2717135572401301e-05,0.03556017539855087,0.5,0.0,1.0,,,
2025-12-24,2024-12-17,1.0992291747704698e-07,8.659123263315685e-06,0.0037817594360405344,2025-12-22,250,40653,1,0.01,1.0992291747704698e-07,8.659123263315685e-06,1.0992291747704698e-07,8.659123263315685e-06,0.00033154625239481593,0.0029426388265153583,-7.875500191180473,-8.549200345838637e-06,0.03584965289369722,0.0,0.0,1.0,,,
2025-12-26,2024-12-18,2.2038387545090913e-05,3.0069776842420427e-06,0.003761732588291151,2025-12-23,250,40797,2,0.01,2.2038387545090913e-05,3.0069776842420427e-06,2.2038387545090913e-05,3.0069776842420427e-06,0.004694506102359535,0.0017340639216136303,0.6306184540388473,1.903140986084887e-05,0.03623549258209542,0.5,0.0,1.0,,,
2025-12-29,2024-12-19,3.9416993701611166e-05,1.243717850089927e-09,0.0037673738112655453,2025-12-24,250,40890,1,0.01,3.9416993701611166e-05,1.243717850089927e-09,3.9416993701611166e-05,1.243717850089927e-09,0.006278295445549784,3.526638413687923e-05,0.9943828090852467,3.941574998376108e-05,0.03575316970581786,1.0,0.0,1.0,,,
2025-12-30,2024-12-20,2.8008571513892215e-05,6.397427917335207e-07,0.003762419637638808,2025-12-26,250,40990,3,0.01,2.0158877990653497e-05,2.9334613000870176e-06,2.0158877990653497e-05,2.9334613000870176e-06,0.004489863916718802,0.0017127350349914075,0.6185329741033496,1.722541669056648e-05,0.036139046615873194,0.0,0.0,1.0,4.459490944176076e-06,7.520898316794011e-06,0.0105853412808025
2026-01-02,2024-12-24,1.4843787997515526e-06,2.765473201016046e-06,0.0037887147796660044,2025-12-30,250,41057,4,0.01,1.4843787997515526e-06,2.765473201016046e-06,1.4843787997515526e-06,2.765473201016046e-06,0.001218350852485257,0.0016629711966886396,-0.3649362113519454,-1.2810944012644933e-06,0.036042591346929345,0.0,0.0,1.0,,,
2026-01-07,2024-12-30,2.4747111006007373e-07,2.3453342738282237e-06,0.003925903338923616,2026-01-05,250,41512,2,0.01,2.4747111006007373e-07,2.3453342738282237e-06,2.4747111006007373e-07,2.3453342738282237e-06,0.0004974646822238477,0.0015314484234959477,-2.0785068331882726,-2.0978631637681498e-06,0.035656677208034684,0.0,0.0,1.0,,,
2026-01-08,2024-12-31,2.7160010412830726e-07,3.493933923193762e-06,0.003956516728767334,2026-01-06,250,41425,5,0.01,1.559976705246714e-07,7.285836268350656e-07,1.559976705246714e-07,7.285836268350656e-07,0.0003949654042124087,0.0008535711023898745,-1.161128780612977,-5.725859563103943e-07,0.03556017539855087,0.0,0.0,1.0,1.2709706212376245e-07,3.724605274539151e-08,0.010558785057571273
2026-01-09,2025-01-02,1.7505369904669398e-05,6.944971119472935e-06,0.003976219888820259,2026-01-07,250,41638,1,0.01,1.7505369904669398e-05,6.944971119472935e-06,1.7505369904669398e-05,6.944971119472935e-06,0.004183941909810579,0.0026353313111396326,0.3701319549967311,1.0560398785196462e-05,0.03556017539855087,1.0,1.0,1.0,,,
2026-01-12,2025-01-03,0.00013356417404666534,3.2735723548381234e-05,0.003971160889848479,2026-01-08,250,41737,1,0.01,0.00013356417404666534,3.2735723548381234e-05,0.00013356417404666534,3.2735723548381234e-05,0.011556996757231756,0.005721514095795031,0.5049307172112157,0.00010082845049828411,0.03556017539855087,0.0,0.0,1.0,,,
2026-01-15,2025-01-08,3.81057289131833e-06,1.2383868006201122e-06,0.003962148022772735,2026-01-13,250,41982,3,1.0,2.540628534323047e-06,1.1515194724941226e-06,2.540628534323047e-06,1.1515194724941226e-06,0.001593934921608485,0.0010730887533163893,0.3267675243393846,1.3891090618289246e-06,0.036042591346929345,0.0,0.0,1.0,7.398203324828844e-10,9.77784816242143e-07,0.010546855263920274
2026-01-16,2025-01-10,,,,2026-01-14,250,42118,4,100.0,1.5494564910467812e-07,1.2153245966330007e-08,1.5494564910467812e-07,1.2153245966330007e-08,0.00039363136194246274,0.00011024176144424584,0.7199365393544026,1.4279240313834812e-07,0.036139046615873194,0.0,0.0,1.0,1.5494564910467812e-07,1.2153245966330007e-08,0.010518211891829422
2026-01-21,2025-01-15,6.0092594913157135e-05,4.08893915059421e-05,0.004175111471422781,2026-01-16,250,42450,4,100.0,6.0092594913157135e-05,4.08893915059421e-05,6.0092594913157135e-05,4.08893915059421e-05,0.007751941364145961,0.006394481332050481,0.17511226779577582,1.9203203407215034e-05,0.03633192924739028,0.0,0.0,1.0,,,
2026-01-22,2025-01-16,0.00010820744221098966,3.915117304282604e-05,0.0041590954976781745,2026-01-20,250,42452,3,100.0,0.00010820744221098966,3.915117304282604e-05,0.00010820744221098966,3.915117304282604e-05,0.010402280625468132,0.0062570898221797995,0.3984886538380411,6.905626916816363e-05,0.03633192924739028,0.0,0.0,1.0,,,
2026-01-23,2025-01-17,,,,2026-01-21,250,42588,1,100.0,1.110024288233257e-09,9.068217495849993e-07,1.110024288233257e-09,9.068217495849993e-07,3.331702700171876e-05,0.00095227188847776,-27.582138749313803,-9.057117252967661e-07,0.03642835661355149,0.0,0.0,1.0,1.110024288233257e-09,9.068217495849993e-07,0.010567980202618362
2026-01-27,2025-01-22,,,,2026-01-23,250,42871,3,100.0,7.961264080608326e-07,4.210435771580468e-08,7.961264080608326e-07,4.210435771580468e-08,0.0008922591596956753,0.0002051934641157088,0.7700292993509928,7.540220503450279e-07,0.036042591346929345,0.0,0.0,1.0,7.961264080608326e-07,4.210435771580468e-08,0.010510771873601547
2026-01-28,2025-01-23,,,,2026-01-26,250,42982,2,1.0,6.570908960576253e-06,5.72287537331699e-07,6.570908960576253e-06,5.72287537331699e-07,0.0025633784271106466,0.0007564968852095156,0.7048828697282075,5.998621423244554e-06,0.036042591346929345,0.0,0.0,1.0,6.570908960576253e-06,5.72287537331699e-07,0.010469060662266891
2026-02-04,2025-01-30,3.007670031341898e-06,8.609568977492746e-07,0.003822176042748998,2026-02-02,250,43365,2,0.01,1.5728846838360199e-06,4.4215213065737356e-07,1.5728846838360199e-06,4.4215213065737356e-07,0.0012541469945090249,0.0006649452087633789,0.46980281284835157,1.1307325531786463e-06,0.03623549258209542,0.0,0.0,1.0,1.3809933633014178e-07,2.3347363565472555e-08,0.010559550708453585
2026-02-05,2025-01-31,5.371540817060505e-05,1.8742774960797392e-05,0.0037252703533581684,2026-02-03,250,43294,3,0.01,5.371540817060505e-05,1.8742774960797392e-05,5.371540817060505e-05,1.8742774960797392e-05,0.007329079626433667,0.004329292662872007,0.40929927309595326,3.497263320980766e-05,0.03623549258209542,0.0,0.0,1.0,,,
2026-02-09,2025-02-04,2.7045482396223864e-05,3.8299300893359926e-07,0.003703437365166115,2026-02-05,250,43399,1,100.0,2.7045482396223864e-05,3.8299300893359926e-07,2.7045482396223864e-05,3.8299300893359926e-07,0.005200527126765503,0.0006188642895931217,0.8809996997404324,2.6662489387290264e-05,0.036139046615873194,0.0,0.0,1.0,,,
2026-02-11,2025-02-06,,,,2026-02-09,250,43732,1,100.0,5.93454259766482e-06,4.0675968309983625e-06,5.93454259766482e-06,4.0675968309983625e-06,0.0024360916644627353,0.002016828408912955,0.17210487670308827,1.8669457666664575e-06,0.03623549258209542,1.0,1.0,1.0,5.93454259766482e-06,4.0675968309983625e-06,0.010520035542969427
2026-02-13,2025-02-10,,,,2026-02-11,250,43836,2,0.01,9.353184004140805e-06,3.1336523910007525e-06,9.353184004140805e-06,3.1336523910007525e-06,0.0030582975663170525,0.001770212527071468,0.4211771455570812,6.219531613140052e-06,0.03633192924739028,0.0,0.0,1.0,9.353184004140805e-06,3.1336523910007525e-06,0.010687579080247185
2026-02-18,2025-02-12,3.15809555519412e-05,2.021806500745803e-05,0.003941185387297257,2026-02-13,250,44170,2,1.0,3.15809555519412e-05,2.021806500745803e-05,3.15809555519412e-05,2.021806500745803e-05,0.00561969354608783,0.004496450267428522,0.19987625115986218,1.1362890544483172e-05,0.03623549258209542,0.0,0.0,1.0,,,
2026-02-19,2025-02-13,1.1091565823662073e-05,5.08154366467894e-07,0.003934178172876867,2026-02-17,250,44127,2,1.0,1.1091565823662073e-05,5.08154366467894e-07,1.1091565823662073e-05,5.08154366467894e-07,0.0033304002497690985,0.000712849469711449,0.7859568171240463,1.058341145719418e-05,0.03633192924739028,0.0,0.0,1.0,,,
2026-02-20,2025-02-14,7.527581662681173e-06,1.1483321517403686e-06,0.003991096784097015,2026-02-18,250,44278,3,1.0,7.527581662681173e-06,1.1483321517403686e-06,7.527581662681173e-06,1.1483321517403686e-06,0.0027436438658618163,0.0010716026090582126,0.6094235762914486,6.379249510940805e-06,0.03623549258209542,0.6666666666666666,0.6666666666666666,1.0,,,
2026-02-23,2025-02-18,1.3625008194235547e-05,1.4821200001118565e-06,0.003930758182780256,2026-02-19,250,44241,2,1.0,1.3625008194235547e-05,1.4821200001118565e-06,1.3625008194235547e-05,1.4821200001118565e-06,0.003691206875025504,0.0012174235089367448,0.6701828019519136,1.2142888194123691e-05,0.03623549258209542,0.0,0.0,1.0,,,
2026-02-25,2025-02-20,5.150333109807907e-05,9.773449514423928e-06,0.0038215624311016393,2026-02-23,250,44301,1,100.0,5.150333109807907e-05,9.773449514423928e-06,5.150333109807907e-05,9.773449514423928e-06,0.007176582132051376,0.003126251671638726,0.5643815378804689,4.1729881583655143e-05,0.03623549258209542,0.0,0.0,1.0,,,
2026-03-04,2025-02-27,2.4607893019714407e-05,8.573446072039147e-06,0.003943127962085308,2026-03-02,250,44515,1,100.0,2.4607893019714407e-05,8.573446072039147e-06,2.4607893019714407e-05,8.573446072039147e-06,0.004960634336424567,0.002928044752396921,0.4097438847896735,1.603444694767526e-05,0.03642835661355149,0.0,0.0,1.0,,,
2026-03-09,2025-03-04,2.1211047392555024e-09,2.954315882371067e-07,0.004039462440767499,2026-03-05,250,44624,1,100.0,2.1211047392555024e-09,2.954315882371067e-07,2.1211047392555024e-09,2.954315882371067e-07,4.605545287211388e-05,0.0005435361885257565,-10.801777088915832,-2.9331048349785116e-07,0.03623549258209542,0.0,0.0,1.0,,,
2026-03-11,2025-03-06,2.2681834399086185e-06,5.9434189897089995e-06,0.003987271402829429,2026-03-09,250,44787,4,100.0,2.972186850249926e-06,4.919835271389367e-06,2.972186850249926e-06,4.919835271389367e-06,0.0017240031468213526,0.0022180701682745223,-0.2865812758892643,-1.947648421139441e-06,0.03642835661355149,0.0,0.25,1.0,5.0841970812738486e-06,1.8490841164304693e-06,0.010752129419061403
2026-03-13,2025-03-10,2.0741635667378226e-06,4.7158023678641657e-07,0.004066312167657179,2026-03-11,250,44897,1,0.01,2.0741635667378226e-06,4.7158023678641657e-07,2.0741635667378226e-06,4.7158023678641657e-07,0.0014401956696011215,0.0006867169990515864,0.5231779864733377,1.6025833299514061e-06,0.03652477468237227,0.0,0.0,1.0,,,
2026-03-20,2025-03-17,6.182080123192417e-07,1.2242064008639295e-05,0.004177377892030848,2026-03-18,250,45217,1,0.01,6.182080123192417e-07,1.2242064008639295e-05,6.182080123192417e-07,1.2242064008639295e-05,0.0007862620506671053,0.00349886610327393,-3.449999971771894,-1.1623855996320054e-05,0.0366211834556453,0.0,0.0,1.0,,,
2026-03-26,2025-03-21,7.651686740840824e-07,2.503420639900537e-09,0.004116855355870477,2026-03-24,250,45541,1,0.01,7.651686740840824e-07,2.503420639900537e-09,7.651686740840824e-07,2.503420639900537e-09,0.0008747392034681436,5.003419470622603e-05,0.9428010148535109,7.626652534441818e-07,0.0366211834556453,1.0,1.0,1.0,,,
2026-04-02,2025-03-28,1.955162862221419e-05,1.5410410875874822e-06,0.004068380080585221,2026-03-31,250,45849,6,0.01,3.085691917353736e-05,5.715660534316813e-06,3.085691917353736e-05,5.715660534316813e-06,0.005554900464773186,0.00239074476561527,0.5696151927876376,2.5141258639220543e-05,0.03633192924739028,0.0,0.0,1.0,3.650956444919895e-05,7.802970257681477e-06,0.01126701361333252
2026-04-13,2025-04-07,2.623722198006981e-05,2.6003416086748147e-06,0.003992628992628993,2026-04-09,250,46199,2,0.01,2.623722198006981e-05,2.6003416086748147e-06,2.623722198006981e-05,2.6003416086748147e-06,0.005122228224129594,0.001612557474533796,0.6851843760226413,2.3636880371394995e-05,0.03623549258209542,0.0,0.0,1.0,,,
2026-04-16,2025-04-10,4.148515491395919e-07,1.5026755147707901e-05,0.003903464324588072,2026-04-14,250,46440,2,100.0,5.307433702842034e-07,8.924438907562627e-06,5.307433702842034e-07,8.924438907562627e-06,0.000728521358838712,0.0029873799402758646,-3.100607214917968,-8.393695537278425e-06,0.03642835661355149,0.0,0.0,1.0,6.466351914288149e-07,2.822122667417353e-06,0.010547472640512043
2026-04-24,2025-04-21,,,,2026-04-22,250,47119,1,0.01,2.9906880816805894e-05,2.2119198347850985e-07,2.9906880816805894e-05,2.2119198347850985e-07,0.005468718388873749,0.00047031051814573513,0.9139998652878901,2.9685688833327385e-05,0.03623549258209542,0.0,0.0,1.0,2.9906880816805894e-05,2.2119198347850985e-07,0.010420774931187803
2026-04-29,2025-04-24,8.689296290836253e-08,6.714348944285664e-06,0.003841749473606443,2026-04-27,250,47407,3,100.0,8.689296290836253e-08,6.714348944285664e-06,8.689296290836253e-08,6.714348944285664e-06,0.00029477612336884163,0.002591206079084731,-7.7904205044533335,-6.6274559813773015e-06,0.036139046615873194,0.3333333333333333,0.6666666666666666,1.0,,,
2026-04-30,2025-04-25,2.545356760061337e-07,4.058262801583376e-06,0.0038494281378391383,2026-04-28,250,47425,1,100.0,2.545356760061337e-07,4.058262801583376e-06,2.545356760061337e-07,4.058262801583376e-06,0.0005045152881787961,0.0020145130432894635,-2.9929672905680835,-3.803727125577242e-06,0.036139046615873194,0.0,0.0,1.0,,,
2026-05-04,2025-04-28,,,,2026-04-29,250,47416,1,1.0,2.6741899851813356e-07,2.1321923419891614e-06,2.6741899851813356e-07,2.1321923419891614e-06,0.0005171257086223171,0.001460202842754787,-1.8236902911768533,-1.864773343471028e-06,0.036139046615873194,0.0,0.0,1.0,2.6741899851813356e-07,2.1321923419891614e-06,0.010244359952820371
2026-05-11,2025-05-05,1.3985773659903528e-06,2.8483431499243455e-06,0.0035456157098049915,2026-05-07,250,47439,2,100.0,6.993010015321714e-07,1.6625690560078793e-06,6.993010015321714e-07,1.6625690560078793e-06,0.0008362421907152087,0.0012894064743159464,-0.5419055491724978,-9.632680544757078e-07,0.03623549258209542,0.0,0.5,1.0,2.463707398990873e-11,4.767949620914132e-07,0.010008673842900138
2026-05-18,2025-05-08,,,,2026-05-12,250,47593,1,100.0,2.020696966370471e-08,6.720588446931052e-09,2.020696966370471e-08,6.720588446931052e-09,0.00014215122111225324,8.197919520787608e-05,0.4232958776826885,1.3486381216773658e-08,0.03623549258209542,0.0,0.0,1.0,2.020696966370471e-08,6.720588446931052e-09,0.009987686188562848
2026-05-26,2025-05-15,1.0699347898124698e-06,1.55292881838365e-05,0.003400038857586944,2026-05-21,250,47840,1,100.0,1.0699347898124698e-06,1.55292881838365e-05,1.0699347898124698e-06,1.55292881838365e-05,0.0010343765222647263,0.003940721784627342,-2.809755635210366,-1.4459353394024032e-05,0.036139046615873194,0.0,0.0,1.0,,,
2026-05-28,2025-05-19,2.0043589284471943e-06,2.3971273286417437e-05,0.0033778349686343894,2026-05-26,250,47895,1,100.0,2.0043589284471943e-06,2.3971273286417437e-05,2.0043589284471943e-06,2.3971273286417437e-05,0.0014157538375180886,0.004896046699779061,-2.458261295171313,-2.196691435797024e-05,0.036139046615873194,0.0,0.0,1.0,,,
2026-05-29,2025-05-20,1.3060829261186858e-06,2.3027321045482298e-06,0.00335989248344053,2026-05-27,250,47940,1,100.0,1.3060829261186858e-06,2.3027321045482298e-06,1.3060829261186858e-06,2.3027321045482298e-06,0.0011428398514746875,0.0015174755696709683,-0.32781121319217355,-9.96649178429544e-07,0.03623549258209542,0.0,0.0,1.0,,,
2026-06-11,2025-06-03,4.484722871753324e-05,7.676963454813843e-06,0.003601070032238151,2026-06-09,250,47913,1,100.0,4.484722871753324e-05,7.676963454813843e-06,4.484722871753324e-05,7.676963454813843e-06,0.006696807352577289,0.002770733378514404,0.5862605518362303,3.7170265262719394e-05,0.03719944098910626,0.0,0.0,1.0,,,
2026-06-22,2025-06-11,,,,2026-06-17,250,48165,2,0.01,1.3460516789894395e-06,3.960106906817849e-06,1.3460516789894395e-06,3.960106906817849e-06,0.0011601946728844429,0.0019900017353806127,-0.7152308848592859,-2.6140552278284097e-06,0.03758476032727121,0.0,0.0,1.0,1.3460516789894395e-06,3.960106906817849e-06,0.010077131263893724
2026-06-24,2025-06-13,,,,2026-06-22,250,48329,1,0.01,1.0579232374575922e-06,4.317949369106952e-06,1.0579232374575922e-06,4.317949369106952e-06,0.0010285539545680587,0.0020779676054036435,-1.0202806047994692,-3.2600261316493598e-06,0.03777736433402994,0.0,0.0,1.0,1.0579232374575922e-06,4.317949369106952e-06,0.01025790915782873
2026-06-29,2025-06-18,7.859955398134911e-07,8.484727543198691e-06,0.0037000493339911203,2026-06-25,250,48553,2,0.01,7.859955398134911e-07,8.484727543198691e-06,7.859955398134911e-07,8.484727543198691e-06,0.0008865638949413014,0.0029128555651110975,-2.2855562715013957,-7.6987320033852e-06,0.03758476032727121,0.5,0.5,1.0,,,
2026-07-01,2025-06-23,,,,2026-06-29,250,48525,1,0.01,1.499051510363973e-06,1.3695155814666966e-06,1.499051510363973e-06,1.3695155814666966e-06,0.0012243575908875532,0.001170263039434595,0.04418198723605271,1.2953592889727649e-07,0.03796993125162867,1.0,1.0,1.0,1.499051510363973e-06,1.3695155814666966e-06,0.010076726435180846
2026-07-06,2025-06-25,1.999929993216546e-06,2.028897059949983e-06,0.0034021320027217057,2026-07-01,250,48658,1,0.01,1.999929993216546e-06,2.028897059949983e-06,1.999929993216546e-06,2.028897059949983e-06,0.0014141888110208432,0.0014243935762105861,-0.007215984959162869,-2.896706673343675e-08,0.0374884444109916,0.0,0.0,1.0,,,
2026-07-07,2025-06-26,3.367185369589087e-06,3.085264367074371e-07,0.003358280560353099,2026-07-02,250,48639,2,0.01,3.367185369589087e-06,3.085264367074371e-07,3.367185369589087e-06,3.085264367074371e-07,0.0018349892014911389,0.0005554515610811055,0.6972998202770144,3.05865893288165e-06,0.03796993125162867,0.5,0.5,1.0,,,
2026-07-16,2025-07-08,,,,2026-07-14,250,48676,1,100.0,8.982744851387187e-08,3.7555761281258907e-07,8.982744851387187e-08,3.7555761281258907e-07,0.00029971227621482553,0.000612827555526503,-1.0447195665994178,-2.857301642987172e-07,0.03758476032727121,0.0,0.0,1.0,8.982744851387187e-08,3.7555761281258907e-07,0.009969392297399347
2026-07-17,2025-07-09,1.2702691444565942e-06,1.8984740922321116e-05,0.0031506931524935486,2026-07-15,250,48796,2,0.01,1.2702691444565942e-06,1.8984740922321116e-05,1.2702691444565942e-06,1.8984740922321116e-05,0.001127062174175229,0.0043571482557196875,-2.8659342452941408,-1.7714471777864523e-05,0.03768106696768849,0.5,1.0,1.0,,,
2026-07-21,2025-07-11,4.021836412815396e-08,2.5850715702781208e-05,0.003215040264551885,2026-07-17,250,48944,2,0.01,4.021836412815396e-08,2.5850715702781208e-05,4.021836412815396e-08,2.5850715702781208e-05,0.0002005451673019172,0.005084359910822719,-24.352692259935168,-2.5810497338653054e-05,0.037873652428081515,0.0,1.0,1.0,,,
2026-07-22,2025-07-14,6.864515869936728e-06,2.981038345751422e-07,0.0032037590773173856,2026-07-20,250,49029,4,0.01,8.56474662024401e-06,1.96155920454837e-07,8.56474662024401e-06,1.96155920454837e-07,0.0029265588359443603,0.00044289493162017217,0.848663581889938,8.368590699789172e-06,0.03796993125162867,0.25,0.0,1.0,1.0264977370551293e-05,9.420800633453185e-08,0.010056391992302348
2026-07-27,2025-07-18,,,,2026-07-23,250,49101,1,0.01,5.088987253207387e-09,1.3716223262810974e-06,5.088987253207387e-09,1.3716223262810974e-06,7.133713796619112e-05,0.0011711628094680506,-15.417294593779484,-1.3665333390278901e-06,0.03883602378519814,0.0,0.0,1.0,5.088987253207387e-09,1.3716223262810974e-06,0.010183639857631982
2026-07-29,2025-07-22,5.160760547861769e-06,1.791874745486901e-05,0.0030875088214537758,2026-07-27,250,49200,1,100.0,5.160760547861769e-06,1.791874745486901e-05,5.160760547861769e-06,1.791874745486901e-05,0.002271730738415486,0.00423305415213047,-0.863360864273462,-1.2757986907007241e-05,0.03825871211709034,0.0,0.0,1.0,,,
2026-08-03,2025-07-25,2.853912153215724e-05,2.853912153215724e-05,0.003399048266485384,2026-07-30,250,49292,1,1.0,2.853912153215724e-05,2.853912153215724e-05,2.853912153215724e-05,2.853912153215724e-05,0.005342201936669676,0.005342201936669676,0.0,0.0,0.03758476032727121,0.0,0.0,0.0,,,
2026-08-05,2025-07-29,8.000329484939721e-06,3.814143864610163e-07,0.0033938845432801086,2026-08-03,250,49298,1,100.0,8.000329484939721e-06,3.814143864610163e-07,8.000329484939721e-06,3.814143864610163e-07,0.0028284853694052797,0.000617587553680461,0.7816543227125422,7.618915098478705e-06,0.03816246109434892,0.0,0.0,1.0,,,
2026-08-14,2025-08-07,9.973243527502444e-06,2.8229123867274653e-06,0.003472449714997052,2026-08-12,250,49649,2,0.01,5.024969785196242e-06,1.5306081955909888e-06,5.024969785196242e-06,1.5306081955909888e-06,0.0022416444377278575,0.001237177511754473,0.44809377841898845,3.4943615896052527e-06,0.03796993125162867,0.0,0.0,1.0,7.669604289003891e-08,2.383040044545124e-07,0.009673724739034299
2026-08-17,2025-08-08,8.893831494487204e-05,2.0485659090230144e-06,0.0034648448991599387,2026-08-13,250,49687,3,0.01,8.893831494487204e-05,2.0485659090230144e-06,8.893831494487204e-05,2.0485659090230144e-06,0.009430711263996585,0.0014312812124187945,0.8482318912802511,8.688974903584903e-05,0.037873652428081515,0.6666666666666666,0.0,1.0,,,
2026-08-20,2025-08-13,0.0002001162126448878,3.382802412318528e-05,0.0033456427737272357,2026-08-18,250,49786,3,0.01,0.0002001162126448878,3.382802412318528e-05,0.0002001162126448878,3.382802412318528e-05,0.014146243764508223,0.00581618638999691,0.5888529501669377,0.0001662881885217025,0.037873652428081515,0.0,0.0,1.0,,,
2026-08-24,2025-08-15,,,,2026-08-20,250,49933,1,0.01,9.791442730719524e-06,7.535841907638413e-07,9.791442730719524e-06,7.535841907638413e-07,0.0031291281103079695,0.0008680922708812936,0.722576947865565,9.037858539955683e-06,0.03806620080645633,0.0,0.0,1.0,9.791442730719524e-06,7.535841907638413e-07,0.009827348116805098
2026-08-25,2025-08-18,7.888536784780966e-06,2.5308693963642345e-05,0.0034156086872462466,2026-08-21,250,49907,1,0.01,7.888536784780966e-06,2.5308693963642345e-05,7.888536784780966e-06,2.5308693963642345e-05,0.0028086539097548074,0.005030774688220726,-0.7911693109457931,-1.7420157178861377e-05,0.03796993125162867,0.0,0.0,1.0,,,
2026-08-26,2025-08-19,,,,2026-08-24,250,49992,3,0.01,2.6900867956336e-07,2.582467262121439e-06,2.6900867956336e-07,2.582467262121439e-06,0.0005186604665514424,0.0016070056820439182,-2.098377041783905,-2.313458582558079e-06,0.037873652428081515,0.0,0.0,1.0,2.6900867956336e-07,2.582467262121439e-06,0.009824910237495267
2026-08-27,2025-08-20,4.347720528715061e-06,1.4540894347878849e-05,0.0033817195724996016,2026-08-25,250,50070,2,0.01,4.347720528715061e-06,1.4540894347878849e-05,4.347720528715061e-06,1.4540894347878849e-05,0.002085118828440015,0.0038132524631708884,-0.8287938371472956,-1.0193173819163788e-05,0.03777736433402994,0.0,0.0,1.0,,,
2026-09-02,2025-08-27,3.883209098945692e-05,4.802824863183047e-06,0.003260234367791345,2026-08-31,250,49951,11,0.01,2.8327230077045064e-05,4.716002693132206e-06,2.8327230077045064e-05,4.716002693132206e-06,0.0053223331422455195,0.0021716359485724596,0.5919766969610933,2.3611227383912858e-05,0.038451186374252724,0.18181818181818182,0.09090909090909091,1.0,3.142676439467996e-07,4.4844769063299675e-06,0.00987817611383864
2026-09-04,2025-08-29,7.178480516760185e-08,1.2151712790671241e-06,0.003229639560037781,2026-09-02,250,50022,1,0.01,7.178480516760185e-08,1.2151712790671241e-06,7.178480516760185e-08,1.2151712790671241e-06,0.00026792686533381056,0.0011023480752770987,-3.1143618573064007,-1.1433864738995222e-06,0.03816246109434892,0.0,0.0,1.0,,,
