evaluated_session,train_start,baseline_loss_AAPL,model_loss_AAPL,q_effective_AAPL,train_end,train_sessions,train_rows,evaluation_rows,alpha,baseline_loss,model_loss,baseline_mse,model_mse,baseline_rmse,model_rmse,rho,d,r_effective,model_within_spread,baseline_within_spread,learned_coverage,baseline_loss_SPY,model_loss_SPY,q_effective_SPY
2020-11-16,2020-01-08,7.377423700914242e-07,7.377423700914242e-07,0.006770920677511319,2020-11-11,120,11060,98,,7.377423700914242e-07,7.377423700914242e-07,7.377423700914242e-07,7.377423700914242e-07,0.0008589193035969236,0.0008589193035969236,0.0,0.0,0.0008995952428360928,0.3673469387755102,0.3673469387755102,0.0,,,
2020-11-18,2020-01-08,4.632687941068846e-07,4.632687941068846e-07,0.006763548035848898,2020-11-13,121,11168,82,,3.6073783550357826e-07,3.6073783550357826e-07,3.6073783550357826e-07,3.6073783550357826e-07,0.0006006145481950785,0.0006006145481950785,0.0,0.0,0.0008995952428360928,0.5,0.5,0.0,2.530803289701067e-07,2.530803289701067e-07,0.01575347179856913
2020-11-20,2020-01-08,3.678195447813496e-07,3.678195447813496e-07,0.006806304787592717,2020-11-16,122,11266,145,,1.0742419195430707e-06,1.0742419195430707e-06,1.0742419195430707e-06,1.0742419195430707e-06,0.0010364564243339276,0.0010364564243339276,0.0,0.0,0.0006997551142733421,0.3310344827586207,0.3310344827586207,0.0,2.9286006532925884e-06,2.9286006532925884e-06,0.015878520319749567
2020-11-23,2020-01-08,8.40939203326205e-07,8.40939203326205e-07,0.0068817112664053175,2020-11-18,123,11348,144,,1.5327678803363186e-06,1.5327678803363186e-06,1.5327678803363186e-06,1.5327678803363186e-06,0.001238050031435046,0.001238050031435046,0.0,0.0,0.0006997551142733421,0.2847222222222222,0.2847222222222222,0.0,3.3953835492097013e-06,3.3953835492097013e-06,0.015988002701713893
2020-11-25,2020-01-08,1.5913675928631456e-07,1.5913675928631456e-07,0.007011374489884519,2020-11-20,124,11493,80,,1.5637577470115873e-07,1.5637577470115873e-07,1.5637577470115873e-07,1.5637577470115873e-07,0.00039544376932903964,0.00039544376932903964,0.0,0.0,0.000899595242836093,0.525,0.525,0.0,1.5347320116291792e-07,1.5347320116291792e-07,0.015640705357634493
2020-11-27,2020-01-08,2.856103443926308e-07,2.856103443926308e-07,0.006959407049900885,2020-11-23,125,11638,140,,2.5810709462752237e-07,2.5810709462752237e-07,2.5810709462752237e-07,2.5810709462752237e-07,0.0005080424142013365,0.0005080424142013365,0.0,0.0,0.0008995952428360928,0.42142857142857143,0.42142857142857143,0.0,1.8428258210012597e-07,1.8428258210012597e-07,0.01566485689075167
2020-11-30,2020-01-08,1.78470200170437e-05,1.78470200170437e-05,0.006925979929668066,2020-11-25,126,11718,67,,8.608752503006025e-06,8.608752503006025e-06,8.608752503006025e-06,8.608752503006025e-06,0.0029340675696046987,0.0029340675696046987,0.0,0.0,0.000899595242836093,0.26865671641791045,0.26865671641791045,0.0,1.118265329461965e-06,1.118265329461965e-06,0.015621351774960815
2020-12-02,2020-01-08,6.06845563728703e-06,6.06845563728703e-06,0.006580019556714471,2020-11-27,127,11859,88,,3.965409585004032e-06,3.965409585004032e-06,3.965409585004032e-06,3.965409585004032e-06,0.0019913336197141937,0.0019913336197141937,0.0,0.0,0.0008995952428360929,0.14772727272727273,0.14772727272727273,0.0,1.3231209552125752e-06,1.3231209552125752e-06,0.015521056226435717
2020-12-04,2020-01-08,2.7205617758274447e-06,2.7205617758274447e-06,0.006568244672197819,2020-11-30,128,11926,66,,2.7205617758274447e-06,2.7205617758274447e-06,2.7205617758274447e-06,2.7205617758274447e-06,0.0016494125547683468,0.0016494125547683468,0.0,0.0,0.0007996801705643322,0.21212121212121213,0.21212121212121213,0.0,,,
2020-12-07,2020-01-08,1.1142633861890987e-06,1.1142633861890987e-06,0.006605316973415134,2020-12-02,129,12014,123,,9.74199096179815e-07,9.74199096179815e-07,9.74199096179815e-07,9.74199096179815e-07,0.000987015246173946,0.000987015246173946,0.0,0.0,0.0008995952428360928,0.4715447154471545,0.4715447154471545,0.0,5.922055779726776e-07,5.922055779726776e-07,0.01536032715965932
2020-12-09,2020-01-08,8.801088616211809e-06,8.801088616211809e-06,0.006492201318539958,2020-12-04,130,12080,56,,3.4746353156795212e-06,3.4746353156795212e-06,3.4746353156795212e-06,3.4746353156795212e-06,0.001864037369711112,0.001864037369711112,0.0,0.0,0.0008995952428360929,0.7321428571428571,0.7321428571428571,0.0,2.8106709452747377e-08,2.8106709452747377e-08,0.015347048653321446
2020-12-11,2020-01-08,8.960853010200138e-07,8.960853010200138e-07,0.006552255761116521,2020-12-07,131,12203,71,,8.960853010200138e-07,8.960853010200138e-07,8.960853010200138e-07,8.960853010200138e-07,0.0009466178220485889,0.0009466178220485889,0.0,0.0,0.0007996801705643321,0.49295774647887325,0.49295774647887325,0.0,,,
2020-12-18,2020-01-08,1.2661745161348959e-06,1.2661745161348959e-06,0.0062742812742812735,2020-12-09,132,12259,129,,3.067405035618117e-06,3.067405035618117e-06,3.067405035618117e-06,3.067405035618117e-06,0.0017514008780453768,0.0017514008780453768,0.0,0.0,0.0007996801705643321,0.3488372093023256,0.3488372093023256,0.0,9.278544757974051e-06,9.278544757974051e-06,0.015261704814098432
2020-12-21,2020-01-08,1.7336630851338999e-06,1.7336630851338999e-06,0.0063755872251391585,2020-12-11,133,12330,138,,2.2671566513699705e-06,2.2671566513699705e-06,2.2671566513699705e-06,2.2671566513699705e-06,0.0015057080232800683,0.0015057080232800683,0.0,0.0,0.0007996801705643322,0.2753623188405797,0.2753623188405797,0.0,3.8990193245626565e-06,3.8990193245626565e-06,0.015415312313776477
2020-12-23,2020-01-08,2.154434977360916e-06,2.154434977360916e-06,0.006122990597512892,2020-12-18,134,12459,64,,2.4152229116047963e-06,2.4152229116047963e-06,2.4152229116047963e-06,2.4152229116047963e-06,0.0015540987457702926,0.0015540987457702926,0.0,0.0,0.0008995952428360929,0.15625,0.15625,0.0,2.64532991240822e-06,2.64532991240822e-06,0.015496745997168064
2020-12-28,2020-01-08,1.3082507621481936e-06,1.3082507621481936e-06,0.006118814882170188,2020-12-21,135,12597,140,,1.1533761511168544e-06,1.1533761511168544e-06,1.1533761511168544e-06,1.1533761511168544e-06,0.0010739535144115198,0.0010739535144115198,0.0,0.0,0.0008995952428360928,0.22857142857142856,0.22857142857142856,0.0,6.30674338886085e-07,6.30674338886085e-07,0.015422831978319783
2020-12-30,2020-01-08,2.236362021545837e-06,2.236362021545837e-06,0.005987246978571956,2020-12-23,136,12661,59,,1.4930004547281835e-06,1.4930004547281835e-06,1.4930004547281835e-06,1.4930004547281835e-06,0.0012218839776051503,0.0012218839776051503,0.0,0.0,0.0009995003330835331,0.23728813559322035,0.23728813559322035,0.0,7.744176068044519e-07,7.744176068044519e-07,0.015320694018198463
2021-01-04,2020-01-08,7.728634604243652e-06,7.728634604243652e-06,0.006085613083126086,2020-12-28,137,12801,106,,6.477457067660691e-06,6.477457067660691e-06,6.477457067660691e-06,6.477457067660691e-06,0.0025450848841759074,0.0025450848841759074,0.0,0.0,0.0008995952428360928,0.39622641509433965,0.39622641509433965,0.0,3.3078073083171886e-06,3.3078073083171886e-06,0.015221528297849573
2021-01-06,2020-01-08,4.979021946375062e-06,4.979021946375062e-06,0.0061636516296465944,2020-12-30,138,12861,61,,2.8889056679982414e-06,2.8889056679982414e-06,2.8889056679982414e-06,2.8889056679982414e-06,0.0016996781071715436,0.0016996781071715436,0.0,0.0,0.000899595242836093,0.11475409836065574,0.11475409836065574,0.0,9.947377907192492e-07,9.947377907192492e-07,0.015326057684539358
2021-01-08,2020-01-08,2.8170405022168998e-06,2.8170405022168998e-06,0.006167888787045525,2021-01-04,139,12967,74,,2.8170405022168998e-06,2.8170405022168998e-06,2.8170405022168998e-06,2.8170405022168998e-06,0.001678404153419819,0.001678404153419819,0.0,0.0,0.0008995952428360928,0.33783783783783783,0.33783783783783783,0.0,,,
2021-01-11,2020-01-08,5.730649473328076e-06,5.730649473328076e-06,0.0061151079136690665,2021-01-06,140,13028,161,,4.712070041546526e-06,4.712070041546526e-06,4.712070041546526e-06,4.712070041546526e-06,0.002170730301430034,0.002170730301430034,0.0,0.0,0.0007996801705643322,0.2981366459627329,0.2981366459627329,0.0,9.073762816566249e-07,9.073762816566249e-07,0.01492688716361538
2021-01-15,2020-01-08,8.240816406306592e-07,8.240816406306592e-07,0.0062640601970366935,2021-01-08,141,13102,170,,1.514704219194956e-06,1.514704219194956e-06,1.514704219194956e-06,1.514704219194956e-06,0.0012307332039052802,0.0012307332039052802,0.0,0.0,0.0008995952428360928,0.43529411764705883,0.43529411764705883,0.0,4.3818343180830985e-06,4.3818343180830985e-06,0.015037322306188237
2021-01-20,2020-01-08,6.141749322738351e-07,6.141749322738351e-07,0.0063169834937025745,2021-01-11,142,13263,82,,3.293352682887706e-06,3.293352682887706e-06,3.293352682887706e-06,3.293352682887706e-06,0.0018147596763449716,0.0018147596763449716,0.0,0.0,0.0008995952428360928,0.15853658536585366,0.15853658536585366,0.0,6.247317895103e-06,6.247317895103e-06,0.015029776838769307
2021-01-22,2020-01-08,3.3086268579535227e-06,3.3086268579535227e-06,0.005899758895302112,2021-01-15,143,13433,162,,2.461196478325489e-06,2.461196478325489e-06,2.461196478325489e-06,2.461196478325489e-06,0.001568820091127561,0.001568820091127561,0.0,0.0,0.0008995952428360929,0.38271604938271603,0.38271604938271603,0.0,3.996682224539167e-08,3.996682224539167e-08,0.014811120653758069
2021-01-25,2020-01-08,1.662342226665343e-05,1.662342226665343e-05,0.005806428417343786,2021-01-20,144,13515,165,,1.2498901214182712e-05,1.2498901214182712e-05,1.2498901214182712e-05,1.2498901214182712e-05,0.003535378510737247,0.003535378510737247,0.0,0.0,0.0007996801705643323,0.11515151515151516,0.11515151515151516,0.0,7.967717164750915e-07,7.967717164750915e-07,0.014863730150438778
2021-01-27,2020-01-08,1.487385142248365e-05,1.487385142248365e-05,0.005640542050852193,2021-01-22,145,13677,73,,4.153215113259934e-05,4.153215113259934e-05,4.153215113259934e-05,4.153215113259934e-05,0.00644454429208143,0.00644454429208143,0.0,0.0,0.0006997551142733421,0.2465753424657534,0.2465753424657534,0.0,6.233862895512867e-05,6.233862895512867e-05,0.014828486932958126
2021-01-29,2020-01-08,2.902750758818797e-05,2.902750758818797e-05,0.005890291049675396,2021-01-25,146,13842,97,,2.902750758818797e-05,2.902750758818797e-05,2.902750758818797e-05,2.902750758818797e-05,0.005387718217222201,0.005387718217222201,0.0,0.0,0.0006997551142733421,0.18556701030927836,0.18556701030927836,0.0,,,
2021-02-01,2020-01-08,1.9973241629576695e-05,1.9973241629576695e-05,0.006119278569263415,2021-01-27,147,13916,170,,1.5076418161459023e-05,1.5076418161459023e-05,1.5076418161459023e-05,1.5076418161459023e-05,0.003882836355225265,0.003882836355225265,0.0,0.0,0.0005998200719676154,0.12352941176470589,0.12352941176470589,0.0,1.053696411849332e-06,1.053696411849332e-06,0.0153782392520334
2021-02-03,2020-01-08,1.695154927004304e-05,1.695154927004304e-05,0.005981924587006445,2021-01-29,148,14013,78,,1.496362250089542e-05,1.496362250089542e-05,1.496362250089542e-05,1.496362250089542e-05,0.0038682841804727093,0.0038682841804727093,0.0,0.0,0.0006997551142733423,0.01282051282051282,0.01282051282051282,0.0,1.2521312470228353e-05,1.2521312470228353e-05,0.014915541868693486
2021-02-05,2020-01-08,7.004880558468008e-06,7.004880558468008e-06,0.005877429216100153,2021-02-01,149,14183,109,,5.031573483466728e-06,5.031573483466728e-06,5.031573483466728e-06,5.031573483466728e-06,0.0022431169125720417,0.0022431169125720417,0.0,0.0,0.00039992002132693556,0.045871559633027525,0.045871559633027525,0.0,6.786902297874366e-07,6.786902297874366e-07,0.014736334446774902
2021-02-08,2020-01-08,6.52795888428308e-07,6.52795888428308e-07,0.005995905235448963,2021-02-03,150,14261,147,,5.712338012472161e-07,5.712338012472161e-07,5.712338012472161e-07,5.712338012472161e-07,0.0007558001066731971,0.0007558001066731971,0.0,0.0,0.00029995500899797546,0.4557823129251701,0.4557823129251701,0.0,3.0015980561593964e-07,3.0015980561593964e-07,0.014678561295813883
2021-02-10,2020-01-08,,,,2021-02-05,151,14371,35,,4.138884001572606e-07,4.138884001572606e-07,4.138884001572606e-07,4.138884001572606e-07,0.0006433415890157115,0.0006433415890157115,0.0,0.0,0.00039992002132693534,0.08571428571428572,0.08571428571428572,0.0,4.138884001572606e-07,4.138884001572606e-07,0.014583023702754645
2021-02-12,2020-01-08,3.402263456124543e-06,3.402263456124543e-06,0.0060682305927625265,2021-02-08,152,14519,122,,3.402263456124543e-06,3.402263456124543e-06,3.402263456124543e-06,3.402263456124543e-06,0.001844522555059857,0.001844522555059857,0.0,0.0,0.0004998750416510477,0.23770491803278687,0.23770491803278687,0.0,,,
2021-02-17,2020-01-08,4.334896983480565e-07,4.334896983480565e-07,0.006156618364742095,2021-02-10,153,14554,77,,5.192698767857274e-07,5.192698767857274e-07,5.192698767857274e-07,5.192698767857274e-07,0.0007206038279011064,0.0007206038279011064,0.0,0.0,0.0003999200213269353,0.2727272727272727,0.2727272727272727,0.0,6.336434480359556e-07,6.336434480359556e-07,0.014506818761152179
2021-02-19,2020-01-08,1.7236077400934623e-06,1.7236077400934623e-06,0.006321794772955052,2021-02-12,154,14677,161,,1.4601043963130366e-06,1.4601043963130366e-06,1.4601043963130366e-06,1.4601043963130366e-06,0.0012083477960889556,0.0012083477960889556,0.0,0.0,0.00029995500899797546,0.40372670807453415,0.40372670807453415,0.0,6.358118849999101e-07,6.358118849999101e-07,0.014565481674856677
2021-02-22,2020-01-08,3.8020089739899024e-06,3.8020089739899024e-06,0.006314006314006316,2021-02-17,155,14754,149,,3.066160445686127e-06,3.066160445686127e-06,3.066160445686127e-06,3.066160445686127e-06,0.0017510455293013164,0.0017510455293013164,0.0,0.0,0.0003999200213269353,0.28859060402684567,0.28859060402684567,0.0,9.167081656408887e-07,9.167081656408887e-07,0.014591249391072484
2021-02-24,2020-01-08,2.4241211030303333e-06,2.4241211030303333e-06,0.006515175591927539,2021-02-19,156,14916,79,,1.6348262237986544e-06,1.6348262237986544e-06,1.6348262237986544e-06,1.6348262237986544e-06,0.0012786032315768071,0.0012786032315768071,0.0,0.0,0.0003999200213269353,0.24050632911392406,0.24050632911392406,0.0,5.901712365802556e-07,5.901712365802556e-07,0.014686516129032257
2021-02-26,2020-01-08,4.990541967017763e-06,4.990541967017763e-06,0.006777419621456317,2021-02-22,157,15065,112,,4.598436861651779e-06,4.598436861651779e-06,4.598436861651779e-06,4.598436861651779e-06,0.002144396619483387,0.002144396619483387,0.0,0.0,0.0003999200213269354,0.5,0.5,0.0,3.7358056298466106e-06,3.7358056298466106e-06,0.014885112337509481
2021-03-01,2020-01-08,5.771871421830948e-06,5.771871421830948e-06,0.006762328880092364,2021-02-24,158,15144,110,,4.7040051190543175e-06,4.7040051190543175e-06,4.7040051190543175e-06,4.7040051190543175e-06,0.0021688718539956014,0.0021688718539956014,0.0,0.0,0.00039992002132693556,0.10909090909090909,0.10909090909090909,0.0,2.7599408242558322e-06,2.7599408242558322e-06,0.014962206856662112
2021-03-03,2020-01-08,3.815383311634099e-06,3.815383311634099e-06,0.006553708439897699,2021-02-26,159,15256,43,,3.815383311634099e-06,3.815383311634099e-06,3.815383311634099e-06,3.815383311634099e-06,0.0019533006198826897,0.0019533006198826897,0.0,0.0,0.00039992002132693534,0.27906976744186046,0.27906976744186046,0.0,,,
2021-03-05,2020-01-08,6.160432064417656e-07,6.160432064417656e-07,0.0068259385665529,2021-03-01,160,15366,78,,6.160432064417656e-07,6.160432064417656e-07,6.160432064417656e-07,6.160432064417656e-07,0.0007848841993834285,0.0007848841993834285,0.0,0.0,0.0003999200213269353,0.5897435897435898,0.5897435897435898,0.0,,,
2021-03-08,2020-01-08,8.773811824444524e-06,8.773811824444524e-06,0.006753417888321525,2021-03-03,161,15409,139,,7.221447778687837e-06,7.221447778687837e-06,7.221447778687837e-06,7.221447778687837e-06,0.0026872751587226486,0.0026872751587226486,0.0,0.0,0.00039992002132693534,0.2158273381294964,0.2158273381294964,0.0,1.5811917457718651e-06,1.5811917457718651e-06,0.014834671428199048
2021-03-10,2020-01-08,1.1016040594420668e-05,1.1016040594420668e-05,0.006772102242226535,2021-03-05,162,15487,75,,5.942952231585316e-06,5.942952231585316e-06,5.942952231585316e-06,5.942952231585316e-06,0.002437817103801127,0.002437817103801127,0.0,0.0,0.0004998750416510478,0.26666666666666666,0.26666666666666666,0.0,1.451369597734844e-07,1.451369597734844e-07,0.014699034016065293
2021-03-12,2020-01-08,1.8845454805600098e-06,1.8845454805600098e-06,0.006723515906854707,2021-03-08,163,15626,78,,1.8845454805600098e-06,1.8845454805600098e-06,1.8845454805600098e-06,1.8845454805600098e-06,0.0013727874855781611,0.0013727874855781611,0.0,0.0,0.0003999200213269353,0.24358974358974358,0.24358974358974358,0.0,,,
2021-03-15,2020-01-08,1.3003032963508978e-06,1.3003032963508978e-06,0.006775179707510533,2021-03-10,164,15701,132,,1.008223543665177e-06,1.008223543665177e-06,1.008223543665177e-06,1.008223543665177e-06,0.0010041033530793417,0.0010041033530793417,0.0,0.0,0.00039992002132693534,0.553030303030303,0.553030303030303,0.0,1.6634660945339258e-07,1.6634660945339258e-07,0.014442026594934779
2021-03-22,2020-01-08,7.1907372285034946e-06,7.1907372285034946e-06,0.0068339028252354375,2021-03-12,165,15779,120,,6.572719510639059e-06,6.572719510639059e-06,6.572719510639059e-06,6.572719510639059e-06,0.002563731559785279,0.002563731559785279,0.0,0.0,9.999500033330834e-05,0.125,0.125,0.0,4.443991815772666e-06,4.443991815772666e-06,0.014283798911369003
2021-03-24,2020-01-08,3.5850080264740055e-07,3.5850080264740055e-07,0.00669169250856863,2021-03-15,166,15911,58,,2.051044925995742e-07,2.051044925995742e-07,2.051044925995742e-07,2.051044925995742e-07,0.0004528846349784614,0.0004528846349784614,0.0,0.0,9.999500033330834e-05,0.27586206896551724,0.27586206896551724,0.0,8.046999068571524e-08,8.046999068571524e-08,0.01428306546854942
2021-03-26,2020-01-08,8.389441971531742e-06,8.389441971531742e-06,0.0067999004892611336,2021-03-22,167,16032,89,,5.796734915394162e-06,5.796734915394162e-06,5.796734915394162e-06,5.796734915394162e-06,0.0024076409440350866,0.0024076409440350866,0.0,0.0,0.00019998000266626675,0.43820224719101125,0.43820224719101125,0.0,1.483374002372925e-07,1.483374002372925e-07,0.014275735180908394
2021-03-29,2020-01-08,5.799977961697533e-06,5.799977961697533e-06,0.006765118389571819,2021-03-24,168,16090,69,,5.799977961697533e-06,5.799977961697533e-06,5.799977961697533e-06,5.799977961697533e-06,0.002408314340300604,0.002408314340300604,0.0,0.0,0.00019998000266626678,0.4492753623188406,0.4492753623188406,0.0,,,
2021-03-31,2020-01-08,3.412593150627168e-06,3.412593150627168e-06,0.006839032527105919,2021-03-26,169,16179,57,,1.7879931896795754e-06,1.7879931896795754e-06,1.7879931896795754e-06,1.7879931896795754e-06,0.001337158625474022,0.001337158625474022,0.0,0.0,0.00019998000266626675,0.24561403508771928,0.24561403508771928,0.0,2.1941391704052023e-07,2.1941391704052023e-07,0.014093821092898936
2021-04-05,2020-01-08,2.514909237111157e-06,2.514909237111157e-06,0.006666666666666667,2021-03-29,170,16250,114,,2.162372044498471e-06,2.162372044498471e-06,2.162372044498471e-06,2.162372044498471e-06,0.0014705006101659636,0.0014705006101659636,0.0,0.0,0.00019998000266626672,0.30701754385964913,0.30701754385964913,0.0,9.691692387324558e-07,9.691692387324558e-07,0.013886957389980283
2021-04-07,2020-01-08,8.285181908944493e-07,8.285181908944493e-07,0.006497107994612153,2021-03-31,171,16307,53,,5.283455488177395e-07,5.283455488177395e-07,5.283455488177395e-07,5.283455488177395e-07,0.0007268738190482166,0.0007268738190482166,0.0,0.0,0.0001999800026662668,0.18867924528301888,0.18867924528301888,0.0,2.392904120031302e-07,2.392904120031302e-07,0.013698547227420468
2021-04-09,2020-01-08,7.560894474343386e-07,7.560894474343386e-07,0.006290273089904876,2021-04-05,172,16421,53,,7.560894474343386e-07,7.560894474343386e-07,7.560894474343386e-07,7.560894474343386e-07,0.0008695340404114945,0.0008695340404114945,0.0,0.0,9.999500033330834e-05,0.16981132075471697,0.16981132075471697,0.0,,,
2021-04-12,2020-01-08,8.963210820169812e-07,8.963210820169812e-07,0.006165645325012214,2021-04-07,173,16474,119,,8.533789246806505e-07,8.533789246806505e-07,8.533789246806505e-07,8.533789246806505e-07,0.0009237851074144086,0.0009237851074144086,0.0,0.0,0.00019998000266626667,0.3277310924369748,0.3277310924369748,0.0,6.919164130960473e-07,6.919164130960473e-07,0.013519779338501544
2021-04-16,2020-01-08,1.4773112631230232e-06,1.4773112631230232e-06,0.006096654275092936,2021-04-09,174,16527,133,,1.30152036199049e-06,1.30152036199049e-06,1.30152036199049e-06,1.30152036199049e-06,0.001140841953116421,0.001140841953116421,0.0,0.0,0.00019998000266626678,0.18045112781954886,0.18045112781954886,0.0,6.423044827434914e-07,6.423044827434914e-07,0.013377387164258061
2021-04-19,2020-01-08,1.1609555867940083e-06,1.1609555867940083e-06,0.006112104949314251,2021-04-12,175,16647,136,,1.0627250255489784e-06,1.0627250255489784e-06,1.0627250255489784e-06,1.0627250255489784e-06,0.0010308855540500015,0.0010308855540500015,0.0,0.0,0.00019998000266626675,0.14705882352941177,0.14705882352941177,0.0,7.300086084287159e-07,7.300086084287159e-07,0.013332823659109427
2021-04-21,2020-01-08,3.211575738227674e-07,3.211575738227674e-07,0.006160318533543684,2021-04-16,176,16781,67,,7.585371137876375e-07,7.585371137876375e-07,7.585371137876375e-07,7.585371137876375e-07,0.0008709403617858329,0.0008709403617858329,0.0,0.0,0.0002999550089979755,0.13432835820895522,0.13432835820895522,0.0,1.2369209856242143e-06,1.2369209856242143e-06,0.013497474343110851
2021-04-23,2020-01-08,5.876967132536502e-07,5.876967132536502e-07,0.0062149461876610575,2021-04-19,177,16918,144,,4.712484017510744e-07,4.712484017510744e-07,4.712484017510744e-07,4.712484017510744e-07,0.0006864753467904542,0.0006864753467904542,0.0,0.0,0.00029995500899797546,0.2708333333333333,0.2708333333333333,0.0,1.3449247389227394e-07,1.3449247389227394e-07,0.01349420040264875
2021-04-26,2020-01-08,8.388764070555667e-07,8.388764070555667e-07,0.006104824300178677,2021-04-21,178,16985,135,,6.311662125863702e-07,6.311662125863702e-07,6.311662125863702e-07,6.311662125863702e-07,0.0007944596985287361,0.0007944596985287361,0.0,0.0,0.0002999550089979755,0.22962962962962963,0.22962962962962963,0.0,3.77085141029522e-08,3.77085141029522e-08,0.013349460095023273
2021-04-28,2020-01-08,4.985069902191003e-06,4.985069902191003e-06,0.006101644467594316,2021-04-23,179,17129,61,,2.1750223185565805e-06,2.1750223185565805e-06,2.1750223185565805e-06,2.1750223185565805e-06,0.0014747956870551867,0.0014747956870551867,0.0,0.0,9.999500033330834e-05,0.3114754098360656,0.3114754098360656,0.0,3.522887507937127e-07,3.522887507937127e-07,0.013324520981030851
2021-04-30,2020-01-08,2.9265820219082983e-05,2.9265820219082983e-05,0.006143242433323343,2021-04-26,180,17268,85,,2.9265820219082983e-05,2.9265820219082983e-05,2.9265820219082983e-05,2.9265820219082983e-05,0.005409789295257532,0.005409789295257532,0.0,0.0,9.999500033330835e-05,0.11764705882352941,0.11764705882352941,0.0,,,
2021-05-03,2020-01-08,4.753178155164772e-07,4.753178155164772e-07,0.00623763882549825,2021-04-28,181,17330,111,,6.036042992047902e-07,6.036042992047902e-07,6.036042992047902e-07,6.036042992047902e-07,0.0007769197508139371,0.0007769197508139371,0.0,0.0,9.999500033330834e-05,0.22522522522522523,0.22522522522522523,0.0,9.499778051632357e-07,9.499778051632357e-07,0.013331545650611069
2021-05-05,2020-01-08,1.1015796733466942e-06,1.1015796733466942e-06,0.006413766132186157,2021-04-30,182,17415,65,,5.592084072665225e-07,5.592084072665225e-07,5.592084072665225e-07,5.592084072665225e-07,0.0007478023851703887,0.0007478023851703887,0.0,0.0,0.00019998000266626675,0.24615384615384617,0.24615384615384617,0.0,1.222982207019398e-07,1.222982207019398e-07,0.013385433809730042
2021-05-07,2020-01-08,2.276769655317393e-06,2.276769655317393e-06,0.006320332973639586,2021-05-03,183,17526,96,,1.670388358709244e-06,1.670388358709244e-06,1.670388358709244e-06,1.670388358709244e-06,0.001292435050093135,0.001292435050093135,0.0,0.0,0.00019998000266626675,0.19791666666666666,0.19791666666666666,0.0,6.597528643623285e-07,6.597528643623285e-07,0.01327523802705992
2021-05-10,2020-01-08,1.247747626088757e-06,1.247747626088757e-06,0.006412717917210658,2021-05-05,184,17591,115,,1.1750304188469849e-06,1.1750304188469849e-06,1.1750304188469849e-06,1.1750304188469849e-06,0.001083988200510958,0.001083988200510958,0.0,0.0,0.00019998000266626672,0.33043478260869563,0.33043478260869563,0.0,1.0154565473997609e-06,1.0154565473997609e-06,0.013179318677153419
2021-05-17,2020-01-08,6.173480329499028e-08,6.173480329499028e-08,0.006551588858375834,2021-05-07,185,17688,57,,6.173480329499028e-08,6.173480329499028e-08,6.173480329499028e-08,6.173480329499028e-08,0.00024846489348596165,0.00024846489348596165,0.0,0.0,9.999500033330834e-05,0.6140350877192983,0.6140350877192983,0.0,,,
2021-05-19,2020-01-08,5.525959034293557e-07,5.525959034293557e-07,0.006688025630756909,2021-05-10,186,17803,26,,5.525959034293557e-07,5.525959034293557e-07,5.525959034293557e-07,5.525959034293557e-07,0.0007433679461944507,0.0007433679461944507,0.0,0.0,0.00019998000266626678,0.19230769230769232,0.19230769230769232,0.0,,,
2021-05-21,2020-01-08,2.845077152846385e-06,2.845077152846385e-06,0.006558793496190399,2021-05-17,187,17860,108,,2.0555553452000946e-06,2.0555553452000946e-06,2.0555553452000946e-06,2.0555553452000946e-06,0.001433720804480459,0.001433720804480459,0.0,0.0,9.999500033330834e-05,0.14814814814814814,0.14814814814814814,0.0,1.8044105204015365e-07,1.8044105204015365e-07,0.0133963927952225
2021-05-24,2020-01-08,1.0714827379418744e-06,1.0714827379418744e-06,0.006657099577453559,2021-05-19,188,17886,102,,8.156781959361348e-07,8.156781959361348e-07,8.156781959361348e-07,8.156781959361348e-07,0.0009031490441428451,0.0009031490441428451,0.0,0.0,9.999500033330834e-05,0.24509803921568626,0.24509803921568626,0.0,2.0174729512236002e-07,2.0174729512236002e-07,0.013407369740203403
2021-05-26,2020-01-08,5.799430344753001e-07,5.799430344753001e-07,0.006579984239558707,2021-05-21,189,17996,24,,5.799430344753001e-07,5.799430344753001e-07,5.799430344753001e-07,5.799430344753001e-07,0.000761539909968808,0.000761539909968808,0.0,0.0,0.00019998000266626675,0.375,0.375,0.0,,,
2021-05-27,2020-01-08,,,,2021-05-24,190,18098,26,,2.1834624367732962e-06,2.1834624367732962e-06,2.1834624367732962e-06,2.1834624367732962e-06,0.0014776543698623492,0.0014776543698623492,0.0,0.0,0.00019998000266626678,0.0,0.0,0.0,2.1834624367732962e-06,2.1834624367732962e-06,0.01327523802705992
2021-05-28,2020-01-08,1.731996258390112e-06,1.731996258390112e-06,0.006665070242656447,2021-05-26,191,18122,92,,1.6394222295225427e-06,1.6394222295225427e-06,1.6394222295225427e-06,1.6394222295225427e-06,0.0012803992461426017,0.0012803992461426017,0.0,0.0,0.0001999800026662667,0.2826086956521739,0.2826086956521739,0.0,1.3448685013075481e-06,1.3448685013075481e-06,0.013268272555987502
2021-06-02,2020-01-08,7.012287508830701e-07,7.012287508830701e-07,0.006718699710331509,2021-05-27,192,18148,53,,4.783979488009815e-07,4.783979488009815e-07,4.783979488009815e-07,4.783979488009815e-07,0.0006916631758312578,0.0006916631758312578,0.0,0.0,0.0001999800026662668,0.3018867924528302,0.3018867924528302,0.0,3.6379925058733576e-07,3.6379925058733576e-07,0.013256258488812636
2021-06-04,2020-01-08,7.097519140653944e-08,7.097519140653944e-08,0.0067589444714262585,2021-05-28,193,18240,52,,7.097519140653944e-08,7.097519140653944e-08,7.097519140653944e-08,7.097519140653944e-08,0.00026641169532612386,0.00026641169532612386,0.0,0.0,0.00019998000266626678,0.5192307692307693,0.5192307692307693,0.0,,,
2021-06-07,2020-01-08,1.9015687038566088e-07,1.9015687038566088e-07,0.006632774644530938,2021-06-02,194,18298,103,,1.7339127425901638e-07,1.7339127425901638e-07,1.7339127425901638e-07,1.7339127425901638e-07,0.0004164027788800363,0.0004164027788800363,0.0,0.0,0.00019998000266626667,0.4077669902912621,0.4077669902912621,0.0,1.2848342749121845e-07,1.2848342749121845e-07,0.013164349266445814
2021-06-09,2020-01-08,1.592373703407039e-07,1.592373703407039e-07,0.006588290989427174,2021-06-04,195,18350,61,,2.379774918101057e-07,2.379774918101057e-07,2.379774918101057e-07,2.379774918101057e-07,0.0004878293675150213,0.0004878293675150213,0.0,0.0,0.00019998000266626678,0.3114754098360656,0.3114754098360656,0.0,3.193422839951542e-07,3.193422839951542e-07,0.013174325092355782
2021-06-11,2020-01-08,3.074829888617471e-06,3.074829888617471e-06,0.006621203711045911,2021-06-07,196,18458,39,,3.074829888617471e-06,3.074829888617471e-06,3.074829888617471e-06,3.074829888617471e-06,0.0017535192866397196,0.0017535192866397196,0.0,0.0,0.0002999550089979754,0.05128205128205128,0.05128205128205128,0.0,,,
2021-06-14,2020-01-08,3.618806690529604e-06,3.618806690529604e-06,0.006556733411857086,2021-06-09,197,18519,61,,3.618806690529604e-06,3.618806690529604e-06,3.618806690529604e-06,3.618806690529604e-06,0.0019023161384295734,0.0019023161384295734,0.0,0.0,0.0002999550089979756,0.18032786885245902,0.18032786885245902,0.0,,,
2021-06-16,2020-01-08,,,,2021-06-11,198,18560,34,,5.2719241564039284e-08,5.2719241564039284e-08,5.2719241564039284e-08,5.2719241564039284e-08,0.0002296067106250148,0.0002296067106250148,0.0,0.0,0.00029995500899797546,0.5588235294117647,0.5588235294117647,0.0,5.2719241564039284e-08,5.2719241564039284e-08,0.013106045043347154
2021-06-18,2020-01-08,1.6922607645406222e-07,1.6922607645406222e-07,0.006335837316943622,2021-06-14,199,18621,98,,5.819995141532219e-07,5.819995141532219e-07,5.819995141532219e-07,5.819995141532219e-07,0.0007628889264848598,0.0007628889264848598,0.0,0.0,0.00039992002132693545,0.40816326530612246,0.40816326530612246,0.0,1.7250644185508953e-06,1.7250644185508953e-06,0.01318400360215181
2021-06-21,2020-01-08,4.809638528592786e-07,4.809638528592786e-07,0.006400429250344934,2021-06-16,200,18655,107,,5.766464871984194e-07,5.766464871984194e-07,5.766464871984194e-07,5.766464871984194e-07,0.0007593724298382312,0.0007593724298382312,0.0,0.0,0.0004998750416510477,0.19626168224299065,0.19626168224299065,0.0,8.339997795588671e-07,8.339997795588671e-07,0.013431232526752145
2021-06-23,2020-01-08,5.915837661085526e-08,5.915837661085526e-08,0.006232273473652786,2021-06-18,201,18753,55,,4.74536875619313e-07,4.74536875619313e-07,4.74536875619313e-07,4.74536875619313e-07,0.0006888663699291126,0.0006888663699291126,0.0,0.0,0.0003999200213269353,0.32727272727272727,0.32727272727272727,0.0,9.052997634799359e-07,9.052997634799359e-07,0.01317124861147219
2021-06-25,2020-01-08,6.669290774993409e-07,6.669290774993409e-07,0.006258901131849188,2021-06-21,202,18860,99,,5.347681974882601e-07,5.347681974882601e-07,5.347681974882601e-07,5.347681974882601e-07,0.0007312784678139101,0.0007312784678139101,0.0,0.0,0.0004998750416510478,0.26262626262626265,0.26262626262626265,0.0,1.2176544745363253e-07,1.2176544745363253e-07,0.013109590684544812
2021-06-28,2020-01-08,1.982269891921155e-07,1.982269891921155e-07,0.006273007287206071,2021-06-23,203,18915,95,,1.7505966534345977e-07,1.7505966534345977e-07,1.7505966534345977e-07,1.7505966534345977e-07,0.0004184013209150513,0.0004184013209150513,0.0,0.0,0.0005998200719676153,0.21052631578947367,0.21052631578947367,0.0,1.0652299895785327e-07,1.0652299895785327e-07,0.013063188861020604
2021-06-30,2020-01-08,1.6620927432696142e-06,1.6620927432696142e-06,0.006124844128218292,2021-06-25,204,19014,48,,1.2238182887425886e-06,1.2238182887425886e-06,1.2238182887425886e-06,1.2238182887425886e-06,0.0011062632095223037,0.0011062632095223037,0.0,0.0,0.0003999200213269354,0.16666666666666666,0.16666666666666666,0.0,7.474330120827777e-07,7.474330120827777e-07,0.01302989712415244
2021-07-02,2020-01-08,1.2188342228860673e-06,1.2188342228860673e-06,0.0060829023093174036,2021-06-28,205,19110,103,,1.0986182266962712e-06,1.0986182266962712e-06,1.0986182266962712e-06,1.0986182266962712e-06,0.0010481499065955553,0.0010481499065955553,0.0,0.0,0.0004998750416510477,0.17475728155339806,0.17475728155339806,0.0,6.560047861792951e-07,6.560047861792951e-07,0.012947255070510883
2021-07-07,2020-01-08,8.734143400660691e-06,8.734143400660691e-06,0.005879453598084777,2021-06-30,206,19160,50,,5.230860788666028e-06,5.230860788666028e-06,5.230860788666028e-06,5.230860788666028e-06,0.0022871075157644047,0.0022871075157644047,0.0,0.0,0.000499875041651048,0.06,0.06,0.0,1.1183116354549013e-06,1.1183116354549013e-06,0.012872489778948098
2021-07-09,2020-01-08,1.03667996150792e-06,1.03667996150792e-06,0.005829377268919295,2021-07-02,207,19263,56,,1.03667996150792e-06,1.03667996150792e-06,1.03667996150792e-06,1.03667996150792e-06,0.0010181748187359182,0.0010181748187359182,0.0,0.0,0.0005998200719676156,0.25,0.25,0.0,,,
2021-07-12,2020-01-08,3.7732263733360205e-06,3.7732263733360205e-06,0.00575425539246089,2021-07-07,208,19313,108,,2.946750936641362e-06,2.946750936641362e-06,2.946750936641362e-06,2.946750936641362e-06,0.0017166103042453643,0.0017166103042453643,0.0,0.0,0.0005998200719676153,0.16666666666666666,0.16666666666666666,0.0,2.0285248681509667e-07,2.0285248681509667e-07,0.012795938188831742
2021-07-16,2020-01-08,1.3446593826640987e-06,1.3446593826640987e-06,0.0056236530172413795,2021-07-09,209,19369,124,,1.13452637940109e-06,1.13452637940109e-06,1.13452637940109e-06,1.13452637940109e-06,0.0010651414832786722,0.0010651414832786722,0.0,0.0,0.0004998750416510477,0.25,0.25,0.0,5.550687037364307e-07,5.550687037364307e-07,0.012818601495112132
2021-07-19,2020-01-08,3.7614612522180834e-06,3.7614612522180834e-06,0.005703941526060525,2021-07-12,210,19478,132,,3.121555760134904e-06,3.121555760134904e-06,3.121555760134904e-06,3.121555760134904e-06,0.0017667925062482305,0.0017667925062482305,0.0,0.0,0.000499875041651048,0.14393939393939395,0.14393939393939395,0.0,1.415141114579758e-06,1.415141114579758e-06,0.012919940186395881
2021-07-21,2020-01-08,1.499808282152146e-06,1.499808282152146e-06,0.0057133082449538145,2021-07-16,211,19602,68,,1.274719327734571e-06,1.274719327734571e-06,1.274719327734571e-06,1.274719327734571e-06,0.0011290346884549522,0.0011290346884549522,0.0,0.0,0.000499875041651048,0.14705882352941177,0.14705882352941177,0.0,1.0496303733169966e-06,1.0496303733169966e-06,0.012928332482717022
2021-07-23,2020-01-08,1.343029550360042e-06,1.343029550360042e-06,0.005688010899182562,2021-07-19,212,19734,134,,1.172918004378507e-06,1.172918004378507e-06,1.172918004378507e-06,1.172918004378507e-06,0.0010830133906736827,0.0010830133906736827,0.0,0.0,0.000499875041651048,0.12686567164179105,0.12686567164179105,0.0,6.522735757683547e-07,6.522735757683547e-07,0.012797701281403574
2021-07-26,2020-01-08,7.996162035744291e-07,7.996162035744291e-07,0.00562062466343565,2021-07-21,213,19803,133,,6.807405408687008e-07,6.807405408687008e-07,6.807405408687008e-07,6.807405408687008e-07,0.0008250700217973629,0.0008250700217973629,0.0,0.0,0.000499875041651048,0.20300751879699247,0.20300751879699247,0.0,3.47888685292662e-07,3.47888685292662e-07,0.012667379642678547
2021-07-28,2020-01-08,2.226217466551467e-06,2.226217466551467e-06,0.005689173536826326,2021-07-23,214,19939,68,,1.2225997382206377e-06,1.2225997382206377e-06,1.2225997382206377e-06,1.2225997382206377e-06,0.0011057123216373407,0.0011057123216373407,0.0,0.0,0.000499875041651048,0.16176470588235295,0.16176470588235295,0.0,2.763315943658555e-07,2.763315943658555e-07,0.012694214254800572
2021-07-30,2020-01-08,2.208265457488864e-06,2.208265457488864e-06,0.005733315023345235,2021-07-26,215,20075,89,,2.208265457488864e-06,2.208265457488864e-06,2.208265457488864e-06,2.208265457488864e-06,0.0014860233704383197,0.0014860233704383197,0.0,0.0,0.0005998200719676154,0.1797752808988764,0.1797752808988764,0.0,,,
2021-08-02,2020-01-08,1.6116091218939844e-07,1.6116091218939844e-07,0.005724667489373373,2021-07-28,216,20143,86,,1.6116091218939844e-07,1.6116091218939844e-07,1.6116091218939844e-07,1.6116091218939844e-07,0.0004014485174831244,0.0004014485174831244,0.0,0.0,0.0005998200719676153,0.4186046511627907,0.4186046511627907,0.0,,,
2021-08-04,2020-01-08,1.388197207891756e-07,1.388197207891756e-07,0.005666395222584145,2021-07-30,217,20232,67,,1.8768074111713813e-07,1.8768074111713813e-07,1.8768074111713813e-07,1.8768074111713813e-07,0.00043322135348703453,0.00043322135348703453,0.0,0.0,0.000499875041651048,0.34328358208955223,0.34328358208955223,0.0,2.2729778462629686e-07,2.2729778462629686e-07,0.012632635158109485
2021-08-06,2020-01-08,1.8939364169745156e-06,1.8939364169745156e-06,0.005677954576363389,2021-08-02,218,20318,87,,1.1759946849467468e-06,1.1759946849467468e-06,1.1759946849467468e-06,1.1759946849467468e-06,0.001084432886326649,0.001084432886326649,0.0,0.0,0.0004998750416510478,0.26436781609195403,0.26436781609195403,0.0,1.589105645740746e-07,1.589105645740746e-07,0.012615191506700473
2021-08-09,2020-01-08,3.968669154291668e-07,3.968669154291668e-07,0.005816340495415356,2021-08-04,219,20385,103,,2.843017164209016e-07,2.843017164209016e-07,2.843017164209016e-07,2.843017164209016e-07,0.0005331995090216246,0.0005331995090216246,0.0,0.0,0.0005998200719676152,0.5145631067961165,0.5145631067961165,0.0,7.480537382218578e-08,7.480537382218578e-08,0.01259437953400077
2021-08-11,2020-01-08,,,,2021-08-06,220,20472,34,,1.499639137865641e-07,1.499639137865641e-07,1.499639137865641e-07,1.499639137865641e-07,0.0003872517447172628,0.0003872517447172628,0.0,0.0,0.000499875041651048,0.4117647058823529,0.4117647058823529,0.0,1.499639137865641e-07,1.499639137865641e-07,0.012588973976687448
2021-08-13,2020-01-08,6.686514139699466e-07,6.686514139699466e-07,0.005708912620055075,2021-08-09,221,20576,41,,6.686514139699466e-07,6.686514139699466e-07,6.686514139699466e-07,6.686514139699466e-07,0.0008177110822105486,0.0008177110822105486,0.0,0.0,0.0005998200719676155,0.024390243902439025,0.024390243902439025,0.0,,,
2021-08-16,2020-01-08,3.0850910099437465e-06,3.0850910099437465e-06,0.0057008718980549955,2021-08-11,222,20610,44,,3.0850910099437465e-06,3.0850910099437465e-06,3.0850910099437465e-06,3.0850910099437465e-06,0.001756442714677523,0.001756442714677523,0.0,0.0,0.0005998200719676156,0.045454545454545456,0.045454545454545456,0.0,,,
2021-08-18,2020-01-08,2.7499153749522287e-06,2.7499153749522287e-06,0.005659497969238963,2021-08-13,223,20651,62,,2.419520067239718e-06,2.419520067239718e-06,2.419520067239718e-06,2.419520067239718e-06,0.0015554806547301442,0.0015554806547301442,0.0,0.0,0.0006997551142733422,0.25806451612903225,0.25806451612903225,0.0,2.1646436870043522e-06,2.1646436870043522e-06,0.012550416629132512
2021-08-20,2020-01-08,1.6979262613060772e-06,1.6979262613060772e-06,0.005794137695978188,2021-08-16,224,20695,122,,1.411032849107667e-06,1.411032849107667e-06,1.411032849107667e-06,1.411032849107667e-06,0.001187869037018672,0.001187869037018672,0.0,0.0,0.0005998200719676153,0.13934426229508196,0.13934426229508196,0.0,6.978977959287607e-07,6.978977959287607e-07,0.01266968353567044
2021-08-23,2020-01-08,5.278764776769844e-07,5.278764776769844e-07,0.005735879614009043,2021-08-18,225,20757,124,,6.588375584062853e-07,6.588375584062853e-07,6.588375584062853e-07,6.588375584062853e-07,0.0008116880918223979,0.0008116880918223979,0.0,0.0,0.0004998750416510477,0.3467741935483871,0.3467741935483871,0.0,9.91852877975079e-07,9.91852877975079e-07,0.012569665734391914
2021-08-25,2020-01-08,1.3417059077034646e-06,1.3417059077034646e-06,0.005681058681994386,2021-08-20,226,20881,62,,6.904380238511043e-07,6.904380238511043e-07,6.904380238511043e-07,6.904380238511043e-07,0.0008309260038361445,0.0008309260038361445,0.0,0.0,0.000499875041651048,0.3387096774193548,0.3387096774193548,0.0,1.540997665609251e-07,1.540997665609251e-07,0.01244031296738621
2021-08-27,2020-01-08,1.773020941003446e-06,1.773020941003446e-06,0.0057611495187745694,2021-08-23,227,21005,100,,1.2358037238357057e-06,1.2358037238357057e-06,1.2358037238357057e-06,1.2358037238357057e-06,0.001111667092179896,0.001111667092179896,0.0,0.0,0.0004998750416510478,0.36,0.36,0.0,1.9297030227479734e-07,1.9297030227479734e-07,0.012487982342132388
2021-08-30,2020-01-08,4.091018048699765e-06,4.091018048699765e-06,0.005720053835800807,2021-08-25,228,21067,107,,2.934068027955019e-06,2.934068027955019e-06,2.934068027955019e-06,2.934068027955019e-06,0.001712912148347083,0.001712912148347083,0.0,0.0,0.0004998750416510477,0.14018691588785046,0.14018691588785046,0.0,2.2246641683452092e-07,2.2246641683452092e-07,0.012377317046085507
2021-09-01,2020-01-08,1.4147626305847515e-07,1.4147626305847515e-07,0.005598366594217216,2021-08-27,229,21167,66,,1.0138741004721875e-07,1.0138741004721875e-07,1.0138741004721875e-07,1.0138741004721875e-07,0.0003184138973839219,0.0003184138973839219,0.0,0.0,0.00039992002132693534,0.4393939393939394,0.4393939393939394,0.0,6.365672486015389e-08,6.365672486015389e-08,0.012341409779431305
2021-09-03,2020-01-08,6.159070583485646e-07,6.159070583485646e-07,0.005532053368044255,2021-08-30,230,21274,52,,6.159070583485646e-07,6.159070583485646e-07,6.159070583485646e-07,6.159070583485646e-07,0.0007847974632658827,0.0007847974632658827,0.0,0.0,0.000499875041651048,0.40384615384615385,0.40384615384615385,0.0,,,
2021-09-08,2020-01-08,3.982905900772233e-06,3.982905900772233e-06,0.005424723977279978,2021-09-01,231,21340,49,,2.6627231015956147e-06,2.6627231015956147e-06,2.6627231015956147e-06,2.6627231015956147e-06,0.0016317852498400685,0.0016317852498400685,0.0,0.0,0.000499875041651048,0.20408163265306123,0.20408163265306123,0.0,3.89074947458104e-07,3.89074947458104e-07,0.012344143445709476
2021-09-10,2020-01-08,6.661180494849499e-07,6.661180494849499e-07,0.005516972804569352,2021-09-03,232,21396,61,,6.661180494849499e-07,6.661180494849499e-07,6.661180494849499e-07,6.661180494849499e-07,0.0008161605537423075,0.0008161605537423075,0.0,0.0,0.0003999200213269353,0.4098360655737705,0.4098360655737705,0.0,,,
2021-09-13,2020-01-08,1.9897234219555683e-06,1.9897234219555683e-06,0.005705846814794926,2021-09-08,233,21446,118,,1.5393461185387719e-06,1.5393461185387719e-06,1.5393461185387719e-06,1.5393461185387719e-06,0.0012407038802787602,0.0012407038802787602,0.0,0.0,0.0004998750416510477,0.3305084745762712,0.3305084745762712,0.0,2.1823936184950352e-07,2.1823936184950352e-07,0.012510971174568961
2021-09-17,2020-01-08,6.309981029710314e-07,6.309981029710314e-07,0.005712749512736071,2021-09-10,234,21507,105,,7.115488626871396e-07,7.115488626871396e-07,7.115488626871396e-07,7.115488626871396e-07,0.0008435335575346955,0.0008435335575346955,0.0,0.0,0.00039992002132693545,0.1523809523809524,0.1523809523809524,0.0,9.693112937786856e-07,9.693112937786856e-07,0.012462569045329514
2021-09-20,2020-01-08,4.567695021064663e-06,4.567695021064663e-06,0.0058195262221005075,2021-09-13,235,21625,111,,4.5537729968458e-06,4.5537729968458e-06,4.5537729968458e-06,4.5537729968458e-06,0.0021339571216043214,0.0021339571216043214,0.0,0.0,0.00039992002132693556,0.07207207207207207,0.07207207207207207,0.0,4.5125041393398824e-06,4.5125041393398824e-06,0.012826869053013145
2021-09-22,2020-01-08,3.4790266792544622e-06,3.4790266792544622e-06,0.005926235794464198,2021-09-17,236,21731,62,,4.056959711461316e-06,4.056959711461316e-06,4.056959711461316e-06,4.056959711461316e-06,0.002014189591736914,0.002014189591736914,0.0,0.0,0.0002999550089979756,0.11290322580645161,0.11290322580645161,0.0,4.714607644662218e-06,4.714607644662218e-06,0.013056707331134839
2021-09-24,2020-01-08,1.987707240210225e-06,1.987707240210225e-06,0.005789007695974937,2021-09-20,237,21842,110,,1.726150753431211e-06,1.726150753431211e-06,1.726150753431211e-06,1.726150753431211e-06,0.001313830564963082,0.001313830564963082,0.0,0.0,0.00029995500899797535,0.12727272727272726,0.12727272727272726,0.0,8.811221038374723e-07,8.811221038374723e-07,0.012775350873234352
2021-09-27,2020-01-08,4.255869056130381e-08,4.255869056130381e-08,0.005785461475632999,2021-09-22,238,21904,100,,6.282009072697853e-08,6.282009072697853e-08,6.282009072697853e-08,6.282009072697853e-08,0.00025063936388161086,0.00025063936388161086,0.0,0.0,0.00029995500899797546,0.55,0.55,0.0,1.2360429122400276e-07,1.2360429122400276e-07,0.012754342096370885
2021-09-29,2020-01-08,3.1896045145579063e-06,3.1896045145579063e-06,0.005989711789162142,2021-09-24,239,22014,56,,2.782948758116277e-06,2.782948758116277e-06,2.782948758116277e-06,2.782948758116277e-06,0.0016682172394853966,0.0016682172394853966,0.0,0.0,0.00039992002132693534,0.08928571428571429,0.08928571428571429,0.0,2.278695620128657e-06,2.278695620128657e-06,0.013053997971041224
2021-10-01,2020-01-08,3.1846078939728852e-06,3.1846078939728852e-06,0.006007067137809186,2021-09-27,240,22115,108,,2.790095708305696e-06,2.790095708305696e-06,2.790095708305696e-06,2.790095708305696e-06,0.0016703579581352304,0.0016703579581352304,0.0,0.0,0.0003999200213269355,0.26851851851851855,0.26851851851851855,0.0,1.6629180349708687e-06,1.6629180349708687e-06,0.01319331686629072
2021-10-04,2020-01-08,3.7987610374470593e-06,3.7987610374470593e-06,0.005958640028040659,2021-09-29,241,22172,104,,2.8349690358971434e-06,2.8349690358971434e-06,2.8349690358971434e-06,2.8349690358971434e-06,0.0016837366290180728,0.0016837366290180728,0.0,0.0,0.0003999200213269354,0.10576923076923077,0.10576923076923077,0.0,2.1896217454737376e-07,2.1896217454737376e-07,0.013038365880619015
2021-10-06,2020-01-08,2.215172640508831e-06,2.215172640508831e-06,0.006023669477712425,2021-10-01,242,22280,57,,1.1951179703122595e-06,1.1951179703122595e-06,1.1951179703122595e-06,1.1951179703122595e-06,0.0010932145124870323,0.0010932145124870323,0.0,0.0,0.00039992002132693534,0.19298245614035087,0.19298245614035087,0.0,1.3863277618009527e-07,1.3863277618009527e-07,0.013072685292080348
2021-10-08,2020-01-08,1.4208026326911766e-06,1.4208026326911766e-06,0.005932025961337146,2021-10-04,243,22384,55,,1.4208026326911766e-06,1.4208026326911766e-06,1.4208026326911766e-06,1.4208026326911766e-06,0.0011919742584012361,0.0011919742584012361,0.0,0.0,0.0004998750416510478,0.3090909090909091,0.3090909090909091,0.0,,,
2021-10-11,2020-01-08,2.8354741345533706e-06,2.8354741345533706e-06,0.0059482155353393976,2021-10-06,244,22441,100,,2.312058367847369e-06,2.312058367847369e-06,2.312058367847369e-06,2.312058367847369e-06,0.0015205454178837832,0.0015205454178837832,0.0,0.0,0.0004998750416510478,0.22,0.22,0.0,8.065430978493904e-08,8.065430978493904e-08,0.012930571415520944
2021-10-15,2020-01-08,3.1337032922290507e-06,3.1337032922290507e-06,0.0059126321647189764,2021-10-08,245,22496,118,,2.5566122368707356e-06,2.5566122368707356e-06,2.5566122368707356e-06,2.5566122368707356e-06,0.00159894097354178,0.00159894097354178,0.0,0.0,0.0004998750416510477,0.1271186440677966,0.1271186440677966,0.0,1.242127055221238e-06,1.242127055221238e-06,0.01279498305084746
2021-10-18,2020-01-08,6.073423305458061e-07,6.073423305458061e-07,0.005868544600938968,2021-10-11,246,22598,127,,4.449872775815996e-07,4.449872775815996e-07,4.449872775815996e-07,4.449872775815996e-07,0.0006670736672824071,0.0006670736672824071,0.0,0.0,0.0004998750416510478,0.3937007874015748,0.3937007874015748,0.0,6.473465353385266e-08,6.473465353385266e-08,0.01269827528203288
2021-10-20,2020-01-08,5.921555157662264e-07,5.921555157662264e-07,0.00571390158644797,2021-10-15,247,22717,63,,4.3800698182799413e-07,4.3800698182799413e-07,4.3800698182799413e-07,4.3800698182799413e-07,0.0006618209590425451,0.0006618209590425451,0.0,0.0,0.000499875041651048,0.25396825396825395,0.25396825396825395,0.0,3.146881546774085e-07,3.146881546774085e-07,0.012563864725723415
2021-10-22,2020-01-08,4.254217501501942e-07,4.254217501501942e-07,0.005686379448755686,2021-10-18,248,22844,134,,3.5524409567539223e-07,3.5524409567539223e-07,3.5524409567539223e-07,3.5524409567539223e-07,0.0005960235697314262,0.0005960235697314262,0.0,0.0,0.0005998200719676154,0.2537313432835821,0.2537313432835821,0.0,1.6420492516065348e-07,1.6420492516065348e-07,0.012482153486628894
2021-10-25,2020-01-08,2.9683521460934804e-07,2.9683521460934804e-07,0.005716591566346089,2021-10-20,249,22907,125,,2.2932798238512731e-07,2.2932798238512731e-07,2.2932798238512731e-07,2.2932798238512731e-07,0.0004788820130106447,0.0004788820130106447,0.0,0.0,0.0005998200719676152,0.336,0.336,0.0,5.573795666570259e-08,5.573795666570259e-08,0.01249510063559322
2021-10-27,2020-01-08,6.881582427349183e-07,6.881582427349183e-07,0.005692472542191267,2021-10-22,250,23041,66,,6.800507728041268e-07,6.800507728041268e-07,6.800507728041268e-07,6.800507728041268e-07,0.0008246519100833556,0.0008246519100833556,0.0,0.0,0.0005998200719676154,0.3181818181818182,0.3181818181818182,0.0,6.72420212869264e-07,6.72420212869264e-07,0.012417273445039042
2021-10-29,2020-01-10,6.986852347206949e-06,6.986852347206949e-06,0.0055712132136068685,2021-10-25,250,23139,116,,4.9159156719201e-06,4.9159156719201e-06,4.9159156719201e-06,4.9159156719201e-06,0.002217186431475734,0.002217186431475734,0.0,0.0,0.0005998200719676153,0.31896551724137934,0.31896551724137934,0.0,1.2317650911339514e-07,1.2317650911339514e-07,0.012353333915168444
2021-11-01,2020-01-13,2.2523257607303286e-07,2.2523257607303286e-07,0.005674232309746329,2021-10-27,250,23170,79,,2.2523257607303286e-07,2.2523257607303286e-07,2.2523257607303286e-07,2.2523257607303286e-07,0.00047458674241178806,0.00047458674241178806,0.0,0.0,0.0004998750416510478,0.5949367088607594,0.5949367088607594,0.0,,,
2021-11-03,2020-01-17,5.746373266276345e-07,5.746373266276345e-07,0.005665911211838423,2021-10-29,250,23216,63,,3.3002535888854015e-07,3.3002535888854015e-07,3.3002535888854015e-07,3.3002535888854015e-07,0.0005744783363091598,0.0005744783363091598,0.0,0.0,0.000499875041651048,0.3968253968253968,0.3968253968253968,0.0,1.2138573934637137e-07,1.2138573934637137e-07,0.012257588222558999
2021-11-05,2020-01-22,4.564397702071198e-07,4.564397702071198e-07,0.0056306306306306295,2021-11-01,250,23231,77,,7.200759948150521e-07,7.200759948150521e-07,7.200759948150521e-07,7.200759948150521e-07,0.000848572916616511,0.000848572916616511,0.0,0.0,0.0003999200213269353,0.36363636363636365,0.36363636363636365,0.0,1.090814435669957e-06,1.090814435669957e-06,0.012126062838662697
2021-11-08,2020-01-24,4.770686935891988e-07,4.770686935891988e-07,0.005717874140666315,2021-11-03,250,23255,99,,4.2357706626311436e-07,4.2357706626311436e-07,4.2357706626311436e-07,4.2357706626311436e-07,0.0006508279851566882,0.0006508279851566882,0.0,0.0,0.0004998750416510478,0.36363636363636365,0.36363636363636365,0.0,3.21313661080894e-07,3.21313661080894e-07,0.012084135487588844
2021-11-10,2020-01-27,5.062698324732222e-07,5.062698324732222e-07,0.005735693919501358,2021-11-05,250,23251,60,,2.424058115198342e-07,2.424058115198342e-07,2.424058115198342e-07,2.424058115198342e-07,0.0004923472468896664,0.0004923472468896664,0.0,0.0,0.00039992002132693534,0.45,0.45,0.0,2.651706710342583e-08,2.651706710342583e-08,0.012113868800547736
2021-11-12,2020-01-29,1.0774992296036047e-06,1.0774992296036047e-06,0.005849732873469939,2021-11-08,250,23273,77,,7.999964653492641e-07,7.999964653492641e-07,7.999964653492641e-07,7.999964653492641e-07,0.0008944252150679027,0.0008944252150679027,0.0,0.0,0.0004998750416510478,0.3116883116883117,0.3116883116883117,0.0,4.6699314824405625e-07,4.6699314824405625e-07,0.012208163529335665
2021-11-15,2020-01-31,4.4739258527647737e-07,4.4739258527647737e-07,0.005767051136742452,2021-11-10,250,23296,96,,3.2942686443885376e-07,3.2942686443885376e-07,3.2942686443885376e-07,3.2942686443885376e-07,0.0005739571973926747,0.0005739571973926747,0.0,0.0,0.0004998750416510478,0.46875,0.46875,0.0,1.1431290291142243e-07,1.1431290291142243e-07,0.012116720525606181
2021-11-19,2020-02-03,2.7336594143643696e-06,2.7336594143643696e-06,0.005479191740039272,2021-11-12,250,23320,112,,1.943535224893415e-06,1.943535224893415e-06,1.943535224893415e-06,1.943535224893415e-06,0.0013941073218706713,0.0013941073218706713,0.0,0.0,0.0004998750416510477,0.3125,0.3125,0.0,2.7549526934362124e-07,2.7549526934362124e-07,0.012053264641389734
2021-11-22,2020-02-05,1.7492717555296332e-06,1.7492717555296332e-06,0.005387729679227653,2021-11-15,250,23350,128,,1.3114381732771406e-06,1.3114381732771406e-06,1.3114381732771406e-06,1.3114381732771406e-06,0.0011451804107987268,0.0011451804107987268,0.0,0.0,0.0004998750416510477,0.3046875,0.3046875,0.0,1.9253012974299365e-07,1.9253012974299365e-07,0.012074857642517435
2021-11-24,2020-02-07,2.5586021380149864e-06,2.5586021380149864e-06,0.005359023604485473,2021-11-19,250,23426,72,,1.3210773393189852e-06,1.3210773393189852e-06,1.3210773393189852e-06,1.3210773393189852e-06,0.001149381285439686,0.001149381285439686,0.0,0.0,0.0005998200719676155,0.2916666666666667,0.2916666666666667,0.0,1.5044577298493022e-07,1.5044577298493022e-07,0.012092910997671888
2021-11-26,2020-02-10,1.0141292064051107e-05,1.0141292064051107e-05,0.005341484500432259,2021-11-22,250,23503,82,,1.6292224720558428e-05,1.6292224720558428e-05,1.6292224720558428e-05,1.6292224720558428e-05,0.004036362808340998,0.004036362808340998,0.0,0.0,0.0005998200719676154,0.21951219512195122,0.21951219512195122,0.0,2.6411501026425313e-05,2.6411501026425313e-05,0.012060710633946828
2021-11-29,2020-02-12,6.534739310735645e-06,6.534739310735645e-06,0.005516229832281104,2021-11-24,250,23498,115,,8.347904177048136e-06,8.347904177048136e-06,8.347904177048136e-06,8.347904177048136e-06,0.002889273987881408,0.002889273987881408,0.0,0.0,0.0005998200719676153,0.2608695652173913,0.2608695652173913,0.0,1.2326793744789428e-05,1.2326793744789428e-05,0.012335838943721813
2021-12-01,2020-02-14,1.9447839451291172e-05,1.9447839451291172e-05,0.005232909860859044,2021-11-26,250,23563,72,,1.089863544935309e-05,1.089863544935309e-05,1.089863544935309e-05,1.089863544935309e-05,0.003301308142138975,0.003301308142138975,0.0,0.0,0.000499875041651048,0.20833333333333334,0.20833333333333334,0.0,3.6646936015593287e-06,3.6646936015593287e-06,0.012428176310475015
2021-12-03,2020-02-21,9.597336266370877e-07,9.597336266370877e-07,0.0052821201758671225,2021-11-29,250,23648,137,,1.6167237497248245e-06,1.6167237497248245e-06,1.6167237497248245e-06,1.6167237497248245e-06,0.0012715045221016025,0.0012715045221016025,0.0,0.0,0.000499875041651048,0.41605839416058393,0.41605839416058393,0.0,3.267622007740162e-06,3.267622007740162e-06,0.012378181023174463
2021-12-08,2020-02-24,8.329054124461065e-07,8.329054124461065e-07,0.005053160415936442,2021-12-01,250,23648,68,,6.258151342465018e-06,6.258151342465018e-06,6.258151342465018e-06,6.258151342465018e-06,0.0025016297372842805,0.0025016297372842805,0.0,0.0,0.0005998200719676154,0.23529411764705882,0.23529411764705882,0.0,1.1683397272483929e-05,1.1683397272483929e-05,0.012090586828393271
2021-12-10,2020-02-26,2.4591961724074324e-06,2.4591961724074324e-06,0.004955316223648029,2021-12-03,250,23712,71,,2.4591961724074324e-06,2.4591961724074324e-06,2.4591961724074324e-06,2.4591961724074324e-06,0.00156818244232214,0.00156818244232214,0.0,0.0,0.0005998200719676153,0.5352112676056338,0.5352112676056338,0.0,,,
2021-12-13,2020-02-28,6.836637346832846e-06,6.836637346832846e-06,0.0048202842017274995,2021-12-08,250,23741,99,,4.832850187715644e-06,4.832850187715644e-06,4.832850187715644e-06,4.832850187715644e-06,0.0021983744421084513,0.0021983744421084513,0.0,0.0,0.0005998200719676153,0.41414141414141414,0.41414141414141414,0.0,2.2413972174607802e-07,2.2413972174607802e-07,0.012027403662318905
2021-12-17,2020-03-02,3.4442053608649044e-06,3.4442053608649044e-06,0.005021479159410195,2021-12-10,250,23750,108,,4.025282855360102e-06,4.025282855360102e-06,4.025282855360102e-06,4.025282855360102e-06,0.0020063107574252058,0.0020063107574252058,0.0,0.0,0.0004998750416510477,0.5462962962962963,0.5462962962962963,0.0,5.7685153388456975e-06,5.7685153388456975e-06,0.012138021224139777
2021-12-20,2020-03-04,1.18823690270638e-06,1.18823690270638e-06,0.00505434147481594,2021-12-13,250,23789,123,,9.233265566738232e-07,9.233265566738232e-07,9.233265566738232e-07,9.233265566738232e-07,0.0009608988274911272,0.0009608988274911272,0.0,0.0,0.0004998750416510477,0.5934959349593496,0.5934959349593496,0.0,2.0084379476684994e-07,2.0084379476684994e-07,0.012434407549959772
2021-12-22,2020-03-06,4.079045475433973e-06,4.079045475433973e-06,0.005000289034048209,2021-12-17,250,23859,66,,2.7506999148900373e-06,2.7506999148900373e-06,2.7506999148900373e-06,2.7506999148900373e-06,0.0016585234140312996,0.0016585234140312996,0.0,0.0,0.0006997551142733422,0.18181818181818182,0.18181818181818182,0.0,1.2509549271791433e-06,1.2509549271791433e-06,0.01234874746253185
2021-12-27,2020-03-09,5.180346606461675e-07,5.180346606461675e-07,0.004906966190152031,2021-12-20,250,23946,118,,4.841764900101632e-07,4.841764900101632e-07,4.841764900101632e-07,4.841764900101632e-07,0.0006958279169522901,0.0006958279169522901,0.0,0.0,0.0006997551142733419,0.2457627118644068,0.2457627118644068,0.0,3.643706554519947e-07,3.643706554519947e-07,0.01215089460263493
2021-12-29,2020-03-13,6.874159650024635e-07,6.874159650024635e-07,0.004824585866473312,2021-12-22,250,23948,66,,6.206595256370509e-07,6.206595256370509e-07,6.206595256370509e-07,6.206595256370509e-07,0.0007878194752841865,0.0007878194752841865,0.0,0.0,0.0005998200719676154,0.24242424242424243,0.24242424242424243,0.0,5.179573112287237e-07,5.179573112287237e-07,0.011991131754985635
2021-12-31,2020-03-16,2.132091620678506e-06,2.132091620678506e-06,0.004854096520763187,2021-12-27,250,24045,96,,1.6723802140699023e-06,1.6723802140699023e-06,1.6723802140699023e-06,1.6723802140699023e-06,0.0012932054028923256,0.0012932054028923256,0.0,0.0,0.0004998750416510478,0.375,0.375,0.0,3.667998193014689e-07,3.667998193014689e-07,0.01200901167674731
2022-01-03,2020-03-18,1.35314717241869e-06,1.35314717241869e-06,0.004871318353325449,2021-12-29,250,24098,99,,1.0829939057954724e-06,1.0829939057954724e-06,1.0829939057954724e-06,1.0829939057954724e-06,0.0010406699312440388,0.0010406699312440388,0.0,0.0,0.0005998200719676153,0.2727272727272727,0.2727272727272727,0.0,2.8334023659074873e-07,2.8334023659074873e-07,0.012039352787603168
2022-01-05,2020-03-20,4.448415676078443e-06,4.448415676078443e-06,0.004813578185865332,2021-12-31,250,24152,49,,2.655806065561872e-06,2.655806065561872e-06,2.655806065561872e-06,2.655806065561872e-06,0.0016296644027412122,0.0016296644027412122,0.0,0.0,0.0007996801705643321,0.30612244897959184,0.30612244897959184,0.0,7.885043879404441e-07,7.885043879404441e-07,0.01197405716678882
2022-01-07,2020-03-23,3.153526803126557e-06,3.153526803126557e-06,0.00502906976744186,2022-01-03,250,24161,46,,3.153526803126557e-06,3.153526803126557e-06,3.153526803126557e-06,3.153526803126557e-06,0.001775817221204524,0.001775817221204524,0.0,0.0,0.0009995003330835331,0.45652173913043476,0.45652173913043476,0.0,,,
2022-01-10,2020-03-25,3.5699583289646877e-06,3.5699583289646877e-06,0.0050241040831736075,2022-01-05,250,24128,100,,2.57622774626456e-06,2.57622774626456e-06,2.57622774626456e-06,2.57622774626456e-06,0.0016050631595873601,0.0016050631595873601,0.0,0.0,0.0009995003330835331,0.51,0.51,0.0,2.0920533607084755e-08,2.0920533607084755e-08,0.012268469608873827
2022-01-14,2020-03-27,1.9845364768491886e-06,1.9845364768491886e-06,0.005023520529647483,2022-01-07,250,24133,50,,1.9845364768491886e-06,1.9845364768491886e-06,1.9845364768491886e-06,1.9845364768491886e-06,0.0014087357725454368,0.0014087357725454368,0.0,0.0,0.0011992805754820971,0.5,0.5,0.0,,,
2022-01-21,2020-03-30,4.569403833182979e-06,4.569403833182979e-06,0.0052580390249832845,2022-01-10,250,24112,124,,3.5051834627562868e-06,3.5051834627562868e-06,3.5051834627562868e-06,3.5051834627562868e-06,0.0018722135195421185,0.0018722135195421185,0.0,0.0,0.0016985566355814765,0.3870967741935484,0.3870967741935484,0.0,1.5004892766036788e-06,1.5004892766036788e-06,0.012799576944599888
2022-01-24,2020-04-01,7.599337480781951e-06,7.599337480781951e-06,0.0053260267224924576,2022-01-14,250,24004,104,,4.937963959653697e-06,4.937963959653697e-06,4.937963959653697e-06,4.937963959653697e-06,0.0022221530009550864,0.0022221530009550864,0.0,0.0,0.001698556635581477,0.5865384615384616,0.5865384615384616,0.0,1.5823190851876375e-06,1.5823190851876375e-06,0.013055872414265497
2022-01-26,2020-04-03,6.069423508792831e-06,6.069423508792831e-06,0.005413693829014898,2022-01-21,250,24041,74,,4.721194137629158e-06,4.721194137629158e-06,4.721194137629158e-06,4.721194137629158e-06,0.0021728309040579203,0.0021728309040579203,0.0,0.0,0.0018981972830802523,0.22972972972972974,0.22972972972972974,0.0,3.8523352095459005e-06,3.8523352095459005e-06,0.013161348309434485
2022-01-28,2020-04-06,1.837768567043531e-05,1.837768567043531e-05,0.005432734581082781,2022-01-24,250,24075,77,,1.837768567043531e-05,1.837768567043531e-05,1.837768567043531e-05,1.837768567043531e-05,0.004286920301385985,0.004286920301385985,0.0,0.0,0.001998002662673056,0.12987012987012986,0.12987012987012986,0.0,,,
2022-01-31,2020-04-08,5.546140325397588e-06,5.546140325397588e-06,0.005078377267656902,2022-01-26,250,24042,97,,3.4927692326218747e-06,3.4927692326218747e-06,3.4927692326218747e-06,3.4927692326218747e-06,0.001868895190379031,0.001868895190379031,0.0,0.0,0.001898197283080252,0.4742268041237113,0.4742268041237113,0.0,4.390378638785065e-07,4.390378638785065e-07,0.012938592600972961
2022-02-02,2020-04-13,3.2918254092109274e-06,3.2918254092109274e-06,0.0049538972567436,2022-01-28,250,24050,69,,4.520936666788568e-06,4.520936666788568e-06,4.520936666788568e-06,4.520936666788568e-06,0.002126249436634509,0.002126249436634509,0.0,0.0,0.0018981972830802525,0.13043478260869565,0.13043478260869565,0.0,5.647621986234739e-06,5.647621986234739e-06,0.012624375758913788
2022-02-04,2020-04-17,1.3948876906995518e-06,1.3948876906995518e-06,0.005002891844997108,2022-01-31,250,24083,87,,3.807533161553287e-06,3.807533161553287e-06,3.807533161553287e-06,3.807533161553287e-06,0.001951290127467796,0.001951290127467796,0.0,0.0,0.001998002662673056,0.2988505747126437,0.2988505747126437,0.0,7.392035003964552e-06,7.392035003964552e-06,0.012803875951634573
2022-02-07,2020-04-20,7.11562948433905e-07,7.11562948433905e-07,0.005104704449213995,2022-02-02,250,23989,109,,9.416277920999707e-07,9.416277920999707e-07,9.416277920999707e-07,9.416277920999707e-07,0.0009703750780497048,0.0009703750780497048,0.0,0.0,0.0022973590486834905,0.5321100917431193,0.5321100917431193,0.0,1.371485789476041e-06,1.371485789476041e-06,0.012743951415199465
2022-02-09,2020-04-22,,,,2022-02-04,250,23913,36,,8.615685674561719e-07,8.615685674561719e-07,8.615685674561719e-07,8.615685674561719e-07,0.0009282071791664681,0.0009282071791664681,0.0,0.0,0.0024968801985871987,0.3888888888888889,0.3888888888888889,0.0,8.615685674561719e-07,8.615685674561719e-07,0.012680647092739614
2022-02-11,2020-04-24,9.167669309169019e-06,9.167669309169019e-06,0.005112712061352546,2022-02-07,250,23930,65,,9.167669309169019e-06,9.167669309169019e-06,9.167669309169019e-06,9.167669309169019e-06,0.0030278159305296313,0.0030278159305296313,0.0,0.0,0.003992021269537453,0.2,0.2,0.0,,,
2022-02-14,2020-04-27,9.401553244775376e-07,9.401553244775376e-07,0.00521821631878558,2022-02-09,250,23804,103,,6.100015792638384e-07,6.100015792638384e-07,6.100015792638384e-07,6.100015792638384e-07,0.0007810259786100833,0.0007810259786100833,0.0,0.0,0.0035935355101301717,0.7475728155339806,0.7475728155339806,0.0,1.8447008543284773e-07,1.8447008543284773e-07,0.012982361621940695
2022-02-16,2020-04-29,6.7048041116603705e-06,6.7048041116603705e-06,0.005092887319868048,2022-02-11,250,23715,71,,5.141973575089142e-06,5.141973575089142e-06,5.141973575089142e-06,5.141973575089142e-06,0.0022675920213056718,0.0022675920213056718,0.0,0.0,0.003992021269537454,0.19718309859154928,0.19718309859154928,0.0,3.8596510835435175e-06,3.8596510835435175e-06,0.012818226854965253
2022-02-23,2020-05-01,6.460622243926053e-06,6.460622243926053e-06,0.005355404089581305,2022-02-14,250,23781,63,,3.833440970774199e-06,3.833440970774199e-06,3.833440970774199e-06,3.833440970774199e-06,0.0019579175086745096,0.0019579175086745096,0.0,0.0,0.003693171837617572,0.3333333333333333,0.3333333333333333,0.0,2.1050322384374536e-06,2.1050322384374536e-06,0.013311476592871945
2022-02-25,2020-05-04,6.9414574013480495e-06,6.9414574013480495e-06,0.0054073983040432575,2022-02-16,250,23769,114,,4.898021799360612e-06,4.898021799360612e-06,4.898021799360612e-06,4.898021799360612e-06,0.0022131474870330293,0.0022131474870330293,0.0,0.0,0.0031948908965191976,0.2719298245614035,0.2719298245614035,0.0,6.454666276570258e-07,6.454666276570258e-07,0.01335094793369134
2022-02-28,2020-05-06,2.15812963988886e-06,2.15812963988886e-06,0.005338186229905976,2022-02-23,250,23702,106,,1.844546828301494e-06,1.844546828301494e-06,1.844546828301494e-06,1.844546828301494e-06,0.0013581409456685613,0.0013581409456685613,0.0,0.0,0.003294566949430031,0.5188679245283019,0.5188679245283019,0.0,1.3474033465166449e-06,1.3474033465166449e-06,0.013062732153055399
2022-03-02,2020-05-08,1.1022938891304024e-06,1.1022938891304024e-06,0.0053921568627451,2022-02-25,250,23738,75,,9.450283004411404e-07,9.450283004411404e-07,9.450283004411404e-07,9.450283004411404e-07,0.0009721256608284447,0.0009721256608284447,0.0,0.0,0.0031948908965191976,0.4266666666666667,0.4266666666666667,0.0,8.074209103380364e-07,8.074209103380364e-07,0.013298783664356481
2022-03-04,2020-05-11,2.035267003932031e-06,2.035267003932031e-06,0.005293869939240811,2022-02-28,250,23763,60,,2.035267003932031e-06,2.035267003932031e-06,2.035267003932031e-06,2.035267003932031e-06,0.0014266278435289392,0.0014266278435289392,0.0,0.0,0.0037927982386962373,0.38333333333333336,0.38333333333333336,0.0,,,
2022-03-07,2020-05-13,4.311887507943256e-06,4.311887507943256e-06,0.0053931482502911085,2022-03-02,250,23729,115,,3.461922916032353e-06,3.461922916032353e-06,3.461922916032353e-06,3.461922916032353e-06,0.0018606243350102547,0.0018606243350102547,0.0,0.0,0.003394233068015548,0.41739130434782606,0.41739130434782606,0.0,1.8682393061994125e-06,1.8682393061994125e-06,0.013231392738968461
2022-03-09,2020-05-15,8.97423471800579e-06,8.97423471800579e-06,0.005589430894308943,2022-03-04,250,23749,67,,4.410033267465133e-06,4.410033267465133e-06,4.410033267465133e-06,4.410033267465133e-06,0.0021000079208100936,0.0021000079208100936,0.0,0.0,0.00359353551013017,0.4626865671641791,0.4626865671641791,0.0,1.5156616159027636e-06,1.5156616159027636e-06,0.013737443843843842
2022-03-11,2020-05-18,2.1479057582008003e-06,2.1479057582008003e-06,0.005551349987383296,2022-03-07,250,23786,56,,2.1479057582008003e-06,2.1479057582008003e-06,2.1479057582008003e-06,2.1479057582008003e-06,0.001465573525347944,0.001465573525347944,0.0,0.0,0.0038924147153438396,0.3392857142857143,0.3392857142857143,0.0,,,
2022-03-14,2020-05-20,3.504468380246304e-06,3.504468380246304e-06,0.005687326310347058,2022-03-09,250,23752,127,,2.6173834146530924e-06,2.6173834146530924e-06,2.6173834146530924e-06,2.6173834146530924e-06,0.001617832937806958,0.001617832937806958,0.0,0.0,0.003992021269537453,0.4251968503937008,0.4251968503937008,0.0,7.566686087746461e-07,7.566686087746461e-07,0.013612519342014429
2022-03-18,2020-05-22,2.421755608001595e-06,2.421755608001595e-06,0.005478769767152286,2022-03-11,250,23727,116,,3.3696212498988733e-06,3.3696212498988733e-06,3.3696212498988733e-06,3.3696212498988733e-06,0.0018356528130065537,0.0018356528130065537,0.0,0.0,0.003992021269537453,0.29310344827586204,0.29310344827586204,0.0,5.753646955276872e-06,5.753646955276872e-06,0.012964407010225136
2022-03-21,2020-05-27,1.596236682466133e-06,1.596236682466133e-06,0.005366508110745212,2022-03-14,250,23720,143,,1.203086690857666e-06,1.203086690857666e-06,1.203086690857666e-06,1.203086690857666e-06,0.001096853085357226,0.001096853085357226,0.0,0.0,0.0041912046184680715,0.2727272727272727,0.2727272727272727,0.0,7.676509327665228e-08,7.676509327665228e-08,0.013062251417259068
2022-03-23,2020-05-29,1.7394360692615455e-06,1.7394360692615455e-06,0.005212652529321173,2022-03-18,250,23759,74,,1.0739076571242808e-06,1.0739076571242808e-06,1.0739076571242808e-06,1.0739076571242808e-06,0.0010362951592689609,0.0010362951592689609,0.0,0.0,0.005087039048557105,0.25675675675675674,0.25675675675675674,0.0,3.7140544431272393e-07,3.7140544431272393e-07,0.012914949175915838
2022-03-25,2020-06-01,2.0055528177266477e-06,2.0055528177266477e-06,0.005055437467685416,2022-03-21,250,23833,98,,1.4296813602198e-06,1.4296813602198e-06,1.4296813602198e-06,1.4296813602198e-06,0.001195692836902438,0.001195692836902438,0.0,0.0,0.00518652668730006,0.47959183673469385,0.47959183673469385,0.0,1.2437272320427825e-07,1.2437272320427825e-07,0.012889147372860666
2022-03-28,2020-06-03,1.8044968418230263e-06,1.8044968418230263e-06,0.005036630036630038,2022-03-23,250,23838,126,,1.4178546834218955e-06,1.4178546834218955e-06,1.4178546834218955e-06,1.4178546834218955e-06,0.0011907370336988329,0.0011907370336988329,0.0,0.0,0.005484930230569688,0.47619047619047616,0.47619047619047616,0.0,1.8059977653827707e-07,1.8059977653827707e-07,0.012826508206498933
2022-03-30,2020-06-05,1.9418806435077016e-06,1.9418806435077016e-06,0.004917299955297273,2022-03-25,250,23868,69,,1.1818144144126402e-06,1.1818144144126402e-06,1.1818144144126402e-06,1.1818144144126402e-06,0.0010871128802533065,0.0010871128802533065,0.0,0.0,0.005484930230569686,0.43478260869565216,0.43478260869565216,0.0,1.937283165890607e-07,1.937283165890607e-07,0.012580288159462676
2022-04-01,2020-06-08,2.2673008124099884e-06,2.2673008124099884e-06,0.005039802989519501,2022-03-28,250,23977,110,,2.432162409290921e-06,2.432162409290921e-06,2.432162409290921e-06,2.432162409290921e-06,0.0015595391656803368,0.0015595391656803368,0.0,0.0,0.005186526687300058,0.36363636363636365,0.36363636363636365,0.0,2.9389591700730486e-06,2.9389591700730486e-06,0.012856328048888492
2022-04-04,2020-06-09,1.7077040144342424e-06,1.7077040144342424e-06,0.005048476851586255,2022-03-30,250,24006,115,,1.4081926085012887e-06,1.4081926085012887e-06,1.4081926085012887e-06,1.4081926085012887e-06,0.0011866729155505693,0.0011866729155505693,0.0,0.0,0.005286004429237355,0.34782608695652173,0.34782608695652173,0.0,4.320072854605515e-07,4.320072854605515e-07,0.012819994701050956
2022-04-06,2020-06-10,3.4600606043600796e-06,3.4600606043600796e-06,0.00502684793784988,2022-04-01,250,24070,53,,1.928469032228292e-06,1.928469032228292e-06,1.928469032228292e-06,1.928469032228292e-06,0.0013886932822723282,0.0013886932822723282,0.0,0.0,0.006478966097709125,0.41509433962264153,0.41509433962264153,0.0,3.3797009193758984e-07,3.3797009193758984e-07,0.01287371571735805
2022-04-08,2020-06-12,3.989941874560523e-06,3.989941874560523e-06,0.005112118043453006,2022-04-04,250,24113,55,,3.989941874560523e-06,3.989941874560523e-06,3.989941874560523e-06,3.989941874560523e-06,0.0019974838859326306,0.0019974838859326306,0.0,0.0,0.006776984279023748,0.38181818181818183,0.38181818181818183,0.0,,,
2022-04-11,2020-06-15,2.8263610294852937e-06,2.8263610294852937e-06,0.005173731553883238,2022-04-06,250,24122,121,,2.2495548605494963e-06,2.2495548605494963e-06,2.2495548605494963e-06,2.2495548605494963e-06,0.0014998516128435827,0.0014998516128435827,0.0,0.0,0.006975613736425242,0.4049586776859504,0.4049586776859504,0.0,4.196870142704145e-07,4.196870142704145e-07,0.01297323770583373
2022-04-18,2020-06-19,6.393529404774099e-07,6.393529404774099e-07,0.00532397604210781,2022-04-08,250,24076,129,,1.138685200109632e-06,1.138685200109632e-06,1.138685200109632e-06,1.138685200109632e-06,0.0010670919361093645,0.0010670919361093645,0.0,0.0,0.007868958378695178,0.3333333333333333,0.3333333333333333,0.0,2.6522861121198044e-06,2.6522861121198044e-06,0.013263053061970351
2022-04-20,2020-06-22,5.767309335690137e-07,5.767309335690137e-07,0.005256869772998805,2022-04-11,250,24057,68,,3.424381456442614e-07,3.424381456442614e-07,3.424381456442614e-07,3.424381456442614e-07,0.0005851821474073362,0.0005851821474073362,0.0,0.0,0.008067371077758798,0.5,0.5,0.0,1.0814535771950919e-07,1.0814535771950919e-07,0.013046989034693512
2022-04-22,2020-06-24,1.8233482381876956e-05,1.8233482381876956e-05,0.005287825982454032,2022-04-18,250,24057,138,,1.6930794128074266e-05,1.6930794128074266e-05,1.6930794128074266e-05,1.6930794128074266e-05,0.004114704622214609,0.004114704622214609,0.0,0.0,0.008265744417032617,0.2463768115942029,0.2463768115942029,0.0,1.2785876956883888e-05,1.2785876956883888e-05,0.013254878327169794
2022-04-25,2020-06-26,2.7937886764636085e-06,2.7937886764636085e-06,0.00543914951480314,2022-04-20,250,24051,163,,2.808296308058355e-06,2.808296308058355e-06,2.808296308058355e-06,2.808296308058355e-06,0.0016757972156732912,0.0016757972156732912,0.0,0.0,0.008265744417032619,0.19631901840490798,0.19631901840490798,0.0,2.8529072752122047e-06,2.8529072752122047e-06,0.01362884236221951
2022-04-27,2020-06-29,3.507239680127389e-06,3.507239680127389e-06,0.005612244897959185,2022-04-22,250,24060,73,,3.878362777489028e-06,3.878362777489028e-06,3.878362777489028e-06,3.878362777489028e-06,0.001969355929609736,0.001969355929609736,0.0,0.0,0.008265744417032619,0.1917808219178082,0.1917808219178082,0.0,4.2812964260530915e-06,4.2812964260530915e-06,0.01395441480413362
2022-05-02,2020-07-01,1.3868954081201914e-05,1.3868954081201914e-05,0.005581985410719949,2022-04-25,250,24091,98,,1.3868954081201914e-05,1.3868954081201914e-05,1.3868954081201914e-05,1.3868954081201914e-05,0.003724104467009742,0.003724104467009742,0.0,0.0,0.008464078412129412,0.37755102040816324,0.37755102040816324,0.0,,,
2022-05-04,2020-07-06,1.3599191818964903e-05,1.3599191818964903e-05,0.005517933283170304,2022-04-27,250,24088,71,,8.488024073775162e-06,8.488024073775162e-06,8.488024073775162e-06,8.488024073775162e-06,0.002913421369073681,0.002913421369073681,0.0,0.0,0.009058844488346039,0.2112676056338028,0.2112676056338028,0.0,4.294245411055371e-06,4.294245411055371e-06,0.013945030981315148
2022-05-06,2020-07-08,5.252373141699099e-06,5.252373141699099e-06,0.005613318874784716,2022-05-02,250,24048,81,,5.099435371410811e-06,5.099435371410811e-06,5.099435371410811e-06,5.099435371410811e-06,0.0022581929437961697,0.0022581929437961697,0.0,0.0,0.008464078412129412,0.19753086419753085,0.19753086419753085,0.0,4.934733157254194e-06,4.934733157254194e-06,0.014031637708126916
2022-05-09,2020-07-10,4.668695193332709e-06,4.668695193332709e-06,0.005658697863682604,2022-05-04,250,24049,120,,6.983426403039294e-06,6.983426403039294e-06,6.983426403039294e-06,6.983426403039294e-06,0.002642617339502504,0.002642617339502504,0.0,0.0,0.008464078412129412,0.35833333333333334,0.35833333333333334,0.0,1.2384465892354657e-05,1.2384465892354657e-05,0.014115894393932028
2022-05-11,2020-07-13,,,,2022-05-06,250,24058,40,,5.136290999549943e-06,5.136290999549943e-06,5.136290999549943e-06,5.136290999549943e-06,0.002266338677150867,0.002266338677150867,0.0,0.0,0.008860628432196557,0.15,0.15,0.0,5.136290999549943e-06,5.136290999549943e-06,0.014549179383096546
2022-05-13,2020-07-17,7.70416746083461e-06,7.70416746083461e-06,0.0062429854096520765,2022-05-09,250,24047,57,,7.70416746083461e-06,7.70416746083461e-06,7.70416746083461e-06,7.70416746083461e-06,0.0027756382078424073,0.0027756382078424073,0.0,0.0,0.009554212804811656,0.47368421052631576,0.47368421052631576,0.0,,,
2022-05-16,2020-07-20,5.699705450498302e-07,5.699705450498302e-07,0.00604989463666644,2022-05-11,250,23923,63,,5.699705450498302e-07,5.699705450498302e-07,5.699705450498302e-07,5.699705450498302e-07,0.0007549639362577727,0.0007549639362577727,0.0,0.0,0.010247316451549525,0.5555555555555556,0.5555555555555556,0.0,,,
2022-05-18,2020-07-22,3.94279747525362e-06,3.94279747525362e-06,0.0059635486464754755,2022-05-13,250,23840,75,,4.752979311961547e-06,4.752979311961547e-06,4.752979311961547e-06,4.752979311961547e-06,0.0021801328656670324,0.0021801328656670324,0.0,0.0,0.010544213875671156,0.36,0.36,0.0,5.355905329976748e-06,5.355905329976748e-06,0.014220297805642632
2022-05-20,2020-07-24,1.1590818507886305e-05,1.1590818507886305e-05,0.006479796141244994,2022-05-16,250,23822,134,,8.896528726451787e-06,8.896528726451787e-06,8.896528726451787e-06,8.896528726451787e-06,0.002982704934527012,0.002982704934527012,0.0,0.0,0.010445257861538645,0.30597014925373134,0.30597014925373134,0.0,2.994751109976173e-06,2.994751109976173e-06,0.014908930313767785
2022-05-23,2020-07-27,4.178126750315733e-06,4.178126750315733e-06,0.006468493349807397,2022-05-18,250,23766,145,,3.4366088150882047e-06,3.4366088150882047e-06,3.4366088150882047e-06,3.4366088150882047e-06,0.001853809271496991,0.001853809271496991,0.0,0.0,0.010247316451549525,0.31724137931034485,0.31724137931034485,0.0,1.7887911812492524e-06,1.7887911812492524e-06,0.014902425377922645
2022-05-25,2020-07-29,1.1633751867918542e-06,1.1633751867918542e-06,0.006340837845540039,2022-05-20,250,23768,75,,1.9031373719040838e-06,1.9031373719040838e-06,1.9031373719040838e-06,1.9031373719040838e-06,0.0013795424502000958,0.0013795424502000958,0.0,0.0,0.010544213875671156,0.32,0.32,0.0,2.516598696143494e-06,2.516598696143494e-06,0.014741252633984108
2022-05-27,2020-07-31,4.140954179339977e-06,4.140954179339977e-06,0.006190012519126444,2022-05-23,250,23830,118,,5.716074776605308e-06,5.716074776605308e-06,5.716074776605308e-06,5.716074776605308e-06,0.002390831398615408,0.002390831398615408,0.0,0.0,0.010643160098479827,0.3305084745762712,0.3305084745762712,0.0,9.032118139269161e-06,9.032118139269161e-06,0.014325903629320765
2022-06-01,2020-08-03,1.2373784627474801e-06,1.2373784627474801e-06,0.00597957538296157,2022-05-25,250,23833,72,,2.0389838171328194e-06,2.0389838171328194e-06,2.0389838171328194e-06,2.0389838171328194e-06,0.0014279299062393853,0.0014279299062393853,0.0,0.0,0.011533235813673031,0.375,0.375,0.0,2.717265270843491e-06,2.717265270843491e-06,0.014061540696970427
2022-06-03,2020-08-05,1.685117973607197e-06,1.685117973607197e-06,0.0058858541101778974,2022-05-27,250,23814,62,,1.685117973607197e-06,1.685117973607197e-06,1.685117973607197e-06,1.685117973607197e-06,0.0012981209395149578,0.0012981209395149578,0.0,0.0,0.01163208422970765,0.43548387096774194,0.43548387096774194,0.0,,,
2022-06-06,2020-08-07,3.954363958545304e-06,3.954363958545304e-06,0.006121887467327005,2022-06-01,250,23812,119,,2.984606594319266e-06,2.984606594319266e-06,2.984606594319266e-06,2.984606594319266e-06,0.0017276013991425411,0.0017276013991425411,0.0,0.0,0.012027380212718455,0.5882352941176471,0.5882352941176471,0.0,9.174922126795524e-07,9.174922126795524e-07,0.014143401373800359
2022-06-08,2020-08-10,4.901175728105895e-06,4.901175728105895e-06,0.005984802636002959,2022-06-03,250,23760,60,,1.8954354254553039e-06,1.8954354254553039e-06,1.8954354254553039e-06,1.8954354254553039e-06,0.001376748134356936,0.001376748134356936,0.0,0.0,0.012521280553671745,0.6166666666666667,0.6166666666666667,0.0,2.7695987787421677e-07,2.7695987787421677e-07,0.013966498292201859
2022-06-10,2020-08-12,3.682409232280947e-06,3.682409232280947e-06,0.0062394840157038705,2022-06-06,250,23715,58,,3.682409232280947e-06,3.682409232280947e-06,3.682409232280947e-06,3.682409232280947e-06,0.0019189604561535255,0.0019189604561535255,0.0,0.0,0.01291622526654633,0.6551724137931034,0.6551724137931034,0.0,,,
2022-06-13,2020-08-14,1.1536082343260671e-05,1.1536082343260671e-05,0.006490191788813531,2022-06-08,250,23740,132,,9.291243576038355e-06,9.291243576038355e-06,9.291243576038355e-06,9.291243576038355e-06,0.0030481541260307613,0.0030481541260307613,0.0,0.0,0.013804280976397052,0.26515151515151514,0.26515151515151514,0.0,4.951221959408541e-06,4.951221959408541e-06,0.014895926115956902
2022-06-17,2020-08-17,1.6654610095348305e-06,1.6654610095348305e-06,0.00684299554051976,2022-06-10,250,23721,127,,4.7220469991981775e-06,4.7220469991981775e-06,4.7220469991981775e-06,4.7220469991981775e-06,0.0021730271510494704,0.0021730271510494704,0.0,0.0,0.015774919115362215,0.4330708661417323,0.4330708661417323,0.0,1.1880893132883387e-05,1.1880893132883387e-05,0.015836443474703393
2022-06-22,2020-08-19,1.4672072950193867e-06,1.4672072950193867e-06,0.006550379038787076,2022-06-13,250,23776,72,,6.924029771543533e-07,6.924029771543533e-07,6.924029771543533e-07,6.924029771543533e-07,0.0008321075514345206,0.0008321075514345206,0.0,0.0,0.0168571170664229,0.5138888888888888,0.5138888888888888,0.0,1.389713215364724e-07,1.389713215364724e-07,0.01601681819393713
2022-06-27,2020-08-21,3.444396081027113e-06,3.444396081027113e-06,0.006282648595228011,2022-06-17,250,23823,117,,2.5612947511072823e-06,2.5612947511072823e-06,2.5612947511072823e-06,2.5612947511072823e-06,0.001600404558574888,0.001600404558574888,0.0,0.0,0.01715205881756557,0.37606837606837606,0.37606837606837606,0.0,7.950920912676182e-07,7.950920912676182e-07,0.015400502461033635
2022-06-29,2020-08-24,1.1345125204366245e-06,1.1345125204366245e-06,0.006475552968568103,2022-06-22,250,23735,74,,1.1294409368631742e-06,1.1294409368631742e-06,1.1294409368631742e-06,1.1294409368631742e-06,0.0010627515875608817,0.0010627515875608817,0.0,0.0,0.0177416814761571,0.2972972972972973,0.2972972972972973,0.0,1.1251300908257416e-06,1.1251300908257416e-06,0.015782025482726916
2022-07-01,2020-08-26,2.086240204293967e-06,2.086240204293967e-06,0.006509654768870683,2022-06-27,250,23675,136,,1.5818344500458703e-06,1.5818344500458703e-06,1.5818344500458703e-06,1.5818344500458703e-06,0.0012577100023637685,0.0012577100023637685,0.0,0.0,0.017053754565827518,0.5367647058823529,0.5367647058823529,0.0,5.618139247886078e-07,5.618139247886078e-07,0.015924262425447314
2022-07-06,2020-08-28,2.040255522432066e-06,2.040255522432066e-06,0.006287086747668835,2022-06-29,250,23664,67,,1.7354934782478933e-06,1.7354934782478933e-06,1.7354934782478933e-06,1.7354934782478933e-06,0.001317381295695325,0.001317381295695325,0.0,0.0,0.018821754240587765,0.22388059701492538,0.22388059701492538,0.0,1.4883891180985639e-06,1.4883891180985639e-06,0.015727898209236573
2022-07-08,2020-08-31,5.0212659426810535e-06,5.0212659426810535e-06,0.006081311923471131,2022-07-01,250,23626,64,,5.0212659426810535e-06,5.0212659426810535e-06,5.0212659426810535e-06,5.0212659426810535e-06,0.0022408181413673565,0.0022408181413673565,0.0,0.0,0.019312311032372815,0.15625,0.15625,0.0,,,
2022-07-11,2020-09-02,5.0593923975395435e-06,5.0593923975395435e-06,0.0060527747551686615,2022-07-06,250,23655,125,,3.650741217622549e-06,3.650741217622549e-06,3.650741217622549e-06,3.650741217622549e-06,0.0019106912931247028,0.0019106912931247028,0.0,0.0,0.01960652963891832,0.424,0.424,0.0,1.6824246727219846e-07,1.6824246727219846e-07,0.01545637172923045
2022-07-15,2020-09-04,6.953795290294507e-06,6.953795290294507e-06,0.005994476998720277,2022-07-08,250,23639,137,,5.291013043593253e-06,5.291013043593253e-06,5.291013043593253e-06,5.291013043593253e-06,0.002300220216325657,0.002300220216325657,0.0,0.0,0.023716526617316044,0.058394160583941604,0.058394160583941604,0.0,1.6560937135951608e-06,1.6560937135951608e-06,0.015896451536080016
2022-07-18,2020-09-09,1.0201919626488312e-05,1.0201919626488312e-05,0.005926616501298527,2022-07-11,250,23683,132,,7.753421159169295e-06,7.753421159169295e-06,7.753421159169295e-06,7.753421159169295e-06,0.002784496571944253,0.002784496571944253,0.0,0.0,0.023423514943588058,0.16666666666666666,0.16666666666666666,0.0,2.8564242245312558e-06,2.8564242245312558e-06,0.015598442084490948
2022-07-20,2020-09-11,4.539242774483814e-06,4.539242774483814e-06,0.005894039735099337,2022-07-15,250,23763,79,,2.376210630829931e-06,2.376210630829931e-06,2.376210630829931e-06,2.376210630829931e-06,0.0015414962312084745,0.0015414962312084745,0.0,0.0,0.024887715507778987,0.3291139240506329,0.3291139240506329,0.0,6.556168801961608e-07,6.556168801961608e-07,0.015314523160068321
2022-07-22,2020-09-14,8.9408309376023e-07,8.9408309376023e-07,0.0057289990344383665,2022-07-18,250,23806,158,,9.41498212009152e-07,9.41498212009152e-07,9.41498212009152e-07,9.41498212009152e-07,0.0009703083077090251,0.0009703083077090251,0.0,0.0,0.024497471600387434,0.45569620253164556,0.45569620253164556,0.0,1.060562842278667e-06,1.060562842278667e-06,0.01506413902053713
2022-07-25,2020-09-18,2.1329026171890527e-06,2.1329026171890527e-06,0.005775845285222921,2022-07-20,250,23743,159,,2.092771696504115e-06,2.092771696504115e-06,2.092771696504115e-06,2.092771696504115e-06,0.0014466415231508168,0.0014466415231508168,0.0,0.0,0.024595046855380213,0.31446540880503143,0.31446540880503143,0.0,1.991106697435606e-06,1.991106697435606e-06,0.015205214001872995
2022-07-27,2020-09-21,1.4123534913062365e-06,1.4123534913062365e-06,0.0058707124010554095,2022-07-22,250,23725,73,,2.6108554316446137e-06,2.6108554316446137e-06,2.6108554316446137e-06,2.6108554316446137e-06,0.001615814169898449,0.001615814169898449,0.0,0.0,0.025180298530298243,0.3150684931506849,0.3150684931506849,0.0,3.5996195324237748e-06,3.5996195324237748e-06,0.015368589628795826
2022-07-29,2020-09-23,1.5253719706675635e-05,1.5253719706675635e-05,0.005656180489354941,2022-07-25,250,23709,125,,1.2022078271207191e-05,1.2022078271207191e-05,1.2022078271207191e-05,1.2022078271207191e-05,0.00346728687466255,0.00346728687466255,0.0,0.0,0.023911820046312884,0.232,0.232,0.0,4.3360121544173885e-06,4.3360121544173885e-06,0.014794069987933114
2022-08-01,2020-09-25,2.1802216076880703e-06,2.1802216076880703e-06,0.005476586056242693,2022-07-27,250,23691,93,,2.1802216076880703e-06,2.1802216076880703e-06,2.1802216076880703e-06,2.1802216076880703e-06,0.0014765573499488838,0.0014765573499488838,0.0,0.0,0.023814178099254867,0.26881720430107525,0.26881720430107525,0.0,,,
2022-08-03,2020-09-28,1.38006646617452e-06,1.38006646617452e-06,0.005562152365477158,2022-07-29,250,23663,32,,1.38006646617452e-06,1.38006646617452e-06,1.38006646617452e-06,1.38006646617452e-06,0.0011747623019890108,0.0011747623019890108,0.0,0.0,0.025277807184268544,0.09375,0.09375,0.0,,,
2022-08-05,2020-09-30,1.796198179600488e-06,1.796198179600488e-06,0.005367589409565165,2022-08-01,250,23589,107,,1.2677935221439744e-06,1.2677935221439744e-06,1.2677935221439744e-06,1.2677935221439744e-06,0.0011259633751343665,0.0011259633751343665,0.0,0.0,0.024692612590371504,0.40186915887850466,0.40186915887850466,0.0,4.171909028237333e-07,4.171909028237333e-07,0.01450473959968129
2022-08-08,2020-10-02,1.2830318604293407e-06,1.2830318604293407e-06,0.005442999697611124,2022-08-03,250,23534,142,,1.2926630646986948e-06,1.2926630646986948e-06,1.2926630646986948e-06,1.2926630646986948e-06,0.0011369534136008805,0.0011369534136008805,0.0,0.0,0.02547279597303103,0.5,0.5,0.0,1.3172226355855468e-06,1.3172226355855468e-06,0.014529295958594335
2022-08-10,2020-10-05,9.670858918666633e-07,9.670858918666633e-07,0.005457191365510549,2022-08-05,250,23502,75,,8.683175965366547e-07,8.683175965366547e-07,8.683175965366547e-07,8.683175965366547e-07,0.0009318356059609735,0.0009318356059609735,0.0,0.0,0.026349775322782012,0.5466666666666666,0.5466666666666666,0.0,7.721484668732255e-07,7.721484668732255e-07,0.014604176492038408
2022-08-12,2020-10-07,5.667221505447184e-07,5.667221505447184e-07,0.005341563297525074,2022-08-08,250,23502,99,,4.754843791060415e-07,4.754843791060415e-07,4.754843791060415e-07,4.754843791060415e-07,0.0006895537536015894,0.0006895537536015894,0.0,0.0,0.025862659525727368,0.494949494949495,0.494949494949495,0.0,3.2902374600711285e-07,3.2902374600711285e-07,0.014303740565251551
2022-08-15,2020-10-09,4.7104976060408924e-07,4.7104976060408924e-07,0.005229517722254506,2022-08-10,250,23494,137,,3.707457329997832e-07,3.707457329997832e-07,3.707457329997832e-07,3.707457329997832e-07,0.000608888933221637,0.000608888933221637,0.0,0.0,0.025960101669531634,0.5401459854014599,0.5401459854014599,0.0,9.965376650165868e-08,9.965376650165868e-08,0.014065623975649732
2022-08-19,2020-10-12,2.487441391954172e-06,2.487441391954172e-06,0.005167958656330749,2022-08-12,250,23516,146,,2.064988262428887e-06,2.064988262428887e-06,2.064988262428887e-06,2.064988262428887e-06,0.0014370067022908722,0.0014370067022908722,0.0,0.0,0.026739297189621612,0.3013698630136986,0.3013698630136986,0.0,9.830961014495016e-07,9.830961014495016e-07,0.014039655051531935
2022-08-22,2020-10-16,9.241908815908519e-07,9.241908815908519e-07,0.005247201492537311,2022-08-15,250,23541,152,,1.0222527943519918e-06,1.0222527943519918e-06,1.0222527943519918e-06,1.0222527943519918e-06,0.0010110651780928822,0.0010110651780928822,0.0,0.0,0.027031339051030435,0.26973684210526316,0.26973684210526316,0.0,1.2968261500831837e-06,1.2968261500831837e-06,0.014230890225991378
2022-08-24,2020-10-19,8.18846045331872e-07,8.18846045331872e-07,0.005381809483944268,2022-08-19,250,23520,80,,8.574922909457932e-07,8.574922909457932e-07,8.574922909457932e-07,8.574922909457932e-07,0.0009260087963652361,0.0009260087963652361,0.0,0.0,0.027615167032973363,0.35,0.35,0.0,8.924579417393409e-07,8.924579417393409e-07,0.014568759548926882
2022-08-26,2020-10-21,2.0795467674297783e-06,2.0795467674297783e-06,0.005293183555843086,2022-08-22,250,23513,141,,2.4774580221212303e-06,2.4774580221212303e-06,2.4774580221212303e-06,2.4774580221212303e-06,0.0015739942891005768,0.0015739942891005768,0.0,0.0,0.02839307450121789,0.45390070921985815,0.45390070921985815,0.0,3.4479732774662343e-06,3.4479732774662343e-06,0.014320106791256466
2022-08-29,2020-10-23,2.4346896064622394e-06,2.4346896064622394e-06,0.005500550055005502,2022-08-24,250,23508,144,,1.7969709461298082e-06,1.7969709461298082e-06,1.7969709461298082e-06,1.7969709461298082e-06,0.0013405114494586788,0.0013405114494586788,0.0,0.0,0.0284902703996275,0.3194444444444444,0.3194444444444444,0.0,1.3890242926548697e-07,1.3890242926548697e-07,0.014821810466063016
2022-08-31,2020-10-26,2.3960187084058593e-06,2.3960187084058593e-06,0.005663583160279403,2022-08-26,250,23480,75,,1.668066015631004e-06,1.668066015631004e-06,1.668066015631004e-06,1.668066015631004e-06,0.0012915363005471445,0.0012915363005471445,0.0,0.0,0.02926749768056809,0.25333333333333335,0.25333333333333335,0.0,1.0311074094530056e-06,1.0311074094530056e-06,0.015086080208934986
2022-09-02,2020-10-28,1.2618898950416368e-07,1.2618898950416368e-07,0.0056976449734109915,2022-08-29,250,23448,155,,2.0226905019063135e-07,2.0226905019063135e-07,2.0226905019063135e-07,2.0226905019063135e-07,0.000449743315893223,0.000449743315893223,0.0,0.0,0.029267497680568088,0.4838709677419355,0.4838709677419355,0.0,4.0043106872282616e-07,4.0043106872282616e-07,0.015154200090812777
2022-09-07,2020-10-30,4.132091096651665e-07,4.132091096651665e-07,0.005824111822947001,2022-08-31,250,23442,74,,7.292718584655193e-07,7.292718584655193e-07,7.292718584655193e-07,7.292718584655193e-07,0.0008539741556191963,0.0008539741556191963,0.0,0.0,0.02994707636795212,0.1891891891891892,0.1891891891891892,0.0,1.0286997257500641e-06,1.0286997257500641e-06,0.015373702528406185
2022-09-09,2020-11-02,2.92762855150689e-06,2.92762855150689e-06,0.005826751262462773,2022-09-02,250,23498,81,,2.92762855150689e-06,2.92762855150689e-06,2.92762855150689e-06,2.92762855150689e-06,0.00171103142914059,0.00171103142914059,0.0,0.0,0.030141156911986846,0.35802469135802467,0.35802469135802467,0.0,,,
2022-09-12,2020-11-04,4.72699071392946e-06,4.72699071392946e-06,0.005719006163817753,2022-09-07,250,23424,151,,3.880519804312708e-06,3.880519804312708e-06,3.880519804312708e-06,3.880519804312708e-06,0.001969903501269214,0.001969903501269214,0.0,0.0,0.03033519979607295,0.24503311258278146,0.24503311258278146,0.0,1.2724742990070422e-06,1.2724742990070422e-06,0.014774786030496798
2022-09-16,2020-11-06,4.9756927939199016e-06,4.9756927939199016e-06,0.005906674542232722,2022-09-09,250,23425,159,,5.155186927663573e-06,5.155186927663573e-06,5.155186927663573e-06,5.155186927663573e-06,0.0022705036726822472,0.0022705036726822472,0.0,0.0,0.03169244673248972,0.11949685534591195,0.11949685534591195,0.0,5.624319322675448e-06,5.624319322675448e-06,0.015398923408182092
2022-09-19,2020-11-09,4.8816024794109314e-06,4.8816024794109314e-06,0.0059721300597213025,2022-09-12,250,23462,114,,4.8816024794109314e-06,4.8816024794109314e-06,4.8816024794109314e-06,4.8816024794109314e-06,0.0022094348778388855,0.0022094348778388855,0.0,0.0,0.03149866705937099,0.32456140350877194,0.32456140350877194,0.0,,,
2022-09-21,2020-11-11,5.228841113231671e-06,5.228841113231671e-06,0.005736137667304016,2022-09-16,250,23513,85,,2.8176049954364574e-06,2.8176049954364574e-06,2.8176049954364574e-06,2.8176049954364574e-06,0.0016785723086708113,0.0016785723086708113,0.0,0.0,0.0329511001396859,0.18823529411764706,0.18823529411764706,0.0,8.680949427509649e-07,8.680949427509649e-07,0.016078807050430882
2022-09-23,2020-11-13,4.909420374584023e-07,4.909420374584023e-07,0.00589236611234778,2022-09-19,250,23582,169,,4.936163389521164e-07,4.936163389521164e-07,4.936163389521164e-07,4.936163389521164e-07,0.0007025783507567796,0.0007025783507567796,0.0,0.0,0.03237038003045072,0.39644970414201186,0.39644970414201186,0.0,5.005581428294169e-07,5.005581428294169e-07,0.016502883330661102
2022-09-26,2020-11-16,3.566138528560564e-06,3.566138528560564e-06,0.00598284916572492,2022-09-21,250,23559,163,,3.227513050814658e-06,3.227513050814658e-06,3.227513050814658e-06,3.227513050814658e-06,0.0017965280545581964,0.0017965280545581964,0.0,0.0,0.03188618886232176,0.12883435582822086,0.12883435582822086,0.0,2.4396905107527533e-06,2.4396905107527533e-06,0.016784098382932464
2022-09-28,2020-11-18,1.2088757372400726e-06,1.2088757372400726e-06,0.005930416447021612,2022-09-23,250,23630,83,,2.930031985547387e-06,2.930031985547387e-06,2.930031985547387e-06,2.930031985547387e-06,0.0017117336199150227,0.0017117336199150227,0.0,0.0,0.0329511001396859,0.18072289156626506,0.18072289156626506,0.0,4.248364431059373e-06,4.248364431059373e-06,0.016995181352853755
2022-09-30,2020-11-20,2.296455812767002e-06,2.296455812767002e-06,0.006316676024705221,2022-09-26,250,23712,141,,2.5457141647926324e-06,2.5457141647926324e-06,2.5457141647926324e-06,2.5457141647926324e-06,0.0015955294308763572,0.0015955294308763572,0.0,0.0,0.03304785404620036,0.3546099290780142,0.3546099290780142,0.0,3.1750915036573476e-06,3.1750915036573476e-06,0.017022820364398134
2022-10-03,2020-11-23,3.223819706754907e-06,3.223819706754907e-06,0.006512301013024603,2022-09-28,250,23650,134,,2.7256761936599762e-06,2.7256761936599762e-06,2.7256761936599762e-06,2.7256761936599762e-06,0.0016509622023716886,0.0016509622023716886,0.0,0.0,0.0327575642381722,0.34328358208955223,0.34328358208955223,0.0,1.4672083711043598e-06,1.4672083711043598e-06,0.017290187020549862
2022-10-05,2020-11-25,7.2459485618318234e-06,7.2459485618318234e-06,0.006160164271047229,2022-09-30,250,23646,78,,3.5210143339448268e-06,3.5210143339448268e-06,3.5210143339448268e-06,3.5210143339448268e-06,0.001876436605362629,0.001876436605362629,0.0,0.0,0.033918218203460665,0.28205128205128205,0.28205128205128205,0.0,6.426560669412391e-07,6.426560669412391e-07,0.016339151255390635
2022-10-07,2020-11-27,5.21316922181426e-06,5.21316922181426e-06,0.0061885443168534695,2022-10-03,250,23702,74,,5.21316922181426e-06,5.21316922181426e-06,5.21316922181426e-06,5.21316922181426e-06,0.0022832365672032892,0.0022832365672032892,0.0,0.0,0.03401487858727765,0.22972972972972974,0.22972972972972974,0.0,,,
2022-10-10,2020-11-30,3.791476229554149e-06,3.791476229554149e-06,0.006424441430508958,2022-10-05,250,23639,165,,3.2305594516569804e-06,3.2305594516569804e-06,3.2305594516569804e-06,3.2305594516569804e-06,0.0017973757124366014,0.0017973757124366014,0.0,0.0,0.03391821820346067,0.23636363636363636,0.23636363636363636,0.0,1.8223003071491924e-06,1.8223003071491924e-06,0.017022820364398138
2022-10-14,2020-12-02,1.6280530947992027e-06,1.6280530947992027e-06,0.0062941464438072536,2022-10-07,250,23646,86,,1.6280530947992027e-06,1.6280530947992027e-06,1.6280530947992027e-06,1.6280530947992027e-06,0.0012759518387459624,0.0012759518387459624,0.0,0.0,0.03719944098910627,0.46511627906976744,0.46511627906976744,0.0,,,
2022-10-17,2020-12-04,3.96809041491653e-06,3.96809041491653e-06,0.0065038300332417994,2022-10-10,250,23726,78,,3.96809041491653e-06,3.96809041491653e-06,3.96809041491653e-06,3.96809041491653e-06,0.001992006630239099,0.001992006630239099,0.0,0.0,0.037392119217062654,0.34615384615384615,0.34615384615384615,0.0,,,
2022-10-19,2020-12-07,2.4534681846119225e-06,2.4534681846119225e-06,0.0062608695652173925,2022-10-14,250,23746,84,,1.5995284675955388e-06,1.5995284675955388e-06,1.5995284675955388e-06,1.5995284675955388e-06,0.0012647246607841323,0.0012647246607841323,0.0,0.0,0.03960525459235943,0.2976190476190476,0.2976190476190476,0.0,1.0188494600243983e-06,1.0188494600243983e-06,0.01664028507531054
2022-10-24,2020-12-09,2.294870270305976e-06,2.294870270305976e-06,0.0061112242819311435,2022-10-17,250,23702,158,,1.8646433835538541e-06,1.8646433835538541e-06,1.8646433835538541e-06,1.8646433835538541e-06,0.0013655194555750037,0.0013655194555750037,0.0,0.0,0.04008572353928564,0.27848101265822783,0.27848101265822783,0.0,8.48575629735011e-07,8.48575629735011e-07,0.016499796948889898
2022-10-26,2020-12-11,6.598545933434819e-07,6.598545933434819e-07,0.005907837731390311,2022-10-19,250,23730,83,,2.0152093207262267e-06,2.0152093207262267e-06,2.0152093207262267e-06,2.0152093207262267e-06,0.0014195806848242994,0.0014195806848242994,0.0,0.0,0.04056596174666166,0.27710843373493976,0.27710843373493976,0.0,2.9556595397264987e-06,2.9556595397264987e-06,0.016044136443936402
2022-10-28,2020-12-18,1.3884916271205449e-05,1.3884916271205449e-05,0.006215469613259668,2022-10-24,250,23817,154,,9.739968965471576e-06,9.739968965471576e-06,9.739968965471576e-06,9.739968965471576e-06,0.003120892334809321,0.003120892334809321,0.0,0.0,0.04046993255371322,0.14935064935064934,0.14935064935064934,0.0,3.035995673114837e-07,3.035995673114837e-07,0.016252721195852412
2022-10-31,2020-12-21,1.0767599913963568e-06,1.0767599913963568e-06,0.00577886220624117,2022-10-26,250,23772,108,,1.0767599913963568e-06,1.0767599913963568e-06,1.0767599913963568e-06,1.0767599913963568e-06,0.0010376704637775698,0.0010376704637775698,0.0,0.0,0.040949986328954094,0.6388888888888888,0.6388888888888888,0.0,,,
2022-11-02,2020-12-23,3.2079675359724346e-06,3.2079675359724346e-06,0.005974112180550946,2022-10-28,250,23789,79,,3.7755955876661987e-06,3.7755955876661987e-06,3.7755955876661987e-06,3.7755955876661987e-06,0.001943089186750366,0.001943089186750366,0.0,0.0,0.041429809763139556,0.10126582278481013,0.10126582278481013,0.0,4.162065750521526e-06,4.162065750521526e-06,0.016060826484968278
2022-11-04,2020-12-28,5.156775420991409e-06,5.156775420991409e-06,0.006480414746543778,2022-10-31,250,23834,110,,3.1618098092976244e-06,3.1618098092976244e-06,3.1618098092976244e-06,3.1618098092976244e-06,0.0017781478592337658,0.0017781478592337658,0.0,0.0,0.04162167469081948,0.6454545454545455,0.6454545454545455,0.0,4.877069680910622e-07,4.877069680910622e-07,0.01664566723268914
2022-11-07,2020-12-30,4.755461605641998e-06,4.755461605641998e-06,0.006576094811388931,2022-11-02,250,23773,159,,3.456168439490856e-06,3.456168439490856e-06,3.456168439490856e-06,3.456168439490856e-06,0.0018590773086375014,0.0018590773086375014,0.0,0.0,0.04123790801624473,0.3710691823899371,0.3710691823899371,0.0,2.644265313369642e-07,2.644265313369642e-07,0.01640948319383552
2022-11-09,2021-01-04,1.5432118880283799e-06,1.5432118880283799e-06,0.006523297491039427,2022-11-04,250,23823,88,,1.0730921829921974e-06,1.0730921829921974e-06,1.0730921829921974e-06,1.0730921829921974e-06,0.0010359016280478554,0.0010359016280478554,0.0,0.0,0.04190940307720963,0.4318181818181818,0.4318181818181818,0.0,6.438524523069873e-07,6.438524523069873e-07,0.01616677748691099
2022-11-11,2021-01-06,2.5667107081680366e-05,2.5667107081680366e-05,0.006195955606999386,2022-11-07,250,23876,105,,1.8699181766636205e-05,1.8699181766636205e-05,1.8699181766636205e-05,1.8699181766636205e-05,0.004324255053374651,0.004324255053374651,0.0,0.0,0.041909403077209625,0.20952380952380953,0.20952380952380953,0.0,7.822420299250207e-06,7.822420299250207e-06,0.015646986242367426
2022-11-14,2021-01-08,5.9562813347391e-07,5.9562813347391e-07,0.006078824315297262,2022-11-09,250,23903,167,,6.947620651898956e-07,6.947620651898956e-07,6.947620651898956e-07,6.947620651898956e-07,0.0008335238839948713,0.0008335238839948713,0.0,0.0,0.04190940307720964,0.5688622754491018,0.5688622754491018,0.0,9.718864652141281e-07,9.718864652141281e-07,0.015496998820606756
2022-11-18,2021-01-11,8.137896624619651e-07,8.137896624619651e-07,0.00603768577494692,2022-11-11,250,23934,146,,1.4893453645705562e-06,1.4893453645705562e-06,1.4893453645705562e-06,1.4893453645705562e-06,0.0012203873829938411,0.0012203873829938411,0.0,0.0,0.04229291219025145,0.4315068493150685,0.4315068493150685,0.0,3.1075369300864827e-06,3.1075369300864827e-06,0.015664846286525976
2022-11-21,2021-01-15,3.6980363758475523e-07,3.6980363758475523e-07,0.006014938198162469,2022-11-14,250,23940,186,,4.003844949105441e-07,4.003844949105441e-07,4.003844949105441e-07,4.003844949105441e-07,0.0006327594289384742,0.0006327594289384742,0.0,0.0,0.0424846116061553,0.44623655913978494,0.44623655913978494,0.0,4.427272204385594e-07,4.427272204385594e-07,0.015594043380551974
2022-11-23,2021-01-20,1.9137561766170466e-06,1.9137561766170466e-06,0.00605939539219603,2022-11-18,250,23917,74,,1.64747434518904e-06,1.64747434518904e-06,1.64747434518904e-06,1.64747434518904e-06,0.001283539771564964,0.001283539771564964,0.0,0.0,0.043059489460446965,0.24324324324324326,0.24324324324324326,0.0,1.4211347884752346e-06,1.4211347884752346e-06,0.015443133283320832
2022-11-25,2021-01-22,1.1481882451405936e-06,1.1481882451405936e-06,0.006023697623618192,2022-11-21,250,24021,185,,8.960846450511206e-07,8.960846450511206e-07,8.960846450511206e-07,8.960846450511206e-07,0.0009466174755682047,0.0009466174755682047,0.0,0.0,0.04305948946044697,0.6054054054054054,0.6054054054054054,0.0,5.50250219287356e-07,5.50250219287356e-07,0.01534642661895532
2022-11-28,2021-01-25,1.3378153382873274e-06,1.3378153382873274e-06,0.006144082101141043,2022-11-23,250,23934,188,,1.2365747749466787e-06,1.2365747749466787e-06,1.2365747749466787e-06,1.2365747749466787e-06,0.0011120138375697844,0.0011120138375697844,0.0,0.0,0.0431552703139276,0.22340425531914893,0.22340425531914893,0.0,1.0906305862348344e-06,1.0906305862348344e-06,0.015349859568016311
2022-11-30,2021-01-27,3.2152984884556258e-06,3.2152984884556258e-06,0.006446128780902459,2022-11-25,250,23955,70,,2.469063850090149e-06,2.469063850090149e-06,2.469063850090149e-06,2.469063850090149e-06,0.001571325507363178,0.001571325507363178,0.0,0.0,0.04286790022717579,0.37142857142857144,0.37142857142857144,0.0,1.803503226683102e-06,1.803503226683102e-06,0.01562560787389621
2022-12-02,2021-01-29,1.5975427216876148e-06,1.5975427216876148e-06,0.006135796642168431,2022-11-28,250,24069,179,,2.0503743095692262e-06,2.0503743095692262e-06,2.0503743095692262e-06,2.0503743095692262e-06,0.0014319128149329575,0.0014319128149329575,0.0,0.0,0.042388766491786634,0.2569832402234637,0.2569832402234637,0.0,2.7722797395254183e-06,2.7722797395254183e-06,0.015159578280720707
2022-12-05,2021-02-01,2.6533775520708392e-06,2.6533775520708392e-06,0.006156552330694812,2022-11-30,250,24042,198,,2.2338746437808063e-06,2.2338746437808063e-06,2.2338746437808063e-06,2.2338746437808063e-06,0.0014946152159605517,0.0014946152159605517,0.0,0.0,0.04248461160615529,0.21717171717171718,0.21717171717171718,0.0,1.740612982384833e-06,1.740612982384833e-06,0.015177088299623998
2022-12-07,2021-02-03,2.5296661180536386e-06,2.5296661180536386e-06,0.00636764397173046,2022-12-02,250,24053,72,,2.940512596396209e-06,2.940512596396209e-06,2.940512596396209e-06,2.940512596396209e-06,0.0017147922895780145,0.0017147922895780145,0.0,0.0,0.04277209184386899,0.18055555555555555,0.18055555555555555,0.0,3.288151924224538e-06,3.288151924224538e-06,0.015681154305157048
2022-12-09,2021-02-05,6.799860565484543e-07,6.799860565484543e-07,0.006379249912372943,2022-12-05,250,24174,116,,5.045685336560087e-07,5.045685336560087e-07,5.045685336560087e-07,5.045685336560087e-07,0.0007103298766460613,0.0007103298766460613,0.0,0.0,0.04190940307720961,0.4396551724137931,0.4396551724137931,0.0,9.8602266390634e-08,9.8602266390634e-08,0.015585778820916614
2022-12-12,2021-02-08,8.153911854263473e-06,8.153911854263473e-06,0.006401238041643217,2022-12-07,250,24136,172,,5.6605565343055745e-06,5.6605565343055745e-06,5.6605565343055745e-06,5.6605565343055745e-06,0.002379192412207465,0.002379192412207465,0.0,0.0,0.04219704869978835,0.3023255813953488,0.3023255813953488,0.0,2.8593795699084293e-06,2.8593795699084293e-06,0.01570308431651749
2022-12-16,2021-02-10,1.8030952529931684e-06,1.8030952529931684e-06,0.006666666666666669,2022-12-09,250,24104,185,,1.5633958146960438e-06,1.5633958146960438e-06,1.5633958146960438e-06,1.5633958146960438e-06,0.0012503582745341608,0.0012503582745341608,0.0,0.0,0.04248461160615529,0.43243243243243246,0.43243243243243246,0.0,1.2751857757911676e-06,1.2751857757911676e-06,0.015850188640505095
2022-12-19,2021-02-12,8.336876315008259e-07,8.336876315008259e-07,0.006765296260501079,2022-12-12,250,24241,227,,5.483216011948696e-07,5.483216011948696e-07,5.483216011948696e-07,5.483216011948696e-07,0.0007404874078570611,0.0007404874078570611,0.0,0.0,0.04219704869978835,0.3832599118942731,0.3832599118942731,0.0,3.0271968986597264e-07,3.0271968986597264e-07,0.01649144989172124
2022-12-21,2021-02-17,1.4484265376897377e-06,1.4484265376897377e-06,0.006878306878306876,2022-12-16,250,24303,76,,1.7967057398959252e-06,1.7967057398959252e-06,1.7967057398959252e-06,1.7967057398959252e-06,0.0013404125260142584,0.0013404125260142584,0.0,0.0,0.04258044753511838,0.23684210526315788,0.23684210526315788,0.0,2.0238443500303964e-06,2.0238443500303964e-06,0.01660975981499973
2022-12-23,2021-02-19,2.2221623087854966e-06,2.2221623087854966e-06,0.006881948120698783,2022-12-19,250,24453,192,,2.1438166872220236e-06,2.1438166872220236e-06,2.1438166872220236e-06,2.1438166872220236e-06,0.001464177819536283,0.001464177819536283,0.0,0.0,0.04258044753511838,0.1875,0.1875,0.0,2.049261626714385e-06,2.049261626714385e-06,0.01660190691321706
2022-12-28,2021-02-22,6.102831180052782e-06,6.102831180052782e-06,0.0069983849880796735,2022-12-21,250,24367,77,,2.840308535694212e-06,2.840308535694212e-06,2.840308535694212e-06,2.840308535694212e-06,0.0016853214932748624,0.0016853214932748624,0.0,0.0,0.0436340370200613,0.18181818181818182,0.18181818181818182,0.0,7.578472733376773e-07,7.578472733376773e-07,0.01657230728893551
2022-12-30,2021-02-24,3.897142848067929e-06,3.897142848067929e-06,0.007021063189568704,2022-12-23,250,24410,190,,2.209127181536983e-06,2.209127181536983e-06,2.209127181536983e-06,2.209127181536983e-06,0.001486313285124298,0.001486313285124298,0.0,0.0,0.043538302014483436,0.41578947368421054,0.41578947368421054,0.0,1.2393135817522687e-07,1.2393135817522687e-07,0.01648413832672647
2023-01-04,2021-02-26,1.0919257655288925e-06,1.0919257655288925e-06,0.007275925481730231,2022-12-28,250,24408,75,,5.621123192163678e-07,5.621123192163678e-07,5.621123192163678e-07,5.621123192163678e-07,0.0007497415015966289,0.0007497415015966289,0.0,0.0,0.04430392555652441,0.26666666666666666,0.26666666666666666,0.0,2.0890335500801787e-07,2.0890335500801787e-07,0.016597547397720704
2023-01-06,2021-03-01,3.4319406915844244e-06,3.4319406915844244e-06,0.007278835386338185,2022-12-30,250,24486,111,,2.204664448439677e-06,2.204664448439677e-06,2.204664448439677e-06,2.204664448439677e-06,0.0014848112501054391,0.0014848112501054391,0.0,0.0,0.04554681495597038,0.35135135135135137,0.35135135135135137,0.0,1.8842490613045003e-07,1.8842490613045003e-07,0.01666054615425168
2023-01-09,2021-03-03,1.5163756870004087e-06,1.5163756870004087e-06,0.007020521524456104,2023-01-04,250,24451,229,,9.885805003691799e-07,9.885805003691799e-07,9.885805003691799e-07,9.885805003691799e-07,0.0009942738558210106,0.0009942738558210106,0.0,0.0,0.045642357878701065,0.2925764192139738,0.2925764192139738,0.0,4.5615553139908065e-07,4.5615553139908065e-07,0.016287049062049058
2023-01-13,2021-03-05,5.899914601352264e-06,5.899914601352264e-06,0.0068210778802188735,2023-01-06,250,24519,110,,4.766689610187306e-06,4.766689610187306e-06,4.766689610187306e-06,4.766689610187306e-06,0.0021832749735631804,0.0021832749735631804,0.0,0.0,0.04554681495597038,0.2909090909090909,0.2909090909090909,0.0,2.6195264690326504e-06,2.6195264690326504e-06,0.01592270757758969
2023-01-23,2021-03-08,2.84263210192989e-06,2.84263210192989e-06,0.006600420686153624,2023-01-09,250,24672,218,,1.6966974649728331e-06,1.6966974649728331e-06,1.6966974649728331e-06,1.6966974649728331e-06,0.0013025734009923715,0.0013025734009923715,0.0,0.0,0.046119935613553105,0.2706422018348624,0.2706422018348624,0.0,5.295418162202751e-07,5.295418162202751e-07,0.015966146306961707
2023-01-25,2021-03-10,1.1662755655952214e-06,1.1662755655952214e-06,0.00638462078158984,2023-01-13,250,24643,79,,1.0070795311124278e-06,1.0070795311124278e-06,1.0070795311124278e-06,1.0070795311124278e-06,0.0010035335226650018,0.0010035335226650018,0.0,0.0,0.046119935613553126,0.3670886075949367,0.3670886075949367,0.0,8.867980828365394e-07,8.867980828365394e-07,0.01579379810094952
2023-01-27,2021-03-12,6.761328978446922e-06,6.761328978446922e-06,0.0063212003334259526,2023-01-23,250,24786,180,,3.826785004996084e-06,3.826785004996084e-06,3.826785004996084e-06,3.826785004996084e-06,0.001956217013778401,0.001956217013778401,0.0,0.0,0.04602443831127934,0.39444444444444443,0.39444444444444443,0.0,2.401201485561692e-07,2.401201485561692e-07,0.015616252007411981
2023-01-30,2021-03-15,1.174325735721845e-05,1.174325735721845e-05,0.006235866511341053,2023-01-25,250,24787,162,,8.695020976857698e-06,8.695020976857698e-06,8.695020976857698e-06,8.695020976857698e-06,0.0029487320964878615,0.0029487320964878615,0.0,0.0,0.04621542379696298,0.25308641975308643,0.25308641975308643,0.0,3.0798486972457824e-06,3.0798486972457824e-06,0.015580452573456912
2023-02-01,2021-03-22,5.4896297508078344e-06,5.4896297508078344e-06,0.0063067433640584935,2023-01-27,250,24835,76,,3.3203409940715845e-06,3.3203409940715845e-06,3.3203409940715845e-06,3.3203409940715845e-06,0.0018221802858311206,0.0018221802858311206,0.0,0.0,0.045928931888399804,0.35526315789473684,0.35526315789473684,0.0,1.7426764437179481e-06,1.7426764437179481e-06,0.015549788427474905
2023-02-03,2021-03-24,1.2255290058485023e-05,1.2255290058485023e-05,0.00603368253547275,2023-01-30,250,24876,148,,7.126934597301373e-06,7.126934597301373e-06,7.126934597301373e-06,7.126934597301373e-06,0.002669631921689088,0.002669631921689088,0.0,0.0,0.045546814955970405,0.12837837837837837,0.12837837837837837,0.0,2.8849615615074914e-06,2.8849615615074914e-06,0.015165502183406118
2023-02-06,2021-03-26,2.296886626974077e-06,2.296886626974077e-06,0.004466019417475728,2023-02-01,250,24894,214,,1.4110362324431323e-06,1.4110362324431323e-06,1.4110362324431323e-06,1.4110362324431323e-06,0.0011878704611375487,0.0011878704611375487,0.0,0.0,0.04592893188839981,0.46261682242990654,0.46261682242990654,0.0,5.735049503411477e-07,5.735049503411477e-07,0.01532842973202376
2023-02-08,2021-03-29,3.817692719195816e-06,3.817692719195816e-06,0.004461687681862271,2023-02-03,250,24954,81,,1.913317796507191e-06,1.913317796507191e-06,1.913317796507191e-06,1.913317796507191e-06,0.0013832273119437713,0.0013832273119437713,0.0,0.0,0.046024438311279336,0.32098765432098764,0.32098765432098764,0.0,3.119116115190309e-07,3.119116115190309e-07,0.015223579565981842
2023-02-10,2021-03-31,2.1723522925285967e-06,2.1723522925285967e-06,0.00457347385166037,2023-02-06,250,25097,153,,1.2843690483753899e-06,1.2843690483753899e-06,1.2843690483753899e-06,1.2843690483753899e-06,0.0011333000698735484,0.0011333000698735484,0.0,0.0,0.04659728537678218,0.37254901960784315,0.37254901960784315,0.0,4.740843380855887e-07,4.740843380855887e-07,0.015526488000196518
2023-02-13,2021-04-05,3.2798851111984353e-06,3.2798851111984353e-06,0.006092311767432622,2023-02-08,250,25124,215,,2.0468729896721545e-06,2.0468729896721545e-06,2.0468729896721545e-06,2.0468729896721545e-06,0.0014306896902096396,0.0014306896902096396,0.0,0.0,0.04678816149875892,0.28837209302325584,0.28837209302325584,0.0,7.551460052160503e-07,7.551460052160503e-07,0.01549033918243309
2023-02-17,2021-04-07,1.6646242146745176e-06,1.6646242146745176e-06,0.005985296987834233,2023-02-10,250,25163,173,,1.952705497750642e-06,1.952705497750642e-06,1.952705497750642e-06,1.952705497750642e-06,0.0013973923921900542,0.0013973923921900542,0.0,0.0,0.047265192467114234,0.2254335260115607,0.2254335260115607,0.0,2.287599989326637e-06,2.287599989326637e-06,0.015481233467228375
2023-02-22,2021-04-09,4.287330025688131e-06,4.287330025688131e-06,0.0061961206896551735,2023-02-13,250,25325,73,,2.7271409785418333e-06,2.7271409785418333e-06,2.7271409785418333e-06,2.7271409785418333e-06,0.001651405758298618,0.001651405758298618,0.0,0.0,0.04745594115629536,0.1780821917808219,0.1780821917808219,0.0,1.439985014646136e-06,1.439985014646136e-06,0.01583772582625473
2023-02-24,2021-04-12,3.3128082773981594e-06,3.3128082773981594e-06,0.006157965194109775,2023-02-17,250,25445,187,,2.2627368919351786e-06,2.2627368919351786e-06,2.2627368919351786e-06,2.2627368919351786e-06,0.001504239639131737,0.001504239639131737,0.0,0.0,0.047265192467114234,0.28342245989304815,0.28342245989304815,0.0,8.271962637073059e-07,8.271962637073059e-07,0.015775665152498366
2023-02-27,2021-04-16,1.6757376224920645e-06,1.6757376224920645e-06,0.006270874514348034,2023-02-22,250,25398,214,,9.672317544600675e-07,9.672317544600675e-07,9.672317544600675e-07,9.672317544600675e-07,0.0009834794123214107,0.0009834794123214107,0.0,0.0,0.04745594115629536,0.3925233644859813,0.3925233644859813,0.0,3.097893724123583e-07,3.097893724123583e-07,0.015946006357535698
2023-03-01,2021-04-19,2.680769528786865e-06,2.680769528786865e-06,0.006241096262126044,2023-02-24,250,25452,70,,1.9030859190023993e-06,1.9030859190023993e-06,1.9030859190023993e-06,1.9030859190023993e-06,0.0013795238015352977,0.0013795238015352977,0.0,0.0,0.04764665346735302,0.24285714285714285,0.24285714285714285,0.0,1.2481944581312706e-06,1.2481944581312706e-06,0.015950835310149892
2023-03-03,2021-04-21,5.3738042984239004e-06,5.3738042984239004e-06,0.006305256665067508,2023-02-27,250,25530,146,,3.798127044205837e-06,3.798127044205837e-06,3.798127044205837e-06,3.798127044205837e-06,0.0019488784067267606,0.0019488784067267606,0.0,0.0,0.047932653755302805,0.363013698630137,0.363013698630137,0.0,1.8882152209112142e-06,1.8882152209112142e-06,0.01588868555340489
2023-03-06,2021-04-23,1.052143457532518e-05,1.052143457532518e-05,0.00609150499900682,2023-03-01,250,25533,160,,5.977075799277749e-06,5.977075799277749e-06,5.977075799277749e-06,5.977075799277749e-06,0.0024448058817169408,0.0024448058817169408,0.0,0.0,0.047932653755302805,0.30625,0.30625,0.0,1.3432880150248054e-07,1.3432880150248054e-07,0.015637888121922853
2023-03-08,2021-04-26,3.468504103073465e-06,3.468504103073465e-06,0.006068601583113457,2023-03-03,250,25535,69,,2.494397682907633e-06,2.494397682907633e-06,2.494397682907633e-06,2.494397682907633e-06,0.0015793662282408197,0.0015793662282408197,0.0,0.0,0.049171044006449394,0.3188405797101449,0.3188405797101449,0.0,1.6014667977556203e-06,1.6014667977556203e-06,0.015870334195395085
2023-03-10,2021-04-28,5.951689605853957e-06,5.951689605853957e-06,0.0061093034066007045,2023-03-06,250,25556,94,,6.960355351789745e-06,6.960355351789745e-06,6.960355351789745e-06,6.960355351789745e-06,0.0026382485386691194,0.0026382485386691194,0.0,0.0,0.04926624130291808,0.39361702127659576,0.39361702127659576,0.0,9.112175609786097e-06,9.112175609786097e-06,0.01614229747675962
2023-03-13,2021-04-30,4.366869851496624e-06,4.366869851496624e-06,0.006195286195286197,2023-03-08,250,25563,168,,3.3613258177987337e-06,3.3613258177987337e-06,3.3613258177987337e-06,3.3613258177987337e-06,0.0018333918887675743,0.0018333918887675743,0.0,0.0,0.048885397729810647,0.32142857142857145,0.32142857142857145,0.0,2.255227380731054e-06,2.255227380731054e-06,0.016378632323598766
2023-03-17,2021-05-03,2.6364176467514035e-06,2.6364176467514035e-06,0.005903111966634585,2023-03-10,250,25572,196,,6.287991419156252e-06,6.287991419156252e-06,6.287991419156252e-06,6.287991419156252e-06,0.0025075867720093462,0.0025075867720093462,0.0,0.0,0.04631090286325024,0.3112244897959184,0.3112244897959184,0.0,1.125941113339418e-05,1.125941113339418e-05,0.01595687561535937
2023-03-20,2021-05-05,2.0357157868018523e-06,2.0357157868018523e-06,0.005935483870967743,2023-03-13,250,25630,189,,1.1889873569953834e-06,1.1889873569953834e-06,1.1889873569953834e-06,1.1889873569953834e-06,0.0010904069685192697,0.0010904069685192697,0.0,0.0,0.04420825466432036,0.4603174603174603,0.4603174603174603,0.0,1.7488237711089192e-07,1.7488237711089192e-07,0.016566765814508066
2023-03-22,2021-05-07,5.092633557488022e-06,5.092633557488022e-06,0.005775991963837268,2023-03-17,250,25761,82,,2.9819734666045567e-06,2.9819734666045567e-06,2.9819734666045567e-06,2.9819734666045567e-06,0.0017268391548156872,0.0017268391548156872,0.0,0.0,0.0466927279919823,0.3780487804878049,0.3780487804878049,0.0,1.3301525259131481e-06,1.3301525259131481e-06,0.01619631746509238
2023-03-24,2021-05-10,2.2359094855937032e-06,2.2359094855937032e-06,0.00578871201157742,2023-03-20,250,25853,196,,1.406354765504425e-06,1.406354765504425e-06,1.406354765504425e-06,1.406354765504425e-06,0.001185898294755678,0.001185898294755678,0.0,0.0,0.04621542379696298,0.3622448979591837,0.3622448979591837,0.0,3.4529640259953487e-07,3.4529640259953487e-07,0.01643277208332274
2023-03-27,2021-05-17,6.697591388908718e-07,6.697591388908718e-07,0.005741029641185646,2023-03-22,250,25820,193,,4.975407350852677e-07,4.975407350852677e-07,4.975407350852677e-07,4.975407350852677e-07,0.0007053656747285536,0.0007053656747285536,0.0,0.0,0.046310902863250236,0.47668393782383417,0.47668393782383417,0.0,2.8326900011782995e-07,2.8326900011782995e-07,0.016325642451042323
2023-03-29,2021-05-19,2.0783341143500228e-06,2.0783341143500228e-06,0.005835712020298128,2023-03-24,250,25959,78,,1.0735937090956983e-06,1.0735937090956983e-06,1.0735937090956983e-06,1.0735937090956983e-06,0.0010361436720338056,0.0010361436720338056,0.0,0.0,0.046883585898850444,0.3717948717948718,0.3717948717948718,0.0,2.557817513305511e-07,2.557817513305511e-07,0.01633183265925177
2023-03-31,2021-05-21,2.108650296627815e-06,2.108650296627815e-06,0.00566642030056664,2023-03-27,250,26127,168,,1.7295991688609091e-06,1.7295991688609091e-06,1.7295991688609091e-06,1.7295991688609091e-06,0.0013151422618336425,0.0013151422618336425,0.0,0.0,0.04850440905961497,0.3392857142857143,0.3392857142857143,0.0,1.312642928317313e-06,1.312642928317313e-06,0.01600414416646024
2023-04-03,2021-05-24,2.013175726443095e-06,2.013175726443095e-06,0.005579138872043662,2023-03-29,250,26095,173,,1.179196389982684e-06,1.179196389982684e-06,1.179196389982684e-06,1.179196389982684e-06,0.0010859080946298743,0.0010859080946298743,0.0,0.0,0.04736057135983758,0.36416184971098264,0.36416184971098264,0.0,1.63452326345004e-07,1.63452326345004e-07,0.015781706929822427
2023-04-05,2021-05-26,1.044423463316098e-06,1.044423463316098e-06,0.005554549296625009,2023-03-31,250,26161,79,,7.006103619669621e-07,7.006103619669621e-07,7.006103619669621e-07,7.006103619669621e-07,0.000837024708098251,0.000837024708098251,0.0,0.0,0.04764665346735302,0.25316455696202533,0.25316455696202533,0.0,4.271226677119677e-07,4.271226677119677e-07,0.015809511341669316
2023-04-10,2021-05-27,1.5629492942194626e-06,1.5629492942194626e-06,0.00558727073970606,2023-04-03,250,26311,110,,1.3313006517032192e-06,1.3313006517032192e-06,1.3313006517032192e-06,1.3313006517032192e-06,0.0011538200256986438,0.0011538200256986438,0.0,0.0,0.04831386027855064,0.4727272727272727,0.4727272727272727,0.0,8.551339976420506e-07,8.551339976420506e-07,0.01578942056257484
2023-04-14,2021-05-28,4.81346322716879e-06,4.81346322716879e-06,0.005556897801401305,2023-04-05,250,26364,93,,3.3805969911664717e-06,3.3805969911664717e-06,3.3805969911664717e-06,3.3805969911664717e-06,0.0018386399841095788,0.0018386399841095788,0.0,0.0,0.049742091894814044,0.3870967741935484,0.3870967741935484,0.0,1.2119345799197193e-06,1.2119345799197193e-06,0.015625977700921466
2023-04-17,2021-06-02,1.1518462674501675e-06,1.1518462674501675e-06,0.00556867017735004,2023-04-10,250,26382,100,,7.703697064306828e-07,7.703697064306828e-07,7.703697064306828e-07,7.703697064306828e-07,0.0008777070732486339,0.0008777070732486339,0.0,0.0,0.050122609403210616,0.41,0.41,0.0,9.218915350715455e-08,9.218915350715455e-08,0.015664241380982404
2023-04-19,2021-06-04,6.025260592076344e-07,6.025260592076344e-07,0.005526521295128252,2023-04-14,250,26417,78,,7.472106253080867e-07,7.472106253080867e-07,7.472106253080867e-07,7.472106253080867e-07,0.0008644134573848829,0.0008644134573848829,0.0,0.0,0.05069311431551815,0.3717948717948718,0.3717948717948718,0.0,8.590123354766178e-07,8.590123354766178e-07,0.015598061369836557
2023-04-21,2021-06-07,1.6322530159464466e-06,1.6322530159464466e-06,0.00552055205520552,2023-04-17,250,26466,177,,9.121030154586142e-07,9.121030154586142e-07,9.121030154586142e-07,9.121030154586142e-07,0.0009550408449163911,0.0009550408449163911,0.0,0.0,0.049932368748209006,0.5423728813559322,0.5423728813559322,0.0,5.859190376933073e-08,5.859190376933073e-08,0.015686299407594445
2023-04-24,2021-06-09,1.658360561560897e-06,1.658360561560897e-06,0.005575081808265667,2023-04-19,250,26436,206,,8.269563272536827e-07,8.269563272536827e-07,8.269563272536827e-07,8.269563272536827e-07,0.0009093713912663421,0.0009093713912663421,0.0,0.0,0.05012260940321061,0.44660194174757284,0.44660194174757284,0.0,1.2917063060298515e-07,1.2917063060298515e-07,0.015674121785541003
2023-04-26,2021-06-11,3.5681515054679477e-06,3.5681515054679477e-06,0.005617634487390853,2023-04-21,250,26555,76,,1.8999200654768165e-06,1.8999200654768165e-06,1.8999200654768165e-06,1.8999200654768165e-06,0.0013783758796049852,0.0013783758796049852,0.0,0.0,0.049932368748209,0.35526315789473684,0.35526315789473684,0.0,5.494469950078051e-07,5.494469950078051e-07,0.01591034525216706
2023-04-28,2021-06-14,2.7984751757046126e-06,2.7984751757046126e-06,0.005462858500089069,2023-04-24,250,26723,174,,2.703135811845184e-06,2.703135811845184e-06,2.703135811845184e-06,2.703135811845184e-06,0.0016441215927799208,0.0016441215927799208,0.0,0.0,0.05050298217310679,0.3160919540229885,0.3160919540229885,0.0,2.5742988336567656e-06,2.5742988336567656e-06,0.015666140491258702
2023-05-01,2021-06-16,2.7125459441942633e-06,2.7125459441942633e-06,0.0054219707685054215,2023-04-26,250,26739,132,,2.0370472355625515e-06,2.0370472355625515e-06,2.0370472355625515e-06,2.0370472355625515e-06,0.001427251637085259,0.001427251637085259,0.0,0.0,0.04974209189481407,0.4015151515151515,0.4015151515151515,0.0,9.002154597703006e-08,9.002154597703006e-08,0.015533558531483664
2023-05-03,2021-06-18,2.2868981250171286e-06,2.2868981250171286e-06,0.005458644832087338,2023-04-28,250,26879,78,,1.5372530777807414e-06,1.5372530777807414e-06,1.5372530777807414e-06,1.5372530777807414e-06,0.0012398601041168885,0.0012398601041168885,0.0,0.0,0.05107327018400061,0.3076923076923077,0.3076923076923077,0.0,8.947001801495528e-07,8.947001801495528e-07,0.01572600769155876
2023-05-05,2021-06-21,2.3074754645335946e-05,2.3074754645335946e-05,0.005549188732734182,2023-05-01,250,26920,130,,1.065920453704175e-05,1.065920453704175e-05,1.065920453704175e-05,1.065920453704175e-05,0.003264843723218885,0.003264843723218885,0.0,0.0,0.05126329393754153,0.12307692307692308,0.12307692307692308,0.0,2.6441025683961258e-06,2.6441025683961258e-06,0.0159476538395083
2023-05-08,2021-06-23,1.4980979901566429e-06,1.4980979901566429e-06,0.003975341360834247,2023-05-03,250,26891,180,,7.46155177844406e-07,7.46155177844406e-07,7.46155177844406e-07,7.46155177844406e-07,0.0008638027424385766,0.0008638027424385766,0.0,0.0,0.05126329393754154,0.5,0.5,0.0,1.840231725236074e-07,1.840231725236074e-07,0.015657787848677985
2023-05-10,2021-06-25,4.815986538440469e-06,4.815986538440469e-06,0.004016999476043547,2023-05-05,250,26966,73,,2.0926223436097925e-06,2.0926223436097925e-06,2.0926223436097925e-06,2.0926223436097925e-06,0.0014465899016686769,0.0014465899016686769,0.0,0.0,0.0515482618805766,0.5342465753424658,0.5342465753424658,0.0,2.976777606532098e-07,2.976777606532098e-07,0.01572256345362957
2023-05-12,2021-06-28,1.0134648217519538e-06,1.0134648217519538e-06,0.003971223021582734,2023-05-08,250,27049,131,,1.6894813998406862e-06,1.6894813998406862e-06,1.6894813998406862e-06,1.6894813998406862e-06,0.0012998005230960197,0.0012998005230960197,0.0,0.0,0.050693114315518144,0.2900763358778626,0.2900763358778626,0.0,2.1787039234575316e-06,2.1787039234575316e-06,0.015676784024458296
2023-05-15,2021-06-30,1.839450625896146e-06,1.839450625896146e-06,0.005389117459581619,2023-05-10,250,27026,187,,1.040400937653703e-06,1.040400937653703e-06,1.040400937653703e-06,1.040400937653703e-06,0.0010200004596340646,0.0010200004596340646,0.0,0.0,0.05116828657439943,0.5026737967914439,0.5026737967914439,0.0,3.452277088827764e-07,3.452277088827764e-07,0.015697351733521225
2023-05-19,2021-07-02,1.1805905788380492e-06,1.1805905788380492e-06,0.0053127677806341,2023-05-12,250,27111,181,,7.811732402117528e-07,7.811732402117528e-07,7.811732402117528e-07,7.811732402117528e-07,0.0008838400535231206,0.0008838400535231206,0.0,0.0,0.05173819540441443,0.5966850828729282,0.5966850828729282,0.0,2.6546984097273715e-07,2.6546984097273715e-07,0.015411284974834826
2023-05-22,2021-07-07,1.3571870816391602e-06,1.3571870816391602e-06,0.00530943137702672,2023-05-15,250,27195,215,,8.58401818640801e-07,8.58401818640801e-07,8.58401818640801e-07,8.58401818640801e-07,0.0009264997672103329,0.0009264997672103329,0.0,0.0,0.051548261880576596,0.42790697674418604,0.42790697674418604,0.0,3.822886130514584e-07,3.822886130514584e-07,0.015433741818355542
2023-05-24,2021-07-09,4.98011201579265e-06,4.98011201579265e-06,0.005420844019584984,2023-05-19,250,27326,79,,3.306791915610425e-06,3.306791915610425e-06,3.306791915610425e-06,3.306791915610425e-06,0.0018184586648066613,0.0018184586648066613,0.0,0.0,0.05202302806715193,0.2911392405063291,0.2911392405063291,0.0,1.8326765892594165e-06,1.8326765892594165e-06,0.015602581564394216
2023-05-26,2021-07-12,2.127839221201051e-06,2.127839221201051e-06,0.005376033296722354,2023-05-22,250,27485,176,,1.8087781302487577e-06,1.8087781302487577e-06,1.8087781302487577e-06,1.8087781302487577e-06,0.0013449082237270906,0.0013449082237270906,0.0,0.0,0.05240267879304834,0.5170454545454546,0.5170454545454546,0.0,1.3889609053115304e-06,1.3889609053115304e-06,0.015581509706981796
2023-05-31,2021-07-16,4.946795579902884e-06,4.946795579902884e-06,0.0052453468697123504,2023-05-24,250,27455,39,,4.946795579902884e-06,4.946795579902884e-06,4.946795579902884e-06,4.946795579902884e-06,0.0022241392896810404,0.0022241392896810404,0.0,0.0,0.05401458830623825,0.5897435897435898,0.5897435897435898,0.0,,,
2023-06-02,2021-07-19,1.2189421756471915e-06,1.2189421756471915e-06,0.00516408462435449,2023-05-26,250,27507,143,,1.196245532294043e-06,1.196245532294043e-06,1.196245532294043e-06,1.196245532294043e-06,0.001093730100296249,0.001093730100296249,0.0,0.0,0.053540766928029816,0.5034965034965035,0.5034965034965035,0.0,1.1262101756614703e-06,1.1262101756614703e-06,0.015316658764401882
2023-06-07,2021-07-21,2.7310512542183642e-06,2.7310512542183642e-06,0.005189442553428938,2023-05-31,250,27414,68,,1.8019194491229265e-06,1.8019194491229265e-06,1.8019194491229265e-06,1.8019194491229265e-06,0.001342355932352864,0.001342355932352864,0.0,0.0,0.05297188476610571,0.3382352941176471,0.3382352941176471,0.0,9.258808900329427e-07,9.258808900329427e-07,0.015094439642081164
2023-06-09,2021-07-23,2.118653081109318e-06,2.118653081109318e-06,0.005150357202193056,2023-06-02,250,27488,89,,1.582171837586316e-06,1.582171837586316e-06,1.582171837586316e-06,1.582171837586316e-06,0.0012578441229287181,0.0012578441229287181,0.0,0.0,0.05240267879304834,0.5280898876404494,0.5280898876404494,0.0,1.292018030448521e-07,1.292018030448521e-07,0.015055747675529562
2023-06-12,2021-07-26,1.9007900843728907e-06,1.9007900843728907e-06,0.005139257294429709,2023-06-07,250,27421,129,,1.364900762467629e-06,1.364900762467629e-06,1.364900762467629e-06,1.364900762467629e-06,0.0011682896740396317,0.0011682896740396317,0.0,0.0,0.052307779623344874,0.5426356589147286,0.5426356589147286,0.0,4.899794205814872e-07,4.899794205814872e-07,0.015028781111886486
2023-06-16,2021-07-28,1.366488768962009e-06,1.366488768962009e-06,0.00499973119724746,2023-06-09,250,27374,142,,4.805053404464396e-06,4.805053404464396e-06,4.805053404464396e-06,4.805053404464396e-06,0.0021920432031473274,0.0021920432031473274,0.0,0.0,0.051928092860359196,0.4859154929577465,0.4859154929577465,0.0,9.11690429660231e-06,9.11690429660231e-06,0.014597544057840039
2023-06-21,2021-07-30,1.5312434926291871e-06,1.5312434926291871e-06,0.005026755310523758,2023-06-12,250,27435,82,,1.542588202524554e-06,1.542588202524554e-06,1.542588202524554e-06,1.542588202524554e-06,0.0012420097433291553,0.0012420097433291553,0.0,0.0,0.05249756895775398,0.2926829268292683,0.2926829268292683,0.0,1.5523859065250982e-06,1.5523859065250982e-06,0.014919184317672357
2023-06-23,2021-08-02,1.6557669684612301e-06,1.6557669684612301e-06,0.004973262032085563,2023-06-16,250,27489,189,,1.3299062124814485e-06,1.3299062124814485e-06,1.3299062124814485e-06,1.3299062124814485e-06,0.001153215596704037,0.001153215596704037,0.0,0.0,0.052592450119170596,0.3915343915343915,0.3915343915343915,0.0,8.761760459273216e-07,8.761760459273216e-07,0.01494208380105839
2023-06-26,2021-08-04,8.636521840562417e-07,8.636521840562417e-07,0.004981787015213198,2023-06-21,250,27485,179,,6.472015824649348e-07,6.472015824649348e-07,6.472015824649348e-07,6.472015824649348e-07,0.0008044883979678854,0.0008044883979678854,0.0,0.0,0.05268732227900647,0.5195530726256983,0.5195530726256983,0.0,3.669258034813198e-07,3.669258034813198e-07,0.015055905911682559
2023-06-28,2021-08-06,8.734247006365963e-07,8.734247006365963e-07,0.0049452302456662765,2023-06-23,250,27608,82,,7.890760071800079e-07,7.890760071800079e-07,7.890760071800079e-07,7.890760071800079e-07,0.000888299503084409,0.000888299503084409,0.0,0.0,0.052971884766105724,0.4878048780487805,0.4878048780487805,0.0,7.087439181737333e-07,7.087439181737333e-07,0.014953731343283583
2023-06-30,2021-08-09,3.3633573072737836e-06,3.3633573072737836e-06,0.004905322010654571,2023-06-26,250,27707,166,,2.045527428492358e-06,2.045527428492358e-06,2.045527428492358e-06,2.045527428492358e-06,0.0014302193637663971,0.0014302193637663971,0.0,0.0,0.05316154811423236,0.6204819277108434,0.6204819277108434,0.0,4.0714433595328755e-07,4.0714433595328755e-07,0.014887514551140128
2023-07-05,2021-08-11,1.8149528802948206e-06,1.8149528802948206e-06,0.004832172919048113,2023-06-28,250,27685,81,,1.0582124760327948e-06,1.0582124760327948e-06,1.0582124760327948e-06,1.0582124760327948e-06,0.0010286945494328212,0.0010286945494328212,0.0,0.0,0.05297188476610572,0.35802469135802467,0.35802469135802467,0.0,3.5552495778948445e-07,3.5552495778948445e-07,0.014696971540593526
2023-07-07,2021-08-13,7.321641721118128e-07,7.321641721118128e-07,0.00484854804233356,2023-06-30,250,27817,107,,5.904099580298647e-07,5.904099580298647e-07,5.904099580298647e-07,5.904099580298647e-07,0.0007683813883937225,0.0007683813883937225,0.0,0.0,0.05316154811423236,0.6355140186915887,0.6355140186915887,0.0,2.7253687190670833e-07,2.7253687190670833e-07,0.014835029340854296
2023-07-10,2021-08-16,1.7339827247193517e-06,1.7339827247193517e-06,0.004877281308999371,2023-07-05,250,27858,175,,1.1005562704757503e-06,1.1005562704757503e-06,1.1005562704757503e-06,1.1005562704757503e-06,0.0010490740061958213,0.0010490740061958213,0.0,0.0,0.053161548114232356,0.44,0.44,0.0,1.5041658911034812e-07,1.5041658911034812e-07,0.014872577813248203
2023-07-14,2021-08-18,1.070449350855096e-06,1.070449350855096e-06,0.004880864910255066,2023-07-07,250,27921,99,,8.415710704758321e-07,8.415710704758321e-07,8.415710704758321e-07,8.415710704758321e-07,0.0009173718278189232,0.0009173718278189232,0.0,0.0,0.05325636630043149,0.5252525252525253,0.5252525252525253,0.0,3.395154877084139e-07,3.395154877084139e-07,0.014508339265059171
2023-07-17,2021-08-20,1.2802121278072977e-06,1.2802121278072977e-06,0.004877025538832662,2023-07-10,250,28035,100,,9.100682045774547e-07,9.100682045774547e-07,9.100682045774547e-07,9.100682045774547e-07,0.0009539749496592951,0.0009539749496592951,0.0,0.0,0.05344597570562601,0.59,0.59,0.0,4.6399050374487275e-08,4.6399050374487275e-08,0.01451738114316239
2023-07-19,2021-08-23,1.412269310241624e-06,1.412269310241624e-06,0.004800495535022969,2023-07-14,250,28013,78,,1.8710981397202909e-06,1.8710981397202909e-06,1.8710981397202909e-06,1.8710981397202909e-06,0.001367880893835531,0.001367880893835531,0.0,0.0,0.053445975705626016,0.16666666666666666,0.16666666666666666,0.0,2.264379993559148e-06,2.264379993559148e-06,0.014360441665382327
2023-07-21,2021-08-25,2.178463635817678e-06,2.178463635817678e-06,0.004815409309791331,2023-07-17,250,27989,195,,1.4683335858394744e-06,1.4683335858394744e-06,1.4683335858394744e-06,1.4683335858394744e-06,0.001211748152810424,0.001211748152810424,0.0,0.0,0.053445975705626016,0.4205128205128205,0.4205128205128205,0.0,4.2561098080818793e-07,4.2561098080818793e-07,0.01442427573090363
2023-07-24,2021-08-27,5.656756824665262e-07,5.656756824665262e-07,0.004845264145045326,2023-07-19,250,28005,199,,4.5251900741957314e-07,4.5251900741957314e-07,4.5251900741957314e-07,4.5251900741957314e-07,0.0006726953303090287,0.0006726953303090287,0.0,0.0,0.0535407669280298,0.4472361809045226,0.4472361809045226,0.0,2.8063545038622703e-07,2.8063545038622703e-07,0.01442427573090363
2023-07-26,2021-08-30,1.7235852073124884e-06,1.7235852073124884e-06,0.004803222807561202,2023-07-21,250,28102,85,,1.0234563159352487e-06,1.0234563159352487e-06,1.0234563159352487e-06,1.0234563159352487e-06,0.0010116601780910666,0.0010116601780910666,0.0,0.0,0.053635549165909395,0.5411764705882353,0.5411764705882353,0.0,3.0665768904902733e-07,3.0665768904902733e-07,0.014321028016862816
2023-07-28,2021-09-01,1.4453538570917358e-06,1.4453538570917358e-06,0.004813166338888313,2023-07-24,250,28194,191,,9.765870050298258e-07,9.765870050298258e-07,9.765870050298258e-07,9.765870050298258e-07,0.00098822416739818,0.00098822416739818,0.0,0.0,0.053635549165909395,0.6963350785340314,0.6963350785340314,0.0,2.3542860379680596e-07,2.3542860379680596e-07,0.014414393688258307
2023-07-31,2021-09-03,1.4333537952301127e-06,1.4333537952301127e-06,0.00474901700454476,2023-07-26,250,28213,148,,1.1559900274916916e-06,1.1559900274916916e-06,1.1559900274916916e-06,1.1559900274916916e-06,0.0010751697668236824,0.0010751697668236824,0.0,0.0,0.0537303224209678,0.4864864864864865,0.4864864864864865,0.0,1.5054636943991328e-07,1.5054636943991328e-07,0.014274641075024075
2023-08-02,2021-09-08,2.09605156271926e-06,2.09605156271926e-06,0.004754479691214437,2023-07-28,250,28349,80,,1.6605586275238232e-06,1.6605586275238232e-06,1.6605586275238232e-06,1.6605586275238232e-06,0.0012886266439600816,0.0012886266439600816,0.0,0.0,0.053919841989430436,0.3375,0.3375,0.0,1.1792243307288662e-06,1.1792243307288662e-06,0.014288400368033652
2023-08-04,2021-09-10,1.2048121536315788e-05,1.2048121536315788e-05,0.004864780038709003,2023-07-31,250,28448,142,,5.647840782294818e-06,5.647840782294818e-06,5.647840782294818e-06,5.647840782294818e-06,0.0023765186265406837,0.0023765186265406837,0.0,0.0,0.05391984198943044,0.39436619718309857,0.39436619718309857,0.0,2.4500637954984216e-07,2.4500637954984216e-07,0.014531612601372423
2023-08-07,2021-09-13,7.738348893450835e-06,7.738348893450835e-06,0.0038463651849002687,2023-08-02,250,28468,173,,4.480331188301452e-06,4.480331188301452e-06,4.480331188301452e-06,4.480331188301452e-06,0.002116679283288201,0.002116679283288201,0.0,0.0,0.05391984198943044,0.44508670520231214,0.44508670520231214,0.0,3.220717488344784e-07,3.220717488344784e-07,0.01459763434121886
2023-08-09,2021-09-17,2.6864997763005557e-06,2.6864997763005557e-06,0.0038932146829810895,2023-08-04,250,28492,74,,1.400322641898834e-06,1.400322641898834e-06,1.400322641898834e-06,1.400322641898834e-06,0.0011833522898523643,0.0011833522898523643,0.0,0.0,0.05420405401351213,0.5540540540540541,0.5540540540540541,0.0,1.8183904088667708e-07,1.8183904088667708e-07,0.01453452701949861
2023-08-11,2021-09-20,2.4951196805251895e-06,2.4951196805251895e-06,0.003933247176490418,2023-08-07,250,28561,131,,1.6276348130196754e-06,1.6276348130196754e-06,1.6276348130196754e-06,1.6276348130196754e-06,0.0012757879185114097,0.0012757879185114097,0.0,0.0,0.053919841989430436,0.366412213740458,0.366412213740458,0.0,9.998497115354207e-07,9.998497115354207e-07,0.014627097396335586
2023-08-14,2021-09-22,2.0954419953721467e-06,2.0954419953721467e-06,0.0052871365093649795,2023-08-09,250,28526,170,,1.2189598230060372e-06,1.2189598230060372e-06,1.2189598230060372e-06,1.2189598230060372e-06,0.0011040651353095238,0.0011040651353095238,0.0,0.0,0.05391984198943044,0.6176470588235294,0.6176470588235294,0.0,5.431912821819311e-08,5.431912821819311e-08,0.014635631100639519
2023-08-18,2021-09-24,2.3220165870332444e-06,2.3220165870332444e-06,0.005402298850574715,2023-08-11,250,28596,190,,1.915142572757122e-06,1.915142572757122e-06,1.915142572757122e-06,1.915142572757122e-06,0.001383886762982117,0.001383886762982117,0.0,0.0,0.05410932564703195,0.4631578947368421,0.4631578947368421,0.0,1.3676207510769085e-06,1.3676207510769085e-06,0.014949618373100462
2023-08-21,2021-09-27,1.5536870522944688e-06,1.5536870522944688e-06,0.005387128202189236,2023-08-14,250,28656,215,,8.397684560460157e-07,8.397684560460157e-07,8.397684560460157e-07,8.397684560460157e-07,0.0009163888127023461,0.0009163888127023461,0.0,0.0,0.054014588306238245,0.5209302325581395,0.5209302325581395,0.0,1.0564461650751183e-07,1.0564461650751183e-07,0.01494242611683849
2023-08-23,2021-09-29,9.895673509849367e-06,9.895673509849367e-06,0.00530384246459403,2023-08-18,250,28746,76,,5.462729234449658e-06,5.462729234449658e-06,5.462729234449658e-06,5.462729234449658e-06,0.0023372482184076337,0.0023372482184076337,0.0,0.0,0.05420405401351213,0.3026315789473684,0.3026315789473684,0.0,1.0297849590499479e-06,1.0297849590499479e-06,0.014886155426223893
2023-08-25,2021-10-01,3.3952288723212286e-06,3.3952288723212286e-06,0.0053294024265789774,2023-08-21,250,28905,172,,2.17038129049072e-06,2.17038129049072e-06,2.17038129049072e-06,2.17038129049072e-06,0.0014732213990065173,0.0014732213990065173,0.0,0.0,0.05429877340737881,0.5232558139534884,0.5232558139534884,0.0,6.232053976521826e-07,6.232053976521826e-07,0.014929087413307696
2023-08-28,2021-10-04,2.4536611503544733e-06,2.4536611503544733e-06,0.005262863221544145,2023-08-23,250,28873,168,,1.4833886882492658e-06,1.4833886882492658e-06,1.4833886882492658e-06,1.4833886882492658e-06,0.0012179444520376394,0.0012179444520376394,0.0,0.0,0.05458287777029171,0.5833333333333334,0.5833333333333334,0.0,1.5780518368299597e-07,1.5780518368299597e-07,0.014824576675682438
2023-08-30,2021-10-06,1.0336382286276032e-05,1.0336382286276032e-05,0.005105366065609384,2023-08-25,250,28944,75,,6.098964977632641e-06,6.098964977632641e-06,6.098964977632641e-06,6.098964977632641e-06,0.0024696082640031478,0.0024696082640031478,0.0,0.0,0.05410932564703195,0.29333333333333333,0.29333333333333333,0.0,1.7470228768637508e-06,1.7470228768637508e-06,0.014521259684744854
2023-09-01,2021-10-08,3.3576567713404908e-06,3.3576567713404908e-06,0.005003459839250545,2023-08-28,250,29056,166,,2.596168684809641e-06,2.596168684809641e-06,2.596168684809641e-06,2.596168684809641e-06,0.0016112630712610653,0.0016112630712610653,0.0,0.0,0.05410932564703194,0.27710843373493976,0.27710843373493976,0.0,1.2151648668638625e-06,1.2151648668638625e-06,0.014482888864216718
2023-09-06,2021-10-11,5.033896450855409e-06,5.033896450855409e-06,0.004955192409066947,2023-08-30,250,29076,71,,3.95742852083328e-06,3.95742852083328e-06,3.95742852083328e-06,3.95742852083328e-06,0.001989328660838445,0.001989328660838445,0.0,0.0,0.05401458830623826,0.22535211267605634,0.22535211267605634,0.0,2.7178593892926463e-06,2.7178593892926463e-06,0.014518673760128217
2023-09-08,2021-10-15,1.7398077500168998e-06,1.7398077500168998e-06,0.005293985131786436,2023-09-01,250,29142,94,,1.3490691328756986e-06,1.3490691328756986e-06,1.3490691328756986e-06,1.3490691328756986e-06,0.001161494353355064,0.001161494353355064,0.0,0.0,0.05382508669490745,0.5106382978723404,0.5106382978723404,0.0,2.7063054956598267e-07,2.7063054956598267e-07,0.014661951219512194
2023-09-11,2021-10-18,1.4445981922604613e-06,1.4445981922604613e-06,0.0052755640363677195,2023-09-06,250,29095,153,,1.0819738876141806e-06,1.0819738876141806e-06,1.0819738876141806e-06,1.0819738876141806e-06,0.0010401797381290314,0.0010401797381290314,0.0,0.0,0.054014588306238245,0.42483660130718953,0.42483660130718953,0.0,3.9777708639478334e-07,3.9777708639478334e-07,0.014639901687915251
2023-09-15,2021-10-20,2.1993187608907235e-06,2.1993187608907235e-06,0.005348810743143281,2023-09-08,250,29062,170,,2.1013054150517283e-06,2.1013054150517283e-06,2.1013054150517283e-06,2.1013054150517283e-06,0.001449588015627795,0.001449588015627795,0.0,0.0,0.054014588306238245,0.37058823529411766,0.37058823529411766,0.0,1.9506281818962575e-06,1.9506281818962575e-06,0.014482567279509723
2023-09-18,2021-10-22,2.9606947822181442e-06,2.9606947822181442e-06,0.005371121650191418,2023-09-11,250,29153,177,,1.7215061540249231e-06,1.7215061540249231e-06,1.7215061540249231e-06,1.7215061540249231e-06,0.0013120617950481308,0.0013120617950481308,0.0,0.0,0.054109325647031956,0.3954802259887006,0.3954802259887006,0.0,1.1217027325450576e-07,1.1217027325450576e-07,0.014681056453977485
2023-09-20,2021-10-25,2.411885226155631e-06,2.411885226155631e-06,0.005249343832020997,2023-09-15,250,29191,81,,2.328213710973782e-06,2.328213710973782e-06,2.328213710973782e-06,2.328213710973782e-06,0.0015258485216343666,0.0015258485216343666,0.0,0.0,0.05391984198943044,0.1111111111111111,0.1111111111111111,0.0,2.254271441743311e-06,2.254271441743311e-06,0.014702943235978407
2023-09-22,2021-10-27,9.379981792291593e-07,9.379981792291593e-07,0.0054044730638762705,2023-09-18,250,29236,191,,7.611673427037057e-07,7.611673427037057e-07,7.611673427037057e-07,7.611673427037057e-07,0.0008724490487723083,0.0008724490487723083,0.0,0.0,0.05420405401351213,0.5078534031413613,0.5078534031413613,0.0,5.158145570246386e-07,5.158145570246386e-07,0.015088759591089271
2023-09-25,2021-10-29,8.983558116409369e-07,8.983558116409369e-07,0.005377882029864411,2023-09-20,250,29252,193,,5.605723856973785e-07,5.605723856973785e-07,5.605723856973785e-07,5.605723856973785e-07,0.0007487138209605714,0.0007487138209605714,0.0,0.0,0.054109325647031956,0.5129533678756477,0.5129533678756477,0.0,1.0332896765183002e-07,1.0332896765183002e-07,0.015122763812090517
2023-09-27,2021-11-01,3.527392184407206e-06,3.527392184407206e-06,0.005466387531984185,2023-09-22,250,29328,82,,1.8642562086848668e-06,1.8642562086848668e-06,1.8642562086848668e-06,1.8642562086848668e-06,0.0013653776798691513,0.0013653776798691513,0.0,0.0,0.05429877340737882,0.43902439024390244,0.43902439024390244,0.0,4.2791150237921037e-07,4.2791150237921037e-07,0.01528397670705363
2023-09-29,2021-11-03,4.648205802423059e-06,4.648205802423059e-06,0.0055070595816978166,2023-09-25,250,29444,173,,2.5026826069125653e-06,2.5026826069125653e-06,2.5026826069125653e-06,2.5026826069125653e-06,0.0015819869174277534,0.0015819869174277534,0.0,0.0,0.05410932564703195,0.5722543352601156,0.5722543352601156,0.0,6.579206386360925e-08,6.579206386360925e-08,0.015189816111266689
2023-10-02,2021-11-05,2.538424019412763e-06,2.538424019412763e-06,0.005490333508556744,2023-09-27,250,29463,217,,1.2692261618705622e-06,1.2692261618705622e-06,1.2692261618705622e-06,1.2692261618705622e-06,0.0011265993794914687,0.0011265993794914687,0.0,0.0,0.054014588306238245,0.4147465437788018,0.4147465437788018,0.0,1.0111485935384594e-07,1.0111485935384594e-07,0.015226770843080382
2023-10-04,2021-11-08,8.161506697964709e-07,8.161506697964709e-07,0.0054524361948955925,2023-09-29,250,29559,81,,7.43421009842576e-07,7.43421009842576e-07,7.43421009842576e-07,7.43421009842576e-07,0.000862218655471207,0.000862218655471207,0.0,0.0,0.05467756129069573,0.3950617283950617,0.3950617283950617,0.0,6.822619776086192e-07,6.822619776086192e-07,0.015439502834507462
2023-10-06,2021-11-10,2.5667975603275554e-06,2.5667975603275554e-06,0.005374192441827226,2023-10-02,250,29677,102,,2.0334340147761856e-06,2.0334340147761856e-06,2.0334340147761856e-06,2.0334340147761856e-06,0.0014259852785972883,0.0014259852785972883,0.0,0.0,0.054582877770291714,0.35294117647058826,0.35294117647058826,0.0,1.1351375170054583e-06,1.1351375170054583e-06,0.01533366313309777
2023-10-09,2021-11-12,6.996894053080097e-07,6.996894053080097e-07,0.005296073018198209,2023-10-04,250,29698,174,,4.512087851677664e-07,4.512087851677664e-07,4.512087851677664e-07,4.512087851677664e-07,0.0006717207642821281,0.0006717207642821281,0.0,0.0,0.05477223584697943,0.5172413793103449,0.5172413793103449,0.0,1.5240297613835964e-07,1.5240297613835964e-07,0.0151537458676724
2023-10-13,2021-11-15,1.1382810881208947e-06,1.1382810881208947e-06,0.00520170438824636,2023-10-06,250,29723,105,,2.768948629414761e-06,2.768948629414761e-06,2.768948629414761e-06,2.768948629414761e-06,0.001664015814051886,0.001664015814051886,0.0,0.0,0.05477223584697944,0.26666666666666666,0.26666666666666666,0.0,5.765851137738626e-06,5.765851137738626e-06,0.015009777244846192
2023-10-16,2021-11-19,5.174653805184476e-07,5.174653805184476e-07,0.005255800950517193,2023-10-09,250,29797,108,,1.0165001927732157e-06,1.0165001927732157e-06,1.0165001927732157e-06,1.0165001927732157e-06,0.0010082163422466509,0.0010082163422466509,0.0,0.0,0.05467756129069573,0.42592592592592593,0.42592592592592593,0.0,1.9357748469267364e-06,1.9357748469267364e-06,0.015084913093858633
2023-10-18,2021-11-22,9.478867196613701e-07,9.478867196613701e-07,0.0053062376517075925,2023-10-13,250,29789,82,,7.87349996828875e-07,7.87349996828875e-07,7.87349996828875e-07,7.87349996828875e-07,0.0008873274462276454,0.0008873274462276454,0.0,0.0,0.054677561290695724,0.5121951219512195,0.5121951219512195,0.0,6.417469226319607e-07,6.417469226319607e-07,0.014928535388284944
2023-10-20,2021-11-24,6.519256424200778e-07,6.519256424200778e-07,0.0053573464037387445,2023-10-16,250,29770,198,,2.5213017272512273e-06,2.5213017272512273e-06,2.5213017272512273e-06,2.5213017272512273e-06,0.0015878607392498963,0.0015878607392498963,0.0,0.0,0.054488185284069734,0.3383838383838384,0.3383838383838384,0.0,5.0583121280935026e-06,5.0583121280935026e-06,0.015264263771310656
2023-10-23,2021-11-26,3.591499548551866e-07,3.591499548551866e-07,0.0054372975474317456,2023-10-18,250,29780,195,,1.7401218127885756e-06,1.7401218127885756e-06,1.7401218127885756e-06,1.7401218127885756e-06,0.0013191367680375585,0.0013191367680375585,0.0,0.0,0.05429877340737881,0.3282051282051282,0.3282051282051282,0.0,3.64316839750166e-06,3.64316839750166e-06,0.015454165578480025
2023-10-25,2021-11-29,1.188498922351277e-06,1.188498922351277e-06,0.005419741697416973,2023-10-20,250,29896,80,,1.5029646582179888e-06,1.5029646582179888e-06,1.5029646582179888e-06,1.5029646582179888e-06,0.0012259545906019476,0.0012259545906019476,0.0,0.0,0.054298773407378806,0.575,0.575,0.0,1.7475491194476533e-06,1.7475491194476533e-06,0.015365153553808748
2023-10-27,2021-12-01,1.1323081882679883e-06,1.1323081882679883e-06,0.005632452513631733,2023-10-23,250,29982,192,,1.813477763554099e-06,1.813477763554099e-06,1.813477763554099e-06,1.813477763554099e-06,0.0013466542850910546,0.0013466542850910546,0.0,0.0,0.054393483830331636,0.2708333333333333,0.2708333333333333,0.0,2.6530588679765147e-06,2.6530588679765147e-06,0.015777820870197547
2023-10-30,2021-12-03,7.016446466684856e-07,7.016446466684856e-07,0.005587920580192606,2023-10-25,250,29990,143,,5.462575697486087e-07,5.462575697486087e-07,5.462575697486087e-07,5.462575697486087e-07,0.0007390923959483068,0.0007390923959483068,0.0,0.0,0.054393483830331636,0.4965034965034965,0.4965034965034965,0.0,1.4613584667992547e-07,1.4613584667992547e-07,0.015849663971948962
2023-11-03,2021-12-08,,,,2023-10-27,250,30045,40,,1.8930562276174683e-05,1.8930562276174683e-05,1.8930562276174683e-05,1.8930562276174683e-05,0.0043509265997227166,0.0043509265997227166,0.0,0.0,0.05391984198943043,0.15,0.15,0.0,1.8930562276174683e-05,1.8930562276174683e-05,0.015110827374872318
2023-11-06,2021-12-10,1.1132315872993305e-06,1.1132315872993305e-06,0.004019247098782905,2023-10-30,250,30121,165,,9.748043548731706e-07,9.748043548731706e-07,9.748043548731706e-07,9.748043548731706e-07,0.0009873218091752914,0.0009873218091752914,0.0,0.0,0.053825086694907466,0.40606060606060607,0.40606060606060607,0.0,8.204047494747611e-07,8.204047494747611e-07,0.014974211507051005
2023-11-08,2021-12-13,3.5093567604645227e-06,3.5093567604645227e-06,0.0039049609503904966,2023-11-03,250,30090,35,,3.5093567604645227e-06,3.5093567604645227e-06,3.5093567604645227e-06,3.5093567604645227e-06,0.0018733277237217526,0.0018733277237217526,0.0,0.0,0.054014588306238245,0.5714285714285714,0.5714285714285714,0.0,,,
2023-11-09,2021-12-17,1.5901817447546571e-06,1.5901817447546571e-06,0.0038821149324730704,2023-11-06,250,30156,85,,8.520726952330555e-07,8.520726952330555e-07,8.520726952330555e-07,8.520726952330555e-07,0.0009230778381225797,0.0009230778381225797,0.0,0.0,0.05391984198943045,0.7058823529411765,0.7058823529411765,0.0,5.995566647816561e-08,5.995566647816561e-08,0.014886540880503146
2023-11-10,2021-12-20,4.386551850857925e-06,4.386551850857925e-06,0.003892330464338577,2023-11-08,250,30083,152,,2.638670580694992e-06,2.638670580694992e-06,2.638670580694992e-06,2.638670580694992e-06,0.001624398528900772,0.001624398528900772,0.0,0.0,0.053919841989430436,0.5,0.5,0.0,8.441791433277144e-07,8.441791433277144e-07,0.015003549695740363
2023-11-13,2021-12-22,9.636616531591568e-07,9.636616531591568e-07,0.005096566523605149,2023-11-09,250,30046,173,,5.993675987707048e-07,5.993675987707048e-07,5.993675987707048e-07,5.993675987707048e-07,0.0007741883483821652,0.0007741883483821652,0.0,0.0,0.053825086694907466,0.49710982658959535,0.49710982658959535,0.0,1.2335670103646123e-07,1.2335670103646123e-07,0.01477301922334945
2023-11-17,2021-12-27,1.2278716441930266e-07,1.2278716441930266e-07,0.005007643244952823,2023-11-10,250,30132,160,,8.551024793616785e-08,8.551024793616785e-08,8.551024793616785e-08,8.551024793616785e-08,0.0002924213534203134,0.0002924213534203134,0.0,0.0,0.053635549165909416,0.60625,0.60625,0.0,3.241888203594555e-08,3.241888203594555e-08,0.014457366235035426
2023-11-20,2021-12-29,4.5132737040769257e-07,4.5132737040769257e-07,0.005008171226738362,2023-11-13,250,30188,188,,2.748219943214397e-07,2.748219943214397e-07,2.748219943214397e-07,2.748219943214397e-07,0.0005242346748560607,0.0005242346748560607,0.0,0.0,0.05354076692802981,0.5851063829787234,0.5851063829787234,0.0,6.093900918162739e-08,6.093900918162739e-08,0.014439406375474173
2023-11-21,2021-12-31,5.285029864359607e-07,5.285029864359607e-07,0.0049621311047270845,2023-11-17,250,30287,71,,4.4277088270725145e-07,4.4277088270725145e-07,4.4277088270725145e-07,4.4277088270725145e-07,0.0006654103115426237,0.0006654103115426237,0.0,0.0,0.053919841989430416,0.5070422535211268,0.5070422535211268,0.0,3.494741815907149e-07,3.494741815907149e-07,0.014329106678994409
2023-11-22,2022-01-03,1.1979159381226764e-07,1.1979159381226764e-07,0.0049832144355853964,2023-11-20,250,30379,176,,3.0022187281881895e-07,3.0022187281881895e-07,3.0022187281881895e-07,3.0022187281881895e-07,0.0005479250613166174,0.0005479250613166174,0.0,0.0,0.05382508669490748,0.5738636363636364,0.5738636363636364,0.0,5.376301346695443e-07,5.376301346695443e-07,0.014360403291636327
2023-11-24,2022-01-05,1.5978630229785362e-06,1.5978630229785362e-06,0.004965762375202551,2023-11-21,250,30355,157,,1.0070436706721241e-06,1.0070436706721241e-06,1.0070436706721241e-06,1.0070436706721241e-06,0.0010035156554195476,0.0010035156554195476,0.0,0.0,0.05391984198943044,0.6942675159235668,0.6942675159235668,0.0,1.7080704894612573e-07,1.7080704894612573e-07,0.014305173398971473
2023-11-27,2022-01-07,6.028343514958973e-07,6.028343514958973e-07,0.005000789598357635,2023-11-22,250,30482,156,,4.291984799496951e-07,4.291984799496951e-07,4.291984799496951e-07,4.291984799496951e-07,0.0006551324140581773,0.0006551324140581773,0.0,0.0,0.05391984198943044,0.5833333333333334,0.5833333333333334,0.0,1.7959691460202943e-07,1.7959691460202943e-07,0.014296376015813751
2023-11-29,2022-01-10,1.4935654761760362e-07,1.4935654761760362e-07,0.004989495798319329,2023-11-24,250,30594,76,,3.6393816488414604e-07,3.6393816488414604e-07,3.6393816488414604e-07,3.6393816488414604e-07,0.0006032728776301368,0.0006032728776301368,0.0,0.0,0.0532563663004315,0.5394736842105263,0.5394736842105263,0.0,5.901187884894203e-07,5.901187884894203e-07,0.014308003429098983
2023-12-01,2022-01-14,3.2168530064933314e-07,3.2168530064933314e-07,0.005001316135825217,2023-11-27,250,30655,127,,3.9718750057852626e-07,3.9718750057852626e-07,3.9718750057852626e-07,3.9718750057852626e-07,0.0006302281337567582,0.0006302281337567582,0.0,0.0,0.05306672093669221,0.5984251968503937,0.5984251968503937,0.0,7.385887524322692e-07,7.385887524322692e-07,0.014261919368974585
2023-12-04,2022-01-21,5.594139672037567e-07,5.594139672037567e-07,0.004967580004183225,2023-11-29,250,30681,177,,1.0466674297831802e-06,1.0466674297831802e-06,1.0466674297831802e-06,1.0466674297831802e-06,0.0010230676565033128,0.0010230676565033128,0.0,0.0,0.0528770396007669,0.4519774011299435,0.4519774011299435,0.0,1.6794641344317823e-06,1.6794641344317823e-06,0.014178043999128734
2023-12-06,2022-01-24,1.4449303852784406e-06,1.4449303852784406e-06,0.004911591355599214,2023-12-01,250,30684,67,,8.272834792559663e-07,8.272834792559663e-07,8.272834792559663e-07,8.272834792559663e-07,0.0009095512515828705,0.0009095512515828705,0.0,0.0,0.05306672093669224,0.29850746268656714,0.29850746268656714,0.0,1.517321757938848e-07,1.517321757938848e-07,0.014255672360928603
2023-12-08,2022-01-26,5.395236838160934e-07,5.395236838160934e-07,0.004890101405260719,2023-12-04,250,30758,118,,5.030287990961312e-07,5.030287990961312e-07,5.030287990961312e-07,5.030287990961312e-07,0.0007092452319868856,0.0007092452319868856,0.0,0.0,0.05297188476610573,0.5084745762711864,0.5084745762711864,0.0,4.5827092160938514e-07,4.5827092160938514e-07,0.014204962573380183
2023-12-11,2022-01-28,1.0726420565086232e-06,1.0726420565086232e-06,0.0048541208931582435,2023-12-06,250,30751,159,,7.30870838302881e-07,7.30870838302881e-07,7.30870838302881e-07,7.30870838302881e-07,0.0008549098422072827,0.0008549098422072827,0.0,0.0,0.05297188476610573,0.6289308176100629,0.6289308176100629,0.0,2.366170765899622e-07,2.366170765899622e-07,0.014144154715341155
2023-12-13,2022-01-31,,,,2023-12-08,250,30792,28,,3.183525026573503e-06,3.183525026573503e-06,3.183525026573503e-06,3.183525026573503e-06,0.001784243544635514,0.001784243544635514,0.0,0.0,0.05316154811423237,0.21428571428571427,0.21428571428571427,0.0,3.183525026573503e-06,3.183525026573503e-06,0.014025296272355098
2023-12-15,2022-02-02,2.875401478173127e-06,2.875401478173127e-06,0.004795315733683306,2023-12-11,250,30852,98,,3.67683932037703e-06,3.67683932037703e-06,3.67683932037703e-06,3.67683932037703e-06,0.001917508623286224,0.001917508623286224,0.0,0.0,0.05287703960076691,0.6428571428571429,0.6428571428571429,0.0,6.802446904972255e-06,6.802446904972255e-06,0.013790258680960153
2023-12-18,2022-02-04,1.0836032294038732e-06,1.0836032294038732e-06,0.004808422331325606,2023-12-13,250,30811,176,,7.960737464973757e-07,7.960737464973757e-07,7.960737464973757e-07,7.960737464973757e-07,0.0008922296489678964,0.0008922296489678964,0.0,0.0,0.05297188476610571,0.4943181818181818,0.4943181818181818,0.0,5.564658440752943e-07,5.564658440752943e-07,0.014134645132422817
2023-12-20,2022-02-07,6.184316857990245e-07,6.184316857990245e-07,0.00482380420432619,2023-12-15,250,30825,82,,9.596127063884377e-07,9.596127063884377e-07,9.596127063884377e-07,9.596127063884377e-07,0.0009795982372322021,0.0009795982372322021,0.0,0.0,0.0528770396007669,0.3902439024390244,0.3902439024390244,0.0,1.3178527780073215e-06,1.3178527780073215e-06,0.013970628001010867
2023-12-22,2022-02-09,1.3662075015259881e-06,1.3662075015259881e-06,0.004879802753236079,2023-12-18,250,30892,189,,1.3002508534862685e-06,1.3002508534862685e-06,1.3002508534862685e-06,1.3002508534862685e-06,0.0011402854263237202,0.0011402854263237202,0.0,0.0,0.05278218543896946,0.37566137566137564,0.37566137566137564,0.0,1.2063894697374366e-06,1.2063894697374366e-06,0.014033875608208164
2023-12-27,2022-02-11,1.2902430251436305e-07,1.2902430251436305e-07,0.00492100492100492,2023-12-20,250,30938,82,,7.816100940947207e-07,7.816100940947207e-07,7.816100940947207e-07,7.816100940947207e-07,0.0008840871529972148,0.0008840871529972148,0.0,0.0,0.05306672093669223,0.3170731707317073,0.3170731707317073,0.0,1.4668251752540966e-06,1.4668251752540966e-06,0.013946836959949544
2023-12-29,2022-02-14,5.923777902758334e-07,5.923777902758334e-07,0.004907531769810931,2023-12-22,250,31064,138,,6.873213329230167e-07,6.873213329230167e-07,6.873213329230167e-07,6.873213329230167e-07,0.0008290484502868435,0.0008290484502868435,0.0,0.0,0.05306672093669224,0.5942028985507246,0.5942028985507246,0.0,1.0150296898020045e-06,1.0150296898020045e-06,0.013916408986972665
2024-01-03,2022-02-16,4.561869766309663e-06,4.561869766309663e-06,0.005117431588019824,2023-12-27,250,31042,76,,2.5775958040896895e-06,2.5775958040896895e-06,2.5775958040896895e-06,2.5775958040896895e-06,0.0016054892724928715,0.0016054892724928715,0.0,0.0,0.053161548114232356,0.42105263157894735,0.42105263157894735,0.0,6.9507948095792e-07,6.9507948095792e-07,0.014035360203110124
2024-01-05,2022-02-23,2.2323550380823974e-06,2.2323550380823974e-06,0.005222362706833052,2023-12-29,250,31109,99,,1.4521078933469404e-06,1.4521078933469404e-06,1.4521078933469404e-06,1.4521078933469404e-06,0.0012050343950887627,0.0012050343950887627,0.0,0.0,0.05335117549699458,0.5757575757575758,0.5757575757575758,0.0,1.9960589785054842e-07,1.9960589785054842e-07,0.014196655110426299
2024-01-08,2022-02-25,1.8353273387190525e-06,1.8353273387190525e-06,0.005243404349265921,2024-01-03,250,31122,121,,1.4154188428931168e-06,1.4154188428931168e-06,1.4154188428931168e-06,1.4154188428931168e-06,0.0011897137651103802,0.0011897137651103802,0.0,0.0,0.0532563663004315,0.4462809917355372,0.4462809917355372,0.0,4.239682277485458e-07,4.239682277485458e-07,0.014177237561976407
2024-01-10,2022-02-28,,,,2024-01-05,250,31107,69,,2.3250880932068384e-07,2.3250880932068384e-07,2.3250880932068384e-07,2.3250880932068384e-07,0.00048219167280313317,0.00048219167280313317,0.0,0.0,0.0532563663004315,0.057971014492753624,0.057971014492753624,0.0,2.3250880932068384e-07,2.3250880932068384e-07,0.013998930108888323
2024-01-12,2022-03-02,3.514928999010427e-06,3.514928999010427e-06,0.00511881028072633,2024-01-08,250,31119,88,,2.5474890429799972e-06,2.5474890429799972e-06,2.5474890429799972e-06,2.5474890429799972e-06,0.0015960855374885135,0.0015960855374885135,0.0,0.0,0.053161548114232356,0.5113636363636364,0.5113636363636364,0.0,5.792491324353308e-07,5.792491324353308e-07,0.013926341975438229
2024-01-17,2022-03-04,,,,2024-01-10,250,31113,42,,9.63706964898167e-07,9.63706964898167e-07,9.63706964898167e-07,9.63706964898167e-07,0.0009816857770682873,0.0009816857770682873,0.0,0.0,0.05306672093669224,0.0,0.0,0.0,9.63706964898167e-07,9.63706964898167e-07,0.013967980544501294
2024-01-19,2022-03-07,6.641520631828085e-06,6.641520631828085e-06,0.005036314478078777,2024-01-12,250,31145,179,,5.521862944861748e-06,5.521862944861748e-06,5.521862944861748e-06,5.521862944861748e-06,0.0023498644524443846,0.0023498644524443846,0.0,0.0,0.05306672093669224,0.21787709497206703,0.21787709497206703,0.0,4.038680034854394e-06,4.038680034854394e-06,0.01392225020462129
2024-01-22,2022-03-09,1.0890364609213527e-06,1.0890364609213527e-06,0.004959281687199834,2024-01-17,250,31072,192,,6.938531006602982e-07,6.938531006602982e-07,6.938531006602982e-07,6.938531006602982e-07,0.0008329784514981755,0.0008329784514981755,0.0,0.0,0.053066720936692235,0.4739583333333333,0.4739583333333333,0.0,9.067849815658403e-08,9.067849815658403e-08,0.013750830172252964
2024-01-24,2022-03-11,3.451706812237053e-07,3.451706812237053e-07,0.0048673019776616444,2024-01-19,250,31184,85,,4.085007834073704e-07,4.085007834073704e-07,4.085007834073704e-07,4.085007834073704e-07,0.0006391406601111921,0.0006391406601111921,0.0,0.0,0.05306672093669222,0.3764705882352941,0.3764705882352941,0.0,4.703580925169967e-07,4.703580925169967e-07,0.013681914367033783
2024-01-26,2022-03-14,9.534758092442427e-07,9.534758092442427e-07,0.0048926198691867945,2024-01-22,250,31321,137,,8.561276083481876e-07,8.561276083481876e-07,8.561276083481876e-07,8.561276083481876e-07,0.0009252716403025588,0.0009252716403025588,0.0,0.0,0.05297188476610572,0.4306569343065693,0.4306569343065693,0.0,5.493332782515297e-07,5.493332782515297e-07,0.013593043460443006
2024-01-29,2022-03-18,1.241519715366186e-06,1.241519715366186e-06,0.0049371167238332824,2024-01-24,250,31279,162,,8.734781935738128e-07,8.734781935738128e-07,8.734781935738128e-07,8.734781935738128e-07,0.0009346005529496614,0.0009346005529496614,0.0,0.0,0.05297188476610572,0.42592592592592593,0.42592592592592593,0.0,1.9550696921944135e-07,1.9550696921944135e-07,0.013610334215547484
2024-01-31,2022-03-21,3.003035503836946e-06,3.003035503836946e-06,0.005052116570942351,2024-01-26,250,31302,110,,1.445628855907192e-06,1.445628855907192e-06,1.445628855907192e-06,1.445628855907192e-06,0.0012023430691392503,0.0012023430691392503,0.0,0.0,0.05278218543896946,0.2545454545454545,0.2545454545454545,0.0,6.236642361664882e-07,6.236642361664882e-07,0.01351384831632341
2024-02-02,2022-03-23,1.0532449985766849e-05,1.0532449985766849e-05,0.005084020122016483,2024-01-29,250,31322,94,,7.06194315313841e-06,7.06194315313841e-06,7.06194315313841e-06,7.06194315313841e-06,0.002657431683625829,0.002657431683625829,0.0,0.0,0.05278218543896947,0.3191489361702128,0.3191489361702128,0.0,1.715486681251353e-06,1.715486681251353e-06,0.013560533524121014
2024-02-05,2022-03-25,3.476460565161078e-07,3.476460565161078e-07,0.005111649179445788,2024-01-31,250,31358,182,,2.429585313998903e-07,2.429585313998903e-07,2.429585313998903e-07,2.429585313998903e-07,0.0004929082383161092,0.0004929082383161092,0.0,0.0,0.0528770396007669,0.45054945054945056,0.45054945054945056,0.0,1.5322636701456103e-07,1.5322636701456103e-07,0.013419263679579246
2024-02-07,2022-03-28,6.665861844024791e-07,6.665861844024791e-07,0.005018489170628632,2024-02-02,250,31355,72,,5.361607728351911e-07,5.361607728351911e-07,5.361607728351911e-07,5.361607728351911e-07,0.0007322299999557455,0.0007322299999557455,0.0,0.0,0.05297188476610572,0.4027777777777778,0.4027777777777778,0.0,4.127853835147835e-07,4.127853835147835e-07,0.013429314952022353
2024-02-09,2022-03-30,2.4610583571371875e-07,2.4610583571371875e-07,0.005044604927782497,2024-02-05,250,31410,123,,1.7554928812814777e-07,1.7554928812814777e-07,1.7554928812814777e-07,1.7554928812814777e-07,0.00041898602378617327,0.00041898602378617327,0.0,0.0,0.05297188476610572,0.4796747967479675,0.4796747967479675,0.0,1.2033112045248352e-07,1.2033112045248352e-07,0.013312355514528817
2024-02-12,2022-04-01,6.604271713164103e-07,6.604271713164103e-07,0.0050833995234312946,2024-02-07,250,31413,129,,5.670847406002963e-07,5.670847406002963e-07,5.670847406002963e-07,5.670847406002963e-07,0.00075305029088388,0.00075305029088388,0.0,0.0,0.05297188476610571,0.3798449612403101,0.3798449612403101,0.0,4.69297432231034e-07,4.69297432231034e-07,0.013235859936153237
2024-02-14,2022-04-04,2.7108388970537213e-06,2.7108388970537213e-06,0.005188067444876784,2024-02-09,250,31425,37,,2.7108388970537213e-06,2.7108388970537213e-06,2.7108388970537213e-06,2.7108388970537213e-06,0.001646462540434407,0.001646462540434407,0.0,0.0,0.05306672093669223,0.40540540540540543,0.40540540540540543,0.0,,,
2024-02-16,2022-04-06,6.967374353963004e-07,6.967374353963004e-07,0.005221364081366257,2024-02-12,250,31443,180,,1.018232425638462e-06,1.018232425638462e-06,1.018232425638462e-06,1.018232425638462e-06,0.0010090750346919014,0.0010090750346919014,0.0,0.0,0.05287703960076691,0.3333333333333333,0.3333333333333333,0.0,1.4787522765258823e-06,1.4787522765258823e-06,0.013214503695145515
2024-02-21,2022-04-08,2.7020934458426875e-07,2.7020934458426875e-07,0.005287508261731659,2024-02-14,250,31427,73,,2.933545961332288e-07,2.933545961332288e-07,2.933545961332288e-07,2.933545961332288e-07,0.000541622189476418,0.000541622189476418,0.0,0.0,0.05297188476610572,0.2876712328767123,0.2876712328767123,0.0,3.214094464956048e-07,3.214094464956048e-07,0.013354160963040502
2024-02-23,2022-04-11,2.3876124661537885e-06,2.3876124661537885e-06,0.005206920865650594,2024-02-16,250,31553,159,,2.393238995335836e-06,2.393238995335836e-06,2.393238995335836e-06,2.393238995335836e-06,0.001547009694648303,0.001547009694648303,0.0,0.0,0.05306672093669222,0.4276729559748428,0.4276729559748428,0.0,2.4018127540894326e-06,2.4018127540894326e-06,0.013071552709359602
2024-02-26,2022-04-18,9.485222075221681e-07,9.485222075221681e-07,0.005259697567389873,2024-02-21,250,31509,124,,7.137716689396765e-07,7.137716689396765e-07,7.137716689396765e-07,7.137716689396765e-07,0.0008448500866660762,0.0008448500866660762,0.0,0.0,0.05316154811423236,0.46774193548387094,0.46774193548387094,0.0,9.237318445661024e-08,9.237318445661024e-08,0.013062544058284928
2024-02-28,2022-04-20,8.933166719594238e-07,8.933166719594238e-07,0.00525652959535673,2024-02-23,250,31539,91,,1.3079902042104894e-06,1.3079902042104894e-06,1.3079902042104894e-06,1.3079902042104894e-06,0.0011436739938507343,0.0011436739938507343,0.0,0.0,0.05306672093669223,0.17582417582417584,0.17582417582417584,0.0,1.579412879865732e-06,1.579412879865732e-06,0.01308625056713944
2024-03-01,2022-04-22,7.284528948019738e-07,7.284528948019738e-07,0.005311203319502076,2024-02-26,250,31595,154,,1.1381171679941635e-06,1.1381171679941635e-06,1.1381171679941635e-06,1.1381171679941635e-06,0.001066825743968603,0.001066825743968603,0.0,0.0,0.053066720936692235,0.33766233766233766,0.33766233766233766,0.0,2.070757109091276e-06,2.070757109091276e-06,0.01305663084553613
2024-03-04,2022-04-25,1.7053833848225203e-06,1.7053833848225203e-06,0.005343426472225314,2024-02-28,250,31550,126,,1.0532179345922924e-06,1.0532179345922924e-06,1.0532179345922924e-06,1.0532179345922924e-06,0.001026264066696429,0.001026264066696429,0.0,0.0,0.05278218543896945,0.2222222222222222,0.2222222222222222,0.0,1.8366400095198856e-07,1.8366400095198856e-07,0.012935191576484352
2024-03-06,2022-04-27,2.5566802175982582e-06,2.5566802175982582e-06,0.005643075476134495,2024-03-01,250,31545,102,,1.8813135067929581e-06,1.8813135067929581e-06,1.8813135067929581e-06,1.8813135067929581e-06,0.0013716098230885335,0.0013716098230885335,0.0,0.0,0.05325636630043148,0.18627450980392157,0.18627450980392157,0.0,4.039488269063629e-07,4.039488269063629e-07,0.013079800070980717
2024-03-08,2022-05-02,6.920514759609769e-07,6.920514759609769e-07,0.005680473372781064,2024-03-04,250,31600,129,,5.566391362131015e-07,5.566391362131015e-07,5.566391362131015e-07,5.566391362131015e-07,0.0007460825264091778,0.0007460825264091778,0.0,0.0,0.0532563663004315,0.4418604651162791,0.4418604651162791,0.0,4.103064464855586e-07,4.103064464855586e-07,0.012885944328975739
2024-03-11,2022-05-04,1.6689650564171e-06,1.6689650564171e-06,0.005622913371990862,2024-03-06,250,31604,157,,1.2188777164448227e-06,1.2188777164448227e-06,1.2188777164448227e-06,1.2188777164448227e-06,0.001104027950934587,0.001104027950934587,0.0,0.0,0.053161548114232356,0.4012738853503185,0.4012738853503185,0.0,5.818310198686763e-07,5.818310198686763e-07,0.012963755569452045
2024-03-13,2022-05-06,,,,2024-03-08,250,31664,35,,5.840115980839338e-07,5.840115980839338e-07,5.840115980839338e-07,5.840115980839338e-07,0.0007642065153372705,0.0007642065153372705,0.0,0.0,0.05335117549699458,0.22857142857142856,0.22857142857142856,0.0,5.840115980839338e-07,5.840115980839338e-07,0.012836822245442935
2024-03-15,2022-05-09,2.8648080477752886e-06,2.8648080477752886e-06,0.005549132947976877,2024-03-11,250,31740,112,,2.431904003312437e-06,2.431904003312437e-06,2.431904003312437e-06,2.431904003312437e-06,0.0015594563165771708,0.0015594563165771708,0.0,0.0,0.053351175496994564,0.4642857142857143,0.4642857142857143,0.0,9.999906254737738e-07,9.999906254737738e-07,0.012882441013690647
2024-03-18,2022-05-11,2.0198332661601895e-06,2.0198332661601895e-06,0.005561348627042056,2024-03-13,250,31655,139,,1.238452603780882e-06,1.238452603780882e-06,1.238452603780882e-06,1.238452603780882e-06,0.001112857854256725,0.001112857854256725,0.0,0.0,0.05335117549699458,0.2589928057553957,0.2589928057553957,0.0,4.682345222927064e-07,4.682345222927064e-07,0.013185858031108404
2024-03-20,2022-05-13,3.370543869204335e-06,3.370543869204335e-06,0.0054520672421626525,2024-03-15,250,31727,113,,2.972908952691967e-06,2.972908952691967e-06,2.972908952691967e-06,2.972908952691967e-06,0.0017242125601827538,0.0017242125601827538,0.0,0.0,0.053351175496994564,0.19469026548672566,0.19469026548672566,0.0,2.2472252300568953e-06,2.2472252300568953e-06,0.0130355160846212
2024-03-22,2022-05-16,3.1693724719809004e-06,3.1693724719809004e-06,0.005601913987278983,2024-03-18,250,31809,185,,2.2444076341311626e-06,2.2444076341311626e-06,2.2444076341311626e-06,2.2444076341311626e-06,0.0014981347182850956,0.0014981347182850956,0.0,0.0,0.05335117549699457,0.17297297297297298,0.17297297297297298,0.0,8.569603773565549e-07,8.569603773565549e-07,0.012873508234392952
2024-03-25,2022-05-18,2.441622502421177e-07,2.441622502421177e-07,0.0055723241235198515,2024-03-20,250,31859,182,,2.217827509950202e-07,2.217827509950202e-07,2.217827509950202e-07,2.217827509950202e-07,0.0004709381604786558,0.0004709381604786558,0.0,0.0,0.05316154811423236,0.521978021978022,0.521978021978022,0.0,1.8597555219966413e-07,1.8597555219966413e-07,0.012897960514955583
2024-03-27,2022-05-20,8.355242416131524e-07,8.355242416131524e-07,0.0056567085027399685,2024-03-22,250,31969,77,,6.308329991907529e-07,6.308329991907529e-07,6.308329991907529e-07,6.308329991907529e-07,0.0007942499601452637,0.0007942499601452637,0.0,0.0,0.053161548114232356,0.24675324675324675,0.24675324675324675,0.0,4.20755145125659e-07,4.20755145125659e-07,0.012957626105896186
2024-04-01,2022-05-23,1.5417168916258546e-06,1.5417168916258546e-06,0.005598320503848849,2024-03-25,250,32017,100,,1.5417168916258546e-06,1.5417168916258546e-06,1.5417168916258546e-06,1.5417168916258546e-06,0.0012416589272525103,0.0012416589272525103,0.0,0.0,0.05316154811423236,0.38,0.38,0.0,,,
2024-04-03,2022-05-25,1.6674811834112953e-07,1.6674811834112953e-07,0.0056858564321250905,2024-03-27,250,31950,104,,1.6747224562292634e-07,1.6747224562292634e-07,1.6747224562292634e-07,1.6747224562292634e-07,0.0004092337298206568,0.0004092337298206568,0.0,0.0,0.052782185438969446,0.46153846153846156,0.46153846153846156,0.0,1.67855607125054e-07,1.67855607125054e-07,0.012956876879192041
2024-04-05,2022-05-27,1.353939844486807e-07,1.353939844486807e-07,0.0056865300319867305,2024-04-01,250,31976,106,,3.688638871592622e-07,3.688638871592622e-07,3.688638871592622e-07,3.688638871592622e-07,0.000607341656038232,0.000607341656038232,0.0,0.0,0.05268732227900647,0.49056603773584906,0.49056603773584906,0.0,7.699532072005175e-07,7.699532072005175e-07,0.013102590289824002
2024-04-08,2022-06-01,6.296252056721624e-07,6.296252056721624e-07,0.005661044934544167,2024-04-03,250,31964,168,,5.614296813958126e-07,5.614296813958126e-07,5.614296813958126e-07,5.614296813958126e-07,0.0007492861145088788,0.0007492861145088788,0.0,0.0,0.05287703960076691,0.4523809523809524,0.4523809523809524,0.0,4.7050231569401297e-07,4.7050231569401297e-07,0.012967123816137184
2024-04-10,2022-06-03,9.840345933960165e-07,9.840345933960165e-07,0.005658042081687983,2024-04-05,250,32001,63,,2.6203721814036503e-06,2.6203721814036503e-06,2.6203721814036503e-06,2.6203721814036503e-06,0.0016187563687607997,0.0016187563687607997,0.0,0.0,0.05287703960076689,0.38095238095238093,0.38095238095238093,0.0,3.696910068250777e-06,3.696910068250777e-06,0.01294490102441654
2024-04-12,2022-06-06,6.865573988788715e-06,6.865573988788715e-06,0.005484460694698355,2024-04-08,250,32107,129,,3.4204131002679974e-06,3.4204131002679974e-06,3.4204131002679974e-06,3.4204131002679974e-06,0.0018494358870390715,0.0018494358870390715,0.0,0.0,0.05306672093669224,0.24031007751937986,0.24031007751937986,0.0,6.929940635224291e-07,6.929940635224291e-07,0.012977888030888032
2024-04-15,2022-06-08,3.666484225381157e-06,3.666484225381157e-06,0.005437553101104504,2024-04-10,250,32051,170,,2.485150360883429e-06,2.485150360883429e-06,2.485150360883429e-06,2.485150360883429e-06,0.0015764359678982934,0.0015764359678982934,0.0,0.0,0.05306672093669224,0.38823529411764707,0.38823529411764707,0.0,1.124373377727817e-06,1.124373377727817e-06,0.013159530194773417
2024-04-19,2022-06-10,1.1394133249300376e-06,1.1394133249300376e-06,0.005747126436781608,2024-04-12,250,32120,194,,1.1493269687823403e-06,1.1493269687823403e-06,1.1493269687823403e-06,1.1493269687823403e-06,0.0010720666811268507,0.0010720666811268507,0.0,0.0,0.053161548114232356,0.3402061855670103,0.3402061855670103,0.0,1.162867555507437e-06,1.162867555507437e-06,0.013458011691223572
2024-04-22,2022-06-13,4.520992682174856e-07,4.520992682174856e-07,0.0058181818181818196,2024-04-15,250,32232,200,,4.718225368488783e-07,4.718225368488783e-07,4.718225368488783e-07,4.718225368488783e-07,0.0006868933955490315,0.0006868933955490315,0.0,0.0,0.053066720936692235,0.485,0.485,0.0,5.007986969369737e-07,5.007986969369737e-07,0.013576512642378217
2024-04-24,2022-06-17,1.0199313442546066e-06,1.0199313442546066e-06,0.0057519472738166546,2024-04-19,250,32294,79,,1.3495835580621869e-06,1.3495835580621869e-06,1.3495835580621869e-06,1.3495835580621869e-06,0.0011617157819631214,0.0011617157819631214,0.0,0.0,0.05306672093669223,0.5316455696202531,0.5316455696202531,0.0,1.6551148781765295e-06,1.6551148781765295e-06,0.013294860081083753
2024-04-26,2022-06-22,3.8611702507889167e-07,3.8611702507889167e-07,0.005650715168638535,2024-04-22,250,32367,179,,2.6785642945089503e-06,2.6785642945089503e-06,2.6785642945089503e-06,2.6785642945089503e-06,0.0016366319972764038,0.0016366319972764038,0.0,0.0,0.05325636630043149,0.4022346368715084,0.4022346368715084,0.0,6.420647337255076e-06,6.420647337255076e-06,0.013351895767542551
2024-04-29,2022-06-27,2.5655751688958514e-06,2.5655751688958514e-06,0.005670407560543413,2024-04-24,250,32375,182,,1.5647895385863772e-06,1.5647895385863772e-06,1.5647895385863772e-06,1.5647895385863772e-06,0.0012509154801929575,0.0012509154801929575,0.0,0.0,0.05316154811423236,0.3626373626373626,0.3626373626373626,0.0,7.046578922017579e-08,7.046578922017579e-08,0.013226588753787431
2024-05-01,2022-06-29,2.1186890678042654e-06,2.1186890678042654e-06,0.005636118123642341,2024-04-26,250,32437,40,,2.1186890678042654e-06,2.1186890678042654e-06,2.1186890678042654e-06,2.1186890678042654e-06,0.001455571732277137,0.001455571732277137,0.0,0.0,0.05316154811423236,0.375,0.375,0.0,,,
2024-05-03,2022-07-01,6.217238220278152e-05,6.217238220278152e-05,0.0055481708374270355,2024-04-29,250,32546,147,,3.379328022896019e-05,3.379328022896019e-05,3.379328022896019e-05,3.379328022896019e-05,0.00581319879489427,0.00581319879489427,0.0,0.0,0.053161548114232356,0.10204081632653061,0.10204081632653061,0.0,1.7125562585534628e-06,1.7125562585534628e-06,0.01331118151396947
2024-05-06,2022-07-06,8.708635095925535e-07,8.708635095925535e-07,0.005235031082997056,2024-05-01,250,32449,160,,6.209648225615376e-07,6.209648225615376e-07,6.209648225615376e-07,6.209648225615376e-07,0.0007880132121744772,0.0007880132121744772,0.0,0.0,0.053066720936692235,0.3,0.3,0.0,2.9138829328874873e-07,2.9138829328874873e-07,0.013148205519372567
2024-05-08,2022-07-08,4.800313543287694e-07,4.800313543287694e-07,0.00526315789473684,2024-05-03,250,32529,77,,2.980791847455368e-07,2.980791847455368e-07,2.980791847455368e-07,2.980791847455368e-07,0.0005459662853560985,0.0005459662853560985,0.0,0.0,0.053066720936692235,0.5064935064935064,0.5064935064935064,0.0,1.1133880017327158e-07,1.1133880017327158e-07,0.012999470162818582
2024-05-10,2022-07-11,3.631805568256287e-07,3.631805568256287e-07,0.0052012786476675526,2024-05-06,250,32625,126,,2.6794349078334397e-07,2.6794349078334397e-07,2.6794349078334397e-07,2.6794349078334397e-07,0.0005176325828069018,0.0005176325828069018,0.0,0.0,0.05316154811423236,0.48412698412698413,0.48412698412698413,0.0,1.8407801471625748e-07,1.8407801471625748e-07,0.012923748005459753
2024-05-13,2022-07-15,1.52882860324881e-06,1.52882860324881e-06,0.005299098606937995,2024-05-08,250,32577,173,,8.817549603638221e-07,8.817549603638221e-07,8.817549603638221e-07,8.817549603638221e-07,0.0009390180830867008,0.0009390180830867008,0.0,0.0,0.05325636630043149,0.5202312138728323,0.5202312138728323,0.0,2.118434242005406e-07,2.118434242005406e-07,0.012907123108824208
2024-05-17,2022-07-18,3.0902342303773725e-07,3.0902342303773725e-07,0.0051095659502739125,2024-05-10,250,32568,169,,2.607318377881848e-07,2.607318377881848e-07,2.607318377881848e-07,2.607318377881848e-07,0.0005106190730752081,0.0005106190730752081,0.0,0.0,0.053066720936692235,0.5443786982248521,0.5443786982248521,0.0,1.85367697171459e-07,1.85367697171459e-07,0.012715477879286535
2024-05-20,2022-07-20,3.1819436880758846e-07,3.1819436880758846e-07,0.005108758624321905,2024-05-13,250,32617,167,,2.2051002108900935e-07,2.2051002108900935e-07,2.2051002108900935e-07,2.2051002108900935e-07,0.0004695849455519303,0.0004695849455519303,0.0,0.0,0.05316154811423236,0.5449101796407185,0.5449101796407185,0.0,7.102336776209274e-08,7.102336776209274e-08,0.012697225422608366
2024-05-22,2022-07-22,1.2643674004866848e-06,1.2643674004866848e-06,0.005042890564075903,2024-05-17,250,32709,72,,7.164943989803451e-07,7.164943989803451e-07,7.164943989803451e-07,7.164943989803451e-07,0.0008464599216621807,0.0008464599216621807,0.0,0.0,0.053066720936692235,0.4444444444444444,0.4444444444444444,0.0,1.9823615431218586e-07,1.9823615431218586e-07,0.012651584613068353
2024-05-24,2022-07-25,8.84448838626535e-07,8.84448838626535e-07,0.005190496575342463,2024-05-20,250,32720,177,,6.387260113087087e-07,6.387260113087087e-07,6.387260113087087e-07,6.387260113087087e-07,0.0007992033604213065,0.0007992033604213065,0.0,0.0,0.05316154811423236,0.559322033898305,0.559322033898305,0.0,2.9670640031227503e-07,2.9670640031227503e-07,0.01278147767891094
2024-05-29,2022-07-27,1.999773263012171e-06,1.999773263012171e-06,0.0051055318700984256,2024-05-22,250,32634,73,,2.191133140778924e-06,2.191133140778924e-06,2.191133140778924e-06,2.191133140778924e-06,0.0014802476619738077,0.0014802476619738077,0.0,0.0,0.053161548114232356,0.273972602739726,0.273972602739726,0.0,2.4230845077689276e-06,2.4230845077689276e-06,0.012688597799211039
2024-05-31,2022-07-29,1.3166650998919636e-06,1.3166650998919636e-06,0.005070834858068902,2024-05-24,250,32738,124,,1.117703382022029e-06,1.117703382022029e-06,1.117703382022029e-06,1.117703382022029e-06,0.0010572149176123222,0.0010572149176123222,0.0,0.0,0.05316154811423236,0.6370967741935484,0.6370967741935484,0.0,3.29814979257088e-07,3.29814979257088e-07,0.012863408660377718
2024-06-03,2022-08-01,1.254849912187164e-06,1.254849912187164e-06,0.005045513654096229,2024-05-29,250,32685,172,,8.221616613495343e-07,8.221616613495343e-07,8.221616613495343e-07,8.221616613495343e-07,0.0009067313060380866,0.0009067313060380866,0.0,0.0,0.053161548114232356,0.4069767441860465,0.4069767441860465,0.0,1.4406813391742784e-07,1.4406813391742784e-07,0.012747304548988375
2024-06-05,2022-08-03,1.280014173356549e-07,1.280014173356549e-07,0.004990995626447132,2024-05-31,250,32717,73,,2.8141510950728547e-07,2.8141510950728547e-07,2.8141510950728547e-07,2.8141510950728547e-07,0.0005304857297866602,0.0005304857297866602,0.0,0.0,0.053730322420967806,0.4794520547945205,0.4794520547945205,0.0,4.6737110001835277e-07,4.6737110001835277e-07,0.01272269725013721
2024-06-07,2022-08-05,9.485475947258966e-08,9.485475947258966e-08,0.004987659399424103,2024-06-03,250,32858,128,,2.963232734650998e-07,2.963232734650998e-07,2.963232734650998e-07,2.963232734650998e-07,0.0005443558334996511,0.0005443558334996511,0.0,0.0,0.05363554916590941,0.421875,0.421875,0.0,5.907772554541531e-07,5.907772554541531e-07,0.01257349717577526
2024-06-10,2022-08-08,1.3244422134268253e-06,1.3244422134268253e-06,0.004926608766316218,2024-06-05,250,32824,146,,9.149626900125051e-07,9.149626900125051e-07,9.149626900125051e-07,9.149626900125051e-07,0.0009565368210437615,0.0009565368210437615,0.0,0.0,0.053730322420967806,0.541095890410959,0.541095890410959,0.0,1.0436036815150353e-07,1.0436036815150353e-07,0.012588801707833186
2024-06-12,2022-08-10,,,,2024-06-07,250,32809,28,,1.72167227042914e-06,1.72167227042914e-06,1.72167227042914e-06,1.72167227042914e-06,0.001312125097095982,0.001312125097095982,0.0,0.0,0.05373032242096779,0.14285714285714285,0.14285714285714285,0.0,1.72167227042914e-06,1.72167227042914e-06,0.012519873358785735
2024-06-14,2022-08-12,2.7930759712380046e-06,2.7930759712380046e-06,0.004527632561613144,2024-06-10,250,32880,88,,2.2675989029541883e-06,2.2675989029541883e-06,2.2675989029541883e-06,2.2675989029541883e-06,0.0015058548744663904,0.0015058548744663904,0.0,0.0,0.05363554916590941,0.32954545454545453,0.32954545454545453,0.0,5.910768279534413e-07,5.910768279534413e-07,0.012392932067471654
2024-06-17,2022-08-15,2.193819227763672e-06,2.193819227763672e-06,0.00456492070215069,2024-06-12,250,32809,89,,1.732569170771771e-06,1.732569170771771e-06,1.732569170771771e-06,1.732569170771771e-06,0.0013162709336499727,0.0013162709336499727,0.0,0.0,0.05363554916590941,0.43820224719101125,0.43820224719101125,0.0,1.4125647414971572e-07,1.4125647414971572e-07,0.009366923983934562
2024-06-21,2022-08-19,4.746124779343717e-06,4.746124779343717e-06,0.004626096909576496,2024-06-14,250,32759,72,,4.280226515234547e-06,4.280226515234547e-06,4.280226515234547e-06,4.280226515234547e-06,0.002068870830969045,0.002068870830969045,0.0,0.0,0.05354076692802982,0.3472222222222222,0.3472222222222222,0.0,3.7595166906419433e-06,3.7595166906419433e-06,0.009294659963436928
2024-06-24,2022-08-22,1.14429231794759e-06,1.14429231794759e-06,0.00467492409272736,2024-06-17,250,32702,184,,7.472796672636089e-07,7.472796672636089e-07,7.472796672636089e-07,7.472796672636089e-07,0.0008644533921869986,0.0008644533921869986,0.0,0.0,0.05344597570562603,0.5,0.5,0.0,1.702879482695562e-07,1.702879482695562e-07,0.012567635121485373
2024-06-26,2022-08-24,1.2491677495439663e-06,1.2491677495439663e-06,0.004639594394222032,2024-06-21,250,32623,84,,7.602598705399871e-07,7.602598705399871e-07,7.602598705399871e-07,7.602598705399871e-07,0.0008719288219459127,0.0008719288219459127,0.0,0.0,0.053445975705626,0.44047619047619047,0.44047619047619047,0.0,1.961353947661643e-07,1.961353947661643e-07,0.012560253657104052
2024-06-28,2022-08-26,2.6701859934241486e-06,2.6701859934241486e-06,0.0045305931807566565,2024-06-24,250,32729,150,,2.3358834546987046e-06,2.3358834546987046e-06,2.3358834546987046e-06,2.3358834546987046e-06,0.0015283597268636415,0.0015283597268636415,0.0,0.0,0.053445975705626016,0.4533333333333333,0.4533333333333333,0.0,1.9538234104410545e-06,1.9538234104410545e-06,0.012524851291249514
2024-07-01,2022-08-29,3.2520721415547776e-06,3.2520721415547776e-06,0.004605450574494351,2024-06-26,250,32672,97,,3.2520721415547776e-06,3.2520721415547776e-06,3.2520721415547776e-06,3.2520721415547776e-06,0.0018033502548187297,0.0018033502548187297,0.0,0.0,0.05335117549699457,0.4742268041237113,0.4742268041237113,0.0,,,
2024-07-03,2022-08-31,,,,2024-06-28,250,32680,69,,4.986608714069593e-07,4.986608714069593e-07,4.986608714069593e-07,4.986608714069593e-07,0.0007061592394120177,0.0007061592394120177,0.0,0.0,0.0532563663004315,0.2753623188405797,0.2753623188405797,0.0,4.986608714069593e-07,4.986608714069593e-07,0.012464623595198631
2024-07-05,2022-09-02,3.372674064401006e-06,3.372674064401006e-06,0.004378244188670728,2024-07-01,250,32701,134,,2.497748965713024e-06,2.497748965713024e-06,2.497748965713024e-06,2.497748965713024e-06,0.0015804268302306893,0.0015804268302306893,0.0,0.0,0.0532563663004315,0.5746268656716418,0.5746268656716418,0.0,1.1600841928462716e-07,1.1600841928462716e-07,0.01240924636419686
2024-07-08,2022-09-07,5.954987931952497e-07,5.954987931952497e-07,0.004285588053371036,2024-07-03,250,32615,202,,7.116633394431866e-07,7.116633394431866e-07,7.116633394431866e-07,7.116633394431866e-07,0.0008436014102899465,0.0008436014102899465,0.0,0.0,0.053161548114232356,0.41089108910891087,0.41089108910891087,0.0,8.505557316961549e-07,8.505557316961549e-07,0.012338098586470503
2024-07-10,2022-09-09,1.9201830535556037e-06,1.9201830535556037e-06,0.0042417351757914985,2024-07-05,250,32675,68,,1.0827682574365656e-06,1.0827682574365656e-06,1.0827682574365656e-06,1.0827682574365656e-06,0.0010405615106453658,0.0010405615106453658,0.0,0.0,0.05316154811423236,0.4852941176470588,0.4852941176470588,0.0,3.8115045528277703e-07,3.8115045528277703e-07,0.012311904933251775
2024-07-12,2022-09-12,1.6801727037946498e-07,1.6801727037946498e-07,0.004262424748429054,2024-07-08,250,32798,133,,1.802275106715893e-07,1.802275106715893e-07,1.802275106715893e-07,1.802275106715893e-07,0.0004245321079395401,0.0004245321079395401,0.0,0.0,0.05297188476610571,0.5789473684210527,0.5789473684210527,0.0,1.9225550857129388e-07,1.9225550857129388e-07,0.012297302688326626
2024-07-15,2022-09-16,1.955686418862419e-06,1.955686418862419e-06,0.004207512796044069,2024-07-10,250,32715,174,,1.337316351028748e-06,1.337316351028748e-06,1.337316351028748e-06,1.337316351028748e-06,0.001156423949522297,0.001156423949522297,0.0,0.0,0.0528770396007669,0.40229885057471265,0.40229885057471265,0.0,3.497701232943771e-07,3.497701232943771e-07,0.012220223575420987
2024-07-19,2022-09-19,1.9696335988903035e-06,1.9696335988903035e-06,0.004326880185565172,2024-07-12,250,32689,206,,1.9260716098635974e-06,1.9260716098635974e-06,1.9260716098635974e-06,1.9260716098635974e-06,0.0013878298202098115,0.0013878298202098115,0.0,0.0,0.05287703960076691,0.3932038834951456,0.3932038834951456,0.0,1.8545852688966955e-06,1.8545852688966955e-06,0.012382301957804076
2024-07-22,2022-09-21,1.1586352816321737e-06,1.1586352816321737e-06,0.004324372520172974,2024-07-15,250,32749,199,,1.4895958449911313e-06,1.4895958449911313e-06,1.4895958449911313e-06,1.4895958449911313e-06,0.0012204900020037573,0.0012204900020037573,0.0,0.0,0.05287703960076691,0.33668341708542715,0.33668341708542715,0.0,2.0139749194040257e-06,2.0139749194040257e-06,0.012465077688118182
2024-07-24,2022-09-23,6.451912402652406e-06,6.451912402652406e-06,0.004310919514688236,2024-07-19,250,32870,86,,3.837600193606904e-06,3.837600193606904e-06,3.837600193606904e-06,3.837600193606904e-06,0.0019589793754929896,0.0019589793754929896,0.0,0.0,0.052687322279006486,0.313953488372093,0.313953488372093,0.0,1.2232879845614012e-06,1.2232879845614012e-06,0.012357259200404497
2024-07-26,2022-09-26,1.4974697197114482e-06,1.4974697197114482e-06,0.004459975171272245,2024-07-22,250,32902,202,,1.2431430521211222e-06,1.2431430521211222e-06,1.2431430521211222e-06,1.2431430521211222e-06,0.001114963251466667,0.001114963251466667,0.0,0.0,0.052497568957753996,0.46534653465346537,0.46534653465346537,0.0,8.124832283348378e-07,8.124832283348378e-07,0.012710022102115486
2024-07-29,2022-09-28,7.007547867915273e-07,7.007547867915273e-07,0.004450357863828225,2024-07-24,250,32824,204,,4.856871752246152e-07,4.856871752246152e-07,4.856871752246152e-07,4.856871752246152e-07,0.0006969126022856921,0.0006969126022856921,0.0,0.0,0.05240267879304834,0.4950980392156863,0.4950980392156863,0.0,9.974392707029359e-08,9.974392707029359e-08,0.012569250973477332
2024-08-12,2022-09-30,2.743190104393466e-06,2.743190104393466e-06,0.0033758786533481305,2024-07-26,250,32945,37,,2.743190104393466e-06,2.743190104393466e-06,2.743190104393466e-06,2.743190104393466e-06,0.0016562578616850293,0.0016562578616850293,0.0,0.0,0.05192809286035919,0.6216216216216216,0.6216216216216216,0.0,,,
2024-08-14,2022-10-03,,,,2024-07-29,250,33013,40,,5.134988155562581e-06,5.134988155562581e-06,5.134988155562581e-06,5.134988155562581e-06,0.0022660512252732903,0.0022660512252732903,0.0,0.0,0.05183314864001729,0.05,0.05,0.0,5.134988155562581e-06,5.134988155562581e-06,0.012624904066120582
2024-08-16,2022-10-05,1.8138273215752815e-06,1.8138273215752815e-06,0.004360982556069775,2024-08-12,250,32914,156,,1.4478802660897206e-06,1.4478802660897206e-06,1.4478802660897206e-06,1.4478802660897206e-06,0.001203278964367665,0.001203278964367665,0.0,0.0,0.05202302806715192,0.5128205128205128,0.5128205128205128,0.0,1.8274901712535354e-07,1.8274901712535354e-07,0.012373122751188816
2024-08-19,2022-10-07,6.223484704184351e-07,6.223484704184351e-07,0.00433532404335324,2024-08-14,250,32876,217,,4.437995124889718e-07,4.437995124889718e-07,4.437995124889718e-07,4.437995124889718e-07,0.0006661827920991144,0.0006661827920991144,0.0,0.0,0.05192809286035919,0.4608294930875576,0.4608294930875576,0.0,1.9657787843279202e-07,1.9657787843279202e-07,0.0123454438851906
2024-08-21,2022-10-10,1.0442761890373468e-06,1.0442761890373468e-06,0.004326519800450311,2024-08-16,250,32958,87,,9.020102004971633e-07,9.020102004971633e-07,9.020102004971633e-07,9.020102004971633e-07,0.0009497421758020244,0.0009497421758020244,0.0,0.0,0.05154826188057658,0.2988505747126437,0.2988505747126437,0.0,7.185619521164007e-07,7.185619521164007e-07,0.01224843923393592
2024-08-23,2022-10-14,1.0616821256245426e-06,1.0616821256245426e-06,0.004364672872221974,2024-08-19,250,33008,201,,6.858597927397903e-07,6.858597927397903e-07,6.858597927397903e-07,6.858597927397903e-07,0.0008281665247640659,0.0008281665247640659,0.0,0.0,0.0514532815889157,0.5970149253731343,0.5970149253731343,0.0,1.4045909013874747e-07,1.4045909013874747e-07,0.012303050951062528
2024-08-26,2022-10-17,1.3378417281243583e-06,1.3378417281243583e-06,0.004320225709751366,2024-08-21,250,33010,189,,1.1416321941507584e-06,1.1416321941507584e-06,1.1416321941507584e-06,1.1416321941507584e-06,0.0010684718967529088,0.0010684718967529088,0.0,0.0,0.05116828657439944,0.30158730158730157,0.30158730158730157,0.0,8.155374757157615e-07,8.155374757157615e-07,0.012173701812747937
2024-08-28,2022-10-19,6.709276474736834e-07,6.709276474736834e-07,0.004297680129807481,2024-08-23,250,33136,80,,5.744501601900484e-07,5.744501601900484e-07,5.744501601900484e-07,5.744501601900484e-07,0.0007579249040571555,0.0007579249040571555,0.0,0.0,0.050978244764629435,0.575,0.575,0.0,4.5040767653966005e-07,4.5040767653966005e-07,0.012186058479948714
2024-08-30,2022-10-24,1.4128025868879515e-06,1.4128025868879515e-06,0.004264763479698855,2024-08-26,250,33244,146,,1.3610667659691599e-06,1.3610667659691599e-06,1.3610667659691599e-06,1.3610667659691599e-06,0.0011666476614510311,0.0011666476614510311,0.0,0.0,0.050883210314569785,0.4863013698630137,0.4863013698630137,0.0,1.1691435593349337e-06,1.1691435593349337e-06,0.012256117130831915
2024-09-04,2022-10-26,5.4273804467811985e-06,5.4273804467811985e-06,0.004399156080262152,2024-08-28,250,33167,82,,5.922985487565723e-06,5.922985487565723e-06,5.922985487565723e-06,5.922985487565723e-06,0.002433718448704723,0.002433718448704723,0.0,0.0,0.050598052763091386,0.12195121951219512,0.12195121951219512,0.0,6.525748375006362e-06,6.525748375006362e-06,0.012395310462251846
2024-09-06,2022-10-28,2.2527921669629744e-06,2.2527921669629744e-06,0.004406871121503731,2024-08-30,250,33229,113,,2.2309193147004027e-06,2.2309193147004027e-06,2.2309193147004027e-06,2.2309193147004027e-06,0.00149362622991845,0.00149362622991845,0.0,0.0,0.05021771616061742,0.35398230088495575,0.35398230088495575,0.0,2.1894169796380873e-06,2.1894169796380873e-06,0.01245101617510598
2024-09-09,2022-10-31,2.6279664037630063e-06,2.6279664037630063e-06,0.0044380038040032635,2024-09-04,250,33156,166,,2.011293048467945e-06,2.011293048467945e-06,2.011293048467945e-06,2.011293048467945e-06,0.0014182006375925604,0.0014182006375925604,0.0,0.0,0.05002749359964816,0.5060240963855421,0.5060240963855421,0.0,1.1861667280027226e-06,1.1861667280027226e-06,0.012664155377896221
2024-09-11,2022-11-02,,,,2024-09-06,250,33165,36,,6.855923169101177e-07,6.855923169101177e-07,6.855923169101177e-07,6.855923169101177e-07,0.000828005022273487,0.000828005022273487,0.0,0.0,0.04936142953772411,0.3055555555555556,0.3055555555555556,0.0,6.855923169101177e-07,6.855923169101177e-07,0.01246962043769019
2024-09-12,2022-11-04,1.3231532548204991e-06,1.3231532548204991e-06,0.004401329381119195,2024-09-09,250,33252,86,,1.1216268218747229e-06,1.1216268218747229e-06,1.1216268218747229e-06,1.1216268218747229e-06,0.0010590688466170285,0.0010590688466170285,0.0,0.0,0.049742091894814044,0.5232558139534884,0.5232558139534884,0.0,6.299023254870289e-07,6.299023254870289e-07,0.01234299448071859
2024-09-13,2022-11-07,1.1208214921246322e-06,1.1208214921246322e-06,0.004399156080262152,2024-09-11,250,33178,88,,9.692350256686195e-07,9.692350256686195e-07,9.692350256686195e-07,9.692350256686195e-07,0.0009844973467047129,0.0009844973467047129,0.0,0.0,0.04936142953772411,0.3068181818181818,0.3068181818181818,0.0,5.872371301994672e-07,5.872371301994672e-07,0.012239895186821441
2024-09-16,2022-11-09,1.7929611820242595e-06,1.7929611820242595e-06,0.004404494382022471,2024-09-12,250,33107,144,,1.1304085752115851e-06,1.1304085752115851e-06,1.1304085752115851e-06,1.1304085752115851e-06,0.0010632067415190637,0.0010632067415190637,0.0,0.0,0.04850440905961498,0.4722222222222222,0.4722222222222222,0.0,2.0283492567384136e-07,2.0283492567384136e-07,0.009359324567178518
2024-09-17,2022-11-11,1.5632207369195972e-06,1.5632207369195972e-06,0.004530325443786982,2024-09-13,250,33108,90,,7.119402169349346e-07,7.119402169349346e-07,7.119402169349346e-07,7.119402169349346e-07,0.0008437654987820578,0.0008437654987820578,0.0,0.0,0.04840913920768753,0.4777777777777778,0.4777777777777778,0.0,1.9509132980138927e-07,1.9509132980138927e-07,0.00934552270627532
2024-09-18,2022-11-14,1.180779583795378e-06,1.180779583795378e-06,0.004520503713270907,2024-09-16,250,33148,157,,9.557640186534526e-07,9.557640186534526e-07,9.557640186534526e-07,9.557640186534526e-07,0.0009776318420824132,0.0009776318420824132,0.0,0.0,0.04831386027855062,0.39490445859872614,0.39490445859872614,0.0,6.372804495294966e-07,6.372804495294966e-07,0.009341705294190775
2024-09-19,2022-11-18,2.396664342003199e-06,2.396664342003199e-06,0.004440618061534279,2024-09-17,250,33073,143,,1.937267309826071e-06,1.937267309826071e-06,1.937267309826071e-06,1.937267309826071e-06,0.001391857503419826,0.001391857503419826,0.0,0.0,0.04726519246711421,0.3706293706293706,0.3706293706293706,0.0,1.2832105182518548e-06,1.2832105182518548e-06,0.009369494121838264
2024-09-20,2022-11-21,1.253735644687255e-06,1.253735644687255e-06,0.00428190675929567,2024-09-18,250,33083,147,,1.3997243998536388e-06,1.3997243998536388e-06,1.3997243998536388e-06,1.3997243998536388e-06,0.0011830994885695955,0.0011830994885695955,0.0,0.0,0.04688358589885044,0.47619047619047616,0.47619047619047616,0.0,1.6174703397628206e-06,1.6174703397628206e-06,0.009212291148551613
2024-09-23,2022-11-23,1.628267195141281e-06,1.628267195141281e-06,0.004294478527607363,2024-09-19,250,33040,155,,1.1600367722159465e-06,1.1600367722159465e-06,1.1600367722159465e-06,1.1600367722159465e-06,0.0010770500323643033,0.0010770500323643033,0.0,0.0,0.04640637281415574,0.2064516129032258,0.2064516129032258,0.0,5.450475600155071e-07,5.450475600155071e-07,0.012328315002199736
2024-09-24,2022-11-25,6.277667375587264e-07,6.277667375587264e-07,0.004327283966971343,2024-09-20,250,33118,67,,3.165129810622381e-07,3.165129810622381e-07,3.165129810622381e-07,3.165129810622381e-07,0.0005625948640560435,0.0005625948640560435,0.0,0.0,0.04611993561355312,0.582089552238806,0.582089552238806,0.0,1.4413746815646477e-08,1.4413746815646477e-08,0.012297584566503416
2024-09-25,2022-11-28,8.824593321112668e-07,8.824593321112668e-07,0.0043101552535514814,2024-09-23,250,33087,163,,7.349733721198799e-07,7.349733721198799e-07,7.349733721198799e-07,7.349733721198799e-07,0.0008573058801384019,0.0008573058801384019,0.0,0.0,0.04583341634317223,0.38650306748466257,0.38650306748466257,0.0,5.182137036476901e-07,5.182137036476901e-07,0.012262497812007705
2024-09-26,2022-11-30,1.7567622143925754e-06,1.7567622143925754e-06,0.004329195564783321,2024-09-24,250,32967,157,,9.20750029011055e-07,9.20750029011055e-07,9.20750029011055e-07,9.20750029011055e-07,0.0009595572046579897,0.0009595572046579897,0.0,0.0,0.04583341634317223,0.5859872611464968,0.5859872611464968,0.0,7.401973868874611e-08,7.401973868874611e-08,0.012289602484036209
2024-09-27,2022-12-02,2.815605417273684e-06,2.815605417273684e-06,0.00430731364275668,2024-09-25,250,33061,155,,1.923705910827099e-06,1.923705910827099e-06,1.923705910827099e-06,1.923705910827099e-06,0.0013869772567807659,0.0013869772567807659,0.0,0.0,0.04573789167385373,0.3096774193548387,0.3096774193548387,0.0,5.858566511572213e-07,5.858566511572213e-07,0.012241071116547266
2024-09-30,2022-12-05,1.453977656321955e-06,1.453977656321955e-06,0.004302208174195532,2024-09-26,250,33038,118,,1.148415285013574e-06,1.148415285013574e-06,1.148415285013574e-06,1.148415285013574e-06,0.0010716413975829667,0.0010716413975829667,0.0,0.0,0.045737891673853746,0.3983050847457627,0.3983050847457627,0.0,2.1065490410164742e-07,2.1065490410164742e-07,0.012258849983376209
2024-10-01,2022-12-07,1.1119920715176039e-06,1.1119920715176039e-06,0.004206008583690988,2024-09-27,250,32997,94,,1.0456358439553016e-06,1.0456358439553016e-06,1.0456358439553016e-06,1.0456358439553016e-06,0.0010225633691636434,0.0010225633691636434,0.0,0.0,0.04621542379696298,0.26595744680851063,0.26595744680851063,0.0,1.0080339816699974e-06,1.0080339816699974e-06,0.012209922267150026
2024-10-02,2022-12-09,4.204562410028544e-07,4.204562410028544e-07,0.004332257636709253,2024-09-30,250,33043,164,,2.871222433936305e-07,2.871222433936305e-07,2.871222433936305e-07,2.871222433936305e-07,0.0005358378890985878,0.0005358378890985878,0.0,0.0,0.046024438311279336,0.4878048780487805,0.4878048780487805,0.0,7.878787212921806e-08,7.878787212921806e-08,0.012320292990046076
2024-10-03,2022-12-12,4.668588880584725e-07,4.668588880584725e-07,0.0043213687274010065,2024-10-01,250,33021,163,,4.109990102511226e-07,4.109990102511226e-07,4.109990102511226e-07,4.109990102511226e-07,0.0006410920450692885,0.0006410920450692885,0.0,0.0,0.04583341634317223,0.5828220858895705,0.5828220858895705,0.0,3.2459076176787817e-07,3.2459076176787817e-07,0.012315095102485673
2024-10-04,2022-12-16,9.363212289866131e-07,9.363212289866131e-07,0.004342624185757965,2024-10-02,250,33015,127,,6.408289002391872e-07,6.408289002391872e-07,6.408289002391872e-07,6.408289002391872e-07,0.0008005178950149629,0.0008005178950149629,0.0,0.0,0.045737891673853746,0.3700787401574803,0.3700787401574803,0.0,3.4064621706719895e-07,3.4064621706719895e-07,0.012337651016167097
2024-10-07,2022-12-19,3.31413516974441e-06,3.31413516974441e-06,0.004320987654320986,2024-10-03,250,32995,179,,1.987758998851267e-06,1.987758998851267e-06,1.987758998851267e-06,1.987758998851267e-06,0.0014098790724212011,0.0014098790724212011,0.0,0.0,0.04621542379696298,0.3575418994413408,0.3575418994413408,0.0,6.761203409680479e-07,6.761203409680479e-07,0.012226543683898217
2024-10-08,2022-12-21,4.527499713073726e-06,4.527499713073726e-06,0.004420587306599305,2024-10-04,250,32895,62,,2.2024357252549507e-06,2.2024357252549507e-06,2.2024357252549507e-06,2.2024357252549507e-06,0.0014840605530957794,0.0014840605530957794,0.0,0.0,0.046597285376782156,0.4838709677419355,0.4838709677419355,0.0,1.5919767535360286e-07,1.5919767535360286e-07,0.012338085593518846
2024-10-09,2022-12-23,2.9197469094088717e-06,2.9197469094088717e-06,0.004340700713115118,2024-10-07,250,32998,150,,1.753056609211101e-06,1.753056609211101e-06,1.753056609211101e-06,1.753056609211101e-06,0.0013240304411950281,0.0013240304411950281,0.0,0.0,0.04640637281415574,0.4266666666666667,0.4266666666666667,0.0,9.710908634974808e-08,9.710908634974808e-08,0.012222490709562607
2024-10-10,2022-12-28,1.638041625811896e-06,1.638041625811896e-06,0.004269408381981355,2024-10-08,250,32868,121,,8.360293793541903e-07,8.360293793541903e-07,8.360293793541903e-07,8.360293793541903e-07,0.0009143464219617148,0.0009143464219617148,0.0,0.0,0.04640637281415573,0.5454545454545454,0.5454545454545454,0.0,7.282417707992196e-08,7.282417707992196e-08,0.012138415289184596
2024-10-11,2022-12-30,2.743671281196292e-06,2.743671281196292e-06,0.004278728606356968,2024-10-09,250,32941,145,,1.6012146820456304e-06,1.6012146820456304e-06,1.6012146820456304e-06,1.6012146820456304e-06,0.0012653911182103463,0.0012653911182103463,0.0,0.0,0.046406372814155744,0.45517241379310347,0.45517241379310347,0.0,1.1420767997651506e-07,1.1420767997651506e-07,0.012159694860534946
2024-10-14,2023-01-04,2.4089224243271114e-06,2.4089224243271114e-06,0.004306745770160403,2024-10-10,250,32874,137,,1.5983833563117e-06,1.5983833563117e-06,1.5983833563117e-06,1.5983833563117e-06,0.0012642718680377651,0.0012642718680377651,0.0,0.0,0.04621542379696298,0.38686131386861317,0.38686131386861317,0.0,6.178925482285415e-07,6.178925482285415e-07,0.012087313226819423
2024-10-16,2023-01-06,1.2211976414699522e-06,1.2211976414699522e-06,0.0041907205473594175,2024-10-11,250,32945,166,,7.790055240945816e-07,7.790055240945816e-07,7.790055240945816e-07,7.790055240945816e-07,0.0008826128959484909,0.0008826128959484909,0.0,0.0,0.04621542379696298,0.3433734939759036,0.3433734939759036,0.0,1.0901746746523236e-07,1.0901746746523236e-07,0.012083143606195456
2024-10-17,2023-01-09,1.1975367023530363e-06,1.1975367023530363e-06,0.004228147381137286,2024-10-14,250,32971,160,,8.722327820926196e-07,8.722327820926196e-07,8.722327820926196e-07,8.722327820926196e-07,0.000933934035193396,0.000933934035193396,0.0,0.0,0.04611993561355311,0.4,0.4,0.0,4.32115713504997e-07,4.32115713504997e-07,0.012030851794607595
2024-10-18,2023-01-13,1.1159757022065657e-06,1.1159757022065657e-06,0.004221408572043937,2024-10-16,250,32907,165,,7.2619777275753e-07,7.2619777275753e-07,7.2619777275753e-07,7.2619777275753e-07,0.0008521723844138169,0.0008521723844138169,0.0,0.0,0.04631090286325026,0.36363636363636365,0.36363636363636365,0.0,1.560748311753583e-07,1.560748311753583e-07,0.012029818837468875
2024-10-21,2023-01-23,8.030404511820771e-07,8.030404511820771e-07,0.0041702127659574454,2024-10-17,250,32960,184,,4.835090621346683e-07,4.835090621346683e-07,4.835090621346683e-07,4.835090621346683e-07,0.0006953481589352692,0.0006953481589352692,0.0,0.0,0.04621542379696298,0.2717391304347826,0.2717391304347826,0.0,1.3492936499204046e-07,1.3492936499204046e-07,0.011983723635368376
2024-10-22,2023-01-25,2.3462270749832848e-07,2.3462270749832848e-07,0.004144113667117727,2024-10-18,250,32908,73,,1.8801520192725279e-07,1.8801520192725279e-07,1.8801520192725279e-07,1.8801520192725279e-07,0.0004336071977346003,0.0004336071977346003,0.0,0.0,0.04621542379696298,0.589041095890411,0.589041095890411,0.0,1.374127673072277e-07,1.374127673072277e-07,0.012003435395713035
2024-10-23,2023-01-27,2.69651152179752e-06,2.69651152179752e-06,0.004155007207665563,2024-10-21,250,33014,158,,1.6865370351337055e-06,1.6865370351337055e-06,1.6865370351337055e-06,1.6865370351337055e-06,0.001298667407434908,0.001298667407434908,0.0,0.0,0.04611993561355312,0.3037974683544304,0.3037974683544304,0.0,1.6355963460890481e-07,1.6355963460890481e-07,0.012009814510045937
2024-10-24,2023-01-30,1.2852194155396208e-06,1.2852194155396208e-06,0.004246836540128271,2024-10-22,250,32907,161,,9.15844860601772e-07,9.15844860601772e-07,9.15844860601772e-07,9.15844860601772e-07,0.0009569978373025574,0.0009569978373025574,0.0,0.0,0.04621542379696298,0.5590062111801242,0.5590062111801242,0.0,3.976178730770291e-07,3.976178730770291e-07,0.012120564369625771
2024-10-25,2023-02-01,1.617245144265984e-06,1.617245144265984e-06,0.004250336123519972,2024-10-23,250,32903,162,,1.3827725415901161e-06,1.3827725415901161e-06,1.3827725415901161e-06,1.3827725415901161e-06,0.0011759134923922407,0.0011759134923922407,0.0,0.0,0.045928931888399804,0.30864197530864196,0.30864197530864196,0.0,1.0417214831524903e-06,1.0417214831524903e-06,0.012094408190042124
2024-10-28,2023-02-03,2.2003614180802527e-06,2.2003614180802527e-06,0.0042349077395099615,2024-10-24,250,32994,94,,2.2003614180802527e-06,2.2003614180802527e-06,2.2003614180802527e-06,2.2003614180802527e-06,0.001483361526425791,0.001483361526425791,0.0,0.0,0.04621542379696298,0.5638297872340425,0.5638297872340425,0.0,,,
2024-10-29,2023-02-06,2.0138752334359053e-06,2.0138752334359053e-06,0.004198800342759212,2024-10-25,250,33010,67,,2.0877116323338066e-06,2.0877116323338066e-06,2.0877116323338066e-06,2.0877116323338066e-06,0.001444891564212971,0.001444891564212971,0.0,0.0,0.045928931888399804,0.29850746268656714,0.29850746268656714,0.0,2.1637854978649775e-06,2.1637854978649775e-06,0.012061300208322571
2024-10-30,2023-02-08,3.7653256904239434e-06,3.7653256904239434e-06,0.004193948731116534,2024-10-28,250,32890,183,,2.6649144488477995e-06,2.6649144488477995e-06,2.6649144488477995e-06,2.6649144488477995e-06,0.0016324565687477874,0.0016324565687477874,0.0,0.0,0.04592893188839982,0.34972677595628415,0.34972677595628415,0.0,1.279211403900062e-06,1.279211403900062e-06,0.012041812056310913
2024-10-31,2023-02-10,4.180152535657743e-06,4.180152535657743e-06,0.004259017818339852,2024-10-29,250,32875,120,,3.197148396605252e-06,3.197148396605252e-06,3.197148396605252e-06,3.197148396605252e-06,0.0017880571569738066,0.0017880571569738066,0.0,0.0,0.04564235787870107,0.4666666666666667,0.4666666666666667,0.0,3.749752231964875e-07,3.749752231964875e-07,0.012078352097377627
2024-11-01,2023-02-13,2.1261554503888148e-05,2.1261554503888148e-05,0.004338010712230534,2024-10-30,250,32906,195,,1.0585164596581278e-05,1.0585164596581278e-05,1.0585164596581278e-05,1.0585164596581278e-05,0.0032534849925243666,0.0032534849925243666,0.0,0.0,0.04535570172079718,0.29743589743589743,0.29743589743589743,0.0,2.3230165616249883e-07,2.3230165616249883e-07,0.012319859665166008
2024-11-04,2023-02-17,4.2760517244870047e-07,4.2760517244870047e-07,0.0043963931631600195,2024-10-31,250,32811,197,,3.236960693578029e-07,3.236960693578029e-07,3.236960693578029e-07,3.236960693578029e-07,0.0005689429403356746,0.0005689429403356746,0.0,0.0,0.04506896336757811,0.4467005076142132,0.4467005076142132,0.0,2.1872666929659006e-07,2.1872666929659006e-07,0.012268081045110674
2024-11-05,2023-02-22,1.108010601509453e-06,1.108010601509453e-06,0.0044142155758749605,2024-11-01,250,32833,67,,9.01557397537258e-07,9.01557397537258e-07,9.01557397537258e-07,9.01557397537258e-07,0.0009495037638352247,0.0009495037638352247,0.0,0.0,0.04545126290391737,0.29850746268656714,0.29850746268656714,0.0,7.011763466230683e-07,7.011763466230683e-07,0.012294563099980695
2024-11-06,2023-02-24,3.3084887974811406e-06,3.3084887974811406e-06,0.0043857686283284856,2024-11-04,250,32957,151,,2.6784398616081084e-06,2.6784398616081084e-06,2.6784398616081084e-06,2.6784398616081084e-06,0.001636593981905136,0.001636593981905136,0.0,0.0,0.0453557017207972,0.3443708609271523,0.3443708609271523,0.0,1.7740147762419815e-06,1.7740147762419815e-06,0.012147676434888155
2024-11-07,2023-02-27,2.2923417278156405e-06,2.2923417278156405e-06,0.004400143678160919,2024-11-05,250,32836,143,,1.4759175112517899e-06,1.4759175112517899e-06,1.4759175112517899e-06,1.4759175112517899e-06,0.001214873454830498,0.001214873454830498,0.0,0.0,0.045355701720797205,0.34265734265734266,0.34265734265734266,0.0,4.3918834736118606e-07,4.3918834736118606e-07,0.011852945655116407
2024-11-08,2023-03-01,1.4523218067387518e-06,1.4523218067387518e-06,0.004308071039212239,2024-11-06,250,32772,142,,6.526682833753748e-07,6.526682833753748e-07,6.526682833753748e-07,6.526682833753748e-07,0.0008078788791492043,0.0008078788791492043,0.0,0.0,0.045260131404864574,0.39436619718309857,0.39436619718309857,0.0,1.7647011777695939e-07,1.7647011777695939e-07,0.01176200030221118
2024-11-11,2023-03-03,2.1818661865500757e-06,2.1818661865500757e-06,0.0043620021149101155,2024-11-07,250,32845,164,,1.1404405061155216e-06,1.1404405061155216e-06,1.1404405061155216e-06,1.1404405061155216e-06,0.001067914091168162,0.001067914091168162,0.0,0.0,0.04526013140486457,0.3597560975609756,0.3597560975609756,0.0,9.901482568096848e-08,9.901482568096848e-08,0.011711270666510638
2024-11-13,2023-03-06,,,,2024-11-08,250,32841,30,,3.32178827421059e-07,3.32178827421059e-07,3.32178827421059e-07,3.32178827421059e-07,0.0005763495705047927,0.0005763495705047927,0.0,0.0,0.04526013140486458,0.3,0.3,0.0,3.32178827421059e-07,3.32178827421059e-07,0.011736580666778355
2024-11-14,2023-03-08,1.3698059065391674e-06,1.3698059065391674e-06,0.004397654584221748,2024-11-11,250,32847,120,,1.8128904476915382e-06,1.8128904476915382e-06,1.8128904476915382e-06,1.8128904476915382e-06,0.0013464362026072896,0.0013464362026072896,0.0,0.0,0.04497336564273114,0.30833333333333335,0.30833333333333335,0.0,3.2687396543350424e-06,3.2687396543350424e-06,0.011730881294060516
2024-11-15,2023-03-10,9.884700076553632e-07,9.884700076553632e-07,0.004337919551310139,2024-11-13,250,32808,159,,1.0781990095992566e-06,1.0781990095992566e-06,1.0781990095992566e-06,1.0781990095992566e-06,0.0010383636210881315,0.0010383636210881315,0.0,0.0,0.04506896336757812,0.4088050314465409,0.4088050314465409,0.0,1.1583141899063042e-06,1.1583141899063042e-06,0.011806800370776098
2024-11-18,2023-03-13,1.5906257859942863e-06,1.5906257859942863e-06,0.004400000000000001,2024-11-14,250,32834,158,,9.55811643218941e-07,9.55811643218941e-07,9.55811643218941e-07,9.55811643218941e-07,0.000977656198885345,0.000977656198885345,0.0,0.0,0.044973365642731154,0.36075949367088606,0.36075949367088606,0.0,4.761742908997913e-07,4.761742908997913e-07,0.011959991463935131
2024-11-19,2023-03-17,1.3705942759613184e-06,1.3705942759613184e-06,0.0043417244101394605,2024-11-15,250,32824,62,,1.3611343199712345e-06,1.3611343199712345e-06,1.3611343199712345e-06,1.3611343199712345e-06,0.0011666766132786045,0.0011666766132786045,0.0,0.0,0.045260131404864574,0.25806451612903225,0.25806451612903225,0.0,1.3522656112305306e-06,1.3522656112305306e-06,0.01191118762220522
2024-11-20,2023-03-20,9.224386193941827e-07,9.224386193941827e-07,0.004336779393727002,2024-11-18,250,32786,159,,6.411210905078215e-07,6.411210905078215e-07,6.411210905078215e-07,6.411210905078215e-07,0.000800700374989185,0.000800700374989185,0.0,0.0,0.04516455195437363,0.559748427672956,0.559748427672956,0.0,2.2354038356712907e-07,2.2354038356712907e-07,0.011867804506183298
2024-11-21,2023-03-22,2.6956684736976503e-07,2.6956684736976503e-07,0.004323144104803494,2024-11-19,250,32664,161,,1.882112387097738e-07,1.882112387097738e-07,1.882112387097738e-07,1.882112387097738e-07,0.00043383319226377066,0.00043383319226377066,0.0,0.0,0.04516455195437364,0.7018633540372671,0.7018633540372671,0.0,7.110846866887731e-08,7.110846866887731e-08,0.011863784928027095
2024-11-22,2023-03-24,1.0901554020010837e-06,1.0901554020010837e-06,0.004332224750568879,2024-11-20,250,32748,175,,7.470350365188858e-07,7.470350365188858e-07,7.470350365188858e-07,7.470350365188858e-07,0.0008643118861376869,0.0008643118861376869,0.0,0.0,0.04526013140486457,0.5257142857142857,0.5257142857142857,0.0,4.2297691356347646e-07,4.2297691356347646e-07,0.011800436269307863
2024-11-25,2023-03-27,1.4929380689586064e-06,1.4929380689586064e-06,0.0043067820942271715,2024-11-21,250,32715,172,,9.317845959998253e-07,9.317845959998253e-07,9.317845959998253e-07,9.317845959998253e-07,0.0009652899025680448,0.0009652899025680448,0.0,0.0,0.04526013140486457,0.38953488372093026,0.38953488372093026,0.0,4.084616942517486e-07,4.084616942517486e-07,0.011763975416029956
2024-11-26,2023-03-29,4.0272564279704374e-07,4.0272564279704374e-07,0.004251299008030231,2024-11-22,250,32696,68,,3.5188807568794895e-07,3.5188807568794895e-07,3.5188807568794895e-07,3.5188807568794895e-07,0.0005932015472737313,0.0005932015472737313,0.0,0.0,0.04516455195437363,0.5,0.5,0.0,2.946958126902175e-07,2.946958126902175e-07,0.01172420631600087
2024-11-27,2023-03-31,6.63005199150984e-07,6.63005199150984e-07,0.004211690632179019,2024-11-25,250,32791,156,,8.309381150791917e-07,8.309381150791917e-07,8.309381150791917e-07,8.309381150791917e-07,0.0009115580700532422,0.0009115580700532422,0.0,0.0,0.04506896336757812,0.5,0.5,0.0,1.0723416817259902e-06,1.0723416817259902e-06,0.011663306418047116
2024-11-29,2023-04-03,1.142301297080199e-06,1.142301297080199e-06,0.004214021197803602,2024-11-26,250,32691,146,,7.570032748247928e-07,7.570032748247928e-07,7.570032748247928e-07,7.570032748247928e-07,0.0008700593513231111,0.0008700593513231111,0.0,0.0,0.04497336564273115,0.6438356164383562,0.6438356164383562,0.0,2.201125880754562e-07,2.201125880754562e-07,0.01169875423742965
2024-12-02,2023-04-05,6.421953091123751e-07,6.421953091123751e-07,0.004171406901782329,2024-11-27,250,32679,111,,7.248859899145692e-07,7.248859899145692e-07,7.248859899145692e-07,7.248859899145692e-07,0.0008514023666366974,0.0008514023666366974,0.0,0.0,0.044782142771893206,0.34234234234234234,0.34234234234234234,0.0,1.0594073804325362e-06,1.0594073804325362e-06,0.011626528918761926
2024-12-03,2023-04-10,4.989379078868176e-07,4.989379078868176e-07,0.004132058934012271,2024-11-29,250,32747,98,,4.0435250495743027e-07,4.0435250495743027e-07,4.0435250495743027e-07,4.0435250495743027e-07,0.0006358871794252737,0.0006358871794252737,0.0,0.0,0.04411257461832096,0.42857142857142855,0.42857142857142855,0.0,3.541040096511933e-07,3.541040096511933e-07,0.011605727018206518
2024-12-04,2023-04-14,6.830516948633224e-07,6.830516948633224e-07,0.004079950546053986,2024-12-02,250,32748,177,,4.132455722933812e-07,4.132455722933812e-07,4.132455722933812e-07,4.132455722933812e-07,0.0006428417941401922,0.0006428417941401922,0.0,0.0,0.04392118705792814,0.6214689265536724,0.6214689265536724,0.0,1.5243298714243823e-07,1.5243298714243823e-07,0.011600346078057992
2024-12-05,2023-04-17,5.081423039438802e-07,5.081423039438802e-07,0.004073906423603966,2024-12-03,250,32753,146,,3.9538031630158213e-07,3.9538031630158213e-07,3.9538031630158213e-07,3.9538031630158213e-07,0.0006287927451088969,0.0006287927451088969,0.0,0.0,0.04372976286132523,0.636986301369863,0.636986301369863,0.0,2.3825295647215041e-07,2.3825295647215041e-07,0.011528757858012701
2024-12-06,2023-04-19,1.3912498496391692e-06,1.3912498496391692e-06,0.004073403554970376,2024-12-04,250,32834,174,,8.05777060400349e-07,8.05777060400349e-07,8.05777060400349e-07,8.05777060400349e-07,0.0008976508566254193,0.0008976508566254193,0.0,0.0,0.04363403702006131,0.5229885057471264,0.5229885057471264,0.0,1.7848478621589887e-07,1.7848478621589887e-07,0.011547761513862791
2024-12-09,2023-04-21,4.842278169694455e-06,4.842278169694455e-06,0.004076758359413605,2024-12-05,250,32909,127,,2.644277720779346e-06,2.644277720779346e-06,2.644277720779346e-06,2.644277720779346e-06,0.001626123525682888,0.001626123525682888,0.0,0.0,0.04325104199431497,0.3228346456692913,0.3228346456692913,0.0,1.217004702003299e-06,1.217004702003299e-06,0.011525912702982841
2024-12-10,2023-04-24,1.8997547054406997e-06,1.8997547054406997e-06,0.004012158054711247,2024-12-06,250,32903,50,,1.0441526078096384e-06,1.0441526078096384e-06,1.0441526078096384e-06,1.0441526078096384e-06,0.0010218378578862883,0.0010218378578862883,0.0,0.0,0.04325104199431493,0.54,0.54,0.0,4.7375120938893064e-07,4.7375120938893064e-07,0.011585574188000266
2024-12-11,2023-04-26,1.2971883779188359e-06,1.2971883779188359e-06,0.003995641118779515,2024-12-09,250,32822,134,,9.058711492816725e-07,9.058711492816725e-07,9.058711492816725e-07,9.058711492816725e-07,0.0009517726352872689,0.0009517726352872689,0.0,0.0,0.04315527031392761,0.6343283582089553,0.6343283582089553,0.0,3.078202904211023e-07,3.078202904211023e-07,0.011621707033842068
2024-12-12,2023-04-28,1.1922677071493104e-06,1.1922677071493104e-06,0.0040163901172461354,2024-12-10,250,32796,108,,9.04307262734884e-07,9.04307262734884e-07,9.04307262734884e-07,9.04307262734884e-07,0.0009509507151976301,0.0009509507151976301,0.0,0.0,0.0428679002271758,0.5185185185185185,0.5185185185185185,0.0,5.941960149039634e-07,5.941960149039634e-07,0.011532553583775059
2024-12-13,2023-05-01,1.3809265361774715e-06,1.3809265361774715e-06,0.003992579448298113,2024-12-11,250,32757,145,,8.919393771211468e-07,8.919393771211468e-07,8.919393771211468e-07,8.919393771211468e-07,0.0009444254216830182,0.0009444254216830182,0.0,0.0,0.04258044753511839,0.593103448275862,0.593103448275862,0.0,4.3555136200191035e-07,4.3555136200191035e-07,0.011592284017010573
2024-12-16,2023-05-03,1.2972936525551173e-06,1.2972936525551173e-06,0.003989844033369605,2024-12-12,250,32728,139,,9.160386031972507e-07,9.160386031972507e-07,9.160386031972507e-07,9.160386031972507e-07,0.0009570990561050882,0.0009570990561050882,0.0,0.0,0.042484611606155305,0.5323741007194245,0.5323741007194245,0.0,3.159149143932015e-07,3.159149143932015e-07,0.008439933135830257
2024-12-17,2023-05-05,,,,2024-12-13,250,32799,18,,8.280203326517188e-07,8.280203326517188e-07,8.280203326517188e-07,8.280203326517188e-07,0.0009099562256788613,0.0009099562256788613,0.0,0.0,0.04277209184386899,0.0,0.0,0.0,8.280203326517188e-07,8.280203326517188e-07,0.008404047528799091
2024-12-18,2023-05-08,3.7885712450161315e-06,3.7885712450161315e-06,0.0039056335805586232,2024-12-16,250,32808,149,,1.590323931724471e-05,1.590323931724471e-05,1.590323931724471e-05,1.590323931724471e-05,0.003987886572765669,0.003987886572765669,0.0,0.0,0.04286790022717579,0.28187919463087246,0.28187919463087246,0.0,3.6022241651481454e-05,3.6022241651481454e-05,0.008438815800360754
2024-12-19,2023-05-10,4.020168193412313e-06,4.020168193412313e-06,0.003991130820399111,2024-12-17,250,32644,124,,8.224830142760104e-06,8.224830142760104e-06,8.224830142760104e-06,8.224830142760104e-06,0.0028678964665343316,0.0028678964665343316,0.0,0.0,0.04267627428043632,0.3548387096774194,0.3548387096774194,0.0,1.5113318868287334e-05,1.5113318868287334e-05,0.008698048713925089
2024-12-20,2023-05-12,6.756242798162757e-06,6.756242798162757e-06,0.0039633291965250825,2024-12-18,250,32720,171,,4.644471978263135e-06,4.644471978263135e-06,4.644471978263135e-06,4.644471978263135e-06,0.002155103704758343,0.002155103704758343,0.0,0.0,0.04258044753511838,0.4444444444444444,0.4444444444444444,0.0,2.873309355121518e-06,2.873309355121518e-06,0.008700720013649545
2024-12-23,2023-05-15,1.4447922961268067e-06,1.4447922961268067e-06,0.003890133207591654,2024-12-19,250,32709,185,,1.7029732840756586e-06,1.7029732840756586e-06,1.7029732840756586e-06,1.7029732840756586e-06,0.0013049801853191713,0.0013049801853191713,0.0,0.0,0.04248461160615529,0.34054054054054056,0.34054054054054056,0.0,1.9814606418631836e-06,1.9814606418631836e-06,0.011951349065381037
2024-12-24,2023-05-19,8.920956482530391e-07,8.920956482530391e-07,0.003878246562463274,2024-12-20,250,32693,69,,8.977419458004442e-07,8.977419458004442e-07,8.977419458004442e-07,8.977419458004442e-07,0.0009474924515796652,0.0009474924515796652,0.0,0.0,0.042676274280436306,0.43478260869565216,0.43478260869565216,0.0,9.039015431248858e-07,9.039015431248858e-07,0.011880206494139803
2024-12-26,2023-05-22,,,,2024-12-23,250,32697,60,,3.1124752980541655e-06,3.1124752980541655e-06,3.1124752980541655e-06,3.1124752980541655e-06,0.00176422087564289,0.00176422087564289,0.0,0.0,0.04305948946044696,0.23333333333333334,0.23333333333333334,0.0,3.1124752980541655e-06,3.1124752980541655e-06,0.011749609180109767
2024-12-27,2023-05-24,7.547361043023138e-07,7.547361043023138e-07,0.0038220986796386395,2024-12-24,250,32551,164,,1.0050719984785152e-06,1.0050719984785152e-06,1.0050719984785152e-06,1.0050719984785152e-06,0.0010025327917223034,0.0010025327917223034,0.0,0.0,0.04258044753511838,0.3719512195121951,0.3719512195121951,0.0,1.2949346127878008e-06,1.2949346127878008e-06,0.011748827618319085
2024-12-30,2023-05-26,2.14870817243095e-06,2.14870817243095e-06,0.0038733909777377835,2024-12-26,250,32533,170,,1.9324331278888784e-06,1.9324331278888784e-06,1.9324331278888784e-06,1.9324331278888784e-06,0.0013901198250110955,0.0013901198250110955,0.0,0.0,0.04219704869978835,0.37058823529411766,0.37058823529411766,0.0,1.700333080087632e-06,1.700333080087632e-06,0.011873817246768961
2024-12-31,2023-05-31,6.605525093117179e-07,6.605525093117179e-07,0.003925455987311655,2024-12-27,250,32521,38,,6.605525093117179e-07,6.605525093117179e-07,6.605525093117179e-07,6.605525093117179e-07,0.0008127438153020408,0.0008127438153020408,0.0,0.0,0.04277209184386899,0.5526315789473685,0.5526315789473685,0.0,,,
2025-01-02,2023-06-02,1.7982310796653175e-06,1.7982310796653175e-06,0.00395335835795863,2024-12-30,250,32652,155,,1.1183664985678206e-06,1.1183664985678206e-06,1.1183664985678206e-06,1.1183664985678206e-06,0.0010575284859368188,0.0010575284859368188,0.0,0.0,0.04277209184386898,0.4064516129032258,0.4064516129032258,0.0,1.516840473198168e-07,1.516840473198168e-07,0.012054736554736555
2025-01-03,2023-06-07,8.691275682389395e-07,8.691275682389395e-07,0.004059872872667624,2024-12-31,250,32547,192,,5.905476035064865e-07,5.905476035064865e-07,5.905476035064865e-07,5.905476035064865e-07,0.0007684709516347945,0.0007684709516347945,0.0,0.0,0.042676274280436306,0.4635416666666667,0.4635416666666667,0.0,2.9399473782355264e-07,2.9399473782355264e-07,0.012084428024083202
2025-01-06,2023-06-09,5.050991457148075e-07,5.050991457148075e-07,0.0040680473372781065,2025-01-02,250,32633,178,,8.392851934072949e-07,8.392851934072949e-07,8.392851934072949e-07,8.392851934072949e-07,0.0009161250970294913,0.0009161250970294913,0.0,0.0,0.0424846116061553,0.34269662921348315,0.34269662921348315,0.0,1.1888361168557583e-06,1.1888361168557583e-06,0.011935197229495733
2025-01-07,2023-06-12,3.730705816973324e-07,3.730705816973324e-07,0.0040408163265306125,2025-01-03,250,32736,68,,5.359901841333435e-07,5.359901841333435e-07,5.359901841333435e-07,5.359901841333435e-07,0.0007321135049521649,0.0007321135049521649,0.0,0.0,0.04258044753511839,0.38235294117647056,0.38235294117647056,0.0,7.192747368738559e-07,7.192747368738559e-07,0.011866836871808653
2025-01-08,2023-06-16,5.155864248504416e-07,5.155864248504416e-07,0.004087362206349862,2025-01-06,250,32786,161,,3.604263927211053e-07,3.604263927211053e-07,3.604263927211053e-07,3.604263927211053e-07,0.0006003552221152951,0.0006003552221152951,0.0,0.0,0.04258044753511838,0.6211180124223602,0.6211180124223602,0.0,1.3708998283796957e-07,1.3708998283796957e-07,0.012002514312896045
2025-01-10,2023-06-21,2.7865419425287123e-06,2.7865419425287123e-06,0.00407911001236094,2025-01-07,250,32711,115,,2.1736393466995883e-06,2.1736393466995883e-06,2.1736393466995883e-06,2.1736393466995883e-06,0.0014743267435340065,0.0014743267435340065,0.0,0.0,0.042580447535118374,0.3739130434782609,0.3739130434782609,0.0,1.6677514898247537e-06,1.6677514898247537e-06,0.011985003986496805
2025-01-13,2023-06-23,2.088586497119695e-06,2.088586497119695e-06,0.004179860671310956,2025-01-08,250,32792,179,,1.5257895369598482e-06,1.5257895369598482e-06,1.5257895369598482e-06,1.5257895369598482e-06,0.001235228536328338,0.001235228536328338,0.0,0.0,0.042676274280436306,0.35195530726256985,0.35195530726256985,0.0,9.566690154498908e-07,9.566690154498908e-07,0.012170821202776962
2025-01-15,2023-06-26,2.4933929514151928e-06,2.4933929514151928e-06,0.004243827160493826,2025-01-10,250,32717,162,,1.802193188658507e-06,1.802193188658507e-06,1.802193188658507e-06,1.802193188658507e-06,0.0013424578908325232,0.0013424578908325232,0.0,0.0,0.042676274280436306,0.3395061728395062,0.3395061728395062,0.0,7.707104657754528e-07,7.707104657754528e-07,0.01213528229615761
2025-01-16,2023-06-28,5.9251293902658535e-06,5.9251293902658535e-06,0.004161937192584184,2025-01-13,250,32712,158,,3.6369223721118318e-06,3.6369223721118318e-06,3.6369223721118318e-06,3.6369223721118318e-06,0.0019070716746131572,0.0019070716746131572,0.0,0.0,0.04258044753511838,0.31645569620253167,0.31645569620253167,0.0,3.6302617690684733e-07,3.6302617690684733e-07,0.011918485778872431
2025-01-17,2023-06-30,1.8657028019707011e-06,1.8657028019707011e-06,0.00433715937965478,2025-01-15,250,32793,163,,1.491566437667709e-06,1.491566437667709e-06,1.491566437667709e-06,1.491566437667709e-06,0.0012212970308928574,0.0012212970308928574,0.0,0.0,0.0424846116061553,0.3803680981595092,0.3803680981595092,0.0,8.820862313031575e-07,8.820862313031575e-07,0.011941450882293283
2025-01-21,2023-07-05,2.164264131945713e-06,2.164264131945713e-06,0.004304722149752154,2025-01-16,250,32786,67,,1.5338711865126524e-06,1.5338711865126524e-06,1.5338711865126524e-06,1.5338711865126524e-06,0.0012384955335053302,0.0012384955335053302,0.0,0.0,0.042484611606155305,0.3880597014925373,0.3880597014925373,0.0,8.843754245513173e-07,8.843754245513173e-07,0.011822751765453996
2025-01-22,2023-07-07,1.5529428299162258e-06,1.5529428299162258e-06,0.004446640316205535,2025-01-17,250,32867,167,,1.0168229842345929e-06,1.0168229842345929e-06,1.0168229842345929e-06,1.0168229842345929e-06,0.0010083764099950935,0.0010083764099950935,0.0,0.0,0.042676274280436306,0.31736526946107785,0.31736526946107785,0.0,1.317997469188814e-07,1.317997469188814e-07,0.011715512809883102
2025-01-23,2023-07-10,2.5344282262985496e-07,2.5344282262985496e-07,0.00442299959790913,2025-01-21,250,32827,177,,2.0556260492052533e-07,2.0556260492052533e-07,2.0556260492052533e-07,2.0556260492052533e-07,0.0004533901244188335,0.0004533901244188335,0.0,0.0,0.0426762742804363,0.4576271186440678,0.4576271186440678,0.0,1.2503678422756188e-07,1.2503678422756188e-07,0.011650023085548444
2025-01-24,2023-07-14,2.590419945343282e-07,2.590419945343282e-07,0.004426361441473667,2025-01-22,250,32820,173,,1.9475848002877521e-07,1.9475848002877521e-07,1.9475848002877521e-07,1.9475848002877521e-07,0.00044131449107045556,0.00044131449107045556,0.0,0.0,0.0426762742804363,0.5606936416184971,0.5606936416184971,0.0,7.96702524462528e-08,7.96702524462528e-08,0.011586781467814677
2025-01-27,2023-07-17,2.6243758437451454e-06,2.6243758437451454e-06,0.00444384594667385,2025-01-23,250,32896,182,,2.1255466911384906e-06,2.1255466911384906e-06,2.1255466911384906e-06,2.1255466911384906e-06,0.0014579254751661659,0.0014579254751661659,0.0,0.0,0.04258044753511838,0.26373626373626374,0.26373626373626374,0.0,1.5035498465301917e-06,1.5035498465301917e-06,0.011620704968995182
2025-01-28,2023-07-19,1.6356460528026597e-06,1.6356460528026597e-06,0.004306969459671104,2025-01-24,250,32970,64,,1.1268770479930144e-06,1.1268770479930144e-06,1.1268770479930144e-06,1.1268770479930144e-06,0.001061544651907311,0.001061544651907311,0.0,0.0,0.04229291219025145,0.25,0.25,0.0,6.181080431833694e-07,6.181080431833694e-07,0.011787443482323105
2025-01-29,2023-07-21,1.50561266938335e-06,1.50561266938335e-06,0.004155124653739614,2025-01-27,250,33074,131,,1.4005008665498556e-06,1.4005008665498556e-06,1.4005008665498556e-06,1.4005008665498556e-06,0.0011834275924406425,0.0011834275924406425,0.0,0.0,0.04219704869978835,0.648854961832061,0.648854961832061,0.0,9.76010893568436e-07,9.76010893568436e-07,0.011687024416065638
2025-01-30,2023-07-24,1.5561168583784367e-06,1.5561168583784367e-06,0.004136029411764707,2025-01-28,250,32941,154,,2.697790263753839e-06,2.697790263753839e-06,2.697790263753839e-06,2.697790263753839e-06,0.0016424951335556033,0.0016424951335556033,0.0,0.0,0.04219704869978835,0.474025974025974,0.474025974025974,0.0,4.536077950375252e-06,4.536077950375252e-06,0.011739652049650221
2025-01-31,2023-07-26,1.1387937141547784e-05,1.1387937141547784e-05,0.004166842038806346,2025-01-29,250,32876,184,,6.1729689025191025e-06,6.1729689025191025e-06,6.1729689025191025e-06,6.1729689025191025e-06,0.0024845460153756667,0.0024845460153756667,0.0,0.0,0.04210117601863539,0.3423913043478261,0.3423913043478261,0.0,3.585790268204582e-07,3.585790268204582e-07,0.011676980034377893
2025-02-03,2023-07-28,1.6282206779872123e-06,1.6282206779872123e-06,0.004194915254237287,2025-01-30,250,32945,184,,1.2395482741989102e-06,1.2395482741989102e-06,1.2395482741989102e-06,1.2395482741989102e-06,0.0011133500232177256,0.0011133500232177256,0.0,0.0,0.04219704869978835,0.2826086956521739,0.2826086956521739,0.0,8.246732364473515e-07,8.246732364473515e-07,0.011739456980492504
2025-02-04,2023-07-31,2.1412704601470154e-06,2.1412704601470154e-06,0.004341914828297005,2025-01-31,250,32937,67,,2.203871120716363e-06,2.203871120716363e-06,2.203871120716363e-06,2.203871120716363e-06,0.0014845440784012993,0.0014845440784012993,0.0,0.0,0.042484611606155305,0.26865671641791045,0.26865671641791045,0.0,2.268368770999934e-06,2.268368770999934e-06,0.011818993927430282
2025-02-05,2023-08-02,4.2780824739361966e-07,4.2780824739361966e-07,0.004252577319587628,2025-02-03,250,32974,163,,7.144402626658378e-07,7.144402626658378e-07,7.144402626658378e-07,7.144402626658378e-07,0.0008452456818380309,0.0008452456818380309,0.0,0.0,0.04238876649178663,0.4785276073619632,0.4785276073619632,0.0,1.1813730617383224e-06,1.1813730617383224e-06,0.011740237296021803
2025-02-06,2023-08-04,1.5996190832989209e-06,1.5996190832989209e-06,0.0042586140147115766,2025-02-04,250,32960,117,,1.573148433016467e-06,1.573148433016467e-06,1.573148433016467e-06,1.573148433016467e-06,0.0012542521409256062,0.0012542521409256062,0.0,0.0,0.042388766491786606,0.2905982905982906,0.2905982905982906,0.0,1.5480013152481354e-06,1.5480013152481354e-06,0.011692827115951139
2025-02-07,2023-08-07,1.8494788243551614e-06,1.8494788243551614e-06,0.004244918960638023,2025-02-05,250,32983,153,,1.5919314092612382e-06,1.5919314092612382e-06,1.5919314092612382e-06,1.5919314092612382e-06,0.0012617176424466919,0.0012617176424466919,0.0,0.0,0.0424846116061553,0.32679738562091504,0.32679738562091504,0.0,1.337728765791911e-06,1.337728765791911e-06,0.011652328803272199
2025-02-10,2023-08-09,5.671996571759592e-07,5.671996571759592e-07,0.0032948205421078065,2025-02-06,250,32926,144,,3.437832080202016e-07,3.437832080202016e-07,3.437832080202016e-07,3.437832080202016e-07,0.0005863302891887828,0.0005863302891887828,0.0,0.0,0.04258044753511839,0.5,0.5,0.0,1.8870590801796992e-07,1.8870590801796992e-07,0.011759974699136108
2025-02-11,2023-08-11,2.467441285676965e-06,2.467441285676965e-06,0.004392708104546453,2025-02-07,250,33003,64,,1.4016246891764682e-06,1.4016246891764682e-06,1.4016246891764682e-06,1.4016246891764682e-06,0.0011839023140345947,0.0011839023140345947,0.0,0.0,0.04258044753511839,0.34375,0.34375,0.0,1.9369921314257195e-07,1.9369921314257195e-07,0.011680648094568905
2025-02-12,2023-08-14,1.1649324251883095e-06,1.1649324251883095e-06,0.004298856504169891,2025-02-10,250,33016,129,,9.306564860107881e-07,9.306564860107881e-07,9.306564860107881e-07,9.306564860107881e-07,0.0009647053881941305,0.0009647053881941305,0.0,0.0,0.04258044753511839,0.37209302325581395,0.37209302325581395,0.0,1.9004222667539803e-07,1.9004222667539803e-07,0.011671771488989117
2025-02-13,2023-08-18,1.0964736238874016e-06,1.0964736238874016e-06,0.004221724996833706,2025-02-11,250,32912,123,,6.778775452522148e-07,6.778775452522148e-07,6.778775452522148e-07,6.778775452522148e-07,0.0008233331921234652,0.0008233331921234652,0.0,0.0,0.042580447535118374,0.4959349593495935,0.4959349593495935,0.0,2.5241923581972996e-07,2.5241923581972996e-07,0.01170949350304959
2025-02-14,2023-08-21,1.920309562943009e-06,1.920309562943009e-06,0.004140272429925889,2025-02-12,250,32850,148,,8.526563378828831e-07,8.526563378828831e-07,8.526563378828831e-07,8.526563378828831e-07,0.0009233939234600167,0.0009233939234600167,0.0,0.0,0.042484611606155305,0.5135135135135135,0.5135135135135135,0.0,1.6461314839969095e-07,1.6461314839969095e-07,0.011587161530513503
2025-02-18,2023-08-23,8.963018892502596e-08,8.963018892502596e-08,0.00408830744071954,2025-02-13,250,32757,70,,1.0862710162264752e-07,1.0862710162264752e-07,1.0862710162264752e-07,1.0862710162264752e-07,0.0003295862582430395,0.0003295862582430395,0.0,0.0,0.04248461160615531,0.5285714285714286,0.5285714285714286,0.0,1.311859354510731e-07,1.311859354510731e-07,0.01158773167131376
2025-02-19,2023-08-25,3.7498463678085286e-07,3.7498463678085286e-07,0.004090481449666625,2025-02-14,250,32829,162,,4.041811509733358e-07,4.041811509733358e-07,4.041811509733358e-07,4.041811509733358e-07,0.0006357524289952307,0.0006357524289952307,0.0,0.0,0.0424846116061553,0.4012345679012346,0.4012345679012346,0.0,4.579642034331728e-07,4.579642034331728e-07,0.011553811182521382
2025-02-20,2023-08-28,1.8420687712684396e-07,1.8420687712684396e-07,0.004083799567117246,2025-02-18,250,32724,162,,1.8879640095428528e-07,1.8879640095428528e-07,1.8879640095428528e-07,1.8879640095428528e-07,0.0004345070781406044,0.0004345070781406044,0.0,0.0,0.0424846116061553,0.5,0.5,0.0,1.9600850982597876e-07,1.9600850982597876e-07,0.011526666992968204
2025-02-21,2023-08-30,1.0761265177416234e-06,1.0761265177416234e-06,0.004067851767481592,2025-02-19,250,32723,188,,9.366384450338438e-07,9.366384450338438e-07,9.366384450338438e-07,9.366384450338438e-07,0.0009678008292173777,0.0009678008292173777,0.0,0.0,0.04238876649178662,0.3617021276595745,0.3617021276595745,0.0,7.81477555167887e-07,7.81477555167887e-07,0.011574822241882108
2025-02-24,2023-09-01,1.915084169544845e-06,1.915084169544845e-06,0.004072490327835471,2025-02-20,250,32816,194,,1.0582102604801904e-06,1.0582102604801904e-06,1.0582102604801904e-06,1.0582102604801904e-06,0.0010286934725564222,0.0010286934725564222,0.0,0.0,0.04229291219025145,0.3711340206185567,0.3711340206185567,0.0,1.6525744998123465e-07,1.6525744998123465e-07,0.011776244291095778
2025-02-25,2023-09-06,4.4447598260478725e-07,4.4447598260478725e-07,0.004046944556859573,2025-02-21,250,32838,68,,4.427394361654703e-07,4.427394361654703e-07,4.427394361654703e-07,4.427394361654703e-07,0.0006653866816862735,0.0006653866816862735,0.0,0.0,0.04219704869978836,0.3088235294117647,0.3088235294117647,0.0,4.407858214212386e-07,4.407858214212386e-07,0.011830076522496274
2025-02-26,2023-09-08,2.1097850697714675e-06,2.1097850697714675e-06,0.004047927461139898,2025-02-24,250,32960,168,,1.5030256126574202e-06,1.5030256126574202e-06,1.5030256126574202e-06,1.5030256126574202e-06,0.001225979450340592,0.001225979450340592,0.0,0.0,0.04210117601863539,0.32142857142857145,0.32142857142857145,0.0,5.653064516629836e-07,5.653064516629836e-07,0.011889203015616585
2025-02-27,2023-09-11,1.54888505425186e-06,1.54888505425186e-06,0.004160426027625229,2025-02-25,250,32936,130,,1.3624409817698665e-06,1.3624409817698665e-06,1.3624409817698665e-06,1.3624409817698665e-06,0.0011672364720868974,0.0011672364720868974,0.0,0.0,0.04219704869978835,0.46923076923076923,0.46923076923076923,0.0,7.670228148112426e-07,7.670228148112426e-07,0.011883203821441795
2025-02-28,2023-09-15,1.6142723826903163e-06,1.6142723826903163e-06,0.004214075010535187,2025-02-26,250,32950,171,,1.0305143488727513e-06,1.0305143488727513e-06,1.0305143488727513e-06,1.0305143488727513e-06,0.0010151425263837347,0.0010151425263837347,0.0,0.0,0.04229291219025145,0.5263157894736842,0.5263157894736842,0.0,4.79924385158457e-07,4.79924385158457e-07,0.012075959319716263
2025-03-03,2023-09-18,3.2058022290239602e-06,3.2058022290239602e-06,0.004134965266291763,2025-02-27,250,32908,141,,3.1711263246986067e-06,3.1711263246986067e-06,3.1711263246986067e-06,3.1711263246986067e-06,0.0017807656568730784,0.0017807656568730784,0.0,0.0,0.042292912190251455,0.19858156028368795,0.19858156028368795,0.0,3.1099335523597474e-06,3.1099335523597474e-06,0.011890403581406311
2025-03-04,2023-09-20,1.0764398974315889e-06,1.0764398974315889e-06,0.00420115111540562,2025-02-28,250,32902,96,,6.981337206017191e-07,6.981337206017191e-07,6.981337206017191e-07,6.981337206017191e-07,0.0008355439668872723,0.0008355439668872723,0.0,0.0,0.04258044753511838,0.3541666666666667,0.3541666666666667,0.0,4.502779495752525e-07,4.502779495752525e-07,0.012102437603850835
2025-03-05,2023-09-22,1.7530903785278777e-06,1.7530903785278777e-06,0.004238545331242315,2025-03-03,250,32960,160,,2.4427702623464344e-06,2.4427702623464344e-06,2.4427702623464344e-06,2.4427702623464344e-06,0.0015629364230020472,0.0015629364230020472,0.0,0.0,0.0424846116061553,0.25,0.25,0.0,3.655655575268723e-06,3.655655575268723e-06,0.012247408383316578
2025-03-06,2023-09-25,2.51771405495108e-06,2.51771405495108e-06,0.004241961482989734,2025-03-04,250,32864,96,,2.7156087272604032e-06,2.7156087272604032e-06,2.7156087272604032e-06,2.7156087272604032e-06,0.0016479104123890969,0.0016479104123890969,0.0,0.0,0.04258044753511838,0.34375,0.34375,0.0,3.1113980718790502e-06,3.1113980718790502e-06,0.012117174904812542
2025-03-07,2023-09-27,1.916271204698017e-06,1.916271204698017e-06,0.004249351973823991,2025-03-05,250,32830,149,,2.5480496595238435e-06,2.5480496595238435e-06,2.5480496595238435e-06,2.5480496595238435e-06,0.0015962611501642967,0.0015962611501642967,0.0,0.0,0.0424846116061553,0.28859060402684567,0.28859060402684567,0.0,3.45946775828897e-06,3.45946775828897e-06,0.012336156169789243
2025-03-10,2023-09-29,8.085563329807077e-06,8.085563329807077e-06,0.0041828753084870544,2025-03-06,250,32846,174,,5.163726426603741e-06,5.163726426603741e-06,5.163726426603741e-06,5.163726426603741e-06,0.002272383424205462,0.002272383424205462,0.0,0.0,0.042484611606155305,0.19540229885057472,0.19540229885057472,0.0,2.559480491139897e-06,2.559480491139897e-06,0.012267398249756912
2025-03-11,2023-10-02,,,,2025-03-07,250,32821,33,,6.240362129443572e-07,6.240362129443572e-07,6.240362129443572e-07,6.240362129443572e-07,0.0007899596274141845,0.0007899596274141845,0.0,0.0,0.04238876649178663,0.30303030303030304,0.30303030303030304,0.0,6.240362129443572e-07,6.240362129443572e-07,0.012603089657140817
2025-03-12,2023-10-04,4.903568856380244e-06,4.903568856380244e-06,0.004528165187466037,2025-03-10,250,32777,170,,4.899967328491032e-06,4.899967328491032e-06,4.899967328491032e-06,4.899967328491032e-06,0.002213586982363926,0.002213586982363926,0.0,0.0,0.042484611606155305,0.24705882352941178,0.24705882352941178,0.0,4.894002297924528e-06,4.894002297924528e-06,0.012708735069794214
2025-03-13,2023-10-06,9.964540183554527e-07,9.964540183554527e-07,0.004608719697667989,2025-03-11,250,32729,128,,1.2653186176485478e-06,1.2653186176485478e-06,1.2653186176485478e-06,1.2653186176485478e-06,0.0011248638218240231,0.0011248638218240231,0.0,0.0,0.042580447535118374,0.2890625,0.2890625,0.0,2.143609642005993e-06,2.143609642005993e-06,0.012641651904736336
2025-03-14,2023-10-09,4.7604205390750914e-06,4.7604205390750914e-06,0.004769172071728347,2025-03-12,250,32797,152,,5.058030302268889e-06,5.058030302268889e-06,5.058030302268889e-06,5.058030302268889e-06,0.0022490065145012116,0.0022490065145012116,0.0,0.0,0.0424846116061553,0.19078947368421054,0.19078947368421054,0.0,5.305440828297468e-06,5.305440828297468e-06,0.012812447861883862
2025-03-17,2023-10-13,1.005555335479717e-06,1.005555335479717e-06,0.004684060143332241,2025-03-13,250,32751,64,,1.1515281423298053e-06,1.1515281423298053e-06,1.1515281423298053e-06,1.1515281423298053e-06,0.0010730927929726325,0.0010730927929726325,0.0,0.0,0.04238876649178663,0.390625,0.390625,0.0,1.2803276777857655e-06,1.2803276777857655e-06,0.009719271157228907
2025-03-18,2023-10-16,1.2161037405390006e-06,1.2161037405390006e-06,0.004672897196261682,2025-03-14,250,32798,152,,1.087274957739743e-06,1.087274957739743e-06,1.087274957739743e-06,1.087274957739743e-06,0.0010427247756429991,0.0010427247756429991,0.0,0.0,0.0424846116061553,0.3092105263157895,0.3092105263157895,0.0,9.743509629403937e-07,9.743509629403937e-07,0.009644896411883984
2025-03-19,2023-10-18,1.4838557007655532e-06,1.4838557007655532e-06,0.004701678499224224,2025-03-17,250,32754,158,,1.3116224601049281e-06,1.3116224601049281e-06,1.3116224601049281e-06,1.3116224601049281e-06,0.0011452608698916279,0.0011452608698916279,0.0,0.0,0.042484611606155305,0.2721518987341772,0.2721518987341772,0.0,1.0377433724970491e-06,1.0377433724970491e-06,0.009750281629888419
2025-03-20,2023-10-20,5.57853126556231e-07,5.57853126556231e-07,0.004645976584278016,2025-03-18,250,32824,157,,4.3523419759799233e-07,4.3523419759799233e-07,4.3523419759799233e-07,4.3523419759799233e-07,0.0006597228187640566,0.0006597228187640566,0.0,0.0,0.042388766491786634,0.6114649681528662,0.6114649681528662,0.0,2.4226014546699367e-07,2.4226014546699367e-07,0.00964523654188634
2025-03-21,2023-10-23,1.4165151302449212e-06,1.4165151302449212e-06,0.0046707146193367575,2025-03-19,250,32784,163,,1.963009553810062e-06,1.963009553810062e-06,1.963009553810062e-06,1.963009553810062e-06,0.001401074428362056,0.001401074428362056,0.0,0.0,0.04238876649178663,0.32515337423312884,0.32515337423312884,0.0,2.80836811526239e-06,2.80836811526239e-06,0.009673209075315213
2025-03-24,2023-10-25,3.2975765436723826e-05,3.2975765436723826e-05,0.004581481651165986,2025-03-20,250,32740,61,,8.386610603925921e-05,8.386610603925921e-05,8.386610603925921e-05,8.386610603925921e-05,0.009157843962377782,0.009157843962377782,0.0,0.0,0.04238876649178664,0.01639344262295082,0.01639344262295082,0.0,0.00010516903931473915,0.00010516903931473915,0.012705470052129509
2025-03-25,2023-10-27,7.529298458579934e-06,7.529298458579934e-06,0.004530421782267929,2025-03-21,250,32823,79,,6.210365523222346e-05,6.210365523222346e-05,6.210365523222346e-05,6.210365523222346e-05,0.007880587239046558,0.007880587239046558,0.0,0.0,0.04238876649178664,0.08860759493670886,0.08860759493670886,0.0,9.375678216093669e-05,9.375678216093669e-05,0.0124819380574136
2025-03-26,2023-10-30,9.025541530432691e-05,9.025541530432691e-05,0.0044692737430167585,2025-03-24,250,32745,107,,7.699109842694306e-05,7.699109842694306e-05,7.699109842694306e-05,7.699109842694306e-05,0.008774457158533687,0.008774457158533687,0.0,0.0,0.04238876649178661,0.0,0.0,0.0,6.068704226515879e-05,6.068704226515879e-05,0.012452005352239946
2025-03-27,2023-11-03,6.694493801024705e-05,6.694493801024705e-05,0.004514061300952465,2025-03-25,250,32680,114,,4.778118650272331e-05,4.778118650272331e-05,4.778118650272331e-05,4.778118650272331e-05,0.006912393688348726,0.006912393688348726,0.0,0.0,0.04238876649178661,0.0,0.0,0.0,2.4932098166829623e-05,2.4932098166829623e-05,0.01260245695492358
2025-03-28,2023-11-06,0.00019996729430658022,0.00019996729430658022,0.004467277194549923,2025-03-26,250,32747,126,,0.00013889671736129746,0.00013889671736129746,0.00013889671736129746,0.00013889671736129746,0.011785445149051327,0.011785445149051327,0.0,0.0,0.042388766491786606,0.0,0.0,0.0,8.680710761385036e-05,8.680710761385036e-05,0.01263601431896734
2025-03-31,2023-11-08,0.00025840280259569197,0.00025840280259569197,0.004589261128958238,2025-03-27,250,32696,39,,0.00025840280259569197,0.00025840280259569197,0.00025840280259569197,0.00025840280259569197,0.01607491221113484,0.01607491221113484,0.0,0.0,0.04238876649178662,0.0,0.0,0.0,,,
2025-04-01,2023-11-09,0.00011310148309998496,0.00011310148309998496,0.004501868275334266,2025-03-28,250,32788,110,,6.416825855157312e-05,6.416825855157312e-05,6.416825855157312e-05,6.416825855157312e-05,0.008010509256693554,0.008010509256693554,0.0,0.0,0.042292912190251435,0.0,0.0,0.0,1.698264916560457e-05,1.698264916560457e-05,0.012809723091224369
2025-04-02,2023-11-10,4.4876614196897344e-07,4.4876614196897344e-07,0.0044804874770375,2025-03-31,250,32741,170,,3.2860951441148465e-07,3.2860951441148465e-07,3.2860951441148465e-07,3.2860951441148465e-07,0.0005732447247131757,0.0005732447247131757,0.0,0.0,0.04229291219025145,0.6764705882352942,0.6764705882352942,0.0,1.392717982602902e-07,1.392717982602902e-07,0.012773643866873447
2025-04-03,2023-11-13,2.600092461898229e-05,2.600092461898229e-05,0.004466479074545538,2025-04-01,250,32699,170,,1.550739460072476e-05,1.550739460072476e-05,1.550739460072476e-05,1.550739460072476e-05,0.003937942940257611,0.003937942940257611,0.0,0.0,0.04229291219025145,0.14705882352941177,0.14705882352941177,0.0,5.257900164287175e-06,5.257900164287175e-06,0.012693316445830077
2025-04-04,2023-11-17,4.716201329536866e-05,4.716201329536866e-05,0.004921502042423347,2025-04-02,250,32695,110,,3.704579582562514e-05,3.704579582562514e-05,3.704579582562514e-05,3.704579582562514e-05,0.006086525759875262,0.006086525759875262,0.0,0.0,0.04219704869978833,0.10909090909090909,0.10909090909090909,0.0,2.921388552646888e-05,2.921388552646888e-05,0.013351278181479409
2025-04-07,2023-11-20,1.7515862830316456e-05,1.7515862830316456e-05,0.005308419152776303,2025-04-03,250,32700,144,,1.934423732897574e-05,1.934423732897574e-05,1.934423732897574e-05,1.934423732897574e-05,0.004398208422639352,0.004398208422639352,0.0,0.0,0.041909403077209625,0.20833333333333334,0.20833333333333334,0.0,2.144550354385283e-05,2.144550354385283e-05,0.014181505303989868
2025-04-08,2023-11-21,1.1166834787357524e-05,1.1166834787357524e-05,0.005510856387082552,2025-04-04,250,32622,50,,7.2692882068783094e-06,7.2692882068783094e-06,7.2692882068783094e-06,7.2692882068783094e-06,0.0026961617545834134,0.0026961617545834134,0.0,0.0,0.04200529414503014,0.28,0.28,0.0,5.4351486395939715e-06,5.4351486395939715e-06,0.014206810341409254
2025-04-09,2023-11-22,7.107297621638972e-05,7.107297621638972e-05,0.005799791207516528,2025-04-07,250,32691,106,,5.502999599480165e-05,5.502999599480165e-05,5.502999599480165e-05,5.502999599480165e-05,0.007418220540992405,0.007418220540992405,0.0,0.0,0.042197048699788346,0.08490566037735849,0.08490566037735849,0.0,4.015377797114725e-05,4.015377797114725e-05,0.014432869400580082
2025-04-10,2023-11-24,5.1075768892985165e-05,5.1075768892985165e-05,0.005028916268544128,2025-04-08,250,32565,145,,5.11061317735558e-05,5.11061317735558e-05,5.11061317735558e-05,5.11061317735558e-05,0.007148855277144432,0.007148855277144432,0.0,0.0,0.04258044753511839,0.16551724137931034,0.16551724137931034,0.0,5.115038953167572e-05,5.115038953167572e-05,0.013061191717400026
2025-04-11,2023-11-27,5.336515411778589e-06,5.336515411778589e-06,0.005251549207016071,2025-04-09,250,32513,155,,4.114341542694028e-06,4.114341542694028e-06,4.114341542694028e-06,4.114341542694028e-06,0.0020283839731899947,0.0020283839731899947,0.0,0.0,0.0424846116061553,0.15483870967741936,0.15483870967741936,0.0,3.25479068971148e-06,3.25479068971148e-06,0.013659748751382058
2025-04-14,2023-11-29,1.2221970549672347e-05,1.2221970549672347e-05,0.005046681806712086,2025-04-10,250,32496,167,,1.2086097302495479e-05,1.2086097302495479e-05,1.2086097302495479e-05,1.2086097302495479e-05,0.003476506479570472,0.003476506479570472,0.0,0.0,0.042484611606155305,0.16766467065868262,0.16766467065868262,0.0,1.1897815802836106e-05,1.1897815802836106e-05,0.013420292542233205
2025-04-15,2023-12-01,,,,2025-04-11,250,32575,33,,2.5305492546531783e-06,2.5305492546531783e-06,2.5305492546531783e-06,2.5305492546531783e-06,0.0015907700194098386,0.0015907700194098386,0.0,0.0,0.04238876649178663,0.09090909090909091,0.09090909090909091,0.0,2.5305492546531783e-06,2.5305492546531783e-06,0.013291347009942127
2025-04-16,2023-12-04,2.094362081022598e-06,2.094362081022598e-06,0.00494706638963095,2025-04-14,250,32615,201,,1.8559604172179543e-06,1.8559604172179543e-06,1.8559604172179543e-06,1.8559604172179543e-06,0.001362336381815429,0.001362336381815429,0.0,0.0,0.04238876649178662,0.13930348258706468,0.13930348258706468,0.0,1.619919165926228e-06,1.619919165926228e-06,0.013328678782016698
2025-04-17,2023-12-06,1.356509739765712e-06,1.356509739765712e-06,0.005147475163432337,2025-04-15,250,32470,201,,1.6977935231540545e-06,1.6977935231540545e-06,1.6977935231540545e-06,1.6977935231540545e-06,0.0013029940610586276,0.0013029940610586276,0.0,0.0,0.04238876649178662,0.208955223880597,0.208955223880597,0.0,2.029039548207446e-06,2.029039548207446e-06,0.013631683978236884
2025-04-21,2023-12-08,7.175880896136383e-06,7.175880896136383e-06,0.005076657528683116,2025-04-16,250,32604,172,,5.605413411592351e-06,5.605413411592351e-06,5.605413411592351e-06,5.605413411592351e-06,0.0023675754289129523,0.0023675754289129523,0.0,0.0,0.0424846116061553,0.09302325581395349,0.09302325581395349,0.0,3.3170179341139016e-06,3.3170179341139016e-06,0.013612262305047395
2025-04-22,2023-12-11,4.3565949733461335e-06,4.3565949733461335e-06,0.005177055290950506,2025-04-17,250,32687,64,,3.086184181650767e-06,3.086184181650767e-06,3.086184181650767e-06,3.086184181650767e-06,0.0017567538762304658,0.0017567538762304658,0.0,0.0,0.0424846116061553,0.25,0.25,0.0,1.9652334830960314e-06,1.9652334830960314e-06,0.01394417179107963
2025-04-23,2023-12-13,8.823474269675126e-06,8.823474269675126e-06,0.005006508460999301,2025-04-21,250,32700,164,,5.703804784498082e-06,5.703804784498082e-06,5.703804784498082e-06,5.703804784498082e-06,0.002388263968764358,0.002388263968764358,0.0,0.0,0.042388766491786634,0.2926829268292683,0.2926829268292683,0.0,1.6174771489844904e-06,1.6174771489844904e-06,0.013590575628259837
2025-04-24,2023-12-15,3.7242253094312135e-06,3.7242253094312135e-06,0.004887585532746824,2025-04-22,250,32736,167,,2.9342010996890394e-06,2.9342010996890394e-06,2.9342010996890394e-06,2.9342010996890394e-06,0.0017129509916191529,0.0017129509916191529,0.0,0.0,0.042388766491786634,0.17365269461077845,0.17365269461077845,0.0,1.8394532661891692e-06,1.8394532661891692e-06,0.013383196369205484
2025-04-25,2023-12-18,1.8781459905032625e-06,1.8781459905032625e-06,0.004799155348658635,2025-04-23,250,32799,211,,1.835118461882273e-06,1.835118461882273e-06,1.835118461882273e-06,1.835118461882273e-06,0.0013546654427873596,0.0013546654427873596,0.0,0.0,0.04229291219025144,0.3127962085308057,0.3127962085308057,0.0,1.7891380636500392e-06,1.7891380636500392e-06,0.013107302127348222
2025-04-28,2023-12-20,2.1368818446098066e-06,2.1368818446098066e-06,0.004778287461773699,2025-04-24,250,32790,219,,1.27416258575799e-06,1.27416258575799e-06,1.27416258575799e-06,1.27416258575799e-06,0.0011287881048974559,0.0011287881048974559,0.0,0.0,0.04229291219025145,0.2785388127853881,0.2785388127853881,0.0,4.035284713203765e-07,4.035284713203765e-07,0.013013277277349989
2025-04-29,2023-12-22,2.859833542236734e-07,2.859833542236734e-07,0.004758732273722281,2025-04-25,250,32920,79,,5.443436919908597e-07,5.443436919908597e-07,5.443436919908597e-07,5.443436919908597e-07,0.0007377965112352183,0.0007377965112352183,0.0,0.0,0.042292912190251455,0.34177215189873417,0.34177215189873417,0.0,8.093286538033581e-07,8.093286538033581e-07,0.013008316238540436
2025-04-30,2023-12-27,2.002964381048778e-06,2.002964381048778e-06,0.004734624307561195,2025-04-28,250,32950,189,,3.1733147598801554e-06,3.1733147598801554e-06,3.1733147598801554e-06,3.1733147598801554e-06,0.0017813800155722403,0.0017813800155722403,0.0,0.0,0.042197048699788346,0.25925925925925924,0.25925925925925924,0.0,5.075134125481144e-06,5.075134125481144e-06,0.012926885192668493
2025-05-01,2023-12-29,2.393205215556294e-06,2.393205215556294e-06,0.004705882352941178,2025-04-29,250,32947,132,,3.7162868668346776e-06,3.7162868668346776e-06,3.7162868668346776e-06,3.7162868668346776e-06,0.0019277673269444831,0.0019277673269444831,0.0,0.0,0.04219704869978835,0.5303030303030303,0.5303030303030303,0.0,9.379076334306158e-06,9.379076334306158e-06,0.012921756771378079
2025-05-02,2024-01-03,2.0511346760097494e-05,2.0511346760097494e-05,0.004687792987061691,2025-04-30,250,32999,203,,1.5878146984295062e-05,1.5878146984295062e-05,1.5878146984295062e-05,1.5878146984295062e-05,0.003984739261770469,0.003984739261770469,0.0,0.0,0.042197048699788346,0.08374384236453201,0.08374384236453201,0.0,1.1105951215218555e-05,1.1105951215218555e-05,0.012830825290525896
2025-05-05,2024-01-05,2.9504038390799385e-06,2.9504038390799385e-06,0.004869734599464328,2025-05-01,250,33055,221,,2.1643288692620425e-06,2.1643288692620425e-06,2.1643288692620425e-06,2.1643288692620425e-06,0.0014711658197708519,0.0014711658197708519,0.0,0.0,0.04238876649178661,0.28054298642533937,0.28054298642533937,0.0,1.3566188085317282e-06,1.3566188085317282e-06,0.012643148775495803
2025-05-06,2024-01-08,7.021362930069667e-07,7.021362930069667e-07,0.005027904872039821,2025-05-02,250,33159,79,,4.937477866974404e-07,4.937477866974404e-07,4.937477866974404e-07,4.937477866974404e-07,0.0007026718912105709,0.0007026718912105709,0.0,0.0,0.04238876649178664,0.5569620253164557,0.5569620253164557,0.0,2.8001598535433684e-07,2.8001598535433684e-07,0.012716067150538586
2025-05-07,2024-01-10,1.5545204913141554e-06,1.5545204913141554e-06,0.005037529595486374,2025-05-05,250,33261,189,,1.023621140872672e-06,1.023621140872672e-06,1.023621140872672e-06,1.023621140872672e-06,0.0010117416374117812,0.0010117416374117812,0.0,0.0,0.04238876649178662,0.6190476190476191,0.6190476190476191,0.0,2.166541282016176e-07,2.166541282016176e-07,0.012823248031496063
2025-05-08,2024-01-12,1.3657475574253066e-06,1.3657475574253066e-06,0.005095541401273885,2025-05-06,250,33271,147,,9.348475472429696e-07,9.348475472429696e-07,9.348475472429696e-07,9.348475472429696e-07,0.0009668751456330697,0.0009668751456330697,0.0,0.0,0.042484611606155305,0.41496598639455784,0.41496598639455784,0.0,5.097705101712051e-07,5.097705101712051e-07,0.012769546467076537
2025-05-09,2024-01-17,1.1669621322388308e-06,1.1669621322388308e-06,0.005063547521393487,2025-05-07,250,33370,214,,7.899219811581783e-07,7.899219811581783e-07,7.899219811581783e-07,7.899219811581783e-07,0.000888775551620418,0.000888775551620418,0.0,0.0,0.042484611606155284,0.3691588785046729,0.3691588785046729,0.0,3.9851839575064377e-07,3.9851839575064377e-07,0.012681186068736064
2025-05-12,2024-01-19,1.6834790942073062e-05,1.6834790942073062e-05,0.0037777665843953066,2025-05-08,250,33475,195,,1.0133202159066333e-05,1.0133202159066333e-05,1.0133202159066333e-05,1.0133202159066333e-05,0.003183269099379808,0.003183269099379808,0.0,0.0,0.04248461160615529,0.26153846153846155,0.26153846153846155,0.0,2.932558892218676e-06,2.932558892218676e-06,0.012697365063614135
2025-05-13,2024-01-22,,,,2025-05-09,250,33510,37,,1.4897225520109747e-07,1.4897225520109747e-07,1.4897225520109747e-07,1.4897225520109747e-07,0.0003859692412629502,0.0003859692412629502,0.0,0.0,0.04325104199431492,0.5405405405405406,0.5405405405405406,0.0,1.4897225520109747e-07,1.4897225520109747e-07,0.012291173090447522
2025-05-14,2024-01-24,8.602138487775108e-07,8.602138487775108e-07,0.004743342882637486,2025-05-12,250,33512,189,,6.14869422452085e-07,6.14869422452085e-07,6.14869422452085e-07,6.14869422452085e-07,0.000784136099444532,0.000784136099444532,0.0,0.0,0.0431552703139276,0.35978835978835977,0.35978835978835977,0.0,2.1618472967326813e-07,2.1618472967326813e-07,0.012210536091609296
2025-05-15,2024-01-26,7.104620204846233e-07,7.104620204846233e-07,0.004756746573729573,2025-05-13,250,33464,149,,5.923616802798019e-07,5.923616802798019e-07,5.923616802798019e-07,5.923616802798019e-07,0.0007696503623593001,0.0007696503623593001,0.0,0.0,0.043155270313927616,0.38926174496644295,0.38926174496644295,0.0,1.428184498227396e-07,1.428184498227396e-07,0.012194950560765153
2025-05-16,2024-01-29,5.76063916260009e-07,5.76063916260009e-07,0.004776542917947505,2025-05-14,250,33516,211,,3.4113021418125284e-07,3.4113021418125284e-07,3.4113021418125284e-07,3.4113021418125284e-07,0.0005840635360825505,0.0005840635360825505,0.0,0.0,0.0428679002271758,0.4312796208530806,0.4312796208530806,0.0,7.534663203154868e-08,7.534663203154868e-08,0.012135675574975443
2025-05-19,2024-01-31,7.337062595679241e-07,7.337062595679241e-07,0.004780838776862633,2025-05-15,250,33501,198,,6.815606099929927e-07,6.815606099929927e-07,6.815606099929927e-07,6.815606099929927e-07,0.000825566841626402,0.000825566841626402,0.0,0.0,0.04277209184386898,0.41414141414141414,0.41414141414141414,0.0,6.189858305030755e-07,6.189858305030755e-07,0.012059291484348702
2025-05-20,2024-02-02,6.8035727178644085e-06,6.8035727178644085e-06,0.004837628125299358,2025-05-16,250,33604,80,,3.6967115282660336e-06,3.6967115282660336e-06,3.6967115282660336e-06,3.6967115282660336e-06,0.0019226834186277348,0.0019226834186277348,0.0,0.0,0.042963699432115664,0.2,0.2,0.0,2.628123187099341e-07,2.628123187099341e-07,0.012046114146423469
2025-05-21,2024-02-05,9.71092506392632e-06,9.71092506392632e-06,0.004882529246833608,2025-05-19,250,33709,194,,5.354786584381142e-06,5.354786584381142e-06,5.354786584381142e-06,5.354786584381142e-06,0.0023140411803555146,0.0023140411803555146,0.0,0.0,0.0428679002271758,0.20103092783505155,0.20103092783505155,0.0,5.25154791841924e-07,5.25154791841924e-07,0.01208675212954373
2025-05-22,2024-02-07,7.325049641822084e-07,7.325049641822084e-07,0.004997773269335447,2025-05-20,250,33607,193,,4.7521866998097e-07,4.7521866998097e-07,4.7521866998097e-07,4.7521866998097e-07,0.0006893610592287397,0.0006893610592287397,0.0,0.0,0.04267627428043631,0.5181347150259067,0.5181347150259067,0.0,7.913319075011634e-08,7.913319075011634e-08,0.012293914490615242
2025-05-23,2024-02-09,1.9447253304008723e-06,1.9447253304008723e-06,0.005015891934843067,2025-05-21,250,33729,218,,1.8034903603013942e-06,1.8034903603013942e-06,1.8034903603013942e-06,1.8034903603013942e-06,0.0013429409370115256,0.0013429409370115256,0.0,0.0,0.04277209184386899,0.22935779816513763,0.22935779816513763,0.0,1.6458008305786745e-06,1.6458008305786745e-06,0.012289065152892355
2025-05-27,2024-02-12,5.118796401464905e-06,5.118796401464905e-06,0.005172325498028371,2025-05-22,250,33802,74,,4.652379468939041e-06,4.652379468939041e-06,4.652379468939041e-06,4.652379468939041e-06,0.0021569375208705145,0.0021569375208705145,0.0,0.0,0.042676274280436306,0.13513513513513514,0.13513513513513514,0.0,4.160050484606187e-06,4.160050484606187e-06,0.012373523164856414
2025-05-28,2024-02-14,2.430205912832867e-07,2.430205912832867e-07,0.005044703061785128,2025-05-23,250,33887,186,,1.949814452893311e-07,1.949814452893311e-07,1.949814452893311e-07,1.949814452893311e-07,0.00044156703374383723,0.00044156703374383723,0.0,0.0,0.04258044753511838,0.6989247311827957,0.6989247311827957,0.0,1.1352376295175421e-07,1.1352376295175421e-07,0.012121510614903158
2025-05-29,2024-02-16,3.1369437784643234e-07,3.1369437784643234e-07,0.005039417223829957,2025-05-27,250,33924,177,,5.209682588809735e-07,5.209682588809735e-07,5.209682588809735e-07,5.209682588809735e-07,0.000721781309595208,0.000721781309595208,0.0,0.0,0.04258044753511838,0.5875706214689266,0.5875706214689266,0.0,8.695652406208838e-07,8.695652406208838e-07,0.01219204566722815
2025-05-30,2024-02-21,3.9494563646579403e-07,3.9494563646579403e-07,0.005051262815703925,2025-05-28,250,33930,164,,3.5625867524788e-07,3.5625867524788e-07,3.5625867524788e-07,3.5625867524788e-07,0.0005968740865943838,0.0005968740865943838,0.0,0.0,0.042676274280436306,0.4878048780487805,0.4878048780487805,0.0,2.7745190239657374e-07,2.7745190239657374e-07,0.012144108126429963
2025-06-02,2024-02-23,7.322179451983573e-07,7.322179451983573e-07,0.005028628329599201,2025-05-29,250,34035,176,,6.383879212221799e-07,6.383879212221799e-07,6.383879212221799e-07,6.383879212221799e-07,0.0007989918154913603,0.0007989918154913603,0.0,0.0,0.042676274280436306,0.3977272727272727,0.3977272727272727,0.0,4.781551110474771e-07,4.781551110474771e-07,0.01215770712092163
2025-06-03,2024-02-26,2.1875227484990316e-07,2.1875227484990316e-07,0.005007436787307884,2025-05-30,250,34044,104,,4.08762776147357e-07,4.08762776147357e-07,4.08762776147357e-07,4.08762776147357e-07,0.000639345584287056,0.000639345584287056,0.0,0.0,0.043442557842836724,0.34615384615384615,0.34615384615384615,0.0,5.181627617428608e-07,5.181627617428608e-07,0.012089607059101415
2025-06-04,2024-02-28,6.190238484877844e-07,6.190238484877844e-07,0.004968760761548681,2025-06-02,250,34097,149,,5.041853787746837e-07,5.041853787746837e-07,5.041853787746837e-07,5.041853787746837e-07,0.0007100601233520185,0.0007100601233520185,0.0,0.0,0.04334680450336586,0.6308724832214765,0.6308724832214765,0.0,1.3014007742344105e-07,1.3014007742344105e-07,0.012021055545303562
2025-06-05,2024-03-01,1.6046436019983024e-06,1.6046436019983024e-06,0.004979785031062026,2025-06-03,250,34108,142,,9.003762067583697e-07,9.003762067583697e-07,9.003762067583697e-07,9.003762067583697e-07,0.0009488815557056475,0.0009488815557056475,0.0,0.0,0.043442557842836724,0.5422535211267606,0.5422535211267606,0.0,1.7598688594015316e-07,1.7598688594015316e-07,0.012024283053378756
2025-06-06,2024-03-04,3.6758049237977545e-06,3.6758049237977545e-06,0.005034142451278471,2025-06-04,250,34102,192,,2.1498514185067774e-06,2.1498514185067774e-06,2.1498514185067774e-06,2.1498514185067774e-06,0.0014662371631174737,0.0014662371631174737,0.0,0.0,0.04344255784283673,0.4166666666666667,0.4166666666666667,0.0,4.912063040600627e-07,4.912063040600627e-07,0.012082675996964842
2025-06-09,2024-03-06,1.367474133047992e-06,1.367474133047992e-06,0.004952922714790114,2025-06-05,250,34116,167,,1.016191390931181e-06,1.016191390931181e-06,1.016191390931181e-06,1.016191390931181e-06,0.0010080631879655069,0.0010080631879655069,0.0,0.0,0.04334680450336586,0.5808383233532934,0.5808383233532934,0.0,3.731653545139672e-07,3.731653545139672e-07,0.011959860800480688
2025-06-10,2024-03-08,,,,2025-06-06,250,34206,56,,8.126810987899885e-08,8.126810987899885e-08,8.126810987899885e-08,8.126810987899885e-08,0.00028507562133405737,0.00028507562133405737,0.0,0.0,0.04344255784283673,0.42857142857142855,0.42857142857142855,0.0,8.126810987899885e-08,8.126810987899885e-08,0.011949091181963715
2025-06-11,2024-03-11,7.351575095962714e-07,7.351575095962714e-07,0.004983470666600877,2025-06-09,250,34243,172,,5.75247016203996e-07,5.75247016203996e-07,5.75247016203996e-07,5.75247016203996e-07,0.0007584504045776467,0.0007584504045776467,0.0,0.0,0.043538302014483436,0.37790697674418605,0.37790697674418605,0.0,2.6094018436400647e-07,2.6094018436400647e-07,0.011881725475890427
2025-06-12,2024-03-13,1.1322360152209136e-06,1.1322360152209136e-06,0.005080994063789112,2025-06-10,250,34142,127,,6.570899633480624e-07,6.570899633480624e-07,6.570899633480624e-07,6.570899633480624e-07,0.0008106108581483858,0.0008106108581483858,0.0,0.0,0.04353830201448343,0.47244094488188976,0.47244094488188976,0.0,1.0946400525731876e-07,1.0946400525731876e-07,0.011915709392044695
2025-06-13,2024-03-15,8.96182514391162e-07,8.96182514391162e-07,0.005070281124497991,2025-06-11,250,34279,94,,9.171039317330825e-07,9.171039317330825e-07,9.171039317330825e-07,9.171039317330825e-07,0.0009576554347640295,0.0009576554347640295,0.0,0.0,0.043634037020061314,0.5531914893617021,0.5531914893617021,0.0,9.71821484781182e-07,9.71821484781182e-07,0.01186853995859213
2025-06-16,2024-03-18,7.782640766163922e-07,7.782640766163922e-07,0.005141257317383559,2025-06-12,250,34298,130,,7.58448441869248e-07,7.58448441869248e-07,7.58448441869248e-07,7.58448441869248e-07,0.0008708894544482944,0.0008708894544482944,0.0,0.0,0.043538302014483436,0.4076923076923077,0.4076923076923077,0.0,6.791859028806712e-07,6.791859028806712e-07,0.01200273199329983
2025-06-17,2024-03-20,9.580929287704814e-07,9.580929287704814e-07,0.00509021268017337,2025-06-13,250,34252,101,,1.1110969477670153e-06,1.1110969477670153e-06,1.1110969477670153e-06,1.1110969477670153e-06,0.0010540858351040562,0.0010540858351040562,0.0,0.0,0.04334680450336585,0.3069306930693069,0.3069306930693069,0.0,1.2114274520270375e-06,1.2114274520270375e-06,0.011889611402402606
2025-06-18,2024-03-22,2.911106292075595e-06,2.911106292075595e-06,0.0051625434471478234,2025-06-16,250,34271,178,,1.8765099169887531e-06,1.8765099169887531e-06,1.8765099169887531e-06,1.8765099169887531e-06,0.0013698576265396172,0.0013698576265396172,0.0,0.0,0.04325104199431494,0.48314606741573035,0.48314606741573035,0.0,2.802755097119117e-07,2.802755097119117e-07,0.011992085753016583
2025-06-20,2024-03-25,4.249521110619884e-06,4.249521110619884e-06,0.005137857360870893,2025-06-17,250,34187,172,,3.891982125464342e-06,3.891982125464342e-06,3.891982125464342e-06,3.891982125464342e-06,0.0019728107170897927,0.0019728107170897927,0.0,0.0,0.04325104199431494,0.26744186046511625,0.26744186046511625,0.0,3.358264509942302e-06,3.358264509942302e-06,0.01199389227370112
2025-06-23,2024-03-27,6.749164778526159e-07,6.749164778526159e-07,0.00502487562189055,2025-06-18,250,34185,180,,5.116172636644236e-07,5.116172636644236e-07,5.116172636644236e-07,5.116172636644236e-07,0.0007152742576553581,0.0007152742576553581,0.0,0.0,0.042963699432115664,0.42777777777777776,0.42777777777777776,0.0,2.6666844238213516e-07,2.6666844238213516e-07,0.012061190011442418
2025-06-24,2024-04-01,2.1625234839367014e-07,2.1625234839367014e-07,0.005012406947890819,2025-06-20,250,34280,76,,6.18271376183404e-07,6.18271376183404e-07,6.18271376183404e-07,6.18271376183404e-07,0.0007863023440022318,0.0007863023440022318,0.0,0.0,0.04286790022717579,0.39473684210526316,0.39473684210526316,0.0,1.0649591848386638e-06,1.0649591848386638e-06,0.0119432208614513
2025-06-25,2024-04-03,1.2873466214929371e-06,1.2873466214929371e-06,0.005042436345481777,2025-06-23,250,34360,171,,8.587992593414274e-07,8.587992593414274e-07,8.587992593414274e-07,8.587992593414274e-07,0.0009267142274409233,0.0009267142274409233,0.0,0.0,0.04286790022717579,0.5614035087719298,0.5614035087719298,0.0,2.2529446311745644e-07,2.2529446311745644e-07,0.011812722897920165
2025-06-26,2024-04-05,1.1481910504780652e-06,1.1481910504780652e-06,0.00501091486406033,2025-06-24,250,34330,170,,7.570437047512417e-07,7.570437047512417e-07,7.570437047512417e-07,7.570437047512417e-07,0.0008700825850177911,0.0008700825850177911,0.0,0.0,0.0428679002271758,0.5294117647058824,0.5294117647058824,0.0,1.557276359473189e-07,1.557276359473189e-07,0.011806107524047966
2025-06-27,2024-04-08,6.720240627550317e-07,6.720240627550317e-07,0.005024875621890548,2025-06-25,250,34394,182,,3.6258497660558923e-07,3.6258497660558923e-07,3.6258497660558923e-07,3.6258497660558923e-07,0.0006021502940342961,0.0006021502940342961,0.0,0.0,0.042963699432115664,0.5934065934065934,0.5934065934065934,0.0,5.987282711156948e-08,5.987282711156948e-08,0.011714455685031126
2025-06-30,2024-04-10,2.3474912139305823e-06,2.3474912139305823e-06,0.005022876467077782,2025-06-26,250,34402,122,,2.0228750228571393e-06,2.0228750228571393e-06,2.0228750228571393e-06,2.0228750228571393e-06,0.0014222781102362291,0.0014222781102362291,0.0,0.0,0.042963699432115664,0.4098360655737705,0.4098360655737705,0.0,4.616257229324808e-07,4.616257229324808e-07,0.01165654160771495
2025-07-01,2024-04-12,7.663393256551061e-07,7.663393256551061e-07,0.004922746990300728,2025-06-27,250,34537,107,,3.97361433534884e-07,3.97361433534884e-07,3.97361433534884e-07,3.97361433534884e-07,0.0006303661107125636,0.0006303661107125636,0.0,0.0,0.0431552703139276,0.3644859813084112,0.3644859813084112,0.0,1.8574176011299202e-07,1.8574176011299202e-07,0.011601074694505137
2025-07-02,2024-04-15,1.3817943409843851e-06,1.3817943409843851e-06,0.0048599749783466446,2025-06-30,250,34530,180,,9.262481656000807e-07,9.262481656000807e-07,9.262481656000807e-07,9.262481656000807e-07,0.0009624178747301407,0.0009624178747301407,0.0,0.0,0.043059489460446965,0.39444444444444443,0.39444444444444443,0.0,1.759368179082851e-07,1.759368179082851e-07,0.011604831215089456
2025-07-03,2024-04-19,9.657513841937352e-07,9.657513841937352e-07,0.004754283562417624,2025-07-01,250,34470,136,,6.825425071909431e-07,6.825425071909431e-07,6.825425071909431e-07,6.825425071909431e-07,0.0008261613082146507,0.0008261613082146507,0.0,0.0,0.0431552703139276,0.4117647058823529,0.4117647058823529,0.0,3.821694558243453e-07,3.821694558243453e-07,0.011552460311064546
2025-07-07,2024-04-22,3.365325972296591e-06,3.365325972296591e-06,0.004729571528915943,2025-07-02,250,34456,157,,2.5292028936560817e-06,2.5292028936560817e-06,2.5292028936560817e-06,2.5292028936560817e-06,0.0015903467840870688,0.0015903467840870688,0.0,0.0,0.04325104199431493,0.27388535031847133,0.27388535031847133,0.0,1.1774705831872577e-06,1.1774705831872577e-06,0.011462123005085229
2025-07-08,2024-04-24,1.367466542500502e-06,1.367466542500502e-06,0.004810669206954036,2025-07-03,250,34392,64,,1.028516418965731e-06,1.028516418965731e-06,1.028516418965731e-06,1.028516418965731e-06,0.0010141579852102585,0.0010141579852102585,0.0,0.0,0.04325104199431494,0.53125,0.53125,0.0,7.476720308940635e-07,7.476720308940635e-07,0.01154817941612425
2025-07-09,2024-04-26,6.522089556282063e-07,6.522089556282063e-07,0.00480929479548593,2025-07-07,250,34469,166,,4.450598131099343e-07,4.450598131099343e-07,4.450598131099343e-07,4.450598131099343e-07,0.0006671280335212532,0.0006671280335212532,0.0,0.0,0.04325104199431494,0.608433734939759,0.608433734939759,0.0,1.3119747596103742e-07,1.3119747596103742e-07,0.011554508817745106
2025-07-10,2024-04-29,3.7601870803034133e-07,3.7601870803034133e-07,0.004783555934451075,2025-07-08,250,34355,138,,2.0912989067057372e-07,2.0912989067057372e-07,2.0912989067057372e-07,2.0912989067057372e-07,0.0004573072169456477,0.0004573072169456477,0.0,0.0,0.04325104199431494,0.4927536231884058,0.4927536231884058,0.0,2.7069362641736323e-08,2.7069362641736323e-08,0.011485632791718743
2025-07-11,2024-05-01,1.1000098920782118e-06,1.1000098920782118e-06,0.0047549550397815565,2025-07-09,250,34338,188,,5.819788507364131e-07,5.819788507364131e-07,5.819788507364131e-07,5.819788507364131e-07,0.0007628753834909166,0.0007628753834909166,0.0,0.0,0.04325104199431495,0.6542553191489362,0.6542553191489362,0.0,5.28073568926402e-08,5.28073568926402e-08,0.011453331628902884
2025-07-14,2024-05-03,1.349041356896294e-06,1.349041356896294e-06,0.004783102860390227,2025-07-10,250,34437,163,,9.034430618182866e-07,9.034430618182866e-07,9.034430618182866e-07,9.034430618182866e-07,0.0009504962187290839,0.0009504962187290839,0.0,0.0,0.04315527031392761,0.4171779141104294,0.4171779141104294,0.0,2.485485978400029e-07,2.485485978400029e-07,0.01149373657034733
2025-07-16,2024-05-06,1.5622446708235112e-07,1.5622446708235112e-07,0.004829993783176317,2025-07-11,250,34481,186,,1.6282950936153513e-07,1.6282950936153513e-07,1.6282950936153513e-07,1.6282950936153513e-07,0.00040352138649833063,0.00040352138649833063,0.0,0.0,0.04325104199431494,0.6075268817204301,0.6075268817204301,0.0,1.7260497193472744e-07,1.7260497193472744e-07,0.011521078856848941
2025-07-17,2024-05-08,1.0938527185341644e-06,1.0938527185341644e-06,0.004805862200228397,2025-07-14,250,34486,206,,6.590607667703329e-07,6.590607667703329e-07,6.590607667703329e-07,6.590607667703329e-07,0.0008118255765682262,0.0008118255765682262,0.0,0.0,0.043155270313927595,0.5631067961165048,0.5631067961165048,0.0,2.070493317683299e-07,2.070493317683299e-07,0.01148268879561693
2025-07-18,2024-05-10,8.621659138305577e-07,8.621659138305577e-07,0.004809065803256831,2025-07-16,250,34595,187,,5.271842519444292e-07,5.271842519444292e-07,5.271842519444292e-07,5.271842519444292e-07,0.0007260745498531326,0.0007260745498531326,0.0,0.0,0.0431552703139276,0.42780748663101603,0.42780748663101603,0.0,2.6944970194477154e-08,2.6944970194477154e-08,0.011412846315521306
2025-07-21,2024-05-13,4.615516959736477e-07,4.615516959736477e-07,0.004782649872146984,2025-07-17,250,34681,221,,3.462839200164048e-07,3.462839200164048e-07,3.462839200164048e-07,3.462839200164048e-07,0.0005884589365592172,0.0005884589365592172,0.0,0.0,0.04305948946044697,0.43891402714932126,0.43891402714932126,0.0,2.0680991110814073e-07,2.0680991110814073e-07,0.011421211638356863
2025-07-22,2024-05-17,1.3416013886779387e-06,1.3416013886779387e-06,0.004753388554216867,2025-07-18,250,34688,75,,7.11347629067182e-07,7.11347629067182e-07,7.11347629067182e-07,7.11347629067182e-07,0.0008434142689492406,0.0008434142689492406,0.0,0.0,0.04315527031392761,0.4533333333333333,0.4533333333333333,0.0,9.767949470934007e-08,9.767949470934007e-08,0.011399596036706587
2025-07-23,2024-05-20,1.3600346831937717e-06,1.3600346831937717e-06,0.004710820895522389,2025-07-21,250,34743,174,,8.988286937135458e-07,8.988286937135458e-07,8.988286937135458e-07,8.988286937135458e-07,0.0009480657644454555,0.0009480657644454555,0.0,0.0,0.04315527031392761,0.5862068965517241,0.5862068965517241,0.0,1.7988994540613477e-07,1.7988994540613477e-07,0.011397964570810673
2025-07-24,2024-05-22,9.015463140220406e-07,9.015463140220406e-07,0.004716320336212935,2025-07-22,250,34649,186,,6.736487991812879e-07,6.736487991812879e-07,6.736487991812879e-07,6.736487991812879e-07,0.0008207611096910525,0.0008207611096910525,0.0,0.0,0.04315527031392761,0.45698924731182794,0.45698924731182794,0.0,2.8721388271218556e-07,2.8721388271218556e-07,0.01130181485627789
2025-07-25,2024-05-24,3.1959984578983673e-07,3.1959984578983673e-07,0.004724925149700596,2025-07-23,250,34754,178,,2.482828524965542e-07,2.482828524965542e-07,2.482828524965542e-07,2.482828524965542e-07,0.0004982798937309775,0.0004982798937309775,0.0,0.0,0.04325104199431494,0.47191011235955055,0.47191011235955055,0.0,1.301308188315637e-07,1.301308188315637e-07,0.011298073831215916
2025-07-28,2024-05-29,8.255801133004763e-07,8.255801133004763e-07,0.004722274172433142,2025-07-24,250,34765,195,,5.212057196459559e-07,5.212057196459559e-07,5.212057196459559e-07,5.212057196459559e-07,0.0007219457871931631,0.0007219457871931631,0.0,0.0,0.04325104199431495,0.36923076923076925,0.36923076923076925,0.0,1.873757395087399e-07,1.873757395087399e-07,0.01125054779469471
2025-07-29,2024-05-31,1.0419650734822448e-06,1.0419650734822448e-06,0.00471852370941369,2025-07-25,250,34875,75,,6.478566482364645e-07,6.478566482364645e-07,6.478566482364645e-07,6.478566482364645e-07,0.0008048954268949877,0.0008048954268949877,0.0,0.0,0.043059489460446965,0.36,0.36,0.0,2.209058542202024e-07,2.209058542202024e-07,0.011253373944170565
2025-07-30,2024-06-03,8.459609240546339e-07,8.459609240546339e-07,0.00478061248639182,2025-07-28,250,34949,171,,4.045306193557939e-06,4.045306193557939e-06,4.045306193557939e-06,4.045306193557939e-06,0.002011294656075519,0.002011294656075519,0.0,0.0,0.043059489460446965,0.45614035087719296,0.45614035087719296,0.0,1.044399673256455e-05,1.044399673256455e-05,0.011283134464628655
2025-07-31,2024-06-05,5.813674525636506e-06,5.813674525636506e-06,0.004831380052618991,2025-07-29,250,34851,121,,6.854188937750562e-06,6.854188937750562e-06,6.854188937750562e-06,6.854188937750562e-06,0.002618050598775845,0.002618050598775845,0.0,0.0,0.04315527031392761,0.4049586776859504,0.4049586776859504,0.0,1.0656068520474995e-05,1.0656068520474995e-05,0.011297361535794213
2025-08-01,2024-06-07,1.394555238147507e-05,1.394555238147507e-05,0.004865828395240161,2025-07-30,250,34950,171,,8.814981639914543e-06,8.814981639914543e-06,8.814981639914543e-06,8.814981639914543e-06,0.0029690034759013912,0.0029690034759013912,0.0,0.0,0.043155270313927616,0.21052631578947367,0.21052631578947367,0.0,8.511106380892433e-07,8.511106380892433e-07,0.011339900012656624
2025-08-04,2024-06-10,2.00886010502504e-06,2.00886010502504e-06,0.004990611720525742,2025-07-31,250,34944,183,,1.8480706038373392e-06,1.8480706038373392e-06,1.8480706038373392e-06,1.8480706038373392e-06,0.0013594376057169152,0.0013594376057169152,0.0,0.0,0.04258044753511838,0.43169398907103823,0.43169398907103823,0.0,1.7116431482841381e-06,1.7116431482841381e-06,0.011528861867078424
2025-08-05,2024-06-12,2.120952629255105e-06,2.120952629255105e-06,0.004966805999508237,2025-08-01,250,34970,65,,1.141257542042865e-06,1.141257542042865e-06,1.141257542042865e-06,1.141257542042865e-06,0.001068296560905662,0.001068296560905662,0.0,0.0,0.04258044753511839,0.46153846153846156,0.46153846153846156,0.0,3.0151889586094523e-07,3.0151889586094523e-07,0.011356249504887747
2025-08-06,2024-06-14,4.648572812857764e-06,4.648572812857764e-06,0.004977330967869112,2025-08-04,250,35125,170,,2.86189891426277e-06,2.86189891426277e-06,2.86189891426277e-06,2.86189891426277e-06,0.0016917147851404416,0.0016917147851404416,0.0,0.0,0.042484611606155305,0.3235294117647059,0.3235294117647059,0.0,1.8188806637027952e-07,1.8188806637027952e-07,0.011414118508845966
2025-08-07,2024-06-17,4.04517592846929e-06,4.04517592846929e-06,0.00473622508792497,2025-08-05,250,35106,168,,2.5497883883033457e-06,2.5497883883033457e-06,2.5497883883033457e-06,2.5497883883033457e-06,0.001596805682700104,0.001596805682700104,0.0,0.0,0.04229291219025145,0.34523809523809523,0.34523809523809523,0.0,3.5068906452989885e-07,3.5068906452989885e-07,0.011327355478997438
2025-08-08,2024-06-21,2.323465171383618e-06,2.323465171383618e-06,0.004590283143207746,2025-08-06,250,35187,158,,1.1344506472024897e-06,1.1344506472024897e-06,1.1344506472024897e-06,1.1344506472024897e-06,0.0010651059323853612,0.0010651059323853612,0.0,0.0,0.04229291219025145,0.4177215189873418,0.4177215189873418,0.0,3.459462785350044e-07,3.459462785350044e-07,0.011336850929221043
2025-08-11,2024-06-24,1.1382270907148748e-06,1.1382270907148748e-06,0.004403749727490734,2025-08-07,250,35284,192,,1.0053858756165888e-06,1.0053858756165888e-06,1.0053858756165888e-06,1.0053858756165888e-06,0.001002689321583006,0.001002689321583006,0.0,0.0,0.04229291219025145,0.4739583333333333,0.4739583333333333,0.0,8.609932505097558e-07,8.609932505097558e-07,0.01124913525220503
2025-08-12,2024-06-26,,,,2025-08-08,250,35256,35,,9.693549416485392e-07,9.693549416485392e-07,9.693549416485392e-07,9.693549416485392e-07,0.0009845582469557295,0.0009845582469557295,0.0,0.0,0.04248461160615529,0.4857142857142857,0.4857142857142857,0.0,9.693549416485392e-07,9.693549416485392e-07,0.011271424078500443
2025-08-13,2024-06-28,7.113047987773422e-07,7.113047987773422e-07,0.004441541476159372,2025-08-11,250,35367,167,,4.37479840570039e-07,4.37479840570039e-07,4.37479840570039e-07,4.37479840570039e-07,0.0006614225884939514,0.0006614225884939514,0.0,0.0,0.042388766491786634,0.6047904191616766,0.6047904191616766,0.0,2.8785873096452088e-08,2.8785873096452088e-08,0.01115269258896202
2025-08-14,2024-07-01,7.503770857041937e-07,7.503770857041937e-07,0.004371491021300305,2025-08-12,250,35250,144,,5.882836203598618e-07,5.882836203598618e-07,5.882836203598618e-07,5.882836203598618e-07,0.0007669964930557778,0.0007669964930557778,0.0,0.0,0.04200529414503013,0.5347222222222222,0.5347222222222222,0.0,4.306014601983625e-08,4.306014601983625e-08,0.011114645908604568
2025-08-15,2024-07-03,4.4484008130550555e-07,4.4484008130550555e-07,0.004381819743964258,2025-08-13,250,35320,195,,3.625364141363532e-07,3.625364141363532e-07,3.625364141363532e-07,3.625364141363532e-07,0.0006021099684744916,0.0006021099684744916,0.0,0.0,0.04210117601863538,0.5025641025641026,0.5025641025641026,0.0,2.624626370102248e-07,2.624626370102248e-07,0.011113611907899836
2025-08-18,2024-07-05,4.905746146769917e-07,4.905746146769917e-07,0.004404335247635907,2025-08-14,250,35399,192,,4.63651672217504e-07,4.63651672217504e-07,4.63651672217504e-07,4.63651672217504e-07,0.0006809197252374937,0.0006809197252374937,0.0,0.0,0.04210117601863539,0.453125,0.453125,0.0,4.3115846580088113e-07,4.3115846580088113e-07,0.011139692900658959
2025-08-19,2024-07-08,9.106828937728385e-08,9.106828937728385e-08,0.00441768807657326,2025-08-15,250,35464,83,,1.356898748621839e-07,1.356898748621839e-07,1.356898748621839e-07,1.356898748621839e-07,0.0003683610658880549,0.0003683610658880549,0.0,0.0,0.042388766491786634,0.5903614457831325,0.5903614457831325,0.0,1.771983264760444e-07,1.771983264760444e-07,0.0111421172081455
2025-08-20,2024-07-10,9.92505445277965e-07,9.92505445277965e-07,0.004424011103400417,2025-08-18,250,35453,208,,6.191273570384843e-07,6.191273570384843e-07,6.191273570384843e-07,6.191273570384843e-07,0.0007868464634466398,0.0007868464634466398,0.0,0.0,0.04210117601863539,0.3173076923076923,0.3173076923076923,0.0,8.945146441968599e-08,8.945146441968599e-08,0.011202894609337146
2025-08-21,2024-07-12,2.566167012918868e-07,2.566167012918868e-07,0.004513074642714924,2025-08-19,250,35468,213,,2.1563189353508166e-07,2.1563189353508166e-07,2.1563189353508166e-07,2.1563189353508166e-07,0.000464361813174901,0.000464361813174901,0.0,0.0,0.042101176018635375,0.5258215962441315,0.5258215962441315,0.0,1.5143882114490502e-07,1.5143882114490502e-07,0.011232740436601841
2025-08-22,2024-07-15,2.660280353220846e-07,2.660280353220846e-07,0.004535349044019563,2025-08-20,250,35545,242,,7.144621923682536e-07,7.144621923682536e-07,7.144621923682536e-07,7.144621923682536e-07,0.0008452586541220702,0.0008452586541220702,0.0,0.0,0.04229291219025145,0.47520661157024796,0.47520661157024796,0.0,1.1935585139987758e-06,1.1935585139987758e-06,0.011277985996381093
2025-08-25,2024-07-19,6.815195784529924e-07,6.815195784529924e-07,0.004478398314014752,2025-08-21,250,35585,235,,4.5113002603728536e-07,4.5113002603728536e-07,4.5113002603728536e-07,4.5113002603728536e-07,0.0006716621368197596,0.0006716621368197596,0.0,0.0,0.04181350281341039,0.3446808510638298,0.3446808510638298,0.0,2.0239086325218578e-07,2.0239086325218578e-07,0.011107411941547473
2025-08-27,2024-07-22,6.850095006555634e-07,6.850095006555634e-07,0.004448126989664646,2025-08-22,250,35621,81,,4.5814205101756966e-07,4.5814205101756966e-07,4.5814205101756966e-07,4.5814205101756966e-07,0.0006768619142909207,0.0006768619142909207,0.0,0.0,0.04190940307720963,0.345679012345679,0.345679012345679,0.0,2.256029151386262e-07,2.256029151386262e-07,0.01110999441998884
2025-08-28,2024-07-24,5.094664402199836e-07,5.094664402199836e-07,0.00442535467916179,2025-08-25,250,35659,199,,3.431531997026107e-07,3.431531997026107e-07,3.431531997026107e-07,3.431531997026107e-07,0.0005857927958780397,0.0005857927958780397,0.0,0.0,0.04171759335186848,0.6030150753768844,0.6030150753768844,0.0,9.57622544330186e-08,9.57622544330186e-08,0.011084737794411022
2025-08-29,2024-07-26,1.313800750468913e-06,1.313800750468913e-06,0.0043859649122807015,2025-08-27,250,35654,184,,9.876230305008489e-07,9.876230305008489e-07,9.876230305008489e-07,9.876230305008489e-07,0.000993792247152718,0.000993792247152718,0.0,0.0,0.04171759335186848,0.46195652173913043,0.46195652173913043,0.0,4.802354661060828e-07,4.802354661060828e-07,0.011045620415459534
2025-09-02,2024-07-29,1.3380849583452737e-06,1.3380849583452737e-06,0.004393900232618248,2025-08-28,250,35650,81,,1.7588438069353527e-06,1.7588438069353527e-06,1.7588438069353527e-06,1.7588438069353527e-06,0.001326214087896578,0.001326214087896578,0.0,0.0,0.04142980976313955,0.37037037037037035,0.37037037037037035,0.0,2.1693402445842096e-06,2.1693402445842096e-06,0.011111889000852648
2025-09-03,2024-08-12,4.5672982710998504e-06,4.5672982710998504e-06,0.004440188055023505,2025-08-29,250,35626,189,,3.3787349227845094e-06,3.3787349227845094e-06,3.3787349227845094e-06,3.3787349227845094e-06,0.0018381335432401285,0.0018381335432401285,0.0,0.0,0.04114194333117518,0.291005291005291,0.291005291005291,0.0,1.7593173607048577e-06,1.7593173607048577e-06,0.011194845924375654
2025-09-04,2024-08-14,7.273881596373104e-07,7.273881596373104e-07,0.004277267580827778,2025-09-02,250,35670,116,,5.750679263467809e-07,5.750679263467809e-07,5.750679263467809e-07,5.750679263467809e-07,0.0007583323323891583,0.0007583323323891583,0.0,0.0,0.040949986328954094,0.49137931034482757,0.49137931034482757,0.0,2.96433353254349e-07,2.96433353254349e-07,0.011134501506819524
2025-09-05,2024-08-16,7.066932281613832e-07,7.066932281613832e-07,0.004253899407790474,2025-09-03,250,35819,208,,5.926383060272025e-07,5.926383060272025e-07,5.926383060272025e-07,5.926383060272025e-07,0.000769830050093657,0.000769830050093657,0.0,0.0,0.04075799247216773,0.5192307692307693,0.5192307692307693,0.0,4.87031896643702e-07,4.87031896643702e-07,0.011042217155533642
2025-09-08,2024-08-19,9.068043079485372e-07,9.068043079485372e-07,0.0042554966832158226,2025-09-04,250,35780,204,,5.572144173336699e-07,5.572144173336699e-07,5.572144173336699e-07,5.572144173336699e-07,0.0007464679613577999,0.0007464679613577999,0.0,0.0,0.03989356366167668,0.4019607843137255,0.4019607843137255,0.0,2.144126799346255e-07,2.144126799346255e-07,0.011074290834929864
2025-09-09,2024-08-21,4.561806210640044e-06,4.561806210640044e-06,0.004287876240121069,2025-09-05,250,35772,72,,2.084612414958851e-06,2.084612414958851e-06,2.084612414958851e-06,2.084612414958851e-06,0.0014438186918581055,0.0014438186918581055,0.0,0.0,0.04018178963283182,0.5,0.5,0.0,1.0285737841389646e-07,1.0285737841389646e-07,0.011047152566928162
2025-09-10,2024-08-23,1.7759131737312855e-06,1.7759131737312855e-06,0.004352464262854704,2025-09-08,250,35889,113,,1.7759131737312855e-06,1.7759131737312855e-06,1.7759131737312855e-06,1.7759131737312855e-06,0.0013326339233755403,0.0013326339233755403,0.0,0.0,0.04018178963283182,0.3805309734513274,0.3805309734513274,0.0,,,
2025-09-11,2024-08-26,1.3581915581203715e-06,1.3581915581203715e-06,0.004497552802151769,2025-09-09,250,35757,149,,8.430681358545643e-07,8.430681358545643e-07,8.430681358545643e-07,8.430681358545643e-07,0.0009181874186976013,0.0009181874186976013,0.0,0.0,0.04008572353928564,0.38926174496644295,0.38926174496644295,0.0,2.6171455929743853e-07,2.6171455929743853e-07,0.010989902025421262
2025-09-12,2024-08-28,1.8243949468664812e-06,1.8243949468664812e-06,0.004434204234230318,2025-09-10,250,35678,196,,9.395247854766388e-07,9.395247854766388e-07,9.395247854766388e-07,9.395247854766388e-07,0.0009692908673234463,0.0009692908673234463,0.0,0.0,0.03998964821615847,0.39285714285714285,0.39285714285714285,0.0,1.2405620537227364e-07,1.2405620537227364e-07,0.01089932636893085
2025-09-15,2024-08-30,9.873550033483717e-07,9.873550033483717e-07,0.004357670782244627,2025-09-11,250,35746,175,,7.356706366316037e-07,7.356706366316037e-07,7.356706366316037e-07,7.356706366316037e-07,0.0008577124440228227,0.0008577124440228227,0.0,0.0,0.03998964821615846,0.38285714285714284,0.38285714285714284,0.0,3.840020694383112e-07,3.840020694383112e-07,0.010902973791089276
2025-09-16,2024-09-04,,,,2025-09-12,250,35799,28,,1.5740826874902665e-07,1.5740826874902665e-07,1.5740826874902665e-07,1.5740826874902665e-07,0.0003967471093140146,0.0003967471093140146,0.0,0.0,0.03979746987406609,0.35714285714285715,0.35714285714285715,0.0,1.5740826874902665e-07,1.5740826874902665e-07,0.01084523460077772
2025-09-17,2024-09-06,6.796975669429935e-07,6.796975669429935e-07,0.004283014906571488,2025-09-15,250,35893,234,,4.5214454331072005e-07,4.5214454331072005e-07,4.5214454331072005e-07,4.5214454331072005e-07,0.000672416941570273,0.000672416941570273,0.0,0.0,0.039605254592359425,0.41452991452991456,0.41452991452991456,0.0,2.126150447504323e-07,2.126150447504323e-07,0.01086018787878788
2025-09-18,2024-09-09,2.449012423257411e-07,2.449012423257411e-07,0.004267961002552409,2025-09-16,250,35803,203,,1.8359696888708902e-07,1.8359696888708902e-07,1.8359696888708902e-07,1.8359696888708902e-07,0.0004284821686921044,0.0004284821686921044,0.0,0.0,0.039413002356835036,0.5615763546798029,0.5615763546798029,0.0,9.84922128193132e-08,9.84922128193132e-08,0.010873697624321124
2025-09-19,2024-09-11,1.4285145634167734e-06,1.4285145634167734e-06,0.00428787624012107,2025-09-17,250,35872,204,,1.5658610339593092e-06,1.5658610339593092e-06,1.5658610339593092e-06,1.5658610339593092e-06,0.0012513436913811125,0.0012513436913811125,0.0,0.0,0.03950913309471249,0.37254901960784315,0.37254901960784315,0.0,1.746908654219924e-06,1.746908654219924e-06,0.010823126868601455
2025-09-22,2024-09-12,5.315289162205953e-06,5.315289162205953e-06,0.0041547861507128326,2025-09-18,250,36043,241,,2.832289836722542e-06,2.832289836722542e-06,2.832289836722542e-06,2.832289836722542e-06,0.0016829408298340562,0.0016829408298340562,0.0,0.0,0.03950913309471249,0.2572614107883817,0.2572614107883817,0.0,4.103478717018388e-07,4.103478717018388e-07,0.010928592737682685
2025-09-23,2024-09-13,3.530457892504264e-07,3.530457892504264e-07,0.003983130271790065,2025-09-19,250,36159,88,,3.190124436592567e-07,3.190124436592567e-07,3.190124436592567e-07,3.190124436592567e-07,0.0005648118657210175,0.0005648118657210175,0.0,0.0,0.039220713153281295,0.4772727272727273,0.4772727272727273,0.0,2.864916912054723e-07,2.864916912054723e-07,0.010877132445564153
2025-09-24,2024-09-16,9.795821934537407e-07,9.795821934537407e-07,0.004008961207404787,2025-09-22,250,36311,214,,6.348187693056515e-07,6.348187693056515e-07,6.348187693056515e-07,6.348187693056515e-07,0.0007967551501594774,0.0007967551501594774,0.0,0.0,0.03922071315328131,0.37850467289719625,0.37850467289719625,0.0,1.41180230184524e-07,1.41180230184524e-07,0.010936667119012077
2025-09-25,2024-09-17,1.1671114059934574e-06,1.1671114059934574e-06,0.004042645951408982,2025-09-23,250,36254,212,,8.94090898010583e-07,8.94090898010583e-07,8.94090898010583e-07,8.94090898010583e-07,0.0009455637990165354,0.0009455637990165354,0.0,0.0,0.03941300235683504,0.33490566037735847,0.33490566037735847,0.0,5.167704206859363e-07,5.167704206859363e-07,0.010971573135682951
2025-09-26,2024-09-18,1.1828856798379508e-06,1.1828856798379508e-06,0.003970880211780277,2025-09-24,250,36376,239,,7.598201371029887e-07,7.598201371029887e-07,7.598201371029887e-07,7.598201371029887e-07,0.0008716766241577141,0.0008716766241577141,0.0,0.0,0.039605254592359425,0.35564853556485354,0.35564853556485354,0.0,3.472438227002979e-07,3.472438227002979e-07,0.011022425347617963
2025-09-29,2024-09-19,2.623674347754543e-07,2.623674347754543e-07,0.0039927973068190695,2025-09-25,250,36431,235,,2.1887574951244768e-07,2.1887574951244768e-07,2.1887574951244768e-07,2.1887574951244768e-07,0.00046784158591605307,0.00046784158591605307,0.0,0.0,0.03941300235683504,0.4595744680851064,0.4595744680851064,0.0,1.7501234044377427e-07,1.7501234044377427e-07,0.010959637061436647
2025-09-30,2024-09-20,1.0074038981944315e-07,1.0074038981944315e-07,0.004008961207404787,2025-09-26,250,36527,42,,1.0074038981944315e-07,1.0074038981944315e-07,1.0074038981944315e-07,1.0074038981944315e-07,0.00031739626623425037,0.00031739626623425037,0.0,0.0,0.03960525459235943,0.6904761904761905,0.6904761904761905,0.0,,,
2025-10-01,2024-09-23,4.1739022108196755e-07,4.1739022108196755e-07,0.004005812355182028,2025-09-29,250,36612,214,,4.238816468617999e-07,4.238816468617999e-07,4.238816468617999e-07,4.238816468617999e-07,0.0006510619378076098,0.0006510619378076098,0.0,0.0,0.03941300235683505,0.3364485981308411,0.3364485981308411,0.0,4.3354330383643404e-07,4.3354330383643404e-07,0.010887908673331535
2025-10-02,2024-09-24,2.9772334160437716e-07,2.9772334160437716e-07,0.003992953611274221,2025-09-30,250,36502,206,,3.340885249911387e-07,3.340885249911387e-07,3.340885249911387e-07,3.340885249911387e-07,0.0005780039143389417,0.0005780039143389417,0.0,0.0,0.039316862376950375,0.47572815533980584,0.47572815533980584,0.0,3.879790979618817e-07,3.879790979618817e-07,0.010850934250878895
2025-10-03,2024-09-25,2.744622729355758e-07,2.744622729355758e-07,0.003966865009917163,2025-10-01,250,36648,206,,2.7550493299639863e-07,2.7550493299639863e-07,2.7550493299639863e-07,2.7550493299639863e-07,0.000524885638016891,0.000524885638016891,0.0,0.0,0.03941300235683504,0.45145631067961167,0.45145631067961167,0.0,2.77019272608546e-07,2.77019272608546e-07,0.010838449239413045
2025-10-06,2024-09-26,1.1284595511594334e-06,1.1284595511594334e-06,0.003953181923881872,2025-10-02,250,36692,242,,7.387029641015491e-07,7.387029641015491e-07,7.387029641015491e-07,7.387029641015491e-07,0.000859478309267633,0.000859478309267633,0.0,0.0,0.03950913309471249,0.30578512396694213,0.30578512396694213,0.0,3.489463770436647e-07,3.489463770436647e-07,0.010838611198278562
2025-10-07,2024-09-27,3.1453623998860235e-07,3.1453623998860235e-07,0.003973664731777631,2025-10-03,250,36742,82,,2.1957028394794456e-07,2.1957028394794456e-07,2.1957028394794456e-07,2.1957028394794456e-07,0.00046858327322680285,0.00046858327322680285,0.0,0.0,0.03941300235683503,0.35365853658536583,0.35365853658536583,0.0,1.2912651629017515e-07,1.2912651629017515e-07,0.010799879394291329
2025-10-08,2024-09-30,1.4072576891240387e-07,1.4072576891240387e-07,0.0039769182782283235,2025-10-06,250,36828,210,,1.0490120763077509e-07,1.0490120763077509e-07,1.0490120763077509e-07,1.0490120763077509e-07,0.0003238845591113832,0.0003238845591113832,0.0,0.0,0.039316862376950375,0.6285714285714286,0.6285714285714286,0.0,5.221802927543861e-08,5.221802927543861e-08,0.010840069045911047
2025-10-09,2024-10-01,3.674201632698025e-07,3.674201632698025e-07,0.003952569169960472,2025-10-07,250,36792,208,,2.545480308078947e-07,2.545480308078947e-07,2.545480308078947e-07,2.545480308078947e-07,0.0005045275322595336,0.0005045275322595336,0.0,0.0,0.039316862376950375,0.47115384615384615,0.47115384615384615,0.0,8.455987950984067e-08,8.455987950984067e-08,0.010775812274368229
2025-10-10,2024-10-02,5.193080991255482e-06,5.193080991255482e-06,0.00401511572980633,2025-10-08,250,36909,198,,3.0605284158030944e-06,3.0605284158030944e-06,3.0605284158030944e-06,3.0605284158030944e-06,0.001749436599538004,0.001749436599538004,0.0,0.0,0.03950913309471249,0.3282828282828283,0.3282828282828283,0.0,1.4891738865223875e-06,1.4891738865223875e-06,0.010807120507777575
2025-10-13,2024-10-03,2.265785584390744e-06,2.265785584390744e-06,0.004158682268520405,2025-10-09,250,36953,217,,1.3925275932283212e-06,1.3925275932283212e-06,1.3925275932283212e-06,1.3925275932283212e-06,0.0011800540636887453,0.0011800540636887453,0.0,0.0,0.03941300235683505,0.3778801843317972,0.3778801843317972,0.0,6.866440503720291e-07,6.866440503720291e-07,0.01110732749379805
2025-10-15,2024-10-04,2.638961897897156e-07,2.638961897897156e-07,0.004116721152681923,2025-10-10,250,36986,218,,7.843194399687844e-07,7.843194399687844e-07,7.843194399687844e-07,7.843194399687844e-07,0.000885618111811623,0.000885618111811623,0.0,0.0,0.03941300235683504,0.41743119266055045,0.41743119266055045,0.0,1.553126514096954e-06,1.553126514096954e-06,0.010952851728251512
2025-10-16,2024-10-07,1.127346579381799e-06,1.127346579381799e-06,0.004090799711237668,2025-10-13,250,37077,216,,2.0871882299234015e-06,2.0871882299234015e-06,2.0871882299234015e-06,2.0871882299234015e-06,0.0014447104311672292,0.0014447104311672292,0.0,0.0,0.0395091330947125,0.3194444444444444,0.3194444444444444,0.0,3.538111655160709e-06,3.538111655160709e-06,0.010904440969977596
2025-10-17,2024-10-08,3.057851253508232e-05,3.057851253508232e-05,0.0041220448575469805,2025-10-15,250,37116,233,,1.4501779092220771e-05,1.4501779092220771e-05,1.4501779092220771e-05,1.4501779092220771e-05,0.0038081201520199924,0.0038081201520199924,0.0,0.0,0.03941300235683505,0.1888412017167382,0.1888412017167382,0.0,6.114813975883982e-07,6.114813975883982e-07,0.010979212581738923
2025-10-20,2024-10-09,5.3711926543981006e-05,5.3711926543981006e-05,0.00404296642752388,2025-10-16,250,37270,234,,2.842410018691949e-05,2.842410018691949e-05,2.842410018691949e-05,2.842410018691949e-05,0.005331425718034482,0.005331425718034482,0.0,0.0,0.03922071315328131,0.08974358974358974,0.08974358974358974,0.0,4.808196233630629e-06,4.808196233630629e-06,0.010917242884450397
2025-10-21,2024-10-10,4.578024027478205e-07,4.578024027478205e-07,0.003889566809029898,2025-10-17,250,37354,92,,5.453569550932589e-07,5.453569550932589e-07,5.453569550932589e-07,5.453569550932589e-07,0.00073848287393362,0.00073848287393362,0.0,0.0,0.038932210001787475,0.3804347826086957,0.3804347826086957,0.0,6.291857818069764e-07,6.291857818069764e-07,0.010804866676597644
2025-10-22,2024-10-11,7.498210212518812e-07,7.498210212518812e-07,0.003881721657723485,2025-10-20,250,37465,226,,6.742154713337772e-07,6.742154713337772e-07,6.742154713337772e-07,6.742154713337772e-07,0.0008211062485048918,0.0008211062485048918,0.0,0.0,0.03883602378519814,0.5,0.5,0.0,5.51136669141515e-07,5.51136669141515e-07,0.010805027633362635
2025-10-23,2024-10-14,1.5360169517788906e-06,1.5360169517788906e-06,0.003946604759141033,2025-10-21,250,37412,224,,9.835139615316797e-07,9.835139615316797e-07,9.835139615316797e-07,9.835139615316797e-07,0.000991722724117825,0.000991722724117825,0.0,0.0,0.03883602378519813,0.30357142857142855,0.30357142857142855,0.0,1.1348051711940495e-07,1.1348051711940495e-07,0.010861495956873319
2025-10-24,2024-10-16,2.053214572717309e-07,2.053214572717309e-07,0.003929424454888665,2025-10-22,250,37501,258,,1.4989845776853615e-07,1.4989845776853615e-07,1.4989845776853615e-07,1.4989845776853615e-07,0.0003871672219707347,0.0003871672219707347,0.0,0.0,0.03873982831593057,0.49612403100775193,0.49612403100775193,0.0,8.906833636259065e-08,8.906833636259065e-08,0.010797467845659164
2025-10-27,2024-10-17,1.4760223738751446e-06,1.4760223738751446e-06,0.0038809831824062105,2025-10-23,250,37559,245,,1.1133833843233742e-06,1.1133833843233742e-06,1.1133833843233742e-06,1.1133833843233742e-06,0.0010551698367198402,0.0010551698367198402,0.0,0.0,0.03854740961223891,0.31020408163265306,0.31020408163265306,0.0,7.356344368736135e-07,7.356344368736135e-07,0.010709940199335547
2025-10-28,2024-10-18,1.6617176872480437e-07,1.6617176872480437e-07,0.003794501692645363,2025-10-24,250,37654,87,,3.197263703298561e-07,3.197263703298561e-07,3.197263703298561e-07,3.197263703298561e-07,0.00056544351648052,0.00056544351648052,0.0,0.0,0.0381624610943489,0.45977011494252873,0.45977011494252873,0.0,4.768520091815369e-07,4.768520091815369e-07,0.010585060708656821
2025-10-29,2024-10-21,1.4626162236494113e-06,1.4626162236494113e-06,0.0037918215613382896,2025-10-27,250,37733,208,,1.115812920137678e-06,1.115812920137678e-06,1.115812920137678e-06,1.115812920137678e-06,0.0010563204628036315,0.0010563204628036315,0.0,0.0,0.03816246109434891,0.4230769230769231,0.4230769230769231,0.0,6.238361407373122e-07,6.238361407373122e-07,0.010557021220854074
2025-10-30,2024-10-22,1.6842321624151348e-06,1.6842321624151348e-06,0.0037819799777530586,2025-10-28,250,37638,137,,2.6558621474205225e-06,2.6558621474205225e-06,2.6558621474205225e-06,2.6558621474205225e-06,0.0016296816092171264,0.0016296816092171264,0.0,0.0,0.03854740961223893,0.4744525547445255,0.4744525547445255,0.0,5.7179687668314405e-06,5.7179687668314405e-06,0.010551953039759088
2025-10-31,2024-10-23,4.301284461154273e-06,4.301284461154273e-06,0.0037582903463522486,2025-10-29,250,37775,220,,2.6357548743473773e-06,2.6357548743473773e-06,2.6357548743473773e-06,2.6357548743473773e-06,0.001623500808237365,0.001623500808237365,0.0,0.0,0.03845118637425273,0.2636363636363636,0.2636363636363636,0.0,8.116034221303022e-07,8.116034221303022e-07,0.010669295264992718
2025-11-03,2024-10-24,7.529176907077136e-07,7.529176907077136e-07,0.0037726079076820652,2025-10-30,250,37754,216,,5.269332440845358e-07,5.269332440845358e-07,5.269332440845358e-07,5.269332440845358e-07,0.0007259016765957603,0.0007259016765957603,0.0,0.0,0.03816246109434891,0.5,0.5,0.0,3.1709054364872755e-07,3.1709054364872755e-07,0.010634411928569332
2025-11-04,2024-10-25,4.079675959742604e-07,4.079675959742604e-07,0.0037911168927708618,2025-10-31,250,37807,81,,3.7359942190139883e-07,3.7359942190139883e-07,3.7359942190139883e-07,3.7359942190139883e-07,0.0006112277986981603,0.0006112277986981603,0.0,0.0,0.039028386967478346,0.49382716049382713,0.49382716049382713,0.0,3.416861174051703e-07,3.416861174051703e-07,0.01061449205373606
2025-11-05,2024-10-28,3.44418595585591e-07,3.44418595585591e-07,0.0037772181898977912,2025-11-03,250,37860,201,,3.019410625992865e-07,3.019410625992865e-07,3.019410625992865e-07,3.019410625992865e-07,0.0005494916401541397,0.0005494916401541397,0.0,0.0,0.03883602378519813,0.3880597014925373,0.3880597014925373,0.0,2.473960486509638e-07,2.473960486509638e-07,0.010741820685978317
2025-11-06,2024-10-29,1.0535354838652634e-06,1.0535354838652634e-06,0.0037758199452135933,2025-11-04,250,37848,165,,6.105332930076497e-07,6.105332930076497e-07,6.105332930076497e-07,6.105332930076497e-07,0.0007813662988686227,0.0007813662988686227,0.0,0.0,0.03883602378519813,0.3696969696969697,0.3696969696969697,0.0,2.0358942001053947e-07,2.0358942001053947e-07,0.0107047241654122
2025-11-07,2024-10-30,1.9178114072173754e-06,1.9178114072173754e-06,0.0037809986284612824,2025-11-05,250,37984,227,,8.893208313516173e-07,8.893208313516173e-07,8.893208313516173e-07,8.893208313516173e-07,0.0009430380858436298,0.0009430380858436298,0.0,0.0,0.03854740961223892,0.4581497797356828,0.4581497797356828,0.0,9.384765158044461e-08,9.384765158044461e-08,0.010820824693052464
2025-11-10,2024-10-31,1.0397900033804716e-06,1.0397900033804716e-06,0.0028681044436994828,2025-11-06,250,37966,233,,6.672491932350414e-07,6.672491932350414e-07,6.672491932350414e-07,6.672491932350414e-07,0.0008168532262500047,0.0008168532262500047,0.0,0.0,0.038451186374252724,0.4248927038626609,0.4248927038626609,0.0,3.2241803012522175e-07,3.2241803012522175e-07,0.010810180783045438
2025-11-11,2024-11-01,,,,2025-11-07,250,38073,42,,3.635965363135183e-08,3.635965363135183e-08,3.635965363135183e-08,3.635965363135183e-08,0.00019068207475101542,0.00019068207475101542,0.0,0.0,0.03873982831593056,0.5714285714285714,0.5714285714285714,0.0,3.635965363135183e-08,3.635965363135183e-08,0.010644087520544729
2025-11-12,2024-11-04,3.1878854745434935e-07,3.1878854745434935e-07,0.00374205267938238,2025-11-10,250,38111,209,,2.008096745480298e-07,2.008096745480298e-07,2.008096745480298e-07,2.008096745480298e-07,0.0004481179248233994,0.0004481179248233994,0.0,0.0,0.03873982831593057,0.583732057416268,0.583732057416268,0.0,3.2072449344805214e-08,3.2072449344805214e-08,0.01061977598828697
2025-11-13,2024-11-05,1.4444589972215164e-06,1.4444589972215164e-06,0.003766409478187735,2025-11-11,250,37957,286,,1.1198875668480626e-06,1.1198875668480626e-06,1.1198875668480626e-06,1.1198875668480626e-06,0.0010582474034213655,0.0010582474034213655,0.0,0.0,0.03873982831593056,0.34965034965034963,0.34965034965034963,0.0,6.897644518003149e-07,6.897644518003149e-07,0.010613870760045652
2025-11-14,2024-11-06,7.905865697043204e-07,7.905865697043204e-07,0.003773584905660377,2025-11-12,250,38099,232,,9.677131008536253e-07,9.677131008536253e-07,9.677131008536253e-07,9.677131008536253e-07,0.0009837240979327616,0.0009837240979327616,0.0,0.0,0.03883602378519813,0.3922413793103448,0.3922413793103448,0.0,1.1448396320029303e-06,1.1448396320029303e-06,0.010792969168501872
2025-11-17,2024-11-07,9.736523539334802e-07,9.736523539334802e-07,0.0037810653059726146,2025-11-13,250,38237,236,,8.254860218571776e-07,8.254860218571776e-07,8.254860218571776e-07,8.254860218571776e-07,0.0009085626130637214,0.0009085626130637214,0.0,0.0,0.03873982831593057,0.4491525423728814,0.4491525423728814,0.0,6.939143189734206e-07,6.939143189734206e-07,0.010794736058815648
2025-11-18,2024-11-08,3.832022386187529e-07,3.832022386187529e-07,0.00385104314663875,2025-11-14,250,38328,130,,8.756583345077634e-07,8.756583345077634e-07,8.756583345077634e-07,8.756583345077634e-07,0.000935766175124835,0.000935766175124835,0.0,0.0,0.038932210001787475,0.3384615384615385,0.3384615384615385,0.0,1.1025201314903413e-06,1.1025201314903413e-06,0.01089625039433954
2025-11-19,2024-11-11,1.2364831947473293e-05,1.2364831947473293e-05,0.0038513311396948845,2025-11-17,250,38422,272,,6.3495630907441564e-06,6.3495630907441564e-06,6.3495630907441564e-06,6.3495630907441564e-06,0.002519833941104881,0.002519833941104881,0.0,0.0,0.03864362359220442,0.19117647058823528,0.19117647058823528,0.0,2.4517913984125446e-07,2.4517913984125446e-07,0.010988527148224453
2025-11-20,2024-11-13,1.1540354538409476e-05,1.1540354538409476e-05,0.0038352695859398276,2025-11-18,250,38390,266,,6.063377223975312e-06,6.063377223975312e-06,6.063377223975312e-06,6.063377223975312e-06,0.0024623925812053836,0.0024623925812053836,0.0,0.0,0.03873982831593057,0.20676691729323307,0.20676691729323307,0.0,6.681458396073303e-07,6.681458396073303e-07,0.010946239983097654
2025-11-21,2024-11-14,2.215011571201464e-05,2.215011571201464e-05,0.0038685446009389672,2025-11-19,250,38635,245,,2.3659039039373823e-05,2.3659039039373823e-05,2.3659039039373823e-05,2.3659039039373823e-05,0.00486405582198373,0.00486405582198373,0.0,0.0,0.03864362359220441,0.024489795918367346,0.024489795918367346,0.0,2.5392977248883057e-05,2.5392977248883057e-05,0.011115668245138153
2025-11-24,2024-11-15,3.2295611857361884e-05,3.2295611857361884e-05,0.0037938782275590273,2025-11-20,250,38781,275,,3.788817950172716e-05,3.788817950172716e-05,3.788817950172716e-05,3.788817950172716e-05,0.006155337480733868,0.006155337480733868,0.0,0.0,0.03825871211709034,0.01818181818181818,0.01818181818181818,0.0,4.2829557762844435e-05,4.2829557762844435e-05,0.011006034626648257
2025-11-25,2024-11-18,9.390689981369552e-07,9.390689981369552e-07,0.0037329660771238046,2025-11-21,250,38867,165,,6.666757738792502e-07,6.666757738792502e-07,6.666757738792502e-07,6.666757738792502e-07,0.0008165021579146317,0.0008165021579146317,0.0,0.0,0.03835495387646399,0.3878787878787879,0.3878787878787879,0.0,4.2246115902751466e-07,4.2246115902751466e-07,0.010846390920102285
2025-11-26,2024-11-19,6.737738900322361e-07,6.737738900322361e-07,0.003718814312019354,2025-11-24,250,38985,250,,5.630363506877922e-07,5.630363506877922e-07,5.630363506877922e-07,5.630363506877922e-07,0.0007503574819296415,0.0007503574819296415,0.0,0.0,0.03825871211709033,0.388,0.388,0.0,4.574896335001189e-07,4.574896335001189e-07,0.010745321620100142
2025-11-28,2024-11-20,7.980074699583668e-07,7.980074699583668e-07,0.003711043055305349,2025-11-25,250,39083,210,,8.144562694904397e-07,8.144562694904397e-07,8.144562694904397e-07,8.144562694904397e-07,0.000902472309542204,0.000902472309542204,0.0,0.0,0.038451186374252724,0.6333333333333333,0.6333333333333333,0.0,8.396249145575873e-07,8.396249145575873e-07,0.010671649894067796
2025-12-01,2024-11-21,1.6555067854057728e-06,1.6555067854057728e-06,0.003693742155280617,2025-11-26,250,39167,210,,1.142934221593464e-06,1.142934221593464e-06,1.142934221593464e-06,1.142934221593464e-06,0.0010690810173197651,0.0010690810173197651,0.0,0.0,0.03806620080645634,0.38571428571428573,0.38571428571428573,0.0,2.575816113722036e-07,2.575816113722036e-07,0.010613715447987244
2025-12-02,2024-11-22,3.6536592089863485e-07,3.6536592089863485e-07,0.003638290356764394,2025-11-28,250,39214,126,,1.8697883585845188e-07,1.8697883585845188e-07,1.8697883585845188e-07,1.8697883585845188e-07,0.00043241049462108556,0.00043241049462108556,0.0,0.0,0.037392119217062654,0.5714285714285714,0.5714285714285714,0.0,1.0093330072142249e-07,1.0093330072142249e-07,0.010662394343422461
2025-12-03,2024-11-25,2.9718919380524364e-07,2.9718919380524364e-07,0.0035990076522589903,2025-12-01,250,39249,244,,1.5136452775339018e-07,1.5136452775339018e-07,1.5136452775339018e-07,1.5136452775339018e-07,0.00038905594424631294,0.00038905594424631294,0.0,0.0,0.03700672562909567,0.5655737704918032,0.5655737704918032,0.0,1.9210924143898005e-08,1.9210924143898005e-08,0.010642681906885974
2025-12-04,2024-11-26,4.279997651589579e-06,4.279997651589579e-06,0.0036248460320253396,2025-12-02,250,39202,205,,2.9100448391805584e-06,2.9100448391805584e-06,2.9100448391805584e-06,2.9100448391805584e-06,0.0017058853534691475,0.0017058853534691475,0.0,0.0,0.03652477468237227,0.14634146341463414,0.14634146341463414,0.0,1.7034808943065586e-06,1.7034808943065586e-06,0.010605955636140316
2025-12-05,2024-11-27,9.920071992523539e-06,9.920071992523539e-06,0.003669397933737087,2025-12-03,250,39379,210,,5.717334227844926e-06,5.717334227844926e-06,5.717334227844926e-06,5.717334227844926e-06,0.0023910947760063645,0.0023910947760063645,0.0,0.0,0.03642835661355149,0.14285714285714285,0.14285714285714285,0.0,1.8966635326825517e-06,1.8966635326825517e-06,0.010598207162582739
2025-12-08,2024-11-29,1.1979326101654036e-06,1.1979326101654036e-06,0.0036946696319678607,2025-12-04,250,39426,297,,8.390655632050975e-07,8.390655632050975e-07,8.390655632050975e-07,8.390655632050975e-07,0.0009160052200752447,0.0009160052200752447,0.0,0.0,0.03642835661355148,0.4107744107744108,0.4107744107744108,0.0,5.440460276671771e-07,5.440460276671771e-07,0.010578114016538086
2025-12-09,2024-12-02,4.023794674143594e-06,4.023794674143594e-06,0.003706502572960525,2025-12-05,250,39489,69,,1.7091409428612863e-06,1.7091409428612863e-06,1.7091409428612863e-06,1.7091409428612863e-06,0.0013073411730918929,0.0013073411730918929,0.0,0.0,0.03662118345564529,0.6521739130434783,0.6521739130434783,0.0,3.101698768161338e-08,3.101698768161338e-08,0.010609989321709111
2025-12-10,2024-12-03,1.0382492764376699e-06,1.0382492764376699e-06,0.0037159968251677606,2025-12-08,250,39678,220,,6.264576124811096e-07,6.264576124811096e-07,6.264576124811096e-07,6.264576124811096e-07,0.0007914907532505415,0.0007914907532505415,0.0,0.0,0.0366211834556453,0.42272727272727273,0.42272727272727273,0.0,2.6394016472447975e-07,2.6394016472447975e-07,0.010619154075895993
2025-12-11,2024-12-04,1.0987097970777494e-06,1.0987097970777494e-06,0.00369466963196786,2025-12-09,250,39651,220,,8.659056268319428e-07,8.659056268319428e-07,8.659056268319428e-07,8.659056268319428e-07,0.0009305405025209503,0.0009305405025209503,0.0,0.0,0.036235492582095415,0.43636363636363634,0.43636363636363634,0.0,6.571846466115646e-07,6.571846466115646e-07,0.010549190627863343
2025-12-12,2024-12-05,4.7380118349510783e-07,4.7380118349510783e-07,0.0037046361903391727,2025-12-10,250,39689,267,,7.624043471610618e-07,7.624043471610618e-07,7.624043471610618e-07,7.624043471610618e-07,0.0008731576874545982,0.0008731576874545982,0.0,0.0,0.035946126773469124,0.5318352059925093,0.5318352059925093,0.0,1.012661635934337e-06,1.012661635934337e-06,0.010524699275940625
2025-12-15,2024-12-06,5.035184740123455e-07,5.035184740123455e-07,0.0037013080350725897,2025-12-11,250,39757,245,,3.194310077056024e-07,3.194310077056024e-07,3.194310077056024e-07,3.194310077056024e-07,0.0005651822783010826,0.0005651822783010826,0.0,0.0,0.035656677208034684,0.5224489795918368,0.5224489795918368,0.0,1.3077938934166714e-07,1.3077938934166714e-07,0.0106390914691387
2025-12-16,2024-12-09,3.4069811346408026e-07,3.4069811346408026e-07,0.003757615555798767,2025-12-12,250,39853,106,,2.944863707784821e-07,2.944863707784821e-07,2.944863707784821e-07,2.944863707784821e-07,0.0005426659845415798,0.0005426659845415798,0.0,0.0,0.03584965289369723,0.5660377358490566,0.5660377358490566,0.0,2.7359613093430763e-07,2.7359613093430763e-07,0.01065518928209422
2025-12-17,2024-12-10,5.675766419068031e-07,5.675766419068031e-07,0.003750773824696844,2025-12-15,250,39970,303,,6.452889056554626e-07,6.452889056554626e-07,6.452889056554626e-07,6.452889056554626e-07,0.0008032987648785865,0.0008032987648785865,0.0,0.0,0.035753169705817864,0.5115511551155115,0.5115511551155115,0.0,7.214773995266972e-07,7.214773995266972e-07,0.010684382871536523
2025-12-18,2024-12-11,5.990509462383013e-07,5.990509462383013e-07,0.0037889935256032966,2025-12-16,250,40025,302,,1.0724077086381316e-06,1.0724077086381316e-06,1.0724077086381316e-06,1.0724077086381316e-06,0.001035571199212363,0.001035571199212363,0.0,0.0,0.035753169705817864,0.4139072847682119,0.4139072847682119,0.0,1.5333891308445024e-06,1.5333891308445024e-06,0.010803257372654156
2025-12-19,2024-12-12,1.7383630905669265e-06,1.7383630905669265e-06,0.003784121385796688,2025-12-17,250,40193,245,,3.3921517163618e-06,3.3921517163618e-06,3.3921517163618e-06,3.3921517163618e-06,0.0018417794972150712,0.0018417794972150712,0.0,0.0,0.035560175398550886,0.3510204081632653,0.3510204081632653,0.0,5.143222026026962e-06,5.143222026026962e-06,0.01072228923677325
2025-12-22,2024-12-13,1.96040680490954e-06,1.96040680490954e-06,0.0037636569591113396,2025-12-18,250,40391,303,,1.0237374340320747e-06,1.0237374340320747e-06,1.0237374340320747e-06,1.0237374340320747e-06,0.0010117991075465893,0.0010117991075465893,0.0,0.0,0.03556017539855088,0.46534653465346537,0.46534653465346537,0.0,1.8658918381034e-07,1.8658918381034e-07,0.010698257394319633
2025-12-23,2024-12-16,6.524280706101872e-07,6.524280706101872e-07,0.0038011587998671437,2025-12-19,250,40489,162,,3.621482626264359e-07,3.621482626264359e-07,3.621482626264359e-07,3.621482626264359e-07,0.0006017875560581457,0.0006017875560581457,0.0,0.0,0.035753169705817864,0.48148148148148145,0.48148148148148145,0.0,9.260272664152401e-08,9.260272664152401e-08,0.01063202108552487
2025-12-24,2024-12-17,5.643133229206208e-07,5.643133229206208e-07,0.003781759436040533,2025-12-22,250,40653,241,,2.8584608881051495e-07,2.8584608881051495e-07,2.8584608881051495e-07,2.8584608881051495e-07,0.0005346457601164672,0.0005346457601164672,0.0,0.0,0.03584965289369723,0.6182572614107884,0.6182572614107884,0.0,4.001173369768702e-08,4.001173369768702e-08,0.010583648758648758
2025-12-26,2024-12-18,5.090255461935039e-07,5.090255461935039e-07,0.003761732588291151,2025-12-23,250,40797,222,,3.1937184728045707e-07,3.1937184728045707e-07,3.1937184728045707e-07,3.1937184728045707e-07,0.0005651299384039542,0.0005651299384039542,0.0,0.0,0.036235492582095415,0.7612612612612613,0.7612612612612613,0.0,1.9454369929592575e-08,1.9454369929592575e-08,0.010546549726237722
2025-12-29,2024-12-19,4.699258826829376e-07,4.699258826829376e-07,0.0037673738112655457,2025-12-24,250,40890,298,,2.748304984807586e-07,2.748304984807586e-07,2.748304984807586e-07,2.748304984807586e-07,0.0005242427858166086,0.0005242427858166086,0.0,0.0,0.035753169705817864,0.5369127516778524,0.5369127516778524,0.0,1.1324843181024228e-07,1.1324843181024228e-07,0.010547619185583293
2025-12-30,2024-12-20,6.54633228715858e-07,6.54633228715858e-07,0.003762419637638807,2025-12-26,250,40990,121,,4.2079511477145857e-07,4.2079511477145857e-07,4.2079511477145857e-07,4.2079511477145857e-07,0.000648687224146937,0.000648687224146937,0.0,0.0,0.036139046615873194,0.5289256198347108,0.5289256198347108,0.0,1.1578415368759348e-08,1.1578415368759348e-08,0.010585341280802501
2025-12-31,2024-12-23,5.91176619675376e-07,5.91176619675376e-07,0.0037717884868902905,2025-12-29,250,41118,243,,3.105777658074057e-07,3.105777658074057e-07,3.105777658074057e-07,3.105777658074057e-07,0.0005572950437671286,0.0005572950437671286,0.0,0.0,0.03584965289369723,0.6584362139917695,0.6584362139917695,0.0,4.56924477560418e-08,4.56924477560418e-08,0.010598283867774852
2026-01-02,2024-12-24,2.3912023029942424e-06,2.3912023029942424e-06,0.0037887147796660053,2025-12-30,250,41057,207,,1.4544479853986358e-06,1.4544479853986358e-06,1.4544479853986358e-06,1.4544479853986358e-06,0.0012060049690605075,0.0012060049690605075,0.0,0.0,0.03604259134692933,0.5314009661835749,0.5314009661835749,0.0,2.6468842722406862e-08,2.6468842722406862e-08,0.010677391776161425
2026-01-05,2024-12-26,5.726361175062451e-07,5.726361175062451e-07,0.0038005977639201513,2025-12-31,250,41231,295,,3.711337589104083e-07,3.711337589104083e-07,3.711337589104083e-07,3.711337589104083e-07,0.000609207484286272,0.000609207484286272,0.0,0.0,0.03584965289369723,0.49491525423728816,0.49491525423728816,0.0,2.0111614384517099e-07,2.0111614384517099e-07,0.010657855292240585
2026-01-06,2024-12-27,7.9616553785655e-07,7.9616553785655e-07,0.003853925016837537,2026-01-02,250,41381,83,,6.127950876934954e-07,6.127950876934954e-07,6.127950876934954e-07,6.127950876934954e-07,0.0007828122940357384,0.0007828122940357384,0.0,0.0,0.035753169705817864,0.2891566265060241,0.2891566265060241,0.0,4.3379060062956087e-07,4.3379060062956087e-07,0.010587342232303844
2026-01-07,2024-12-30,6.362146375808623e-07,6.362146375808623e-07,0.003925903338923618,2026-01-05,250,41512,249,,4.423500260064408e-07,4.423500260064408e-07,4.423500260064408e-07,4.423500260064408e-07,0.0006650939978728125,0.0006650939978728125,0.0,0.0,0.03565667720803468,0.3855421686746988,0.3855421686746988,0.0,2.677238873363513e-07,2.677238873363513e-07,0.010524749569968631
2026-01-08,2024-12-31,3.893563629051695e-07,3.893563629051695e-07,0.003956516728767333,2026-01-06,250,41425,249,,3.484638385169481e-07,3.484638385169481e-07,3.484638385169481e-07,3.484638385169481e-07,0.0005903082571986843,0.0005903082571986843,0.0,0.0,0.03556017539855088,0.39357429718875503,0.39357429718875503,0.0,3.1162935090007697e-07,3.1162935090007697e-07,0.010558785057571272
2026-01-09,2025-01-02,7.886110533336249e-07,7.886110533336249e-07,0.003976219888820258,2026-01-07,250,41638,301,,4.154674464275495e-07,4.154674464275495e-07,4.154674464275495e-07,4.154674464275495e-07,0.0006445676430193727,0.0006445676430193727,0.0,0.0,0.03556017539855088,0.46511627906976744,0.46511627906976744,0.0,1.1605880376039918e-07,1.1605880376039918e-07,0.010559856999898476
2026-01-12,2025-01-03,1.123228213546575e-06,1.123228213546575e-06,0.003971160889848481,2026-01-08,250,41737,303,,6.126360494559757e-07,6.126360494559757e-07,6.126360494559757e-07,6.126360494559757e-07,0.0007827107061079309,0.0007827107061079309,0.0,0.0,0.03556017539855088,0.4389438943894389,0.4389438943894389,0.0,2.1317276813803636e-07,2.1317276813803636e-07,0.01049047934646361
2026-01-13,2025-01-06,8.597488405132782e-07,8.597488405132782e-07,0.003957732949087416,2026-01-09,250,41847,78,,4.4768844143042865e-07,4.4768844143042865e-07,4.4768844143042865e-07,4.4768844143042865e-07,0.0006690952409264534,0.0006690952409264534,0.0,0.0,0.03604259134692934,0.6025641025641025,0.6025641025641025,0.0,1.2927813304822662e-07,1.2927813304822662e-07,0.010474030439035616
2026-01-14,2025-01-07,3.363666547991975e-07,3.363666547991975e-07,0.003945604290365831,2026-01-12,250,41972,299,,3.4555680272280495e-07,3.4555680272280495e-07,3.4555680272280495e-07,3.4555680272280495e-07,0.0005878407970894883,0.0005878407970894883,0.0,0.0,0.03604259134692933,0.5284280936454849,0.5284280936454849,0.0,3.5613539026077055e-07,3.5613539026077055e-07,0.01049501563918878
2026-01-15,2025-01-08,3.2316512251379694e-07,3.2316512251379694e-07,0.003962148022772734,2026-01-13,250,41982,289,,2.938310161150727e-07,2.938310161150727e-07,2.938310161150727e-07,2.938310161150727e-07,0.0005420618194588812,0.0005420618194588812,0.0,0.0,0.03604259134692934,0.5916955017301038,0.5916955017301038,0.0,2.59424094324088e-07,2.59424094324088e-07,0.010546855263920274
2026-01-16,2025-01-10,9.006695224926993e-07,9.006695224926993e-07,0.003989001200573176,2026-01-14,250,42118,332,,4.5208857725668327e-07,4.5208857725668327e-07,4.5208857725668327e-07,4.5208857725668327e-07,0.0006723753246934953,0.0006723753246934953,0.0,0.0,0.0361390466158732,0.4759036144578313,0.4759036144578313,0.0,3.980898019005571e-08,3.980898019005571e-08,0.01051821189182942
2026-01-20,2025-01-13,1.1962994244067644e-05,1.1962994244067644e-05,0.004030837866395336,2026-01-15,250,42295,165,,6.253198686301235e-06,6.253198686301235e-06,6.253198686301235e-06,6.253198686301235e-06,0.0025006396554284336,0.0025006396554284336,0.0,0.0,0.03604259134692934,0.23030303030303031,0.23030303030303031,0.0,1.2571275732556286e-06,1.2571275732556286e-06,0.010527032067778967
2026-01-21,2025-01-15,2.2469637941904634e-06,2.2469637941904634e-06,0.00417511147142278,2026-01-16,250,42450,291,,1.5592601538442515e-06,1.5592601538442515e-06,1.5592601538442515e-06,1.5592601538442515e-06,0.0012487033890577265,0.0012487033890577265,0.0,0.0,0.03633192924739028,0.3127147766323024,0.3127147766323024,0.0,7.193167763221606e-07,7.193167763221606e-07,0.010745782047876266
2026-01-22,2025-01-16,5.266466175708887e-07,5.266466175708887e-07,0.004159095497678173,2026-01-20,250,42452,257,,3.213238245825852e-07,3.213238245825852e-07,3.213238245825852e-07,3.213238245825852e-07,0.0005668543239515645,0.0005668543239515645,0.0,0.0,0.036331929247390274,0.45525291828793774,0.45525291828793774,0.0,1.2073924989401187e-07,1.2073924989401187e-07,0.010623179165450832
2026-01-23,2025-01-17,9.13185900836606e-07,9.13185900836606e-07,0.00414737265955305,2026-01-21,250,42588,252,,7.711569324192442e-07,7.711569324192442e-07,7.711569324192442e-07,7.711569324192442e-07,0.000878155414729787,0.000878155414729787,0.0,0.0,0.03642835661355149,0.5198412698412699,0.5198412698412699,0.0,5.110364621717162e-07,5.110364621717162e-07,0.01056798020261836
2026-01-26,2025-01-21,1.7812770448162365e-06,1.7812770448162365e-06,0.004152556039348492,2026-01-22,250,42685,280,,1.1232215376962994e-06,1.1232215376962994e-06,1.1232215376962994e-06,1.1232215376962994e-06,0.0010598214650101682,0.0010598214650101682,0.0,0.0,0.03633192924739028,0.30357142857142855,0.30357142857142855,0.0,6.224371580641459e-07,6.224371580641459e-07,0.010564146946592575
2026-01-27,2025-01-22,1.252277617768312e-06,1.252277617768312e-06,0.004032731686308288,2026-01-23,250,42871,198,,7.701288691703834e-07,7.701288691703834e-07,7.701288691703834e-07,7.701288691703834e-07,0.0008775698656918339,0.0008775698656918339,0.0,0.0,0.03604259134692934,0.5,0.5,0.0,1.5497356923509547e-07,1.5497356923509547e-07,0.010510771873601544
2026-01-28,2025-01-23,1.044658701781991e-06,1.044658701781991e-06,0.003988074495682815,2026-01-26,250,42982,246,,5.543698197868812e-07,5.543698197868812e-07,5.543698197868812e-07,5.543698197868812e-07,0.000744560151892969,0.000744560151892969,0.0,0.0,0.03604259134692935,0.6585365853658537,0.6585365853658537,0.0,1.51243405702013e-07,1.51243405702013e-07,0.010469060662266896
2026-01-29,2025-01-24,5.277049190017089e-06,5.277049190017089e-06,0.004016534082046483,2026-01-27,250,43005,146,,2.1134733591079613e-06,2.1134733591079613e-06,2.1134733591079613e-06,2.1134733591079613e-06,0.0014537789925253293,0.0014537789925253293,0.0,0.0,0.036139046615873194,0.6027397260273972,0.6027397260273972,0.0,8.736299549200385e-08,8.736299549200385e-08,0.010470114463202092
2026-01-30,2025-01-27,2.1099557158783806e-05,2.1099557158783806e-05,0.003987920086727583,2026-01-28,250,43079,238,,1.0542097967573063e-05,1.0542097967573063e-05,1.0542097967573063e-05,1.0542097967573063e-05,0.0032468597086374187,0.0032468597086374187,0.0,0.0,0.03604259134692935,0.35714285714285715,0.35714285714285715,0.0,6.713027887987926e-07,6.713027887987926e-07,0.01049093279926229
2026-02-02,2025-01-28,6.460666055050304e-06,6.460666055050304e-06,0.003969477416371203,2026-01-29,250,43043,282,,3.5225661055597902e-06,3.5225661055597902e-06,3.5225661055597902e-06,3.5225661055597902e-06,0.001876850048767826,0.001876850048767826,0.0,0.0,0.03604259134692934,0.4078014184397163,0.4078014184397163,0.0,1.469436020373648e-06,1.469436020373648e-06,0.010522315996358222
2026-02-03,2025-01-29,1.838544188479226e-06,1.838544188479226e-06,0.0038146735306099798,2026-01-30,250,43217,83,,1.2127099259830037e-06,1.2127099259830037e-06,1.2127099259830037e-06,1.2127099259830037e-06,0.0011012310956302514,0.0011012310956302514,0.0,0.0,0.03623549258209542,0.3132530120481928,0.3132530120481928,0.0,6.579931933158977e-07,6.579931933158977e-07,0.010470265023511312
2026-02-04,2025-01-30,5.292827709042198e-06,5.292827709042198e-06,0.003822176042748997,2026-02-02,250,43365,227,,2.429493462276315e-06,2.429493462276315e-06,2.429493462276315e-06,2.429493462276315e-06,0.001558683246293587,0.001558683246293587,0.0,0.0,0.036235492582095415,0.44493392070484583,0.44493392070484583,0.0,4.4225402235670814e-07,4.4225402235670814e-07,0.010559550708453587
2026-02-05,2025-01-31,2.354684369205548e-06,2.354684369205548e-06,0.003725270353358168,2026-02-03,250,43294,243,,3.588406740711742e-06,3.588406740711742e-06,3.588406740711742e-06,3.588406740711742e-06,0.0018943090404450226,0.0018943090404450226,0.0,0.0,0.03623549258209542,0.2757201646090535,0.2757201646090535,0.0,4.6258550985692235e-06,4.6258550985692235e-06,0.010610948862559935
2026-02-06,2025-02-03,4.1208853930303116e-06,4.1208853930303116e-06,0.0037331013736363297,2026-02-04,250,43339,282,,4.326752283348964e-06,4.326752283348964e-06,4.326752283348964e-06,4.326752283348964e-06,0.0020800846817735485,0.0020800846817735485,0.0,0.0,0.03604259134692934,0.23404255319148937,0.23404255319148937,0.0,4.474876021505067e-06,4.474876021505067e-06,0.010745147722912546
2026-02-09,2025-02-04,5.793616772257924e-07,5.793616772257924e-07,0.003703437365166116,2026-02-05,250,43399,282,,5.011317493521684e-07,5.011317493521684e-07,5.011317493521684e-07,5.011317493521684e-07,0.000707906596488667,0.000707906596488667,0.0,0.0,0.0361390466158732,0.45390070921985815,0.45390070921985815,0.0,4.495920321648394e-07,4.495920321648394e-07,0.010542884654368536
2026-02-10,2025-02-05,4.932262473681195e-07,4.932262473681195e-07,0.004697400043696744,2026-02-06,250,43614,119,,3.207848390580818e-07,3.207848390580818e-07,3.207848390580818e-07,3.207848390580818e-07,0.0005663787063953604,0.0005663787063953604,0.0,0.0,0.03623549258209542,0.6218487394957983,0.6218487394957983,0.0,2.6850620347789963e-08,2.6850620347789963e-08,0.010492293392895742
2026-02-11,2025-02-06,8.371350254060089e-07,8.371350254060089e-07,0.003800058462437882,2026-02-09,250,43732,255,,4.095770386981955e-07,4.095770386981955e-07,4.095770386981955e-07,4.095770386981955e-07,0.0006399820612315594,0.0006399820612315594,0.0,0.0,0.03623549258209542,0.5843137254901961,0.5843137254901961,0.0,4.7082223880701494e-08,4.7082223880701494e-08,0.010520035542969429
2026-02-12,2025-02-07,4.452601926998799e-06,4.452601926998799e-06,0.003774954627949183,2026-02-10,250,43733,205,,2.87344598917567e-06,2.87344598917567e-06,2.87344598917567e-06,2.87344598917567e-06,0.001695124181048595,0.001695124181048595,0.0,0.0,0.036331929247390274,0.40487804878048783,0.40487804878048783,0.0,8.951627264082337e-07,8.951627264082337e-07,0.010522468061737674
2026-02-13,2025-02-10,1.3740290848767887e-06,1.3740290848767887e-06,0.003973560539487259,2026-02-11,250,43836,338,,1.2535919805324007e-06,1.2535919805324007e-06,1.2535919805324007e-06,1.2535919805324007e-06,0.0011196392189149148,0.0011196392189149148,0.0,0.0,0.036331929247390274,0.39349112426035504,0.39349112426035504,0.0,1.1400765488514834e-06,1.1400765488514834e-06,0.010687579080247185
2026-02-17,2025-02-11,1.942145893734868e-06,1.942145893734868e-06,0.004065994213777465,2026-02-12,250,43896,86,,1.0207702545891713e-06,1.0207702545891713e-06,1.0207702545891713e-06,1.0207702545891713e-06,0.0010103317547168213,0.0010103317547168213,0.0,0.0,0.0361390466158732,0.37209302325581395,0.37209302325581395,0.0,1.8129467225642537e-07,1.8129467225642537e-07,0.010680054272093878
2026-02-18,2025-02-12,1.8215208160535612e-06,1.8215208160535612e-06,0.003941185387297257,2026-02-13,250,44170,272,,9.371505649550881e-07,9.371505649550881e-07,9.371505649550881e-07,9.371505649550881e-07,0.0009680653722528702,0.0009680653722528702,0.0,0.0,0.036235492582095415,0.5808823529411765,0.5808823529411765,0.0,5.278031385661516e-08,5.278031385661516e-08,0.01066284982060482
2026-02-19,2025-02-13,3.4746730356958264e-05,3.4746730356958264e-05,0.00393417817287687,2026-02-17,250,44127,109,,3.4746730356958264e-05,3.4746730356958264e-05,3.4746730356958264e-05,3.4746730356958264e-05,0.005894635727248823,0.005894635727248823,0.0,0.0,0.036331929247390274,0.0,0.0,0.0,,,
2026-02-20,2025-02-14,3.2726588023459885e-05,3.2726588023459885e-05,0.003991096784097017,2026-02-18,250,44278,87,,3.2726588023459885e-05,3.2726588023459885e-05,3.2726588023459885e-05,3.2726588023459885e-05,0.005720715691542439,0.005720715691542439,0.0,0.0,0.03623549258209543,0.0,0.0,0.0,,,
2026-02-23,2025-02-18,2.810952428947658e-06,2.810952428947658e-06,0.003930758182780256,2026-02-19,250,44241,206,,2.0163925990197543e-06,2.0163925990197543e-06,2.0163925990197543e-06,2.0163925990197543e-06,0.001419997394018649,0.001419997394018649,0.0,0.0,0.03623549258209542,0.3932038834951456,0.3932038834951456,0.0,9.077044642366335e-07,9.077044642366335e-07,0.010561082343385115
2026-02-24,2025-02-19,1.6087724669730033e-05,1.6087724669730033e-05,0.003907130513186566,2026-02-20,250,44261,168,,1.6797874988986463e-05,1.6797874988986463e-05,1.6797874988986463e-05,1.6797874988986463e-05,0.004098521073385675,0.004098521073385675,0.0,0.0,0.036235492582095415,0.08928571428571429,0.08928571428571429,0.0,1.7678461384864443e-05,1.7678461384864443e-05,0.01067003766174768
2026-02-25,2025-02-20,1.2503149627223076e-05,1.2503149627223076e-05,0.003821562431101641,2026-02-23,250,44301,203,,1.8538375851013003e-05,1.8538375851013003e-05,1.8538375851013003e-05,1.8538375851013003e-05,0.00430562142448834,0.00430562142448834,0.0,0.0,0.036235492582095415,0.10837438423645321,0.10837438423645321,0.0,2.344199715784232e-05,2.344199715784232e-05,0.010593041390848908
2026-02-26,2025-02-21,8.232532252965513e-07,8.232532252965513e-07,0.0037924370054333956,2026-02-24,250,44301,251,,6.463991662944458e-07,6.463991662944458e-07,6.463991662944458e-07,6.463991662944458e-07,0.000803989531209484,0.000803989531209484,0.0,0.0,0.03623549258209542,0.4342629482071713,0.4342629482071713,0.0,4.869625524970933e-07,4.869625524970933e-07,0.010504403087354827
2026-02-27,2025-02-24,0.00014687064674557065,0.00014687064674557065,0.003810221652317273,2026-02-25,250,44315,164,,7.735048045239553e-05,7.735048045239553e-05,7.735048045239553e-05,7.735048045239553e-05,0.008794912191283977,0.008794912191283977,0.0,0.0,0.036139046615873194,0.1524390243902439,0.1524390243902439,0.0,7.000406932537592e-07,7.000406932537592e-07,0.010563074133178587
2026-03-02,2025-02-25,0.0001549193454608111,0.0001549193454608111,0.003936709819062759,2026-02-26,250,44372,217,,7.504203356634627e-05,7.504203356634627e-05,7.504203356634627e-05,7.504203356634627e-05,0.008662680506999336,0.008662680506999336,0.0,0.0,0.03604259134692934,0.009216589861751152,0.009216589861751152,0.0,5.493684416855352e-06,5.493684416855352e-06,0.010614042478753334
2026-03-03,2025-02-26,1.5477199757062768e-06,1.5477199757062768e-06,0.003928679359323058,2026-02-27,250,44466,116,,2.354487912562655e-06,2.354487912562655e-06,2.354487912562655e-06,2.354487912562655e-06,0.0015344340691481845,0.0015344340691481845,0.0,0.0,0.03652477468237227,0.29310344827586204,0.29310344827586204,0.0,2.7955210513774756e-06,2.7955210513774756e-06,0.010608011597074503
2026-03-04,2025-02-27,1.8359249404035116e-06,1.8359249404035116e-06,0.003943127962085306,2026-03-02,250,44515,227,,1.8247585523112044e-06,1.8247585523112044e-06,1.8247585523112044e-06,1.8247585523112044e-06,0.001350836241855838,0.001350836241855838,0.0,0.0,0.036428356613551496,0.42731277533039647,0.42731277533039647,0.0,1.8154832460732396e-06,1.8154832460732396e-06,0.010702345920362174
2026-03-05,2025-02-28,1.1815791138298896e-05,1.1815791138298896e-05,0.003961602925491393,2026-03-03,250,44501,207,,7.727808946557341e-06,7.727808946557341e-06,7.727808946557341e-06,7.727808946557341e-06,0.002779893693391411,0.002779893693391411,0.0,0.0,0.03642835661355149,0.2028985507246377,0.2028985507246377,0.0,2.5167547241175574e-06,2.5167547241175574e-06,0.010627365609446384
2026-03-06,2025-03-03,2.0103931083589423e-06,2.0103931083589423e-06,0.003995543432325484,2026-03-04,250,44558,238,,1.667597022479194e-06,1.667597022479194e-06,1.667597022479194e-06,1.667597022479194e-06,0.0012913547237220276,0.0012913547237220276,0.0,0.0,0.03633192924739029,0.2815126050420168,0.2815126050420168,0.0,1.4972769546521494e-06,1.4972769546521494e-06,0.010686951607931778
2026-03-09,2025-03-04,5.8546785181741604e-05,5.8546785181741604e-05,0.004039462440767497,2026-03-05,250,44624,181,,0.0001285316768199729,0.0001285316768199729,0.0001285316768199729,0.0001285316768199729,0.011337181167290787,0.011337181167290787,0.0,0.0,0.036235492582095415,0.0055248618784530384,0.0055248618784530384,0.0,0.00019188642082931904,0.00019188642082931904,0.01082888693893334
2026-03-10,2025-03-05,6.525549104786742e-05,6.525549104786742e-05,0.004001847006310606,2026-03-06,250,44766,102,,0.0001681323162002585,0.0001681323162002585,0.0001681323162002585,0.0001681323162002585,0.012966584600435788,0.012966584600435788,0.0,0.0,0.03642835661355149,0.0,0.0,0.0,0.0002130503666189081,0.0002130503666189081,0.010734850428295513
2026-03-11,2025-03-06,4.919385638979996e-06,4.919385638979996e-06,0.00398727140282943,2026-03-09,250,44787,251,,3.7303787857392708e-06,3.7303787857392708e-06,3.7303787857392708e-06,3.7303787857392708e-06,0.0019314188530039958,0.0019314188530039958,0.0,0.0,0.03642835661355149,0.5139442231075697,0.5139442231075697,0.0,2.6058916842247867e-06,2.6058916842247867e-06,0.010752129419061403
2026-03-12,2025-03-07,1.6403804866893365e-06,1.6403804866893365e-06,0.003987577163452321,2026-03-10,250,44791,240,,1.6121505973587022e-06,1.6121505973587022e-06,1.6121505973587022e-06,1.6121505973587022e-06,0.001269704925310878,0.001269704925310878,0.0,0.0,0.03642835661355149,0.4041666666666667,0.4041666666666667,0.0,1.5866092689166996e-06,1.5866092689166996e-06,0.010765642511791582
2026-03-13,2025-03-10,0.00012800393795698426,0.00012800393795698426,0.0040663121676571806,2026-03-11,250,44897,197,,9.178448623735753e-05,9.178448623735753e-05,9.178448623735753e-05,9.178448623735753e-05,0.009580422028144561,0.009580422028144561,0.0,0.0,0.03652477468237227,0.0,0.0,0.0,2.7507712763090407e-05,2.7507712763090407e-05,0.010931638290844667
2026-03-16,2025-03-11,0.00010636322110949715,0.00010636322110949715,0.004158004158004158,2026-03-12,250,44963,146,,8.868698249181032e-05,8.868698249181032e-05,8.868698249181032e-05,8.868698249181032e-05,0.009417376624719346,0.009417376624719346,0.0,0.0,0.03652477468237227,0.0,0.0,0.0,2.3113839232649426e-05,2.3113839232649426e-05,0.01099386522520346
2026-03-17,2025-03-12,2.7858144868418808e-06,2.7858144868418808e-06,0.004113598607705087,2026-03-13,250,45128,169,,1.0045976820468618e-06,1.0045976820468618e-06,1.0045976820468618e-06,1.0045976820468618e-06,0.0010022962047453146,0.0010022962047453146,0.0,0.0,0.036524774682372266,0.3136094674556213,0.3136094674556213,0.0,4.3405167426095755e-07,4.3405167426095755e-07,0.01088310987549138
2026-03-18,2025-03-13,6.088020752306756e-05,6.088020752306756e-05,0.004090783935806161,2026-03-16,250,45104,224,,4.1690322290185515e-05,4.1690322290185515e-05,4.1690322290185515e-05,4.1690322290185515e-05,0.006456804340398237,0.006456804340398237,0.0,0.0,0.036524774682372266,0.004464285714285714,0.004464285714285714,0.0,2.7297908365523967e-05,2.7297908365523967e-05,0.010854555076849683
2026-03-19,2025-03-14,1.3002446651450023e-05,1.3002446651450023e-05,0.004160998639673522,2026-03-17,250,45145,202,,2.5046994530726182e-05,2.5046994530726182e-05,2.5046994530726182e-05,2.5046994530726182e-05,0.0050046972466599995,0.0050046972466599995,0.0,0.0,0.036621183455645294,0.01485148514851485,0.01485148514851485,0.0,3.6623792977797444e-05,3.6623792977797444e-05,0.01100815959360779
2026-03-20,2025-03-17,1.734473576449795e-05,1.734473576449795e-05,0.004177377892030849,2026-03-18,250,45217,249,,1.2697476869082664e-05,1.2697476869082664e-05,1.2697476869082664e-05,1.2697476869082664e-05,0.003563351914852456,0.003563351914852456,0.0,0.0,0.0366211834556453,0.08835341365461848,0.08835341365461848,0.0,7.5382318241724715e-06,7.5382318241724715e-06,0.011035354652925131
2026-03-23,2025-03-18,2.290133536327774e-06,2.290133536327774e-06,0.004193717488608411,2026-03-19,250,45354,256,,1.227653995141088e-06,1.227653995141088e-06,1.227653995141088e-06,1.227653995141088e-06,0.0011079954851627727,0.0011079954851627727,0.0,0.0,0.036717582935162765,0.4921875,0.4921875,0.0,2.7535751748487326e-07,2.7535751748487326e-07,0.011382885424857764
2026-03-24,2025-03-19,2.5419432143668226e-05,2.5419432143668226e-05,0.004135353294365582,2026-03-20,250,45452,148,,1.549036655191165e-05,1.549036655191165e-05,1.549036655191165e-05,1.549036655191165e-05,0.003935780297718821,0.003935780297718821,0.0,0.0,0.03671758293516276,0.006756756756756757,0.006756756756756757,0.0,7.05066079891856e-06,7.05066079891856e-06,0.011264606793005586
2026-03-25,2025-03-20,2.380688031059413e-05,2.380688031059413e-05,0.0041328882530599275,2026-03-23,250,45550,221,,1.4372620317737603e-05,1.4372620317737603e-05,1.4372620317737603e-05,1.4372620317737603e-05,0.0037911238858335406,0.0037911238858335406,0.0,0.0,0.03671758293516275,0.02262443438914027,0.02262443438914027,0.0,5.986611435198472e-06,5.986611435198472e-06,0.01130254753666677
2026-03-26,2025-03-21,1.140090060146988e-06,1.140090060146988e-06,0.004116855355870476,2026-03-24,250,45541,215,,8.938133424796404e-07,8.938133424796404e-07,8.938133424796404e-07,8.938133424796404e-07,0.000945417020409322,0.000945417020409322,0.0,0.0,0.0366211834556453,0.386046511627907,0.386046511627907,0.0,7.535974010339978e-07,7.535974010339978e-07,0.011239910477756462
2026-03-27,2025-03-24,1.5491388098375743e-06,1.5491388098375743e-06,0.004112459962829689,2026-03-25,250,45599,180,,1.4726475379326617e-06,1.4726475379326617e-06,1.4726475379326617e-06,1.4726475379326617e-06,0.0012135269003745494,0.0012135269003745494,0.0,0.0,0.036621183455645294,0.5611111111111111,0.5611111111111111,0.0,1.2362199702265681e-06,1.2362199702265681e-06,0.011444291494210111
2026-03-30,2025-03-25,9.425555546675727e-06,9.425555546675727e-06,0.004180064308681673,2026-03-26,250,45701,175,,1.49136588076382e-05,1.49136588076382e-05,1.49136588076382e-05,1.49136588076382e-05,0.0038618206596938444,0.0038618206596938444,0.0,0.0,0.036621183455645294,0.12571428571428572,0.12571428571428572,0.0,2.072459167218671e-05,2.072459167218671e-05,0.01164282357394061
2026-03-31,2025-03-26,0.00017309687121400057,0.00017309687121400057,0.004216843044236305,2026-03-27,250,45802,93,,0.00011427552820016721,0.00011427552820016721,0.00011427552820016721,0.00011427552820016721,0.010689973255353225,0.010689973255353225,0.0,0.0,0.03642835661355149,0.0,0.0,0.0,7.877989017457812e-05,7.877989017457812e-05,0.011681880469009604
2026-04-01,2025-03-27,0.00017902971810481035,0.00017902971810481035,0.004097876196855667,2026-03-30,250,45870,193,,0.000113869462212943,0.000113869462212943,0.000113869462212943,0.000113869462212943,0.010670963509118706,0.010670963509118706,0.0,0.0,0.036331929247390274,0.015544041450777202,0.015544041450777202,0.0,7.061653373299662e-05,7.061653373299662e-05,0.011351905157302333
2026-04-02,2025-03-28,2.38245667480954e-05,2.38245667480954e-05,0.0040683800805852224,2026-03-31,250,45849,200,,8.292910785460646e-06,8.292910785460646e-06,8.292910785460646e-06,8.292910785460646e-06,0.002879741444203046,0.002879741444203046,0.0,0.0,0.036331929247390274,0.26,0.26,0.0,2.9175468349728753e-07,2.9175468349728753e-07,0.011267013613332516
2026-04-06,2025-03-31,8.536794512352158e-05,8.536794512352158e-05,0.004063769928102533,2026-04-01,250,45915,211,,3.004435089332553e-05,3.004435089332553e-05,3.004435089332553e-05,3.004435089332553e-05,0.005481272743927776,0.005481272743927776,0.0,0.0,0.03642835661355149,0.2843601895734597,0.2843601895734597,0.0,1.6153357190575703e-07,1.6153357190575703e-07,0.011256877544485611
2026-04-07,2025-04-01,5.651224969099906e-05,5.651224969099906e-05,0.004017615699605965,2026-04-02,250,46082,72,,1.9944739240404633e-05,1.9944739240404633e-05,1.9944739240404633e-05,1.9944739240404633e-05,0.004465953340598694,0.004465953340598694,0.0,0.0,0.03652477468237227,0.19444444444444445,0.19444444444444445,0.0,1.6609840151074216e-06,1.6609840151074216e-06,0.011203918473889489
2026-04-08,2025-04-02,3.5286823864436878e-06,3.5286823864436878e-06,0.004102564102564102,2026-04-06,250,46183,212,,3.2605062379189427e-06,3.2605062379189427e-06,3.2605062379189427e-06,3.2605062379189427e-06,0.0018056871927105598,0.0018056871927105598,0.0,0.0,0.03642835661355149,0.4669811320754717,0.4669811320754717,0.0,3.0979752388130373e-06,3.0979752388130373e-06,0.011198989715117865
2026-04-09,2025-04-03,5.537034184699104e-05,5.537034184699104e-05,0.004016994978756277,2026-04-07,250,46085,182,,2.5197456782212938e-05,2.5197456782212938e-05,2.5197456782212938e-05,2.5197456782212938e-05,0.005019706842258115,0.005019706842258115,0.0,0.0,0.036235492582095415,0.01098901098901099,0.01098901098901099,0.0,8.434742857336214e-06,8.434742857336214e-06,0.01092084140767149
2026-04-10,2025-04-04,5.582212519476274e-05,5.582212519476274e-05,0.003992475718837575,2026-04-08,250,46127,192,,3.19958357620619e-05,3.19958357620619e-05,3.19958357620619e-05,3.19958357620619e-05,0.005656486167406573,0.005656486167406573,0.0,0.0,0.036139046615873194,0.026041666666666668,0.026041666666666668,0.0,1.7379708631077358e-05,1.7379708631077358e-05,0.010858198879263436
2026-04-13,2025-04-07,9.33631084261499e-07,9.33631084261499e-07,0.003992628992628992,2026-04-09,250,46199,268,,7.716650134699258e-07,7.716650134699258e-07,7.716650134699258e-07,7.716650134699258e-07,0.0008784446558946817,0.0008784446558946817,0.0,0.0,0.03623549258209542,0.5746268656716418,0.5746268656716418,0.0,6.047908799270927e-07,6.047908799270927e-07,0.010865390162776321
2026-04-14,2025-04-08,1.0939825917820082e-06,1.0939825917820082e-06,0.004012345679012346,2026-04-10,250,46247,79,,6.2582118916917e-07,6.2582118916917e-07,6.2582118916917e-07,6.2582118916917e-07,0.0007910886101879927,0.0007910886101879927,0.0,0.0,0.03642835661355149,0.5822784810126582,0.5822784810126582,0.0,2.7209924052835883e-07,2.7209924052835883e-07,0.010760236117184081
2026-04-15,2025-04-09,2.8686183010548447e-06,2.8686183010548447e-06,0.004018081366147666,2026-04-13,250,46467,250,,1.5494168405279173e-06,1.5494168405279173e-06,1.5494168405279173e-06,1.5494168405279173e-06,0.0012447557352862116,0.0012447557352862116,0.0,0.0,0.03642835661355149,0.44,0.44,0.0,4.4361561626269846e-07,4.4361561626269846e-07,0.010630702992252973
2026-04-16,2025-04-10,1.279040280555306e-06,1.279040280555306e-06,0.003903464324588072,2026-04-14,250,46440,253,,6.755340155668731e-07,6.755340155668731e-07,6.755340155668731e-07,6.755340155668731e-07,0.0008219087635296712,0.0008219087635296712,0.0,0.0,0.03642835661355149,0.4980237154150198,0.4980237154150198,0.0,1.7261212807651203e-07,1.7261212807651203e-07,0.010547472640512045
2026-04-17,2025-04-11,4.194035439584735e-07,4.194035439584735e-07,0.003948367501898253,2026-04-15,250,46545,292,,7.215713909832994e-07,7.215713909832994e-07,7.215713909832994e-07,7.215713909832994e-07,0.0008494535837721207,0.0008494535837721207,0.0,0.0,0.03633192924739028,0.5171232876712328,0.5171232876712328,0.0,1.0729814056714302e-06,1.0729814056714302e-06,0.010521617307527865
2026-04-20,2025-04-14,1.100380946916882e-06,1.100380946916882e-06,0.003848573437442179,2026-04-16,250,46645,338,,7.930160062920048e-07,7.930160062920048e-07,7.930160062920048e-07,7.930160062920048e-07,0.0008905144615849901,0.0008905144615849901,0.0,0.0,0.036331929247390274,0.4230769230769231,0.4230769230769231,0.0,4.92840888839639e-07,4.92840888839639e-07,0.010395975441462244
2026-04-21,2025-04-15,4.953677194153267e-07,4.953677194153267e-07,0.0038088262223036073,2026-04-17,250,46770,168,,5.995174103273351e-07,5.995174103273351e-07,5.995174103273351e-07,5.995174103273351e-07,0.0007742850962838785,0.0007742850962838785,0.0,0.0,0.03642835661355149,0.5595238095238095,0.5595238095238095,0.0,6.815075925346608e-07,6.815075925346608e-07,0.010416804944124619
2026-04-22,2025-04-16,7.49720609727168e-07,7.49720609727168e-07,0.00390727730397866,2026-04-20,250,47075,278,,7.440556345712994e-07,7.440556345712994e-07,7.440556345712994e-07,7.440556345712994e-07,0.0008625865954043683,0.0008625865954043683,0.0,0.0,0.03623549258209542,0.5827338129496403,0.5827338129496403,0.0,7.381407340409071e-07,7.381407340409071e-07,0.010485453357573003
2026-04-23,2025-04-17,4.360366106263662e-06,4.360366106263662e-06,0.0038071530548742555,2026-04-21,250,47042,214,,2.9961177694845786e-06,2.9961177694845786e-06,2.9961177694845786e-06,2.9961177694845786e-06,0.0017309297413484403,0.0017309297413484403,0.0,0.0,0.036235492582095415,0.3598130841121495,0.3598130841121495,0.0,2.1146034595657867e-06,2.1146034595657867e-06,0.010380334922174885
2026-04-24,2025-04-21,4.9053646655118685e-06,4.9053646655118685e-06,0.0038035328969023155,2026-04-22,250,47119,217,,1.1418211157938309e-05,1.1418211157938309e-05,1.1418211157938309e-05,1.1418211157938309e-05,0.003379084366797951,0.003379084366797951,0.0,0.0,0.036235492582095415,0.3225806451612903,0.3225806451612903,0.0,2.3501255308361052e-05,2.3501255308361052e-05,0.010420774931187801
2026-04-27,2025-04-22,2.429378363600043e-06,2.429378363600043e-06,0.0038367889028259423,2026-04-23,250,47161,256,,3.257943883721892e-06,3.257943883721892e-06,3.257943883721892e-06,3.257943883721892e-06,0.0018049775299770056,0.0018049775299770056,0.0,0.0,0.03623549258209542,0.265625,0.265625,0.0,3.852954022332884e-06,3.852954022332884e-06,0.010340642070762246
2026-04-28,2025-04-23,9.300417667050216e-07,9.300417667050216e-07,0.0038862523821979744,2026-04-24,250,47315,185,,1.5556132186291723e-06,1.5556132186291723e-06,1.5556132186291723e-06,1.5556132186291723e-06,0.0012472422453674236,0.0012472422453674236,0.0,0.0,0.036139046615873194,0.5351351351351351,0.5351351351351351,0.0,2.2159386401046643e-06,2.2159386401046643e-06,0.010322857502412016
2026-04-29,2025-04-24,8.789462658783677e-07,8.789462658783677e-07,0.0038417494736064433,2026-04-27,250,47407,200,,5.725362317375627e-07,5.725362317375627e-07,5.725362317375627e-07,5.725362317375627e-07,0.0007566612397483848,0.0007566612397483848,0.0,0.0,0.036139046615873194,0.61,0.61,0.0,2.0551761941506006e-07,2.0551761941506006e-07,0.010373333895375795
2026-04-30,2025-04-25,4.6652067386803876e-07,4.6652067386803876e-07,0.0038494281378391383,2026-04-28,250,47425,212,,1.6111131429061033e-05,1.6111131429061033e-05,1.6111131429061033e-05,1.6111131429061033e-05,0.004013867390567485,0.004013867390567485,0.0,0.0,0.036139046615873194,0.4009433962264151,0.4009433962264151,0.0,3.1176312156283916e-05,3.1176312156283916e-05,0.010374937463110264
2026-05-04,2025-04-28,6.45299924135315e-06,6.45299924135315e-06,0.003712429499535946,2026-04-29,250,47416,144,,1.4110714856633636e-05,1.4110714856633636e-05,1.4110714856633636e-05,1.4110714856633636e-05,0.0037564231466427787,0.0037564231466427787,0.0,0.0,0.036139046615873194,0.1527777777777778,0.1527777777777778,0.0,2.220601422135872e-05,2.220601422135872e-05,0.01024435995282037
2026-05-05,2025-04-29,1.8714246632379802e-06,1.8714246632379802e-06,0.003756818263916484,2026-04-30,250,47408,125,,1.0508702448432963e-06,1.0508702448432963e-06,1.0508702448432963e-06,1.0508702448432963e-06,0.0010251196246503606,0.0010251196246503606,0.0,0.0,0.036331929247390295,0.408,0.408,0.0,7.189605924589295e-07,7.189605924589295e-07,0.010282026712719878
2026-05-06,2025-04-30,9.698178058094803e-06,9.698178058094803e-06,0.0036596523330283616,2026-05-04,250,47474,184,,9.463423560718933e-06,9.463423560718933e-06,9.463423560718933e-06,9.463423560718933e-06,0.0030762677973022656,0.0030762677973022656,0.0,0.0,0.03623549258209541,0.11956521739130435,0.11956521739130435,0.0,9.309035467850118e-06,9.309035467850118e-06,0.010200198958232582
2026-05-07,2025-05-01,9.954135486850922e-06,9.954135486850922e-06,0.0036172654864178645,2026-05-05,250,47409,181,,1.1156681431158995e-05,1.1156681431158995e-05,1.1156681431158995e-05,1.1156681431158995e-05,0.003340161886968803,0.003340161886968803,0.0,0.0,0.036235492582095415,0.07734806629834254,0.07734806629834254,0.0,1.1915043738380302e-05,1.1915043738380302e-05,0.010060365479743266
2026-05-08,2025-05-02,2.0517102688561413e-06,2.0517102688561413e-06,0.0036181463957695517,2026-05-06,250,47461,305,,1.043140182518084e-06,1.043140182518084e-06,1.043140182518084e-06,1.043140182518084e-06,0.0010213423434471342,0.0010213423434471342,0.0,0.0,0.03623549258209541,0.5573770491803278,0.5573770491803278,0.0,2.527987113525887e-07,2.527987113525887e-07,0.010091306487328795
2026-05-11,2025-05-05,1.5997432665574143e-06,1.5997432665574143e-06,0.0035456157098049915,2026-05-07,250,47439,247,,7.985098101188317e-07,7.985098101188317e-07,7.985098101188317e-07,7.985098101188317e-07,0.0008935937612354015,0.0008935937612354015,0.0,0.0,0.03623549258209542,0.46153846153846156,0.46153846153846156,0.0,4.5578567268267494e-07,4.5578567268267494e-07,0.010008673842900136
2026-05-12,2025-05-06,1.9323826504261447e-06,1.9323826504261447e-06,0.0044758780921142554,2026-05-08,250,47521,93,,1.3117492405831576e-06,1.3117492405831576e-06,1.3117492405831576e-06,1.3117492405831576e-06,0.0011453162185977974,0.0011453162185977974,0.0,0.0,0.036331929247390274,0.6774193548387096,0.6774193548387096,0.0,6.497402700839715e-07,6.497402700839715e-07,0.00998592993372109
2026-05-15,2025-05-07,1.656104275995678e-06,1.656104275995678e-06,0.003521008685154758,2026-05-11,250,47691,206,,4.229657411500884e-06,4.229657411500884e-06,4.229657411500884e-06,4.229657411500884e-06,0.0020566130923197205,0.0020566130923197205,0.0,0.0,0.03623549258209542,0.3300970873786408,0.3300970873786408,0.0,7.12158825449127e-06,7.12158825449127e-06,0.009867540799550904
2026-05-18,2025-05-08,2.0727089921727393e-06,2.0727089921727393e-06,0.003497318722312894,2026-05-12,250,47593,219,,3.889446688564954e-06,3.889446688564954e-06,3.889446688564954e-06,3.889446688564954e-06,0.001972168017326352,0.001972168017326352,0.0,0.0,0.036235492582095415,0.4703196347031963,0.4703196347031963,0.0,7.756502642314101e-06,7.756502642314101e-06,0.009987686188562847
2026-05-19,2025-05-09,8.83379709871247e-07,8.83379709871247e-07,0.003525382755842065,2026-05-15,250,47652,205,,6.48284506308001e-07,6.48284506308001e-07,6.48284506308001e-07,6.48284506308001e-07,0.0008051611679086374,0.0008051611679086374,0.0,0.0,0.036139046615873194,0.526829268292683,0.526829268292683,0.0,5.038953261667945e-07,5.038953261667945e-07,0.009994717389832796
2026-05-20,2025-05-12,1.7379386447160812e-05,1.7379386447160812e-05,0.00351205806602669,2026-05-18,250,47658,213,,1.9257104261279208e-05,1.9257104261279208e-05,1.9257104261279208e-05,1.9257104261279208e-05,0.00438829172472378,0.00438829172472378,0.0,0.0,0.03604259134692934,0.014084507042253521,0.014084507042253521,0.0,2.104868823071327e-05,2.104868823071327e-05,0.01006173660610851
2026-05-21,2025-05-13,2.5643299691030257e-05,2.5643299691030257e-05,0.003473945409429281,2026-05-19,250,47668,187,,2.670824574337222e-05,2.670824574337222e-05,2.670824574337222e-05,2.670824574337222e-05,0.005168002103654005,0.005168002103654005,0.0,0.0,0.03584965289369723,0.0374331550802139,0.0374331550802139,0.0,2.7390184882152604e-05,2.7390184882152604e-05,0.00995966003372681
2026-05-22,2025-05-14,5.993928735243571e-07,5.993928735243571e-07,0.003442735827404178,2026-05-20,250,47844,258,,3.7599838897544034e-07,3.7599838897544034e-07,3.7599838897544034e-07,3.7599838897544034e-07,0.0006131870750231452,0.0006131870750231452,0.0,0.0,0.036139046615873194,0.6162790697674418,0.6162790697674418,0.0,1.383066574153929e-07,1.383066574153929e-07,0.009939947759586383
2026-05-26,2025-05-15,8.686679737512529e-07,8.686679737512529e-07,0.003400038857586944,2026-05-21,250,47840,159,,4.7406931835008483e-07,4.7406931835008483e-07,4.7406931835008483e-07,4.7406931835008483e-07,0.0006885269191179709,0.0006885269191179709,0.0,0.0,0.0361390466158732,0.5094339622641509,0.5094339622641509,0.0,1.4750491388015252e-07,1.4750491388015252e-07,0.009901021940883003
2026-05-27,2025-05-16,2.547831956706834e-07,2.547831956706834e-07,0.003405442220996984,2026-05-22,250,47948,245,,3.099854346248296e-07,3.099854346248296e-07,3.099854346248296e-07,3.099854346248296e-07,0.0005567633560363232,0.0005567633560363232,0.0,0.0,0.0361390466158732,0.6408163265306123,0.6408163265306123,0.0,3.572418967598185e-07,3.572418967598185e-07,0.009835726561771407
2026-05-28,2025-05-19,3.181274330441862e-06,3.181274330441862e-06,0.0033778349686343894,2026-05-26,250,47895,201,,3.405712681303234e-06,3.405712681303234e-06,3.405712681303234e-06,3.405712681303234e-06,0.0018454573095314977,0.0018454573095314977,0.0,0.0,0.036139046615873194,0.19900497512437812,0.19900497512437812,0.0,3.5951468856999883e-06,3.5951468856999883e-06,0.009837430376036028
2026-05-29,2025-05-20,5.669952919397634e-06,5.669952919397634e-06,0.00335989248344053,2026-05-27,250,47940,193,,4.88874579592459e-06,4.88874579592459e-06,4.88874579592459e-06,4.88874579592459e-06,0.0022110508352194418,0.0022110508352194418,0.0,0.0,0.036235492582095415,0.19689119170984457,0.19689119170984457,0.0,4.162223171094659e-06,4.162223171094659e-06,0.009783458786111851
2026-06-01,2025-05-21,5.028546410251164e-05,5.028546410251164e-05,0.0033647375504710633,2026-05-28,250,48062,111,,3.585370433557191e-05,3.585370433557191e-05,3.585370433557191e-05,3.585370433557191e-05,0.005987796283740113,0.005987796283740113,0.0,0.0,0.03623549258209542,0.018018018018018018,0.018018018018018018,0.0,5.7875381544474775e-06,5.7875381544474775e-06,0.009759144987309641
2026-06-02,2025-05-22,2.8144293112988078e-05,2.8144293112988078e-05,0.003427899840031339,2026-05-29,250,48062,102,,1.2512875730745376e-05,1.2512875730745376e-05,1.2512875730745376e-05,1.2512875730745376e-05,0.0035373543405694285,0.0035373543405694285,0.0,0.0,0.0371030879515022,0.029411764705882353,0.029411764705882353,0.0,5.687890676526737e-06,5.687890676526737e-06,0.009732641653703163
2026-06-03,2025-05-23,0.00013657631407508632,0.00013657631407508632,0.003331218274111675,2026-06-01,250,47977,192,,5.491923286005291e-05,5.491923286005291e-05,5.491923286005291e-05,5.491923286005291e-05,0.007410751167058094,0.007410751167058094,0.0,0.0,0.037006725629095676,0.052083333333333336,0.052083333333333336,0.0,2.5749500299032927e-06,2.5749500299032927e-06,0.009719443895888467
2026-06-04,2025-05-27,0.00010165244340987084,0.00010165244340987084,0.003384258363952814,2026-06-02,250,47861,140,,4.445736195819513e-05,4.445736195819513e-05,4.445736195819513e-05,4.445736195819513e-05,0.0066676354098132214,0.0066676354098132214,0.0,0.0,0.03710308795150221,0.02142857142857143,0.02142857142857143,0.0,5.17881204559856e-06,5.17881204559856e-06,0.009788128447178617
2026-06-05,2025-05-28,0.0001676122585186747,0.0001676122585186747,0.0033737107605307966,2026-06-03,250,47979,201,,0.00011863978332233954,0.00011863978332233954,0.00011863978332233954,0.00011863978332233954,0.010892189096886794,0.010892189096886794,0.0,0.0,0.0371030879515022,0.0,0.0,0.0,8.348005754035529e-05,8.348005754035529e-05,0.009751281881942703
2026-06-08,2025-05-29,0.00020106098997909504,0.00020106098997909504,0.003416411791501269,2026-06-04,250,47932,176,,0.00010523980331879819,0.00010523980331879819,0.00010523980331879819,0.00010523980331879819,0.010258645296470591,0.010258645296470591,0.0,0.0,0.0371030879515022,0.0,0.0,0.0,6.826942421364431e-05,6.826942421364431e-05,0.010009623754321737
2026-06-09,2025-05-30,2.754346259908333e-06,2.754346259908333e-06,0.003482125091198514,2026-06-05,250,47951,131,,2.1650841348534455e-06,2.1650841348534455e-06,2.1650841348534455e-06,2.1650841348534455e-06,0.0014714224868654976,0.0014714224868654976,0.0,0.0,0.03729578474369689,0.549618320610687,0.549618320610687,0.0,9.164096317609447e-07,9.164096317609447e-07,0.009987010632829198
2026-06-10,2025-06-02,1.5991742608950198e-06,1.5991742608950198e-06,0.0036138358286009293,2026-06-08,250,47959,190,,1.443521595074835e-06,1.443521595074835e-06,1.443521595074835e-06,1.443521595074835e-06,0.0012014664352676837,0.0012014664352676837,0.0,0.0,0.03719944098910626,0.5421052631578948,0.5421052631578948,0.0,1.3587351836118073e-06,1.3587351836118073e-06,0.01001641408316939
2026-06-11,2025-06-03,0.0001719424940689371,0.0001719424940689371,0.0036010700322381497,2026-06-09,250,47913,151,,8.428619869427933e-05,8.428619869427933e-05,8.428619869427933e-05,8.428619869427933e-05,0.00918075153210669,0.00918075153210669,0.0,0.0,0.03719944098910627,0.0,0.0,0.0,4.707362046918877e-05,4.707362046918877e-05,0.010176857863611928
2026-06-12,2025-06-04,0.0001172939523238867,0.0001172939523238867,0.003551736968507931,2026-06-10,250,47999,180,,9.168751713440904e-05,9.168751713440904e-05,9.168751713440904e-05,9.168751713440904e-05,0.009575359895816399,0.009575359895816399,0.0,0.0,0.0371030879515022,0.0,0.0,0.0,7.210612551892612e-05,7.210612551892612e-05,0.010006774560832791
2026-06-15,2025-06-05,5.660571646104311e-07,5.660571646104311e-07,0.0036066362106275548,2026-06-11,250,47999,237,,8.01366323621847e-07,8.01366323621847e-07,8.01366323621847e-07,8.01366323621847e-07,0.0008951906632789727,0.0008951906632789727,0.0,0.0,0.0371030879515022,0.540084388185654,0.540084388185654,0.0,1.073041443571391e-06,1.073041443571391e-06,0.009952946410515673
2026-06-16,2025-06-06,9.635526614508233e-06,9.635526614508233e-06,0.003542271101814991,2026-06-12,250,48037,72,,1.0814600279846314e-05,1.0814600279846314e-05,1.0814600279846314e-05,1.0814600279846314e-05,0.003288555956623867,0.003288555956623867,0.0,0.0,0.03719944098910626,0.2222222222222222,0.2222222222222222,0.0,1.1368043020719293e-05,1.1368043020719293e-05,0.00978047772346091
2026-06-17,2025-06-09,1.0629045015429041e-05,1.0629045015429041e-05,0.0035088891859377113,2026-06-15,250,48082,235,,1.1695809977166822e-05,1.1695809977166822e-05,1.1695809977166822e-05,1.1695809977166822e-05,0.0034199137382639965,0.0034199137382639965,0.0,0.0,0.037199440989106256,0.08936170212765958,0.08936170212765958,0.0,1.2419686201203172e-05,1.2419686201203172e-05,0.009839134780696493
2026-06-18,2025-06-10,5.129062005288641e-06,5.129062005288641e-06,0.0035478966041561084,2026-06-16,250,47986,240,,2.395471072906449e-06,2.395471072906449e-06,2.395471072906449e-06,2.395471072906449e-06,0.0015477309433187829,0.0015477309433187829,0.0,0.0,0.03758476032727121,0.4125,0.4125,0.0,1.5889667368465663e-07,1.5889667368465663e-07,0.009963558086806303
2026-06-22,2025-06-11,5.427275649351697e-05,5.427275649351697e-05,0.0035233716989362795,2026-06-17,250,48165,225,,3.438648546140646e-05,3.438648546140646e-05,3.438648546140646e-05,3.438648546140646e-05,0.005863999101415898,0.005863999101415898,0.0,0.0,0.03758476032727122,0.008888888888888889,0.008888888888888889,0.0,1.847746863571803e-05,1.847746863571803e-05,0.010077131263893722
2026-06-23,2025-06-12,8.608240706886907e-05,8.608240706886907e-05,0.0035352345038887584,2026-06-18,250,48233,138,,4.636117342551095e-05,4.636117342551095e-05,4.636117342551095e-05,4.636117342551095e-05,0.006808903981222745,0.006808903981222745,0.0,0.0,0.037777364334029936,0.028985507246376812,0.028985507246376812,0.0,8.877755762060332e-06,8.877755762060332e-06,0.010108944236220257
2026-06-24,2025-06-13,1.2381902426596627e-06,1.2381902426596627e-06,0.003567787971457695,2026-06-22,250,48329,226,,2.9414758371975163e-06,2.9414758371975163e-06,2.9414758371975163e-06,2.9414758371975163e-06,0.0017150731288191523,0.0017150731288191523,0.0,0.0,0.03777736433402994,0.3938053097345133,0.3938053097345133,0.0,4.500415194910128e-06,4.500415194910128e-06,0.010257909157828732
2026-06-25,2025-06-16,1.3602139188094553e-05,1.3602139188094553e-05,0.003582639552340659,2026-06-23,250,48373,186,,8.976961707163033e-06,8.976961707163033e-06,8.976961707163033e-06,8.976961707163033e-06,0.002996157824141284,0.002996157824141284,0.0,0.0,0.03777736433402994,0.15591397849462366,0.15591397849462366,0.0,6.121417349370526e-06,6.121417349370526e-06,0.010262665702907642
2026-06-26,2025-06-17,4.689338903023251e-06,4.689338903023251e-06,0.003816100308922408,2026-06-24,250,48468,176,,3.3026143069053494e-06,3.3026143069053494e-06,3.3026143069053494e-06,3.3026143069053494e-06,0.0018173096342960792,0.0018173096342960792,0.0,0.0,0.037681066967688484,0.48295454545454547,0.48295454545454547,0.0,2.40837134305362e-06,2.40837134305362e-06,0.0102478510145717
2026-06-29,2025-06-18,1.2014245528517899e-05,1.2014245528517899e-05,0.0037000493339911207,2026-06-25,250,48553,147,,2.4857025684153635e-05,2.4857025684153635e-05,2.4857025684153635e-05,2.4857025684153635e-05,0.004985682068097968,0.004985682068097968,0.0,0.0,0.03758476032727121,0.1564625850340136,0.1564625850340136,0.0,3.448911080088044e-05,3.448911080088044e-05,0.010322496879243886
2026-06-30,2025-06-20,2.0450869651247368e-06,2.0450869651247368e-06,0.0037268403492581813,2026-06-26,250,48549,161,,1.923678552602707e-05,1.923678552602707e-05,1.923678552602707e-05,1.923678552602707e-05,0.004385976006093407,0.004385976006093407,0.0,0.0,0.03796993125162867,0.40372670807453415,0.40372670807453415,0.0,3.944864734762846e-05,3.944864734762846e-05,0.010155191632928473
2026-07-01,2025-06-23,1.0002593131374297e-05,1.0002593131374297e-05,0.0036286978158695045,2026-06-29,250,48525,228,,4.44939854795594e-06,4.44939854795594e-06,4.44939854795594e-06,4.44939854795594e-06,0.002109359748349233,0.002109359748349233,0.0,0.0,0.037969931251628675,0.3815789473684211,0.3815789473684211,0.0,6.238645016010711e-07,6.238645016010711e-07,0.010076726435180847
2026-07-02,2025-06-24,3.120222677934363e-05,3.120222677934363e-05,0.003566818397988995,2026-06-30,250,48505,154,,1.4418047184273829e-05,1.4418047184273829e-05,1.4418047184273829e-05,1.4418047184273829e-05,0.003797110372938062,0.003797110372938062,0.0,0.0,0.03777736433402994,0.35064935064935066,0.35064935064935066,0.0,1.4922996800246669e-06,1.4922996800246669e-06,0.010090373578631196
2026-07-06,2025-06-25,7.524877997478062e-06,7.524877997478062e-06,0.0034021320027217065,2026-07-01,250,48658,198,,4.098461406764955e-06,4.098461406764955e-06,4.098461406764955e-06,4.098461406764955e-06,0.0020244657089624795,0.0020244657089624795,0.0,0.0,0.03748844441099159,0.23737373737373738,0.23737373737373738,0.0,1.1245904035045227e-06,1.1245904035045227e-06,0.010103650742501141
2026-07-07,2025-06-26,2.606396487113434e-05,2.606396487113434e-05,0.0033582805603530994,2026-07-02,250,48639,77,,1.4112988528275902e-05,1.4112988528275902e-05,1.4112988528275902e-05,1.4112988528275902e-05,0.003756725772301713,0.003756725772301713,0.0,0.0,0.03796993125162867,0.05194805194805195,0.05194805194805195,0.0,3.619448324790445e-06,3.619448324790445e-06,0.0100162349590033
2026-07-08,2025-06-27,8.419391409703835e-05,8.419391409703835e-05,0.0033799008562415507,2026-07-06,250,48662,197,,2.9695973557980773e-05,2.9695973557980773e-05,2.9695973557980773e-05,2.9695973557980773e-05,0.005449401210957106,0.005449401210957106,0.0,0.0,0.03787365242808151,0.03553299492385787,0.03553299492385787,0.0,3.471400667005698e-06,3.471400667005698e-06,0.01006405825788073
2026-07-09,2025-06-30,4.985860572083302e-06,4.985860572083302e-06,0.003350457895912441,2026-07-07,250,48542,172,,4.318405544303323e-06,4.318405544303323e-06,4.318405544303323e-06,4.318405544303323e-06,0.002078077367256408,0.002078077367256408,0.0,0.0,0.03796993125162867,0.1569767441860465,0.1569767441860465,0.0,3.942203619554607e-06,3.942203619554607e-06,0.010095246847330295
2026-07-10,2025-07-01,3.0500239497884547e-05,3.0500239497884547e-05,0.0033204730883562078,2026-07-08,250,48617,214,,1.6510199620694208e-05,1.6510199620694208e-05,1.6510199620694208e-05,1.6510199620694208e-05,0.00406327449487408,0.00406327449487408,0.0,0.0,0.03758476032727121,0.03271028037383177,0.03271028037383177,0.0,2.779234556044423e-06,2.779234556044423e-06,0.0100105053810645
2026-07-13,2025-07-02,6.69557399453444e-05,6.69557399453444e-05,0.0033299505264493203,2026-07-09,250,48679,190,,3.924365028752754e-05,3.924365028752754e-05,3.924365028752754e-05,3.924365028752754e-05,0.0062644752603492285,0.0062644752603492285,0.0,0.0,0.03777736433402994,0.031578947368421054,0.031578947368421054,0.0,1.4824086133609718e-05,1.4824086133609718e-05,0.009967543545930196
2026-07-14,2025-07-03,3.643783465153348e-05,3.643783465153348e-05,0.0033090668431502313,2026-07-10,250,48713,66,,1.9983113977380026e-05,1.9983113977380026e-05,1.9983113977380026e-05,1.9983113977380026e-05,0.00447024764161674,0.00447024764161674,0.0,0.0,0.03816246109434891,0.10606060606060606,0.10606060606060606,0.0,6.2708467489188155e-06,6.2708467489188155e-06,0.010044445186005845
2026-07-15,2025-07-07,3.002585763946718e-05,3.002585763946718e-05,0.0033348154735437976,2026-07-13,250,48767,185,,1.8469882607819955e-05,1.8469882607819955e-05,1.8469882607819955e-05,1.8469882607819955e-05,0.004297660131725164,0.004297660131725164,0.0,0.0,0.037681066967688484,0.03783783783783784,0.03783783783783784,0.0,2.6174553208167126e-06,2.6174553208167126e-06,0.010008907598792277
2026-07-16,2025-07-08,5.657410958197137e-05,5.657410958197137e-05,0.0032061068702290063,2026-07-14,250,48676,218,,2.5153803279464976e-05,2.5153803279464976e-05,2.5153803279464976e-05,2.5153803279464976e-05,0.005015356744984845,0.005015356744984845,0.0,0.0,0.03758476032727121,0.3165137614678899,0.3165137614678899,0.0,8.860870295616667e-07,8.860870295616667e-07,0.009969392297399347
2026-07-17,2025-07-09,1.2914361311696843e-06,1.2914361311696843e-06,0.003150693152493549,2026-07-15,250,48796,232,,9.486755541094453e-07,9.486755541094453e-07,9.486755541094453e-07,9.486755541094453e-07,0.0009739997711033844,0.0009739997711033844,0.0,0.0,0.037681066967688484,0.5043103448275862,0.5043103448275862,0.0,6.74998504208634e-07,6.74998504208634e-07,0.010023706575021314
2026-07-20,2025-07-10,5.119008497291164e-07,5.119008497291164e-07,0.0031461616827470488,2026-07-16,250,48849,276,,4.2434281166282534e-07,4.2434281166282534e-07,4.2434281166282534e-07,4.2434281166282534e-07,0.0006514160050711261,0.0006514160050711261,0.0,0.0,0.037777364334029936,0.5942028985507246,0.5942028985507246,0.0,3.121816885200558e-07,3.121816885200558e-07,0.010123904532551225
2026-07-21,2025-07-11,7.872448354106427e-07,7.872448354106427e-07,0.0032150402645518858,2026-07-17,250,48944,164,,5.404053195167733e-07,5.404053195167733e-07,5.404053195167733e-07,5.404053195167733e-07,0.0007351226561035739,0.0007351226561035739,0.0,0.0,0.037873652428081515,0.5121951219512195,0.5121951219512195,0.0,3.165276190548917e-07,3.165276190548917e-07,0.010140275438289154
2026-07-22,2025-07-14,4.6838933823021933e-07,4.6838933823021933e-07,0.0032037590773173856,2026-07-20,250,49029,259,,3.122737506649106e-07,3.122737506649106e-07,3.122737506649106e-07,3.122737506649106e-07,0.0005588145941767364,0.0005588145941767364,0.0,0.0,0.03796993125162867,0.7258687258687259,0.7258687258687259,0.0,1.5735905223471974e-07,1.5735905223471974e-07,0.010056391992302348
2026-07-23,2025-07-16,8.320121861159513e-06,8.320121861159513e-06,0.003221946055417473,2026-07-21,250,49030,208,,4.655212190804269e-06,4.655212190804269e-06,4.655212190804269e-06,4.655212190804269e-06,0.002157594074612801,0.002157594074612801,0.0,0.0,0.03816246109434891,0.23557692307692307,0.23557692307692307,0.0,2.0201118493091777e-06,2.0201118493091777e-06,0.010068097831176997
2026-07-24,2025-07-17,1.2933629668146464e-05,1.2933629668146464e-05,0.0032643163588882665,2026-07-22,250,49107,228,,9.637962401196802e-06,9.637962401196802e-06,9.637962401196802e-06,9.637962401196802e-06,0.003104506788718105,0.003104506788718105,0.0,0.0,0.03873982831593057,0.18859649122807018,0.18859649122807018,0.0,4.676353438865995e-06,4.676353438865995e-06,0.010193986561543257
2026-07-27,2025-07-18,6.978032043395202e-07,6.978032043395202e-07,0.0031529637859588,2026-07-23,250,49101,284,,4.306153635207705e-07,4.306153635207705e-07,4.306153635207705e-07,4.306153635207705e-07,0.0006562128949668473,0.0006562128949668473,0.0,0.0,0.03883602378519813,0.5,0.5,0.0,2.5663258345274757e-07,2.5663258345274757e-07,0.010183639857631982
2026-07-28,2025-07-21,1.1622662729868893e-05,1.1622662729868893e-05,0.0031165593185123615,2026-07-24,250,49141,184,,8.958235774184066e-06,8.958235774184066e-06,8.958235774184066e-06,8.958235774184066e-06,0.0029930312016723222,0.0029930312016723222,0.0,0.0,0.03883602378519813,0.07065217391304347,0.07065217391304347,0.0,5.715981285941086e-06,5.715981285941086e-06,0.010181435278518176
2026-07-29,2025-07-22,1.4771844500050906e-05,1.4771844500050906e-05,0.0030875088214537758,2026-07-27,250,49200,196,,6.665588657390508e-06,6.665588657390508e-06,6.665588657390508e-06,6.665588657390508e-06,0.0025817801334332303,0.0025817801334332303,0.0,0.0,0.03825871211709033,0.4030612244897959,0.4030612244897959,0.0,1.0750673865902345e-06,1.0750673865902345e-06,0.010157110655184516
2026-07-30,2025-07-23,7.599508911464488e-06,7.599508911464488e-06,0.0031047635944291664,2026-07-28,250,49309,152,,4.818966909526373e-06,4.818966909526373e-06,4.818966909526373e-06,4.818966909526373e-06,0.0021952145474933363,0.0021952145474933363,0.0,0.0,0.03758476032727121,0.3881578947368421,0.3881578947368421,0.0,1.8881253399159273e-06,1.8881253399159273e-06,0.010315845968250487
2026-07-31,2025-07-24,0.0001748298350938167,0.0001748298350938167,0.0031490867648381955,2026-07-29,250,49328,176,,7.772424954616512e-05,7.772424954616512e-05,7.772424954616512e-05,7.772424954616512e-05,0.00881613574907766,0.00881613574907766,0.0,0.0,0.03748844441099159,0.0625,0.0625,0.0,3.92400452994993e-06,3.92400452994993e-06,0.010145744178834822
2026-08-03,2025-07-25,8.784975713389782e-05,8.784975713389782e-05,0.0033990482664853845,2026-07-30,250,49292,211,,6.541080918923358e-05,6.541080918923358e-05,6.541080918923358e-05,6.541080918923358e-05,0.008087694924342385,0.008087694924342385,0.0,0.0,0.03758476032727121,0.0,0.0,0.0,3.853081946385457e-05,3.853081946385457e-05,0.010073219281688821
2026-08-04,2025-07-28,1.065650131178448e-06,1.065650131178448e-06,0.003460549733043306,2026-07-31,250,49285,123,,2.50725742899887e-06,2.50725742899887e-06,2.50725742899887e-06,2.50725742899887e-06,0.0015834321674763558,0.0015834321674763558,0.0,0.0,0.038354953876463996,0.3821138211382114,0.3821138211382114,0.0,3.2020079339725665e-06,3.2020079339725665e-06,0.009931760528990193
2026-08-05,2025-07-29,9.144864242586326e-07,9.144864242586326e-07,0.0033938845432801086,2026-08-03,250,49298,164,,7.470710112617437e-07,7.470710112617437e-07,7.470710112617437e-07,7.470710112617437e-07,0.0008643326970916602,0.0008643326970916602,0.0,0.0,0.03816246109434891,0.5548780487804879,0.5548780487804879,0.0,6.024849727644306e-07,6.024849727644306e-07,0.009755872324426639
2026-08-06,2025-07-30,7.927043467359365e-07,7.927043467359365e-07,0.0033762057877813507,2026-08-04,250,49346,208,,4.757079444398953e-07,4.757079444398953e-07,4.757079444398953e-07,4.757079444398953e-07,0.000689715843257131,0.000689715843257131,0.0,0.0,0.03816246109434891,0.4567307692307692,0.4567307692307692,0.0,3.04295075050184e-07,3.04295075050184e-07,0.009775389391912076
2026-08-07,2025-07-31,2.8940514788271958e-06,2.8940514788271958e-06,0.0033609679587721254,2026-08-05,250,49339,263,,2.074713084112445e-06,2.074713084112445e-06,2.074713084112445e-06,2.074713084112445e-06,0.0014403864356874669,0.0014403864356874669,0.0,0.0,0.03825871211709034,0.39543726235741444,0.39543726235741444,0.0,1.5038192348918446e-06,1.5038192348918446e-06,0.009791033881544708
2026-08-10,2025-08-01,6.146595204420034e-06,6.146595204420034e-06,0.0033510994797816994,2026-08-06,250,49425,252,,2.6163695182154647e-06,2.6163695182154647e-06,2.6163695182154647e-06,2.6163695182154647e-06,0.0016175195572899466,0.0016175195572899466,0.0,0.0,0.03796993125162867,0.48412698412698413,0.48412698412698413,0.0,5.161086669292025e-07,5.161086669292025e-07,0.009731522385743476
2026-08-11,2025-08-04,1.6138462724165957e-05,1.6138462724165957e-05,0.0042820995263738405,2026-08-07,250,49516,81,,1.1021391178559937e-05,1.1021391178559937e-05,1.1021391178559937e-05,1.1021391178559937e-05,0.0033198480655837154,0.0033198480655837154,0.0,0.0,0.03816246109434891,0.07407407407407407,0.07407407407407407,0.0,6.029126256017476e-06,6.029126256017476e-06,0.009734417810434265
2026-08-12,2025-08-05,4.1481428535663055e-06,4.1481428535663055e-06,0.003476435669541831,2026-08-10,250,49585,222,,5.057809399256204e-06,5.057809399256204e-06,5.057809399256204e-06,5.057809399256204e-06,0.002248957402721582,0.002248957402721582,0.0,0.0,0.03816246109434892,0.2702702702702703,0.2702702702702703,0.0,5.935275359257962e-06,5.935275359257962e-06,0.009765621106727575
2026-08-13,2025-08-06,4.840971948259977e-06,4.840971948259977e-06,0.0035070306038047982,2026-08-11,250,49597,208,,1.982916508771857e-06,1.982916508771857e-06,1.982916508771857e-06,1.982916508771857e-06,0.0014081606828667873,0.0014081606828667873,0.0,0.0,0.03796993125162867,0.5528846153846154,0.5528846153846154,0.0,1.9663185909178169e-07,1.9663185909178169e-07,0.009741222540097603
2026-08-14,2025-08-07,2.6520821523011563e-06,2.6520821523011563e-06,0.003472449714997051,2026-08-12,250,49649,176,,1.1480991954314123e-06,1.1480991954314123e-06,1.1480991954314123e-06,1.1480991954314123e-06,0.001071493908256791,0.001071493908256791,0.0,0.0,0.03796993125162867,0.5170454545454546,0.5170454545454546,0.0,3.8968043940307983e-07,3.8968043940307983e-07,0.009673724739034302
2026-08-17,2025-08-08,3.013516823609418e-06,3.013516823609418e-06,0.003464844899159938,2026-08-13,250,49687,149,,2.2852368434346953e-06,2.2852368434346953e-06,2.2852368434346953e-06,2.2852368434346953e-06,0.0015116999845983645,0.0015116999845983645,0.0,0.0,0.037873652428081515,0.5302013422818792,0.5302013422818792,0.0,4.899420085853812e-07,4.899420085853812e-07,0.009692914187082976
2026-08-18,2025-08-11,6.389516411217919e-07,6.389516411217919e-07,0.003468699892012174,2026-08-14,250,49707,157,,3.745780190957285e-07,3.745780190957285e-07,3.745780190957285e-07,3.745780190957285e-07,0.0006120277927477874,0.0006120277927477874,0.0,0.0,0.03796993125162867,0.5095541401273885,0.5095541401273885,0.0,2.8113561820720615e-07,2.8113561820720615e-07,0.00973895324006367
2026-08-19,2025-08-12,1.7690305467530985e-06,1.7690305467530985e-06,0.003419023965422701,2026-08-17,250,49664,264,,1.2443989321850757e-06,1.2443989321850757e-06,1.2443989321850757e-06,1.2443989321850757e-06,0.0011155263027759926,0.0011155263027759926,0.0,0.0,0.03787365242808151,0.5,0.5,0.0,7.276565148286023e-07,7.276565148286023e-07,0.009805195126718354
2026-08-20,2025-08-13,0.00010500601716934436,0.00010500601716934436,0.0033456427737272353,2026-08-18,250,49786,195,,5.22551718681386e-05,5.22551718681386e-05,5.22551718681386e-05,5.22551718681386e-05,0.007228773884147892,0.007228773884147892,0.0,0.0,0.03787365242808151,0.005128205128205128,0.005128205128205128,0.0,7.9643677944847e-06,7.9643677944847e-06,0.009784668296361793
2026-08-21,2025-08-14,0.0001238361291413579,0.0001238361291413579,0.003405075489881144,2026-08-19,250,49883,174,,7.951282788932885e-05,7.951282788932885e-05,7.951282788932885e-05,7.951282788932885e-05,0.008916996573360834,0.008916996573360834,0.0,0.0,0.03796993125162867,0.0,0.0,0.0,1.2064325984067209e-05,1.2064325984067209e-05,0.00986755441909258
2026-08-24,2025-08-15,2.7299877076690085e-05,2.7299877076690085e-05,0.0034265395183449157,2026-08-20,250,49933,277,,1.2836863955045663e-05,1.2836863955045663e-05,1.2836863955045663e-05,1.2836863955045663e-05,0.0035828569543097395,0.0035828569543097395,0.0,0.0,0.03806620080645634,0.2563176895306859,0.2563176895306859,0.0,2.3058900442316015e-07,2.3058900442316015e-07,0.009827348116805096
2026-08-25,2025-08-18,3.9478716333708935e-06,3.9478716333708935e-06,0.0034156086872462466,2026-08-21,250,49907,160,,1.946270540291965e-06,1.946270540291965e-06,1.946270540291965e-06,1.946270540291965e-06,0.0013950880044971948,0.0013950880044971948,0.0,0.0,0.03796993125162867,0.55,0.55,0.0,2.2396262299149093e-07,2.2396262299149093e-07,0.009856310005632179
2026-08-26,2025-08-19,4.763101111319282e-06,4.763101111319282e-06,0.0034204582123265586,2026-08-24,250,49992,247,,2.4465192436254985e-06,2.4465192436254985e-06,2.4465192436254985e-06,2.4465192436254985e-06,0.0015641353022118958,0.0015641353022118958,0.0,0.0,0.037873652428081515,0.4777327935222672,0.4777327935222672,0.0,4.2828504071045925e-07,4.2828504071045925e-07,0.00982491023749527
2026-08-27,2025-08-20,1.5545882065932188e-05,1.5545882065932188e-05,0.0033817195724996016,2026-08-25,250,50070,222,,9.791514600977407e-06,9.791514600977407e-06,9.791514600977407e-06,9.791514600977407e-06,0.0031291395943577535,0.0031291395943577535,0.0,0.0,0.03777736433402994,0.02252252252252252,0.02252252252252252,0.0,3.932522273023447e-06,3.932522273023447e-06,0.009822730002088553
2026-08-28,2025-08-21,4.383927935777821e-05,4.383927935777821e-05,0.003369572127916588,2026-08-26,250,50110,125,,2.3667879149604206e-05,2.3667879149604206e-05,2.3667879149604206e-05,2.3667879149604206e-05,0.004864964455122381,0.004864964455122381,0.0,0.0,0.03768106696768848,0.216,0.216,0.0,1.8155289240823595e-06,1.8155289240823595e-06,0.00975878225911036
2026-08-31,2025-08-22,7.442806367685603e-07,7.442806367685603e-07,0.0033156083828589306,2026-08-27,250,50120,187,,4.5436427745444726e-07,4.5436427745444726e-07,4.5436427745444726e-07,4.5436427745444726e-07,0.0006740654845446748,0.0006740654845446748,0.0,0.0,0.03825871211709033,0.7700534759358288,0.7700534759358288,0.0,9.887159877166579e-08,9.887159877166579e-08,0.009780980048092549
2026-09-01,2025-08-25,1.3333057454996692e-06,1.3333057454996692e-06,0.0033454315922360747,2026-08-28,250,50003,161,,8.172505164480317e-07,8.172505164480317e-07,8.172505164480317e-07,8.172505164480317e-07,0.0009040190907541896,0.0009040190907541896,0.0,0.0,0.03835495387646399,0.5031055900621118,0.5031055900621118,0.0,5.420210609538251e-07,5.420210609538251e-07,0.009810308324098821
2026-09-02,2025-08-27,4.857339962419352e-07,4.857339962419352e-07,0.0032602343677913463,2026-08-31,250,49951,180,,2.400435370311193e-06,2.400435370311193e-06,2.400435370311193e-06,2.400435370311193e-06,0.0015493338472747547,0.0015493338472747547,0.0,0.0,0.038451186374252724,0.3611111111111111,0.3611111111111111,0.0,3.799640220592573e-06,3.799640220592573e-06,0.009878176113838639
2026-09-03,2025-08-28,1.0151769020206888e-05,1.0151769020206888e-05,0.0032619399310684395,2026-09-01,250,50031,139,,5.013673490356175e-06,5.013673490356175e-06,5.013673490356175e-06,5.013673490356175e-06,0.0022391233754208754,0.0022391233754208754,0.0,0.0,0.03845118637425273,0.17266187050359713,0.17266187050359713,0.0,3.682720524089528e-07,3.682720524089528e-07,0.009834540488263892
2026-09-04,2025-08-29,8.22380329619758e-05,8.22380329619758e-05,0.0032296395600377808,2026-09-02,250,50022,210,,3.999170008828325e-05,3.999170008828325e-05,3.999170008828325e-05,3.999170008828325e-05,0.006323899120659915,0.006323899120659915,0.0,0.0,0.03816246109434891,0.0,0.0,0.0,1.2381891989728262e-05,1.2381891989728262e-05,0.009732655172859789
