evaluated_session,train_start,baseline_loss_AAPL,model_loss_AAPL,q_effective_AAPL,train_end,train_sessions,train_rows,evaluation_rows,alpha,baseline_loss,model_loss,baseline_mse,model_mse,baseline_rmse,model_rmse,rho,d,r_effective,model_within_spread,baseline_within_spread,learned_coverage,baseline_loss_SPY,model_loss_SPY,q_effective_SPY
2020-11-16,2020-01-08,0.07561607679452384,0.0008898271615349748,0.006770920677511319,2020-11-11,120,11060,98,0.01,0.07561607679452384,0.0008898271615349748,0.07561607679452384,0.0008898271615349748,0.27498377551143605,0.029829970860444616,0.8915209786287772,0.07472624963298886,0.0008995952428360928,0.0,0.0,1.0,,,
2020-11-18,2020-01-08,0.11871785660799532,0.0013284382899478558,0.006763548035848898,2020-11-13,121,11168,82,0.01,0.060814117085567276,0.0006858630879899506,0.060814117085567276,0.0006858630879899506,0.24660518462831896,0.026188987914578726,0.8938019573511785,0.060128253997577326,0.0008995952428360928,0.07317073170731707,0.024390243902439025,1.0,1.5190587017812018e-05,1.115912593415037e-05,0.01575347179856913
2020-11-20,2020-01-08,0.07434481340096716,0.0008240665892385934,0.006806304787592717,2020-11-16,122,11266,145,1.0,0.053839797834241726,0.0006009374355028204,0.053839797834241726,0.0006009374355028204,0.2320340445586417,0.0245140252815163,0.8943516011706597,0.05323886039873891,0.0006997551142733421,0.0,0.0,1.0,1.4131971587474703e-05,1.5223406946416457e-05,0.015878520319749567
2020-11-23,2020-01-08,0.06892118514410159,0.0007081418743345051,0.006881711266405318,2020-11-18,123,11348,145,0.01,0.0503874017897384,0.0005211330447881814,0.0503874017897384,0.0005211330447881814,0.22447138300847705,0.022828338633991335,0.8983017864993097,0.04986626874495022,0.0006997551142733421,0.041379310344827586,0.006896551724137931,1.0,1.3529083007677695e-05,1.2852636277660878e-05,0.015988002701713893
2020-11-25,2020-01-08,0.00016554335617161248,1.1128313085614631e-05,0.007011374489884519,2020-11-20,124,11493,80,0.01,9.191022645435914e-05,1.2059697086594674e-05,9.191022645435914e-05,1.2059697086594674e-05,0.009586982134872222,0.003472707457675448,0.6377684438313879,7.985052936776446e-05,0.000899595242836093,0.15,0.0625,1.0,1.45010388028877e-05,1.3038844369676252e-05,0.015640705357634493
2020-11-27,2020-01-08,0.00010377904706728144,1.7785615085207353e-05,0.0069594070499008846,2020-11-23,125,11638,141,0.01,7.914648577625596e-05,1.596784709949996e-05,7.914648577625596e-05,1.596784709949996e-05,0.00889643106960628,0.0039959788662479135,0.5508334932308132,6.317863867675601e-05,0.0008995952428360927,0.07092198581560284,0.03546099290780142,1.0,1.237928017163425e-05,1.1040739138240453e-05,0.01566485689075167
2020-11-30,2020-01-08,7.487505783177023e-05,1.5110922187577714e-05,0.006925979929668066,2020-11-25,126,11718,67,0.01,4.034560094262291e-05,1.134446941254058e-05,4.034560094262291e-05,1.134446941254058e-05,0.006351818711410371,0.0033681551942481183,0.4697337333955103,2.9001131530082326e-05,0.000899595242836093,0.34328358208955223,0.23880597014925373,1.0,1.2348744005476418e-05,8.290588784132086e-06,0.015621351774960815
2020-12-02,2020-01-08,3.523960842695654e-05,8.193044896671797e-06,0.006580019556714471,2020-11-27,127,11859,88,0.01,2.3172531130462962e-05,6.790942877309884e-06,2.3172531130462962e-05,6.790942877309884e-06,0.0048137855301688464,0.002605943759429563,0.45864980001754296,1.638158825315308e-05,0.0008995952428360929,0.10227272727272728,0.045454545454545456,1.0,8.01133145025308e-06,5.0293275196500426e-06,0.015521056226435717
2020-12-04,2020-01-08,2.0321694913396453e-05,1.353046311233991e-05,0.006568244672197819,2020-11-30,128,11926,66,0.01,2.0321694913396453e-05,1.353046311233991e-05,2.0321694913396453e-05,1.353046311233991e-05,0.004507959062968124,0.0036783777827107305,0.18402591254038192,6.791231801056543e-06,0.0007996801705643322,0.12121212121212122,0.16666666666666666,1.0,,,
2020-12-07,2020-01-08,1.424485528507163e-05,1.1761425502170815e-05,0.006605316973415134,2020-12-02,129,12014,123,0.01,1.2521880797854068e-05,1.0791348064061408e-05,1.2521880797854068e-05,1.0791348064061408e-05,0.003538626965060611,0.0032850187311583793,0.07166854161410252,1.7305327337926609e-06,0.0008995952428360928,0.24390243902439024,0.22764227642276422,1.0,7.822859469078893e-06,8.145682323763031e-06,0.01536032715965932
2020-12-09,2020-01-08,1.0365004593607102e-05,2.0668511830861686e-05,0.006492201318539958,2020-12-04,130,12080,56,1.0,8.895031730258622e-06,1.1790562188039862e-05,8.895031730258622e-06,1.1790562188039862e-05,0.0029824539778944823,0.0034337388060305144,-0.15131325796840112,-2.89553045778124e-06,0.0008995952428360929,0.375,0.35714285714285715,1.0,7.943872818680195e-06,6.04600653680221e-06,0.015347048653321446
2020-12-11,2020-01-08,5.184319219265182e-06,4.359486376246117e-06,0.006552255761116521,2020-12-07,131,12203,71,1.0,5.184319219265182e-06,4.359486376246117e-06,5.184319219265182e-06,4.359486376246117e-06,0.002276910015627579,0.0020879383075766674,0.08299480732831066,8.24832843019065e-07,0.0007996801705643321,0.29577464788732394,0.23943661971830985,1.0,,,
2020-12-18,2020-01-08,1.4273058733646978e-05,3.523992943148181e-05,0.0062742812742812735,2020-12-09,132,12259,129,0.01,2.0685933816800398e-05,3.547974586688512e-05,2.0685933816800398e-05,3.547974586688512e-05,0.004548179175978053,0.005956487712308749,-0.3096422726195369,-1.479381205008472e-05,0.0007996801705643321,0.3023255813953488,0.2248062015503876,1.0,4.279929617250187e-05,3.630669909241378e-05,0.015261704814098432
2020-12-21,2020-01-08,1.7861729934077287e-05,4.02728401463229e-05,0.0063755872251391585,2020-12-11,133,12330,138,0.01,2.6598841608896623e-05,3.420659487107485e-05,2.6598841608896623e-05,3.420659487107485e-05,0.005157406480867746,0.005848640429285668,-0.13402743238916104,-7.607753262178225e-06,0.0007996801705643322,0.2391304347826087,0.2028985507246377,1.0,5.332412437893224e-05,1.5651021087963163e-05,0.015415312313776477
2020-12-23,2020-01-08,4.277091766142298e-05,9.25130985225458e-05,0.006122990597512892,2020-12-18,134,12459,64,100.0,3.840485138980247e-05,5.427524669632224e-05,3.840485138980247e-05,5.427524669632224e-05,0.00619716478640051,0.0073671735893979205,-0.18879743291076578,-1.5870395306519773e-05,0.0008995952428360929,0.078125,0.0,1.0,3.455243997366673e-05,2.053596567318385e-05,0.015496745997168064
2020-12-28,2020-01-08,1.3412131346780306e-05,2.3797279970594704e-05,0.006118814882170188,2020-12-21,135,12597,140,100.0,1.6902562238874437e-05,2.3419356655967384e-05,1.6902562238874437e-05,2.3419356655967384e-05,0.004111272581436852,0.0048393549834629184,-0.17709416916637744,-6.516794417092947e-06,0.0008995952428360928,0.25,0.12142857142857143,1.0,2.8682766499692135e-05,2.2143865469100176e-05,0.015422831978319783
2020-12-30,2020-01-08,2.906563812423553e-05,5.79598160880017e-05,0.005987246978571956,2020-12-23,136,12661,60,100.0,2.735048090730144e-05,3.472994686555308e-05,2.735048090730144e-05,3.472994686555308e-05,0.0052297687240738895,0.005893211931158855,-0.12685899550987334,-7.37946595825164e-06,0.0009995003330835331,0.1,0.08333333333333333,1.0,2.5745978994685674e-05,1.299877888326245e-05,0.015320694018198463
2021-01-04,2020-01-08,3.5307176634203574e-05,2.951021499646052e-05,0.006085613083126086,2020-12-28,137,12801,106,100.0,3.980018727597758e-05,2.4458575420943206e-05,3.980018727597758e-05,2.4458575420943206e-05,0.006308738960836594,0.004945561183621451,0.2160776956658822,1.5341611855034375e-05,0.0008995952428360928,0.3584905660377358,0.3018867924528302,1.0,5.1182480901805044e-05,1.166108849629935e-05,0.015221528297849573
2021-01-06,2020-01-08,4.944305458800309e-05,5.865480487378993e-05,0.0061636516296465944,2020-12-30,138,12861,61,100.0,4.431573867249608e-05,3.4829998103727056e-05,4.431573867249608e-05,3.4829998103727056e-05,0.006657006735199844,0.0059016945112168465,0.1134612377645916,9.485740568769023e-06,0.000899595242836093,0.06557377049180328,0.0,1.0,3.966910862406786e-05,1.3238766968357572e-05,0.015326057684539358
2021-01-08,2020-01-08,2.345807782322982e-05,1.781397057942464e-05,0.006167888787045525,2021-01-04,139,12967,74,100.0,2.345807782322982e-05,1.781397057942464e-05,2.345807782322982e-05,1.781397057942464e-05,0.004843353984918903,0.004220659969652216,0.12856669514671326,5.644107243805178e-06,0.0008995952428360928,0.25675675675675674,0.20270270270270271,1.0,,,
2021-01-11,2020-01-08,6.269074412819117e-05,5.002170116992218e-05,0.0061151079136690665,2021-01-06,140,13028,161,100.0,5.785430441429178e-05,4.207965490438442e-05,5.785430441429178e-05,4.207965490438442e-05,0.007606201707441881,0.006486883296652131,0.14715865471916323,1.577464950990736e-05,0.0007996801705643322,0.16770186335403728,0.049689440993788817,1.0,3.978877960060876e-05,1.2413776206640495e-05,0.01492688716361538
2021-01-15,2020-01-08,6.286056084456453e-05,5.573514511570463e-05,0.0062640601970366935,2021-01-08,141,13102,170,100.0,6.31112619422379e-05,4.734963711022283e-05,6.31112619422379e-05,4.734963711022283e-05,0.00794425968496989,0.006881107259026183,0.13382649461410911,1.5761624832015074e-05,0.0008995952428360928,0.11764705882352941,0.023529411764705882,1.0,6.41520513477304e-05,1.2537073572313544e-05,0.015037322306188237
2021-01-20,2020-01-08,6.833726631236426e-05,7.878580988848679e-05,0.0063169834937025745,2021-01-11,142,13263,82,100.0,5.177859734382771e-05,4.878953559671336e-05,5.177859734382771e-05,4.878953559671336e-05,0.007195734663245144,0.006984950650986259,0.02929291060932837,2.989061747114354e-06,0.0008995952428360928,0.08536585365853659,0.10975609756097561,1.0,3.352160335287718e-05,1.5716720351937517e-05,0.015029776838769307
2021-01-22,2020-01-08,6.973590691151805e-05,7.26263832364973e-05,0.005899758895302112,2021-01-15,143,13433,162,100.0,5.991056050556185e-05,5.704302863873289e-05,5.991056050556185e-05,5.704302863873289e-05,0.007740191244766621,0.007552683538897475,0.02422520322038879,2.867531866828965e-06,0.0008995952428360929,0.13580246913580246,0.12962962962962962,1.0,3.183814220282986e-05,1.2519158359405995e-05,0.014811120653758069
2021-01-25,2020-01-08,0.0001351602826548063,0.00012916905376576077,0.005806428417343786,2021-01-20,144,13515,165,100.0,0.0001093354664259415,9.775537869698953e-05,0.0001093354664259415,9.775537869698953e-05,0.010456360094504277,0.009887131975299487,0.054438457939485874,1.1580087728951973e-05,0.0007996801705643323,0.12727272727272726,0.06060606060606061,1.0,3.606505759055759e-05,8.628207571638488e-06,0.014863730150438778
2021-01-27,2020-01-08,0.0002571620175402832,0.0002629529648139492,0.005640542050852193,2021-01-22,145,13677,74,100.0,0.00023988557899994804,0.00015862402079496618,0.00023988557899994804,0.00015862402079496618,0.01548824002267359,0.012594602843875872,0.18682801755148792,8.126155820498186e-05,0.0006997551142733422,0.14864864864864866,0.10810810810810811,1.0,0.00022672257820731165,7.913530154240768e-05,0.014828486932958126
2021-01-29,2020-01-08,0.00014542751663087206,9.518660622149562e-05,0.005890291049675396,2021-01-25,146,13842,97,100.0,0.00014542751663087206,9.518660622149562e-05,0.00014542751663087206,9.518660622149562e-05,0.012059333175216284,0.009756362345746268,0.19096999776098422,5.024091040937645e-05,0.0006997551142733421,0.13402061855670103,0.061855670103092786,1.0,,,
2021-02-01,2020-01-08,3.563030391010591e-05,1.7439840585517628e-05,0.006119278569263415,2021-01-27,147,13916,170,100.0,5.4569461087576295e-05,1.60092454561343e-05,5.4569461087576295e-05,1.60092454561343e-05,0.007387114530557672,0.00400115551511489,0.4583601623389434,3.856021563144199e-05,0.0005998200719676154,0.07647058823529412,0.0058823529411764705,1.0,0.00010880432027760512,1.1912541221991112e-05,0.0153782392520334
2021-02-03,2020-01-08,2.292627026973512e-05,9.123215362312225e-06,0.005981924587006445,2021-01-29,148,14013,78,100.0,4.380111972752843e-05,1.2913321439343458e-05,4.380111972752843e-05,1.2913321439343458e-05,0.006618241437687842,0.0035935110183973914,0.4570293253531069,3.0887798288184977e-05,0.0006997551142733423,0.01282051282051282,0.0,1.0,6.944736334710307e-05,1.7569737476838973e-05,0.014915541868693486
2021-02-05,2020-01-08,1.6630011859303058e-06,1.4943894141724041e-05,0.0058774292161001525,2021-02-01,149,14183,110,100.0,1.5262853837266417e-05,1.556571872009013e-05,1.5262853837266417e-05,1.556571872009013e-05,0.0039067702565247445,0.003945341394618484,-0.009872896423669175,-3.0286488282371283e-07,0.00039992002132693556,0.00909090909090909,0.15454545454545454,1.0,4.566252446966477e-05,1.6955679542320204e-05,0.014736334446774902
2021-02-08,2020-01-08,4.4231304248054905e-06,1.276041965070306e-05,0.005995905235448963,2021-02-03,150,14261,148,100.0,1.2057403878787652e-05,1.3114977266645416e-05,1.2057403878787652e-05,1.3114977266645416e-05,0.0034723772661949697,0.003621460653748072,-0.04293409849341279,-1.0575733878577631e-06,0.00029995500899797546,0.10135135135135136,0.1891891891891892,1.0,3.765467369508078e-05,1.4303788096569788e-05,0.014678561295813883
2021-02-10,2020-01-08,,,,2021-02-05,151,14371,35,0.01,4.091388049148353e-05,1.1028347563914959e-05,4.091388049148353e-05,1.1028347563914959e-05,0.006396395898588793,0.003320895596659877,0.4808176902570164,2.988553292756857e-05,0.00039992002132693534,0.02857142857142857,0.11428571428571428,1.0,4.091388049148353e-05,1.1028347563914959e-05,0.014583023702754645
2021-02-12,2020-01-08,7.729241583700888e-06,1.8205906945884444e-05,0.0060682305927625265,2021-02-08,152,14519,123,0.01,7.729241583700888e-06,1.8205906945884444e-05,7.729241583700888e-06,1.8205906945884444e-05,0.002780151359854511,0.004266838050112102,-0.5347502699764488,-1.0476665362183557e-05,0.0004998750416510477,0.06504065040650407,0.13821138211382114,1.0,,,
2021-02-17,2020-01-08,1.690002399651459e-05,1.0417258184974262e-05,0.006156618364742095,2021-02-10,153,14554,77,0.01,3.166230730641448e-05,1.3311061428261034e-05,3.166230730641448e-05,1.3311061428261034e-05,0.0056269269860568195,0.00364843273588277,0.35161185760480573,1.835124587815345e-05,0.0003999200213269353,0.05194805194805195,0.0,1.0,5.134535171961433e-05,1.7169465752643393e-05,0.014506818761152179
2021-02-19,2020-01-08,7.380299114163799e-06,1.4292131150335863e-05,0.006321794772955052,2021-02-12,154,14677,162,0.01,1.634206880866687e-05,1.391647925627882e-05,1.634206880866687e-05,1.391647925627882e-05,0.004042532474658289,0.0037304797622127396,0.07719238234986026,2.4255895523880515e-06,0.00029995500899797546,0.2222222222222222,0.21604938271604937,1.0,4.4606111691330426e-05,1.2731730975021988e-05,0.014565481674856677
2021-02-22,2020-01-08,1.797740582710097e-05,4.378516495249062e-06,0.006314006314006316,2021-02-17,155,14754,149,0.01,2.7311608260552308e-05,5.3465614860145385e-06,2.7311608260552308e-05,5.3465614860145385e-06,0.00522605092402976,0.002312263282157665,0.5575505643227258,2.196504677453777e-05,0.0003999200213269353,0.3087248322147651,0.21476510067114093,1.0,5.457730484247598e-05,8.17427185377685e-06,0.014591249391072484
2021-02-24,2020-01-08,3.1279248852203956e-05,7.388586717495445e-06,0.006515175591927539,2021-02-19,156,14916,79,0.01,3.647789600029253e-05,9.737646791788163e-06,3.647789600029253e-05,9.737646791788163e-06,0.006039693369724371,0.003120520275817506,0.48333134071673667,2.674024920850437e-05,0.0003999200213269353,0.11392405063291139,0.0379746835443038,1.0,4.335845840217445e-05,1.2846696890116764e-05,0.014686516129032257
2021-02-26,2020-01-08,5.1494848392838694e-05,7.96011935678596e-06,0.006777419621456317,2021-02-22,157,15065,112,0.01,5.9780336647310065e-05,8.650985769293672e-06,5.9780336647310065e-05,8.650985769293672e-06,0.007731774482439983,0.002941255815003801,0.6195885146826472,5.112935087801639e-05,0.0003999200213269354,0.44642857142857145,0.14285714285714285,1.0,7.800841080714705e-05,1.017089187681064e-05,0.014885112337509481
2021-03-01,2020-01-08,9.79464722652318e-06,7.6138265821854315e-06,0.006762328880092364,2021-02-24,158,15144,110,0.01,1.6657077949447247e-05,7.560918515309072e-06,1.6657077949447247e-05,7.560918515309072e-06,0.004081308362455262,0.0027497124422944798,0.3262669227374212,9.096159434138176e-06,0.00039992002132693556,0.20909090909090908,0.19090909090909092,1.0,2.9150221060411574e-05,7.464598701252113e-06,0.014962206856662112
2021-03-03,2020-01-08,2.3913833878675034e-05,5.3517749512154534e-06,0.006553708439897699,2021-02-26,159,15256,43,0.01,2.3913833878675034e-05,5.3517749512154534e-06,2.3913833878675034e-05,5.3517749512154534e-06,0.004890177284994383,0.002313390358589629,0.5269311880188232,1.856205892745958e-05,0.00039992002132693534,0.23255813953488372,0.18604651162790697,1.0,,,
2021-03-05,2020-01-08,9.485278008624661e-06,6.254421038216541e-07,0.0068259385665529,2021-03-01,160,15366,78,1.0,9.485278008624661e-06,6.254421038216541e-07,9.485278008624661e-06,6.254421038216541e-07,0.003079817853157011,0.0007908489766204759,0.7432156658843299,8.859835904803007e-06,0.0003999200213269353,0.5769230769230769,0.2564102564102564,1.0,,,
2021-03-08,2020-01-08,4.2816161330003974e-05,2.0158661231348985e-05,0.006753417888321525,2021-03-03,161,15409,139,100.0,4.4433130527008574e-05,1.8045091816900505e-05,4.4433130527008574e-05,1.8045091816900505e-05,0.0066658180688501075,0.0042479514847630385,0.362726158907029,2.638803871010807e-05,0.00039992002132693534,0.1510791366906475,0.1223021582733813,1.0,5.030811860945863e-05,1.0365789611071072e-05,0.014834671428199048
2021-03-10,2020-01-08,8.36611445490269e-06,5.328034044397803e-06,0.006772102242226535,2021-03-05,162,15487,75,100.0,1.5340713149915263e-05,6.97064398075687e-06,1.5340713149915263e-05,6.97064398075687e-06,0.003916722245694129,0.002640197716224463,0.3259165315776529,8.370069169158393e-06,0.0004998750416510478,0.13333333333333333,0.17333333333333334,1.0,2.331168308707249e-05,8.847912479452944e-06,0.014699034016065293
2021-03-12,2020-01-08,2.2203189511638932e-06,3.083728128994009e-06,0.006723515906854707,2021-03-08,163,15626,78,1.0,2.2203189511638932e-06,3.083728128994009e-06,2.2203189511638932e-06,3.083728128994009e-06,0.001490073471733489,0.0017560547055812381,-0.17850209328155997,-8.634091778301158e-07,0.0003999200213269353,0.05128205128205128,0.19230769230769232,1.0,,,
2021-03-15,2020-01-08,5.454650249202643e-06,6.953033614330244e-06,0.006775179707510533,2021-03-10,164,15701,132,0.01,6.545571993474172e-06,7.733685299081895e-06,6.545571993474172e-06,7.733685299081895e-06,0.002558431549499453,0.0027809504308926284,-0.08697472536902962,-1.1881133056077233e-06,0.00039992002132693534,0.1893939393939394,0.2196969696969697,1.0,9.689993491668573e-06,9.983798978660189e-06,0.014442026594934779
2021-03-22,2020-01-08,6.62224861195756e-06,1.998523823717131e-05,0.0068339028252354375,2021-03-12,165,15779,121,100.0,1.0347864287145727e-05,2.67642806783041e-05,1.0347864287145727e-05,2.67642806783041e-05,0.0032168096442198326,0.005173420597467801,-0.6082457993010966,-1.641641639115837e-05,9.999500033330834e-05,0.049586776859504134,0.09917355371900827,1.0,2.331852626743045e-05,5.0365391399284914e-05,0.014283798911369003
2021-03-24,2020-01-08,3.5156046039071504e-06,1.4315843791720664e-05,0.00669169250856863,2021-03-15,166,15911,58,1.0,2.110678849774024e-05,2.0976501090483726e-05,2.110678849774024e-05,2.0976501090483726e-05,0.004594212500281222,0.004580011036065713,0.0030911639839558136,1.3028740725651292e-07,9.999500033330834e-05,0.05172413793103448,0.034482758620689655,1.0,3.539962541147963e-05,2.6388285145728717e-05,0.01428306546854942
2021-03-26,2020-01-08,1.8084495002573997e-05,2.25223058236353e-05,0.0067999004892611336,2021-03-22,167,16032,89,0.01,1.841523318419446e-05,2.4631194221547928e-05,1.841523318419446e-05,2.4631194221547928e-05,0.004291297377739564,0.00496298239182328,-0.15652259793692624,-6.215961037353468e-06,0.00019998000266626675,0.25842696629213485,0.24719101123595505,1.0,1.9135769937010458e-05,2.922555823128615e-05,0.014275735180908394
2021-03-29,2020-01-08,7.252523364882436e-06,1.948176827343489e-05,0.00676511838957182,2021-03-24,168,16090,71,0.01,7.252523364882436e-06,1.948176827343489e-05,7.252523364882436e-06,1.948176827343489e-05,0.002693050939897431,0.004413815613891782,-0.6389647698457159,-1.2229244908552454e-05,0.00019998000266626678,0.23943661971830985,0.352112676056338,1.0,,,
2021-03-31,2020-01-08,1.0339304539076024e-05,1.4124779114533278e-05,0.006839032527105919,2021-03-26,169,16179,57,0.01,1.1515339248304403e-05,1.8060998130323666e-05,1.1515339248304403e-05,1.8060998130323666e-05,0.003393425886667396,0.004249823305776802,-0.2523695662469452,-6.545658882019263e-06,0.00019998000266626675,0.21052631578947367,0.12280701754385964,1.0,1.2650821036524913e-05,2.186148545591438e-05,0.014093821092898936
2021-04-05,2020-01-08,7.2679477496658075e-06,1.5273891460271674e-05,0.006666666666666667,2021-03-29,170,16250,114,0.01,7.68630020365995e-06,1.6141422100941405e-05,7.68630020365995e-06,1.6141422100941405e-05,0.002772417754174134,0.004017638871394666,-0.44914627867525936,-8.455121897281456e-06,0.00019998000266626672,0.18421052631578946,0.19298245614035087,1.0,9.102262355640117e-06,1.907767965397742e-05,0.013886957389980283
2021-04-07,2020-01-08,4.744065808712422e-06,2.2058388351047177e-05,0.006497107994612153,2021-03-31,171,16307,53,0.01,7.960962264038521e-06,2.1408845747309275e-05,7.960962264038521e-06,2.1408845747309275e-05,0.002821517723502463,0.004626969391222431,-0.6398867009344136,-1.3447883483270754e-05,0.0001999800026662668,0.09433962264150944,0.05660377358490566,1.0,1.1058714406204395e-05,2.0783360277043165e-05,0.013698547227420468
2021-04-09,2020-01-08,5.332731748074407e-06,2.1416829354348343e-05,0.006290273089904876,2021-04-05,172,16421,53,0.01,5.332731748074407e-06,2.1416829354348343e-05,5.332731748074407e-06,2.1416829354348343e-05,0.0023092708260562264,0.004627832036099446,-1.004023081174441,-1.6084097606273938e-05,9.999500033330834e-05,0.05660377358490566,0.16981132075471697,1.0,,,
2021-04-12,2020-01-08,3.3960784897676594e-06,1.389147060897085e-05,0.006165645325012214,2021-04-07,173,16474,120,0.01,4.577413280400376e-06,1.525319411817102e-05,4.577413280400376e-06,1.525319411817102e-05,0.002139489023201656,0.00390553378146586,-0.8254516564994532,-1.0675780837770644e-05,0.00019998000266626675,0.125,0.11666666666666667,1.0,8.84839290807251e-06,2.0176348343740868e-05,0.013519779338501544
2021-04-16,2020-01-08,4.735682844843712e-06,1.1302838636642196e-05,0.006096654275092937,2021-04-09,174,16527,134,1.0,5.991893955993776e-06,1.7920825430947055e-05,5.991893955993776e-06,1.7920825430947055e-05,0.002447834544243907,0.004233299591447203,-0.7294059361168115,-1.192893147495328e-05,0.00019998000266626678,0.11940298507462686,0.04477611940298507,1.0,1.074755030534759e-05,4.2974632580815446e-05,0.013377387164258061
2021-04-19,2020-01-08,5.813678063921632e-06,7.969300221253824e-06,0.006112104949314251,2021-04-12,175,16647,137,0.01,7.254031153116825e-06,1.1670083328086698e-05,7.254031153116825e-06,1.1670083328086698e-05,0.0026933308658827686,0.0034161503667266605,-0.26837382291201717,-4.416052174969873e-06,0.00019998000266626675,0.17518248175182483,0.072992700729927,1.0,1.2179109458106836e-05,2.432437395145072e-05,0.013332823659109427
2021-04-21,2020-01-08,2.7537868156197638e-06,2.064840201059247e-05,0.006160318533543684,2021-04-16,176,16781,67,0.01,6.510438191490326e-06,2.071709379418972e-05,6.510438191490326e-06,2.071709379418972e-05,0.002551556033382439,0.004551603431120699,-0.7838539979413743,-1.4206655602699393e-05,0.0002999550089979755,0.05970149253731343,0.08955223880597014,1.0,1.0619275633848753e-05,2.0792225432499203e-05,0.013497474343110851
2021-04-23,2020-01-08,2.51602485141204e-06,1.2278308767813802e-05,0.0062149461876610575,2021-04-19,177,16918,144,0.01,4.236616388409266e-06,1.30716022755011e-05,4.236616388409266e-06,1.30716022755011e-05,0.002058304250690181,0.0036154670895336746,-0.7565270480889077,-8.834985887091834e-06,0.00029995500899797546,0.10416666666666667,0.09027777777777778,1.0,9.212381103509352e-06,1.536572133827248e-05,0.01349420040264875
2021-04-26,2020-01-08,3.566642021060894e-06,7.694111269156555e-06,0.006104824300178678,2021-04-21,178,16985,139,0.01,5.158179814286353e-06,8.721449773038495e-06,5.158179814286353e-06,8.721449773038495e-06,0.0022711626569416714,0.0029532100793947078,-0.3003076069291646,-3.5632699587521423e-06,0.00029995500899797546,0.14388489208633093,0.07913669064748201,1.0,9.887320685584862e-06,1.1774112756001977e-05,0.013349460095023273
2021-04-28,2020-01-08,4.803565301438263e-06,2.555389906573601e-05,0.006101644467594316,2021-04-23,179,17129,62,0.01,8.060697215974117e-06,1.716845542339937e-05,8.060697215974117e-06,1.716845542339937e-05,0.0028391367025865657,0.0041434834889739055,-0.4594166900096879,-9.107758207425253e-06,9.999500033330834e-05,0.25806451612903225,0.3387096774193548,1.0,1.0261462023092935e-05,1.1502615124523262e-05,0.013324520981030851
2021-04-30,2020-01-08,8.023374495623683e-06,4.779303385827518e-05,0.006143242433323343,2021-04-26,180,17268,85,0.01,8.023374495623683e-06,4.779303385827518e-05,8.023374495623683e-06,4.779303385827518e-05,0.0028325561769581343,0.006913250599990947,-1.4406402443940394,-3.97696593626515e-05,9.999500033330835e-05,0.07058823529411765,0.15294117647058825,1.0,,,
2021-05-03,2020-01-08,1.1496716501294222e-05,5.144191355064177e-05,0.00623763882549825,2021-04-28,181,17330,111,0.01,1.353524349416404e-05,4.2606831283197495e-05,1.353524349416404e-05,4.2606831283197495e-05,0.003679027520169432,0.006527390848049279,-0.7742163689356341,-2.9071587789033456e-05,9.999500033330834e-05,0.04504504504504504,0.07207207207207207,1.0,1.903926637491256e-05,1.8752109161097902e-05,0.013331545650611069
2021-05-05,2020-01-08,7.709782404120267e-06,3.346795803322784e-05,0.006413766132186157,2021-04-30,182,17415,65,0.01,1.3984355660461775e-05,2.1110461026063316e-05,1.3984355660461775e-05,2.1110461026063316e-05,0.003739566239614131,0.004594612173629382,-0.22864842584082146,-7.126105365601541e-06,0.00019998000266626675,0.12307692307692308,0.24615384615384617,1.0,1.903887300584799e-05,1.1155810659180779e-05,0.013385433809730042
2021-05-07,2020-01-08,1.4292338437902113e-05,4.600151371470003e-05,0.006320332973639586,2021-05-03,183,17526,97,100.0,1.3169803119892966e-05,3.606805452168032e-05,1.3169803119892966e-05,3.606805452168032e-05,0.0036290223366483936,0.00600566853245168,-0.6548998532751533,-2.2898251401787358e-05,0.00019998000266626675,0.09278350515463918,0.16494845360824742,1.0,1.1267729386599681e-05,1.923635977795247e-05,0.01327523802705992
2021-05-10,2020-01-08,1.0932928818256073e-05,3.321491276223033e-05,0.006412717917210658,2021-05-05,184,17591,115,0.01,1.247637948256903e-05,2.5302320305757906e-05,1.247637948256903e-05,2.5302320305757906e-05,0.0035321918807687995,0.005030141181493608,-0.4240849170398897,-1.2825940823188876e-05,0.00019998000266626672,0.08695652173913043,0.09565217391304348,1.0,1.5863396218144672e-05,7.938575748498974e-06,0.013179318677153419
2021-05-17,2020-01-08,8.595451550433741e-06,2.6269870978415206e-05,0.006551588858375834,2021-05-07,185,17688,57,1.0,8.595451550433741e-06,2.6269870978415206e-05,8.595451550433741e-06,2.6269870978415206e-05,0.0029318000529425163,0.0051254142250568594,-0.7482141116385856,-1.7674419427981466e-05,9.999500033330834e-05,0.05263157894736842,0.08771929824561403,1.0,,,
2021-05-19,2020-01-08,1.4307712493896673e-05,2.3157790889314338e-05,0.006688025630756909,2021-05-10,186,17803,26,100.0,1.4307712493896673e-05,2.3157790889314338e-05,1.4307712493896673e-05,2.3157790889314338e-05,0.003782553700067809,0.004812254241965437,-0.2722236413667223,-8.850078395417665e-06,0.00019998000266626678,0.0,0.038461538461538464,1.0,,,
2021-05-21,2020-01-08,1.643455955924111e-05,3.735023667705006e-05,0.0065587934961904,2021-05-17,187,17860,110,100.0,1.8231020328517636e-05,3.0788632502179196e-05,1.8231020328517636e-05,3.0788632502179196e-05,0.004269779892279886,0.005548750535226754,-0.29954018127710813,-1.255761217366156e-05,9.999500033330834e-05,0.02727272727272727,0.06363636363636363,1.0,2.242276212349619e-05,1.5478222760813854e-05,0.0133963927952225
2021-05-24,2020-01-08,2.2827501821852498e-05,5.7189105969059866e-05,0.006657099577453559,2021-05-19,188,17886,102,0.01,2.0774171515836566e-05,4.507917647545539e-05,2.0774171515836566e-05,4.507917647545539e-05,0.004557869185906564,0.006714102804951335,-0.47307931208558673,-2.4305004959618825e-05,9.999500033330834e-05,0.0196078431372549,0.049019607843137254,1.0,1.5846178781398316e-05,1.601534569080464e-05,0.013407369740203403
2021-05-26,2020-01-08,1.9058153475245224e-05,6.500329088122922e-05,0.006579984239558707,2021-05-21,189,17996,24,0.01,1.9058153475245224e-05,6.500329088122922e-05,1.9058153475245224e-05,6.500329088122922e-05,0.004365564508198822,0.008062461837505292,-0.8468314515484652,-4.594513740598399e-05,0.00019998000266626675,0.0,0.0,1.0,,,
2021-05-27,2020-01-08,,,,2021-05-24,190,18098,26,0.01,1.573872185572044e-05,2.0999482453511413e-05,1.573872185572044e-05,2.0999482453511413e-05,0.003967205799516889,0.004582519225656496,-0.1550999512590292,-5.260760597790974e-06,0.00019998000266626678,0.0,0.0,1.0,1.573872185572044e-05,2.0999482453511413e-05,0.01327523802705992
2021-05-28,2020-01-08,1.4867884047601547e-05,6.246978055076946e-05,0.006665070242656447,2021-05-26,191,18122,92,0.01,1.3700091846826002e-05,5.251342247681386e-05,1.3700091846826002e-05,5.251342247681386e-05,0.0037013635118461415,0.007246614552797317,-0.9578229832343321,-3.8813330629987855e-05,0.0001999800026662667,0.13043478260869565,0.2391304347826087,1.0,9.98438938981292e-06,2.0834101332409712e-05,0.013268272555987502
2021-06-02,2020-01-08,1.1831705204036369e-05,6.067709880980678e-05,0.00671869971033151,2021-05-27,192,18148,58,0.01,9.247030758466581e-06,3.0041176005998258e-05,9.247030758466581e-06,3.0041176005998258e-05,0.0030408930856685146,0.005480983124038812,-0.802425461740252,-2.079414524753168e-05,0.00019998000266626678,0.05172413793103448,0.017241379310344827,1.0,7.548530408520718e-06,9.90899816349552e-06,0.013256258488812636
2021-06-04,2020-01-08,1.9409366975433267e-06,4.484729884633349e-05,0.0067589444714262585,2021-05-28,193,18240,52,100.0,1.9409366975433267e-06,4.484729884633349e-05,1.9409366975433267e-06,4.484729884633349e-05,0.001393175041961105,0.0066968125885628225,-3.806870914896698,-4.290636214879016e-05,0.00019998000266626678,0.0,0.07692307692307693,1.0,,,
2021-06-07,2020-01-08,2.463072598890414e-06,4.844331704981041e-05,0.006632774644530938,2021-06-02,194,18298,108,100.0,3.6858134520552126e-06,3.913861259036474e-05,3.6858134520552126e-06,3.913861259036474e-05,0.0019198472470629564,0.00625608604403462,-2.2586374012856387,-3.545279913830952e-05,0.0001999800026662667,0.046296296296296294,0.18518518518518517,1.0,6.8649396702836885e-06,1.4946380995805997e-05,0.013164349266445814
2021-06-09,2020-01-08,4.5326074340081765e-06,6.23230657151088e-05,0.006588290989427174,2021-06-04,195,18350,61,100.0,7.288085690515358e-06,3.691479041805736e-05,7.288085690515358e-06,3.691479041805736e-05,0.0026996454749680294,0.006075754308565922,-1.2505748865553814,-2.9626704727542002e-05,0.00019998000266626678,0.08196721311475409,0.09836065573770492,1.0,1.0135413222239446e-05,1.0659572611104214e-05,0.013174325092355782
2021-06-11,2020-01-08,7.869094658072273e-06,8.471511624476958e-05,0.006621203711045911,2021-06-07,196,18458,41,100.0,7.869094658072273e-06,8.471511624476958e-05,7.869094658072273e-06,8.471511624476958e-05,0.002805190663408153,0.009204081499246385,-2.281089452958584,-7.68460215866973e-05,0.00029995500899797546,0.0,0.07317073170731707,1.0,,,
2021-06-14,2020-01-08,6.202197401994674e-06,4.623911561663938e-05,0.006556733411857086,2021-06-09,197,18519,61,100.0,6.202197401994674e-06,4.623911561663938e-05,6.202197401994674e-06,4.623911561663938e-05,0.0024904211294467194,0.006799934971500785,-1.7304357849756444,-4.003691821464471e-05,0.0002999550089979756,0.13114754098360656,0.16393442622950818,1.0,,,
2021-06-16,2020-01-08,,,,2021-06-11,198,18560,34,100.0,2.1045136061014285e-05,2.618640294684659e-05,2.1045136061014285e-05,2.618640294684659e-05,0.004587497799565062,0.005117265182384687,-0.11548068379887888,-5.141266885832306e-06,0.00029995500899797546,0.23529411764705882,0.38235294117647056,1.0,2.1045136061014285e-05,2.618640294684659e-05,0.013106045043347154
2021-06-18,2020-01-08,8.782878359586769e-06,2.4346082531252168e-05,0.006335837316943622,2021-06-14,199,18621,98,100.0,2.197105700134589e-05,2.2526596993996397e-05,2.197105700134589e-05,2.2526596993996397e-05,0.004687329410372807,0.00474621923155646,-0.01256361907343928,-5.555399926505063e-07,0.00039992002132693545,0.04081632653061224,0.11224489795918367,1.0,5.84921670862173e-05,1.7488021660057343e-05,0.01318400360215181
2021-06-21,2020-01-08,5.4184343382542085e-06,3.437822469417639e-05,0.006400429250344934,2021-06-16,200,18655,107,100.0,1.4420063412972646e-05,3.190667250181765e-05,1.4420063412972646e-05,3.190667250181765e-05,0.0037973758587967884,0.005648599162785199,-0.4875006775270798,-1.7486609088845002e-05,0.0004998750416510477,0.009345794392523364,0.102803738317757,1.0,3.863134161393948e-05,2.5259049363749325e-05,0.013431232526752145
2021-06-23,2020-01-08,1.0197062976311207e-05,1.9722774486430706e-05,0.006232273473652786,2021-06-18,201,18753,55,0.01,1.7633027521396883e-05,2.1342643418613842e-05,1.7633027521396883e-05,2.1342643418613842e-05,0.004199169860984059,0.00461980988987792,-0.10017218707968278,-3.7096158972169594e-06,0.0003999200213269353,0.01818181818181818,0.0,1.0,2.5344398160744992e-05,2.3022507496433387e-05,0.01317124861147219
2021-06-25,2020-01-08,5.20284946040126e-06,4.81775328346019e-05,0.006258901131849188,2021-06-21,202,18860,99,0.01,7.988342050587024e-06,4.310042075368591e-05,7.988342050587024e-06,4.310042075368591e-05,0.0028263655196359553,0.00656509106971761,-1.3228032694664398,-3.511207870309889e-05,0.0004998750416510478,0.020202020202020204,0.030303030303030304,1.0,1.6693006394917535e-05,2.7234445500823454e-05,0.013109590684544812
2021-06-28,2020-01-08,4.620450830848598e-06,4.22822539149553e-05,0.006273007287206069,2021-06-23,203,18915,96,0.01,7.469542560034352e-06,3.712765705127539e-05,7.469542560034352e-06,3.712765705127539e-05,0.0027330463881965767,0.006093246839844533,-1.2294706983971877,-2.9658114491241042e-05,0.0005998200719676154,0.052083333333333336,0.052083333333333336,1.0,1.6016817747591613e-05,2.166386646023569e-05,0.013063188861020604
2021-06-30,2020-01-08,9.831263760732618e-06,1.8169750957267465e-05,0.006124844128218292,2021-06-25,204,19014,50,0.01,1.5336135685095402e-05,1.8424939322407096e-05,1.5336135685095402e-05,1.8424939322407096e-05,0.00391613785317823,0.0042924281382927185,-0.09608708866290327,-3.088803637311694e-06,0.00039992002132693534,0.08,0.06,1.0,2.0841007609458188e-05,1.8680127687546724e-05,0.01302989712415244
2021-07-02,2020-01-08,6.884232632054014e-06,2.1071298122920538e-05,0.0060829023093174036,2021-06-28,205,19110,103,100.0,7.905114206931484e-06,2.0245162410561542e-05,7.905114206931484e-06,2.0245162410561542e-05,0.0028116034939036985,0.004499462457956677,-0.6003189879770401,-1.2340048203630058e-05,0.0004998750416510477,0.038834951456310676,0.07766990291262135,1.0,1.1663814550798534e-05,1.720348092414887e-05,0.012947255070510883
2021-07-07,2020-01-08,3.167519682599312e-05,5.8855797765041535e-06,0.005879453598084777,2021-06-30,206,19160,50,0.01,2.3575730636317046e-05,7.953311056789001e-06,2.3575730636317046e-05,7.953311056789001e-06,0.004855484593355955,0.002820161530265421,0.41918021238819014,1.5622419579528043e-05,0.000499875041651048,0.06,0.0,1.0,1.4067661631045132e-05,1.0380647777123388e-05,0.012872489778948098
2021-07-09,2020-01-08,2.6103099381874946e-05,5.58244151612716e-06,0.005829377268919295,2021-07-02,207,19263,56,0.01,2.6103099381874946e-05,5.58244151612716e-06,2.6103099381874946e-05,5.58244151612716e-06,0.005109119237390623,0.0023627190937830847,0.5375486489937952,2.0520657865747785e-05,0.0005998200719676156,0.07142857142857142,0.017857142857142856,1.0,,,
2021-07-12,2020-01-08,2.7010580014464443e-05,6.01598601543802e-06,0.00575425539246089,2021-07-07,208,19313,109,100.0,2.4583991390515405e-05,7.693766773360889e-06,2.4583991390515405e-05,7.693766773360889e-06,0.0049582246208209856,0.0027737640082315745,0.44057314455183094,1.6890224617154516e-05,0.0005998200719676153,0.06422018348623854,0.027522935779816515,1.0,1.643065361404663e-05,1.3331110119981725e-05,0.012795938188831742
2021-07-16,2020-01-08,3.656720440787478e-05,2.5054140072910353e-06,0.0056236530172413795,2021-07-09,209,19369,124,0.01,3.7701952888363054e-05,4.4392672986422405e-06,3.7701952888363054e-05,4.4392672986422405e-06,0.006140191600297425,0.002106956881059088,0.6568581213398896,3.326268558972081e-05,0.0004998750416510477,0.12903225806451613,0.008064516129032258,1.0,4.083110778910342e-05,9.77201425358041e-06,0.012818601495112132
2021-07-19,2020-01-08,5.571484643958208e-05,5.540533118620452e-06,0.005703941526060525,2021-07-12,210,19478,132,0.01,5.8080115708178735e-05,6.970048897966597e-06,5.8080115708178735e-05,6.970048897966597e-06,0.007621031144679749,0.002640085017185355,0.6535790279471039,5.111006681021214e-05,0.000499875041651048,0.11363636363636363,0.07575757575757576,1.0,6.438750042443649e-05,1.0782090976222984e-05,0.012919940186395881
2021-07-21,2020-01-08,3.0412481162957462e-05,3.6929247749634205e-06,0.005713308244953814,2021-07-16,211,19602,69,0.01,2.9880181493610192e-05,7.192728143544398e-06,2.9880181493610192e-05,7.192728143544398e-06,0.005466276748721216,0.0026819262002419826,0.509368748871086,2.2687453350065795e-05,0.000499875041651048,0.10144927536231885,0.11594202898550725,1.0,2.9332225951635057e-05,1.079546690531894e-05,0.012928332482717022
2021-07-23,2020-01-08,1.5361318736926847e-05,3.293725557322815e-06,0.005688010899182562,2021-07-19,212,19734,136,100.0,1.6732565647856484e-05,5.088538479035851e-06,1.6732565647856484e-05,5.088538479035851e-06,0.004090545886291521,0.002255778907392267,0.44853841758578805,1.1644027168820634e-05,0.000499875041651048,0.08823529411764706,0.0,1.0,2.101251812742476e-05,1.0690530325594716e-05,0.012797701281403574
2021-07-26,2020-01-08,1.749690163466356e-05,2.802403453466437e-06,0.005620624663435648,2021-07-21,213,19803,136,100.0,1.7845116551469935e-05,4.233858063053422e-06,1.7845116551469935e-05,4.233858063053422e-06,0.00422434806230144,0.002057634093577724,0.5129108531703901,1.3611258488416512e-05,0.000499875041651048,0.16911764705882354,0.058823529411764705,1.0,1.8849965311396896e-05,8.364627079290144e-06,0.012667379642678547
2021-07-28,2020-01-08,1.0582555237507614e-05,6.4169283791825534e-06,0.005689173536826326,2021-07-23,214,19939,68,0.01,1.5424976005599877e-05,6.650919548284774e-06,1.5424976005599877e-05,6.650919548284774e-06,0.003927464322638702,0.0025789376782475327,0.34335808898835507,8.774056457315103e-06,0.000499875041651048,0.10294117647058823,0.014705882352941176,1.0,1.999068701551543e-05,6.8715397934382955e-06,0.012694214254800572
2021-07-30,2020-01-08,4.038433914934356e-06,2.0200259418428375e-05,0.005733315023345235,2021-07-26,215,20075,89,0.01,4.038433914934356e-06,2.0200259418428375e-05,4.038433914934356e-06,2.0200259418428375e-05,0.002009585508241527,0.004494469870677561,-1.2365158647120293,-1.616182550349402e-05,0.0005998200719676154,0.16853932584269662,0.033707865168539325,1.0,,,
2021-08-02,2020-01-08,3.501482295129042e-06,2.043807520610351e-05,0.005724667489373373,2021-07-28,216,20143,86,0.01,3.501482295129042e-06,2.043807520610351e-05,3.501482295129042e-06,2.043807520610351e-05,0.001871224811488198,0.004520848947499077,-1.4159838624112804,-1.693659291097447e-05,0.0005998200719676153,0.11627906976744186,0.05813953488372093,1.0,,,
2021-08-04,2020-01-08,6.737748365109048e-06,1.2862386328298438e-05,0.005666395222584145,2021-07-30,217,20232,67,100.0,1.644333495742656e-05,1.1324494176165072e-05,1.644333495742656e-05,1.1324494176165072e-05,0.0040550382189846945,0.0033651885795843704,0.17012161221332445,5.118840781261488e-06,0.000499875041651048,0.16417910447761194,0.14925373134328357,1.0,2.431272949173806e-05,1.0077554593354237e-05,0.012632635158109485
2021-08-06,2020-01-08,1.4666490363023464e-06,3.41311168447143e-05,0.005677954576363389,2021-08-02,218,20318,87,100.0,7.48569756302413e-06,2.453828507849426e-05,7.48569756302413e-06,2.453828507849426e-05,0.0027360002856403596,0.004953613335585879,-0.8105310008863864,-1.705258751547013e-05,0.0004998750416510478,0.12643678160919541,0.2988505747126437,1.0,1.601268297587999e-05,1.0948440076349196e-05,0.012615191506700473
2021-08-09,2020-01-08,6.50667597808416e-06,3.517151107690125e-05,0.005816340495415356,2021-08-04,219,20385,104,100.0,1.0999081953068009e-05,2.5937384102493036e-05,1.0999081953068009e-05,2.5937384102493036e-05,0.003316486386685163,0.005092875818483407,-0.5356239178095195,-1.4938302149425027e-05,0.0005998200719676153,0.09615384615384616,0.15384615384615385,1.0,1.9484737683593052e-05,8.495144261944188e-06,0.01259437953400077
2021-08-11,2020-01-08,,,,2021-08-06,220,20472,34,100.0,1.7622527567916184e-05,8.44210893506687e-06,1.7622527567916184e-05,8.44210893506687e-06,0.004197919433233109,0.0029055307492895114,0.30786409898968436,9.180418632849313e-06,0.000499875041651048,0.058823529411764705,0.0,1.0,1.7622527567916184e-05,8.44210893506687e-06,0.012588973976687448
2021-08-13,2020-01-08,3.647692547794399e-06,3.429240033882588e-05,0.005708912620055075,2021-08-09,221,20576,41,100.0,3.647692547794399e-06,3.429240033882588e-05,3.647692547794399e-06,3.429240033882588e-05,0.0019098933341405219,0.0058559713403350845,-2.06612481213269,-3.064470779103148e-05,0.0005998200719676155,0.0,0.07317073170731707,1.0,,,
2021-08-16,2020-01-08,8.191097975560257e-06,1.3568643066544785e-05,0.0057008718980549955,2021-08-11,222,20610,44,100.0,8.191097975560257e-06,1.3568643066544785e-05,8.191097975560257e-06,1.3568643066544785e-05,0.002862009429677033,0.0036835639083019566,-0.2870551264108283,-5.377545090984529e-06,0.0005998200719676156,0.0,0.022727272727272728,1.0,,,
2021-08-18,2020-01-08,8.072966777983928e-05,1.7745667107855081e-06,0.005659497969238963,2021-08-13,223,20651,62,100.0,6.701480755693185e-05,5.211738190165214e-06,6.701480755693185e-05,5.211738190165214e-06,0.00818625723740293,0.002282923167819104,0.7211273599626884,6.180306936676663e-05,0.0006997551142733422,0.3387096774193548,0.14516129032258066,1.0,5.6434772527831855e-05,7.863270474258129e-06,0.012550416629132512
2021-08-20,2020-01-08,2.3066901324318084e-05,5.7167616491392905e-06,0.005794137695978187,2021-08-16,224,20695,124,100.0,2.6544536062060483e-05,6.21336320859299e-06,2.6544536062060483e-05,6.21336320859299e-06,0.005152138979303692,0.002492661872094366,0.5161889300526501,2.0331172853467494e-05,0.0005998200719676153,0.08064516129032258,0.03225806451612903,1.0,3.538766439517687e-05,7.476150031203828e-06,0.01266968353567044
2021-08-23,2020-01-08,1.3648988525111958e-05,1.202179898864018e-05,0.005735879614009043,2021-08-18,225,20757,124,100.0,1.604082122045432e-05,1.1057231372443927e-05,1.604082122045432e-05,1.1057231372443927e-05,0.004005099402069107,0.0033252415509920368,0.16974805936797555,4.983589848010392e-06,0.0004998750416510477,0.10483870967741936,0.0967741935483871,1.0,2.2122910074324904e-05,8.604473719830596e-06,0.012569665734391914
2021-08-25,2020-01-08,2.2361458284448484e-05,9.868134455002089e-06,0.005681058681994386,2021-08-20,226,20881,62,100.0,1.923241370659646e-05,9.32418570878634e-06,1.923241370659646e-05,9.32418570878634e-06,0.004385477591619465,0.0030535529647913984,0.3037125601492846,9.908227997810121e-06,0.000499875041651048,0.06451612903225806,0.03225806451612903,1.0,1.6655553466012437e-05,8.876227917785132e-06,0.01244031296738621
2021-08-27,2020-01-08,1.0159929242297725e-05,2.8433080634264555e-05,0.0057611495187745694,2021-08-23,227,21005,100,0.01,1.1310912495720835e-05,2.1666540472909204e-05,1.1310912495720835e-05,2.1666540472909204e-05,0.003363170006960819,0.0046547331258525665,-0.38403146918489806,-1.0355627977188369e-05,0.0004998750416510478,0.13,0.17,1.0,1.3545174105306874e-05,8.531491924395861e-06,0.012487982342132388
2021-08-30,2020-01-08,1.3675435146267325e-05,9.74218173356718e-06,0.005720053835800807,2021-08-25,228,21067,107,0.01,1.317981574570317e-05,8.925314047328161e-06,1.317981574570317e-05,8.925314047328161e-06,0.003630401595650703,0.0029875264094779415,0.17708101135228105,4.254501698375008e-06,0.0004998750416510477,0.14018691588785046,0.04672897196261682,1.0,1.2018207775630935e-05,7.010780407705458e-06,0.012377317046085507
2021-09-01,2020-01-08,1.570278289649759e-05,5.9781445413076094e-06,0.005598366594217216,2021-08-27,229,21167,66,100.0,1.2669114837832808e-05,6.6464775018306855e-06,1.2669114837832808e-05,6.6464775018306855e-06,0.0035593700057500073,0.0025780763180772376,0.27569308222734146,6.022637336002122e-06,0.00039992002132693534,0.12121212121212122,0.06060606060606061,1.0,9.813897841442428e-06,7.2754967587935804e-06,0.012341409779431305
2021-09-03,2020-01-08,5.809519888911668e-06,1.2501080638926701e-05,0.005532053368044256,2021-08-30,230,21274,56,100.0,5.809519888911668e-06,1.2501080638926701e-05,5.809519888911668e-06,1.2501080638926701e-05,0.0024102945647600147,0.003535686728052515,-0.46691063397247135,-6.691560750015034e-06,0.000499875041651048,0.125,0.125,1.0,,,
2021-09-08,2020-01-08,4.055789562801221e-05,1.1166417506976628e-06,0.005424723977279979,2021-09-01,231,21340,50,1.0,3.466159913564992e-05,3.823484378196083e-06,3.466159913564992e-05,3.823484378196083e-06,0.005887410223149897,0.001955373206883045,0.6678720977868473,3.0838114757453836e-05,0.000499875041651048,0.18,0.04,1.0,2.417929426033918e-05,8.635649049304385e-06,0.012344143445709476
2021-09-10,2020-01-08,3.127989036171954e-05,5.277046062368455e-07,0.005516972804569352,2021-09-03,232,21396,61,100.0,3.127989036171954e-05,5.277046062368455e-07,3.127989036171954e-05,5.277046062368455e-07,0.0055928427799929745,0.0007264327954028821,0.8701138537272105,3.07521857554827e-05,0.0003999200213269353,0.3770491803278688,0.06557377049180328,1.0,,,
2021-09-13,2020-01-08,3.086514633279129e-05,3.3075011410297883e-06,0.005705846814794926,2021-09-08,233,21446,118,100.0,2.9801926749145074e-05,4.256144663622969e-06,2.9801926749145074e-05,4.256144663622969e-06,0.005459114099297163,0.00206304257436025,0.622092058008852,2.5545782085522104e-05,0.0004998750416510477,0.1864406779661017,0.11016949152542373,1.0,2.6683149303782864e-05,7.0388323298962965e-06,0.012510971174568961
2021-09-17,2020-01-08,3.232462057546617e-05,6.012571725355291e-06,0.005712749512736072,2021-09-10,234,21507,106,0.01,4.62262778093945e-05,7.515666064983865e-06,4.62262778093945e-05,7.515666064983865e-06,0.006798990940528933,0.002741471514530812,0.5967825904592929,3.8710611744410635e-05,0.00039992002132693545,0.11320754716981132,0.018867924528301886,1.0,9.12676472473223e-05,1.2385691725380437e-05,0.012462569045329514
2021-09-20,2020-01-08,6.151914219836812e-05,8.07131625991261e-06,0.0058195262221005075,2021-09-13,235,21625,111,1.0,8.567449904465893e-05,1.4158453902863841e-05,8.567449904465893e-05,1.4158453902863841e-05,0.009256052022577387,0.0037627721034981434,0.5934798017210816,7.151604514179508e-05,0.00039992002132693556,0.04504504504504504,0.02702702702702703,1.0,0.0001572778782675923,3.2202469058754987e-05,0.012826869053013145
2021-09-22,2020-01-08,5.6633555004732166e-05,1.1000680224997462e-06,0.005926235794464198,2021-09-17,236,21731,62,100.0,6.743455983040137e-05,7.111027687655916e-06,6.743455983040137e-05,7.111027687655916e-06,0.008211854834956678,0.002666651024722942,0.6752681241549237,6.032353214274546e-05,0.0002999550089979756,0.1774193548387097,0.0,1.0,7.972535842512842e-05,1.395108523766121e-05,0.013056707331134839
2021-09-24,2020-01-08,1.5207435747840732e-05,1.3960567381410455e-05,0.005789007695974937,2021-09-20,237,21842,110,100.0,2.168450340700357e-05,1.3299935285032689e-05,2.168450340700357e-05,1.3299935285032689e-05,0.0046566622603538225,0.0036469076331918098,0.21684085525354158,8.384568121970881e-06,0.00029995500899797535,0.07272727272727272,0.06363636363636363,1.0,4.261041430583736e-05,1.1165585435196823e-05,0.012775350873234352
2021-09-27,2020-01-08,1.653087942678713e-05,1.2243421873787277e-05,0.0057854614756329996,2021-09-22,238,21904,101,100.0,2.379391918727556e-05,1.214152106197006e-05,2.379391918727556e-05,1.214152106197006e-05,0.004877901104704313,0.0034844685479955275,0.2856623221337843,1.16523981253055e-05,0.00029995500899797546,0.0891089108910891,0.039603960396039604,1.0,4.587356005916038e-05,1.1831742594045711e-05,0.012754342096370885
2021-09-29,2020-01-08,5.766301603057715e-05,3.2027500724271954e-06,0.005989711789162145,2021-09-24,239,22014,57,100.0,7.081343360710165e-05,1.1491076354180778e-05,7.081343360710165e-05,1.1491076354180778e-05,0.008415071812355594,0.0033898490164284275,0.5971693299810923,5.9322357252920876e-05,0.00039992002132693534,0.08771929824561403,0.03508771929824561,1.0,8.764596810505302e-05,2.2100133994825362e-05,0.013053997971041224
2021-10-01,2020-01-08,3.0878657265642795e-05,3.7575265372731944e-06,0.006007067137809186,2021-09-27,240,22115,108,100.0,3.741232604033071e-05,6.013507796127035e-06,3.741232604033071e-05,6.013507796127035e-06,0.006116561619106825,0.0024522454600074263,0.5990810503163839,3.1398818244203676e-05,0.0003999200213269355,0.3888888888888889,0.1574074074074074,1.0,5.607995111086763e-05,1.2459168535709433e-05,0.01319331686629072
2021-10-04,2020-01-08,6.146564644877036e-05,7.178734116772196e-06,0.005958640028040659,2021-09-29,241,22172,104,100.0,6.380054370730609e-05,1.0858421261796119e-05,6.380054370730609e-05,1.0858421261796119e-05,0.007987524253941648,0.0032952118690299896,0.587455165797602,5.2942122445509965e-05,0.0003999200213269354,0.07692307692307693,0.038461538461538464,1.0,7.013812198047444e-05,2.0846143512575338e-05,0.013038365880619015
2021-10-06,2020-01-08,3.701912858665998e-05,5.964814789482872e-07,0.006023669477712425,2021-10-01,242,22280,57,100.0,3.966268522348314e-05,5.9297433967236165e-06,3.966268522348314e-05,5.9297433967236165e-06,0.006297831787487114,0.0024351064446392514,0.6133420950560385,3.373294182675952e-05,0.00039992002132693534,0.17543859649122806,0.05263157894736842,1.0,4.24006545973357e-05,1.1453478954419492e-05,0.013072685292080348
2021-10-08,2020-01-08,1.5122048112453468e-05,7.3477441178288825e-06,0.005932025961337146,2021-10-04,243,22384,55,0.01,1.5122048112453468e-05,7.3477441178288825e-06,1.5122048112453468e-05,7.3477441178288825e-06,0.00388870776897075,0.0027106722630795637,0.3029375247199366,7.774303994624585e-06,0.0004998750416510478,0.3090909090909091,0.16363636363636364,1.0,,,
2021-10-11,2020-01-08,2.3888230951775766e-05,3.158798266642654e-06,0.005948215535339398,2021-10-06,244,22441,102,0.01,2.7567695614285187e-05,4.38997214948358e-06,2.7567695614285187e-05,4.38997214948358e-06,0.005250494797091526,0.0020952260378020266,0.6009469357130566,2.3177723464801608e-05,0.0004998750416510478,0.20588235294117646,0.029411764705882353,1.0,4.364114650840531e-05,9.76825805873605e-06,0.012930571415520944
2021-10-15,2020-01-08,1.2180425923544071e-05,9.987417265037443e-06,0.0059126321647189764,2021-10-08,245,22496,119,100.0,1.6085118355473306e-05,1.0318939258351866e-05,1.6085118355473306e-05,1.0318939258351866e-05,0.004010625681296287,0.003212310579373026,0.19905001497552743,5.76617909712144e-06,0.0004998750416510477,0.14285714285714285,0.09243697478991597,1.0,2.5087603684643482e-05,1.1083281631826782e-05,0.01279498305084746
2021-10-18,2020-01-08,1.2073647553285209e-05,8.14741338483739e-06,0.005868544600938968,2021-10-11,246,22598,127,100.0,1.4926634511190994e-05,8.246714656519515e-06,1.4926634511190994e-05,8.246714656519515e-06,0.003863500292635034,0.0028717093614290977,0.25670787008780127,6.679919854671479e-06,0.0004998750416510478,0.25196850393700787,0.10236220472440945,1.0,2.1608630281022964e-05,8.479288687564496e-06,0.01269827528203288
2021-10-20,2020-01-08,1.5297214791150333e-05,1.007110387610944e-05,0.00571390158644797,2021-10-15,247,22717,63,0.01,1.6164062632701166e-05,9.246004427733908e-06,1.6164062632701166e-05,9.246004427733908e-06,0.004020455525522097,0.0030407243261653806,0.24368661539403258,6.918058204967258e-06,0.000499875041651048,0.06349206349206349,0.0,1.0,1.6857540905941827e-05,8.585924869033482e-06,0.012563864725723415
2021-10-22,2020-01-08,1.2621894341509494e-05,5.56353301546895e-06,0.005686379448755686,2021-10-18,248,22844,134,0.01,1.357508926979558e-05,6.10473960101849e-06,1.357508926979558e-05,6.10473960101849e-06,0.0036844387998439575,0.0024707771249180875,0.32940204488598657,7.4703496687770905e-06,0.0005998200719676154,0.13432835820895522,0.0,1.0,1.616989768568548e-05,7.578024195014461e-06,0.012482153486628894
2021-10-25,2020-01-08,1.2573630026078084e-05,4.750804818593962e-06,0.005716591566346089,2021-10-20,249,22907,132,0.01,1.2870634639717259e-05,5.312458165218235e-06,1.2870634639717259e-05,5.312458165218235e-06,0.0035875666739054843,0.0023048770390669943,0.35753750422765884,7.558176474499024e-06,0.0005998200719676154,0.12878787878787878,0.0,1.0,1.3693761711802973e-05,6.869040297291221e-06,0.01249510063559322
2021-10-27,2020-01-08,2.0306728946797884e-05,4.459857899419055e-06,0.005692472542191267,2021-10-22,250,23041,67,0.01,1.975066109977504e-05,4.893502177930958e-06,1.975066109977504e-05,4.893502177930958e-06,0.004444171587571191,0.0022121261668202738,0.5022410536517481,1.4857158921844082e-05,0.0005998200719676154,0.26865671641791045,0.16417910447761194,1.0,1.9210948189429338e-05,5.314392212957217e-06,0.012417273445039042
2021-10-29,2020-01-10,4.644879697013802e-06,1.851958836332962e-05,0.0055712132136068685,2021-10-25,250,23139,116,0.01,7.980203835031914e-06,1.4719626118195067e-05,7.980203835031914e-06,1.4719626118195067e-05,0.002824925456544281,0.003836616493499848,-0.35813017104995204,-6.739422283163154e-06,0.0005998200719676153,0.22413793103448276,0.23275862068965517,1.0,1.569909684015954e-05,5.925427779455106e-06,0.012353333915168444
2021-11-01,2020-01-13,2.2642609625875217e-06,1.8635571756874126e-05,0.005674232309746329,2021-10-27,250,23170,79,0.01,2.2642609625875217e-06,1.8635571756874126e-05,2.2642609625875217e-06,1.8635571756874126e-05,0.0015047461455632712,0.004316893762518847,-1.868851849361545,-1.6371310794286604e-05,0.0004998750416510478,0.2911392405063291,0.35443037974683544,1.0,,,
2021-11-03,2020-01-17,2.8875591436770387e-06,1.67139959030819e-05,0.005665911211838423,2021-10-29,250,23216,63,100.0,8.6363637216833e-06,1.3975595450490663e-05,8.6363637216833e-06,1.3975595450490663e-05,0.002938769082742518,0.003738394769214544,-0.27209544675276054,-5.3392317288073625e-06,0.000499875041651048,0.15873015873015872,0.07936507936507936,1.0,1.3539755861747467e-05,1.1639900946809907e-05,0.012257588222558999
2021-11-05,2020-01-22,1.077492611499014e-06,2.080237390992242e-05,0.0056306306306306295,2021-11-01,250,23231,78,100.0,6.778272270744354e-06,1.6105675565681388e-05,6.778272270744354e-06,1.6105675565681388e-05,0.0026035115269082937,0.004013187706260622,-0.5414518679033229,-9.327403294937035e-06,0.0003999200213269353,0.15384615384615385,0.3076923076923077,1.0,1.4973143030909532e-05,9.3541716958349e-06,0.012126062838662697
2021-11-08,2020-01-24,4.960329009189436e-06,1.688227615616449e-05,0.005717874140666315,2021-11-03,250,23255,100,100.0,8.143967195488003e-06,1.3404092432986159e-05,8.143967195488003e-06,1.3404092432986159e-05,0.002853763689496382,0.00366115998462047,-0.28292331915771674,-5.260125237498156e-06,0.0004998750416510478,0.03,0.07,1.0,1.4323970733596982e-05,6.652324029169402e-06,0.012084135487588844
2021-11-10,2020-01-27,1.7025753686323384e-05,8.32321021379148e-06,0.005735693919501358,2021-11-05,250,23251,60,0.01,1.8718067526623205e-05,6.656943822752412e-06,1.8718067526623205e-05,6.656943822752412e-06,0.00432643820325949,0.002580105389853758,0.4036421488905272,1.2061123703870793e-05,0.00039992002132693534,0.16666666666666666,0.06666666666666667,1.0,2.0102687941413964e-05,5.293634957356809e-06,0.012113868800547736
2021-11-12,2020-01-29,2.6980864583315294e-06,2.2413937874106584e-05,0.005849732873469939,2021-11-08,250,23273,77,1.0,7.4578060647432595e-06,1.4937630640921536e-05,7.4578060647432595e-06,1.4937630640921536e-05,0.002730898398832014,0.00386492310931557,-0.41525701247932556,-7.479824576178277e-06,0.0004998750416510478,0.12987012987012986,0.22077922077922077,1.0,1.3169469592437332e-05,5.966061961099479e-06,0.012208163529335665
2021-11-15,2020-01-31,7.5137402836141746e-06,1.4483750864100304e-05,0.005767051136742449,2021-11-10,250,23296,100,100.0,8.948355308235956e-06,1.1333079172137726e-05,8.948355308235956e-06,1.1333079172137726e-05,0.002991380167788099,0.0033664638973465505,-0.12538818489118952,-2.38472386390177e-06,0.0004998750416510478,0.19,0.19,1.0,1.1612640353962132e-05,5.481831744207224e-06,0.012116720525606183
2021-11-19,2020-02-03,1.2355579388778243e-05,6.8931738797324185e-06,0.005479191740039272,2021-11-12,250,23320,113,100.0,1.6356371311713555e-05,7.239995038533993e-06,1.6356371311713555e-05,7.239995038533993e-06,0.00404430109063526,0.0026907238874574243,0.33468754497831465,9.116376273179561e-06,0.0004998750416510477,0.25663716814159293,0.19469026548672566,1.0,2.457421418044554e-05,7.952384445802088e-06,0.012053264641389732
2021-11-22,2020-02-05,1.629879436987111e-05,2.8800348074314516e-06,0.005387729679227653,2021-11-15,250,23350,128,1.0,2.0029124001980333e-05,3.719642359708885e-06,2.0029124001980333e-05,3.719642359708885e-06,0.004475390932866126,0.001928637436043614,0.5690572142245286,1.6309481642271448e-05,0.0004998750416510477,0.28125,0.171875,1.0,2.9562188617370572e-05,5.865306104417881e-06,0.012074857642517435
2021-11-24,2020-02-07,4.799026587168393e-05,6.880172028631205e-06,0.005359023604485473,2021-11-19,250,23426,72,0.01,3.518538894060936e-05,6.056096853999012e-06,3.518538894060936e-05,6.056096853999012e-06,0.005931727315092068,0.002460913824984331,0.5851269462904947,2.9129292086610346e-05,0.0005998200719676155,0.2638888888888889,0.09722222222222222,1.0,2.3072667519322595e-05,5.276566283400991e-06,0.012092910997671888
2021-11-26,2020-02-10,9.856687527293306e-05,2.309212518265451e-05,0.005341484500432259,2021-11-22,250,23503,82,0.01,0.00010829794668778853,3.061991431250236e-05,0.00010829794668778853,3.061991431250236e-05,0.010406629939023897,0.005533526390332151,0.4682691300877395,7.767803237528617e-05,0.0005998200719676154,0.25609756097560976,0.07317073170731707,1.0,0.00012430712869287332,4.3004341590639127e-05,0.012060710633946828
2021-11-29,2020-02-12,2.3775666390792257e-05,2.673397377050409e-06,0.005516229832281104,2021-11-24,250,23498,115,0.01,2.8884851164058482e-05,4.8210987131152754e-06,2.8884851164058482e-05,4.8210987131152754e-06,0.005374462872144386,0.002195700050807322,0.5914568389359349,2.4063752450943208e-05,0.0005998200719676153,0.4,0.24347826086956523,1.0,4.009667330539271e-05,9.534109978368733e-06,0.012335838943721813
2021-12-01,2020-02-14,7.775984081511894e-05,2.3892622147095924e-05,0.005232909860859044,2021-11-26,250,23563,72,100.0,8.528091200874445e-05,3.2009345107245886e-05,8.528091200874445e-05,3.2009345107245886e-05,0.00923476648371492,0.005657680187784202,0.3873499456904236,5.327156690149857e-05,0.000499875041651048,0.25,0.1527777777777778,1.0,9.164489532642756e-05,3.887734145814201e-05,0.012428176310475015
2021-12-03,2020-02-21,5.45734295993456e-05,1.3194002623483022e-05,0.0052821201758671225,2021-11-29,250,23648,137,100.0,6.193488300172894e-05,2.011901894977046e-05,6.193488300172894e-05,2.011901894977046e-05,0.00786987185421268,0.004485422939898807,0.43005133717675514,4.181586405195848e-05,0.000499875041651048,0.1386861313868613,0.08029197080291971,1.0,8.043289411541013e-05,3.752034202608247e-05,0.012378181023174463
2021-12-08,2020-02-24,3.902369885625693e-05,7.577203499277444e-06,0.005053160415936442,2021-12-01,250,23648,68,100.0,2.4109255348704382e-05,5.996750353429186e-06,2.4109255348704382e-05,5.996750353429186e-06,0.004910117651208002,0.002448826321613925,0.5012693186666398,1.8112504995275196e-05,0.0005998200719676154,0.1323529411764706,0.04411764705882353,1.0,9.194811841151834e-06,4.416297207580927e-06,0.012090586828393271
2021-12-10,2020-02-26,2.3098488660633823e-05,5.015753875296661e-06,0.004955316223648029,2021-12-03,250,23712,71,100.0,2.3098488660633823e-05,5.015753875296661e-06,2.3098488660633823e-05,5.015753875296661e-06,0.00480608870711245,0.00223958788068177,0.5340102904535571,1.8082734785337163e-05,0.0005998200719676153,0.4507042253521127,0.352112676056338,1.0,,,
2021-12-13,2020-02-28,5.7847024138541254e-05,2.2519166109030426e-05,0.0048202842017274995,2021-12-08,250,23741,99,100.0,4.4781003208116183e-05,1.7223468653894258e-05,4.4781003208116183e-05,1.7223468653894258e-05,0.006691860967482527,0.004150116703647532,0.37982622116418496,2.7557534554221926e-05,0.0005998200719676153,0.3434343434343434,0.31313131313131315,1.0,1.4729155068138503e-05,5.043364507081064e-06,0.012027403662318905
2021-12-17,2020-03-02,6.90928191900479e-05,4.37677330274536e-05,0.005021479159410195,2021-12-10,250,23750,108,0.01,6.893936507417338e-05,3.724708224747656e-05,6.893936507417338e-05,3.724708224747656e-05,0.008302973267099768,0.006103038771585558,0.26495743449293885,3.169228282669682e-05,0.0004998750416510477,0.3611111111111111,0.3148148148148148,1.0,6.847900272654981e-05,1.7685129907545422e-05,0.012138021224139777
2021-12-20,2020-03-04,5.651304580095581e-05,3.0102012548897723e-05,0.00505434147481594,2021-12-13,250,23789,123,100.0,6.36156878003422e-05,2.9718574292560836e-05,6.36156878003422e-05,2.9718574292560836e-05,0.007975944320288489,0.005451474506274503,0.31651046103625213,3.3897113507781364e-05,0.0004998750416510477,0.21951219512195122,0.1951219512195122,1.0,8.298652961685056e-05,2.8672833593460246e-05,0.012434407549959772
2021-12-22,2020-03-06,5.4079500125501764e-05,2.577531815519615e-05,0.005000289034048209,2021-12-17,250,23859,66,100.0,4.3012512291656884e-05,1.8396058895317637e-05,4.3012512291656884e-05,1.8396058895317637e-05,0.006558392508203278,0.004289062705920449,0.34601921117779055,2.4616453396339247e-05,0.0006997551142733422,0.09090909090909091,0.0,1.0,3.0517526027638477e-05,1.0064637150293497e-05,0.01234874746253185
2021-12-27,2020-03-09,1.967658475861509e-05,7.616200103821009e-06,0.004906966190152031,2021-12-20,250,23946,118,100.0,1.9445050561491098e-05,7.7474717234074e-06,1.9445050561491098e-05,7.7474717234074e-06,0.004409654245118442,0.0027834280524934355,0.36878768770255965,1.1697578838083698e-05,0.0006997551142733419,0.11864406779661017,0.025423728813559324,1.0,1.8625775710129284e-05,8.211971300405401e-06,0.01215089460263493
2021-12-29,2020-03-13,2.886160949346089e-05,1.3539678298159973e-05,0.004824585866473312,2021-12-22,250,23948,66,100.0,2.3026142602068933e-05,1.2319572451304943e-05,2.3026142602068933e-05,1.2319572451304943e-05,0.004798556303938606,0.0035099248498087453,0.26854565675767217,1.070657015076399e-05,0.0005998200719676154,0.12121212121212122,0.06060606060606061,1.0,1.4048501230696691e-05,1.044248653306644e-05,0.011991131754985635
2021-12-31,2020-03-16,1.936330474605779e-05,5.934180525562005e-06,0.004854096520763187,2021-12-27,250,24045,96,100.0,1.8738906911674745e-05,7.76611988100688e-06,1.8738906911674745e-05,7.76611988100688e-06,0.004328845909901939,0.0027867758935743074,0.35623120998607316,1.0972787030667865e-05,0.0004998750416510478,0.2708333333333333,0.25,1.0,1.696561706202691e-05,1.2968827650470323e-05,0.01200901167674731
2022-01-03,2020-03-18,1.5331926558515855e-05,4.887916333826985e-06,0.004871318353325449,2021-12-29,250,24098,99,1.0,1.4312403323524495e-05,5.904306509130175e-06,1.4312403323524495e-05,5.904306509130175e-06,0.0037831737104611646,0.0024298778794684672,0.35771443094209177,8.40809681439432e-06,0.0005998200719676153,0.1717171717171717,0.09090909090909091,1.0,1.1294614547950064e-05,8.912821428027618e-06,0.012039352787603168
2022-01-05,2020-03-20,4.2687592613693936e-05,2.343849925491367e-05,0.004813578185865332,2021-12-31,250,24152,49,0.01,3.4651662154341954e-05,1.7459214508145472e-05,3.4651662154341954e-05,1.7459214508145472e-05,0.005886566244793475,0.004178422490383838,0.2901765958924608,1.7192447646196482e-05,0.0007996801705643321,0.22448979591836735,0.1836734693877551,1.0,2.628090125918364e-05,1.12307928969286e-05,0.01197405716678882
2022-01-07,2020-03-23,9.687460373498169e-06,3.914263337799254e-06,0.00502906976744186,2022-01-03,250,24161,46,0.01,9.687460373498169e-06,3.914263337799254e-06,9.687460373498169e-06,3.914263337799254e-06,0.003112468533736232,0.0019784497309255178,0.36434707388011056,5.773197035698915e-06,0.0009995003330835331,0.43478260869565216,0.391304347826087,1.0,,,
2022-01-10,2020-03-25,1.8277906261457027e-05,7.14558628485903e-06,0.0050241040831736075,2022-01-05,250,24128,101,0.01,1.7935246450674217e-05,7.218452745257854e-06,1.7935246450674217e-05,7.218452745257854e-06,0.004235002532546376,0.0026867178387872913,0.36559238910965863,1.0716793705416363e-05,0.0009995003330835331,0.25742574257425743,0.15841584158415842,1.0,1.7041883372561886e-05,7.408426017011926e-06,0.012268469608873827
2022-01-14,2020-03-27,1.5734490517794455e-05,3.0900301576451334e-06,0.005023520529647483,2022-01-07,250,24133,50,100.0,1.5734490517794455e-05,3.0900301576451334e-06,1.5734490517794455e-05,3.0900301576451334e-06,0.003966672474227543,0.0017578481611462162,0.5568456502099952,1.2644460360149322e-05,0.0011992805754820971,0.44,0.2,1.0,,,
2022-01-21,2020-03-30,6.943726877427158e-05,2.228938728634337e-05,0.0052580390249832845,2022-01-10,250,24112,124,1.0,7.661710731409752e-05,1.8159845776624277e-05,7.661710731409752e-05,1.8159845776624277e-05,0.008753119861746298,0.004261437055339933,0.5131522105662389,5.845726153747325e-05,0.0016985566355814765,0.25806451612903225,0.1774193548387097,1.0,9.014191944725798e-05,1.0380942002502265e-05,0.012799576944599888
2022-01-24,2020-04-01,9.928779880730172e-05,3.368561062033003e-05,0.0053260267224924576,2022-01-14,250,24004,104,100.0,9.417787663965807e-05,2.390439397713153e-05,9.417787663965807e-05,2.390439397713153e-05,0.009704528666538013,0.004889211999610114,0.49619273973928213,7.027348266252655e-05,0.001698556635581477,0.36538461538461536,0.33653846153846156,1.0,8.773493129784655e-05,1.1571555600924737e-05,0.013055872414265497
2022-01-26,2020-04-03,0.00015935365912696312,1.95911118134157e-05,0.005413693829014898,2022-01-21,250,24041,74,100.0,0.0001230183070414812,1.4388965017769415e-05,0.0001230183070414812,1.4388965017769415e-05,0.011091361820871287,0.0037932789269666703,0.6579970081015094,0.0001086293420237118,0.0018981972830802523,0.28378378378378377,0.10810810810810811,1.0,9.960219125305956e-05,1.1036470416130695e-05,0.013161348309434485
2022-01-28,2020-04-06,2.779395237895329e-05,1.1649209845350784e-05,0.005432734581082781,2022-01-24,250,24075,77,0.01,2.779395237895329e-05,1.1649209845350784e-05,2.779395237895329e-05,1.1649209845350784e-05,0.0052719970010379645,0.003413093881707736,0.35259942654827814,1.614474253360251e-05,0.001998002662673056,0.37662337662337664,0.23376623376623376,1.0,,,
2022-01-31,2020-04-08,7.052179676834248e-06,3.116092215995259e-05,0.005078377267656903,2022-01-26,250,24042,99,0.01,1.8378159641965892e-05,3.008376718092593e-05,1.8378159641965892e-05,3.008376718092593e-05,0.004286975582151815,0.0054848671069521755,-0.2794257867452299,-1.1705607538960038e-05,0.0018981972830802519,0.26262626262626265,0.30303030303030304,1.0,3.580274420370688e-05,2.8426605674731044e-05,0.012938592600972961
2022-02-02,2020-04-13,1.1758903402959572e-05,5.563390386971843e-05,0.0049538972567436,2022-01-28,250,24050,69,100.0,2.3659395183874687e-05,5.2014595895154666e-05,2.3659395183874687e-05,5.2014595895154666e-05,0.004864092431674658,0.007212114523158563,-0.48272563164995286,-2.835520071127998e-05,0.0018981972830802525,0.043478260869565216,0.14492753623188406,1.0,3.4568179316380204e-05,4.86968969184712e-05,0.012624375758913788
2022-02-04,2020-04-17,6.216539127390176e-06,1.1358605046155171e-05,0.005002891844997108,2022-01-31,250,24083,87,100.0,1.2431250326661652e-05,1.5042078790131477e-05,1.2431250326661652e-05,1.5042078790131477e-05,0.003525797828387449,0.0038784118902111826,-0.10000972233425087,-2.6108284634698255e-06,0.001998002662673056,0.19540229885057472,0.19540229885057472,1.0,2.1664535537007848e-05,2.0514668352610574e-05,0.012803875951634573
2022-02-07,2020-04-20,9.03853818324191e-06,2.8394163607473695e-05,0.005104704449213995,2022-02-02,250,23989,109,100.0,1.4066187260885648e-05,2.648826567164634e-05,1.4066187260885648e-05,2.648826567164634e-05,0.003750491602561676,0.0051466752055716845,-0.3722668255159889,-1.242207841076069e-05,0.0022973590486834905,0.10091743119266056,0.1651376146788991,1.0,2.3459952642798946e-05,2.2927245844179428e-05,0.012743951415199465
2022-02-09,2020-04-22,,,,2022-02-04,250,23913,36,100.0,1.1056982867654212e-05,4.532197478412942e-05,1.1056982867654212e-05,4.532197478412942e-05,0.0033252041843553327,0.006732159741429895,-1.0245853692545737,-3.426499191647521e-05,0.0024968801985871987,0.1388888888888889,0.1111111111111111,1.0,1.1056982867654212e-05,4.532197478412942e-05,0.012680647092739614
2022-02-11,2020-04-24,1.1921064673484638e-05,0.00027982803339512085,0.005112712061352546,2022-02-07,250,23930,65,100.0,1.1921064673484638e-05,0.00027982803339512085,1.1921064673484638e-05,0.00027982803339512085,0.0034526894840811615,0.016728061256317806,-3.844936486018672,-0.0002679069687216362,0.003992021269537453,0.1076923076923077,0.26153846153846155,1.0,,,
2022-02-14,2020-04-27,1.1250971250626004e-05,0.00016107436315823608,0.005218216318785581,2022-02-09,250,23804,104,100.0,2.675125245015335e-05,0.0001186722471231914,2.675125245015335e-05,0.0001186722471231914,0.005172161293903483,0.01089367922802904,-1.1062141354465513,-9.192099467303804e-05,0.0035935355101301696,0.17307692307692307,0.46153846153846156,1.0,4.707384335620032e-05,6.307836165502172e-05,0.012982361621940695
2022-02-16,2020-04-29,2.5431650655496127e-05,0.0002819338858160122,0.005092887319868048,2022-02-11,250,23715,71,100.0,2.1805887127490156e-05,0.0001686525875448209,2.1805887127490156e-05,0.0001686525875448209,0.0046696774115018,0.012986631108367593,-1.7810552986766175,-0.00014684670041733075,0.003992021269537454,0.08450704225352113,0.11267605633802817,1.0,1.883090166861345e-05,7.570382998897164e-05,0.012818226854965253
2022-02-23,2020-05-01,3.665283855207964e-05,2.900603531952333e-05,0.005355404089581305,2022-02-14,250,23781,63,100.0,4.5446335926304675e-05,1.4188287360591384e-05,4.5446335926304675e-05,1.4188287360591384e-05,0.006741389762230387,0.0037667343097956066,0.44125255434728294,3.125804856571329e-05,0.003693171837617572,0.2698412698412698,0.19047619047619047,1.0,5.123153156724219e-05,4.4397689665572085e-06,0.013311476592871945
2022-02-25,2020-05-04,1.401710622527571e-05,1.5170463726107256e-05,0.0054073983040432575,2022-02-16,250,23769,114,100.0,1.746103250325003e-05,1.148216178397917e-05,1.746103250325003e-05,1.148216178397917e-05,0.004178640030350788,0.0033885338693864595,0.18908213084293857,5.978870719270861e-06,0.0031948908965191976,0.20175438596491227,0.07017543859649122,1.0,2.462812232498036e-05,3.8065063909018093e-06,0.01335094793369134
2022-02-28,2020-05-06,9.682986144596122e-06,7.836872083802646e-06,0.0053381862299059744,2022-02-23,250,23702,109,100.0,1.7190090402760036e-05,7.1645041594184225e-06,1.7190090402760036e-05,7.1645041594184225e-06,0.0041460933905014775,0.002676659141433295,0.35441417032105293,1.0025586243341613e-05,0.003294566949430031,0.5045871559633027,0.46788990825688076,1.0,2.9640897465080666e-05,6.04935735800068e-06,0.013062732153055399
2022-03-02,2020-05-08,1.6017773902427747e-05,1.0467878787630467e-05,0.0053921568627451,2022-02-25,250,23738,75,100.0,2.696224854828258e-05,1.0867855116704594e-05,2.696224854828258e-05,1.0867855116704594e-05,0.005192518516893568,0.0032966430071672296,0.3651167547228217,1.6094393431577985e-05,0.0031948908965191976,0.08,0.06666666666666667,1.0,3.653866386340555e-05,1.1217834404644457e-05,0.013298783664356481
2022-03-04,2020-05-11,1.6986027466822273e-05,5.519326725150842e-06,0.005293869939240811,2022-02-28,250,23763,60,100.0,1.6986027466822273e-05,5.519326725150842e-06,1.6986027466822273e-05,5.519326725150842e-06,0.004121410858774247,0.002349324738121753,0.42997075064230117,1.146670074167143e-05,0.0037927982386962373,0.35,0.3,1.0,,,
2022-03-07,2020-05-13,6.232554374481294e-05,2.6064448833343918e-05,0.0053931482502911085,2022-03-02,250,23729,115,100.0,7.384777021671952e-05,3.1149597898710965e-05,7.384777021671952e-05,3.1149597898710965e-05,0.008593472535402642,0.005581182482118907,0.35053234194604843,4.269817231800855e-05,0.003394233068015548,0.20869565217391303,0.1391304347826087,1.0,9.545194485154437e-05,4.068425239627417e-05,0.013231392738968461
2022-03-09,2020-05-15,4.506956327869526e-05,9.275045708391592e-06,0.005589430894308943,2022-03-04,250,23749,67,100.0,4.596498843395114e-05,1.281993778163555e-05,4.596498843395114e-05,1.281993778163555e-05,0.006779748404915269,0.0035804940694875546,0.47188393202147116,3.314505065231559e-05,0.00359353551013017,0.40298507462686567,0.19402985074626866,1.0,4.6532819020210966e-05,1.5067918120765866e-05,0.013737443843843842
2022-03-11,2020-05-18,2.7533743352972173e-05,1.0451681299916442e-05,0.005551349987383296,2022-03-07,250,23786,56,100.0,2.7533743352972173e-05,1.0451681299916442e-05,2.7533743352972173e-05,1.0451681299916442e-05,0.005247260556992779,0.0032329060147051046,0.3838868911518485,1.708206205305573e-05,0.0038924147153438396,0.30357142857142855,0.16071428571428573,1.0,,,
2022-03-14,2020-05-20,8.101513675098541e-05,3.3254131140646164e-05,0.005687326310347058,2022-03-09,250,23752,127,100.0,6.960280580305155e-05,2.600469389678481e-05,6.960280580305155e-05,2.600469389678481e-05,0.00834282960410025,0.005099479767268894,0.38875896916764874,4.359811190626674e-05,0.003992021269537453,0.31496062992125984,0.2677165354330709,1.0,4.566474576592203e-05,1.0798557238929296e-05,0.013612519342014429
2022-03-18,2020-05-22,1.5195155625515236e-05,4.899114950242705e-05,0.005478769767152286,2022-03-11,250,23727,116,100.0,2.0006598830217036e-05,5.079123929891996e-05,2.0006598830217036e-05,5.079123929891996e-05,0.004472873665801107,0.007126797267982299,-0.5933374828966615,-3.078464046870293e-05,0.003992021269537453,0.11206896551724138,0.15517241379310345,1.0,3.210810749658822e-05,5.5318737877977904e-05,0.012964407010225136
2022-03-21,2020-05-27,1.1486766014583873e-05,3.854723198229139e-05,0.005366508110745212,2022-03-14,250,23720,145,100.0,1.6473509469661814e-05,4.103641966998503e-05,1.6473509469661814e-05,4.103641966998503e-05,0.004058757133613911,0.006405967504599522,-0.5783076675237422,-2.4562910200323213e-05,0.0041912046184680715,0.10344827586206896,0.11724137931034483,1.0,3.1029409284483926e-05,4.8302156704334e-05,0.013062251417259068
2022-03-23,2020-05-29,1.6756248427880718e-05,9.474932986368012e-05,0.005212652529321173,2022-03-18,250,23759,74,100.0,2.0995606935530844e-05,7.315224669891948e-05,2.0995606935530844e-05,7.315224669891948e-05,0.004582096347255353,0.008552908668921905,-0.8665929349226897,-5.2156639763388635e-05,0.005087039048557105,0.0,0.05405405405405406,1.0,2.5470485360272642e-05,5.0355325580561035e-05,0.012914949175915838
2022-03-25,2020-06-01,1.7539776511132225e-05,6.167945784682903e-05,0.005055437467685416,2022-03-21,250,23833,98,100.0,1.9403636300690073e-05,5.990261529888906e-05,1.9403636300690073e-05,5.990261529888906e-05,0.004404955879539553,0.007739677984185715,-0.7570387072741211,-4.049897899819899e-05,0.00518652668730006,0.030612244897959183,0.1326530612244898,1.0,2.3628385157021194e-05,5.587510552355845e-05,0.012889147372860666
2022-03-28,2020-06-03,1.0618969994332663e-05,3.103650267430874e-05,0.005036630036630038,2022-03-23,250,23838,127,100.0,1.4974881073648179e-05,3.562616120730855e-05,1.4974881073648179e-05,3.562616120730855e-05,0.003869739148010907,0.0059687654676078995,-0.5424206230220756,-2.065128013366037e-05,0.005484930230569689,0.18110236220472442,0.2677165354330709,1.0,2.9058993563435022e-05,5.046605713067463e-05,0.012826508206498933
2022-03-30,2020-06-05,1.2017768311404934e-05,3.543253751872088e-05,0.004917299955297273,2022-03-25,250,23868,69,100.0,1.830180567426963e-05,3.3180622647685063e-05,1.830180567426963e-05,3.3180622647685063e-05,0.004278060971312778,0.0057602623766357264,-0.3464657037994754,-1.4878816973415434e-05,0.005484930230569686,0.17391304347826086,0.15942028985507245,1.0,2.6471054245993732e-05,3.0253133315338488e-05,0.012580288159462676
2022-04-01,2020-06-08,1.0002919505116306e-05,1.3713800175005258e-05,0.005039802989519501,2022-03-28,250,23977,111,0.01,1.4107454642645592e-05,1.6087139135620075e-05,1.4107454642645592e-05,1.6087139135620075e-05,0.0037559891696656413,0.0040108776016752334,-0.06786186554214213,-1.9796844929744834e-06,0.005186526687300058,0.2972972972972973,0.3333333333333333,1.0,2.6877119514958907e-05,2.3470860346421727e-05,0.012856328048888492
2022-04-04,2020-06-09,7.681057095372724e-06,1.221163854693342e-05,0.005048476851586255,2022-03-30,250,24006,115,0.01,1.2895446267652224e-05,1.4973964970123932e-05,1.2895446267652224e-05,1.4973964970123932e-05,0.0035910230112952803,0.0038696207785936768,-0.07758172710731426,-2.0785187024717075e-06,0.005286004429237355,0.22608695652173913,0.23478260869565218,1.0,2.9890492458785414e-05,2.397710294200412e-05,0.012819994701050956
2022-04-06,2020-06-10,1.1535165112674188e-05,9.433725634667905e-06,0.00502684793784988,2022-04-01,250,24070,53,0.01,1.617916022519018e-05,1.0262991781981808e-05,1.617916022519018e-05,1.0262991781981808e-05,0.004022332684548878,0.003203590451662292,0.20354910871287402,5.916168443208372e-06,0.006478966097709125,0.32075471698113206,0.24528301886792453,1.0,2.1001770534341398e-05,1.1124152781115478e-05,0.01287371571735805
2022-04-08,2020-06-12,5.372119880681881e-06,4.532148823710182e-06,0.005112118043453006,2022-04-04,250,24113,55,0.01,5.372119880681881e-06,4.532148823710182e-06,5.372119880681881e-06,4.532148823710182e-06,0.0023177833981375138,0.0021288844082547513,0.0814998459452918,8.399710569716989e-07,0.006776984279023748,0.4909090909090909,0.45454545454545453,1.0,,,
2022-04-11,2020-06-15,1.1386023300202289e-05,5.21332659548691e-06,0.005173731553883238,2022-04-06,250,24122,121,0.01,1.3460252384999815e-05,5.590812931309598e-06,1.3460252384999815e-05,5.590812931309598e-06,0.0036688216616510287,0.0023644899939119215,0.3555178714116447,7.869439453690216e-06,0.006975613736425242,0.36363636363636365,0.2809917355371901,1.0,2.0040565343667826e-05,6.788355789781577e-06,0.01297323770583373
2022-04-18,2020-06-19,8.651535428905517e-06,1.2598356488122044e-05,0.00532397604210781,2022-04-08,250,24076,129,0.01,1.4503708280862817e-05,1.6209608509787813e-05,1.4503708280862817e-05,1.6209608509787813e-05,0.0038083734429363433,0.00402611580928664,-0.057174636262144585,-1.705900228924996e-06,0.007868958378695178,0.17829457364341086,0.13178294573643412,1.0,3.2243107238358394e-05,2.715621620046217e-05,0.013263053061970351
2022-04-20,2020-06-22,1.3281717177622724e-05,2.3191070949872668e-05,0.005256869772998805,2022-04-11,250,24057,68,100.0,2.112045554589615e-05,2.4789382776716976e-05,2.112045554589615e-05,2.4789382776716976e-05,0.00459569967968928,0.00497889373020925,-0.08338100337876697,-3.668927230820827e-06,0.008067371077758798,0.19117647058823528,0.19117647058823528,1.0,2.8959193914169585e-05,2.638769460356127e-05,0.013046989034693512
2022-04-22,2020-06-24,4.9091502777756983e-05,3.0797873880220496e-05,0.005287825982454032,2022-04-18,250,24057,138,100.0,4.443794923904205e-05,2.49992693114378e-05,4.443794923904205e-05,2.49992693114378e-05,0.006666179508462254,0.004999926930609866,0.24995615190637988,1.9438679927604253e-05,0.008265744417032617,0.30434782608695654,0.2536231884057971,1.0,2.9631187979494544e-05,6.5491638653110225e-06,0.013254878327169794
2022-04-25,2020-06-26,3.894634802551582e-05,3.043885020792783e-05,0.00543914951480314,2022-04-20,250,24051,163,100.0,3.433531375698094e-05,2.4191939561126986e-05,3.433531375698094e-05,2.4191939561126986e-05,0.005859634268192934,0.004918530223667126,0.16060798361329087,1.0143374195853957e-05,0.008265744417032619,0.13496932515337423,0.05521472392638037,1.0,2.01563833812362e-05,4.982689322214402e-06,0.01362884236221951
2022-04-27,2020-06-29,0.0001011087234826834,4.826291471508857e-05,0.005612244897959185,2022-04-22,250,24060,73,100.0,7.947061218635514e-05,3.707791507862706e-05,7.947061218635514e-05,3.707791507862706e-05,0.008914629110981294,0.006089163742142845,0.31694704666489826,4.239269710772808e-05,0.008265744417032619,0.1506849315068493,0.0821917808219178,1.0,5.597780563605587e-05,2.493420118761172e-05,0.01395441480413362
2022-05-02,2020-07-01,2.1025369898620966e-05,1.2967580981939503e-05,0.005581985410719949,2022-04-25,250,24091,98,0.01,2.1025369898620966e-05,1.2967580981939503e-05,2.1025369898620966e-05,1.2967580981939503e-05,0.004585342942313144,0.00360105276022714,0.2146601016475912,8.057788916681463e-06,0.008464078412129412,0.46938775510204084,0.3979591836734694,1.0,,,
2022-05-04,2020-07-06,1.1992367964942858e-05,1.02424345365282e-05,0.005517933283170304,2022-04-27,250,24088,71,0.01,1.4015003062831376e-05,9.626851085749565e-06,1.4015003062831376e-05,9.626851085749565e-06,0.003743661718535928,0.0031027167266364434,0.17120804177524496,4.388151977081811e-06,0.009058844488346039,0.23943661971830985,0.16901408450704225,1.0,1.567460109186811e-05,9.121756972290173e-06,0.013945030981315148
2022-05-06,2020-07-08,1.0617217028133468e-05,1.1971447074402133e-05,0.005613318874784716,2022-05-02,250,24048,81,0.01,1.4559037412306662e-05,9.993810903497019e-06,1.4559037412306662e-05,9.993810903497019e-06,0.003815630670322622,0.003161298926627632,0.17148718003141128,4.565226508809643e-06,0.008464078412129412,0.2222222222222222,0.24691358024691357,1.0,1.8804074749108563e-05,7.86404887329151e-06,0.014031637708126916
2022-05-09,2020-07-10,3.9684107333213337e-05,3.7799997241281715e-05,0.005658697863682604,2022-05-04,250,24049,120,100.0,4.3461686053490814e-05,3.881508176546088e-05,4.3461686053490814e-05,3.881508176546088e-05,0.006592547766492922,0.006230175099101219,0.05496701430568118,4.646604288029937e-06,0.008464078412129412,0.2916666666666667,0.2916666666666667,1.0,5.2276036400804895e-05,4.118361232187893e-05,0.014115894393932028
2022-05-11,2020-07-13,,,,2022-05-06,250,24058,40,100.0,3.140819490755956e-05,2.2042033196169185e-05,3.140819490755956e-05,2.2042033196169185e-05,0.005604301464728638,0.004694894375400706,0.16226948087132675,9.366161711390377e-06,0.008860628432196557,0.1,0.125,1.0,3.140819490755956e-05,2.2042033196169185e-05,0.014549179383096546
2022-05-13,2020-07-17,1.2138684477912486e-05,1.401790032248513e-05,0.0062429854096520765,2022-05-09,250,24047,58,0.01,1.2138684477912486e-05,1.401790032248513e-05,1.2138684477912486e-05,1.401790032248513e-05,0.0034840614916950715,0.0037440486538619032,-0.07462186381800695,-1.8792158445726434e-06,0.009554212804811654,0.46551724137931033,0.5172413793103449,1.0,,,
2022-05-16,2020-07-20,6.900062620787999e-06,1.1113889594760801e-05,0.00604989463666644,2022-05-11,250,23923,63,0.01,6.900062620787999e-06,1.1113889594760801e-05,6.900062620787999e-06,1.1113889594760801e-05,0.0026267970269489797,0.0033337500798291406,-0.2691312064188247,-4.213826973972803e-06,0.010247316451549525,0.19047619047619047,0.2698412698412698,1.0,,,
2022-05-18,2020-07-22,4.073184029676755e-05,2.9540362960168318e-05,0.0059635486464754755,2022-05-13,250,23840,75,100.0,2.8342816573351092e-05,1.6684246501324183e-05,2.8342816573351092e-05,1.6684246501324183e-05,0.005323797194986967,0.004084635418409357,0.2327590122599783,1.165857007202691e-05,0.010544213875671156,0.16,0.17333333333333334,1.0,1.9123077988483028e-05,7.116904020323896e-06,0.014220297805642632
2022-05-20,2020-07-24,1.2672009539627563e-05,2.198125797539012e-05,0.006479796141244994,2022-05-16,250,23822,134,100.0,1.2608362305149291e-05,1.6500660816517823e-05,1.2608362305149291e-05,1.6500660816517823e-05,0.003550825580783896,0.004062100542394024,-0.14398763047585583,-3.8922985113685315e-06,0.010445257861538645,0.3208955223880597,0.27611940298507465,1.0,1.246894455343499e-05,4.495543230416598e-06,0.014908930313767785
2022-05-23,2020-07-27,1.339832529709152e-05,1.2030760760025674e-05,0.006468493349807397,2022-05-18,250,23766,145,0.01,1.3052564685355568e-05,9.02305131856726e-06,1.3052564685355568e-05,9.02305131856726e-06,0.0036128333320754736,0.003003839429557988,0.16856407327476552,4.029513366788309e-06,0.010247316451549525,0.3448275862068966,0.20689655172413793,1.0,1.228420777038679e-05,2.3392525597707807e-06,0.014902425377922645
2022-05-25,2020-07-29,2.578311203556738e-05,2.5994080935451597e-05,0.006340837845540039,2022-05-20,250,23768,75,100.0,1.7231248566362136e-05,1.3718285796020342e-05,1.7231248566362136e-05,1.3718285796020342e-05,0.0041510539103174916,0.0037038204324751412,0.10773974212446302,3.5129627703417942e-06,0.010544213875671156,0.13333333333333333,0.14666666666666667,1.0,1.013945934799681e-05,3.538358119418817e-06,0.014741252633984108
2022-05-27,2020-07-31,3.225000277389985e-05,7.675100077738892e-06,0.006190012519126444,2022-05-23,250,23830,118,100.0,2.7526501111440013e-05,6.292836640655177e-06,2.7526501111440013e-05,6.292836640655177e-06,0.005246570414226804,0.0025085526984010473,0.5218680966143601,2.1233664470784837e-05,0.010643160098479827,0.3728813559322034,0.1864406779661017,1.0,1.7582287085208784e-05,3.3828083520578806e-06,0.014325903629320765
2022-06-01,2020-08-03,3.764693990043212e-05,1.6151659239718507e-05,0.00597957538296157,2022-05-25,250,23833,72,100.0,2.639977367910585e-05,9.340852786377485e-06,2.639977367910585e-05,9.340852786377485e-06,0.005138071007596708,0.0030562808749160287,0.40516959177923473,1.7058920892728364e-05,0.011533235813673031,0.2916666666666667,0.19444444444444445,1.0,1.6882940722599e-05,3.577862710473544e-06,0.014061540696970427
2022-06-03,2020-08-05,1.1762090680633738e-05,3.203450904939901e-06,0.0058858541101778974,2022-05-27,250,23814,62,100.0,1.1762090680633738e-05,3.203450904939901e-06,1.1762090680633738e-05,3.203450904939901e-06,0.003429590453776331,0.001789818679347129,0.4781246613932124,8.558639775693837e-06,0.01163208422970765,0.43548387096774194,0.2903225806451613,1.0,,,
2022-06-06,2020-08-07,1.9984918793031176e-05,6.261719349835122e-06,0.006121887467327005,2022-06-01,250,23812,120,100.0,1.8614354360061194e-05,5.91026894317363e-06,1.8614354360061194e-05,5.91026894317363e-06,0.004314435578388115,0.00243110446981894,0.43651853744280333,1.2704085416887563e-05,0.012027380212718456,0.4583333333333333,0.35833333333333334,1.0,1.5656820583652284e-05,5.151875960377781e-06,0.014143401373800359
2022-06-08,2020-08-10,5.3495242967583466e-05,1.2349827446442973e-05,0.005984802636002959,2022-06-03,250,23760,60,100.0,2.942485503281079e-05,7.707095604567478e-06,2.942485503281079e-05,7.707095604567478e-06,0.005424468179721473,0.002776165629887287,0.48821422895141153,2.1717759428243312e-05,0.012521280553671745,0.2833333333333333,0.23333333333333334,1.0,1.6463876914087044e-05,5.207163074326826e-06,0.013966498292201859
2022-06-10,2020-08-12,5.972887548302711e-06,6.893187931683157e-06,0.0062394840157038705,2022-06-06,250,23715,58,100.0,5.972887548302711e-06,6.893187931683157e-06,5.972887548302711e-06,6.893187931683157e-06,0.0024439491705644596,0.0026254881320781393,-0.07428098902390468,-9.203003833804462e-07,0.01291622526654633,0.43103448275862066,0.46551724137931033,1.0,,,
2022-06-13,2020-08-14,3.5929032632604404e-05,5.1005275902415135e-05,0.006490191788813531,2022-06-08,250,23740,132,100.0,3.072964200999476e-05,3.909013921057483e-05,3.072964200999476e-05,3.909013921057483e-05,0.005543432331145999,0.006252210745854208,-0.12785912632610463,-8.360497200580073e-06,0.013804280976397052,0.24242424242424243,0.26515151515151514,1.0,2.0677486806282793e-05,1.6054208273016894e-05,0.014895926115956902
2022-06-17,2020-08-17,1.5390666473634883e-05,2.4287491458076844e-05,0.00684299554051976,2022-06-10,250,23721,127,100.0,1.9431899628951054e-05,2.832551513910069e-05,1.9431899628951054e-05,2.832551513910069e-05,0.004408162840566471,0.005322172032084334,-0.2073446976837201,-8.893615510149635e-06,0.015774919115362215,0.2440944881889764,0.23622047244094488,1.0,2.8896893071665234e-05,3.778299165518285e-05,0.015836443474703393
2022-06-22,2020-08-19,3.7103510244663416e-05,6.520807210339176e-05,0.006550379038787076,2022-06-13,250,23776,72,1.0,3.2411337303797935e-05,6.076448124768143e-05,3.2411337303797935e-05,6.076448124768143e-05,0.005693095581825228,0.007795157551177618,-0.3692300505305166,-2.8353143943883496e-05,0.0168571170664229,0.041666666666666664,0.05555555555555555,1.0,2.9059785203179736e-05,5.759048777931691e-05,0.01601681819393713
2022-06-27,2020-08-21,3.8489894209346865e-05,2.005908756873565e-05,0.006282648595228011,2022-06-17,250,23823,117,100.0,3.771224701601436e-05,2.1391660156782293e-05,3.771224701601436e-05,2.1391660156782293e-05,0.006141029800938468,0.0046251119074874605,0.2468507632415896,1.6320586859232067e-05,0.01715205881756557,0.20512820512820512,0.1623931623931624,1.0,3.6156952629349385e-05,2.4056805332875587e-05,0.015400502461033635
2022-06-29,2020-08-24,3.4315889642672755e-05,3.6012179269732475e-05,0.006475552968568103,2022-06-22,250,23735,74,100.0,3.151268201995012e-05,2.4133365679832285e-05,3.151268201995012e-05,2.4133365679832285e-05,0.005613615770601878,0.004912572206068048,0.12488271252997896,7.379316340117833e-06,0.0177416814761571,0.04054054054054054,0.04054054054054054,1.0,2.912995554063588e-05,1.403637412841712e-05,0.015782025482726916
2022-07-01,2020-08-26,2.2442625370208695e-05,1.3338985618571678e-05,0.006509654768870683,2022-06-27,250,23675,137,100.0,2.314109093626494e-05,1.1879019302348322e-05,2.314109093626494e-05,1.1879019302348322e-05,0.004810518780367139,0.0034465953203630276,0.283529390961034,1.126207163391662e-05,0.017053754565827518,0.36496350364963503,0.32116788321167883,1.0,2.4569064982424398e-05,8.894199278069447e-06,0.015924262425447314
2022-07-06,2020-08-28,4.000629936787267e-05,1.5003929625613153e-05,0.006287086747668835,2022-06-29,250,23664,67,100.0,3.369050923018544e-05,9.874141782948047e-06,3.369050923018544e-05,9.874141782948047e-06,0.005804352610772836,0.003142314717361717,0.45862787323954035,2.3816367447237395e-05,0.018821754240587765,0.1791044776119403,0.08955223880597014,1.0,2.856959830773634e-05,5.714854342949313e-06,0.015727898209236573
2022-07-08,2020-08-31,3.605602001859124e-05,4.390414900477873e-06,0.006081311923471131,2022-07-01,250,23626,64,100.0,3.605602001859124e-05,4.390414900477873e-06,3.605602001859124e-05,4.390414900477873e-06,0.006004666520181719,0.0020953316922334452,0.6510494487593902,3.166560511811336e-05,0.019312311032372815,0.234375,0.1875,1.0,,,
2022-07-11,2020-09-02,3.3200333848711704e-05,7.515458890831078e-06,0.0060527747551686615,2022-07-06,250,23655,125,100.0,3.3265215912219724e-05,7.416000730401951e-06,3.3265215912219724e-05,7.416000730401951e-06,0.00576760053334311,0.0027232335064040964,0.5278394384873233,2.5849215181817774e-05,0.01960652963891832,0.432,0.256,1.0,3.34256187914479e-05,7.170118056007716e-06,0.01545637172923045
2022-07-15,2020-09-04,5.2293036995050214e-05,6.312918343340328e-05,0.005994476998720277,2022-07-08,250,23639,137,100.0,5.098778722077913e-05,8.317051089910491e-05,5.098778722077913e-05,8.317051089910491e-05,0.007140573311771201,0.00911978677925668,-0.277178509493454,-3.2182723678325786e-05,0.023716526617316044,0.014598540145985401,0.043795620437956206,1.0,4.81344505049307e-05,0.00012698178489389448,0.015896451536080016
2022-07-18,2020-09-09,3.8948162872380364e-05,4.3642963874662465e-05,0.005926616501298527,2022-07-11,250,23683,132,100.0,3.97402957116124e-05,5.133111125072617e-05,3.97402957116124e-05,5.133111125072617e-05,0.006303990459352901,0.007164573347431525,-0.1365139896114249,-1.1590815539113769e-05,0.023423514943588058,0.09090909090909091,0.1590909090909091,1.0,4.132456139007646e-05,6.67074060028536e-05,0.015598442084490948
2022-07-20,2020-09-11,0.00014602432399367997,0.0001012776160530796,0.005894039735099337,2022-07-15,250,23763,79,100.0,9.264552153677642e-05,7.133856625419033e-05,9.264552153677642e-05,7.133856625419033e-05,0.009625254362185781,0.008446216090900726,0.12249424554607924,2.1306955282586083e-05,0.024887715507778987,0.0,0.11392405063291139,1.0,5.018511049151224e-05,4.752341300507388e-05,0.015314523160068321
2022-07-22,2020-09-14,5.604929261004078e-05,2.298349019632897e-05,0.0057289990344383665,2022-07-18,250,23806,158,100.0,5.398759580204977e-05,2.6077896895509655e-05,5.398759580204977e-05,2.6077896895509655e-05,0.007347625181107823,0.0051066522199489615,0.30499282501791736,2.7909698906540115e-05,0.024497471600387434,0.2848101265822785,0.24050632911392406,1.0,4.881044603976124e-05,3.384829594011894e-05,0.01506413902053713
2022-07-25,2020-09-18,3.636802104640895e-05,1.6867090797553876e-05,0.005775845285222921,2022-07-20,250,23743,159,100.0,3.826247013797674e-05,1.7120657484397718e-05,3.826247013797674e-05,1.7120657484397718e-05,0.006185666507174206,0.0041377116241224105,0.33108071388532734,2.1141812653579022e-05,0.024595046855380213,0.22641509433962265,0.27044025157232704,1.0,4.306174116994849e-05,1.7763026424402115e-05,0.015205214001872995
2022-07-27,2020-09-21,8.504156023224216e-05,2.8662029469033063e-05,0.0058707124010554095,2022-07-22,250,23725,73,100.0,6.045270806337611e-05,2.261553914246578e-05,6.045270806337611e-05,2.261553914246578e-05,0.007775133957905555,0.004755579790358456,0.388360404321638,3.783716892091033e-05,0.025180298530298243,0.1643835616438356,0.1780821917808219,1.0,4.0166905024061594e-05,1.762718462304777e-05,0.015368589628795826
2022-07-29,2020-09-23,0.00010690132218596164,3.310452401593952e-05,0.005656180489354941,2022-07-25,250,23709,126,100.0,9.040721456278944e-05,2.847802641016856e-05,9.040721456278944e-05,2.847802641016856e-05,0.00950827085030656,0.005336480713932035,0.43875381781325895,6.192918815262088e-05,0.023911820046312884,0.21428571428571427,0.19047619047619047,1.0,5.0732198928672486e-05,1.7349424061151916e-05,0.014794069987933114
2022-08-01,2020-09-25,8.909034757310397e-05,1.825765683905925e-05,0.005476586056242693,2022-07-27,250,23691,93,100.0,8.909034757310397e-05,1.825765683905925e-05,8.909034757310397e-05,1.825765683905925e-05,0.009438768329242115,0.004272897943908706,0.5473034409933655,7.083269073404472e-05,0.023814178099254867,0.15053763440860216,0.11827956989247312,1.0,,,
2022-08-03,2020-09-28,9.571820590894935e-05,2.9238955474925115e-05,0.005562152365477158,2022-07-29,250,23663,32,0.01,9.571820590894935e-05,2.9238955474925115e-05,9.571820590894935e-05,2.9238955474925115e-05,0.009783568158343322,0.005407305750087109,0.44730739720192814,6.647925043402424e-05,0.025277807184268544,0.125,0.03125,1.0,,,
2022-08-05,2020-09-30,5.9521463747782676e-05,1.3417102584865453e-05,0.005367589409565165,2022-08-01,250,23589,107,0.01,5.1393862749931874e-05,1.610942924880658e-05,5.1393862749931874e-05,1.610942924880658e-05,0.007168951300569134,0.00401365534753628,0.4401335454437191,3.528443350112529e-05,0.024692612590371504,0.102803738317757,0.08411214953271028,1.0,3.8310407485098883e-05,2.04434185127118e-05,0.01450473959968129
2022-08-08,2020-10-02,6.880822617316239e-05,1.4696162720556931e-05,0.005442999697611124,2022-08-03,250,23534,143,0.01,5.689582852611913e-05,1.3541176429155314e-05,5.689582852611913e-05,1.3541176429155314e-05,0.007542932355928901,0.003679833750206022,0.5121481173944777,4.3354652096963814e-05,0.02547279597303103,0.27972027972027974,0.25874125874125875,1.0,2.622140458498273e-05,1.056708672879615e-05,0.014529295958594335
2022-08-10,2020-10-05,9.650073994491994e-05,3.553635599198323e-05,0.005457191365510549,2022-08-05,250,23502,75,0.01,6.407245961151265e-05,2.651462619533904e-05,6.407245961151265e-05,2.651462619533904e-05,0.008004527444609872,0.005149235496201261,0.3567096206699025,3.7557833416173604e-05,0.026349775322782012,0.12,0.16,1.0,3.249755507635292e-05,1.77303103407118e-05,0.014604176492038408
2022-08-12,2020-10-07,5.460434748802178e-05,2.0887894547962975e-05,0.005341563297525074,2022-08-08,250,23502,99,0.01,4.631531946410649e-05,1.8506320850150375e-05,4.631531946410649e-05,1.8506320850150375e-05,0.00680553594245938,0.004301897354673909,0.3678826486192516,2.7808998613956113e-05,0.025862659525727368,0.20202020202020202,0.23232323232323232,1.0,3.3009248162558274e-05,1.4683268335240678e-05,0.014303740565251551
2022-08-15,2020-10-09,6.596472528320447e-05,2.5640487763007442e-05,0.005229517722254506,2022-08-10,250,23494,138,0.01,5.683458951650122e-05,2.1569956292956196e-05,5.683458951650122e-05,2.1569956292956196e-05,0.007538871899462228,0.004644346702492848,0.38394672778242267,3.5264633223545024e-05,0.025960101669531638,0.13043478260869565,0.09420289855072464,1.0,3.1911786477662604e-05,1.045850552335682e-05,0.014065623975649732
2022-08-19,2020-10-12,2.0241618861407668e-05,1.3816752942004597e-05,0.005167958656330749,2022-08-12,250,23516,146,0.01,2.0714892414757315e-05,1.6854701735264144e-05,2.0714892414757315e-05,1.6854701735264144e-05,0.004551361600088189,0.004105447811781821,0.09797371149278211,3.860190679493171e-06,0.026739297189621612,0.15753424657534246,0.1095890410958904,1.0,2.1926934441628364e-05,2.4634814498489814e-05,0.014039655051531935
2022-08-22,2020-10-16,1.0515303246163438e-05,5.813586592367373e-06,0.005247201492537311,2022-08-15,250,23541,152,0.01,1.1341069804585638e-05,6.119829230672067e-06,1.1341069804585638e-05,6.119829230672067e-06,0.003367650487296097,0.0024738288604250836,0.265414012007127,5.221240573913571e-06,0.027031339051030435,0.17763157894736842,0.07236842105263158,1.0,1.3653216168167794e-05,6.97730861792521e-06,0.014230890225991378
2022-08-24,2020-10-19,2.3157452901027867e-05,1.0921199034013813e-05,0.005381809483944268,2022-08-19,250,23520,80,100.0,1.928088298787154e-05,9.536023510083959e-06,1.928088298787154e-05,9.536023510083959e-06,0.004391000226357491,0.003088045257130141,0.29673306810740085,9.74485947778758e-06,0.027615167032973363,0.1,0.1375,1.0,1.577351020930153e-05,8.282769464623611e-06,0.014568759548926882
2022-08-26,2020-10-21,1.2761646949934237e-05,4.5260409277767515e-06,0.005293183555843086,2022-08-22,250,23513,141,100.0,1.2957553501671674e-05,5.33309803746933e-06,1.2957553501671674e-05,5.33309803746933e-06,0.003599660192528133,0.0023093501331477068,0.3584532956912826,7.624455464202344e-06,0.02839307450121789,0.425531914893617,0.3191489361702128,1.0,1.3435374359567867e-05,7.301530012329278e-06,0.014320106791256466
2022-08-29,2020-10-23,6.71284117716725e-06,3.4200691117793393e-06,0.005500550055005502,2022-08-24,250,23508,144,100.0,8.305882034968842e-06,3.970490011689862e-06,8.305882034968842e-06,3.970490011689862e-06,0.0028819927194510472,0.0019926088456317416,0.30860031943061694,4.33539202327898e-06,0.0284902703996275,0.2847222222222222,0.125,1.0,1.2447788265252979e-05,5.401584351457221e-06,0.014821810466063016
2022-08-31,2020-10-26,1.1039770065823876e-05,6.520699556418379e-06,0.005663583160279403,2022-08-26,250,23480,76,100.0,1.0809955854978789e-05,5.1904813141932915e-06,1.0809955854978789e-05,5.1904813141932915e-06,0.003287849731204087,0.00227826278427079,0.3070660247491186,5.619474540785497e-06,0.02926749768056809,0.11842105263157894,0.02631578947368421,1.0,1.060312306521821e-05,3.993284896190711e-06,0.015086080208934986
2022-09-02,2020-10-28,6.537961127174082e-06,3.896508890586665e-06,0.0056976449734109915,2022-08-29,250,23448,155,0.01,7.1985575919068165e-06,3.925292023897766e-06,7.1985575919068165e-06,3.925292023897766e-06,0.0026830127826581104,0.0019812349744282643,0.26156334877189136,3.2732655680090507e-06,0.029267497680568088,0.1935483870967742,0.07096774193548387,1.0,8.919180941908358e-06,4.000262045545283e-06,0.015154200090812777
2022-09-07,2020-10-30,9.989189909155271e-06,4.727197518036492e-06,0.005824111822947001,2022-08-31,250,23442,75,0.01,1.060834702820262e-05,6.752885076119557e-06,1.060834702820262e-05,6.752885076119557e-06,0.0032570457516287086,0.0025986313851948215,0.2021507883653898,3.855461952083062e-06,0.029947076367952116,0.08,0.09333333333333334,1.0,1.121121053885399e-05,8.725265066884647e-06,0.015373702528406185
2022-09-09,2020-11-02,3.104291751813077e-06,2.017827360764457e-06,0.005826751262462773,2022-09-02,250,23498,81,100.0,3.104291751813077e-06,2.017827360764457e-06,3.104291751813077e-06,2.017827360764457e-06,0.00176190004024436,0.0014205025029067908,0.19376668910809514,1.08646439104862e-06,0.030141156911986846,0.2839506172839506,0.12345679012345678,1.0,,,
2022-09-12,2020-11-04,9.84860513398673e-06,2.2741729763095647e-06,0.005719006163817753,2022-09-07,250,23424,151,100.0,9.540386357432314e-06,3.03977503775984e-06,9.540386357432314e-06,3.03977503775984e-06,0.0030887515855815137,0.0017434950638759606,0.43553406107027026,6.500611319672474e-06,0.03033519979607295,0.271523178807947,0.17218543046357615,1.0,8.59073931615654e-06,5.398657064930956e-06,0.014774786030496798
2022-09-16,2020-11-06,3.48583385922868e-05,2.474874613685377e-05,0.005906674542232722,2022-09-09,250,23425,159,100.0,3.098920563694935e-05,1.887132376752979e-05,3.098920563694935e-05,1.887132376752979e-05,0.005566794916013105,0.004344113691828264,0.21963827348260123,1.2117881869419556e-05,0.03169244673248972,0.11320754716981132,0.012578616352201259,1.0,2.0876699049135548e-05,3.509878938614859e-06,0.015398923408182092
2022-09-19,2020-11-09,2.0591968412620978e-05,1.016386012666124e-05,0.0059721300597213025,2022-09-12,250,23462,114,1.0,2.0591968412620978e-05,1.016386012666124e-05,2.0591968412620978e-05,1.016386012666124e-05,0.004537837415842592,0.003188080947319443,0.2974448718261371,1.0428108285959739e-05,0.03149866705937099,0.2982456140350877,0.17543859649122806,1.0,,,
2022-09-21,2020-11-11,7.28086788598468e-05,4.146482347848212e-05,0.005736137667304016,2022-09-16,250,23513,85,0.01,4.862392934958019e-05,2.199186315546795e-05,4.862392934958019e-05,2.199186315546795e-05,0.006973086070713611,0.004689548289064518,0.32747878894536586,2.6632066194112236e-05,0.0329511001396859,0.1411764705882353,0.03529411764705882,1.0,2.9070302085960374e-05,6.247767575158625e-06,0.016078807050430882
2022-09-23,2020-11-13,4.355689302112297e-05,2.71907249484941e-05,0.00589236611234778,2022-09-19,250,23582,169,0.01,4.413221765520634e-05,2.300501993467635e-05,4.413221765520634e-05,2.300501993467635e-05,0.006643208385652699,0.004796354859127538,0.27800626132905903,2.112719772052999e-05,0.03237038003045072,0.13609467455621302,0.08284023668639054,1.0,4.5625613513890804e-05,1.2139998409447309e-05,0.016502883330661102
2022-09-26,2020-11-16,5.852050457711438e-05,4.1632302714297975e-05,0.005982849165724919,2022-09-21,250,23559,164,0.01,5.754490015187615e-05,3.688495225656333e-05,5.754490015187615e-05,3.688495225656333e-05,0.007585835494648968,0.006073298301299166,0.19938966438393535,2.065994789531282e-05,0.03188618886232175,0.0975609756097561,0.036585365853658534,1.0,5.5255216296725185e-05,2.5743211386369794e-05,0.016784098382932464
2022-09-28,2020-11-18,9.263183251561957e-05,6.092676269334182e-05,0.005930416447021612,2022-09-23,250,23630,83,0.01,6.64225989837496e-05,3.731459999572927e-05,6.64225989837496e-05,3.731459999572927e-05,0.008150006072620413,0.006108567753224096,0.25048304273716304,2.910799898802033e-05,0.0329511001396859,0.060240963855421686,0.024096385542168676,1.0,4.634744138487046e-05,1.9228688142238805e-05,0.016995181352853755
2022-09-30,2020-11-20,0.0001038515808073334,9.972730256023234e-05,0.006316676024705221,2022-09-26,250,23712,141,0.01,9.441885123793199e-05,8.250294499112735e-05,9.441885123793199e-05,8.250294499112735e-05,0.00971693630924542,0.00908311317727173,0.06522870087875565,1.1915906246804647e-05,0.03304785404620036,0.09219858156028368,0.03546099290780142,1.0,7.06012090751935e-05,3.901144212913719e-05,0.017022820364398134
2022-10-03,2020-11-23,5.4362213331411935e-05,5.3646562657562775e-05,0.006512301013024602,2022-09-28,250,23650,136,0.01,5.099973458112498e-05,4.555180316718652e-05,5.099973458112498e-05,4.555180316718652e-05,0.007141409845480441,0.006749207595502343,0.054919442864115986,5.4479314139384595e-06,0.03275756423817219,0.14705882352941177,0.13970588235294118,1.0,4.232807885670073e-05,2.4675844481479323e-05,0.017290187020549862
2022-10-05,2020-11-25,5.532724747361839e-05,5.65031762367629e-05,0.006160164271047229,2022-09-30,250,23646,78,100.0,3.5018606625003196e-05,3.146745649111448e-05,3.5018606625003196e-05,3.146745649111448e-05,0.005917652120985416,0.005609586124761298,0.05205882162819975,3.551150133888713e-06,0.033918218203460665,0.21794871794871795,0.15384615384615385,1.0,1.9325565969255076e-05,1.2121673051295254e-05,0.016339151255390635
2022-10-07,2020-11-27,4.86880683387576e-05,5.3718854387930396e-05,0.0061885443168534695,2022-10-03,250,23702,74,100.0,4.86880683387576e-05,5.3718854387930396e-05,4.86880683387576e-05,5.3718854387930396e-05,0.006977683594055953,0.007329314728399265,-0.050393677157109185,-5.030786049172798e-06,0.03401487858727765,0.16216216216216217,0.02702702702702703,1.0,,,
2022-10-10,2020-11-30,6.0779760532600894e-05,7.796423508860867e-05,0.00642444143050896,2022-10-05,250,23639,168,100.0,5.2517216504076716e-05,6.303246989880345e-05,5.2517216504076716e-05,6.303246989880345e-05,0.007246876327361791,0.007939299081077841,-0.09554775360270651,-1.0515253394726734e-05,0.03391821820346067,0.13690476190476192,0.08928571428571429,1.0,3.124556060085492e-05,2.4591116963347437e-05,0.017022820364398138
2022-10-14,2020-12-02,6.081227520870691e-05,6.771076468380137e-05,0.0062941464438072536,2022-10-07,250,23646,86,100.0,6.081227520870691e-05,6.771076468380137e-05,6.081227520870691e-05,6.771076468380137e-05,0.007798222567271783,0.008228655095688564,-0.05519623538615792,-6.898489475094463e-06,0.03719944098910627,0.23255813953488372,0.19767441860465115,1.0,,,
2022-10-17,2020-12-04,4.9346780790228084e-05,5.258328203168707e-05,0.0065038300332417994,2022-10-10,250,23726,79,100.0,4.9346780790228084e-05,5.258328203168707e-05,4.9346780790228084e-05,5.258328203168707e-05,0.0070247263854351,0.007251433101924548,-0.032272675695881325,-3.2365012414589843e-06,0.037392119217062654,0.189873417721519,0.16455696202531644,1.0,,,
2022-10-19,2020-12-07,4.1880958593379525e-05,6.692569662369119e-05,0.0062608695652173925,2022-10-14,250,23746,84,100.0,3.295230113602171e-05,3.961767603738315e-05,3.295230113602171e-05,3.961767603738315e-05,0.005740409492015505,0.006294257385695563,-0.09648229702957956,-6.665374901361438e-06,0.03960525459235943,0.10714285714285714,0.10714285714285714,1.0,2.6880814065018412e-05,2.104822203869368e-05,0.01664028507531054
2022-10-24,2020-12-09,3.3133405126518774e-05,3.8605292886160346e-05,0.0061112242819311435,2022-10-17,250,23702,158,100.0,2.8792718356351415e-05,3.293957370199974e-05,2.8792718356351415e-05,3.293957370199974e-05,0.0053658846760204805,0.005739300802536817,-0.0695907849427122,-4.146855345648328e-06,0.04008572353928564,0.0759493670886076,0.05063291139240506,1.0,1.854130917574341e-05,1.9558832650045966e-05,0.016499796948889898
2022-10-26,2020-12-11,3.0987964879703174e-05,3.503351208214761e-05,0.005907837731390311,2022-10-19,250,23730,84,0.01,1.9915526140696794e-05,1.9117150404148876e-05,1.9915526140696794e-05,1.9117150404148876e-05,0.004462681496667311,0.0043723163659722605,0.020249065671062216,7.983757365479184e-07,0.04056596174666166,0.11904761904761904,0.10714285714285714,1.0,1.2006641327120812e-05,7.748320634149778e-06,0.016044136443936402
2022-10-28,2020-12-18,5.533660628065079e-06,4.632853732732226e-06,0.006215469613259668,2022-10-24,250,23817,155,0.01,6.358956351455958e-06,4.480711291399088e-06,6.358956351455958e-06,4.480711291399088e-06,0.0025216971173112677,0.002116769068982039,0.16057759099989732,1.8782450600568703e-06,0.04046993255371322,0.11612903225806452,0.12258064516129032,1.0,8.255380566907347e-06,4.131107383654854e-06,0.016252721195852412
2022-10-31,2020-12-21,9.144403473984396e-06,5.230132434678663e-06,0.00577886220624117,2022-10-26,250,23772,109,0.01,9.144403473984396e-06,5.230132434678663e-06,9.144403473984396e-06,5.230132434678663e-06,0.003023971473738533,0.002286948279843395,0.24372690030172706,3.914271039305733e-06,0.040949986328954094,0.44954128440366975,0.41284403669724773,1.0,,,
2022-11-02,2020-12-23,1.1215782558530889e-05,1.149075927983041e-05,0.005974112180550946,2022-10-28,250,23789,79,0.01,1.0197020444548868e-05,9.23880109885656e-06,1.0197020444548868e-05,9.23880109885656e-06,0.003193277382963915,0.0030395396195569747,0.04814419324394703,9.582193456923086e-07,0.041429809763139556,0.0759493670886076,0.0759493670886076,1.0,9.50339517545472e-06,7.705552975640324e-06,0.016060826484968278
2022-11-04,2020-12-28,9.201556856144743e-06,6.803314264325138e-06,0.006480414746543778,2022-10-31,250,23834,110,100.0,8.084665500428722e-06,6.673316713510497e-06,8.084665500428722e-06,6.673316713510497e-06,0.002843354620941384,0.0025832763525241538,0.09146881169930288,1.4113487869182253e-06,0.04162167469081948,0.4,0.44545454545454544,1.0,6.587555810851926e-06,6.499064677312147e-06,0.01664566723268914
2022-11-07,2020-12-30,7.549801863084177e-06,9.566292208605994e-06,0.006576094811388931,2022-11-02,250,23773,159,100.0,7.105216968852787e-06,8.18499792287666e-06,7.105216968852787e-06,8.18499792287666e-06,0.002665561285893233,0.002860943537170327,-0.07329872785559344,-1.079780954023874e-06,0.04123790801624473,0.23270440251572327,0.13836477987421383,1.0,6.013084511284371e-06,4.791818481845916e-06,0.01640948319383552
2022-11-09,2021-01-04,1.2409290956483505e-05,3.1351964377925544e-05,0.006523297491039427,2022-11-04,250,23823,88,100.0,9.383890868323143e-06,1.6986052330370722e-05,9.383890868323143e-06,1.6986052330370722e-05,0.003063313707135321,0.0041214138751611345,-0.3454103200600056,-7.602161462047579e-06,0.04190940307720963,0.14772727272727273,0.14772727272727273,1.0,6.621569048698468e-06,3.869350026081539e-06,0.01616677748691099
2022-11-11,2021-01-06,5.175979057502061e-05,9.445902511805634e-06,0.006195955606999386,2022-11-07,250,23876,105,100.0,4.250616139661933e-05,1.0548794479216484e-05,4.250616139661933e-05,1.0548794479216484e-05,0.006519674945625689,0.0032478907739048866,0.5018324071380236,3.1957366917402846e-05,0.041909403077209625,0.10476190476190476,0.14285714285714285,1.0,2.806147194740758e-05,1.227038194054074e-05,0.015646986242367426
2022-11-14,2021-01-08,5.762690641553375e-05,8.944534453481647e-06,0.006078824315297262,2022-11-09,250,23903,167,100.0,4.8684282530076615e-05,8.182271753611878e-06,4.8684282530076615e-05,8.182271753611878e-06,0.006977412309020918,0.0028604670516564033,0.5900389822229397,4.0502010776464735e-05,0.04190940307720964,0.23353293413173654,0.18562874251497005,1.0,2.36855839411851e-05,6.051401024430485e-06,0.015496998820606756
2022-11-18,2021-01-11,7.999903788456608e-05,1.6988174881764378e-05,0.006037685774946922,2022-11-11,250,23934,147,0.01,6.9206057198674e-05,2.126968546041784e-05,6.9206057198674e-05,2.126968546041784e-05,0.00831901780252176,0.004611906922349782,0.4456188180109717,4.7936371738256154e-05,0.042292912190251455,0.1292517006802721,0.16326530612244897,1.0,4.310210391186521e-05,3.1624966859951795e-05,0.015664846286525976
2022-11-21,2021-01-15,6.366452723185781e-05,1.0586371571672993e-05,0.006014938198162469,2022-11-14,250,23940,186,0.01,4.932967563129502e-05,1.2766162632664501e-05,4.932967563129502e-05,1.2766162632664501e-05,0.0070235087834568145,0.0035729767187409017,0.4912832276715169,3.6563512998630516e-05,0.0424846116061553,0.13978494623655913,0.11827956989247312,1.0,2.9481419568977273e-05,1.5784334870960432e-05,0.015594043380551974
2022-11-23,2021-01-20,0.00015131599847345388,2.651979446317459e-05,0.00605939539219603,2022-11-18,250,23917,75,100.0,9.48720383913315e-05,2.8697101672623093e-05,9.48720383913315e-05,2.8697101672623093e-05,0.009740227840832652,0.0053569675818155825,0.4500161937323186,6.617493671870841e-05,0.043059489460446965,0.08,0.12,1.0,4.806485198176658e-05,3.050267350484867e-05,0.01544313328332083
2022-11-25,2021-01-22,7.093151336928941e-05,1.161524938516216e-05,0.006023697623618192,2022-11-21,250,24021,186,100.0,5.536495629695199e-05,1.5096967756591973e-05,5.536495629695199e-05,1.5096967756591973e-05,0.007440763152859523,0.0038854816633966983,0.4778114040757381,4.026798854036002e-05,0.04305948946044697,0.3064516129032258,0.3010752688172043,1.0,3.428113849011523e-05,1.981271289257919e-05,0.015346426618955323
2022-11-28,2021-01-25,4.1651229910998956e-05,4.450322582456517e-06,0.006144082101141043,2022-11-23,250,23934,188,100.0,3.333831177625401e-05,6.2639013481696875e-06,3.333831177625401e-05,6.2639013481696875e-06,0.005773933821603259,0.002502778725371,0.56653837700619,2.7074410428084323e-05,0.0431552703139276,0.2553191489361702,0.13829787234042554,1.0,2.1354754465128165e-05,8.878281127314648e-06,0.015349859568016311
2022-11-30,2021-01-27,0.00012405388282679325,1.6406401073074138e-05,0.006446128780902459,2022-11-25,250,23955,70,100.0,8.021188993878595e-05,1.891449911942381e-05,8.021188993878595e-05,1.891449911942381e-05,0.008956109084797145,0.004349080261322365,0.5144007045755103,6.129739081936214e-05,0.04286790022717579,0.11428571428571428,0.1,1.0,4.1109571957590246e-05,2.115145143103297e-05,0.01562560787389621
2022-12-02,2021-01-29,9.561695404702907e-05,1.4584281056027038e-05,0.006135796642168429,2022-11-28,250,24069,181,100.0,7.998908939299929e-05,2.004393765798872e-05,7.998908939299929e-05,2.004393765798872e-05,0.008943661967728838,0.004477045639480206,0.49941694401749503,5.994515173501057e-05,0.042388766491786634,0.1270718232044199,0.13812154696132597,1.0,5.462212067921185e-05,2.890598895392652e-05,0.015159578280720707
2022-12-05,2021-02-01,6.636685984874758e-05,6.293784216265908e-06,0.006156552330694811,2022-11-30,250,24042,199,100.0,4.8642496067291885e-05,9.294445912389339e-06,4.8642496067291885e-05,9.294445912389339e-06,0.006974417256466083,0.003048679371857483,0.5628768311745317,3.9348050154902546e-05,0.042484611606155284,0.23618090452261306,0.18592964824120603,1.0,2.7606987403586208e-05,1.2855670782513847e-05,0.015177088299623998
2022-12-07,2021-02-03,5.58144379542197e-05,1.1493462673894482e-05,0.00636764397173046,2022-12-02,250,24053,72,0.01,4.222499869855757e-05,1.2876718998978633e-05,4.222499869855757e-05,1.2876718998978633e-05,0.006498076538373303,0.0035884145522749504,0.447772809217594,2.934827969957894e-05,0.04277209184386899,0.1388888888888889,0.09722222222222222,1.0,3.0726242405305e-05,1.404716665866522e-05,0.015681154305157048
2022-12-09,2021-02-05,2.1648555801957857e-05,2.3529717414705006e-06,0.006379249912372943,2022-12-05,250,24174,116,0.01,2.0321548184563566e-05,4.8965829919899415e-06,2.0321548184563566e-05,4.8965829919899415e-06,0.0045079427885193445,0.002212822404078091,0.5091281083438721,1.5424965192573625e-05,0.04190940307720961,0.3275862068965517,0.1896551724137931,1.0,1.7250473412879627e-05,1.078322617176351e-05,0.015585778820916614
2022-12-12,2021-02-08,2.9993928467189195e-05,1.1461496120726699e-05,0.006401238041643217,2022-12-07,250,24136,172,0.01,2.4297796105754295e-05,1.2825836381779168e-05,2.4297796105754295e-05,1.2825836381779168e-05,0.004929279471256858,0.003581317687915883,0.2734602067505161,1.1471959723975127e-05,0.04219704869978835,0.25,0.18604651162790697,1.0,1.78984375268583e-05,1.435861371209737e-05,0.01570308431651749
2022-12-16,2021-02-10,2.7077626341877393e-05,1.560891904847321e-05,0.006666666666666669,2022-12-09,250,24104,185,100.0,2.307498659599133e-05,1.1047015979026285e-05,2.307498659599133e-05,1.1047015979026285e-05,0.004803643054598388,0.0033237051582573154,0.30808656669949097,1.2027970616965047e-05,0.04248461160615529,0.2756756756756757,0.15675675675675677,1.0,1.8262288806294993e-05,5.5618706217151034e-06,0.015850188640505095
2022-12-19,2021-02-12,2.3037274915873994e-05,1.2653778282234995e-05,0.006765296260501079,2022-12-12,250,24241,227,100.0,1.758156291276623e-05,8.432873370257362e-06,1.758156291276623e-05,8.432873370257362e-06,0.0041930374327885786,0.0029039410066765067,0.30743737607292443,9.14868954250887e-06,0.04219704869978835,0.20704845814977973,0.14977973568281938,1.0,1.2886073074025951e-05,4.800127339456938e-06,0.01649144989172124
2022-12-21,2021-02-17,5.1544301145606085e-05,1.7666061856408386e-05,0.006878306878306876,2022-12-16,250,24303,76,0.01,3.849457964204111e-05,1.403750769050195e-05,3.849457964204111e-05,1.403750769050195e-05,0.00620440002272912,0.003746666210179651,0.3961275552101474,2.445707195153916e-05,0.04258044753511838,0.14473684210526316,0.10526315789473684,1.0,2.9983891704933516e-05,1.1671059321432534e-05,0.01660975981499973
2022-12-23,2021-02-19,3.038868307099202e-05,1.0777992477263464e-05,0.006881948120698783,2022-12-19,250,24453,192,0.01,2.508199053489872e-05,9.120512993971127e-06,2.508199053489872e-05,9.120512993971127e-06,0.005008192342043057,0.003020018707553171,0.39698428069534253,1.596147754092759e-05,0.04258044753511838,0.16145833333333334,0.15104166666666666,1.0,1.867736161202749e-05,7.120106721032101e-06,0.01660190691321706
2022-12-28,2021-02-22,1.650782397750872e-05,6.835922662417598e-05,0.0069983849880796735,2022-12-21,250,24367,77,0.01,1.570630181081864e-05,2.954635664262684e-05,1.570630181081864e-05,2.954635664262684e-05,0.003963117688237209,0.00543565604528348,-0.3715605926659358,-1.3840054831808198e-05,0.0436340370200613,0.09090909090909091,0.09090909090909091,1.0,1.519469191718667e-05,4.77218431397846e-06,0.01657230728893551
2022-12-30,2021-02-24,1.0085444614460863e-05,1.7912671369950912e-05,0.007021063189568704,2022-12-23,250,24410,190,0.01,9.992019045624355e-06,1.1599864691456256e-05,9.992019045624355e-06,1.1599864691456256e-05,0.0031610155086023153,0.003405857409149164,-0.0774567223351299,-1.607845645831902e-06,0.043538302014483436,0.22631578947368422,0.15789473684210525,1.0,9.876610990002787e-06,3.801691735668743e-06,0.01648413832672647
2023-01-04,2021-02-26,1.4487530825743586e-05,3.7584026491139216e-05,0.007275925481730231,2022-12-28,250,24408,75,0.01,1.1936090272147813e-05,1.753645289968609e-05,1.1936090272147813e-05,1.753645289968609e-05,0.0034548647255931474,0.004187654820981081,-0.21210384590734566,-5.6003626275382766e-06,0.04430392555652441,0.14666666666666667,0.02666666666666667,1.0,1.0235129903083967e-05,4.171403838717345e-06,0.016597547397720704
2023-01-06,2021-03-01,1.5046594356607674e-05,1.4751209185308032e-05,0.007278835386338185,2022-12-30,250,24486,111,0.01,1.1617001258296102e-05,1.0599742573811106e-05,1.1617001258296102e-05,1.0599742573811106e-05,0.0034083722300089383,0.0032557245850672175,0.04478608398394346,1.0172586844849967e-06,0.04554681495597038,0.22522522522522523,0.16216216216216217,1.0,5.982669739641379e-06,3.779475997780442e-06,0.01666054615425168
2023-01-09,2021-03-03,1.9825678216311197e-05,1.1531118196071322e-05,0.007020521524456104,2023-01-04,250,24451,231,100.0,1.317959486694109e-05,7.678326324480323e-06,1.317959486694109e-05,7.678326324480323e-06,0.003630371174816852,0.0027709793078405194,0.23672286540223753,5.501268542460767e-06,0.045642357878701065,0.19480519480519481,0.12987012987012986,1.0,6.590805339548316e-06,3.858748175920284e-06,0.016287049062049058
2023-01-13,2021-03-05,3.117094414233161e-05,8.503784048216564e-06,0.0068210778802188735,2023-01-06,250,24519,110,100.0,2.431519612404882e-05,9.910874024645094e-06,2.431519612404882e-05,9.910874024645094e-06,0.004931044121081135,0.0031481540662180265,0.36156440929841205,1.4404322099403725e-05,0.04554681495597038,0.23636363636363636,0.14545454545454545,1.0,1.1325357773618263e-05,1.2576939243141255e-05,0.01592270757758969
2023-01-23,2021-03-08,3.410751299175224e-05,8.826486081856205e-06,0.006600420686153624,2023-01-09,250,24672,218,100.0,2.183708931063726e-05,8.374595838567469e-06,2.183708931063726e-05,8.374595838567469e-06,0.004673017152829343,0.002893889396395009,0.3807235664344044,1.346249347206979e-05,0.046119935613553105,0.24311926605504589,0.2018348623853211,1.0,9.339435561353476e-06,7.914337257440053e-06,0.015966146306961707
2023-01-25,2021-03-10,7.17871277366267e-05,1.8719803073458737e-05,0.00638462078158984,2023-01-13,250,24643,79,100.0,4.111294221497808e-05,1.5282569825484416e-05,4.111294221497808e-05,1.5282569825484416e-05,0.006411937477469511,0.0039092927525940565,0.3903102195973268,2.5830372389493663e-05,0.046119935613553126,0.24050632911392406,0.13924050632911392,1.0,1.793689093195467e-05,1.268554914923715e-05,0.01579379810094952
2023-01-27,2021-03-12,2.2073954289106172e-05,8.976550859105333e-06,0.0063212003334259526,2023-01-23,250,24786,180,100.0,1.778575382102699e-05,1.0552842704513625e-05,1.778575382102699e-05,1.0552842704513625e-05,0.004217315949869892,0.003248513922474956,0.22972004917602262,7.2329111165133646e-06,0.04602443831127934,0.3388888888888889,0.2611111111111111,1.0,1.2544619915596877e-05,1.2479421626679313e-05,0.015616252007411981
2023-01-30,2021-03-15,1.0586071406929044e-05,1.2312185106499959e-05,0.006235866511341053,2023-01-25,250,24787,162,100.0,9.003872783449733e-06,1.0140991662523915e-05,9.003872783449733e-06,1.0140991662523915e-05,0.0030006453944859484,0.003184492371245991,-0.0612691446639726,-1.1371188790741815e-06,0.04621542379696298,0.25925925925925924,0.2777777777777778,1.0,6.089296371777318e-06,6.141424792041726e-06,0.015580452573456912
2023-02-01,2021-03-22,2.6759320721018342e-05,8.729274524432806e-06,0.0063067433640584935,2023-01-27,250,24835,76,100.0,2.2815194543477757e-05,1.3656748254303178e-05,2.2815194543477757e-05,1.3656748254303178e-05,0.004776525363009994,0.0036955037889715627,0.2263196553733382,9.15844628917458e-06,0.045928931888399804,0.27631578947368424,0.17105263157894737,1.0,1.9946739141630065e-05,1.724036551239072e-05,0.015549788427474905
2023-02-03,2021-03-24,1.3367010090092923e-05,4.031710543760187e-06,0.00603368253547275,2023-01-30,250,24876,149,100.0,1.340647879381718e-05,9.60345665809686e-06,1.340647879381718e-05,9.60345665809686e-06,0.0036614858724044234,0.0030989444425637675,0.153637471082538,3.8030221357203204e-06,0.045546814955970405,0.18791946308724833,0.1476510067114094,1.0,1.3438727612713825e-05,1.4155980922249988e-05,0.015165502183406118
2023-02-06,2021-03-26,2.287410126541594e-05,5.4082378073285825e-06,0.004466019417475728,2023-02-01,250,24894,214,100.0,1.5221148681083731e-05,6.421111183665859e-06,1.5221148681083731e-05,6.421111183665859e-06,0.0039014290562669127,0.002533991156982569,0.3504966717484742,8.800037497417872e-06,0.04592893188839981,0.2383177570093458,0.17289719626168223,1.0,7.985629874078736e-06,7.378736921293832e-06,0.01532842973202376
2023-02-08,2021-03-29,2.853643422089064e-05,7.982318532564953e-06,0.0044616876818622695,2023-02-03,250,24954,84,100.0,2.0063160299133536e-05,8.687454550875377e-06,2.0063160299133536e-05,8.687454550875377e-06,0.004479191924793303,0.0029474488207389417,0.3419686250941447,1.1375705748258159e-05,0.046024438311279336,0.32142857142857145,0.19047619047619047,1.0,1.2360184006627078e-05,9.328487294793947e-06,0.015223579565981842
2023-02-10,2021-03-31,3.0982048150868065e-06,1.891917514568162e-06,0.00457347385166037,2023-02-06,250,25097,153,100.0,5.9088152760429725e-06,3.3836759453148982e-06,5.9088152760429725e-06,3.3836759453148982e-06,0.002430805478857363,0.0018394770847485157,0.24326438263040695,2.5251393307280743e-06,0.04659728537678218,0.3333333333333333,0.26143790849673204,1.0,8.473497321665474e-06,4.7449055133712944e-06,0.015526488000196518
2023-02-13,2021-04-05,6.6145244306822425e-06,3.5800279055080863e-06,0.006092311767432622,2023-02-08,250,25124,215,100.0,5.858166723103475e-06,3.481589264018988e-06,5.858166723103475e-06,3.481589264018988e-06,0.0024203649979090912,0.0018659017294646006,0.22908250157454813,2.376577459084487e-06,0.04678816149875892,0.37209302325581395,0.21395348837209302,1.0,5.065791981830482e-06,3.378463068173265e-06,0.01549033918243309
2023-02-17,2021-04-07,1.324997392580665e-05,7.615145811832413e-06,0.005985296987834233,2023-02-10,250,25163,173,100.0,1.1968828934570146e-05,8.29425124818757e-06,1.1968828934570146e-05,8.29425124818757e-06,0.0034595995338434975,0.002879974174916777,0.16754117153056058,3.674577686382577e-06,0.047265192467114234,0.10404624277456648,0.10982658959537572,1.0,1.0479497882257705e-05,9.083711317950442e-06,0.015481233467228375
2023-02-22,2021-04-09,1.578267602734929e-05,9.219313176944312e-06,0.0061961206896551735,2023-02-13,250,25325,73,100.0,1.5549766338707925e-05,8.344635685570709e-06,1.5549766338707925e-05,8.344635685570709e-06,0.003943319203248441,0.0028887083074569347,0.2674424365450141,7.205130653137216e-06,0.04745594115629536,0.1780821917808219,0.1506849315068493,1.0,1.5357615845578803e-05,7.6230267551874826e-06,0.01583772582625473
2023-02-24,2021-04-12,8.959372309264295e-06,4.658831722343183e-06,0.006157965194109775,2023-02-17,250,25445,188,100.0,9.718631966682621e-06,5.3622562424323025e-06,9.718631966682621e-06,5.3622562424323025e-06,0.003117472047458104,0.0023156546034398787,0.25720116549946415,4.3563757242503185e-06,0.04726519246711424,0.3191489361702128,0.24468085106382978,1.0,1.0766218076285123e-05,6.332803997998308e-06,0.015775665152498366
2023-02-27,2021-04-16,7.135349324662281e-06,3.4212649410053756e-06,0.006270874514348033,2023-02-22,250,25398,215,100.0,6.536570783120328e-06,3.901571295128166e-06,6.536570783120328e-06,3.901571295128166e-06,0.0025566718176411158,0.0019752395538587633,0.22741763716815422,2.6349994879921616e-06,0.04745594115629536,0.2930232558139535,0.2186046511627907,1.0,5.975553050504445e-06,4.351588059351322e-06,0.015946006357535698
2023-03-01,2021-04-19,9.82586584156767e-06,4.19022423519469e-06,0.006241096262126044,2023-02-24,250,25452,70,100.0,1.301825268115232e-05,7.187352354099269e-06,1.301825268115232e-05,7.187352354099269e-06,0.00360808157906003,0.002680923787447019,0.25696697020208514,5.830900327053051e-06,0.04764665346735302,0.18571428571428572,0.14285714285714285,1.0,1.570657844080255e-05,9.711249717387336e-06,0.015950835310149892
2023-03-03,2021-04-21,1.1616770533041664e-05,1.0147825906598076e-05,0.006305256665067508,2023-02-27,250,25530,146,100.0,1.0953177969833533e-05,1.087669307999365e-05,1.0953177969833533e-05,1.087669307999365e-05,0.0033095585762807603,0.0032979831837038906,0.0034975638926076913,7.648488983988288e-08,0.047932653755302805,0.19863013698630136,0.273972602739726,1.0,1.014882334776307e-05,1.1760168441685256e-05,0.01588868555340489
2023-03-06,2021-04-23,6.894453049535799e-06,4.091612874940994e-06,0.00609150499900682,2023-03-01,250,25533,160,100.0,8.231553811743013e-06,6.981600047728749e-06,8.231553811743013e-06,6.981600047728749e-06,0.002869068457137789,0.0026422717588712842,0.07904889745738564,1.2499537640142635e-06,0.047932653755302805,0.19375,0.21875,1.0,9.950683363152286e-06,1.0697297841313003e-05,0.015637888121922853
2023-03-08,2021-04-26,1.3438159070014545e-05,6.805494742748114e-06,0.006068601583113457,2023-03-03,250,25535,69,100.0,1.409505973038271e-05,1.0412285324953205e-05,1.409505973038271e-05,1.0412285324953205e-05,0.0037543387873742442,0.003226807295912355,0.1405124900384498,3.682774405429505e-06,0.049171044006449394,0.2028985507246377,0.18840579710144928,1.0,1.4697218669053529e-05,1.3718510025307872e-05,0.015870334195395085
2023-03-10,2021-04-28,7.62764947055208e-06,6.0285540715713035e-06,0.0061093034066007045,2023-03-06,250,25556,94,0.01,1.2459314247584098e-05,7.951487289122278e-06,1.2459314247584098e-05,7.951487289122278e-06,0.0035297753820298676,0.002819838167186599,0.20112815632903103,4.507826958461819e-06,0.04926624130291808,0.44680851063829785,0.425531914893617,1.0,2.2766865771919073e-05,1.2053744819897701e-05,0.01614229747675962
2023-03-13,2021-04-30,1.4599850308158481e-05,8.2476839749267e-06,0.006195286195286197,2023-03-08,250,25563,169,100.0,1.9595351421848423e-05,8.61802807398791e-06,1.9595351421848423e-05,8.61802807398791e-06,0.004426663689715814,0.0029356478116402025,0.3368261025881848,1.0977323347860513e-05,0.04888539772981063,0.2603550295857988,0.2485207100591716,1.0,2.5022562508326382e-05,9.020377218647006e-06,0.016378632323598766
2023-03-17,2021-05-03,1.8870099394099807e-05,8.921896924716146e-06,0.005903111966634585,2023-03-10,250,25572,196,100.0,2.7943483965233747e-05,1.1205408488214032e-05,2.7943483965233747e-05,1.1205408488214032e-05,0.0052861596613452515,0.003347448056089001,0.36675237402172534,1.6738075477019716e-05,0.04631090286325024,0.25,0.18877551020408162,1.0,4.02964051283438e-05,1.4314285677072598e-05,0.01595687561535937
2023-03-20,2021-05-05,1.5929848655445264e-05,6.989476125765819e-06,0.005935483870967743,2023-03-13,250,25630,189,100.0,2.0956451274547103e-05,7.75596396427745e-06,2.0956451274547103e-05,7.75596396427745e-06,0.004577821673519744,0.002784953135023541,0.3916422845535882,1.3200487310269652e-05,0.04420825466432036,0.21164021164021163,0.20105820105820105,1.0,2.6976684643936508e-05,8.673966840634405e-06,0.016566765814508066
2023-03-22,2021-05-07,3.929717510200832e-05,1.1014973356792954e-05,0.005775991963837268,2023-03-17,250,25761,82,0.01,3.4797598387082945e-05,1.007182707260643e-05,3.4797598387082945e-05,1.007182707260643e-05,0.005898948922230378,0.0031736141971900793,0.46200344518491887,2.4725771314476513e-05,0.0466927279919823,0.18292682926829268,0.15853658536585366,1.0,3.127619052322831e-05,9.33371258933002e-06,0.01619631746509238
2023-03-24,2021-05-10,1.3493706918490679e-05,3.991456412652288e-06,0.00578871201157742,2023-03-20,250,25853,196,0.01,1.49398101452295e-05,4.6600964725535246e-06,1.49398101452295e-05,4.6600964725535246e-06,0.0038652050586261916,0.0021587256594003614,0.4414977661838111,1.0279713672675977e-05,0.04621542379696298,0.2755102040816326,0.14795918367346939,1.0,1.678947706315125e-05,5.515333758473713e-06,0.01643277208332274
2023-03-27,2021-05-17,1.3450981385402766e-05,3.88712554104594e-06,0.005741029641185646,2023-03-22,250,25820,194,0.01,1.3121835577739467e-05,4.603339860913162e-06,1.3121835577739467e-05,4.603339860913162e-06,0.0036224074284568635,0.0021455395267655085,0.40770342123566616,8.518495716826303e-06,0.04631090286325024,0.20103092783505155,0.09278350515463918,1.0,1.2708489679743702e-05,5.502771797490604e-06,0.016325642451042323
2023-03-29,2021-05-19,2.714574533316822e-05,4.803836883576919e-06,0.005835712020298128,2023-03-24,250,25959,78,0.01,2.0616617090670562e-05,6.543618268540564e-06,2.0616617090670562e-05,6.543618268540564e-06,0.004540552509405718,0.002558049700170144,0.4366214915759339,1.407299882213e-05,0.046883585898850444,0.16666666666666666,0.05128205128205128,1.0,1.5302210381660847e-05,7.959719395836556e-06,0.01633183265925177
2023-03-31,2021-05-21,1.3543433979459195e-05,7.942962904924255e-06,0.00566642030056664,2023-03-27,250,26127,168,0.01,1.1306950618529281e-05,7.713099975485285e-06,1.1306950618529281e-05,7.713099975485285e-06,0.0033625809460188882,0.002777246833733956,0.1740728689306158,3.593850643043996e-06,0.04850440905961497,0.31547619047619047,0.30952380952380953,1.0,8.846818921506378e-06,7.4602507531024155e-06,0.01600414416646024
2023-04-03,2021-05-24,1.0671041663995282e-05,4.4217311840020185e-06,0.005579138872043662,2023-03-29,250,26095,174,0.01,9.259138372580931e-06,6.038974096536339e-06,9.259138372580931e-06,6.038974096536339e-06,0.003042883233477902,0.002457432419525782,0.1924000262353056,3.2201642760445926e-06,0.04736057135983759,0.25287356321839083,0.14942528735632185,1.0,7.5612799841712634e-06,7.983759877432039e-06,0.015781706929822427
2023-04-05,2021-05-26,3.2030634812766207e-05,6.016675197167485e-06,0.005554549296625009,2023-03-31,250,26161,79,0.01,2.0316226972574633e-05,6.613249193896086e-06,2.0316226972574633e-05,6.613249193896086e-06,0.004507352545849352,0.0025716238437796623,0.42946023910471076,1.3702977778678547e-05,0.04764665346735302,0.1518987341772152,0.0379746835443038,1.0,1.0997948008785888e-05,7.087796691293833e-06,0.015809511341669316
2023-04-10,2021-05-27,1.8515218907922024e-05,7.855220399641002e-06,0.00558727073970606,2023-04-03,250,26311,110,0.01,1.4102932500209763e-05,6.933906963664303e-06,1.4102932500209763e-05,6.933906963664303e-06,0.0037553871305379106,0.002633231278043063,0.2988122964393589,7.16902553654546e-06,0.04831386027855064,0.3,0.2,1.0,5.033232662134567e-06,5.040096011934422e-06,0.01578942056257484
2023-04-14,2021-05-28,1.1355845303920941e-05,8.324046172838843e-06,0.005556897801401305,2023-04-05,250,26364,93,0.01,8.607406461576413e-06,8.313790487618087e-06,8.607406461576413e-06,8.313790487618087e-06,0.0029338381791735573,0.0028833644389182037,0.017203995985072273,2.9361597395832657e-07,0.049742091894814044,0.27956989247311825,0.27956989247311825,1.0,4.447607132622533e-06,8.29826836944613e-06,0.015625977700921466
2023-04-17,2021-06-02,7.118103620031064e-06,4.396597448770833e-06,0.00556867017735004,2023-04-10,250,26382,101,1.0,5.961016082213421e-06,5.618466757458902e-06,5.961016082213421e-06,5.618466757458902e-06,0.0024415192160237896,0.002370330516501634,0.029157542179042206,3.425493247545186e-07,0.050122609403210616,0.3069306930693069,0.24752475247524752,1.0,3.8718302500426695e-06,7.824619675923467e-06,0.015664241380982404
2023-04-19,2021-06-04,1.7185562591614536e-05,7.413976600286153e-06,0.005526521295128252,2023-04-14,250,26417,78,1.0,1.9016329491586686e-05,1.4796566163435531e-05,1.9016329491586686e-05,1.4796566163435531e-05,0.004360771662399522,0.0038466304947883325,0.11790141915577446,4.219763328151155e-06,0.05069311431551815,0.1282051282051282,0.07692307692307693,1.0,2.0431013005201538e-05,2.0501294462232778e-05,0.015598061369836557
2023-04-21,2021-06-07,1.6393661816668715e-05,5.08930276164915e-06,0.00552055205520552,2023-04-17,250,26466,180,0.01,1.4682348137131396e-05,8.973569369657227e-06,1.4682348137131396e-05,8.973569369657227e-06,0.0038317552292821883,0.0029955916560267734,0.21821946424590788,5.70877876747417e-06,0.049932368748209006,0.2777777777777778,0.19444444444444445,1.0,1.2726561074803029e-05,1.341273120738074e-05,0.01568629940759444
2023-04-24,2021-06-09,1.659486074981159e-05,4.367204629621623e-06,0.005575081808265664,2023-04-19,250,26436,209,100.0,1.2663518534788228e-05,7.347502538966409e-06,1.2663518534788228e-05,7.347502538966409e-06,0.0035585837821791168,0.0027106277020215092,0.23828470314624917,5.3160159958218194e-06,0.05012260940321061,0.24880382775119617,0.1674641148325359,1.0,9.258695366419786e-06,9.928653406881087e-06,0.015674121785541003
2023-04-26,2021-06-11,3.297354834124966e-05,6.299276558828548e-06,0.005617634487390854,2023-04-21,250,26555,77,100.0,2.6911764734838382e-05,8.7353971677033e-06,2.6911764734838382e-05,8.7353971677033e-06,0.005187655032366588,0.002955570531674604,0.4302684906312507,1.817636756713508e-05,0.049932368748209,0.19480519480519481,0.11688311688311688,1.0,2.186027839616232e-05,1.0765497675098927e-05,0.01591034525216706
2023-04-28,2021-06-14,1.3325789979061672e-05,3.1572829781014056e-06,0.005462858500089069,2023-04-24,250,26723,174,100.0,1.1673419396473562e-05,8.191073258823692e-06,1.1673419396473562e-05,8.191073258823692e-06,0.0034166386107508592,0.002862005111599854,0.16233308884521325,3.4823461376498704e-06,0.05050298217310679,0.3045977011494253,0.1896551724137931,1.0,9.440486176759895e-06,1.4993492557097047e-05,0.015666140491258702
2023-05-01,2021-06-16,1.745137552639118e-05,4.110895931869016e-06,0.005421970768505422,2023-04-26,250,26739,139,100.0,1.424404137883976e-05,5.815812953946008e-06,1.424404137883976e-05,5.815812953946008e-06,0.0037741278964602883,0.0024115996670148235,0.3610180329933611,8.428228424893751e-06,0.04974209189481407,0.33093525179856115,0.2158273381294964,1.0,4.339038864342726e-06,1.1080997875066136e-05,0.015533558531483664
2023-05-03,2021-06-18,4.0051497093702016e-05,7.731085325518506e-06,0.005458644832087338,2023-04-28,250,26879,78,0.01,2.985487509344671e-05,1.0731352100306532e-05,2.985487509344671e-05,1.0731352100306532e-05,0.005463961483525182,0.003275874249770057,0.400458026717904,1.912352299314018e-05,0.05107327018400061,0.15384615384615385,0.038461538461538464,1.0,2.1114913378942173e-05,1.3303009335839127e-05,0.01572600769155876
2023-05-05,2021-06-21,5.346121174687083e-06,8.897213241191015e-06,0.005549188732734182,2023-05-01,250,26920,130,0.01,9.50055138862597e-06,1.1776417780280252e-05,9.50055138862597e-06,1.1776417780280252e-05,0.003082296447233129,0.0034316785659907387,-0.1133512381884092,-2.2758663916542824e-06,0.05126329393754153,0.24615384615384617,0.2076923076923077,1.0,1.2182525324206772e-05,1.3635144761211277e-05,0.0159476538395083
2023-05-08,2021-06-23,1.1534868496180228e-05,1.4360409605356792e-05,0.003975341360834247,2023-05-03,250,26891,182,1.0,9.902771421827024e-06,1.2738261845266089e-05,9.902771421827024e-06,1.2738261845266089e-05,0.0031468669215311638,0.0035690701653604525,-0.13416622131064204,-2.8354904234390645e-06,0.05126329393754153,0.21978021978021978,0.1978021978021978,1.0,8.678698616062124e-06,1.1521651025198066e-05,0.015657787848677992
2023-05-10,2021-06-25,1.6100450548488663e-05,1.890442946471916e-05,0.004016999476043547,2023-05-05,250,26966,73,100.0,1.4749770127071246e-05,1.6274124322086988e-05,1.4749770127071246e-05,1.6274124322086988e-05,0.003840542946911445,0.004034120018304734,-0.05040356899249443,-1.5243541950157423e-06,0.0515482618805766,0.2054794520547945,0.2054794520547945,1.0,1.3859548940227947e-05,1.454051411444306e-05,0.01572256345362957
2023-05-12,2021-06-28,6.414345116566116e-06,1.3622355745623263e-05,0.003971223021582734,2023-05-08,250,27049,135,100.0,8.885282035500008e-06,1.4159568048071098e-05,8.885282035500008e-06,1.4159568048071098e-05,0.002980819020923613,0.003762920149042642,-0.2623779312427672,-5.27428601257109e-06,0.050693114315518144,0.3037037037037037,0.26666666666666666,1.0,1.0584051167267059e-05,1.4528901506003986e-05,0.0156767840244583
2023-05-15,2021-06-30,8.956557006279867e-06,1.2128993252587462e-05,0.005389117459581619,2023-05-10,250,27026,187,100.0,8.02327299235133e-06,1.2009629722688999e-05,8.02327299235133e-06,1.2009629722688999e-05,0.002832538259644754,0.003465491267149435,-0.2234578845844306,-3.986356730337668e-06,0.05116828657439943,0.2994652406417112,0.1711229946524064,1.0,7.211315900233505e-06,1.1905783451677333e-05,0.015697351733521225
2023-05-19,2021-07-02,1.128317304733145e-05,1.7161808159442085e-05,0.0053127677806341,2023-05-12,250,27111,181,100.0,1.1853430788972892e-05,1.7169894136955375e-05,1.1853430788972892e-05,1.7169894136955375e-05,0.0034428811755523735,0.004143657096932054,-0.2035434526047064,-5.316463347982483e-06,0.05173819540441443,0.2541436464088398,0.24861878453038674,1.0,1.2589712936408676e-05,1.718033425982064e-05,0.015411284974834826
2023-05-22,2021-07-07,1.0807205131565344e-05,1.427204413517744e-05,0.00530943137702672,2023-05-15,250,27195,215,0.01,9.933897151652335e-06,1.3358191771646255e-05,9.933897151652335e-06,1.3358191771646255e-05,0.0031518085525063756,0.0036548860134956677,-0.15961548825331917,-3.42429461999392e-06,0.051548261880576596,0.2372093023255814,0.15813953488372093,1.0,9.1002849890081e-06,1.248587815191194e-05,0.015433741818355542
2023-05-24,2021-07-09,2.922312763191856e-05,1.0299768364323536e-05,0.005420844019584984,2023-05-19,250,27326,79,100.0,2.6059631681753585e-05,1.1978433934929892e-05,2.6059631681753585e-05,1.1978433934929892e-05,0.005104863532138111,0.0034609874219548808,0.32202155842836255,1.4081197746823693e-05,0.05202302806715193,0.2911392405063291,0.10126582278481013,1.0,2.327274239232254e-05,1.345725836617835e-05,0.015602581564394216
2023-05-26,2021-07-12,1.3367513891691407e-05,9.480990083365142e-06,0.005376033296722354,2023-05-22,250,27485,176,100.0,1.2063449829114271e-05,1.108028179742066e-05,1.2063449829114271e-05,1.108028179742066e-05,0.003473247735062138,0.003328705724064634,0.04161580803418208,9.831680316936115e-07,0.05240267879304834,0.3693181818181818,0.26704545454545453,1.0,1.0347576062565406e-05,1.3184613000125281e-05,0.015581509706981796
2023-05-31,2021-07-16,1.7913653074273435e-05,4.867457268025914e-06,0.0052453468697123504,2023-05-24,250,27455,39,100.0,1.7913653074273435e-05,4.867457268025914e-06,1.7913653074273435e-05,4.867457268025914e-06,0.00423245237117601,0.0022062314629308307,0.478734485482747,1.3046195806247522e-05,0.05401458830623825,0.48717948717948717,0.1794871794871795,1.0,,,
2023-06-02,2021-07-19,9.872212018452787e-06,6.105141470526341e-06,0.00516408462435449,2023-05-26,250,27507,143,100.0,1.1542150644415125e-05,1.2283112655873776e-05,1.1542150644415125e-05,1.2283112655873776e-05,0.0033973740807298693,0.003504727187082295,-0.03159884775754884,-7.409620114586511e-07,0.053540766928029816,0.32167832167832167,0.24475524475524477,1.0,1.6695104118813193e-05,3.134656659923157e-05,0.015316658764401882
2023-06-07,2021-07-21,1.498421294258406e-05,1.0886919655361525e-05,0.005189442553428937,2023-05-31,250,27414,69,100.0,1.6205494891998138e-05,2.1067514054210894e-05,1.6205494891998138e-05,2.1067514054210894e-05,0.004025604910072291,0.004589936171038862,-0.1401854562415159,-4.862019162212756e-06,0.05297188476610571,0.15942028985507245,0.15942028985507245,1.0,1.7391883071428956e-05,3.0957234327378846e-05,0.015094439642081164
2023-06-09,2021-07-23,3.89211494095916e-06,1.0200329131447264e-05,0.005150357202193056,2023-06-02,250,27488,89,100.0,5.467340943871535e-06,1.4195323559399265e-05,5.467340943871535e-06,1.4195323559399265e-05,0.002338234578452627,0.0037676681859472798,-0.6113302833972323,-8.727982615527729e-06,0.05240267879304834,0.39325842696629215,0.4157303370786517,1.0,9.733578035092552e-06,2.5015100135102596e-05,0.015055747675529562
2023-06-12,2021-07-26,1.0621426226808516e-05,1.2423039722923165e-05,0.005139257294429709,2023-06-07,250,27421,129,100.0,1.1794193235132381e-05,1.726805922070909e-05,1.1794193235132381e-05,1.726805922070909e-05,0.0034342674961529104,0.00415548543743196,-0.2100063382036963,-5.47386598557671e-06,0.052307779623344874,0.4108527131782946,0.40310077519379844,1.0,1.3708914881375424e-05,2.517829513546163e-05,0.015028781111886486
2023-06-16,2021-07-28,1.4303887138199712e-05,1.5125077021101502e-05,0.004999731197247461,2023-06-09,250,27374,143,0.01,1.411850621799071e-05,1.839240646386381e-05,1.411850621799071e-05,1.839240646386381e-05,0.003757460075368827,0.004288636900445619,-0.14136592656268032,-4.2739002458731e-06,0.0519280928603592,0.21678321678321677,0.23076923076923078,1.0,1.3883101874868168e-05,2.254139623245088e-05,0.014597544057840039
2023-06-21,2021-07-30,2.721910316238759e-05,9.527762878766516e-06,0.005026755310523758,2023-06-12,250,27435,82,0.01,2.344259695210521e-05,1.670189659448925e-05,2.344259695210521e-05,1.670189659448925e-05,0.004841755565092605,0.00408679539425321,0.155926948539575,6.74070035761596e-06,0.05249756895775398,0.0975609756097561,0.0,1.0,2.0181068861406796e-05,2.289773934897707e-05,0.014919184317672357
2023-06-23,2021-08-02,1.3646017895345238e-05,1.2992739892872175e-05,0.004973262032085563,2023-06-16,250,27489,190,100.0,1.3337603792572185e-05,1.488574933625817e-05,1.3337603792572185e-05,1.488574933625817e-05,0.003652068426600491,0.003858205455423307,-0.05644391198187315,-1.5481455436859842e-06,0.052592450119170596,0.2,0.17894736842105263,1.0,1.2913534401259233e-05,1.748863732091391e-05,0.014942083801058399
2023-06-26,2021-08-04,1.2144458789507435e-05,9.721985509467734e-06,0.0049817870152132,2023-06-21,250,27485,186,100.0,1.2046170091714921e-05,1.2077311505345424e-05,1.2046170091714921e-05,1.2077311505345424e-05,0.003470759296136066,0.0034752426541675365,-0.001291751357249682,-3.1141413630502305e-08,0.052687322279006465,0.23118279569892472,0.11827956989247312,1.0,1.191593756713984e-05,1.5198118449883361e-05,0.015055905911682554
2023-06-28,2021-08-06,2.1829609568740323e-05,1.1225531727406441e-05,0.0049452302456662765,2023-06-23,250,27608,82,100.0,1.847972647198227e-05,1.6247003412729184e-05,1.847972647198227e-05,1.6247003412729184e-05,0.004298805237735512,0.004030757176105897,0.06235408370601492,2.2327230592530847e-06,0.052971884766105724,0.08536585365853659,0.024390243902439025,1.0,1.5289361617926974e-05,2.1029357398750848e-05,0.014953731343283583
2023-06-30,2021-08-09,1.6133039330335903e-05,1.575415854160697e-05,0.004905322010654571,2023-06-26,250,27707,166,0.01,1.2892260572573506e-05,1.6094180558714595e-05,1.2892260572573506e-05,1.6094180558714595e-05,0.0035905794201735054,0.004011755296464952,-0.11730025352595996,-3.2019199861410895e-06,0.05316154811423236,0.3132530120481928,0.3192771084337349,1.0,8.863184279139174e-06,1.6516910634037593e-05,0.014887514551140128
2023-07-05,2021-08-11,1.974142625978435e-05,7.2043923075026625e-06,0.004832172919048114,2023-06-28,250,27685,82,100.0,1.5429367137194907e-05,1.1639635688700663e-05,1.5429367137194907e-05,1.1639635688700663e-05,0.003928023311691888,0.0034116910306621648,0.1314483749352615,3.7897314484942438e-06,0.052971884766105724,0.14634146341463414,0.06097560975609756,1.0,1.1322644163300201e-05,1.5863677004127333e-05,0.014696971540593526
2023-07-07,2021-08-13,7.888536164823891e-06,6.354173624938251e-06,0.00484854804233356,2023-06-30,250,27817,107,100.0,7.021688477408938e-06,7.592011611065275e-06,7.021688477408938e-06,7.592011611065275e-06,0.0026498468781061555,0.00275536052288358,-0.03981877052942573,-5.703231336563373e-07,0.05316154811423236,0.38317757009345793,0.308411214953271,1.0,5.077848208660254e-06,1.0367769519350113e-05,0.014835029340854296
2023-07-10,2021-08-16,1.6549737544299377e-05,5.4511349456573825e-06,0.004877281308999371,2023-07-05,250,27858,176,0.01,1.3170546769826243e-05,7.5405979458504905e-06,1.3170546769826243e-05,7.5405979458504905e-06,0.003629124793917432,0.002746014920908204,0.24333962681287724,5.629948823975752e-06,0.053161548114232356,0.2784090909090909,0.14204545454545456,1.0,8.173151962506822e-06,1.063064886162903e-05,0.014872577813248203
2023-07-14,2021-08-18,1.0392139200978658e-05,5.601965759326424e-06,0.004880864910255066,2023-07-07,250,27921,102,0.01,8.068509936201695e-06,7.1971864948378475e-06,8.068509936201695e-06,7.1971864948378475e-06,0.0028405122665113936,0.0026827572560404805,0.0555375212882504,8.713234413638475e-07,0.05325636630043148,0.49019607843137253,0.2549019607843137,1.0,2.746649362035097e-06,1.0850756566493042e-05,0.014508339265059171
2023-07-17,2021-08-20,9.648883737908062e-06,4.329496283700172e-06,0.004877025538832662,2023-07-10,250,28035,100,0.01,7.525833359634229e-06,6.028484477913201e-06,7.525833359634229e-06,6.028484477913201e-06,0.0027433252376694653,0.0024552972280180666,0.10499229391265574,1.4973488817210281e-06,0.05344597570562601,0.5,0.33,1.0,2.572049143661958e-06,9.992790264410267e-06,0.01451738114316239
2023-07-19,2021-08-23,2.780561390328019e-05,7.284423402335765e-06,0.004800495535022969,2023-07-14,250,28013,78,0.01,2.329597600227602e-05,1.6073223100343596e-05,2.329597600227602e-05,1.6073223100343596e-05,0.004826590515288822,0.004009142439517907,0.16936346126350432,7.2227529019324256e-06,0.053445975705626016,0.11538461538461539,0.038461538461538464,1.0,1.943057208712959e-05,2.360647998435031e-05,0.014360441665382327
2023-07-21,2021-08-25,2.382916193941093e-05,7.5878916905792434e-06,0.004815409309791331,2023-07-17,250,27989,197,0.01,1.9027090690673632e-05,1.185574376451846e-05,1.9027090690673632e-05,1.185574376451846e-05,0.004362005351976729,0.003443217066134295,0.21063437838884524,7.171346926155172e-06,0.05344597570562602,0.19796954314720813,0.14213197969543148,1.0,1.2150050383839976e-05,1.7967729450653634e-05,0.014424275730903628
2023-07-24,2021-08-27,2.1684746063173142e-05,5.65029269273539e-06,0.004845264145045326,2023-07-19,250,28005,199,100.0,1.7777598563622305e-05,9.592214683619313e-06,1.7777598563622305e-05,9.592214683619313e-06,0.00421634896131977,0.003097130072118269,0.2654474047260006,8.185383880002991e-06,0.0535407669280298,0.2562814070351759,0.1507537688442211,1.0,1.184269096936787e-05,1.5579944290025274e-05,0.01442427573090363
2023-07-26,2021-08-30,2.77458675759771e-05,6.515963197558627e-06,0.004803222807561202,2023-07-21,250,28102,85,100.0,2.228712970800275e-05,1.3016951328315744e-05,2.228712970800275e-05,1.3016951328315744e-05,0.00472092466663076,0.003607901235942545,0.23576386180348852,9.270178379687006e-06,0.053635549165909395,0.2823529411764706,0.09411764705882353,1.0,1.6698421890790913e-05,1.9672724890757545e-05,0.014321028016862816
2023-07-28,2021-09-01,1.9236785807654813e-05,4.015899304241053e-06,0.004813166338888312,2023-07-24,250,28194,192,100.0,1.5749755785444087e-05,8.20674264428929e-06,1.5749755785444087e-05,8.20674264428929e-06,0.003968596198335639,0.0028647412874968814,0.2781474495444247,7.5430131411547976e-06,0.05363554916590941,0.3645833333333333,0.24479166666666666,1.0,1.0189356560837784e-05,1.488943878112297e-05,0.014414393688258307
2023-07-31,2021-09-03,2.145441455561843e-05,3.738181895770212e-06,0.00474901700454476,2023-07-26,250,28213,149,100.0,1.7683819911133596e-05,4.89696253249427e-06,1.7683819911133596e-05,4.89696253249427e-06,0.004205213420402536,0.00221290816178491,0.47377030829196687,1.2786857378639327e-05,0.0537303224209678,0.35570469798657717,0.19463087248322147,1.0,3.897583242235926e-06,9.133754235516604e-06,0.014274641075024075
2023-08-02,2021-09-08,3.506213875634432e-05,5.094151401255335e-06,0.004754479691214437,2023-07-28,250,28349,81,100.0,2.948778956495183e-05,8.133044734712803e-06,2.948778956495183e-05,8.133044734712803e-06,0.005430266067602197,0.0028518493534394136,0.47482327423070747,2.1354744830239026e-05,0.05391984198943044,0.19753086419753085,0.06172839506172839,1.0,2.3179973374691903e-05,1.1571792454151517e-05,0.014288400368033652
2023-08-04,2021-09-10,1.6123767700924686e-05,1.8759329601270438e-06,0.004864780038709003,2023-07-31,250,28448,142,0.01,1.6797003500899872e-05,5.446606714500826e-06,1.6797003500899872e-05,5.446606714500826e-06,0.00409841475462158,0.0023337966309215606,0.4305611387208058,1.1350396786399047e-05,0.05391984198943044,0.2605633802816901,0.18309859154929578,1.0,1.736531943594387e-05,8.460811831829345e-06,0.014531612601372423
2023-08-07,2021-09-13,2.2787456261556626e-05,9.296563176181917e-06,0.0038463651849002687,2023-08-02,250,28468,175,100.0,1.8480967908277947e-05,9.264842588131975e-06,1.8480967908277947e-05,9.264842588131975e-06,0.004298949628488097,0.0030438203935403245,0.29196183798719944,9.216125320145972e-06,0.05391984198943046,0.29714285714285715,0.14857142857142858,1.0,1.287120018492809e-05,9.223522348435339e-06,0.01459763434121886
2023-08-09,2021-09-17,2.719315470697054e-05,5.895813417990117e-06,0.00389321468298109,2023-08-04,250,28492,76,100.0,2.3200724205664572e-05,7.887539699472019e-06,2.3200724205664572e-05,7.887539699472019e-06,0.004816713008438905,0.002808476401800809,0.4169309242879232,1.531318450619255e-05,0.05420405401351213,0.3157894736842105,0.13157894736842105,1.0,1.92082937043586e-05,9.879265980953925e-06,0.01453452701949861
2023-08-11,2021-09-20,6.7155325315122625e-06,6.301240460443106e-06,0.0039332471764904195,2023-08-07,250,28561,132,100.0,8.988482667548656e-06,8.133305636067409e-06,8.988482667548656e-06,8.133305636067409e-06,0.002998079830082691,0.002851895095557936,0.048759453653615004,8.551770314812469e-07,0.05391984198943043,0.30303030303030304,0.15151515151515152,1.0,1.0663288030943895e-05,9.483248397053737e-06,0.014627097396335586
2023-08-14,2021-09-22,1.2719709827890654e-05,9.947147692958105e-06,0.0052871365093649795,2023-08-09,250,28526,170,100.0,1.136029006783731e-05,9.650611943339752e-06,1.136029006783731e-05,9.650611943339752e-06,0.0033705029398944765,0.003106543407605912,0.07831458301496941,1.709678124497558e-06,0.05391984198943044,0.3411764705882353,0.1588235294117647,1.0,9.553937783930812e-06,9.25658498836742e-06,0.014635631100639519
2023-08-18,2021-09-24,1.918186749702845e-05,5.861411131369554e-06,0.005402298850574715,2023-08-11,250,28596,191,0.01,2.1657547243783325e-05,7.996722477943595e-06,2.1657547243783325e-05,7.996722477943595e-06,0.0046537669950034374,0.0028278476758735777,0.39235297364270194,1.366082476583973e-05,0.05410932564703194,0.3612565445026178,0.17277486910994763,1.0,2.494838983398188e-05,1.0835124145950553e-05,0.01494961837310046
2023-08-21,2021-09-27,1.8026667865753715e-05,7.320190103342577e-06,0.005387128202189236,2023-08-14,250,28656,216,0.01,1.7855237316555165e-05,7.946709728980403e-06,1.7855237316555165e-05,7.946709728980403e-06,0.004225545801024427,0.0028189909061542575,0.33286939986052666,9.908527587574762e-06,0.05401458830623825,0.3055555555555556,0.14351851851851852,1.0,1.767733769002837e-05,8.596871604642292e-06,0.01494242611683849
2023-08-23,2021-09-29,2.8686044855972306e-05,1.1577949768455463e-05,0.00530384246459403,2023-08-18,250,28746,76,0.01,2.8532530550180554e-05,1.4006643484835433e-05,2.8532530550180554e-05,1.4006643484835433e-05,0.005341585022273871,0.0037425450544830365,0.29935683156272896,1.4525887065345121e-05,0.05420405401351213,0.2236842105263158,0.06578947368421052,1.0,2.8379016244388796e-05,1.643533720121541e-05,0.014886155426223893
2023-08-25,2021-10-01,1.66047908373241e-05,1.1829853096437276e-05,0.0053294024265789774,2023-08-21,250,28905,175,100.0,1.6712026279919767e-05,1.1712985352320573e-05,1.6712026279919767e-05,1.1712985352320573e-05,0.004088034525284708,0.003422423900150385,0.16281922792419834,4.999040927599194e-06,0.05429877340737883,0.32,0.24571428571428572,1.0,1.6851714553827283e-05,1.1560749738273815e-05,0.014929087413307696
2023-08-28,2021-10-04,1.494303320301128e-05,1.101457078518413e-05,0.005262863221544145,2023-08-23,250,28873,169,100.0,1.4257521904193752e-05,1.1223169984996906e-05,1.4257521904193752e-05,1.1223169984996906e-05,0.00377591338674416,0.003350099996268306,0.1127709634364833,3.034351919196846e-06,0.05458287777029171,0.34911242603550297,0.26627218934911245,1.0,1.3311323210051246e-05,1.1511095641076512e-05,0.014824576675682438
2023-08-30,2021-10-06,2.635469230244147e-05,1.828128767422183e-05,0.005105366065609384,2023-08-25,250,28944,75,100.0,2.1484500019669895e-05,1.901697770544543e-05,2.1484500019669895e-05,1.901697770544543e-05,0.00463513754053425,0.004360845985063613,0.059176573094532725,2.467522314224466e-06,0.05410932564703195,0.18666666666666668,0.10666666666666667,1.0,1.648268091844503e-05,1.977255125102641e-05,0.014521259684744854
2023-09-01,2021-10-08,1.0043392055253835e-05,1.3699271285085632e-05,0.005003459839250545,2023-08-28,250,29056,168,100.0,1.2958231422000299e-05,1.7916562211283146e-05,1.2958231422000299e-05,1.7916562211283146e-05,0.003599754355786003,0.004232796027601985,-0.17585690834666923,-4.958330789282847e-06,0.054109325647031956,0.23214285714285715,0.16666666666666666,1.0,1.834327364192174e-05,2.5707828498664984e-05,0.014482888864216718
2023-09-06,2021-10-11,1.7763108484826627e-05,6.691742540720399e-06,0.004955192409066947,2023-08-30,250,29076,72,100.0,2.1529529832033837e-05,1.518895323324955e-05,2.1529529832033837e-05,1.518895323324955e-05,0.004639992438790589,0.0038973007624828688,0.16006312210743645,6.340576598784288e-06,0.054014588306238245,0.2361111111111111,0.027777777777777776,1.0,2.573905957303013e-05,2.4685835771958604e-05,0.014518673760128217
2023-09-08,2021-10-15,5.076446329375575e-06,3.5818541719590677e-06,0.005293985131786436,2023-09-01,250,29142,94,100.0,6.2730744542980235e-06,6.846821146895285e-06,6.2730744542980235e-06,6.846821146895285e-06,0.0025046106392607264,0.0026166431065193594,-0.04473049243761951,-5.737466925972612e-07,0.05382508669490745,0.35106382978723405,0.2765957446808511,1.0,9.575768079083981e-06,1.5858129997719247e-05,0.014661951219512194
2023-09-11,2021-10-18,1.0192732303113741e-05,6.046396292045815e-06,0.0052755640363677195,2023-09-06,250,29095,154,100.0,1.253649597583086e-05,1.1142715887508322e-05,1.253649597583086e-05,1.1142715887508322e-05,0.0035406914544804467,0.0033380706834200383,0.05722632815237516,1.3937800883225382e-06,0.054014588306238245,0.3246753246753247,0.23376623376623376,1.0,1.7002913540820086e-05,2.0854570210936862e-05,0.014639901687915251
2023-09-15,2021-10-20,1.347139261730211e-05,9.024621138099295e-06,0.005348810743143279,2023-09-08,250,29062,172,0.01,1.5750954386983017e-05,1.2727559496088365e-05,1.5750954386983017e-05,1.2727559496088365e-05,0.003968747206233097,0.0035675705313403918,0.10108395774430767,3.023394890894652e-06,0.054014588306238245,0.29069767441860467,0.2558139534883721,1.0,1.9237342975906755e-05,1.8390876984777524e-05,0.014482567279509723
2023-09-18,2021-10-22,8.374967261544035e-06,7.130188108046575e-06,0.005371121650191418,2023-09-11,250,29153,177,0.01,1.1612300797894546e-05,1.0774784955887128e-05,1.1612300797894546e-05,1.0774784955887128e-05,0.0034076826140200535,0.003282496756416848,0.03673636068340391,8.375158420074172e-07,0.054109325647031956,0.15254237288135594,0.10734463276836158,1.0,1.581663006588222e-05,1.550802761542031e-05,0.014681056453977485
2023-09-20,2021-10-25,2.423383152356325e-05,4.758978536371374e-06,0.005249343832020997,2023-09-15,250,29191,83,100.0,2.5909307737229612e-05,1.1303738593174471e-05,2.5909307737229612e-05,1.1303738593174471e-05,0.005090118636852152,0.0033621032990041326,0.3394842951866176,1.460556914405514e-05,0.05391984198943045,0.12048192771084337,0.0,1.0,2.746789026157041e-05,1.7391887483223866e-05,0.014702943235978407
2023-09-22,2021-10-27,1.1740057606360065e-05,4.5665024987798876e-06,0.005404473063876271,2023-09-18,250,29236,192,100.0,1.575482542332658e-05,6.551172246591217e-06,1.575482542332658e-05,6.551172246591217e-06,0.003969234866233867,0.002559525785490589,0.3551588979366328,9.203653176735365e-06,0.05420405401351213,0.3020833333333333,0.19791666666666666,1.0,2.13755003670797e-05,9.329709893527076e-06,0.015088759591089271
2023-09-25,2021-10-29,1.3324946809727857e-05,4.7760132376655775e-06,0.005377882029864408,2023-09-20,250,29252,195,100.0,1.583968538288586e-05,6.594744990926912e-06,1.583968538288586e-05,6.594744990926912e-06,0.003979910222968084,0.002568023557315414,0.3547533955677352,9.24494039195895e-06,0.054109325647031956,0.24102564102564103,0.14358974358974358,1.0,1.93051178068719e-05,9.101046065543142e-06,0.015122763812090517
2023-09-27,2021-11-01,3.582268620287658e-05,9.490779949266837e-06,0.005466387531984185,2023-09-22,250,29328,82,0.01,3.344440515666673e-05,1.035332055166228e-05,3.344440515666673e-05,1.035332055166228e-05,0.005783113794200035,0.0032176576187752295,0.4436115675257397,2.3091084605004446e-05,0.05429877340737882,0.18292682926829268,0.024390243902439025,1.0,3.139043516221276e-05,1.10982419810038e-05,0.01528397670705363
2023-09-29,2021-11-03,1.559154807781131e-05,5.384934139365023e-06,0.005507059581697817,2023-09-25,250,29444,174,0.01,1.6825872857946012e-05,6.220516617218252e-06,1.6825872857946012e-05,6.220516617218252e-06,0.004101935257649249,0.0024940963528336775,0.39197081470686046,1.0605356240727761e-05,0.05410932564703194,0.3448275862068966,0.28160919540229884,1.0,1.8243060568471047e-05,7.179889091790478e-06,0.015189816111266689
2023-10-02,2021-11-05,1.1889452072583523e-05,4.3921015895384084e-06,0.005490333508556744,2023-09-27,250,29463,218,0.01,1.2746585025993322e-05,4.907640762051827e-06,1.2746585025993322e-05,4.907640762051827e-06,0.0035702359902383654,0.0022153195620613804,0.3795033246770123,7.838944263941495e-06,0.054014588306238245,0.25229357798165136,0.14220183486238533,1.0,1.3543036000400658e-05,5.386681586068722e-06,0.015226770843080382
2023-10-04,2021-11-08,2.6795050539187547e-05,6.716616707862467e-06,0.0054524361948955925,2023-09-29,250,29559,81,0.01,2.59364475102743e-05,7.651687027957431e-06,2.59364475102743e-05,7.651687027957431e-06,0.005092783866440269,0.0027661682934986857,0.45684553555732,1.828476048231687e-05,0.05467756129069573,0.2222222222222222,0.13580246913580246,1.0,2.5214440417779065e-05,8.437996160764558e-06,0.015439502834507462
2023-10-06,2021-11-10,7.535432800464548e-06,4.757233950887805e-06,0.005374192441827226,2023-10-02,250,29677,102,0.01,8.220730458286801e-06,4.527318742221508e-06,8.220730458286801e-06,4.527318742221508e-06,0.002867181622828732,0.0021277496897477172,0.2578950448041373,3.6934117160652933e-06,0.054582877770291714,0.27450980392156865,0.14705882352941177,1.0,9.374915987250593e-06,4.140093127625638e-06,0.01533366313309777
2023-10-09,2021-11-12,1.0888134080491762e-05,4.778728004772594e-06,0.005296073018198209,2023-10-04,250,29698,174,0.01,1.2780269075270243e-05,5.551418735203285e-06,1.2780269075270243e-05,5.551418735203285e-06,0.003574950219970936,0.00235614488841482,0.34092931553212635,7.228850340066958e-06,0.05477223584697943,0.3045977011494253,0.1206896551724138,1.0,1.5055621284181074e-05,6.480603790784496e-06,0.0151537458676724
2023-10-13,2021-11-15,8.74662703519386e-06,4.953012344658406e-06,0.00520170438824636,2023-10-06,250,29723,105,0.01,1.0207793540028508e-05,5.1802211969356895e-06,1.0207793540028508e-05,5.1802211969356895e-06,0.0031949637775769086,0.002276009929006394,0.2876257486923556,5.027572343092819e-06,0.05477223584697944,0.34285714285714286,0.13333333333333333,1.0,1.2893180629994887e-05,5.597794222742591e-06,0.015009777244846192
2023-10-16,2021-11-19,7.998796355722314e-06,3.499416628470758e-06,0.005255800950517193,2023-10-09,250,29797,109,0.01,7.770446643120057e-06,4.07214621312018e-06,7.770446643120057e-06,4.07214621312018e-06,0.0027875520879653633,0.002017955949251663,0.27608314192092076,3.698300429999877e-06,0.054677561290695724,0.25688073394495414,0.09174311926605505,1.0,7.343793232731628e-06,5.1422462265441e-06,0.015084913093858633
2023-10-18,2021-11-22,3.1516694995829144e-05,7.697528431823075e-06,0.0053062376517075925,2023-10-13,250,29789,82,1.0,3.798639903165185e-05,1.0805443209070495e-05,3.798639903165185e-05,1.0805443209070495e-05,0.006163310720031227,0.003287163398596196,0.4666562261881969,2.7180955822581355e-05,0.054677561290695724,0.10975609756097561,0.012195121951219513,1.0,4.3854270133909643e-05,1.3624249634946056e-05,0.014928535388284944
2023-10-20,2021-11-24,2.6561537850235742e-05,7.4717243456845454e-06,0.0053573464037387445,2023-10-16,250,29770,198,1.0,3.083915788666837e-05,8.337928961794487e-06,3.083915788666837e-05,8.337928961794487e-06,0.005553301530321252,0.0028875472224354163,0.480030535588732,2.250122892487388e-05,0.054488185284069734,0.16666666666666666,0.050505050505050504,1.0,3.6644499364684074e-05,9.513492369372264e-06,0.015264263771310656
2023-10-23,2021-11-26,2.4451016730060215e-05,6.532235718625648e-06,0.005437297547431744,2023-10-18,250,29780,201,0.01,2.7471699806795383e-05,8.116918025525407e-06,2.7471699806795383e-05,8.116918025525407e-06,0.005241345228736167,0.00284902053792622,0.4564333365590578,1.9354781781269974e-05,0.0542987734073788,0.16417910447761194,0.04975124378109453,1.0,3.1855374027911046e-05,1.0416639909928716e-05,0.015454165578480025
2023-10-25,2021-11-29,3.8629905171734556e-05,1.1621365705917043e-05,0.005419741697416973,2023-10-20,250,29896,80,0.01,3.962613345241816e-05,1.1003744806893697e-05,3.962613345241816e-05,1.1003744806893697e-05,0.006294929185655559,0.0033171892931959275,0.4730378697897183,2.8622388645524462e-05,0.054298773407378806,0.125,0.025,1.0,4.040097767072763e-05,1.0523372996542208e-05,0.015365153553808748
2023-10-27,2021-12-01,2.9952690474689767e-05,9.234331343367625e-06,0.005632452513631733,2023-10-23,250,29982,192,100.0,2.9753068725774496e-05,8.006450182200285e-06,2.9753068725774496e-05,8.006450182200285e-06,0.005454637359694455,0.0028295671368957277,0.48125476538476464,2.174661854357421e-05,0.054393483830331636,0.13541666666666666,0.0,1.0,2.9507023314320788e-05,6.493015262621935e-06,0.015777820870197547
2023-10-30,2021-12-03,2.720622132720912e-05,8.212376213176587e-06,0.005587920580192604,2023-10-25,250,29990,144,0.01,2.2747897566726876e-05,6.876559475211806e-06,2.2747897566726876e-05,6.876559475211806e-06,0.0047694756071005205,0.002622319483818058,0.4501870436418419,1.587133809151507e-05,0.05439348383033164,0.11805555555555555,0.027777777777777776,1.0,1.115625578947306e-05,3.403435956503372e-06,0.015849663971948962
2023-11-03,2021-12-08,,,,2023-10-27,250,30045,40,100.0,1.1983817745528553e-05,1.8213737849602655e-05,1.1983817745528553e-05,1.8213737849602655e-05,0.003461765119924885,0.0042677555986258935,-0.23282644858311397,-6.229920104074102e-06,0.05391984198943043,0.175,0.05,1.0,1.1983817745528553e-05,1.8213737849602655e-05,0.015110827374872318
2023-11-06,2021-12-10,7.597034249839673e-06,1.235504115497439e-05,0.004019247098782905,2023-10-30,250,30121,165,100.0,8.53401098078666e-06,1.4293589107781268e-05,8.53401098078666e-06,1.4293589107781268e-05,0.002921302959432085,0.0037806863276105395,-0.2941781048089318,-5.759578126994608e-06,0.053825086694907466,0.21818181818181817,0.19393939393939394,1.0,9.5791004114583e-06,1.6455815670527402e-05,0.014974211507051005
2023-11-08,2021-12-13,1.6882921668984834e-05,1.983331168163432e-05,0.0039049609503904966,2023-11-03,250,30090,35,100.0,1.6882921668984834e-05,1.983331168163432e-05,1.6882921668984834e-05,1.983331168163432e-05,0.004108883263002836,0.004453460641078388,-0.08386156432775582,-2.9503900126494857e-06,0.054014588306238245,0.4,0.37142857142857144,1.0,,,
2023-11-09,2021-12-17,1.135009359529344e-05,1.6860086764924016e-05,0.0038821149324730704,2023-11-06,250,30156,86,100.0,1.0924439021780956e-05,1.6418031860629824e-05,1.0924439021780956e-05,1.6418031860629824e-05,0.0033052139146779826,0.004051917059939631,-0.22591673777774157,-5.493592838848868e-06,0.05391984198943046,0.3372093023255814,0.3372093023255814,1.0,1.0478515182863116e-05,1.5954926722797815e-05,0.014886540880503145
2023-11-10,2021-12-20,1.2303417359490318e-05,2.0249674477510988e-05,0.003892330464338577,2023-11-08,250,30083,152,100.0,9.632460145513901e-06,1.877379282017176e-05,9.632460145513901e-06,1.877379282017176e-05,0.0031036204899300914,0.0043328735061355945,-0.39607066011901204,-9.141332674657857e-06,0.053919841989430436,0.28289473684210525,0.2631578947368421,1.0,6.890277405831445e-06,1.7258554318636822e-05,0.015003549695740363
2023-11-13,2021-12-22,9.503749670676836e-06,1.4480957548084603e-05,0.005096566523605149,2023-11-09,250,30046,174,1.0,7.904069721066945e-06,1.4313330866307684e-05,7.904069721066945e-06,1.4313330866307684e-05,0.0028114177421839936,0.0037832962963938845,-0.3456898416863894,-6.409261145240739e-06,0.05382508669490746,0.23563218390804597,0.16666666666666666,1.0,5.84132452288577e-06,1.4097180671384816e-05,0.014773019223349452
2023-11-17,2021-12-27,1.3908630244854961e-05,2.2450823606210182e-05,0.005007643244952822,2023-11-10,250,30132,165,0.01,1.2084574141705244e-05,2.4994097662832914e-05,1.2084574141705244e-05,2.4994097662832914e-05,0.0034762874078109888,0.004999409731441595,-0.43814625919831895,-1.290952352112767e-05,0.0536355491659094,0.21212121212121213,0.10909090909090909,1.0,9.416551781874313e-06,2.8714110462072127e-05,0.014457366235035426
2023-11-20,2021-12-29,1.1698035188489565e-05,2.2681606517849316e-05,0.005008171226738362,2023-11-13,250,30188,188,0.01,1.0512560963764188e-05,2.3617093596926133e-05,1.0512560963764188e-05,2.3617093596926133e-05,0.003242307968679747,0.0048597421327603516,-0.4988527245729888,-1.3104532633161945e-05,0.05354076692802981,0.2553191489361702,0.1702127659574468,1.0,9.076045138508726e-06,2.4750683822160387e-05,0.014439406375474173
2023-11-21,2021-12-31,2.5997708238444313e-05,2.780417602622093e-05,0.004962131104727083,2023-11-17,250,30287,75,100.0,2.3072830346965738e-05,3.371357001655707e-05,2.3072830346965738e-05,3.371357001655707e-05,0.004803418610423803,0.00580633877900326,-0.208792997221404,-1.064073966959133e-05,0.053919841989430436,0.09333333333333334,0.09333333333333334,1.0,1.9730112756704502e-05,4.046716314836982e-05,0.014329106678994407
2023-11-22,2022-01-03,1.5196516703663547e-05,2.40079299755526e-05,0.0049832144355853964,2023-11-20,250,30379,176,100.0,1.4130322294209704e-05,2.7296312890980975e-05,1.4130322294209704e-05,2.7296312890980975e-05,0.0037590320953949973,0.005224587341693215,-0.3898756938238426,-1.3165990596771271e-05,0.05382508669490748,0.16477272727272727,0.18181818181818182,1.0,1.2727434913349389e-05,3.1623132516544625e-05,0.014360403291636327
2023-11-24,2022-01-05,1.5197598286567504e-05,2.2742710407635567e-05,0.004965762375202551,2023-11-21,250,30355,158,100.0,1.486108659255035e-05,2.6080794108745884e-05,1.486108659255035e-05,2.6080794108745884e-05,0.0038550079886493557,0.0051069358825763505,-0.32475364450946875,-1.1219707516195533e-05,0.05391984198943045,0.3291139240506329,0.34177215189873417,1.0,1.4392009685738557e-05,3.073388047999057e-05,0.014305173398971475
2023-11-27,2022-01-07,1.096006796182319e-05,1.8058361150993882e-05,0.0050007895983576345,2023-11-22,250,30482,162,100.0,1.1276850570798437e-05,2.093115232577633e-05,1.1276850570798437e-05,2.093115232577633e-05,0.0033581022275681895,0.0045750576308694006,-0.3623937929318144,-9.654301754977894e-06,0.05391984198943044,0.25308641975308643,0.16666666666666666,1.0,1.1737625274762434e-05,2.5109757670914445e-05,0.014296376015813753
2023-11-29,2022-01-10,1.805895985925296e-05,2.0859667473388072e-05,0.004989495798319329,2023-11-24,250,30594,76,100.0,1.5026347513127844e-05,2.3388466053853344e-05,1.5026347513127844e-05,2.3388466053853344e-05,0.003876383303174216,0.004836162327078501,-0.24759652202566262,-8.3621185407255e-06,0.0532563663004315,0.14473684210526316,0.05263157894736842,1.0,1.18298101753203e-05,2.605395644947891e-05,0.014308003429098983
2023-12-01,2022-01-14,7.860908756741813e-06,1.6668523678103435e-05,0.005001316135825217,2023-11-27,250,30655,127,100.0,8.2486719935572e-06,1.827585891127933e-05,8.2486719935572e-06,1.827585891127933e-05,0.0028720501377164707,0.004275027357956827,-0.4884932897988492,-1.002718691772213e-05,0.05306672093669221,0.2440944881889764,0.1889763779527559,1.0,1.0002036194809397e-05,2.5543809530857292e-05,0.014261919368974585
2023-12-04,2022-01-21,7.416432225971195e-06,1.1898608203835242e-05,0.004967580004183225,2023-11-29,250,30681,178,100.0,9.751427445842512e-06,1.693431650470746e-05,9.751427445842512e-06,1.693431650470746e-05,0.003122727565101143,0.004115132622979175,-0.31780071658152753,-7.182889058864948e-06,0.05287703960076691,0.21910112359550563,0.1348314606741573,1.0,1.28142133835958e-05,2.353959622403336e-05,0.014178043999128734
2023-12-06,2022-01-24,1.1121381852304467e-05,1.5183207388787269e-05,0.004911591355599214,2023-12-01,250,30684,67,100.0,1.3829296795798573e-05,2.2544851124414216e-05,1.3829296795798573e-05,2.2544851124414216e-05,0.003718776249762625,0.004748141860182172,-0.2768022438793549,-8.715554328615643e-06,0.05306672093669224,0.14925373134328357,0.1044776119402985,1.0,1.6791078765245247e-05,3.059664896025619e-05,0.014255672360928603
2023-12-08,2022-01-26,3.663750701941144e-06,1.3924085050343964e-05,0.004890101405260719,2023-12-04,250,30758,118,100.0,9.785823388054045e-06,2.25580337897604e-05,9.785823388054045e-06,2.25580337897604e-05,0.0031282300727494524,0.004749529849338817,-0.5182802220056588,-1.2772210401706356e-05,0.05297188476610573,0.22033898305084745,0.22033898305084745,1.0,1.7294025738947226e-05,3.314683884753528e-05,0.014204962573380183
2023-12-11,2022-01-28,8.29732360948702e-06,1.2282656246816729e-05,0.0048541208931582435,2023-12-06,250,30751,159,100.0,1.1244737639211178e-05,1.870007231715177e-05,1.1244737639211178e-05,1.870007231715177e-05,0.0033533174080619295,0.004324358023701526,-0.2895761114963513,-7.455334677940591e-06,0.05297188476610573,0.2578616352201258,0.2389937106918239,1.0,1.5507151774504574e-05,2.7980643249636292e-05,0.014144154715341155
2023-12-13,2022-01-31,,,,2023-12-08,250,30792,28,100.0,1.6184026779270505e-05,3.508819423934528e-05,1.6184026779270505e-05,3.508819423934528e-05,0.00402293758083201,0.005923528867098166,-0.4724386715125424,-1.8904167460074772e-05,0.05316154811423237,0.07142857142857142,0.14285714285714285,1.0,1.6184026779270505e-05,3.508819423934528e-05,0.014025296272355098
2023-12-15,2022-02-02,2.8483778603654425e-05,1.964825026194652e-05,0.004795315733683306,2023-12-11,250,30852,101,0.01,2.29203004849119e-05,1.9911964049160796e-05,2.29203004849119e-05,1.9911964049160796e-05,0.004787515063674672,0.0044622823811543795,0.06793350583646196,3.0083364357511037e-06,0.0528770396007669,0.2376237623762376,0.2079207920792079,1.0,2.9423563312455596e-06,2.085893628506658e-05,0.013790258680960154
2023-12-18,2022-02-04,1.7559047843189753e-05,1.087310952582738e-05,0.004808422331325606,2023-12-13,250,30811,176,100.0,1.2380079724307215e-05,1.3465199130870944e-05,1.2380079724307215e-05,1.3465199130870944e-05,0.0035185337463647004,0.0036694957597565017,-0.04290480759144999,-1.0851194065637287e-06,0.05297188476610571,0.2159090909090909,0.13636363636363635,1.0,8.064272958571765e-06,1.562527380174058e-05,0.014134645132422817
2023-12-20,2022-02-07,3.262400505743926e-05,5.268774477280094e-06,0.00482380420432619,2023-12-15,250,30825,82,100.0,2.4918220752580523e-05,1.1845538917218119e-05,2.4918220752580523e-05,1.1845538917218119e-05,0.00499181537645179,0.0034417348702679173,0.310524406310411,1.3072681835362404e-05,0.0528770396007669,0.23170731707317074,0.04878048780487805,1.0,1.6827147232478843e-05,1.875114157915304e-05,0.013970628001010867
2023-12-22,2022-02-09,1.8585501663378572e-05,8.505551921805619e-06,0.004879802753236079,2023-12-18,250,30892,191,100.0,1.5432212268968364e-05,1.1803016133252698e-05,1.5432212268968364e-05,1.1803016133252698e-05,0.003928385453206999,0.0034355517945815774,0.12545450656403623,3.6291961357156657e-06,0.05278218543896946,0.24083769633507854,0.1099476439790576,1.0,1.086398532578434e-05,1.658011172163116e-05,0.014033875608208164
2023-12-27,2022-02-11,3.280942332790371e-05,5.014816054313201e-06,0.00492100492100492,2023-12-20,250,30938,82,100.0,2.3438394312319214e-05,1.2473544362083782e-05,2.3438394312319214e-05,1.2473544362083782e-05,0.004841321546057359,0.003531790532022501,0.27049040258466295,1.0964849950235433e-05,0.05306672093669223,0.10975609756097561,0.036585365853658534,1.0,1.35988138459555e-05,2.0305209085242893e-05,0.013946836959949544
2023-12-29,2022-02-14,1.2862729010487548e-05,6.597632079795009e-06,0.004907531769810931,2023-12-22,250,31064,138,100.0,1.0826114030335231e-05,8.19994497455599e-06,1.0826114030335231e-05,8.19994497455599e-06,0.0032903060694007224,0.0028635546047798685,0.12969962539034552,2.626169055779241e-06,0.05306672093669224,0.4855072463768116,0.4057971014492754,1.0,3.7965074859385302e-06,1.373050883711809e-05,0.013916408986972665
2024-01-03,2022-02-16,2.5120154454981262e-05,3.4933148731445726e-06,0.005117431588019824,2023-12-27,250,31042,76,100.0,1.9586629915280685e-05,9.967208149881647e-06,1.9586629915280685e-05,9.967208149881647e-06,0.004425678469486987,0.0031570885559137627,0.2866430361626059,9.619421765399038e-06,0.053161548114232356,0.11842105263157894,0.013157894736842105,1.0,1.433687586479552e-05,1.6109106899606562e-05,0.014035360203110124
2024-01-05,2022-02-23,1.2379870837940673e-05,4.858875835091151e-06,0.005222362706833052,2023-12-29,250,31109,99,0.01,1.240971185488293e-05,1.0104486912035929e-05,1.240971185488293e-05,1.0104486912035929e-05,0.003522742093154554,0.0031787555602839183,0.09764737916496236,2.3052249428470004e-06,0.05335117549699458,0.3838383838383838,0.32323232323232326,1.0,1.2457614539974443e-05,1.8525073114499914e-05,0.014196655110426299
2024-01-08,2022-02-25,1.9615703768186808e-05,6.32660400026024e-06,0.005243404349265921,2024-01-03,250,31122,121,0.01,1.6669370708522794e-05,9.974312368616299e-06,1.6669370708522794e-05,9.974312368616299e-06,0.0040828140673465395,0.003158213477366009,0.22646159602889715,6.695058339906495e-06,0.0532563663004315,0.33884297520661155,0.14049586776859505,1.0,9.71275098431609e-06,1.8586957127234766e-05,0.014177237561976407
2024-01-10,2022-02-28,,,,2024-01-05,250,31107,69,100.0,6.3425710215358354e-06,1.6458438744327653e-05,6.3425710215358354e-06,1.6458438744327653e-05,0.002518446152200963,0.0040569001398022666,-0.6108742830402754,-1.0115867722791817e-05,0.0532563663004315,0.0,0.014492753623188406,1.0,6.3425710215358354e-06,1.6458438744327653e-05,0.013998930108888323
2024-01-12,2022-03-02,1.2177982461171601e-05,7.689682090163951e-06,0.00511881028072633,2024-01-08,250,31119,92,100.0,9.087532106545948e-06,9.55463438967865e-06,9.087532106545948e-06,9.55463438967865e-06,0.0030145533842587608,0.0030910571637675437,-0.02537814719363296,-4.671022831327022e-07,0.05316154811423236,0.43478260869565216,0.30434782608695654,1.0,3.29293769162285e-06,1.3051419951268712e-05,0.013926341975438227
2024-01-17,2022-03-04,,,,2024-01-10,250,31113,42,100.0,2.340366030357357e-05,1.888888189248921e-05,2.340366030357357e-05,1.888888189248921e-05,0.0048377329715036535,0.004346134131902651,0.10161760529089414,4.51477841108436e-06,0.05306672093669224,0.023809523809523808,0.0,1.0,2.340366030357357e-05,1.888888189248921e-05,0.013967980544501294
2024-01-19,2022-03-07,1.2034680121899566e-05,3.0880791924444645e-06,0.005036314478078777,2024-01-12,250,31145,179,0.01,1.176741252994324e-05,8.282237208733726e-06,1.176741252994324e-05,8.282237208733726e-06,0.003430366238456652,0.0028778876296224154,0.16105528402203517,3.4851753212095134e-06,0.05306672093669224,0.27932960893854747,0.12290502793296089,1.0,1.1413369745793301e-05,1.5162810165376644e-05,0.01392225020462129
2024-01-22,2022-03-09,1.2349404871162314e-05,2.610625898750362e-06,0.004959281687199834,2024-01-17,250,31072,193,100.0,1.1553584041889125e-05,7.508629203568495e-06,1.1553584041889125e-05,7.508629203568495e-06,0.0033990563457949804,0.00274018780443394,0.1938386641269233,4.04495483832063e-06,0.05306672093669223,0.30569948186528495,0.17098445595854922,1.0,1.035468513025678e-05,1.4887439377060747e-05,0.013750830172252962
2024-01-24,2022-03-11,1.6867979423760844e-05,5.485448002436267e-06,0.0048673019776616444,2024-01-19,250,31184,85,100.0,1.80341649624263e-05,1.2926650224610963e-05,1.80341649624263e-05,1.2926650224610963e-05,0.0042466651577945606,0.0035953651031030162,0.15336741431005285,5.107514737815338e-06,0.05306672093669222,0.17647058823529413,0.058823529411764705,1.0,1.9173229907169312e-05,2.0194801232316483e-05,0.013681914367033783
2024-01-26,2022-03-14,1.7895068172372025e-05,2.9590409164910108e-06,0.0048926198691867945,2024-01-22,250,31321,139,100.0,1.4293301250578382e-05,4.249451145148569e-06,1.4293301250578382e-05,4.249451145148569e-06,0.003780648257981478,0.002061419691656352,0.4547443848275474,1.0043850105429812e-05,0.05297188476610571,0.39568345323741005,0.1079136690647482,1.0,2.7239893199685034e-06,8.394405212957696e-06,0.013593043460443006
2024-01-29,2022-03-18,1.9712278396362567e-05,3.139532428375214e-06,0.004937116723833281,2024-01-24,250,31279,165,100.0,1.647667957395718e-05,6.33556293852503e-06,1.647667957395718e-05,6.33556293852503e-06,0.004059147641310572,0.0025170544170766414,0.3799056749106168,1.0141116635432149e-05,0.05297188476610573,0.3333333333333333,0.09090909090909091,1.0,1.0346071278873272e-05,1.2391199694598367e-05,0.013610334215547484
2024-01-31,2022-03-21,2.8460728563247386e-05,5.02865651933443e-06,0.005052116570942351,2024-01-26,250,31302,110,100.0,1.7228625341303857e-05,8.367319173006334e-06,1.7228625341303857e-05,8.367319173006334e-06,0.00415073792732134,0.00289263187651079,0.3031041884213739,8.861306168297523e-06,0.05278218543896946,0.15454545454545454,0.02727272727272727,1.0,1.1300570863055886e-05,1.0129391129110954e-05,0.01351384831632341
2024-02-02,2022-03-23,4.705122758311287e-06,4.054509832658355e-06,0.005084020122016483,2024-01-29,250,31322,95,100.0,7.363243352860959e-06,7.761028893328144e-06,7.363243352860959e-06,7.761028893328144e-06,0.0027135296852735845,0.002785862324905548,-0.026656291996551618,-3.977855404671847e-07,0.05278218543896947,0.22105263157894736,0.06315789473684211,1.0,1.1530026987560447e-05,1.357124796140511e-05,0.013560533524121014
2024-02-05,2022-03-25,9.089759959148424e-06,4.790462800126098e-06,0.005111649179445788,2024-01-31,250,31358,182,100.0,6.830544518853522e-06,7.3787696198804065e-06,6.830544518853522e-06,7.3787696198804065e-06,0.002613531044172524,0.0027163890774114826,-0.03935596382843998,-5.482251010268844e-07,0.0528770396007669,0.18681318681318682,0.06043956043956044,1.0,4.894074141457891e-06,9.597318322526953e-06,0.013419263679579246
2024-02-07,2022-03-28,1.5099914492923084e-05,9.652470521843157e-06,0.005018489170628632,2024-02-02,250,31355,72,100.0,1.0828741104184726e-05,1.1845847526166694e-05,1.0828741104184726e-05,1.1845847526166694e-05,0.0032907052593911727,0.0034417797033172667,-0.045909442510826626,-1.0171064219819673e-06,0.05297188476610572,0.125,0.05555555555555555,1.0,6.788441952675466e-06,1.3920663611337608e-05,0.013429314952022353
2024-02-09,2022-03-30,4.381198524047152e-06,9.776849141417023e-06,0.005044604927782497,2024-02-05,250,31410,123,100.0,4.998580867320995e-06,1.052474878783708e-05,4.998580867320995e-06,1.052474878783708e-05,0.0022357506272661525,0.0032441869224563926,-0.45105043598862493,-5.526167920516085e-06,0.05297188476610572,0.21951219512195122,0.12195121951219512,1.0,5.481749657709221e-06,1.1110061554600603e-05,0.013312355514528817
2024-02-12,2022-04-01,3.6322022965953286e-06,5.659278255529812e-06,0.0050833995234312946,2024-02-07,250,31413,133,100.0,5.453200697194264e-06,7.923478389285968e-06,5.453200697194264e-06,7.923478389285968e-06,0.002335208919389069,0.0028148673839607377,-0.20540280597127714,-2.470277692091704e-06,0.05297188476610571,0.24060150375939848,0.13533834586466165,1.0,7.247020017187246e-06,1.0153884491195013e-05,0.013235859936153232
2024-02-14,2022-04-04,3.0064188168963645e-05,9.692861035469108e-06,0.005188067444876784,2024-02-09,250,31425,37,100.0,3.0064188168963645e-05,9.692861035469108e-06,3.0064188168963645e-05,9.692861035469108e-06,0.005483081995462374,0.003113335997843649,0.4321923326296875,2.0371327133494537e-05,0.05306672093669223,0.35135135135135137,0.02702702702702703,1.0,,,
2024-02-16,2022-04-06,1.3717088080685797e-05,4.239602121832661e-06,0.005221364081366257,2024-02-12,250,31443,181,0.01,1.378380802509631e-05,8.15610387869322e-06,1.378380802509631e-05,8.15610387869322e-06,0.0037126551179844742,0.002855889332360976,0.23076902065943017,5.6277041464030885e-06,0.0528770396007669,0.2430939226519337,0.10497237569060773,1.0,1.3880281458230426e-05,1.3819153716315924e-05,0.013214503695145515
2024-02-21,2022-04-08,2.3480923805817978e-05,5.648574467978998e-06,0.005287508261731659,2024-02-14,250,31427,77,100.0,2.1772218575534755e-05,1.0057682074053998e-05,2.1772218575534755e-05,1.0057682074053998e-05,0.004666070999838596,0.003171384882674129,0.3203307701953463,1.1714536501480757e-05,0.05297188476610571,0.11688311688311688,0.0,1.0,1.982619317437886e-05,1.5079165736528306e-05,0.0133541609630405
2024-02-23,2022-04-11,1.4331175225428704e-05,9.523833185896289e-06,0.005206920865650594,2024-02-16,250,31553,159,100.0,1.1879699294974453e-05,1.1309167397605166e-05,1.1879699294974453e-05,1.1309167397605166e-05,0.0034466939659584593,0.0033629105545056005,0.0243083407695468,5.705318973692867e-07,0.05306672093669222,0.2578616352201258,0.18238993710691823,1.0,8.144116924758446e-06,1.402967667259012e-05,0.013071552709359602
2024-02-26,2022-04-18,9.263049653881754e-06,6.519900936567367e-06,0.005259697567389873,2024-02-21,250,31509,124,100.0,9.701342735062262e-06,9.33076743838462e-06,9.701342735062262e-06,9.33076743838462e-06,0.003114697856143074,0.0030546304913008086,0.019285133780727826,3.7057529667764294e-07,0.05316154811423236,0.16129032258064516,0.07258064516129033,1.0,1.0861530302893015e-05,1.6771296413783217e-05,0.013062544058284928
2024-02-28,2022-04-20,1.7192233973683487e-05,5.541339433041949e-06,0.005256529595356729,2024-02-23,250,31539,93,100.0,1.5382846136763604e-05,1.4358334695952926e-05,1.5382846136763604e-05,1.4358334695952926e-05,0.0039220971605460776,0.003789239329463491,0.0338741815014314,1.0245114408106775e-06,0.05306672093669223,0.13978494623655913,0.053763440860215055,1.0,1.4132723631255316e-05,2.0450076877600507e-05,0.01308625056713944
2024-03-01,2022-04-22,9.232471854605362e-06,4.623024450468651e-06,0.005311203319502076,2024-02-26,250,31595,158,100.0,8.328317103523977e-06,7.915621440843947e-06,8.328317103523977e-06,7.915621440843947e-06,0.0028858823786710327,0.002813471421721562,0.025091444296082677,4.126956626800294e-07,0.05306672093669223,0.22151898734177214,0.0949367088607595,1.0,6.192972904161555e-06,1.5691754758538803e-05,0.01305663084553613
2024-03-04,2022-04-25,1.2679880613550032e-05,2.73307108206989e-06,0.005343426472225314,2024-02-28,250,31550,128,100.0,1.1191143474061196e-05,8.14365358608107e-06,1.1191143474061196e-05,8.14365358608107e-06,0.003345316647801998,0.0028537087423353264,0.14695407258074566,3.047489887980125e-06,0.05278218543896944,0.2109375,0.078125,1.0,9.277052866146981e-06,1.510011680552402e-05,0.012935191576484349
2024-03-06,2022-04-27,1.4622147000872653e-05,2.878743472821551e-06,0.005643075476134495,2024-03-01,250,31545,102,100.0,1.3014351388034607e-05,5.68131531422453e-06,1.3014351388034607e-05,5.68131531422453e-06,0.0036075409059405836,0.0023835509883836196,0.3392864972206979,7.333036073810077e-06,0.05325636630043148,0.22549019607843138,0.049019607843137254,1.0,9.497298484951376e-06,1.1811941217293546e-05,0.013079800070980717
2024-03-08,2022-05-02,6.996291169574786e-06,1.5866954115902134e-06,0.005680473372781064,2024-03-04,250,31600,131,100.0,6.934294691845924e-06,5.116289444068307e-06,6.934294691845924e-06,5.116289444068307e-06,0.0026333048991421266,0.0022619216264204,0.1410331453994238,1.8180052477776172e-06,0.053256366300431505,0.366412213740458,0.16030534351145037,1.0,6.8673778587417565e-06,8.926009987060536e-06,0.012885944328975739
2024-03-11,2022-05-04,1.2282374364011884e-05,3.1913136213405483e-06,0.005622913371990862,2024-03-06,250,31604,157,100.0,1.0692984728206346e-05,5.556856103340671e-06,1.0692984728206346e-05,5.556856103340671e-06,0.0032700129553575696,0.002357298475658242,0.27911647206288337,5.136128624865675e-06,0.053161548114232356,0.4394904458598726,0.267515923566879,1.0,8.443387089835432e-06,8.905008539402384e-06,0.012963755569452045
2024-03-13,2022-05-06,,,,2024-03-08,250,31664,35,100.0,9.337657888117456e-06,1.4191954760676945e-05,9.337657888117456e-06,1.4191954760676945e-05,0.0030557581527531686,0.0037672210926194584,-0.23282697919836282,-4.854296872559489e-06,0.05335117549699458,0.17142857142857143,0.08571428571428572,1.0,9.337657888117456e-06,1.4191954760676945e-05,0.012836822245442935
2024-03-15,2022-05-09,2.705768673330073e-05,1.1233225873252338e-05,0.005549132947976877,2024-03-11,250,31740,112,100.0,2.1905954079952298e-05,1.0601766386468217e-05,2.1905954079952298e-05,1.0601766386468217e-05,0.004680379693994099,0.0032560353785651987,0.3043223859074149,1.130418769348408e-05,0.053351175496994564,0.33035714285714285,0.2857142857142857,1.0,4.865607611184409e-06,8.51309269941305e-06,0.012882441013690647
2024-03-18,2022-05-11,2.7014721433083096e-05,7.329872815551945e-06,0.005561348627042056,2024-03-13,250,31655,140,100.0,2.0058005466707355e-05,9.473437423021892e-06,2.0058005466707355e-05,9.473437423021892e-06,0.004478616467918118,0.003077894966210168,0.31275763659197064,1.0584568043685463e-05,0.053351175496994585,0.17857142857142858,0.07142857142857142,1.0,1.3101289500331621e-05,1.1617002030491837e-05,0.013185858031108404
2024-03-20,2022-05-13,1.538684591941256e-05,6.15500609216921e-06,0.0054520672421626525,2024-03-15,250,31727,113,0.01,1.5741076497793272e-05,1.0136132474991345e-05,1.5741076497793272e-05,1.0136132474991345e-05,0.0039675025517059564,0.003183729334442761,0.1975482578898876,5.604944022801927e-06,0.053351175496994564,0.22123893805309736,0.13274336283185842,1.0,1.6387547303338078e-05,1.740168812364174e-05,0.0130355160846212
2024-03-22,2022-05-16,1.2340135726515864e-05,6.085026531995471e-06,0.005601913987278983,2024-03-18,250,31809,185,0.01,1.0946890860302777e-05,8.978299323140493e-06,1.0946890860302777e-05,8.978299323140493e-06,0.0033086085988377014,0.002996381037708738,0.09436823722172749,1.9685915371622832e-06,0.05335117549699457,0.21081081081081082,0.17297297297297298,1.0,8.857023560983141e-06,1.3318208509858024e-05,0.012873508234392952
2024-03-25,2022-05-18,9.612684600361256e-06,5.179091128915839e-06,0.0055723241235198515,2024-03-20,250,31859,182,0.01,9.317601164151153e-06,7.974315649925255e-06,9.317601164151153e-06,7.974315649925255e-06,0.0030524745968068517,0.002823883080073475,0.0748872789875149,1.3432855142258978e-06,0.05316154811423236,0.24175824175824176,0.14285714285714285,1.0,8.845467666214991e-06,1.2446674883540323e-05,0.012897960514955583
2024-03-27,2022-05-20,1.4880903267663512e-05,4.326340487664281e-06,0.005656708502739968,2024-03-22,250,31969,78,0.01,1.2870891506426159e-05,9.582436136512505e-06,1.2870891506426159e-05,9.582436136512505e-06,0.0035876024732997046,0.003095551023083371,0.1371532810221776,3.288455369913653e-06,0.053161548114232356,0.1282051282051282,0.0641025641025641,1.0,1.0755089652492095e-05,1.5115168398458003e-05,0.012957626105896186
2024-04-01,2022-05-23,1.0520048063116845e-05,4.282115760574376e-06,0.00559832050384885,2024-03-25,250,32017,101,0.01,1.0520048063116845e-05,4.282115760574376e-06,1.0520048063116845e-05,4.282115760574376e-06,0.0032434623572837784,0.002069327369116442,0.362000497872468,6.237932302542469e-06,0.05316154811423236,0.3564356435643564,0.1782178217821782,1.0,,,
2024-04-03,2022-05-25,2.1296711548100792e-05,5.268344336964874e-06,0.0056858564321250905,2024-03-27,250,31950,106,0.01,1.4956702905253117e-05,9.25390374797418e-06,1.4956702905253117e-05,9.25390374797418e-06,0.003867389675899381,0.003042022969665775,0.2134170009753834,5.702799157278937e-06,0.05278218543896945,0.09433962264150944,0.02830188679245283,1.0,1.1556988125755087e-05,1.1391087779964678e-05,0.01295687687919204
2024-04-05,2022-05-27,9.836702946034786e-06,4.132694097874087e-06,0.00568653003198673,2024-04-01,250,31976,109,1.0,1.3196294002624196e-05,6.20044690768557e-06,1.3196294002624196e-05,6.20044690768557e-06,0.0036326703680108654,0.0024900696592034467,0.31453465166261985,6.995847094938626e-06,0.05268732227900648,0.3211009174311927,0.1559633027522936,1.0,1.9226329232400073e-05,9.911798104783097e-06,0.013102590289824002
2024-04-08,2022-06-01,1.5761205373603215e-05,6.075847958573715e-06,0.005661044934544167,2024-04-03,250,31964,168,100.0,1.3906774424476517e-05,7.2201245387164285e-06,1.3906774424476517e-05,7.2201245387164285e-06,0.0037291787868747347,0.0026870289426644493,0.2794582678305072,6.6866498857600885e-06,0.05287703960076691,0.31547619047619047,0.20833333333333334,1.0,1.143419982564092e-05,8.745826645573382e-06,0.012967123816137184
2024-04-10,2022-06-03,3.410425967130657e-05,1.1057952107463997e-05,0.005658042081687983,2024-04-05,250,32001,64,100.0,2.3285940288932093e-05,9.566543374506673e-06,2.3285940288932093e-05,9.566543374506673e-06,0.004825550775707587,0.003092982925026692,0.35904043521888807,1.371939691442542e-05,0.05287703960076691,0.203125,0.0625,1.0,1.635112017202538e-05,8.610512135431464e-06,0.01294490102441654
2024-04-12,2022-06-06,1.1599338314551372e-05,4.169420821894381e-06,0.005484460694698355,2024-04-08,250,32107,129,100.0,1.2611956711780385e-05,5.040423878668533e-06,1.2611956711780385e-05,5.040423878668533e-06,0.003551331681465473,0.002245088835362319,0.36781775493415114,7.571532833111852e-06,0.05306672093669224,0.2558139534883721,0.15503875968992248,1.0,1.341361294292002e-05,5.729967965281404e-06,0.012977888030888032
2024-04-15,2022-06-08,2.066451324544134e-05,1.1397292895758982e-05,0.005437553101104504,2024-04-10,250,32051,170,100.0,1.8899965050200834e-05,8.524871426823713e-06,1.8899965050200834e-05,8.524871426823713e-06,0.0043474090042461885,0.0029197382462857373,0.328395777017074,1.037509362337712e-05,0.05306672093669224,0.25882352941176473,0.21764705882352942,1.0,1.6867384217708606e-05,5.216132772733717e-06,0.013159530194773417
2024-04-19,2022-06-10,3.7407960231695524e-05,1.710845929043142e-05,0.005747126436781608,2024-04-12,250,32120,194,100.0,3.2808411937201914e-05,1.337774706979769e-05,3.2808411937201914e-05,1.337774706979769e-05,0.005727862772204124,0.0036575602619502647,0.36144415335865165,1.9430664867404223e-05,0.053161548114232356,0.14948453608247422,0.10309278350515463,1.0,2.6526102071552104e-05,8.28214013429796e-06,0.013458011691223572
2024-04-22,2022-06-13,2.819873411372009e-05,1.1418100980199657e-05,0.0058181818181818196,2024-04-15,250,32232,200,100.0,2.393411196883714e-05,1.018775156175029e-05,2.393411196883714e-05,1.018775156175029e-05,0.004892250194832347,0.0031918257411316007,0.3475751210551117,1.374636040708685e-05,0.053066720936692235,0.17,0.09,1.0,1.7668802891786883e-05,8.380201181559236e-06,0.013576512642378217
2024-04-24,2022-06-17,3.400181579749728e-05,1.386936565955053e-05,0.005751947273816654,2024-04-19,250,32294,80,0.01,3.2784378754179316e-05,1.8031577945191617e-05,3.2784378754179316e-05,1.8031577945191617e-05,0.00572576446897524,0.004246360552896046,0.25837666290593475,1.4752800808987699e-05,0.053066720936692235,0.2375,0.1,1.0,3.162632888370613e-05,2.199075548519167e-05,0.013294860081083753
2024-04-26,2022-06-22,2.6484178116665113e-05,9.838365868003502e-06,0.005650715168638535,2024-04-22,250,32367,179,0.01,2.109768680765304e-05,1.0298566969146835e-05,2.109768680765304e-05,1.0298566969146835e-05,0.004593221833054989,0.003209138041460173,0.30133179757056305,1.0799119838506204e-05,0.05325636630043149,0.18994413407821228,0.11731843575418995,1.0,1.2305031876765675e-05,1.104977759013081e-05,0.013351895767542551
2024-04-29,2022-06-27,3.0903725465143225e-05,1.2200962959601471e-05,0.005670407560543413,2024-04-24,250,32375,183,0.01,2.289718699913598e-05,1.1249568682502492e-05,2.289718699913598e-05,1.1249568682502492e-05,0.0047851005213199,0.003354037668617109,0.29906641382489774,1.1647618316633487e-05,0.05316154811423236,0.15300546448087432,0.1092896174863388,1.0,1.1103772231638783e-05,9.848190625694537e-06,0.013226588753787433
2024-05-01,2022-06-29,3.935665279606492e-05,2.2955964923786126e-05,0.005636118123642341,2024-04-26,250,32437,40,100.0,3.935665279606492e-05,2.2955964923786126e-05,3.935665279606492e-05,2.2955964923786126e-05,0.006273488088461229,0.0047912383497156685,0.2362720256808727,1.6400687872278793e-05,0.05316154811423236,0.175,0.05,1.0,,,
2024-05-03,2022-07-01,7.005858565397962e-06,9.86565057829458e-06,0.0055481708374270355,2024-04-29,250,32546,147,100.0,6.807335802980906e-06,1.0343370498019474e-05,6.807335802980906e-06,1.0343370498019474e-05,0.002609087158946766,0.003216111082972644,-0.23265758751843357,-3.536034695038568e-06,0.053161548114232356,0.1564625850340136,0.17006802721088435,1.0,6.582918767205105e-06,1.0883401711621526e-05,0.01331118151396947
2024-05-06,2022-07-06,1.2300664946294721e-05,1.0907550200524036e-05,0.005235031082997056,2024-05-01,250,32449,160,0.01,9.591562015052217e-06,1.1049955953912274e-05,9.591562015052217e-06,1.1049955953912274e-05,0.0030970247036554645,0.003324147402554868,-0.07333577243711598,-1.458393938860057e-06,0.053066720936692235,0.11875,0.1,1.0,6.018687134717897e-06,1.1237766440264876e-05,0.013148205519372567
2024-05-08,2022-07-08,1.92353689616836e-05,1.061559056365483e-05,0.00526315789473684,2024-05-03,250,32529,77,0.01,1.3338746621721472e-05,1.2717541762124955e-05,1.3338746621721472e-05,1.2717541762124955e-05,0.0036522248865207456,0.0035661662555361824,0.02356334389543735,6.21204859596517e-07,0.053066720936692235,0.07792207792207792,0.1038961038961039,1.0,7.286950009655081e-06,1.4874807465817983e-05,0.012999470162818582
2024-05-10,2022-07-11,1.6804140327204304e-05,2.4368252423519662e-05,0.0052012786476675526,2024-05-06,250,32625,128,0.01,1.0219406563385375e-05,1.8468703509122814e-05,1.0219406563385375e-05,1.8468703509122814e-05,0.003196780656126625,0.004297522950389307,-0.34432837678528583,-8.249296945737439e-06,0.053161548114232356,0.2421875,0.109375,1.0,4.4093473600157355e-06,1.3263219172890311e-05,0.012923748005459751
2024-05-13,2022-07-15,1.627168906283513e-05,1.3882129339946412e-05,0.005299098606937995,2024-05-08,250,32577,181,0.01,9.720361680013328e-06,1.1355358054773463e-05,9.720361680013328e-06,1.1355358054773463e-05,0.0031177494575435867,0.003369771216978011,-0.08083451312120093,-1.6349963747601352e-06,0.05325636630043149,0.3425414364640884,0.2541436464088398,1.0,3.5212561994937733e-06,8.9644346881582e-06,0.01290712310882421
2024-05-17,2022-07-18,3.071144076110057e-05,2.270635922065377e-05,0.005109565950273913,2024-05-10,250,32568,171,0.01,2.264845978551075e-05,2.2634853603586592e-05,2.264845978551075e-05,2.2634853603586592e-05,0.004759039796588252,0.004757610072671634,0.00030042276966091297,1.3606181924156612e-08,0.053066720936692235,0.23391812865497075,0.17543859649122806,1.0,9.820990051617845e-06,2.252109466734335e-05,0.012715477879286535
2024-05-20,2022-07-20,2.5526676555723133e-05,1.887066902452742e-05,0.005108758624321905,2024-05-13,250,32617,169,0.01,1.913088322894685e-05,1.8819349428638528e-05,1.913088322894685e-05,1.8819349428638528e-05,0.004373886513039273,0.004338127410374035,0.008175589960698448,3.115338003083218e-07,0.053161548114232356,0.21893491124260356,0.20710059171597633,1.0,9.149569400795989e-06,1.8739259756266475e-05,0.012697225422608366
2024-05-22,2022-07-22,4.70449536734791e-05,2.5582493629088614e-05,0.005042890564075902,2024-05-17,250,32709,73,100.0,2.9291464539264963e-05,2.3326488780985213e-05,2.9291464539264963e-05,2.3326488780985213e-05,0.005412158953621462,0.004829750384956267,0.10761113515993193,5.9649757582797504e-06,0.053066720936692235,0.2465753424657534,0.1506849315068493,1.0,1.2017799435705269e-05,2.1131457036884604e-05,0.012651584613068353
2024-05-24,2022-07-25,2.409236040149825e-05,1.6339216254701813e-05,0.005190496575342463,2024-05-20,250,32720,177,100.0,1.747204522570867e-05,1.6665495108296633e-05,1.747204522570867e-05,1.6665495108296633e-05,0.004179957562668391,0.004082339416106484,0.02335386067881262,8.065501174120377e-07,0.05316154811423236,0.2598870056497175,0.2033898305084746,1.0,8.257282210758306e-06,1.7119639999111043e-05,0.01278147767891094
2024-05-29,2022-07-27,2.4681919905327842e-05,1.001788620880217e-05,0.0051055318700984256,2024-05-22,250,32634,73,100.0,2.2078206216587356e-05,1.5067473524555465e-05,2.2078206216587356e-05,1.5067473524555465e-05,0.004698745174680934,0.003881684366941169,0.17388915069122612,7.010732692031891e-06,0.053161548114232356,0.2054794520547945,0.0821917808219178,1.0,1.892218962417465e-05,2.118818542243825e-05,0.012688597799211039
2024-05-31,2022-07-29,8.768121387330815e-06,5.5489843465829445e-06,0.005070834858068902,2024-05-24,250,32738,125,100.0,7.889603857711908e-06,6.830888741780174e-06,7.889603857711908e-06,6.830888741780174e-06,0.0028088438649579487,0.0026135968973390244,0.06951150615908208,1.0587151159317341e-06,0.05316154811423236,0.408,0.344,1.0,4.375533739236286e-06,1.1958506322569088e-05,0.012863408660377718
2024-06-03,2022-08-01,7.877741849745777e-06,4.108803642449301e-06,0.005045513654096229,2024-05-29,250,32685,173,100.0,7.607590075240996e-06,7.195133312407521e-06,7.607590075240996e-06,7.195133312407521e-06,0.002758186011718752,0.0026823745660156267,0.027485980053928216,4.1245676283347484e-07,0.053161548114232356,0.3468208092485549,0.15606936416184972,1.0,7.1904439528439125e-06,1.1960789420431243e-05,0.012747304548988377
2024-06-05,2022-08-03,1.3778430853295611e-05,6.141599753781851e-06,0.004990995626447132,2024-05-31,250,32717,73,100.0,1.2509350286456848e-05,1.1483049717840066e-05,1.2509350286456848e-05,1.1483049717840066e-05,0.0035368559889337944,0.0033886648872144417,0.0418991053588319,1.0263005686167825e-06,0.053730322420967806,0.136986301369863,0.1095890410958904,1.0,1.0971070811500766e-05,1.7957534522759114e-05,0.01272269725013721
2024-06-07,2022-08-05,4.206316626408605e-06,5.202238128701436e-06,0.004987659399424103,2024-06-03,250,32858,128,100.0,7.010889009421374e-06,1.1153900774785001e-05,7.010889009421374e-06,1.1153900774785001e-05,0.0026478083407643713,0.0033397456152804515,-0.2613245316374866,-4.143011765363627e-06,0.05363554916590941,0.1953125,0.21875,1.0,1.1109879415363112e-05,1.9852484642137903e-05,0.01257349717577526
2024-06-10,2022-08-08,1.0630998242186547e-05,7.50947742826623e-06,0.004926608766316218,2024-06-05,250,32824,146,100.0,1.1305768675626627e-05,1.1726269368846411e-05,1.1305768675626627e-05,1.1726269368846411e-05,0.003362405192065142,0.003424364082402222,-0.018426955348300966,-4.205006932197842e-07,0.053730322420967806,0.3287671232876712,0.2602739726027397,1.0,1.2641538717334535e-05,2.007379627162759e-05,0.012588801707833186
2024-06-12,2022-08-10,,,,2024-06-07,250,32809,28,100.0,1.0438754941956287e-05,2.0322465874753562e-05,1.0438754941956287e-05,2.0322465874753562e-05,0.0032309062106406442,0.004508044573288242,-0.3952879716661162,-9.883710932797275e-06,0.05373032242096779,0.0,0.03571428571428571,1.0,1.0438754941956287e-05,2.0322465874753562e-05,0.012519873358785735
2024-06-14,2022-08-12,1.3454677617726011e-05,6.206043239684719e-06,0.004527632561613144,2024-06-10,250,32880,88,100.0,1.2518165555627964e-05,8.873206981639015e-06,1.2518165555627964e-05,8.873206981639015e-06,0.003538101970778678,0.0029787928732355686,0.15808167830166153,3.6449585739889493e-06,0.05363554916590941,0.38636363636363635,0.32954545454545453,1.0,9.530246119410381e-06,1.7382729396445583e-05,0.012392932067471654
2024-06-17,2022-08-15,7.3935026819906045e-06,3.973965625060711e-06,0.00456492070215069,2024-06-12,250,32809,89,100.0,8.455350086930553e-06,7.003380631888204e-06,8.455350086930553e-06,7.003380631888204e-06,0.002907808468061566,0.0026463901133219575,0.08990219184342563,1.4519694550423488e-06,0.05363554916590941,0.3595505617977528,0.3707865168539326,1.0,1.2118723633973379e-05,1.7454862405443058e-05,0.009366923983934562
2024-06-21,2022-08-19,2.2227420175992e-05,7.426197470286147e-06,0.004626096909576496,2024-06-14,250,32759,73,0.01,1.9684655668177433e-05,1.1062479467443277e-05,1.9684655668177433e-05,1.1062479467443277e-05,0.0044367393058616185,0.0033260305872681445,0.25034347118976674,8.622176200734155e-06,0.05354076692802982,0.3287671232876712,0.3013698630136986,1.0,1.6923939916835898e-05,1.5010442778642448e-05,0.009294659963436928
2024-06-24,2022-08-22,1.4866114681477249e-05,9.695842976891327e-06,0.004674924092727361,2024-06-17,250,32702,186,0.01,1.3007798553611436e-05,1.0333243370661618e-05,1.3007798553611436e-05,1.0333243370661618e-05,0.0036066325781276133,0.0032145362605921273,0.10871534847030162,2.674555182949818e-06,0.05344597570562602,0.2956989247311828,0.1989247311827957,1.0,1.0257490684370037e-05,1.1276595953441649e-05,0.012567635121485373
2024-06-26,2022-08-24,1.5097272786231913e-05,4.959621737274101e-06,0.004639594394222032,2024-06-21,250,32623,84,0.01,1.451808274737431e-05,9.649127016100507e-06,1.451808274737431e-05,9.649127016100507e-06,0.0038102601941828475,0.0031063043984935713,0.18475268349495155,4.868955731273803e-06,0.053445975705626,0.17857142857142858,0.10714285714285714,1.0,1.3849786548692462e-05,1.506009464551559e-05,0.012560253657104052
2024-06-28,2022-08-26,1.4856203654448097e-05,2.079020452462337e-05,0.0045305931807566565,2024-06-24,250,32729,152,0.01,1.2555773129856125e-05,1.7820860941426737e-05,1.2555773129856125e-05,1.7820860941426737e-05,0.003543412638947957,0.004221476156681065,-0.19135889235142134,-5.265087811570613e-06,0.05344597570562602,0.3355263157894737,0.3355263157894737,1.0,9.860983086762667e-06,1.4342487029682106e-05,0.012524851291249514
2024-07-01,2022-08-29,1.5222067808311403e-05,7.628838128607532e-06,0.004605450574494351,2024-06-26,250,32672,97,0.01,1.5222067808311403e-05,7.628838128607532e-06,1.5222067808311403e-05,7.628838128607532e-06,0.0039015468481502823,0.0027620351425366643,0.292066646887467,7.593229679703871e-06,0.05335117549699457,0.3711340206185567,0.28865979381443296,1.0,,,
2024-07-03,2022-08-31,,,,2024-06-28,250,32680,69,0.01,9.980342036072375e-06,1.3726908109972977e-05,9.980342036072375e-06,1.3726908109972977e-05,0.003159167934135882,0.0037049842253338914,-0.17277216741164003,-3.7465660739006018e-06,0.0532563663004315,0.028985507246376812,0.014492753623188406,1.0,9.980342036072375e-06,1.3726908109972977e-05,0.012464623595198631
2024-07-05,2022-09-02,1.0830271740431114e-05,5.775930411974829e-06,0.004378244188670728,2024-07-01,250,32701,135,0.01,1.1314353601131837e-05,8.334680194441438e-06,1.1314353601131837e-05,8.334680194441438e-06,0.0033636815546558264,0.0028869846197098867,0.1417188063733683,2.9796734066903987e-06,0.053256366300431505,0.34074074074074073,0.2814814814814815,1.0,1.2596516367312135e-05,1.5111909348001646e-05,0.012409246364196862
2024-07-08,2022-09-07,8.449871126801799e-06,5.65959678373822e-06,0.004285588053371036,2024-07-03,250,32615,204,1.0,7.419359028468522e-06,8.254048785549073e-06,7.419359028468522e-06,8.254048785549073e-06,0.002723850037808345,0.002872986039915452,-0.054751913665226803,-8.346897570805501e-07,0.053161548114232356,0.2696078431372549,0.23039215686274508,1.0,6.213440615525324e-06,1.1290109638731986e-05,0.012338098586470503
2024-07-10,2022-09-09,1.8303334570748267e-05,1.1333165402991532e-05,0.0042417351757914985,2024-07-05,250,32675,68,100.0,1.490119775903795e-05,1.1529959553207454e-05,1.490119775903795e-05,1.1529959553207454e-05,0.0038602069580578125,0.0033955794134738555,0.12036337679100118,3.371238205830495e-06,0.05316154811423236,0.20588235294117646,0.17647058823529413,1.0,1.205075880868606e-05,1.16948411385235e-05,0.012311904933251775
2024-07-12,2022-09-12,3.8408962634366265e-06,3.399167197784372e-06,0.004262424748429054,2024-07-08,250,32798,133,100.0,5.963229519436915e-06,7.169004335103439e-06,5.963229519436915e-06,7.169004335103439e-06,0.0024419724649219357,0.002677499642409582,-0.09644956315884401,-1.2057748156665245e-06,0.05297188476610571,0.24812030075187969,0.2631578947368421,1.0,8.053886159676006e-06,1.0882575246492373e-05,0.012297302688326626
2024-07-15,2022-09-16,6.260942752007227e-06,6.06418697719787e-06,0.004207512796044069,2024-07-10,250,32715,174,100.0,7.098726163265453e-06,7.060157099648058e-06,7.098726163265453e-06,7.060157099648058e-06,0.0026643434769686608,0.002657095613569082,0.002720318705989322,3.856906361739474e-08,0.0528770396007669,0.3103448275862069,0.3103448275862069,1.0,8.436678775274859e-06,8.650736250426717e-06,0.012220223575420987
2024-07-19,2022-09-19,1.1255811100452376e-05,1.4218027731802831e-05,0.004326880185565172,2024-07-12,250,32689,206,100.0,1.6678641463690567e-05,1.3077776065053673e-05,1.6678641463690567e-05,1.3077776065053673e-05,0.004083949248422483,0.003616320791226032,0.11450398346088242,3.600865398636894e-06,0.05287703960076691,0.2815533980582524,0.2621359223300971,1.0,2.557764513669683e-05,1.1206593842696084e-05,0.012382301957804076
2024-07-22,2022-09-21,9.002948299558238e-06,1.2074313268496894e-05,0.004324372520172973,2024-07-15,250,32749,201,100.0,1.2918737483085233e-05,1.139608108803732e-05,1.2918737483085233e-05,1.139608108803732e-05,0.0035942645260310536,0.0033758082125673727,0.060779141847111084,1.5226563950479126e-06,0.052877039600766916,0.22885572139303484,0.208955223880597,1.0,1.9224683700713114e-05,1.030386303119334e-05,0.012465077688118182
2024-07-24,2022-09-23,1.6457488671488544e-05,2.785534510096e-05,0.004310919514688236,2024-07-19,250,32870,86,100.0,2.9347575069266013e-05,2.1188333111498506e-05,2.9347575069266013e-05,2.1188333111498506e-05,0.0054173402209263186,0.004603078655801843,0.15030652163567515,8.159241957767506e-06,0.052687322279006486,0.13953488372093023,0.1744186046511628,1.0,4.223766146704349e-05,1.4521321122037012e-05,0.012357259200404497
2024-07-26,2022-09-26,7.719469019229274e-06,1.8262857925009682e-05,0.004459975171272242,2024-07-22,250,32902,204,100.0,1.2198947082908235e-05,1.4547623436352993e-05,1.2198947082908235e-05,1.4547623436352993e-05,0.0034926991114191666,0.0038141346903790632,-0.09203070997698681,-2.3486763534447577e-06,0.052497568957753996,0.21568627450980393,0.2647058823529412,1.0,1.990364935243605e-05,8.157420115863484e-06,0.012710022102115486
2024-07-29,2022-09-28,7.715152542020046e-06,2.0417670881053755e-05,0.004450357863828226,2024-07-24,250,32824,209,0.01,1.2073423324077502e-05,1.5868340519871843e-05,1.2073423324077502e-05,1.5868340519871843e-05,0.0034746831976566585,0.003983508569072224,-0.14643791749380775,-3.7949171957943404e-06,0.05240267879304836,0.20095693779904306,0.19138755980861244,1.0,2.002432272377692e-05,7.568886482580515e-06,0.012569250973477334
2024-08-12,2022-09-30,2.1564303501349806e-06,5.7070583568407675e-06,0.0033758786533481305,2024-07-26,250,32945,37,0.01,2.1564303501349806e-06,5.7070583568407675e-06,2.1564303501349806e-06,5.7070583568407675e-06,0.0014684789239668987,0.0023889450301002673,-0.626816014251572,-3.550628006705787e-06,0.05192809286035919,0.5135135135135135,0.5945945945945946,1.0,,,
2024-08-14,2022-10-03,,,,2024-07-29,250,33013,40,100.0,8.347860639700114e-06,1.0313947178242024e-05,8.347860639700114e-06,1.0313947178242024e-05,0.0028892664535656995,0.003211533462108409,-0.11153938680352371,-1.9660865385419094e-06,0.05183314864001729,0.025,0.025,1.0,8.347860639700114e-06,1.0313947178242024e-05,0.012624904066120582
2024-08-16,2022-10-05,2.062589927153816e-05,5.941704314715725e-06,0.004360982556069775,2024-08-12,250,32914,156,0.01,1.6943137313183793e-05,6.5713037350956366e-06,1.6943137313183793e-05,6.5713037350956366e-06,0.004116204236087393,0.0025634554287320144,0.37722831965969805,1.0371833578088157e-05,0.05202302806715192,0.3333333333333333,0.24358974358974358,1.0,4.211303114301552e-06,8.747918874123338e-06,0.012373122751188816
2024-08-19,2022-10-07,2.0586015485814338e-05,1.3942235674174166e-05,0.00433532404335324,2024-08-14,250,32876,218,100.0,1.555865690897328e-05,1.3370656196252206e-05,1.555865690897328e-05,1.3370656196252206e-05,0.003944446337443733,0.003656590788733709,0.0729774280302603,2.1880007127210725e-06,0.05192809286035919,0.2798165137614679,0.23394495412844038,1.0,8.542453180854436e-06,1.2572957364427052e-05,0.0123454438851906
2024-08-21,2022-10-10,2.9937879630928408e-05,8.517165503020214e-06,0.004326519800450311,2024-08-16,250,32958,88,0.01,2.2772913147488998e-05,1.1085185410446097e-05,2.2772913147488998e-05,1.1085185410446097e-05,0.004772097353102616,0.0033294422071040814,0.3023105019139186,1.16877277370429e-05,0.0515482618805766,0.23863636363636365,0.07954545454545454,1.0,1.3770775770859996e-05,1.4311671960801693e-05,0.012248439233935923
2024-08-23,2022-10-14,1.8329640650050744e-05,1.0120850135048483e-05,0.004364672872221974,2024-08-19,250,33008,205,0.01,1.4061310944684324e-05,1.0233395482290766e-05,1.4061310944684324e-05,1.0233395482290766e-05,0.003749841455939747,0.0031989678776584746,0.14690583182088646,3.827915462393558e-06,0.05145328158891569,0.25365853658536586,0.13170731707317074,1.0,7.787380534386698e-06,1.0398823583056533e-05,0.012303050951062527
2024-08-26,2022-10-17,1.2803803128407519e-05,1.009956657893672e-05,0.004320225709751366,2024-08-21,250,33010,192,0.01,1.1446686792208984e-05,1.0526279947586734e-05,1.1446686792208984e-05,1.0526279947586734e-05,0.0033832952564340265,0.0032444228990048036,0.0410464789217343,9.204068446222494e-07,0.05116828657439943,0.25,0.15104166666666666,1.0,9.282636418270777e-06,1.1206714778677296e-05,0.012173701812747939
2024-08-28,2022-10-19,2.1096579290802653e-05,9.71240312538028e-06,0.00429768012980748,2024-08-23,250,33136,81,0.01,1.8540138447231864e-05,1.1779677723223758e-05,1.8540138447231864e-05,1.1779677723223758e-05,0.004305826105085047,0.003432153511022454,0.20290475572871203,6.760460724008106e-06,0.050978244764629435,0.2716049382716049,0.09876543209876543,1.0,1.5180244767110253e-05,1.4496667194675186e-05,0.012186058479948714
2024-08-30,2022-10-24,1.3822309453363968e-05,3.4211648670284075e-06,0.004264763479698855,2024-08-26,250,33244,146,0.01,1.1970226944043479e-05,5.182152781664355e-06,1.1970226944043479e-05,5.182152781664355e-06,0.0034598015758195554,0.002276434225200534,0.3420333000856288,6.788074162379124e-06,0.050883210314569785,0.3082191780821918,0.2191780821917808,1.0,5.099598280435215e-06,1.1714849884346096e-05,0.012256117130831915
2024-09-04,2022-10-26,1.3312006449941053e-05,1.1840432676056623e-05,0.004399156080262152,2024-08-28,250,33167,82,0.01,1.4285613591624053e-05,9.679559511062805e-06,1.4285613591624053e-05,9.679559511062805e-06,0.003779631409492737,0.0031111990471621716,0.17685120317599312,4.606054080561248e-06,0.050598052763091386,0.17073170731707318,0.06097560975609756,1.0,1.546973038556284e-05,7.051470526610866e-06,0.012395310462251846
2024-09-06,2022-10-28,7.56039580678903e-06,1.1259229972156053e-05,0.004406871121503731,2024-08-30,250,33229,118,0.01,1.1509674026195707e-05,9.854948359384623e-06,1.1509674026195707e-05,9.854948359384623e-06,0.003392591049064963,0.0031392592055108515,0.07467208392945934,1.6547256668110833e-06,0.050217716160617404,0.3050847457627119,0.3220338983050847,1.0,1.9509494009096416e-05,7.01037791300148e-06,0.01245101617510598
2024-09-09,2022-10-31,1.612442700071747e-05,1.3375451576037666e-05,0.0044380038040032635,2024-09-04,250,33156,166,0.01,1.2985227800120498e-05,9.758123492306427e-06,1.2985227800120498e-05,9.758123492306427e-06,0.003603502157640605,0.003123799528187817,0.133121227202726,3.227104307814071e-06,0.05002749359964816,0.3674698795180723,0.2469879518072289,1.0,8.78489084157525e-06,4.918036619708293e-06,0.012664155377896221
2024-09-11,2022-11-02,,,,2024-09-06,250,33165,36,100.0,9.375711876643063e-06,8.019332484920738e-06,9.375711876643063e-06,8.019332484920738e-06,0.003061978425241279,0.0028318425953644984,0.07515919380086633,1.3563793917223249e-06,0.04936142953772411,0.25,0.1111111111111111,1.0,9.375711876643063e-06,8.019332484920738e-06,0.01246962043769019
2024-09-12,2022-11-04,3.6832495092095586e-06,2.0914130102106685e-06,0.004401329381119195,2024-09-09,250,33252,88,100.0,6.371435106837805e-06,5.603187556117687e-06,6.371435106837805e-06,5.603187556117687e-06,0.0025241701818296256,0.0023671053115815713,0.06222435847578511,7.682475507201182e-07,0.049742091894814065,0.32954545454545453,0.2840909090909091,1.0,1.3145662812860988e-05,1.445285941180337e-05,0.01234299448071859
2024-09-13,2022-11-07,2.9919148535270723e-06,1.7002533873355795e-06,0.004399156080262153,2024-09-11,250,33178,89,100.0,4.765290727635268e-06,4.800870969837941e-06,4.765290727635268e-06,4.800870969837941e-06,0.002182954586709322,0.002191088991765953,-0.0037263281179353847,-3.558024220267321e-08,0.0493614295377241,0.23595505617977527,0.1797752808988764,1.0,9.305132965352248e-06,1.2738451981043988e-05,0.012239895186821441
2024-09-16,2022-11-09,1.7414561770842545e-05,1.7999389965986245e-05,0.004404494382022471,2024-09-12,250,33107,145,100.0,1.6195545594600792e-05,1.500908446271619e-05,1.6195545594600792e-05,1.500908446271619e-05,0.0040243689684968985,0.003874155967783975,0.03732585205004901,1.1864611318846015e-06,0.04850440905961498,0.21379310344827587,0.15172413793103448,1.0,1.4516900368300669e-05,1.089128672050825e-05,0.009359324567178516
2024-09-17,2022-11-11,2.571785236993011e-05,2.2041098701605304e-05,0.004530325443786982,2024-09-13,250,33108,92,0.01,1.8220074589032747e-05,1.4538407815583102e-05,1.8220074589032747e-05,1.4538407815583102e-05,0.004268497931243817,0.003812926410984495,0.10672876679281196,3.6816667734496444e-06,0.04840913920768753,0.07608695652173914,0.03260869565217391,1.0,1.361617595163963e-05,9.93149235925368e-06,0.009345522706275318
2024-09-18,2022-11-14,1.1839092466683529e-05,8.868245767921284e-06,0.004520503713270907,2024-09-16,250,33148,157,0.01,1.188130406754247e-05,8.70141744922685e-06,1.188130406754247e-05,8.70141744922685e-06,0.0034469267569158576,0.0029498165111116405,0.1442183953595252,3.17988661831562e-06,0.04831386027855062,0.267515923566879,0.11464968152866242,1.0,1.1941049717988974e-05,8.46529121353626e-06,0.009341705294190775
2024-09-19,2022-11-18,6.956778644363669e-06,4.387061118385503e-06,0.004440618061534279,2024-09-17,250,33073,143,0.01,9.836494410162877e-06,8.861844701948052e-06,9.836494410162877e-06,8.861844701948052e-06,0.0031363186078845495,0.002976885066969844,0.050834612438257154,9.746497082148248e-07,0.04726519246711421,0.3006993006993007,0.21678321678321677,1.0,1.3936428720792262e-05,1.5232723024308294e-05,0.009369494121838264
2024-09-20,2022-11-21,6.879284827863199e-06,5.391755903784836e-06,0.004281906759295671,2024-09-18,250,33083,153,0.01,8.882338351560723e-06,8.554946299590797e-06,8.882338351560723e-06,8.554946299590797e-06,0.0029803252090268143,0.0029248839805350907,0.01860240900013299,3.273920519699261e-07,0.04688358589885043,0.2875816993464052,0.28104575163398693,1.0,1.1903337108612727e-05,1.3325659683429297e-05,0.009212291148551611
2024-09-23,2022-11-23,5.845733233619398e-06,4.980500931171479e-06,0.004294478527607363,2024-09-19,250,33040,155,0.01,7.695080911378414e-06,8.2455758634397e-06,7.695080911378414e-06,8.2455758634397e-06,0.002774000885251916,0.0028715110766702086,-0.035151463698771535,-5.504949520612866e-07,0.04640637281415574,0.2064516129032258,0.14193548387096774,1.0,1.0124074876196225e-05,1.2534032490896464e-05,0.012328315002199736
2024-09-24,2022-11-25,5.902864527137201e-06,4.040309020643803e-06,0.004327283966971344,2024-09-20,250,33118,68,0.01,1.0027434940675182e-05,9.708611110136161e-06,1.0027434940675182e-05,9.708611110136161e-06,0.003166612534029887,0.0031158644242226204,0.016025992843110348,3.188238305390209e-07,0.046119935613553126,0.20588235294117646,0.1323529411764706,1.0,1.4152005354213166e-05,1.5376913199628516e-05,0.012297584566503416
2024-09-25,2022-11-28,6.470489248927265e-06,4.713897610411438e-06,0.0043101552535514814,2024-09-23,250,33087,164,0.01,8.414160974123557e-06,8.73569515559282e-06,8.414160974123557e-06,8.73569515559282e-06,0.0029007173206163257,0.0029556209424743255,-0.018927601620392975,-3.2153418146926347e-07,0.04583341634317223,0.25609756097560976,0.15853658536585366,1.0,1.1300218990324112e-05,1.4707455146922752e-05,0.012262497812007705
2024-09-26,2022-11-30,8.711726744148235e-06,6.0207786584762505e-06,0.004329195564783319,2024-09-24,250,32967,158,1.0,9.256761917221007e-06,1.0442399382905847e-05,9.256761917221007e-06,1.0442399382905847e-05,0.003042492714407219,0.003231470158133268,-0.06211270213768394,-1.1856374656848405e-06,0.04583341634317223,0.23417721518987342,0.189873417721519,1.0,9.8157723511418e-06,1.497739499770544e-05,0.012289602484036209
2024-09-27,2022-12-02,1.0287721735848459e-05,6.832206558356789e-06,0.0043073136427566805,2024-09-25,250,33061,158,1.0,1.015971382067891e-05,8.463372134666808e-06,1.015971382067891e-05,8.463372134666808e-06,0.0031874305985666435,0.0029091875385864707,0.0872938410346239,1.6963416860121024e-06,0.04573789167385374,0.24050632911392406,0.12658227848101267,1.0,9.961508016545414e-06,1.0989047865727479e-05,0.012241071116547266
2024-09-30,2022-12-05,7.634202646305796e-06,5.172269806534545e-06,0.004302208174195532,2024-09-26,250,33038,118,1.0,6.091094860400661e-06,5.015893073982779e-06,6.091094860400661e-06,5.015893073982779e-06,0.0024680143557930657,0.00223961895731903,0.09254216773007529,1.0752017864178827e-06,0.045737891673853746,0.3474576271186441,0.2457627118644068,1.0,1.3553502760711127e-06,4.535978274082525e-06,0.012258849983376209
2024-10-01,2022-12-07,2.3751777330755414e-05,1.560460689701806e-05,0.004206008583690988,2024-09-27,250,32997,94,0.01,1.8817166595915065e-05,1.3617602658466532e-05,1.8817166595915065e-05,1.3617602658466532e-05,0.004337875816101133,0.003690203606641039,0.14930630495600938,5.199563937448533e-06,0.04621542379696298,0.05319148936170213,0.02127659574468085,1.0,1.6020887179505535e-05,1.2491633589954002e-05,0.012209922267150026
2024-10-02,2022-12-09,9.81094947618332e-06,7.015482492875298e-06,0.004332257636709253,2024-09-30,250,33043,166,0.01,1.1596717631333053e-05,9.09278682620494e-06,1.1596717631333053e-05,9.09278682620494e-06,0.0034053953707804696,0.0030154248168715696,0.11451550009581535,2.5039308051281134e-06,0.046024438311279336,0.19879518072289157,0.060240963855421686,1.0,1.444278562860294e-05,1.2403490607449051e-05,0.012320292990046076
2024-10-03,2022-12-12,1.0081944892630302e-05,6.994244211253894e-06,0.0043213687274010065,2024-10-01,250,33021,165,0.01,1.1959248516519189e-05,8.391692323667023e-06,1.1959248516519189e-05,8.391692323667023e-06,0.003458214642921863,0.0028968417843691467,0.16233025318475014,3.567556192852166e-06,0.04583341634317223,0.20606060606060606,0.08484848484848485,1.0,1.4921868297968838e-05,1.0597040126068989e-05,0.012315095102485673
2024-10-04,2022-12-16,4.933431408229688e-06,3.643686943669895e-06,0.004342624185757965,2024-10-02,250,33015,127,0.01,7.702587510994763e-06,6.652856974624604e-06,7.702587510994763e-06,6.652856974624604e-06,0.0027753535830583394,0.0025793132757818706,0.07063615550579305,1.0497305363701586e-06,0.045737891673853746,0.2047244094488189,0.13385826771653545,1.0,1.0515698472533882e-05,9.70979160924526e-06,0.012337651016167097
2024-10-07,2022-12-19,2.015842164982815e-05,1.3312542117509469e-05,0.004320987654320986,2024-10-03,250,32995,179,0.01,1.5921857216664228e-05,1.0576873844774185e-05,1.5921857216664228e-05,1.0576873844774185e-05,0.003990220196513499,0.003252210608920367,0.18495460181319734,5.344983371890043e-06,0.04621542379696298,0.22346368715083798,0.17318435754189945,1.0,1.1732365721646574e-05,7.871601886180408e-06,0.012226543683898217
2024-10-08,2022-12-21,1.6617574239332907e-05,1.2019588118207036e-05,0.004420587306599305,2024-10-04,250,32895,62,0.01,1.753799040517485e-05,1.1625544736116601e-05,1.753799040517485e-05,1.1625544736116601e-05,0.0041878383929152335,0.003409625307290612,0.18582691417633534,5.912445669058248e-06,0.046597285376782156,0.20967741935483872,0.20967741935483872,1.0,1.8346840975157158e-05,1.1279264188218951e-05,0.012338085593518846
2024-10-09,2022-12-23,1.0149570999937785e-05,7.04369882886091e-06,0.004340700713115118,2024-10-07,250,32998,150,0.01,1.05147622426126e-05,7.502671060883466e-06,1.05147622426126e-05,7.502671060883466e-06,0.0032426474126263866,0.0027391004108800877,0.1552888543433868,3.012091181729134e-06,0.04640637281415574,0.3,0.14,1.0,1.1033098199957502e-05,8.154115519238062e-06,0.012222490709562607
2024-10-10,2022-12-28,1.0397499502025166e-05,7.581519771229963e-06,0.004269408381981355,2024-10-08,250,32868,123,0.01,1.068752974474511e-05,8.068502576338925e-06,1.068752974474511e-05,8.068502576338925e-06,0.0032691787569273587,0.0028405109709942903,0.131123997127635,2.6190271684061846e-06,0.04640637281415573,0.25203252032520324,0.14634146341463414,1.0,1.0972882080324407e-05,8.547630820075165e-06,0.012138415289184596
2024-10-11,2022-12-30,8.209455107458146e-06,6.663940587552351e-06,0.004278728606356968,2024-10-09,250,32941,146,0.01,8.4485192839786e-06,6.778139574605348e-06,8.4485192839786e-06,6.778139574605348e-06,0.0029066336686928056,0.002603486042713759,0.10429509203180065,1.6703797093732511e-06,0.046406372814155744,0.3082191780821918,0.2876712328767123,1.0,8.76347684987063e-06,6.9285922083418326e-06,0.012159694860534946
2024-10-14,2023-01-04,7.93024329373103e-06,5.181567985552513e-06,0.004306745770160403,2024-10-10,250,32874,137,0.01,8.061331710561228e-06,6.246058130967618e-06,8.061331710561228e-06,6.246058130967618e-06,0.0028392484411479788,0.002499211501847656,0.11976300994739197,1.8152735795936102e-06,0.04621542379696298,0.31386861313868614,0.20437956204379562,1.0,8.219906408339695e-06,7.5337478230020175e-06,0.012087313226819423
2024-10-16,2023-01-06,8.003884121492832e-06,3.0462463397675997e-06,0.0041907205473594175,2024-10-11,250,32945,167,0.01,1.0085767780066589e-05,6.2007279999550815e-06,1.0085767780066589e-05,6.2007279999550815e-06,0.003175809783357087,0.0024901261012155755,0.21590829706957093,3.885039780111508e-06,0.04621542379696298,0.20958083832335328,0.08982035928143713,1.0,1.3271680651520373e-05,1.102804084357532e-05,0.012083143606195456
2024-10-17,2023-01-09,7.429748012083584e-06,3.2034440058798927e-06,0.0042281473811372865,2024-10-14,250,32971,163,0.01,1.0028160633598763e-05,7.4573838176768175e-06,1.0028160633598763e-05,7.4573838176768175e-06,0.0031667271170087836,0.002730821088551357,0.13765190758500634,2.5707768159219457e-06,0.04611993561355311,0.18404907975460122,0.0736196319018405,1.0,1.3658295913656734e-05,1.3400387966510757e-05,0.012030851794607595
2024-10-18,2023-01-13,6.9929670448624634e-06,2.2166616427958555e-06,0.004221408572043937,2024-10-16,250,32907,166,1.0,8.813272203035116e-06,6.114083454834155e-06,8.813272203035116e-06,6.114083454834155e-06,0.0029687155813642903,0.002472667275400019,0.16709189289743587,2.6991887482009617e-06,0.04631090286325026,0.18072289156626506,0.03614457831325301,1.0,1.143665316628394e-05,1.1730956066301119e-05,0.012029818837468875
2024-10-21,2023-01-23,6.7667338423127285e-06,2.4579987113005956e-06,0.0041702127659574454,2024-10-17,250,32960,185,1.0,7.667507651078646e-06,5.755772294209553e-06,7.667507651078646e-06,5.755772294209553e-06,0.0027690264807470957,0.002399119066284446,0.13358753230949494,1.911735356869093e-06,0.04621542379696299,0.1837837837837838,0.08648648648648649,1.0,8.660406053922897e-06,9.390818175370563e-06,0.011983723635368376
2024-10-22,2023-01-25,8.206249737597471e-06,5.3526425932558506e-06,0.004144113667117727,2024-10-18,250,32908,73,100.0,1.2272308448704326e-05,8.142139173601864e-06,1.2272308448704326e-05,8.142139173601864e-06,0.0035031854716392518,0.002853443388890318,0.18547179074846376,4.1301692751024625e-06,0.04621542379696298,0.0684931506849315,0.0821917808219178,1.0,1.6686886477906048e-05,1.1170735460834679e-05,0.012003435395713035
2024-10-23,2023-01-27,1.591861461637509e-05,9.970927579686588e-06,0.004155007207665563,2024-10-21,250,33014,158,100.0,1.5349237921987353e-05,9.365259351344919e-06,1.5349237921987353e-05,9.365259351344919e-06,0.003917810347884051,0.0030602711238295406,0.21888227042885178,5.9839785706424345e-06,0.04611993561355312,0.10126582278481013,0.06962025316455696,1.0,1.4490654017751873e-05,8.45195011813129e-06,0.012009814510045937
2024-10-24,2023-01-30,1.3959629103206803e-05,1.0268050573317895e-05,0.004246836540128271,2024-10-22,250,32907,167,100.0,1.4226396281551953e-05,1.012602232626261e-05,1.4226396281551953e-05,1.012602232626261e-05,0.0037717895330402454,0.0031821411543585883,0.15633119863036793,4.100373955289343e-06,0.04621542379696298,0.20958083832335328,0.10179640718562874,1.0,1.462455624923128e-05,9.914039867971136e-06,0.012120564369625771
2024-10-25,2023-02-01,1.5161518910532002e-05,8.258272895989612e-06,0.004250336123519972,2024-10-23,250,32903,165,1.0,1.5107356121183596e-05,7.98546213813604e-06,1.5107356121183596e-05,7.98546213813604e-06,0.0038868182516273637,0.00282585600095547,0.27296420413475253,7.121893983047556e-06,0.0459289318883998,0.22424242424242424,0.16363636363636364,1.0,1.5028132936763544e-05,7.58642550724574e-06,0.012094408190042125
2024-10-28,2023-02-03,1.849520587715678e-05,9.334421192198104e-06,0.0042349077395099615,2024-10-24,250,32994,94,0.01,1.849520587715678e-05,9.334421192198104e-06,1.849520587715678e-05,9.334421192198104e-06,0.004300605291950981,0.0030552285008159544,0.2895817464266891,9.160784684958675e-06,0.04621542379696298,0.35106382978723405,0.23404255319148937,1.0,,,
2024-10-29,2023-02-06,1.4201607148877244e-05,6.627856018476858e-06,0.004198800342759212,2024-10-25,250,33010,69,0.01,1.8107542820143145e-05,9.815576346048508e-06,1.8107542820143145e-05,9.815576346048508e-06,0.004255295855771153,0.0031329820213414103,0.2637451948041706,8.291966474094637e-06,0.0459289318883998,0.15942028985507245,0.043478260869565216,1.0,2.2368563552433215e-05,1.3293089430672125e-05,0.012061300208322571
2024-10-30,2023-02-08,4.294033592427428e-05,1.6465952731933387e-05,0.004193948731116534,2024-10-28,250,32890,184,0.01,3.242978524267454e-05,1.1741059157872938e-05,3.242978524267454e-05,1.1741059157872938e-05,0.005694715554149701,0.0034265228961547797,0.39829779669014453,2.06887260848016e-05,0.045928931888399804,0.22282608695652173,0.14130434782608695,1.0,1.9355685614343158e-05,5.863752516968472e-06,0.012041812056310913
2024-10-31,2023-02-10,6.48476493321716e-05,2.957626920048774e-05,0.004259017818339852,2024-10-29,250,32875,120,0.01,5.492657788098877e-05,2.4377663931568147e-05,5.492657788098877e-05,2.4377663931568147e-05,0.007411246715700994,0.004937374193999088,0.33379977979425746,3.054891394942063e-05,0.04564235787870107,0.275,0.2,1.0,2.6443501779205806e-05,9.452635901444168e-06,0.012078352097377627
2024-11-01,2023-02-13,1.5064886926434367e-05,2.837721399859109e-06,0.004338010712230534,2024-10-30,250,32906,195,0.01,1.7431639652748337e-05,4.505190165414443e-06,1.7431639652748337e-05,4.505190165414443e-06,0.0041751215135308745,0.002122543324743795,0.49162118566729496,1.2926449487333894e-05,0.04535570172079718,0.28717948717948716,0.13333333333333333,1.0,1.9726672599477037e-05,6.1221295744377984e-06,0.012319859665166008
2024-11-04,2023-02-17,1.1423328578493014e-05,1.7792021769435702e-06,0.0043963931631600195,2024-10-31,250,32811,197,0.01,1.5913216063337206e-05,3.778136829245686e-06,1.5913216063337206e-05,3.778136829245686e-06,0.00398913725802174,0.001943742994648646,0.5127410091643296,1.213507923409152e-05,0.04506896336757811,0.25380710659898476,0.08629441624365482,1.0,2.0448918726598177e-05,5.797468773918232e-06,0.012268081045110674
2024-11-05,2023-02-22,1.1488171451348523e-05,2.8856242516523542e-06,0.0044142155758749605,2024-11-01,250,32833,67,0.01,1.71064979669879e-05,6.57484202927453e-06,1.71064979669879e-05,6.57484202927453e-06,0.004136000237788666,0.002564145477400713,0.38004223162916295,1.053165593771337e-05,0.04545126290391737,0.14925373134328357,0.029850746268656716,1.0,2.2559579585108472e-05,1.0155553401672525e-05,0.012294563099980695
2024-11-06,2023-02-24,6.669765361507838e-06,4.82009397086651e-06,0.0043857686283284856,2024-11-04,250,32957,151,1.0,7.285289302959173e-06,8.805540969177358e-06,7.285289302959173e-06,8.805540969177358e-06,0.00269912750772526,0.002967413178035266,-0.09939718280893994,-1.520251666218185e-06,0.0453557017207972,0.2119205298013245,0.18543046357615894,1.0,8.168863993107056e-06,1.4526585853849382e-05,0.012147676434888155
2024-11-07,2023-02-27,4.885896504581925e-06,5.8129277105326175e-06,0.004400143678160919,2024-11-05,250,32836,143,100.0,5.458944923340739e-06,8.812132952955999e-06,5.458944923340739e-06,8.812132952955999e-06,0.0023364385126385715,0.002968523699241089,-0.27053362764881617,-3.3531880296152593e-06,0.045355701720797205,0.22377622377622378,0.24475524475524477,1.0,6.186625455097965e-06,1.2620647546509506e-05,0.011852945655116407
2024-11-08,2023-03-01,3.6268717869342806e-06,8.812845649641439e-06,0.004308071039212239,2024-11-06,250,32772,142,100.0,3.802490304719704e-06,9.982842647925546e-06,3.802490304719704e-06,9.982842647925546e-06,0.0019499975140291087,0.0031595636799921513,-0.6202911323019187,-6.180352343205842e-06,0.045260131404864574,0.22535211267605634,0.1056338028169014,1.0,3.907072118681809e-06,1.0679582433420577e-05,0.01176200030221118
2024-11-11,2023-03-03,4.9773616614554705e-06,4.103749687030271e-06,0.0043620021149101155,2024-11-07,250,32845,166,100.0,4.370671041813206e-06,6.716113803580327e-06,4.370671041813206e-06,6.716113803580327e-06,0.0020906149912916067,0.002591546604554957,-0.23960969157399403,-2.3454427617671213e-06,0.04526013140486457,0.23493975903614459,0.15060240963855423,1.0,3.778425436924328e-06,9.266278774498241e-06,0.01171127066651064
2024-11-13,2023-03-06,,,,2024-11-08,250,32841,30,100.0,6.253175006655311e-06,1.583826163908594e-05,6.253175006655311e-06,1.583826163908594e-05,0.0025006349207062017,0.0039797313526274535,-0.5914883534872584,-9.585086632430627e-06,0.04526013140486458,0.06666666666666667,0.0,1.0,6.253175006655311e-06,1.583826163908594e-05,0.011736580666778355
2024-11-14,2023-03-08,3.937587050294216e-06,6.708767344796805e-06,0.004397654584221748,2024-11-11,250,32847,120,100.0,4.0675034752574315e-06,7.85271225588899e-06,4.0675034752574315e-06,7.85271225588899e-06,0.0020168052645849156,0.00280226912624198,-0.3894594463083787,-3.7852087806315586e-06,0.04497336564273114,0.21666666666666667,0.16666666666666666,1.0,4.494371728707996e-06,1.1611388392334737e-05,0.011730881294060516
2024-11-15,2023-03-10,5.819071556132051e-06,4.855644697624627e-06,0.004337919551310139,2024-11-13,250,32808,159,100.0,7.569783239053818e-06,7.376912679674775e-06,7.569783239053818e-06,7.376912679674775e-06,0.0027513239066045674,0.0027160472528427733,0.01282170146419781,1.9287055937904292e-07,0.04506896336757812,0.22641509433962265,0.22012578616352202,1.0,9.132918670233967e-06,9.628044806505264e-06,0.011806800370776098
2024-11-18,2023-03-13,5.989037266092144e-06,5.844677624060366e-06,0.004400000000000001,2024-11-14,250,32834,158,100.0,6.466629414703188e-06,7.307847975971321e-06,6.466629414703188e-06,7.307847975971321e-06,0.0025429568251748177,0.0027033031602044415,-0.06305507566712265,-8.412185612681329e-07,0.044973365642731154,0.24050632911392406,0.18354430379746836,1.0,6.827476815875977e-06,8.41335446408182e-06,0.011959991463935131
2024-11-19,2023-03-17,9.295142479097959e-06,5.363594173830819e-06,0.004341724410139462,2024-11-15,250,32824,67,100.0,1.1578925489447294e-05,8.138968158778122e-06,1.1578925489447294e-05,8.138968158778122e-06,0.003402782022029518,0.002852887687725916,0.16160139872128199,3.4399573306691722e-06,0.04526013140486457,0.14925373134328357,0.08955223880597014,1.0,1.4076813157016879e-05,1.1174533454814239e-05,0.01191118762220522
2024-11-20,2023-03-20,6.139726760039489e-06,5.094353828076006e-06,0.004336779393727002,2024-11-18,250,32786,166,100.0,7.95648197213315e-06,6.047168333778822e-06,7.95648197213315e-06,6.047168333778822e-06,0.002820723661072305,0.0024590990898658033,0.1282027644881134,1.9093136383543276e-06,0.04516455195437363,0.18072289156626506,0.13855421686746988,1.0,1.0640941166122288e-05,7.455058424294926e-06,0.011867804506183298
2024-11-21,2023-03-22,5.430598597652759e-06,4.040568657453605e-06,0.004323144104803493,2024-11-19,250,32664,163,100.0,7.357013428286036e-06,5.789481144322546e-06,7.357013428286036e-06,5.789481144322546e-06,0.0027123815049299458,0.002406134066157276,0.1129072139063193,1.56753228396349e-06,0.04516455195437363,0.22085889570552147,0.15950920245398773,1.0,1.0188259467247065e-05,8.35985252653902e-06,0.011863784928027095
2024-11-22,2023-03-24,7.456049267508295e-06,6.275981953399042e-06,0.004332224750568879,2024-11-20,250,32748,175,100.0,6.439323099370953e-06,8.07342451422993e-06,6.439323099370953e-06,8.07342451422993e-06,0.0025375821364777445,0.0028413772213892914,-0.11971832578125952,-1.6341014148589765e-06,0.04526013140486457,0.2742857142857143,0.2057142857142857,1.0,5.47908171835235e-06,9.77100915501466e-06,0.011800436269307863
2024-11-25,2023-03-27,5.619839288841135e-06,7.477050723120021e-06,0.0043067820942271715,2024-11-21,250,32715,173,100.0,5.724095623146623e-06,8.948389804889931e-06,5.724095623146623e-06,8.948389804889931e-06,0.002392508228438645,0.0029913859337922163,-0.25031374949310004,-3.2242941817433084e-06,0.04526013140486457,0.24277456647398843,0.1676300578034682,1.0,5.820243131450575e-06,1.0305291402522182e-05,0.011763975416029956
2024-11-26,2023-03-29,1.0574867888233271e-05,9.076767105714188e-06,0.004251299008030231,2024-11-22,250,32696,68,100.0,9.890356539926413e-06,1.2198195760223103e-05,9.890356539926413e-06,1.2198195760223103e-05,0.0031448937247427634,0.003492591553592132,-0.1105594844473825,-2.30783922029669e-06,0.04516455195437363,0.20588235294117646,0.04411764705882353,1.0,9.120281273081199e-06,1.5709802996545632e-05,0.01172420631600087
2024-11-27,2023-03-31,7.300150678425254e-06,9.562148222759312e-06,0.004211690632179019,2024-11-25,250,32791,162,100.0,6.880432228031003e-06,1.1061311048128367e-05,6.880432228031003e-06,1.1061311048128367e-05,0.0026230578011227665,0.0033258549349194965,-0.2679304792658044,-4.180878820097364e-06,0.04506896336757811,0.2654320987654321,0.12345679012345678,1.0,6.237738350864803e-06,1.3356904124474736e-05,0.011663306418047116
2024-11-29,2023-04-03,4.978362819983821e-06,9.195584844318086e-06,0.004214021197803602,2024-11-26,250,32691,147,100.0,5.234164463790037e-06,1.090934500817769e-05,5.234164463790037e-06,1.090934500817769e-05,0.002287829640464962,0.0033029297613145956,-0.44369567685264033,-5.675180544387653e-06,0.044973365642731154,0.35374149659863946,0.2857142857142857,1.0,5.594802846861096e-06,1.3325465894930576e-05,0.01169875423742965
2024-12-02,2023-04-05,4.432208440066689e-06,8.351244585185713e-06,0.004171406901782329,2024-11-27,250,32679,111,100.0,3.924120105893156e-06,8.127089581761388e-06,3.924120105893156e-06,8.127089581761388e-06,0.0019809391979293952,0.002850805076072615,-0.43911790884468305,-4.202969475868232e-06,0.044782142771893206,0.2882882882882883,0.15315315315315314,1.0,1.8686718449184066e-06,7.220280704272077e-06,0.011626528918761926
2024-12-03,2023-04-10,7.27211046878632e-06,8.23639606867524e-06,0.004132058934012271,2024-11-29,250,32747,98,100.0,6.890970627227611e-06,1.109096389866993e-05,6.890970627227611e-06,1.109096389866993e-05,0.002625065832932121,0.0033303098802768987,-0.2686576612659808,-4.199993271442319e-06,0.04411257461832096,0.22448979591836735,0.08163265306122448,1.0,6.688490086399547e-06,1.2607453058354616e-05,0.011605727018206518
2024-12-04,2023-04-14,6.34518333674058e-06,8.925975327928911e-06,0.004079950546053986,2024-12-02,250,32748,182,100.0,5.815771966051515e-06,1.0111467770743073e-05,5.815771966051515e-06,1.0111467770743073e-05,0.0024115911689279994,0.003179853419694542,-0.31857068505855013,-4.295695804691557e-06,0.04392118705792814,0.2857142857142857,0.2032967032967033,1.0,5.2745958982360296e-06,1.1323304490064217e-05,0.011600346078057992
2024-12-05,2023-04-17,6.697746996619175e-06,1.0364084059120546e-05,0.0040739064236039665,2024-12-03,250,32753,153,100.0,6.77167910388692e-06,1.0259504815613688e-05,6.77167910388692e-06,1.0259504815613688e-05,0.002602245012270543,0.003203046177564989,-0.2308780158906818,-3.4878257117267683e-06,0.04372976286132523,0.29411764705882354,0.1895424836601307,1.0,6.88318326566778e-06,1.0101778743439415e-05,0.011528757858012701
2024-12-06,2023-04-19,8.578939932494398e-06,1.226227234338313e-05,0.004073403554970376,2024-12-04,250,32834,174,100.0,7.317898744867136e-06,1.211894898156545e-05,7.317898744867136e-06,1.211894898156545e-05,0.0027051615006995675,0.003481228085254606,-0.2868836423830312,-4.801050236698314e-06,0.04363403702006131,0.28160919540229884,0.22413793103448276,1.0,5.966783186695071e-06,1.1965388236760794e-05,0.011547761513862791
2024-12-09,2023-04-21,3.7882389378662882e-06,8.244260115829625e-06,0.004076758359413605,2024-12-05,250,32909,128,100.0,6.9699375770434835e-06,9.832405746774781e-06,6.9699375770434835e-06,9.832405746774781e-06,0.0026400639342719495,0.003135666714874969,-0.18772377978023935,-2.862468169731298e-06,0.04325104199431495,0.25,0.1484375,1.0,9.009487986772457e-06,1.0850447817893473e-05,0.011525912702982841
2024-12-10,2023-04-24,1.0954279180657998e-05,5.2437039757184635e-06,0.004012158054711247,2024-12-06,250,32903,51,100.0,1.2116277465797993e-05,9.25070957251486e-06,1.2116277465797993e-05,9.25070957251486e-06,0.003480844361042015,0.0030414979159149296,0.1262183538121665,2.865567893283133e-06,0.04325104199431493,0.35294117647058826,0.27450980392156865,1.0,1.2929676265395989e-05,1.2055613490272334e-05,0.011585574188000266
2024-12-11,2023-04-26,6.156875894217858e-06,7.318419797951441e-06,0.003995641118779515,2024-12-09,250,32822,135,100.0,6.944505874403361e-06,9.567935024912761e-06,6.944505874403361e-06,9.567935024912761e-06,0.0026352430389630786,0.003093207885822219,-0.17378467188337265,-2.6234291505094e-06,0.04315527031392761,0.362962962962963,0.3111111111111111,1.0,8.163103202237537e-06,1.3048317074173667e-05,0.011621707033842068
2024-12-12,2023-04-28,4.271677770332413e-06,9.012061304010358e-06,0.0040163901172461354,2024-12-10,250,32796,110,100.0,7.304864879164384e-06,1.0617261154894109e-05,7.304864879164384e-06,1.0617261154894109e-05,0.0027027513535588846,0.0032584139017156964,-0.2055914420041398,-3.312396275729725e-06,0.04286790022717579,0.2545454545454545,0.10909090909090909,1.0,1.0450392251286429e-05,1.2281912852106891e-05,0.011532553583775059
2024-12-13,2023-05-01,7.363710973073111e-06,6.6149848509513324e-06,0.003992579448298113,2024-12-11,250,32757,149,100.0,8.782157570509734e-06,1.0123866638980502e-05,8.782157570509734e-06,1.0123866638980502e-05,0.002963470528031236,0.003181802419852701,-0.07367439282971788,-1.3417090684707679e-06,0.04258044753511838,0.35570469798657717,0.2348993288590604,1.0,1.0181691546647205e-05,1.3585963336502618e-05,0.011592284017010573
2024-12-16,2023-05-03,9.641963064583214e-06,5.099982223182198e-06,0.003989844033369605,2024-12-12,250,32728,139,100.0,1.0646562727109343e-05,7.536236797868088e-06,1.0646562727109343e-05,7.536236797868088e-06,0.003262907097529647,0.0027452207193353483,0.1586580195881887,3.1103259292412553e-06,0.042484611606155305,0.3237410071942446,0.20863309352517986,1.0,1.2227877010715284e-05,1.1371081961725508e-05,0.008439933135830257
2024-12-17,2023-05-05,,,,2024-12-13,250,32799,18,100.0,1.0311663596016814e-05,1.4399856189296789e-05,1.0311663596016814e-05,1.4399856189296789e-05,0.003211177914102053,0.0037947142434308265,-0.1817203359446835,-4.088192593279975e-06,0.04277209184386899,0.0,0.0,1.0,1.0311663596016814e-05,1.4399856189296789e-05,0.008404047528799091
2024-12-18,2023-05-08,3.1964700389282366e-05,1.1648212275023815e-05,0.0039056335805586232,2024-12-16,250,32808,149,100.0,5.07820967373702e-05,2.350941721294002e-05,5.07820967373702e-05,2.350941721294002e-05,0.007126155817646019,0.004848651071477511,0.31959794375094586,2.727267952443018e-05,0.04286790022717579,0.2751677852348993,0.09395973154362416,1.0,8.203241567258749e-05,4.320748969912229e-05,0.008438815800360754
2024-12-19,2023-05-10,3.377001823310541e-05,1.2354418785720512e-05,0.003991130820399111,2024-12-17,250,32644,124,1.0,3.836095250885883e-05,1.3794673236160824e-05,3.836095250885883e-05,1.3794673236160824e-05,0.0061936219216916066,0.003714118096690091,0.40033180202970986,2.4566279272698003e-05,0.04267627428043632,0.31451612903225806,0.16129032258064516,1.0,4.5882270364880385e-05,1.6154239037946018e-05,0.008698048713925089
2024-12-20,2023-05-12,2.2155815708241073e-05,7.59339436162782e-06,0.0039633291965250825,2024-12-18,250,32720,171,0.01,1.8772343743191628e-05,7.450373601486519e-06,1.8772343743191628e-05,7.450373601486519e-06,0.004332706283974443,0.0027295372504302848,0.37001562729369974,1.132197014170511e-05,0.04258044753511838,0.3508771929824561,0.29239766081871343,1.0,1.5934593062827574e-05,7.330420705884134e-06,0.008700720013649545
2024-12-23,2023-05-15,1.2773821995598474e-05,6.3713513972732624e-06,0.003890133207591654,2024-12-19,250,32709,185,0.01,1.226152397347162e-05,8.001025104169369e-06,1.226152397347162e-05,8.001025104169369e-06,0.0035016458949287863,0.00282860833346884,0.19220606013722408,4.26049886930225e-06,0.04248461160615529,0.24864864864864866,0.17297297297297298,1.0,1.1708932848480855e-05,9.758875394753934e-06,0.011951349065381037
2024-12-24,2023-05-19,2.0514006621508545e-05,2.4714825030577225e-06,0.003878246562463274,2024-12-20,250,32693,69,0.01,1.8400352452445437e-05,1.0579544931651164e-05,1.8400352452445437e-05,1.0579544931651164e-05,0.004289563200658715,0.003252621240115603,0.24173602579952125,7.820807520794273e-06,0.042676274280436306,0.13043478260869565,0.0,1.0,1.60945479043766e-05,1.9424703944662187e-05,0.011880206494139803
2024-12-26,2023-05-22,,,,2024-12-23,250,32697,61,0.01,1.289670873401106e-05,1.463271070916527e-05,1.289670873401106e-05,1.463271070916527e-05,0.0035911987878716853,0.0038252726320048445,-0.06517986275883181,-1.73600197515421e-06,0.04305948946044696,0.09836065573770492,0.04918032786885246,1.0,1.289670873401106e-05,1.463271070916527e-05,0.011749609180109769
2024-12-27,2023-05-24,2.0684011726933298e-05,6.560991038187447e-06,0.0038220986796386395,2024-12-24,250,32551,164,100.0,1.5156425024580179e-05,7.94764517259138e-06,1.5156425024580179e-05,7.94764517259138e-06,0.0038931253543368185,0.002819156819439348,0.2758628189819532,7.2087798519887985e-06,0.04258044753511838,0.25609756097560976,0.20121951219512196,1.0,8.756061474487092e-06,9.553244696638037e-06,0.011748827618319085
2024-12-30,2023-05-26,2.3174036333503645e-05,6.9616096939832755e-06,0.0038733909777377835,2024-12-26,250,32533,170,100.0,1.637898161427424e-05,6.643228790261246e-06,1.637898161427424e-05,6.643228790261246e-06,0.004047095454060139,0.0025774461760163384,0.3631367964324673,9.735752824012995e-06,0.04219704869978835,0.21176470588235294,0.10588235294117647,1.0,9.086727769247567e-06,6.301551722852239e-06,0.011873817246768961
2024-12-31,2023-05-31,3.671239896065213e-05,6.215578883381323e-06,0.003925455987311655,2024-12-27,250,32521,38,1.0,3.671239896065213e-05,6.215578883381323e-06,3.671239896065213e-05,6.215578883381323e-06,0.006059075751354503,0.002493106271979059,0.5885335694273625,3.0496820077270808e-05,0.04277209184386899,0.2631578947368421,0.0,1.0,,,
2025-01-02,2023-06-02,3.0049382565253856e-05,8.144404689504577e-06,0.00395335835795863,2024-12-30,250,32652,155,0.01,2.3601532732763868e-05,7.981744424610243e-06,2.3601532732763868e-05,7.981744424610243e-06,0.00485814087205835,0.002825198121302335,0.41846105419637114,1.5619788308153625e-05,0.04277209184386898,0.17419354838709677,0.05806451612903226,1.0,1.443349625219216e-05,7.750461860463612e-06,0.012054736554736555
2025-01-03,2023-06-07,2.1042505498504708e-05,5.542479870162546e-06,0.004059872872667624,2024-12-31,250,32547,192,0.01,1.4369769486176616e-05,6.281025517431724e-06,1.4369769486176616e-05,6.281025517431724e-06,0.0037907478795320346,0.0025061974218787563,0.33886465111255437,8.088743968744892e-06,0.042676274280436306,0.22395833333333334,0.13541666666666666,1.0,7.266534376278969e-06,7.067219270976331e-06,0.012084428024083202
2025-01-06,2023-06-09,2.1003434155659823e-05,4.617497833992588e-06,0.0040680473372781065,2025-01-02,250,32633,179,0.01,1.4336894169374985e-05,6.241679997498935e-06,1.4336894169374985e-05,6.241679997498935e-06,0.0037864091391944144,0.0024983354453513512,0.3401834420136409,8.095214171876051e-06,0.042484611606155305,0.2346368715083799,0.15083798882681565,1.0,7.287219701119758e-06,7.959205963505648e-06,0.011935197229495733
2025-01-07,2023-06-12,4.053962641113218e-05,8.522832037540102e-06,0.0040408163265306125,2025-01-03,250,32736,68,0.01,3.064424599906559e-05,9.103869283774955e-06,3.064424599906559e-05,9.103869283774955e-06,0.005535724523408439,0.0030172618851824836,0.4549472481111281,2.1540376715290632e-05,0.04258044753511839,0.1323529411764706,0.029411764705882353,1.0,1.9511943035490656e-05,9.757536185789165e-06,0.011866836871808653
2025-01-08,2023-06-16,2.617790778635583e-05,6.685678394784966e-06,0.004087362206349862,2025-01-06,250,32786,163,0.01,2.0455517129773993e-05,6.801187898804724e-06,2.0455517129773993e-05,6.801187898804724e-06,0.0045227775901291005,0.002607908721333,0.4233833812600635,1.365432923096927e-05,0.04258044753511838,0.2085889570552147,0.07975460122699386,1.0,1.2045336922373412e-05,6.970951866833763e-06,0.012002514312896045
2025-01-10,2023-06-21,3.385795320191315e-05,1.287762666349629e-05,0.00407911001236094,2025-01-07,250,32711,115,0.01,2.380327805216411e-05,8.690757431571556e-06,2.380327805216411e-05,8.690757431571556e-06,0.004878860323084082,0.0029480090623286007,0.3957586675764738,1.5112520620592554e-05,0.042580447535118374,0.2608695652173913,0.16521739130434782,1.0,1.55041811031649e-05,5.234928859189237e-06,0.011985003986496805
2025-01-13,2023-06-23,3.885411311943399e-05,1.3259199496629126e-05,0.004179860671310956,2025-01-08,250,32792,181,0.01,2.445265764340078e-05,8.837281713634762e-06,2.445265764340078e-05,8.837281713634762e-06,0.00494496285561386,0.00297275658499561,0.39883136197459323,1.561537592976602e-05,0.0426762742804363,0.20441988950276244,0.09392265193370165,1.0,9.891185995411636e-06,4.366231510829354e-06,0.012170821202776962
2025-01-15,2023-06-26,2.9035854015461555e-05,5.257659503078601e-06,0.004243827160493825,2025-01-10,250,32717,163,0.01,2.1966870132772278e-05,7.160457148306538e-06,2.1966870132772278e-05,7.160457148306538e-06,0.004686882773525734,0.0026759030528602,0.4290655042675119,1.4806412984465741e-05,0.042676274280436306,0.2085889570552147,0.10429447852760736,1.0,1.1309017509640754e-05,1.0029290521111732e-05,0.01213528229615761
2025-01-16,2023-06-28,5.925162833026998e-05,2.2620775169953973e-05,0.004161937192584184,2025-01-13,250,32712,159,0.01,3.8780227074698994e-05,1.749461044751534e-05,3.8780227074698994e-05,1.749461044751534e-05,0.006227377222771959,0.004182655908333286,0.3283438984491962,2.1285616627183654e-05,0.04258044753511838,0.13836477987421383,0.018867924528301886,1.0,9.934161669121677e-06,1.0271378338624544e-05,0.011918485778872431
2025-01-17,2023-06-30,2.8453157487365258e-05,9.990471792128147e-06,0.00433715937965478,2025-01-15,250,32793,163,0.01,2.1163406258193228e-05,1.004084293512191e-05,2.1163406258193228e-05,1.004084293512191e-05,0.0046003702305568005,0.0031687289147419835,0.3112013259944819,1.1122563323071319e-05,0.0424846116061553,0.25153374233128833,0.12883435582822086,1.0,9.288166352606523e-06,1.0122899151934334e-05,0.011941450882293283
2025-01-21,2023-07-05,4.469231437269162e-05,1.5207346022471237e-05,0.004304722149752154,2025-01-16,250,32786,67,0.01,2.821094892624805e-05,1.5890942006506306e-05,2.821094892624805e-05,1.5890942006506306e-05,0.0053113980199424,0.003986344441528643,0.2494735987471952,1.2320006919741744e-05,0.042484611606155305,0.08955223880597014,0.014925373134328358,1.0,1.1230148163245574e-05,1.6595253020360607e-05,0.011822751765453996
2025-01-22,2023-07-07,3.9893846114114996e-05,2.3442771663825974e-05,0.004446640316205535,2025-01-17,250,32867,169,0.01,2.7783888923975523e-05,1.9348157316036976e-05,2.7783888923975523e-05,1.9348157316036976e-05,0.005271042489297115,0.004398654034592511,0.16550586652943777,8.435731607938548e-06,0.0426762742804363,0.10059171597633136,0.03550295857988166,1.0,7.915990408902949e-06,1.2630430651695646e-05,0.011715512809883095
2025-01-23,2023-07-10,3.689662158258448e-05,1.9445596415888313e-05,0.004422999597909128,2025-01-21,250,32827,178,0.01,2.6145886075859578e-05,1.7018377042246368e-05,2.6145886075859578e-05,1.7018377042246368e-05,0.005113304809598151,0.0041253335673914135,0.1932157927202428,9.12750903361321e-06,0.042676274280436306,0.11235955056179775,0.05056179775280899,1.0,7.90221370081126e-06,1.2899459317278222e-05,0.011650023085548444
2025-01-24,2023-07-14,4.005938195815866e-05,2.131326000112366e-05,0.004426361441473666,2025-01-22,250,32820,174,0.01,2.868293472285901e-05,1.8570208398417765e-05,2.868293472285901e-05,1.8570208398417765e-05,0.005355645126673257,0.00430931646533621,0.19536930408736586,1.0112726324441246e-05,0.042676274280436306,0.11494252873563218,0.06321839080459771,1.0,8.131933265543507e-06,1.3615018406432927e-05,0.011586781467814677
2025-01-27,2023-07-17,4.8566804157586965e-05,2.757242487001762e-05,0.00444384594667385,2025-01-23,250,32896,182,0.01,3.082835422150746e-05,1.8640666820852625e-05,3.082835422150746e-05,1.8640666820852625e-05,0.0055523287205917,0.0043174838529926925,0.22240125355319607,1.2187687400654837e-05,0.04258044753511838,0.12087912087912088,0.0989010989010989,1.0,8.71004010367993e-06,7.503536413869121e-06,0.011620704968995182
2025-01-28,2023-07-19,3.455823665996427e-05,2.071283153629636e-05,0.004306969459671104,2025-01-24,250,32970,64,0.01,2.236574641183136e-05,1.6062127938185497e-05,2.236574641183136e-05,1.6062127938185497e-05,0.0047292437462908765,0.004007758468044887,0.15255827716891246,6.303618473645863e-06,0.04229291219025145,0.078125,0.0,1.0,1.0173256163698449e-05,1.1411424340074632e-05,0.011787443482323105
2025-01-29,2023-07-21,2.9154488687215134e-05,2.2532194372582764e-05,0.004155124653739614,2025-01-27,250,33074,134,0.01,2.461511838627447e-05,1.9375680396045928e-05,2.461511838627447e-05,1.9375680396045928e-05,0.004961362553399466,0.004401781502533483,0.11278777651162886,5.239437990228543e-06,0.04219704869978836,0.291044776119403,0.20149253731343283,1.0,5.7592725208286425e-06,6.26400695504678e-06,0.011687024416065638
2025-01-30,2023-07-24,2.616349623614361e-05,1.8732013080020976e-05,0.004136029411764707,2025-01-28,250,32941,154,0.01,1.9015608700120487e-05,1.604489372048551e-05,1.9015608700120487e-05,1.604489372048551e-05,0.004360689016671618,0.0040056077841552976,0.08142778151773444,2.970714979634976e-06,0.04219704869978835,0.23376623376623376,0.18181818181818182,1.0,7.506298260761223e-06,1.171817610767416e-05,0.011739652049650221
2025-01-31,2023-07-26,6.351795459980408e-06,1.976716646276947e-06,0.004166842038806346,2025-01-29,250,32876,184,0.01,5.9507062130812195e-06,4.774221638715078e-06,5.9507062130812195e-06,4.774221638715078e-06,0.0024394069388032043,0.0021849992308271135,0.10429080278869163,1.1764845743661417e-06,0.04210117601863539,0.29347826086956524,0.1956521739130435,1.0,5.503514753894769e-06,7.893278929134603e-06,0.011676980034377893
2025-02-03,2023-07-28,1.1636354313135494e-05,4.735192765081122e-06,0.004194915254237287,2025-01-30,250,32945,186,0.01,9.640871946598887e-06,4.822845822656593e-06,9.640871946598887e-06,4.822845822656593e-06,0.0031049753536218105,0.0021960978627230147,0.2927164912399811,4.818026123942294e-06,0.042197048699788346,0.20430107526881722,0.11827956989247312,1.0,7.557676069445283e-06,4.914351761883734e-06,0.011739456980492504
2025-02-04,2023-07-31,4.578041404307615e-06,2.449054818451286e-06,0.004341914828297005,2025-01-31,250,32937,67,100.0,7.0315592101727725e-06,6.4759648378356486e-06,7.0315592101727725e-06,6.4759648378356486e-06,0.002651708734037879,0.002544791708143448,0.040320048926196894,5.555943723371239e-07,0.042484611606155305,0.31343283582089554,0.13432835820895522,1.0,9.559426040458086e-06,1.0624902433564993e-05,0.011818993927430282
2025-02-05,2023-08-02,3.613860178549281e-06,1.6539047811964426e-06,0.004252577319587628,2025-02-03,250,32974,165,100.0,4.748137069679503e-06,4.680670329335038e-06,4.748137069679503e-06,4.680670329335038e-06,0.0021790220443307826,0.002163485689653398,0.007129966728792847,6.746674034446526e-08,0.042388766491786634,0.2909090909090909,0.13333333333333333,1.0,6.584585369604626e-06,9.581147883464192e-06,0.011740237296021803
2025-02-06,2023-08-04,3.73224166316421e-06,2.3543108214218036e-06,0.0042586140147115766,2025-02-04,250,32960,118,100.0,6.348111631831546e-06,6.993059266856972e-06,6.348111631831546e-06,6.993059266856972e-06,0.0025195459177858905,0.002644439310488515,-0.04956980216989937,-6.449476350254267e-07,0.042388766491786606,0.288135593220339,0.2542372881355932,1.0,8.792449143537092e-06,1.1327627486361968e-05,0.011692827115951139
2025-02-07,2023-08-07,3.839102455395448e-06,1.7054087227272327e-06,0.004244918960638023,2025-02-05,250,32983,153,100.0,4.946141028081927e-06,4.864067894021519e-06,4.946141028081927e-06,4.864067894021519e-06,0.002223992137594449,0.0022054631926245153,0.00833138960193236,8.207313406040762e-08,0.0424846116061553,0.3790849673202614,0.27450980392156865,1.0,6.038802476447805e-06,7.981705517636658e-06,0.011652328803272199
2025-02-10,2023-08-09,1.939089739465033e-06,1.2020305566678116e-06,0.0032948205421078065,2025-02-06,250,32926,145,100.0,3.4929199329856905e-06,5.0396717396076024e-06,3.4929199329856905e-06,5.0396717396076024e-06,0.0018689355079792589,0.002244921321473784,-0.20117645145554053,-1.546751806621912e-06,0.04258044753511839,0.22758620689655173,0.1103448275862069,1.0,4.589741246059096e-06,7.7485949275651e-06,0.011759974699136108
2025-02-11,2023-08-11,9.401429782790047e-06,7.851722370995774e-06,0.004392708104546453,2025-02-07,250,33003,66,100.0,8.18551382023265e-06,9.234054287900572e-06,8.18551382023265e-06,9.234054287900572e-06,0.002861033697849896,0.0030387586754957313,-0.06211914867671697,-1.0485404676679216e-06,0.04258044753511839,0.3181818181818182,0.07575757575757576,1.0,6.893603110015417e-06,1.0702781949611922e-05,0.011680648094568901
2025-02-12,2023-08-14,4.328999858175201e-06,2.928950077032928e-06,0.004298856504169891,2025-02-10,250,33016,129,100.0,4.599590814308141e-06,4.184739618710691e-06,4.599590814308141e-06,4.184739618710691e-06,0.002144665664924988,0.0020456636132831544,0.046161997770079566,4.1485119559744975e-07,0.04258044753511839,0.3023255813953488,0.18604651162790697,1.0,5.455007385309047e-06,8.154654944014592e-06,0.011671771488989117
2025-02-13,2023-08-18,3.7181843218014164e-06,2.366692134152857e-06,0.004221724996833706,2025-02-11,250,32912,123,100.0,5.630953456146849e-06,6.718206821318411e-06,5.630953456146849e-06,6.718206821318411e-06,0.0023729630119634923,0.002591950389440047,-0.09228436194433343,-1.0872533651715622e-06,0.042580447535118374,0.2682926829268293,0.16260162601626016,1.0,7.575079461547127e-06,1.1141057814830941e-05,0.01170949350304959
2025-02-14,2023-08-21,3.0892377104737817e-06,2.5764774738805515e-06,0.004140272429925889,2025-02-12,250,32850,148,1.0,4.591883435650193e-06,7.682360295656156e-06,4.591883435650193e-06,7.682360295656156e-06,0.0021428680397192435,0.0027717071085625474,-0.29345673983998277,-3.090476860005963e-06,0.042484611606155305,0.2635135135135135,0.1554054054054054,1.0,5.560255125208323e-06,1.0972818114133768e-05,0.011587161530513503
2025-02-18,2023-08-23,8.484721226012027e-06,4.393381476546276e-06,0.00408830744071954,2025-02-13,250,32757,70,100.0,9.262939579692748e-06,7.686393786576403e-06,9.262939579692748e-06,7.686393786576403e-06,0.003043507775526908,0.0027724346316146758,0.08906602640937977,1.5765457931163447e-06,0.04248461160615531,0.2857142857142857,0.05714285714285714,1.0,1.0187073874688607e-05,1.1596845904737182e-05,0.01158773167131376
2025-02-19,2023-08-25,6.537968377162205e-06,3.453274273865789e-06,0.004090481449666625,2025-02-14,250,32829,168,100.0,7.192762242953223e-06,6.549474488150738e-06,7.192762242953223e-06,6.549474488150738e-06,0.0026819325574952892,0.002559194109119263,0.045764927247333276,6.432877548024846e-07,0.0424846116061553,0.2619047619047619,0.08928571428571429,1.0,8.284085352604923e-06,1.170980817862565e-05,0.011553811182521386
2025-02-20,2023-08-28,7.36604715163389e-06,3.7449173429108564e-06,0.004083799567117246,2025-02-18,250,32724,168,100.0,7.254805268106666e-06,6.251933087971339e-06,7.254805268106666e-06,6.251933087971339e-06,0.0026934745716465686,0.002500386587704257,0.07168732386594368,1.0028721801353267e-06,0.0424846116061553,0.25,0.08928571428571429,1.0,7.074037207374924e-06,1.0325833673694621e-05,0.0115266669929682
2025-02-21,2023-08-30,6.055915508753084e-06,3.04178549143858e-06,0.004067851767481592,2025-02-19,250,32723,190,100.0,7.432186526844747e-06,4.20988961503421e-06,7.432186526844747e-06,4.20988961503421e-06,0.002726203684034769,0.002051801553521736,0.24737774894167874,3.222296911810537e-06,0.04238876649178662,0.24736842105263157,0.19473684210526315,1.0,8.99402217658922e-06,5.535490923833746e-06,0.011574822241882108
2025-02-24,2023-09-01,5.602996222498824e-06,3.3563663326906474e-06,0.004072490327835471,2025-02-20,250,32816,194,100.0,6.857894932838906e-06,3.6838952537097806e-06,6.857894932838906e-06,3.6838952537097806e-06,0.0026187582807198732,0.0019193476114841158,0.26707721532950945,3.1739996791291257e-06,0.04229291219025145,0.2268041237113402,0.17010309278350516,1.0,8.165631483614359e-06,4.025214866140245e-06,0.011776244291095778
2025-02-25,2023-09-06,9.314650105036635e-06,7.122388227947815e-06,0.004046944556859573,2025-02-21,250,32838,70,100.0,1.2994249537917874e-05,7.015845860027072e-06,1.2994249537917874e-05,7.015845860027072e-06,0.003604753741646976,0.00264874420434044,0.26520800193961225,5.9784036778908024e-06,0.04219704869978836,0.14285714285714285,0.05714285714285714,1.0,1.7363773864464347e-05,6.889326798121187e-06,0.011830076522496274
2025-02-26,2023-09-08,8.567622620473698e-06,5.653417484631893e-06,0.004047927461139898,2025-02-24,250,32960,168,1.0,9.25574211122648e-06,5.039598153161073e-06,9.25574211122648e-06,5.039598153161073e-06,0.003042325115964183,0.002244904931875974,0.2621087995835343,4.216143958065407e-06,0.04210117601863539,0.2261904761904762,0.13690476190476192,1.0,1.0319199506026234e-05,4.0909682772516225e-06,0.011889203015616585
2025-02-27,2023-09-11,9.847440636307072e-06,9.750802937801505e-06,0.004160426027625229,2025-02-25,250,32936,130,0.01,1.0492736628208091e-05,8.026395919623262e-06,1.0492736628208091e-05,8.026395919623262e-06,0.003239249392715555,0.0028330894655169757,0.125387050503723,2.466340708584829e-06,0.04219704869978835,0.2923076923076923,0.26153846153846155,1.0,1.2553520602343608e-05,2.5194186680217725e-06,0.011883203821441795
2025-02-28,2023-09-15,6.347635599577031e-06,4.618284627131107e-06,0.004214075010535187,2025-02-26,250,32950,171,0.01,8.527036411442736e-06,4.104131855770197e-06,8.527036411442736e-06,4.104131855770197e-06,0.0029201089725287197,0.002025865705265331,0.3062362657270983,4.422904555672538e-06,0.04229291219025145,0.34502923976608185,0.2631578947368421,1.0,1.0582607631725163e-05,3.6191923100547936e-06,0.012075959319716263
2025-03-03,2023-09-18,1.1603695525173761e-05,1.2405955991992387e-05,0.004134965266291763,2025-02-27,250,32908,141,0.01,1.6092035958221377e-05,1.0377030939212764e-05,1.6092035958221377e-05,1.0377030939212764e-05,0.004011487998015372,0.003221339929161895,0.1969713156924292,5.715005019008613e-06,0.042292912190251455,0.19148936170212766,0.10638297872340426,1.0,2.4012636722423053e-05,6.796574963719309e-06,0.011890403581406311
2025-03-04,2023-09-20,2.1933532294664e-05,2.5947562494397937e-05,0.00420115111540562,2025-02-28,250,32902,96,0.01,2.696980771093834e-05,1.7308346141307512e-05,2.696980771093834e-05,1.7308346141307512e-05,0.005193246355694898,0.004160330051967934,0.19889607251045804,9.661461569630828e-06,0.04258044753511838,0.10416666666666667,0.10416666666666667,1.0,3.0269436431945655e-05,1.1648169909972405e-05,0.012102437603850835
2025-03-05,2023-09-22,1.1302734894797963e-05,1.1272150600361817e-05,0.004238545331242315,2025-03-03,250,32960,161,0.01,1.2608977947819315e-05,8.26052558348924e-06,1.2608977947819315e-05,8.26052558348924e-06,0.0035509122698004405,0.002874113008127767,0.19059869978446675,4.348452364330075e-06,0.042484611606155305,0.2670807453416149,0.16149068322981366,1.0,1.4928685438529645e-05,2.9122949500775973e-06,0.012247408383316578
2025-03-06,2023-09-25,1.784461544813468e-05,1.8189635750285896e-05,0.004241961482989734,2025-03-04,250,32864,98,0.01,2.477833512770995e-05,1.6549421478389242e-05,2.477833512770995e-05,1.6549421478389242e-05,0.004977784158409237,0.004068098017303571,0.1827492137377802,8.22891364932071e-06,0.04258044753511838,0.20408163265306123,0.10204081632653061,1.0,3.907913196683394e-05,1.3166479542602387e-05,0.012117174904812542
2025-03-07,2023-09-27,1.40390341780625e-05,1.4659694325946594e-05,0.004249351973823991,2025-03-05,250,32830,149,0.01,1.7163589467934146e-05,1.1120751586128007e-05,1.7163589467934146e-05,1.1120751586128007e-05,0.00414289626564969,0.00333477909105356,0.19506092423711718,6.042837881806139e-06,0.0424846116061553,0.2080536912751678,0.10738255033557047,1.0,2.1671144640208e-05,6.01539156802906e-06,0.012336156169789243
2025-03-10,2023-09-29,5.352196320083019e-05,5.647790894315881e-05,0.0041828753084870544,2025-03-06,250,32846,174,100.0,4.47188320454937e-05,3.5367589255896006e-05,4.47188320454937e-05,3.5367589255896006e-05,0.006687214072055246,0.0059470656004365725,0.11068113920737643,9.351242789597697e-06,0.042484611606155305,0.08045977011494253,0.034482758620689655,1.0,3.687256297225899e-05,1.655186953464002e-05,0.012267398249756912
2025-03-11,2023-10-02,,,,2025-03-07,250,32821,33,0.01,4.784692432179265e-05,2.364096643386028e-05,4.784692432179265e-05,2.364096643386028e-05,0.006917147123040875,0.004862197695884062,0.29708048572681345,2.420595788793237e-05,0.04238876649178663,0.06060606060606061,0.030303030303030304,1.0,4.784692432179265e-05,2.364096643386028e-05,0.012603089657140817
2025-03-12,2023-10-04,2.872308651480127e-05,5.041982722542404e-05,0.004528165187466037,2025-03-10,250,32777,170,0.01,2.6772025947656737e-05,3.4806879364733474e-05,2.6772025947656737e-05,3.4806879364733474e-05,0.00517416910698295,0.005899735533456857,-0.1402285877156002,-8.034853417076738e-06,0.042484611606155305,0.13529411764705881,0.08235294117647059,1.0,2.3540581883323597e-05,8.947934470464726e-06,0.012708735069794214
2025-03-13,2023-10-06,4.4760763725092836e-05,7.641517343125809e-05,0.004608719697667989,2025-03-11,250,32729,128,0.01,4.0271710076401427e-05,6.129441256535751e-05,4.0271710076401427e-05,6.129441256535751e-05,0.006345999533280902,0.007829074821800947,-0.23370239483035227,-2.1022702488956088e-05,0.042580447535118374,0.1015625,0.0546875,1.0,2.5607468157342778e-05,1.189992707008233e-05,0.012641651904736336
2025-03-14,2023-10-09,6.970010084214178e-06,1.3613356588105731e-05,0.004769172071728347,2025-03-12,250,32797,152,0.01,1.336972489159336e-05,1.0075798958604482e-05,1.336972489159336e-05,1.0075798958604482e-05,0.0036564634404836266,0.00317423990249705,0.13188249953424802,3.293925932988879e-06,0.0424846116061553,0.13157894736842105,0.07236842105263158,1.0,1.8689969731462797e-05,7.134937796729952e-06,0.012812447861883862
2025-03-17,2023-10-13,4.43127840157346e-06,4.844681511981313e-06,0.004684060143332242,2025-03-13,250,32751,65,0.01,1.0039909760876744e-05,5.116963016229385e-06,1.0039909760876744e-05,5.116963016229385e-06,0.0031685816639115904,0.0022620705153087923,0.286093667374101,4.9229467446473585e-06,0.04238876649178663,0.2153846153846154,0.16923076923076924,1.0,1.5153661882594442e-05,5.3652196818673325e-06,0.009719271157228907
2025-03-18,2023-10-16,1.5926457780574695e-05,3.7350359273755494e-05,0.004672897196261682,2025-03-14,250,32798,152,0.01,1.4848210492108275e-05,1.9787014233216472e-05,1.4848210492108275e-05,1.9787014233216472e-05,0.0038533375782700734,0.004448259685901496,-0.15439138034163835,-4.9388037411081966e-06,0.0424846116061553,0.1118421052631579,0.05263157894736842,1.0,1.3903080152835243e-05,4.391983395213137e-06,0.009644896411883984
2025-03-19,2023-10-18,7.658199561739399e-06,1.8875536082371024e-05,0.004701678499224224,2025-03-17,250,32754,158,100.0,8.848358367548316e-06,1.3300452139182402e-05,8.848358367548316e-06,1.3300452139182402e-05,0.002974619028976369,0.003646978494477641,-0.22603212678722273,-4.452093771634086e-06,0.042484611606155305,0.189873417721519,0.11392405063291139,1.0,1.0740905976785448e-05,4.43515472132508e-06,0.009750281629888419
2025-03-20,2023-10-20,7.677081758388423e-06,1.6814793479109033e-05,0.004645976584278016,2025-03-18,250,32824,157,0.01,1.0069492432584828e-05,1.229520287361669e-05,1.0069492432584828e-05,1.229520287361669e-05,0.0031732463554827927,0.003506451607197323,-0.10500453301988744,-2.2257104410318618e-06,0.042388766491786634,0.2229299363057325,0.12738853503184713,1.0,1.3834597755910315e-05,5.182404543661524e-06,0.00964523654188634
2025-03-21,2023-10-23,6.2060400795820994e-06,9.86412144268156e-06,0.0046707146193367575,2025-03-19,250,32784,163,0.01,8.120014847032388e-06,7.968316611450694e-06,8.120014847032388e-06,7.968316611450694e-06,0.0028495639748972804,0.0028228206835452184,0.00938504683090191,1.5169823558169418e-07,0.04238876649178663,0.2822085889570552,0.18404907975460122,1.0,1.1080694565432057e-05,5.035743513140446e-06,0.009673209075315213
2025-03-24,2023-10-25,4.531365321515619e-05,4.7297728277325705e-05,0.004581481651165988,2025-03-20,250,32740,114,0.01,8.03278264608076e-05,7.16992623006797e-05,8.03278264608076e-05,7.16992623006797e-05,0.008962579230378251,0.008467541691700118,0.05523382566038881,8.628564160127901e-06,0.04238876649178661,0.02631578947368421,0.02631578947368421,1.0,0.0001360321929879803,0.00011051988461056112,0.012705470052129509
2025-03-25,2023-10-27,6.592165385890648e-05,5.871988999351913e-05,0.004530421782267929,2025-03-21,250,32823,79,0.01,3.0375352176931016e-05,2.6675033456970628e-05,3.0375352176931016e-05,2.6675033456970628e-05,0.005511383871309548,0.005164787842396881,0.06288729600507992,3.7003187199603886e-06,0.04238876649178664,0.0379746835443038,0.05063291139240506,1.0,9.758497201385234e-06,8.08901666577248e-06,0.0124819380574136
2025-03-26,2023-10-30,2.4911887208642574e-05,2.9912451651918564e-05,0.0044692737430167585,2025-03-24,250,32745,107,0.01,5.045399204328721e-05,4.774820013435173e-05,5.045399204328721e-05,4.774820013435173e-05,0.007103097355610946,0.006910007245607759,0.027183931225532088,2.705791908935483e-06,0.04238876649178661,0.0,0.009345794392523364,1.0,8.18494959025379e-05,6.967130764400916e-05,0.012452005352239946
2025-03-27,2023-11-03,2.2648972356917742e-05,1.7466602519144378e-05,0.004514061300952465,2025-03-25,250,32680,114,0.01,2.128484898161889e-05,1.559200140292931e-05,2.128484898161889e-05,1.559200140292931e-05,0.004613550582969574,0.003948670840033303,0.14411454496469656,5.692847578689582e-06,0.04238876649178661,0.017543859649122806,0.0,1.0,1.9658394187993333e-05,1.3356900072057492e-05,0.01260245695492358
2025-03-28,2023-11-06,0.00010249472897444922,0.00014193243146427576,0.004467277194549923,2025-03-26,250,32747,127,0.01,0.00015694281006427193,0.0001626942854215255,0.00015694281006427193,0.0001626942854215255,0.012527681751396463,0.012755167008766506,-0.01815860762464583,-5.75147535725358e-06,0.0423887664917866,0.0,0.023622047244094488,1.0,0.00020271076228470253,0.00018014627860298184,0.012636014318967338
2025-03-31,2023-11-08,5.613435405556826e-05,5.208123178058535e-05,0.004589261128958238,2025-03-27,250,32696,39,0.01,5.613435405556826e-05,5.208123178058535e-05,5.613435405556826e-05,5.208123178058535e-05,0.007492286303630438,0.007216732763556189,0.03677829822663459,4.0531222749829075e-06,0.04238876649178662,0.05128205128205128,0.0,1.0,,,
2025-04-01,2023-11-09,5.8883209075907646e-06,1.439903197817659e-05,0.004501868275334266,2025-03-28,250,32788,110,0.01,1.081894969753291e-05,1.0127595469944774e-05,1.081894969753291e-05,1.0127595469944774e-05,0.0032892171861299935,0.0031823883279613716,0.03247850540824693,6.913542275881364e-07,0.042292912190251435,0.11818181818181818,0.09090909090909091,1.0,1.557348460211998e-05,6.008710265578383e-06,0.012809723091224369
2025-04-02,2023-11-10,7.655008663909905e-06,1.4210172155211027e-05,0.0044804874770375,2025-03-31,250,32741,170,0.01,9.627620921927052e-06,1.0548906469317129e-05,9.627620921927052e-06,1.0548906469317129e-05,0.0031028407825615307,0.003247908014294298,-0.04675303758673932,-9.212855473900766e-07,0.04229291219025145,0.21764705882352942,0.11176470588235295,1.0,1.2735979631529833e-05,4.77963932790856e-06,0.012773643866873447
2025-04-03,2023-11-13,0.00010545475109178608,0.00015414087159476724,0.004466479074545538,2025-04-01,250,32699,170,0.01,8.360475769951258e-05,9.500976977490134e-05,8.360475769951258e-05,9.500976977490134e-05,0.009143563730817027,0.009747295510802027,-0.06602806058541599,-1.1405012075388761e-05,0.04229291219025145,0.11764705882352941,0.10588235294117647,1.0,6.226290368845475e-05,3.725380985782306e-05,0.012693316445830077
2025-04-04,2023-11-17,0.00024295224895969688,0.00024295224895969688,0.004921502042423347,2025-04-02,250,32695,110,1.0,0.00023343547180005035,0.000220122370630262,0.00023343547180005035,0.000220122370630262,0.015278595216840139,0.014836521513827357,0.02893418516157331,1.3313101169788353e-05,0.04219704869978833,0.07272727272727272,0.06363636363636363,0.5636363636363636,0.00022606764432161428,0.00020244762611715107,0.013351278181479409
2025-04-07,2023-11-20,0.00032584609494076507,0.00032584609494076507,0.005308419152776303,2025-04-03,250,32700,144,100.0,0.00029481865596602506,0.0003035591884226651,0.00029481865596602506,0.0003035591884226651,0.017170284096835003,0.01742295004936492,-0.014715304132707496,-8.74053245664006e-06,0.041909403077209625,0.034722222222222224,0.041666666666666664,0.4652777777777778,0.00025916025595027907,0.00027794587794663985,0.014181505303989868
2025-04-08,2023-11-21,0.000515678909058943,0.000515678909058943,0.005510856387082552,2025-04-04,250,32622,50,0.01,0.00039456855160594395,0.0004115399412899065,0.00039456855160594395,0.0004115399412899065,0.019863749686450036,0.020286447231832056,-0.021279846557388016,-1.6971389683962572e-05,0.04200529414503014,0.1,0.08,0.68,0.0003375754422162974,0.0003625333682221246,0.014206810341409254
2025-04-09,2023-11-22,4.657972977271204e-05,0.00014860288851855478,0.005799791207516528,2025-04-07,250,32691,106,0.01,3.703682684813637e-05,8.201081278313346e-05,3.703682684813637e-05,8.201081278313346e-05,0.00608578892569701,0.009055982154528214,-0.48805393435347,-4.4973985934997094e-05,0.042197048699788346,0.16037735849056603,0.1792452830188679,1.0,2.818795322716622e-05,2.0261797101197362e-05,0.014432869400580082
2025-04-10,2023-11-24,5.8841120723599474e-05,5.8841120723599474e-05,0.005028916268544128,2025-04-08,250,32565,145,100.0,6.0975354332744316e-05,7.415189942377121e-05,6.0975354332744316e-05,7.415189942377121e-05,0.007808671739338536,0.008611149715558963,-0.10276753883476775,-1.3176545091026892e-05,0.04258044753511839,0.21379310344827587,0.2,0.4068965517241379,6.408627111895545e-05,9.64693056646995e-05,0.013061191717400026
2025-04-11,2023-11-27,2.404699073976472e-05,2.404699073976472e-05,0.005251549207016071,2025-04-09,250,32513,155,100.0,3.1866842823068663e-05,2.979885693492184e-05,3.1866842823068663e-05,2.979885693492184e-05,0.0056450724373624,0.005458832927918003,0.03299151809138079,2.067985888146822e-06,0.0424846116061553,0.09032258064516129,0.08387096774193549,0.5870967741935483,3.736651901352418e-05,3.3844125467779595e-05,0.013659748751382058
2025-04-14,2023-11-29,6.56388773861841e-05,4.5781545259823764e-05,0.005046681806712086,2025-04-10,250,32496,167,100.0,5.5608890202048334e-05,3.113570444025063e-05,5.5608890202048334e-05,3.113570444025063e-05,0.007457136863572261,0.005579937673509502,0.2517318944798751,2.4473185761797703e-05,0.042484611606155305,0.16167664670658682,0.12574850299401197,1.0,4.17101936754602e-05,1.0840753590270731e-05,0.013420292542233205
2025-04-15,2023-12-01,,,,2025-04-11,250,32575,33,100.0,1.4063998749871857e-05,8.021428170926838e-06,1.4063998749871857e-05,8.021428170926838e-06,0.0037501998279920843,0.0028322125928197618,0.2447835521510936,6.042570578945019e-06,0.04238876649178663,0.06060606060606061,0.15151515151515152,1.0,1.4063998749871857e-05,8.021428170926838e-06,0.013291347009942127
2025-04-16,2023-12-04,0.00012527911217885649,6.688248883953674e-05,0.00494706638963095,2025-04-14,250,32615,201,100.0,8.092086333989314e-05,3.970185919212056e-05,8.092086333989314e-05,3.970185919212056e-05,0.008995602444522164,0.006300941135427354,0.29955317897977063,4.121900414777258e-05,0.04238876649178662,0.0845771144278607,0.05970149253731343,1.0,3.700180508349381e-05,1.2790344689728316e-05,0.013328678782016698
2025-04-17,2023-12-06,0.00014496358454056874,3.8382807342783616e-05,0.005147475163432337,2025-04-15,250,32470,201,100.0,9.644134579302339e-05,2.7003714979220887e-05,9.644134579302339e-05,2.7003714979220887e-05,0.009820455477880005,0.005196509884453303,0.4708483841550798,6.94376308138025e-05,0.04238876649178662,0.06467661691542288,0.04975124378109453,1.0,4.934623171452346e-05,1.5959301802821765e-05,0.013631683978236884
2025-04-21,2023-12-08,8.451510147592312e-05,5.886429772369198e-05,0.005076657528683116,2025-04-16,250,32604,172,100.0,6.247808299474386e-05,4.08104512844843e-05,6.247808299474386e-05,4.08104512844843e-05,0.00790430787575635,0.006388305822711081,0.19179440842569728,2.1667631710259556e-05,0.0424846116061553,0.0755813953488372,0.08139534883720931,1.0,3.036699892216835e-05,1.450341790163883e-05,0.013612262305047395
2025-04-22,2023-12-11,0.00031690970988911595,4.5414603589563526e-05,0.005177055290950506,2025-04-17,250,32687,64,100.0,0.00019208572183107092,2.9334968772202335e-05,0.00019208572183107092,2.9334968772202335e-05,0.013859499335512481,0.005416176582442853,0.6092083522407716,0.0001627507530588686,0.0424846116061553,0.171875,0.046875,1.0,8.194690883867819e-05,1.51470556980601e-05,0.01394417179107963
2025-04-23,2023-12-13,0.00019052228705445455,2.7668104072271824e-05,0.005006508460999301,2025-04-21,250,32700,164,100.0,0.00014175050108564962,2.4472399211758423e-05,0.00014175050108564962,2.4472399211758423e-05,0.011905901943391337,0.004946958581973213,0.5844952691955317,0.0001172781018738912,0.042388766491786634,0.1402439024390244,0.13414634146341464,1.0,7.786633073214455e-05,2.0286475943761997e-05,0.013590575628259837
2025-04-24,2023-12-15,0.00022291001046358767,2.681949727000092e-05,0.004887585532746824,2025-04-22,250,32736,167,0.01,0.0001743428535486075,2.8240671915350938e-05,0.0001743428535486075,2.8240671915350938e-05,0.013203895392974284,0.00531419532152808,0.5975282169869558,0.00014610218163325656,0.042388766491786634,0.11976047904191617,0.0718562874251497,1.0,0.00010704265039499205,3.0210013923907404e-05,0.013383196369205484
2025-04-25,2023-12-18,0.00021604359181166642,0.00016678677425307315,0.004799155348658634,2025-04-23,250,32799,212,1.0,0.00015408395497146975,0.00010120844861756913,0.00015408395497146975,0.00010120844861756913,0.012413055827292076,0.010060240982082344,0.18954356428790842,5.287550635390062e-05,0.04229291219025144,0.19339622641509435,0.1179245283018868,1.0,8.726473877125765e-05,3.0486724893005985e-05,0.013107302127348222
2025-04-28,2023-12-20,0.00018943963363542377,5.4084416863090954e-05,0.004778287461773699,2025-04-24,250,32790,221,100.0,0.00012950641814979231,4.9149125736409165e-05,0.00012950641814979231,4.9149125736409165e-05,0.011380088670559308,0.007010643746219684,0.38395526175850747,8.035729241338314e-05,0.04229291219025144,0.11312217194570136,0.13122171945701358,1.0,6.902835525065508e-05,4.416896832675753e-05,0.013013277277349987
2025-04-29,2023-12-22,0.0004036906867804188,0.00041730575182363333,0.004758732273722281,2025-04-25,250,32920,79,100.0,0.0002776789772764318,0.00023254813775151005,0.0002776789772764318,0.00023254813775151005,0.01666370238801785,0.01524952909933648,0.08486549121870068,4.513083952492177e-05,0.042292912190251455,0.0379746835443038,0.0379746835443038,1.0,0.00014843619829798364,4.3053148959588875e-05,0.013008316238540436
2025-04-30,2023-12-27,0.00018640725536750541,0.0001512305514164224,0.004734624307561195,2025-04-28,250,32950,190,100.0,0.00015946534358922122,0.0001202090177829399,0.00015946534358922122,0.0001202090177829399,0.012627958805334346,0.010963987312239097,0.13176884077198192,3.925632580628132e-05,0.042197048699788346,0.14736842105263157,0.12631578947368421,1.0,0.00011531054373036658,6.936817099473243e-05,0.012926885192668493
2025-05-01,2023-12-29,0.00019823796931731145,0.00011929766342565251,0.004705882352941178,2025-04-29,250,32947,132,1.0,0.00017741479953931844,0.0001003991694173606,0.00017741479953931844,0.0001003991694173606,0.013319714694366333,0.010019938593492508,0.24773624485136225,7.701563012195783e-05,0.04219704869978835,0.30303030303030304,0.1590909090909091,1.0,8.829163288950835e-05,1.9513615061871156e-05,0.012921756771378079
2025-05-02,2024-01-03,0.00026806506402262347,0.00015060496583544681,0.004687792987061691,2025-04-30,250,32999,203,100.0,0.00019776419155561077,9.575221102135997e-05,0.00019776419155561077,9.575221102135997e-05,0.014062865695000105,0.009785305872652115,0.30417412177013314,0.0001020119805342508,0.042197048699788346,0.08866995073891626,0.11822660098522167,1.0,0.0001253542929145877,3.925387356285054e-05,0.012830825290525896
2025-05-05,2024-01-05,0.0001687436080759047,0.0002341174537400323,0.0048697345994643286,2025-05-01,250,33055,223,100.0,0.00013336312052124829,0.0001435806628282087,0.00013336312052124829,0.0001435806628282087,0.011548295134834765,0.011982514879114847,-0.03760033314097444,-1.0217542306960407e-05,0.04238876649178661,0.17040358744394618,0.15695067264573992,1.0,9.701771057873761e-05,5.057468670969906e-05,0.012643148775495805
2025-05-06,2024-01-08,0.0003142158412729465,0.00038070236107085015,0.005027904872039821,2025-05-02,250,33159,79,100.0,0.0002451232141605515,0.00022322360844509993,0.0002451232141605515,0.00022322360844509993,0.0156564112797458,0.014940669611670686,0.04571556375764396,2.1899605715451593e-05,0.04238876649178664,0.13924050632911392,0.11392405063291139,1.0,0.00017425898122476179,6.170693908535593e-05,0.012716067150538586
2025-05-07,2024-01-10,0.00017498875852833056,0.00015608870425188107,0.005037529595486374,2025-05-05,250,33261,191,100.0,0.00015761928099545112,0.00010240852259262292,0.00015761928099545112,0.00010240852259262292,0.012554651767191758,0.010119709610093706,0.19394740708468916,5.5210758402828204e-05,0.04238876649178662,0.20418848167539266,0.16753926701570682,1.0,0.00013190343114157763,2.293396792826674e-05,0.012823248031496062
2025-05-08,2024-01-12,0.00012310389445744678,7.119212414933225e-05,0.005095541401273885,2025-05-06,250,33271,147,100.0,0.00013390179363607753,4.9243413800021764e-05,0.00013390179363607753,4.9243413800021764e-05,0.011571594256457384,0.007017365160800866,0.3935697186336349,8.465837983605577e-05,0.042484611606155305,0.21768707482993196,0.1360544217687075,1.0,0.0001445537752582403,2.759130764462089e-05,0.012769546467076537
2025-05-09,2024-01-17,0.00022958363232529326,3.285357252509158e-05,0.005063547521393487,2025-05-07,250,33370,214,100.0,0.00017112225258763902,3.3146597643005035e-05,0.00017112225258763902,3.3146597643005035e-05,0.01308137043996687,0.005757308194200223,0.5598849355561248,0.000137975654944634,0.042484611606155284,0.1822429906542056,0.1588785046728972,1.0,0.00011043377266950278,3.34507856225533e-05,0.012681186068736064
2025-05-12,2024-01-19,0.0003190108764753724,3.3349420132269695e-05,0.0037777665843953066,2025-05-08,250,33475,195,100.0,0.00023494661926245448,3.639087021972509e-05,0.00023494661926245448,3.639087021972509e-05,0.015327968530188679,0.006032484580976986,0.6064393941639485,0.00019855574904272937,0.04248461160615529,0.13333333333333333,0.1641025641025641,1.0,0.00014462225778900004,3.965881127113993e-05,0.012697365063614135
2025-05-13,2024-01-22,,,,2025-05-09,250,33510,37,100.0,0.00027632711869526465,5.850007291296138e-05,0.00027632711869526465,5.850007291296138e-05,0.01662308992622204,0.007648534036857088,0.5398849389130758,0.00021782704578230327,0.04325104199431492,0.10810810810810811,0.13513513513513514,1.0,0.00027632711869526465,5.850007291296138e-05,0.012291173090447522
2025-05-14,2024-01-24,0.00046416229745954257,0.00011541037813844277,0.004743342882637485,2025-05-12,250,33512,191,0.01,0.00036504617171680457,8.544658354146663e-05,0.00036504617171680457,8.544658354146663e-05,0.019106181505387322,0.009243732121901122,0.5161915467360817,0.0002795995881753379,0.0431552703139276,0.12041884816753927,0.1256544502617801,1.0,0.00020122924166977936,3.5923089693686683e-05,0.012210536091609296
2025-05-15,2024-01-26,0.0004675509084484482,0.0001383981909635269,0.004756746573729573,2025-05-13,250,33464,150,0.01,0.0004024310646488293,0.0001159820274632475,0.0004024310646488293,0.0001159820274632475,0.020060684550852928,0.010769495227876165,0.46315415106717917,0.0002864490371855818,0.04315527031392761,0.08,0.10666666666666667,1.0,0.00015245489006319548,2.993288370411034e-05,0.012194950560765153
2025-05-16,2024-01-29,0.0004601626270575948,0.00014028098276126533,0.004776542917947505,2025-05-14,250,33516,213,100.0,0.0003425951724204809,9.489898366383021e-05,0.0003425951724204809,9.489898366383021e-05,0.018509326633361918,0.009741610937818765,0.4736917700582304,0.00024769618875665066,0.0428679002271758,0.12206572769953052,0.1267605633802817,1.0,0.00020721446708077407,4.26409240970867e-05,0.012135675574975443
2025-05-19,2024-01-31,0.00041471624545054143,9.303256948553222e-05,0.004780838776862633,2025-05-15,250,33501,200,100.0,0.0003153514350296918,6.506825486789717e-05,0.0003153514350296918,6.506825486789717e-05,0.017758137149760156,0.008066489624855237,0.5457581188371335,0.0002502831801617946,0.04277209184386899,0.14,0.125,1.0,0.00019633204672339953,3.1572537358861755e-05,0.012059291484348702
2025-05-20,2024-02-02,0.0007689045245222875,0.0002091206213171908,0.004837628125299358,2025-05-16,250,33604,80,100.0,0.0005604502514360494,0.00013518033099200026,0.0005604502514360494,0.00013518033099200026,0.023673830518867227,0.011626707659178512,0.508879323525087,0.00042526992044404914,0.042963699432115664,0.075,0.025,1.0,0.00033005342328810234,5.3456852211526545e-05,0.012046114146423469
2025-05-21,2024-02-05,0.00036923687522721205,8.813894104393723e-05,0.004882529246833608,2025-05-19,250,33709,194,100.0,0.0002752122124819829,6.297109730690184e-05,0.0002752122124819829,6.297109730690184e-05,0.01658952116493972,0.007935433025796503,0.5216599112838025,0.00021224111517508106,0.0428679002271758,0.17525773195876287,0.08762886597938144,1.0,0.00017096747769922892,3.506761838105822e-05,0.01208675212954373
2025-05-22,2024-02-07,0.00031170273478359965,6.522578166425684e-05,0.004997773269335444,2025-05-20,250,33607,196,100.0,0.00026614191086374463,5.513855890846982e-05,0.00026614191086374463,5.513855890846982e-05,0.01631385640686299,0.007425534250710168,0.5448326829953978,0.00021100335195527482,0.04267627428043632,0.17346938775510204,0.12244897959183673,1.0,0.00019420376783239472,3.9211365083542954e-05,0.012293914490615242
2025-05-23,2024-02-09,0.00023915553119304103,0.0001229747073040139,0.005015891934843067,2025-05-21,250,33729,218,1.0,0.00018952444181611724,7.541298847259847e-05,0.00018952444181611724,7.541298847259847e-05,0.013766787636050657,0.008684065204303712,0.3692017750340667,0.00011411145334351878,0.04277209184386899,0.1834862385321101,0.10091743119266056,1.0,0.0001341110895991634,2.23100985151929e-05,0.012289065152892355
2025-05-27,2024-02-12,0.000559964015588756,2.852220158052702e-05,0.005172325498028371,2025-05-22,250,33802,74,1.0,0.0004236671388432653,2.866995743244033e-05,0.0004236671388432653,2.866995743244033e-05,0.020583176111651606,0.005354433437109881,0.7398635950027714,0.00039499718141082496,0.042676274280436306,0.0945945945945946,0.02702702702702703,1.0,0.0002797982133896917,2.8825921942793277e-05,0.012373523164856414
2025-05-28,2024-02-14,0.0002973599968400303,7.521801248436123e-05,0.005044703061785128,2025-05-23,250,33887,187,100.0,0.00026519060041670583,5.828707046983564e-05,0.00026519060041670583,5.828707046983564e-05,0.01628467378907867,0.0076345969421990865,0.5311790066486173,0.0002069035299468702,0.04258044753511838,0.2620320855614973,0.11229946524064172,1.0,0.00021017627030145558,2.933270586528467e-05,0.012121510614903158
2025-05-29,2024-02-16,0.00029140530818967843,8.332266125955431e-05,0.005039417223829957,2025-05-27,250,33924,182,100.0,0.0002613132047814685,6.331807350109233e-05,0.0002613132047814685,6.331807350109233e-05,0.01616518495970487,0.007957265453727953,0.5077528977513642,0.00019799513128037618,0.04258044753511838,0.19230769230769232,0.1043956043956044,1.0,0.00020842405333673598,2.815849501652279e-05,0.01219204566722815
2025-05-30,2024-02-21,0.0002907581947562107,6.129951843396133e-05,0.005051262815703926,2025-05-28,250,33930,168,100.0,0.00023116899869695147,4.6984121412565585e-05,0.00023116899869695147,4.6984121412565585e-05,0.015204242786043357,0.006854496437563126,0.5491721268845319,0.00018418487728438587,0.042676274280436306,0.2619047619047619,0.13095238095238096,1.0,0.00010536958479407098,1.676272770073013e-05,0.012144108126429963
2025-06-02,2024-02-23,0.0002762127042087737,4.824067973037882e-05,0.005028628329599203,2025-05-29,250,34035,177,100.0,0.00024894929198664167,3.767379791957562e-05,0.00024894929198664167,3.767379791957562e-05,0.015778127011361064,0.0061378984937497634,0.6109868751005643,0.00021127549406706604,0.0426762742804363,0.22598870056497175,0.15819209039548024,1.0,0.00020197233554235258,1.9466247722499333e-05,0.01215770712092163
2025-06-03,2024-02-26,0.0005524784878127567,2.6554058183032516e-05,0.005007436787307884,2025-05-30,250,34044,104,100.0,0.00035349422547511486,2.6216365751270963e-05,0.00035349422547511486,2.6216365751270963e-05,0.01880144211158056,0.005120191964298894,0.7276702534884192,0.0003272778597238439,0.043442557842836724,0.14423076923076922,0.07692307692307693,1.0,0.00023892752897768468,2.602193677540825e-05,0.012089607059101415
2025-06-04,2024-02-28,0.0003147764126495035,7.834900173479745e-05,0.004968760761548681,2025-06-02,250,34097,152,100.0,0.00031340117315574467,6.553851526319375e-05,0.00031340117315574467,6.553851526319375e-05,0.017703140206069223,0.0080955861593336,0.5427033811460091,0.00024786265789255094,0.04334680450336586,0.19078947368421054,0.13157894736842105,1.0,0.00030912678013460227,2.5722138391993027e-05,0.012021055545303564
2025-06-05,2024-03-01,0.00017660900417822788,4.012138494616852e-05,0.004979785031062026,2025-06-03,250,34108,142,100.0,0.00018962168842331416,2.983894430895174e-05,0.00018962168842331416,2.983894430895174e-05,0.013770319111164931,0.005462503483655799,0.6033132246567315,0.0001597827441143624,0.043442557842836724,0.3591549295774648,0.19718309859154928,1.0,0.0002030061636468314,1.9262719653528765e-05,0.012024283053378756
2025-06-06,2024-03-04,0.00029917437944426836,1.0922896045049355e-05,0.005034142451278471,2025-06-04,250,34102,192,100.0,0.00023979034632726678,1.663291211858175e-05,0.00023979034632726678,1.663291211858175e-05,0.015485165363252238,0.004078346738395566,0.7366287900241693,0.00022315743420868504,0.04344255784283673,0.23958333333333334,0.11979166666666667,1.0,0.00017524248424356938,2.2839451328943043e-05,0.012082675996964842
2025-06-09,2024-03-06,0.0002534023004801841,3.095633286780378e-05,0.004952922714790114,2025-06-05,250,34116,168,100.0,0.00022956394578476776,2.898406233780426e-05,0.00022956394578476776,2.898406233780426e-05,0.015151367785938263,0.005383684828981379,0.6446733453346774,0.0002005798834469635,0.043346804503365866,0.2916666666666667,0.16071428571428573,1.0,0.00018552359558476132,2.534037610441531e-05,0.011959860800480688
2025-06-10,2024-03-08,,,,2025-06-06,250,34206,56,100.0,0.0002498125940738086,3.0212518893808534e-05,0.0002498125940738086,3.0212518893808534e-05,0.015805460894064705,0.005496591570583405,0.6522346543752169,0.00021960007518000008,0.04344255784283673,0.08928571428571429,0.05357142857142857,1.0,0.0002498125940738086,3.0212518893808534e-05,0.011949091181963715
2025-06-11,2024-03-11,0.00032573684661934524,7.927619624907521e-05,0.004983470666600877,2025-06-09,250,34243,172,100.0,0.0002932577208305682,6.12813342607648e-05,0.0002932577208305682,6.12813342607648e-05,0.017124769219775435,0.00782823953777379,0.5428703629632654,0.0002319763865698034,0.043538302014483436,0.16279069767441862,0.10465116279069768,1.0,0.00022941943910779949,2.5912122766499564e-05,0.011881725475890427
2025-06-12,2024-03-13,0.00019137013153742966,5.982043411245985e-05,0.005080994063789114,2025-06-10,250,34142,131,100.0,0.00019778169791559398,4.334569589197829e-05,0.00019778169791559398,4.334569589197829e-05,0.014063488113394699,0.006583744822817656,0.5318554849456586,0.0001544360020236157,0.043538302014483436,0.22900763358778625,0.16030534351145037,1.0,0.00020560598230928606,2.324093060596689e-05,0.011915709392044695
2025-06-13,2024-03-15,0.00018022238708613188,4.0772911388555975e-05,0.005070281124497991,2025-06-11,250,34279,94,100.0,0.00016448559554976602,3.308125903805883e-05,0.00016448559554976602,3.308125903805883e-05,0.012825193782152612,0.005751630989385431,0.5515365235736763,0.00013140433651170718,0.043634037020061314,0.3191489361702128,0.1702127659574468,1.0,0.00012332783307004001,1.2964629813681688e-05,0.01186853995859213
2025-06-16,2024-03-18,0.000316928265974085,1.5790537198410887e-05,0.005141257317383559,2025-06-12,250,34298,132,100.0,0.000277820208864192,1.602900121774649e-05,0.000277820208864192,1.602900121774649e-05,0.016667939550652086,0.004003623510989325,0.7598009340733003,0.00026179120764644554,0.043538302014483436,0.17424242424242425,0.13636363636363635,1.0,0.00011837966833924366,1.7001200681191627e-05,0.01200273199329983
2025-06-17,2024-03-20,0.0004977324505414518,9.150485776554965e-05,0.00509021268017337,2025-06-13,250,34252,101,100.0,0.0002971611176641416,4.3673069643081016e-05,0.0002971611176641416,4.3673069643081016e-05,0.01723836180337742,0.006608560330592512,0.6166364062913605,0.0002534880480210606,0.04334680450336585,0.16831683168316833,0.07920792079207921,1.0,0.00016563893217082346,1.230796267752782e-05,0.011889611402402606
2025-06-18,2024-03-22,0.0003248274815730912,5.109241740048882e-05,0.0051625434471478234,2025-06-16,250,34271,180,100.0,0.00026854446350277556,3.712411026976904e-05,0.00026854446350277556,3.712411026976904e-05,0.0163873263073259,0.006092955790892384,0.6281909765738571,0.00023142035323300651,0.04325104199431494,0.24444444444444444,0.12777777777777777,1.0,0.000184119936397302,1.617164957368939e-05,0.011992085753016583
2025-06-20,2024-03-25,0.0003421306528312384,1.1558820748474965e-05,0.005137857360870893,2025-06-17,250,34187,173,0.01,0.0002721126363869995,1.566538979880987e-05,0.0002721126363869995,1.566538979880987e-05,0.016495836941089092,0.003957952728218197,0.7600635395249679,0.0002564472465881896,0.04325104199431494,0.21965317919075145,0.10982658959537572,1.0,0.0001690861264761908,2.170791283001695e-05,0.011993892273701118
2025-06-23,2024-03-27,0.000329968232800959,4.1357649407931954e-05,0.00502487562189055,2025-06-18,250,34185,181,1.0,0.0002615257497196685,2.9995783464925805e-05,0.0002615257497196685,2.9995783464925805e-05,0.016171757780762994,0.005476840646296531,0.6613330028470084,0.00023152996625474268,0.042963699432115664,0.1878453038674033,0.11602209944751381,1.0,0.000157911435054937,1.279518085676371e-05,0.012061190011442418
2025-06-24,2024-04-01,0.0005295781714612237,7.003489710729574e-05,0.005012406947890819,2025-06-20,250,34280,76,100.0,0.00039696398537328916,4.7616817895690776e-05,0.00039696398537328916,4.7616817895690776e-05,0.019923955063523135,0.006900494032726264,0.6536584221995301,0.0003493471674775984,0.04286790022717579,0.13157894736842105,0.06578947368421052,1.0,0.00024961488972002845,2.2707840993907477e-05,0.0119432208614513
2025-06-25,2024-04-03,0.000373625649664384,4.3608172193147904e-05,0.005042436345481778,2025-06-23,250,34360,173,100.0,0.00030235034268423684,3.55294865971183e-05,0.00030235034268423684,3.55294865971183e-05,0.01738822425333412,0.0059606615905550536,0.6572012470214075,0.00026682085608711854,0.04286790022717579,0.26011560693641617,0.16184971098265896,1.0,0.00019492089448227578,2.3352917003102676e-05,0.011812722897920165
2025-06-26,2024-04-05,0.0003313891405625217,3.548949012793766e-05,0.005010914864060331,2025-06-24,250,34330,176,100.0,0.00027555748889467377,3.001907379454342e-05,0.00027555748889467377,3.001907379454342e-05,0.01659992436412509,0.005478966489635013,0.6699402738559534,0.00024553841510013033,0.0428679002271758,0.22727272727272727,0.14204545454545456,1.0,0.00018472689140519003,2.1119441252155774e-05,0.011806107524047966
2025-06-27,2024-04-08,0.0003100444361449662,3.5573034913220074e-05,0.00502487562189055,2025-06-25,250,34394,199,1.0,0.0002386470484985166,2.804354709235272e-05,0.0002386470484985166,2.804354709235272e-05,0.015448205348794293,0.00529561583693084,0.6572018744336439,0.0002106035014061639,0.04296369943211568,0.27638190954773867,0.16080402010050251,1.0,0.00015560878243145023,1.9286425387648288e-05,0.011714455685031126
2025-06-30,2024-04-10,0.00026377673370713315,9.617165451438875e-06,0.005022876467077782,2025-06-26,250,34402,122,100.0,0.00022699959998909947,1.0358760893931764e-05,0.00022699959998909947,1.0358760893931764e-05,0.015066505898485537,0.0032185028963683977,0.7863802717064003,0.0002166408390951677,0.042963699432115664,0.28688524590163933,0.1721311475409836,1.0,5.011909972617583e-05,1.3925481831635662e-05,0.01165654160771495
2025-07-01,2024-04-12,0.0004075387081780606,1.638405589953356e-05,0.004922746990300726,2025-06-27,250,34537,110,100.0,0.00028713647845450893,1.810027941014498e-05,0.00028713647845450893,1.810027941014498e-05,0.01694510190156757,0.004254442314821648,0.748927900254877,0.00026903619904436395,0.043155270313927595,0.11818181818181818,0.045454545454545456,1.0,0.00021833520432676506,1.9080978559065786e-05,0.011601074694505137
2025-07-02,2024-04-15,0.0001885448931576108,9.711123822369681e-06,0.0048599749783466446,2025-06-30,250,34530,180,100.0,0.00017979961592838145,1.2830671381285062e-05,0.00017979961592838145,1.2830671381285062e-05,0.013408937912019038,0.003581992655113221,0.7328652963705262,0.00016696894454709639,0.043059489460446965,0.21666666666666667,0.12777777777777777,1.0,0.00016539562990376834,1.796874971361629e-05,0.011604831215089456
2025-07-03,2024-04-19,0.00010329707393780027,7.335911672355715e-06,0.004754283562417624,2025-07-01,250,34470,136,1.0,0.00010308498618930997,1.1627658303363257e-05,0.00010308498618930997,1.1627658303363257e-05,0.010153077670800611,0.0034099352344822116,0.6641476264592266,9.145732788594672e-05,0.0431552703139276,0.25735294117647056,0.15441176470588236,1.0,0.0001028600446378809,1.6179510790795496e-05,0.011552460311064546
2025-07-07,2024-04-22,9.60217190619937e-05,5.312438638213693e-05,0.004729571528915943,2025-07-02,250,34456,157,100.0,8.788948154706658e-05,3.702885455653561e-05,8.788948154706658e-05,3.702885455653561e-05,0.0093749390156452,0.00608513389799564,0.3509148285828235,5.086062699053097e-05,0.04325104199431493,0.27388535031847133,0.17197452229299362,1.0,7.474236423126773e-05,1.1007744771813493e-05,0.011462123005085229
2025-07-08,2024-04-24,0.00016684852360451935,5.7702956168088104e-05,0.004810669206954036,2025-07-03,250,34392,65,100.0,0.00014046618187434917,3.499672775884843e-05,0.00014046618187434917,3.499672775884843e-05,0.011851842973746706,0.005915803221782181,0.5008537292565878,0.00010546945411550073,0.04325104199431494,0.2153846153846154,0.09230769230769231,1.0,0.0001178527461056319,1.553424626521443e-05,0.01154817941612425
2025-07-09,2024-04-26,6.156196223221699e-06,2.9770116910616975e-05,0.00480929479548593,2025-07-07,250,34469,166,100.0,9.14654144976943e-06,2.2194642668103953e-05,9.14654144976943e-06,2.2194642668103953e-05,0.003024324957700384,0.004711119046267453,-0.5577423432201751,-1.3048101218334523e-05,0.04325104199431494,0.2891566265060241,0.29518072289156627,1.0,1.3677367550599324e-05,1.0716651391569075e-05,0.011554508817745106
2025-07-10,2024-04-29,4.478196969733954e-06,1.8849458852547154e-05,0.004783555934451075,2025-07-08,250,34355,139,100.0,5.702943734143466e-06,1.4203312643363017e-05,5.702943734143466e-06,1.4203312643363017e-05,0.0023880836949620224,0.00376872825278807,-0.5781390998727136,-8.500368909219552e-06,0.04325104199431494,0.26618705035971224,0.2517985611510791,1.0,7.0190895108223425e-06,9.210439105135289e-06,0.011485632791718745
2025-07-11,2024-05-01,5.435283050653527e-06,2.384644002669026e-05,0.0047549550397815565,2025-07-09,250,34338,191,100.0,5.301437141666963e-06,1.5861328841998817e-05,5.301437141666963e-06,1.5861328841998817e-05,0.002302484992712648,0.003982628383617886,-0.7297087261037021,-1.0559891700331854e-05,0.04325104199431496,0.2879581151832461,0.27225130890052357,1.0,5.163319554734019e-06,7.621373683327864e-06,0.011453331628902884
2025-07-14,2024-05-03,6.656133025650461e-06,2.0839303988777996e-05,0.004783102860390227,2025-07-10,250,34437,165,100.0,6.459500739423326e-06,1.5050618699972795e-05,6.459500739423326e-06,1.5050618699972795e-05,0.0025415547878067327,0.003879512688466529,-0.5264328383077683,-8.59111796054947e-06,0.043155270313927616,0.20606060606060606,0.19393939393939394,1.0,6.171889335688111e-06,6.583586486496538e-06,0.01149373657034733
2025-07-16,2024-05-06,1.1853938397796414e-05,1.4835661511712318e-05,0.004829993783176317,2025-07-11,250,34481,186,100.0,1.2223257000453906e-05,1.1824120719638034e-05,1.2223257000453906e-05,1.1824120719638034e-05,0.003496177484118034,0.003438621921589815,0.01646242583211932,3.991362808158719e-07,0.04325104199431494,0.14516129032258066,0.08064516129032258,1.0,1.2769848532386998e-05,7.36704034736809e-06,0.011521078856848941
2025-07-17,2024-05-08,1.3877158289409386e-05,3.742907946220333e-05,0.004805862200228397,2025-07-14,250,34486,214,100.0,1.1488179611842659e-05,2.345478295434617e-05,1.1488179611842659e-05,2.345478295434617e-05,0.0033894217223359295,0.004843013829667036,-0.4288613888770727,-1.196660334250351e-05,0.0431552703139276,0.19626168224299065,0.14953271028037382,1.0,8.815361883475927e-06,7.820173990109939e-06,0.01148268879561693
2025-07-18,2024-05-10,1.1719548006537029e-05,2.403796051484283e-05,0.004809065803256831,2025-07-16,250,34595,188,0.01,1.2005220544265048e-05,1.773833983572908e-05,1.2005220544265048e-05,1.773833983572908e-05,0.0034648550538608465,0.0042116908523453,-0.21554604359344354,-5.73311929146403e-06,0.0431552703139276,0.14361702127659576,0.11170212765957446,1.0,1.2435633834441928e-05,8.246911345864363e-06,0.011412846315521306
2025-07-21,2024-05-13,1.4655221883867727e-05,1.736220878614447e-05,0.004782649872146982,2025-07-17,250,34681,226,0.01,1.2415937836952329e-05,1.262648934598814e-05,1.2415937836952329e-05,1.262648934598814e-05,0.003523625666405603,0.0035533771747435056,-0.008443436152016703,-2.1055150903581034e-07,0.04305948946044698,0.1902654867256637,0.11946902654867257,1.0,9.644546689779808e-06,6.765450434903569e-06,0.011421211638356864
2025-07-22,2024-05-17,2.158980577925858e-05,1.811392470213187e-05,0.004753388554216867,2025-07-18,250,34688,75,1.0,2.026473783071923e-05,1.4173145187459685e-05,2.026473783071923e-05,1.4173145187459685e-05,0.0045016372389075545,0.0037647237863433864,0.16369898626993773,6.0915926432595435e-06,0.04315527031392761,0.18666666666666668,0.05333333333333334,1.0,1.8974540091351963e-05,1.0336070396857821e-05,0.011399596036706587
2025-07-23,2024-05-20,2.156878428586034e-05,2.6229084802353615e-05,0.004710820895522391,2025-07-21,250,34743,178,1.0,1.7513116666806326e-05,1.9802223093000048e-05,1.7513116666806326e-05,1.9802223093000048e-05,0.004184867580558115,0.00444996888674517,-0.06334759728567074,-2.2891064261937224e-06,0.04315527031392761,0.2808988764044944,0.16853932584269662,1.0,1.095247787127776e-05,9.405829151398688e-06,0.011397964570810673
2025-07-24,2024-05-22,1.7795681602677814e-05,2.082848261742739e-05,0.004716320336212935,2025-07-22,250,34649,188,0.01,1.5381651945478147e-05,1.668608953809256e-05,1.5381651945478147e-05,1.668608953809256e-05,0.003921944918720576,0.004084861018210113,-0.04153961946581419,-1.3044375926144129e-06,0.0431552703139276,0.21808510638297873,0.11702127659574468,1.0,1.1312287666198705e-05,9.70319834721384e-06,0.01130181485627789
2025-07-25,2024-05-24,1.4817799543396663e-05,1.8249369599739493e-05,0.004724925149700597,2025-07-23,250,34754,183,0.01,1.287468088894944e-05,1.516670616092499e-05,1.287468088894944e-05,1.516670616092499e-05,0.003588130556285465,0.00389444555244068,-0.08536896619289158,-2.29202527197555e-06,0.04325104199431495,0.2185792349726776,0.12568306010928962,1.0,9.588524340987223e-06,9.953378286459287e-06,0.011298073831215916
2025-07-28,2024-05-29,1.7868133100647256e-05,1.873352595358686e-05,0.004722274172433141,2025-07-24,250,34765,199,100.0,1.277826668204e-05,1.3974758387583082e-05,1.277826668204e-05,1.3974758387583082e-05,0.003574670150103363,0.003738282812680587,-0.045770002743467986,-1.1964917055430813e-06,0.043251041994314954,0.23115577889447236,0.1306532663316583,1.0,6.976913559756459e-06,8.550786753213182e-06,0.01125054779469471
2025-07-29,2024-05-31,2.9694399693802365e-05,2.4364355631631656e-05,0.00471852370941369,2025-07-25,250,34875,75,0.01,2.344851658151731e-05,1.812375241695727e-05,2.344851658151731e-05,1.812375241695727e-05,0.004842366836735659,0.004257200067762527,0.12084313078758913,5.324764164560038e-06,0.043059489460446965,0.14666666666666667,0.02666666666666667,1.0,1.6682143209875156e-05,1.1363098934393362e-05,0.011253373944170565
2025-07-30,2024-06-03,2.821802452279394e-05,2.4536935556775618e-05,0.00478061248639182,2025-07-28,250,34949,172,1.0,2.7794101606599865e-05,2.4228696981250007e-05,2.7794101606599865e-05,2.4228696981250007e-05,0.005272011153876655,0.0049222654318159245,0.06634009524117812,3.5654046253498584e-06,0.043059489460446965,0.19186046511627908,0.11627906976744186,1.0,2.6960873805804605e-05,2.3622848746596203e-05,0.011283134464628657
2025-07-31,2024-06-05,6.0350240015881515e-05,4.643923468410937e-05,0.00483138005261899,2025-07-29,250,34851,122,0.01,4.877011304239086e-05,3.768899114305153e-05,4.877011304239086e-05,3.768899114305153e-05,0.0069835601982363455,0.0061391360257817655,0.12091600107747824,1.1081121899339328e-05,0.04315527031392761,0.319672131147541,0.27049180327868855,1.0,6.012721140271559e-06,5.380399606837911e-06,0.011297361535794213
2025-08-01,2024-06-07,2.8696385047316125e-05,1.9016895873658307e-05,0.004865828395240161,2025-07-30,250,34950,172,0.01,2.7123755054475304e-05,1.4285496290249053e-05,2.7123755054475304e-05,1.4285496290249053e-05,0.005208047144033482,0.003779615891892859,0.2742738713064613,1.2838258764226251e-05,0.04315527031392761,0.14534883720930233,0.0872093023255814,1.0,2.4659185662709835e-05,6.87061634610022e-06,0.011339900012656624
2025-08-04,2024-06-10,2.1026860969672785e-05,1.784811365606617e-05,0.004990611720525742,2025-07-31,250,34944,183,100.0,1.4827974093958087e-05,1.1922902532154356e-05,1.4827974093958087e-05,1.1922902532154356e-05,0.003850710855667832,0.0034529556226737634,0.10329397555482922,2.905071561803731e-06,0.04258044753511838,0.2896174863387978,0.26229508196721313,1.0,9.568312502442583e-06,6.89545066944131e-06,0.011528861867078424
2025-08-05,2024-06-12,2.775757073419059e-05,1.9161945826685197e-05,0.004966805999508238,2025-08-01,250,34970,69,0.01,2.3256012057687198e-05,1.442016252359212e-05,2.3256012057687198e-05,1.442016252359212e-05,0.004822448761540883,0.003797388908657121,0.21256002988743672,8.835849534095078e-06,0.04258044753511839,0.17391304347826086,0.057971014492753624,1.0,1.888306934336961e-05,9.813858743444566e-06,0.011356249504887747
2025-08-06,2024-06-14,1.7352902868953262e-05,4.553306320719241e-06,0.004977330967869112,2025-08-04,250,35125,170,100.0,1.472283156233231e-05,6.1797897556338355e-06,1.472283156233231e-05,6.1797897556338355e-06,0.0038370342143812463,0.002485918292228012,0.35212506500182805,8.543041806698473e-06,0.042484611606155305,0.24705882352941178,0.14705882352941177,1.0,1.0777724602400881e-05,8.619514908005729e-06,0.011414118508845966
2025-08-07,2024-06-17,5.270858567719638e-06,2.26354431492979e-06,0.00473622508792497,2025-08-05,250,35106,170,100.0,7.306060446156816e-06,4.821083604132201e-06,7.306060446156816e-06,4.821083604132201e-06,0.0027029725204220662,0.002195696610220137,0.1876733508643731,2.484976842024615e-06,0.04229291219025145,0.34705882352941175,0.17058823529411765,1.0,1.0213491701067068e-05,8.47471116013565e-06,0.011327355478997438
2025-08-08,2024-06-21,9.459217648462558e-06,1.3609834673240024e-06,0.004590283143207746,2025-08-06,250,35187,158,100.0,8.421101286355645e-06,5.588010040519912e-06,8.421101286355645e-06,5.588010040519912e-06,0.002901913383675613,0.0023638972144574967,0.1854004920493718,2.833091245835733e-06,0.04229291219025145,0.3291139240506329,0.17088607594936708,1.0,7.732666225168957e-06,8.391196083797197e-06,0.011336850929221043
2025-08-11,2024-06-24,8.418243239426157e-06,8.736884388446429e-06,0.0044037497274907345,2025-08-07,250,35284,195,100.0,8.275092360604675e-06,7.86758927915575e-06,8.275092360604675e-06,7.86758927915575e-06,0.002876646026296019,0.0028049223303249857,0.02493309754324724,4.075030814489253e-07,0.04229291219025145,0.3641025641025641,0.23076923076923078,1.0,8.118088170929499e-06,6.914168836707902e-06,0.01124913525220503
2025-08-12,2024-06-26,,,,2025-08-08,250,35256,35,100.0,9.905709233937375e-06,1.177793635254368e-05,9.905709233937375e-06,1.177793635254368e-05,0.003147333670575361,0.003431899816798806,-0.09041499123015573,-1.8722271186063044e-06,0.04248461160615529,0.22857142857142856,0.11428571428571428,1.0,9.905709233937375e-06,1.177793635254368e-05,0.011271424078500443
2025-08-13,2024-06-28,7.040328500669568e-06,2.387066217450285e-06,0.004441541476159372,2025-08-11,250,35367,167,100.0,7.060241772959743e-06,5.806618045801895e-06,7.060241772959743e-06,5.806618045801895e-06,0.002657111546954652,0.002409692521008001,0.09311578440514512,1.2536237271578475e-06,0.042388766491786634,0.4311377245508982,0.2694610778443114,1.0,7.0899630748853734e-06,1.0910426744834152e-05,0.01115269258896202
2025-08-14,2024-07-01,5.7764679447324974e-06,1.2701586102479346e-05,0.004371491021300306,2025-08-12,250,35250,148,100.0,5.484399738566144e-06,1.1814187862178425e-05,5.484399738566144e-06,1.1814187862178425e-05,0.0023418795311813422,0.003437177310261783,-0.4677003084475171,-6.329788123612281e-06,0.04200529414503013,0.3581081081081081,0.25675675675675674,1.0,4.466586292834913e-06,8.721739449008547e-06,0.011114645908604568
2025-08-15,2024-07-03,5.822824638880976e-06,7.384454193162348e-06,0.004381819743964258,2025-08-13,250,35320,200,100.0,7.186983853526474e-06,7.993536899716429e-06,7.186983853526474e-06,7.993536899716429e-06,0.0026808550601489954,0.0028272843683853997,-0.054620374824838835,-8.065530461899549e-07,0.04210117601863539,0.32,0.2,1.0,8.788388148979883e-06,8.708547033497309e-06,0.011113611907899836
2025-08-18,2024-07-05,6.0424274557685995e-06,9.117635481960502e-06,0.004404335247635907,2025-08-14,250,35399,193,100.0,6.720274591822877e-06,8.788957214684113e-06,6.720274591822877e-06,8.788957214684113e-06,0.0025923492418697906,0.002964617549479884,-0.14360268346466554,-2.068682622861236e-06,0.04210117601863539,0.32124352331606215,0.21761658031088082,1.0,7.5461573093142965e-06,8.388498636163457e-06,0.011139692900658959
2025-08-19,2024-07-08,1.2226683140901225e-05,7.998633411469295e-06,0.00441768807657326,2025-08-15,250,35464,83,100.0,1.7056346187818057e-05,9.176094065508009e-06,1.7056346187818057e-05,9.176094065508009e-06,0.004129932951976104,0.0030292068376900263,0.26652396711656023,7.880252122310048e-06,0.042388766491786634,0.1927710843373494,0.060240963855421686,1.0,2.1549055998903485e-05,1.027140630182309e-05,0.0111421172081455
2025-08-20,2024-07-10,8.030201315716985e-06,1.0070998848142444e-05,0.004424011103400417,2025-08-18,250,35453,210,100.0,1.0852153332035173e-05,9.421199718578001e-06,1.0852153332035173e-05,9.421199718578001e-06,0.0032942606654657995,0.0030693972891396777,0.06825913282558249,1.4309536134571713e-06,0.04210117601863538,0.23333333333333334,0.10476190476190476,1.0,1.4841809630967784e-05,8.502518190573099e-06,0.011202894609337145
2025-08-21,2024-07-12,9.459397112028374e-06,5.580994534796463e-06,0.004513074642714924,2025-08-19,250,35468,214,100.0,1.3167856219491415e-05,5.996484509146962e-06,1.3167856219491415e-05,5.996484509146962e-06,0.0036287540863899023,0.0024487720410742526,0.3251755333163304,7.171371710344453e-06,0.042101176018635375,0.2570093457943925,0.1261682242990654,1.0,1.9020966377053565e-05,6.6522578421579894e-06,0.011232740436601841
2025-08-22,2024-07-15,7.630795001689464e-06,2.2176534697335124e-06,0.004535349044019563,2025-08-20,250,35545,242,100.0,7.978815059397479e-06,6.3906724453793365e-06,7.978815059397479e-06,6.3906724453793365e-06,0.0028246796383656464,0.0025279779360942484,0.10503906292292642,1.5881426140181425e-06,0.04229291219025145,0.30165289256198347,0.2024793388429752,1.0,8.350631360367578e-06,1.084902605183855e-05,0.011277985996381093
2025-08-25,2024-07-19,9.057265534774454e-06,6.673128333528929e-06,0.004478398314014752,2025-08-21,250,35585,239,100.0,8.65438379763965e-06,8.121685239129904e-06,8.65438379763965e-06,8.121685239129904e-06,0.0029418334075266145,0.0028498570559117357,0.03126497624901514,5.326985585097462e-07,0.0418135028134104,0.3054393305439331,0.16317991631799164,1.0,8.219972185424734e-06,9.683607467777905e-06,0.011107411941547473
2025-08-27,2024-07-22,1.2683701367947397e-05,3.236241557956891e-06,0.004448126989664646,2025-08-22,250,35621,81,100.0,1.3374774784296293e-05,7.5264390254458714e-06,1.3374774784296293e-05,7.5264390254458714e-06,0.0036571539185952092,0.0027434356244398867,0.24984409037569333,5.848335758850422e-06,0.04190940307720963,0.2839506172839506,0.1111111111111111,1.0,1.4083125036053906e-05,1.1923891429622078e-05,0.01110999441998884
2025-08-28,2024-07-24,6.999127753468697e-06,5.270230301912858e-06,0.004425354679161787,2025-08-25,250,35659,200,100.0,7.440456720741356e-06,7.996150730719406e-06,7.440456720741356e-06,7.996150730719406e-06,0.0027277200590862245,0.0028277465817713237,-0.03667037691492725,-5.556940099780497e-07,0.04171759335186849,0.38,0.27,1.0,8.102450171650345e-06,1.2085031373929229e-05,0.011084737794411022
2025-08-29,2024-07-26,8.530275835165789e-06,7.0171728365264865e-06,0.0043859649122807015,2025-08-27,250,35654,185,100.0,6.731227010097452e-06,7.835384617340186e-06,6.731227010097452e-06,7.835384617340186e-06,0.0025944608322534864,0.002799175703191957,-0.0789045910400814,-1.1041576072427338e-06,0.04171759335186849,0.3081081081081081,0.3027027027027027,1.0,3.9077198263096435e-06,9.119522551117244e-06,0.011045620415459534
2025-09-02,2024-07-29,1.5380478660459896e-05,1.1894110228237474e-05,0.004393900232618248,2025-08-28,250,35650,81,100.0,2.5098946137577362e-05,1.0254438062218614e-05,2.5098946137577362e-05,1.0254438062218614e-05,0.005009884842746125,0.003202255152578978,0.36081262282593907,1.4844508075358748e-05,0.04142980976313955,0.2839506172839506,0.13580246913580246,1.0,3.458037782257001e-05,8.654757900248988e-06,0.011111889000852648
2025-09-03,2024-08-12,5.49259348300378e-06,3.163265235106402e-06,0.004440188055023505,2025-08-29,250,35626,189,100.0,1.029910061532858e-05,5.46089547602251e-06,1.029910061532858e-05,5.46089547602251e-06,0.003209221185167607,0.002336855895433544,0.27183083975824573,4.83820513930607e-06,0.04114194333117518,0.2962962962962963,0.20634920634920634,1.0,1.6847966583121122e-05,8.591416679270709e-06,0.011194845924375654
2025-09-04,2024-08-14,3.8079103050269043e-06,1.0683624410066727e-05,0.004277267580827779,2025-09-02,250,35670,117,100.0,9.981411056673017e-06,1.053994403108197e-05,9.981411056673017e-06,1.053994403108197e-05,0.0031593371229852976,0.0032465279963496342,-0.027597837764761435,-5.585329744089528e-07,0.040949986328954094,0.29914529914529914,0.18803418803418803,1.0,2.1424973425578e-05,1.0273609670037058e-05,0.011134501506819524
2025-09-05,2024-08-16,4.957753898737349e-06,8.759969414359821e-06,0.004253899407790474,2025-09-03,250,35819,210,100.0,8.296543689820295e-06,9.71568811134679e-06,8.296543689820295e-06,9.71568811134679e-06,0.0028803721443279333,0.003116999857450557,-0.08215178500062703,-1.4191444215264951e-06,0.04075799247216773,0.2761904761904762,0.22857142857142856,1.0,1.1449845159176408e-05,1.0618311325167815e-05,0.011042217155533642
2025-09-08,2024-08-19,4.800018245139285e-06,1.221371466144106e-05,0.0042554966832158226,2025-09-04,250,35780,205,100.0,7.35763716035015e-06,1.095767999547208e-05,7.35763716035015e-06,1.095767999547208e-05,0.002712496481168252,0.0033102386614067693,-0.22036606660631475,-3.600042835121931e-06,0.03989356366167667,0.3170731707317073,0.1902439024390244,1.0,9.890424823957025e-06,9.713839840823195e-06,0.011074290834929864
2025-09-09,2024-08-21,1.3874200594994689e-05,1.4935425266014994e-05,0.004287876240121069,2025-09-05,250,35772,73,100.0,1.5901980662852494e-05,1.232913171828671e-05,1.5901980662852494e-05,1.232913171828671e-05,0.003987728759939985,0.003511286333850703,0.11947713968801954,3.572848944565783e-06,0.04018178963283182,0.3424657534246575,0.2465753424657534,1.0,1.7484638276790295e-05,1.0294951388352443e-05,0.011047152566928162
2025-09-10,2024-08-23,6.157553239221269e-06,1.0595033111367571e-05,0.004352464262854704,2025-09-08,250,35889,113,100.0,6.157553239221269e-06,1.0595033111367571e-05,6.157553239221269e-06,1.0595033111367571e-05,0.0024814417662361674,0.0032550012459855635,-0.3117379139316758,-4.437479872146302e-06,0.04018178963283182,0.36283185840707965,0.2743362831858407,1.0,,,
2025-09-11,2024-08-26,3.308656176263772e-06,5.095879678933236e-06,0.004497552802151769,2025-09-09,250,35757,149,100.0,7.463964839985353e-06,7.939610880434944e-06,7.463964839985353e-06,7.939610880434944e-06,0.0027320257758640114,0.0028177315131919407,-0.03137076453856835,-4.7564604044959184e-07,0.04008572353928564,0.28859060402684567,0.28859060402684567,1.0,1.215352747475685e-05,1.1148964664986872e-05,0.010989902025421262
2025-09-12,2024-08-28,4.8626420586734375e-06,4.726038477204529e-06,0.004434204234230318,2025-09-10,250,35678,199,100.0,8.092507897433434e-06,8.539627634020974e-06,8.092507897433434e-06,8.539627634020974e-06,0.002844733361394954,0.0029222641280385615,-0.02725414188048525,-4.471197365875401e-07,0.03998964821615846,0.2663316582914573,0.23115577889447236,1.0,1.0984006838799528e-05,1.1953697926789987e-05,0.010899326368930855
2025-09-15,2024-08-30,5.619007060728839e-06,4.033098072552317e-06,0.004357670782244627,2025-09-11,250,35746,176,100.0,9.978964114055545e-06,6.529095443170705e-06,9.978964114055545e-06,6.529095443170705e-06,0.0031589498435485716,0.002555209471485793,0.1911205944898997,3.44986867088484e-06,0.03998964821615847,0.2897727272727273,0.19886363636363635,1.0,1.5988634647019376e-05,9.969524251320372e-06,0.010902973791089276
2025-09-16,2024-09-04,,,,2025-09-12,250,35799,28,100.0,5.343948427969189e-06,8.002033102857272e-06,5.343948427969189e-06,8.002033102857272e-06,0.0023116981697378206,0.002828786507118781,-0.22368332689366843,-2.658084674888083e-06,0.03979746987406609,0.07142857142857142,0.0,1.0,5.343948427969189e-06,8.002033102857272e-06,0.01084523460077772
2025-09-17,2024-09-06,6.572257318716909e-06,1.0015421505670141e-05,0.004283014906571488,2025-09-15,250,35893,235,100.0,1.3145360432673037e-05,9.722637037906722e-06,1.3145360432673037e-05,9.722637037906722e-06,0.003625653104293492,0.0031181143400951035,0.13998547285104634,3.422723394766315e-06,0.039605254592359425,0.17872340425531916,0.10638297872340426,1.0,2.0122075141345767e-05,9.411874576508714e-06,0.01086018787878788
2025-09-18,2024-09-09,6.446854242868873e-06,1.1084917484936516e-05,0.004267961002552409,2025-09-16,250,35803,207,100.0,1.470758894238064e-05,1.0402678786410046e-05,1.470758894238064e-05,1.0402678786410046e-05,0.0038350474498212717,0.003225318400779998,0.15898865842447119,4.304910155970593e-06,0.03941300235683504,0.24154589371980675,0.15942028985507245,1.0,2.6101705769293427e-05,9.461659891890785e-06,0.010873697624321124
2025-09-19,2024-09-11,4.981924289697762e-06,4.517583930710013e-06,0.00428787624012107,2025-09-17,250,35872,204,100.0,1.4293665232298482e-05,6.329951231316239e-06,1.4293665232298482e-05,6.329951231316239e-06,0.003780696395149772,0.002515939433157372,0.33453015788703566,7.963714000982243e-06,0.03950913309471249,0.19607843137254902,0.12254901960784313,1.0,2.6568232838453976e-05,8.718980854842631e-06,0.010823126868601455
2025-09-22,2024-09-12,5.1180970380290336e-06,3.800076314644901e-06,0.0041547861507128326,2025-09-18,250,36043,241,100.0,1.2622559609535091e-05,5.031025105349973e-06,1.2622559609535091e-05,5.031025105349973e-06,0.0035528241737433465,0.002242994673500134,0.3686727617773279,7.591534504185118e-06,0.03950913309471249,0.24896265560165975,0.1908713692946058,1.0,1.9942486216168052e-05,6.231704663496725e-06,0.010928592737682685
2025-09-23,2024-09-13,8.944716868136534e-06,1.2473305966052598e-05,0.003983130271790065,2025-09-19,250,36159,88,100.0,3.0078554262921688e-05,1.1102992777883661e-05,3.0078554262921688e-05,1.1102992777883661e-05,0.005484391877220453,0.003332115360830663,0.3924366756739831,1.8975561485038027e-05,0.039220713153281295,0.125,0.10227272727272728,1.0,5.02731099957164e-05,9.793582398077782e-06,0.010877132445564153
2025-09-24,2024-09-16,5.153315749077057e-06,1.1085706690044363e-05,0.004008961207404787,2025-09-22,250,36311,214,100.0,1.5848308643782378e-05,9.927187223979277e-06,1.5848308643782378e-05,9.927187223979277e-06,0.003980993424232497,0.003150743915963225,0.20855334832142736,5.9211214198031006e-06,0.03922071315328131,0.2102803738317757,0.14485981308411214,1.0,3.116159392483771e-05,8.268397988476987e-06,0.010936667119012077
2025-09-25,2024-09-17,4.375338291502357e-06,5.548804537547641e-06,0.004042645951408982,2025-09-23,250,36254,212,1.0,1.5310231603557012e-05,6.382920287210043e-06,1.5310231603557012e-05,6.382920287210043e-06,0.003912829104823901,0.002526444198317082,0.35431777605559744,8.92731131634697e-06,0.03941300235683504,0.24056603773584906,0.16037735849056603,1.0,3.0422499888756146e-05,7.53568699741763e-06,0.010971573135682951
2025-09-26,2024-09-18,5.090997158921398e-06,9.083929449284055e-06,0.003970880211780277,2025-09-24,250,36376,239,100.0,1.1026270677147557e-05,8.653845724643776e-06,1.1026270677147557e-05,8.653845724643776e-06,0.003320582882137947,0.002941741954122383,0.11408868306026099,2.3724249525037807e-06,0.039605254592359425,0.23430962343096234,0.24686192468619247,1.0,1.681438865359951e-05,8.234425232845817e-06,0.011022425347617963
2025-09-29,2024-09-19,4.317858342395107e-06,9.777033182148962e-06,0.0039927973068190695,2025-09-25,250,36431,238,100.0,1.0281197605647562e-05,8.350791317995359e-06,1.0281197605647562e-05,8.350791317995359e-06,0.0032064306644066956,0.002889773575558362,0.09875688015444006,1.9304062876522033e-06,0.03941300235683505,0.21008403361344538,0.18487394957983194,1.0,1.6145147881179143e-05,6.948320151577646e-06,0.010959637061436647
2025-09-30,2024-09-20,5.965162856382166e-06,1.0766442640064998e-05,0.004008961207404788,2025-09-26,250,36527,45,100.0,5.965162856382166e-06,1.0766442640064998e-05,5.965162856382166e-06,1.0766442640064998e-05,0.002442368288440989,0.003281225783158635,-0.3434606888271978,-4.8012797836828315e-06,0.03960525459235943,0.24444444444444444,0.26666666666666666,1.0,,,
2025-10-01,2024-09-23,5.259764571747834e-06,9.330650061578647e-06,0.004005812355182028,2025-09-29,250,36612,214,100.0,1.3439467796846649e-05,8.292192479806463e-06,1.3439467796846649e-05,8.292192479806463e-06,0.0036659879700902797,0.002879616724462904,0.21450458977038334,5.147275317040186e-06,0.03941300235683505,0.17757009345794392,0.11214953271028037,1.0,2.5613909806296053e-05,6.746581195308327e-06,0.010887908673331535
2025-10-02,2024-09-24,4.583759883594481e-06,5.55133774685767e-06,0.003992953611274221,2025-09-30,250,36502,208,100.0,1.4056177461981444e-05,6.269820488719197e-06,1.4056177461981444e-05,6.269820488719197e-06,0.003749156900155213,0.0025039609599031686,0.33212692170884983,7.786356973262246e-06,0.039316862376950375,0.20673076923076922,0.15865384615384615,1.0,2.8039270077695533e-05,7.330437869562403e-06,0.010850934250878895
2025-10-03,2024-09-25,4.406027062976423e-06,7.99352988320745e-06,0.003966865009917163,2025-10-01,250,36648,208,100.0,1.2911965885409759e-05,7.331828650758019e-06,1.2911965885409759e-05,7.331828650758019e-06,0.0035933224020966666,0.002707734966860313,0.2464536537883777,5.58013723465174e-06,0.03941300235683504,0.20192307692307693,0.16346153846153846,1.0,2.52205597108133e-05,6.374308043801791e-06,0.010838449239413045
2025-10-06,2024-09-26,5.8318186548229415e-06,9.526012468965012e-06,0.003953181923881872,2025-10-02,250,36692,244,100.0,1.1339664807914324e-05,7.835015106763465e-06,1.1339664807914324e-05,7.835015106763465e-06,0.0033674418789214943,0.0027991096989513405,0.16877267682855335,3.504649701150859e-06,0.0395091330947125,0.20901639344262296,0.13114754098360656,1.0,1.6938549740395648e-05,6.116067374938754e-06,0.010838611198278562
2025-10-07,2024-09-27,6.608200687477364e-06,1.582260698332391e-05,0.003973664731777631,2025-10-03,250,36742,82,100.0,2.5080893464060664e-05,1.2178659178153643e-05,2.5080893464060664e-05,1.2178659178153643e-05,0.005008082813219113,0.0034897935724271206,0.3031677584852198,1.2902234285907021e-05,0.03941300235683503,0.10975609756097561,0.012195121951219513,1.0,4.26739342036638e-05,8.7082326970391e-06,0.010799879394291329
2025-10-08,2024-09-30,5.295839824951694e-06,6.975540622069402e-06,0.0039769182782283235,2025-10-06,250,36828,211,100.0,1.3069473586169145e-05,6.954911285096864e-06,1.3069473586169145e-05,6.954911285096864e-06,0.0036151726910576684,0.002637216579103215,0.2705143558905173,6.114562301072281e-06,0.03931686237695038,0.1895734597156398,0.08530805687203792,1.0,2.4368359867008464e-05,6.924926783683289e-06,0.010840069045911048
2025-10-09,2024-10-01,5.934671130135448e-06,1.3153602969495778e-05,0.0039525691699604714,2025-10-07,250,36792,210,100.0,1.3014088010361192e-05,1.0447905976758195e-05,1.3014088010361192e-05,1.0447905976758195e-05,0.0036075044019877774,0.003232322071941191,0.10400051898477425,2.5661820336029964e-06,0.039316862376950375,0.20952380952380953,0.11428571428571428,1.0,2.3633213330699804e-05,6.389360487651818e-06,0.010775812274368229
2025-10-10,2024-10-02,1.6057137471403248e-05,3.085970296564674e-05,0.00401511572980633,2025-10-08,250,36909,198,100.0,3.175358532095487e-05,1.823796512868664e-05,3.175358532095487e-05,1.823796512868664e-05,0.005635031971600061,0.0042705930652178325,0.2421350780721121,1.351562019226823e-05,0.03950913309471249,0.2222222222222222,0.1919191919191919,1.0,4.331938899957185e-05,8.937737248821306e-06,0.010807120507777575
2025-10-13,2024-10-03,9.287474874773347e-06,1.4359611157651338e-05,0.004158682268520404,2025-10-09,250,36953,218,100.0,1.530545301868897e-05,8.508475685251026e-06,1.530545301868897e-05,8.508475685251026e-06,0.003912218426761084,0.002916929153279357,0.25440534369798073,6.796977333437945e-06,0.03941300235683504,0.25688073394495414,0.25688073394495414,1.0,2.02201351695534e-05,3.730048382790774e-06,0.01110732749379805
2025-10-15,2024-10-04,1.3316556079499684e-05,1.61882262798522e-05,0.004116721152681923,2025-10-10,250,36986,218,100.0,2.631189544279473e-05,1.3424698751383888e-05,2.631189544279473e-05,1.3424698751383888e-05,0.005129512203201659,0.0036639730827864835,0.2857073075097546,1.2887196691410843e-05,0.03941300235683504,0.13302752293577982,0.0963302752293578,1.0,4.5509555865844233e-05,9.342214902510248e-06,0.010952851728251512
2025-10-16,2024-10-07,2.0456786802731476e-05,2.793113422800355e-05,0.004090799711237668,2025-10-13,250,37077,216,100.0,4.326684757412111e-05,2.4291426116486702e-05,4.326684757412111e-05,2.4291426116486702e-05,0.006577753991608467,0.0049286332909323554,0.25071182394172353,1.897542145763441e-05,0.0395091330947125,0.1574074074074074,0.08796296296296297,1.0,7.774717199598917e-05,1.878954176186821e-05,0.010904440969977596
2025-10-17,2024-10-08,5.593960165340057e-05,4.531060679731128e-05,0.0041220448575469805,2025-10-15,250,37116,234,0.01,5.036150688188349e-05,2.514343983936575e-05,5.036150688188349e-05,2.514343983936575e-05,0.007096584169999218,0.005014323467763698,0.2934173191432393,2.5218067042517742e-05,0.03941300235683505,0.07692307692307693,0.03418803418803419,1.0,4.549740824112062e-05,7.557670252037231e-06,0.010979212581738923
2025-10-20,2024-10-09,1.2892357113046643e-05,1.1929992292301523e-05,0.00404296642752388,2025-10-16,250,37270,234,0.01,1.5919734073646824e-05,9.332707654931417e-06,1.5919734073646824e-05,9.332707654931417e-06,0.003989954144303769,0.003054948060922054,0.23434005744566522,6.587026418715407e-06,0.03922071315328131,0.13675213675213677,0.11965811965811966,1.0,1.8746953879827163e-05,6.907144315899829e-06,0.010917242884450397
2025-10-21,2024-10-10,6.703035765281621e-06,1.7598714008196145e-05,0.0038895668090298983,2025-10-17,250,37354,93,0.01,1.9423432772108955e-05,1.3997486133458965e-05,1.9423432772108955e-05,1.3997486133458965e-05,0.00440720237476213,0.0037413214421456713,0.15108925708282195,5.42594663864999e-06,0.038932210001787475,0.12903225806451613,0.053763440860215055,1.0,3.187318303411017e-05,1.0472880128397037e-05,0.010804866676597644
2025-10-22,2024-10-11,6.484023048404988e-06,1.7234041241275506e-05,0.003881721657723485,2025-10-20,250,37465,226,0.01,1.4293265067627673e-05,1.4075681504385612e-05,1.4293265067627673e-05,1.4075681504385612e-05,0.003780643472694519,0.0037517571222542663,0.007640590986397688,2.1758356324206087e-07,0.03883602378519814,0.19469026548672566,0.19911504424778761,1.0,2.7005984633804148e-05,8.934165653634621e-06,0.010805027633362635
2025-10-23,2024-10-14,4.105815121182225e-06,9.878075661245855e-06,0.003946604759141033,2025-10-21,250,37412,225,100.0,1.0107165397574615e-05,9.21000701929032e-06,1.0107165397574615e-05,9.21000701929032e-06,0.003179176842765217,0.0030347993375658827,0.045413486679072634,8.971583782842948e-07,0.03883602378519814,0.15555555555555556,0.1511111111111111,1.0,1.9626548594610824e-05,8.150311932050512e-06,0.010861495956873319
2025-10-24,2024-10-16,4.209342108771084e-06,4.573684676520142e-06,0.003929424454888665,2025-10-22,250,37501,258,100.0,7.438717692039889e-06,6.1611682276871254e-06,7.438717692039889e-06,6.1611682276871254e-06,0.002727401270814379,0.0024821700642154087,0.08991387120889127,1.2775494643527637e-06,0.03873982831593057,0.2248062015503876,0.1937984496124031,1.0,1.0983154307822723e-05,7.903528222870402e-06,0.010797467845659164
2025-10-27,2024-10-17,5.242410394400873e-06,4.8431938049436096e-06,0.0038809831824062105,2025-10-23,250,37559,245,100.0,7.311125079427691e-06,6.045955004353827e-06,7.311125079427691e-06,6.045955004353827e-06,0.002703909221743158,0.002458852375469871,0.09063057454099877,1.265170075073864e-06,0.03854740961223891,0.19591836734693877,0.17959183673469387,1.0,9.466036209663959e-06,7.298831253739471e-06,0.010709940199335547
2025-10-28,2024-10-18,4.43835597158336e-06,1.270430775152166e-05,0.003794501692645363,2025-10-24,250,37654,90,100.0,1.507294301116145e-05,9.507622710367907e-06,1.507294301116145e-05,9.507622710367907e-06,0.00388238882792044,0.0030834433204403005,0.20578709214658597,5.565320300793543e-06,0.03816246109434891,0.12222222222222222,0.1111111111111111,1.0,2.5707530050739543e-05,6.310937669214155e-06,0.010585060708656821
2025-10-29,2024-10-21,5.52018896467075e-06,1.3758917661548513e-05,0.0037918215613382896,2025-10-27,250,37733,210,100.0,1.1892500978120908e-05,9.916616292720546e-06,1.1892500978120908e-05,9.916616292720546e-06,0.003448550561920313,0.0031490659397225306,0.08684362221762398,1.9758846854003622e-06,0.03816246109434891,0.2714285714285714,0.24761904761904763,1.0,2.072684263313136e-05,4.58978939502723e-06,0.010557021220854073
2025-10-30,2024-10-22,4.253972504316787e-06,4.971456898422424e-06,0.0037819799777530586,2025-10-28,250,37638,137,100.0,8.698619430512287e-06,6.529046941266766e-06,8.698619430512287e-06,6.529046941266766e-06,0.0029493422030195627,0.0025551999806799402,0.13363733171962755,2.169572489245521e-06,0.03854740961223893,0.35766423357664234,0.3722627737226277,1.0,2.270599156155265e-05,1.1437815561139846e-05,0.010551953039759088
2025-10-31,2024-10-23,2.3791719977898828e-06,9.529098202811747e-06,0.0037582903463522486,2025-10-29,250,37775,220,100.0,1.2787178463692583e-05,7.525645424133484e-06,1.2787178463692583e-05,7.525645424133484e-06,0.0035759164508825684,0.002743290984225604,0.2328425392745026,5.261533039559099e-06,0.03845118637425273,0.10454545454545454,0.12272727272727273,1.0,2.4186423640633633e-05,5.331387618914434e-06,0.010669295264992718
2025-11-03,2024-10-24,3.2730728734861484e-06,1.0536796050552818e-05,0.0037726079076820652,2025-10-30,250,37754,218,100.0,1.0389231588063766e-05,7.792533210561661e-06,1.0389231588063766e-05,7.792533210561661e-06,0.0032232330955212912,0.0027915109189400747,0.13394072466589457,2.5966983775021046e-06,0.03816246109434891,0.27522935779816515,0.26146788990825687,1.0,1.712416751436044e-05,5.1952844512843164e-06,0.010634411928569332
2025-11-04,2024-10-25,5.567840114317653e-06,7.2399180701560265e-06,0.0037911168927708605,2025-10-31,250,37807,82,100.0,2.5337900461147203e-05,5.969849610860729e-06,2.5337900461147203e-05,5.969849610860729e-06,0.005033676634543304,0.0024433275692916675,0.5146037883076401,1.9368050850286474e-05,0.03902838696747835,0.25609756097560976,0.0975609756097561,1.0,4.416652936288963e-05,4.760260602008062e-06,0.01061449205373606
2025-11-05,2024-10-28,2.5867345231884366e-06,8.782951502237378e-06,0.0037772181898977912,2025-11-03,250,37860,205,100.0,1.0644227112732278e-05,7.037570465064664e-06,1.0644227112732278e-05,7.037570465064664e-06,0.003262549173994513,0.0026528419600618247,0.18688062046469966,3.606656647667614e-06,0.03883602378519814,0.24390243902439024,0.1902439024390244,1.0,2.1357029760193976e-05,4.717007040641852e-06,0.010741820685978317
2025-11-06,2024-10-29,2.685777378804325e-06,5.9706353379228905e-06,0.0037758199452135937,2025-11-04,250,37848,166,100.0,1.7923466553820935e-05,5.5650776788954815e-06,1.7923466553820935e-05,5.5650776788954815e-06,0.004233611526087501,0.0023590416865531395,0.44278267573282715,1.2358388874925453e-05,0.03883602378519813,0.29518072289156627,0.1927710843373494,1.0,3.209806113523174e-05,5.187814740265334e-06,0.0107047241654122
2025-11-07,2024-10-30,4.856442002806836e-06,6.964549371859558e-06,0.0037809986284612824,2025-11-05,250,37984,227,100.0,1.3095368975355072e-05,5.1957211686859686e-06,1.3095368975355072e-05,5.1957211686859686e-06,0.0036187524059204538,0.002279412461290402,0.3701109648835955,7.899647806669103e-06,0.03854740961223892,0.29955947136563876,0.2775330396475771,1.0,1.9467664055685354e-05,3.827643105293895e-06,0.010820824693052464
2025-11-10,2024-10-31,3.6794549471258465e-06,7.634380680029993e-06,0.0028681044436994828,2025-11-06,250,37966,233,100.0,7.653014975511583e-06,6.187066129724604e-06,7.653014975511583e-06,6.187066129724604e-06,0.0027664083168454333,0.0024873813800309363,0.10086252817974262,1.465948845786979e-06,0.038451186374252724,0.31759656652360513,0.31759656652360513,1.0,1.133102095219921e-05,4.847403074896477e-06,0.010810180783045438
2025-11-11,2024-11-01,,,,2025-11-07,250,38073,43,100.0,1.737480885455848e-05,5.362573943015863e-06,1.737480885455848e-05,5.362573943015863e-06,0.004168310071786704,0.0023157232008631477,0.444445552038662,1.2012234911542617e-05,0.03873982831593056,0.3023255813953488,0.06976744186046512,1.0,1.737480885455848e-05,5.362573943015863e-06,0.010644087520544729
2025-11-12,2024-11-04,5.548303690266929e-06,1.0107791060711514e-05,0.00374205267938238,2025-11-10,250,38111,209,100.0,9.059796089165988e-06,8.0730525825622e-06,9.059796089165988e-06,8.0730525825622e-06,0.003009949516049395,0.0028413117714468084,0.056026768456876486,9.867435066037882e-07,0.03873982831593057,0.32057416267942584,0.22966507177033493,1.0,1.4082046845730921e-05,5.162903363813759e-06,0.01061977598828697
2025-11-13,2024-11-05,7.459655141630758e-06,8.199442302204203e-06,0.003766409478187735,2025-11-11,250,37957,289,100.0,1.690949765108773e-05,7.592379032386198e-06,1.690949765108773e-05,7.592379032386198e-06,0.004112115957884424,0.002755427195987257,0.32992473359023355,9.317118618701534e-06,0.03873982831593057,0.27335640138408307,0.24567474048442905,1.0,2.9662943639460555e-05,6.773090391818811e-06,0.010613870760045652
2025-11-14,2024-11-06,4.370259862648527e-06,9.439647607594111e-06,0.003773584905660377,2025-11-12,250,38099,234,100.0,1.0034036218989151e-05,6.601746750033796e-06,1.0034036218989151e-05,6.601746750033796e-06,0.0031676546874602907,0.0025693864540068307,0.1888678825447131,3.4322894689553554e-06,0.03883602378519814,0.29914529914529914,0.24358974358974358,1.0,1.5697812575329772e-05,3.763845892473479e-06,0.010792969168501872
2025-11-17,2024-11-07,6.0350032893321e-06,9.911494505256336e-06,0.0037810653059726146,2025-11-13,250,38237,236,100.0,2.0210388989577722e-05,7.861453525464741e-06,2.0210388989577722e-05,7.861453525464741e-06,0.004495596622204635,0.0028038283694735563,0.3763167372212851,1.2348935464112981e-05,0.03873982831593057,0.2838983050847458,0.25,1.0,3.2798131491395836e-05,6.041017135409805e-06,0.010794736058815648
2025-11-18,2024-11-08,1.7691968566342642e-05,1.26147258717154e-05,0.0038510431466387504,2025-11-14,250,38328,134,100.0,4.969883232322745e-05,1.247232574262938e-05,4.969883232322745e-05,1.247232574262938e-05,0.0070497398762810705,0.003531618006329306,0.49904279188917666,3.7226506580598066e-05,0.038932210001787475,0.12686567164179105,0.029850746268656716,1.0,6.588207804300068e-05,1.2400325677361166e-05,0.01089625039433954
2025-11-19,2024-11-11,2.9921579523399836e-05,2.2290498945555873e-05,0.0038513311396948845,2025-11-17,250,38422,275,100.0,3.9449666171057345e-05,1.56419333680965e-05,3.9449666171057345e-05,1.56419333680965e-05,0.006280896924091124,0.003954988415671593,0.37031470768103736,2.3807732802960844e-05,0.03864362359220442,0.06545454545454546,0.05090909090909091,1.0,4.89087087125724e-05,9.041545802067994e-06,0.010988527148224457
2025-11-20,2024-11-13,1.9510829453572834e-05,7.326197417868628e-06,0.0038352695859398276,2025-11-18,250,38390,266,0.01,4.5511281279215535e-05,1.0871338464632013e-05,4.5511281279215535e-05,1.0871338464632013e-05,0.0067462049538400135,0.0032971712822709126,0.5112553939835275,3.463994281458352e-05,0.03873982831593057,0.23308270676691728,0.06766917293233082,1.0,7.112366665969941e-05,1.4363566958458633e-05,0.010946239983097654
2025-11-21,2024-11-14,4.406032803064328e-05,2.172077204035444e-05,0.0038685446009389672,2025-11-19,250,38635,245,0.01,6.547877921088008e-05,2.9435082362078487e-05,6.547877921088008e-05,2.9435082362078487e-05,0.00809189589718504,0.005425410801227727,0.3295253831533984,3.604369684880159e-05,0.03864362359220441,0.05714285714285714,0.0326530612244898,1.0,9.009120995308202e-05,3.8299772293182435e-05,0.011115668245138153
2025-11-24,2024-11-15,4.132373442206274e-06,5.242387280379036e-06,0.003793878227559027,2025-11-20,250,38781,276,0.01,1.2230040963128094e-05,4.823926462401458e-06,1.2230040963128094e-05,4.823926462401458e-06,0.003497147546662579,0.0021963438852787734,0.371961332493734,7.4061145007266355e-06,0.03825871211709034,0.18840579710144928,0.15942028985507245,1.0,1.9440292865318754e-05,4.451324364202246e-06,0.011006034626648257
2025-11-25,2024-11-18,7.5777789849261845e-06,1.6861431967663957e-05,0.0037329660771238046,2025-11-21,250,38867,165,0.01,1.087937078947805e-05,1.184764446445001e-05,1.087937078947805e-05,1.184764446445001e-05,0.0032983891203855935,0.0034420407412536548,-0.04355205393451822,-9.682736749719598e-07,0.03835495387646399,0.2606060606060606,0.17575757575757575,1.0,1.3839418614248685e-05,7.3525246339823365e-06,0.010846390920102285
2025-11-26,2024-11-19,5.870057220357672e-06,1.7043221441762435e-05,0.003718814312019354,2025-11-24,250,38985,250,0.01,7.2141434505277066e-06,1.2854414719600359e-05,7.2141434505277066e-06,1.2854414719600359e-05,0.0026859157564092934,0.00358530538721604,-0.33485399855173004,-5.6402712690726524e-06,0.03825871211709033,0.292,0.244,1.0,8.49522563865852e-06,8.861958312539632e-06,0.010745321620100142
2025-11-28,2024-11-20,5.398506437556908e-06,9.115422996037518e-06,0.003711043055305349,2025-11-25,250,39083,210,100.0,6.226692742820862e-06,8.81198046035792e-06,6.226692742820862e-06,8.81198046035792e-06,0.0024953341946161965,0.002968498014208182,-0.18961941875876143,-2.585287717537057e-06,0.038451186374252724,0.32857142857142857,0.3,1.0,7.493917571357274e-06,8.347676821426485e-06,0.010671649894067796
2025-12-01,2024-11-21,4.736661321250872e-06,6.935326919322299e-06,0.003693742155280617,2025-11-26,250,39167,210,100.0,4.89926728633677e-06,6.214173917027907e-06,4.89926728633677e-06,6.214173917027907e-06,0.002213428852784017,0.002492824485804788,-0.1262275192036788,-1.314906630691137e-06,0.03806620080645634,0.3761904761904762,0.29523809523809524,1.0,5.180132135121502e-06,4.968546003973956e-06,0.010613715447987244
2025-12-02,2024-11-22,6.80179640044313e-06,9.19471525893755e-06,0.003638290356764394,2025-11-28,250,39214,126,100.0,9.113029664037933e-06,7.6078176587727885e-06,9.113029664037933e-06,7.6078176587727885e-06,0.0030187794990754017,0.002758227267426089,0.08631045484743594,1.5052120052651449e-06,0.037392119217062654,0.373015873015873,0.25396825396825395,1.0,1.0227859826477782e-05,6.842372933987433e-06,0.010662394343422461
2025-12-03,2024-11-25,4.120849302038994e-06,1.300860694935697e-05,0.0035990076522589903,2025-12-01,250,39249,245,100.0,6.7016351649088625e-06,1.0367443654716855e-05,6.7016351649088625e-06,1.0367443654716855e-05,0.00258875166149804,0.0032198514957551775,-0.24378539032667845,-3.6658084898079927e-06,0.03700672562909566,0.3142857142857143,0.24897959183673468,1.0,9.02234183229572e-06,7.99244410294745e-06,0.010642681906885977
2025-12-04,2024-11-26,1.1992336980209397e-05,1.5252858179258627e-05,0.0036248460320253396,2025-12-02,250,39202,209,100.0,1.2717410881313755e-05,1.266838791029141e-05,1.2717410881313755e-05,1.266838791029141e-05,0.003566147905137104,0.0035592678896496973,0.0019292569098147139,4.9022971022344176e-08,0.036524774682372266,0.12440191387559808,0.07655502392344497,1.0,1.3333402868092675e-05,1.047273175258475e-05,0.010605955636140313
2025-12-05,2024-11-27,3.4141003073083937e-06,1.098375299276392e-05,0.003669397933737087,2025-12-03,250,39379,210,100.0,5.4267045122459355e-06,1.034220466485551e-05,5.4267045122459355e-06,1.034220466485551e-05,0.002329528817646593,0.0032159298289694553,-0.3805065662241298,-4.915500152609574e-06,0.03642835661355149,0.19523809523809524,0.18095238095238095,1.0,7.256344698552793e-06,9.758978912211503e-06,0.010598207162582739
2025-12-08,2024-11-29,5.662823170574031e-06,9.059182755875821e-06,0.0036946696319678607,2025-12-04,250,39426,300,100.0,6.740671322105329e-06,7.741552681801221e-06,6.740671322105329e-06,7.741552681801221e-06,0.0025962802857367557,0.0027823645846296314,-0.07167342444310476,-1.0008813596958925e-06,0.03642835661355149,0.3,0.23333333333333334,1.0,7.634496618497138e-06,6.648883839885702e-06,0.010578114016538086
2025-12-09,2024-12-02,9.25768338030918e-06,9.790752410525841e-06,0.003706502572960525,2025-12-05,250,39489,71,100.0,1.2445197422293621e-05,8.173161130667075e-06,1.2445197422293621e-05,8.173161130667075e-06,0.003527775137716918,0.002858874101926679,0.18960988432588544,4.272036291626546e-06,0.03662118345564529,0.38028169014084506,0.30985915492957744,1.0,1.4646099975092405e-05,7.056252866002691e-06,0.01060998932170911
2025-12-10,2024-12-03,4.01839991087708e-06,1.2966980938582777e-05,0.0037159968251677606,2025-12-08,250,39678,220,100.0,6.118817574085248e-06,1.1678839302801662e-05,6.118817574085248e-06,1.1678839302801662e-05,0.0024736243801525824,0.0034174316822435033,-0.38154835053521885,-5.560021728716414e-06,0.0366211834556453,0.2818181818181818,0.2818181818181818,1.0,7.967903209217226e-06,1.0544834273011449e-05,0.010619154075895993
2025-12-11,2024-12-04,5.454093384291385e-06,1.5499365436005832e-05,0.00369466963196786,2025-12-09,250,39651,221,100.0,5.932417743549997e-06,1.4329909547642158e-05,5.932417743549997e-06,1.4329909547642158e-05,0.002435655505926484,0.0037854866989123284,-0.5541962686026038,-8.397491804092162e-06,0.03623549258209542,0.248868778280543,0.23076923076923078,1.0,6.365383758396155e-06,1.3271350338347458e-05,0.010549190627863343
2025-12-12,2024-12-05,5.357073848445731e-06,1.1483343793567745e-05,0.0037046361903391727,2025-12-10,250,39689,270,100.0,6.065251709877724e-06,1.1627943568497017e-05,6.065251709877724e-06,1.1627943568497017e-05,0.0024627731746707255,0.0034099770627523313,-0.3846086589798299,-5.562691858619293e-06,0.03594612677346913,0.2962962962962963,0.3,1.0,6.694192887513132e-06,1.1756364347630004e-05,0.010524699275940625
2025-12-15,2024-12-06,6.0235938078659196e-06,1.2098681300725214e-05,0.0037013080350725897,2025-12-11,250,39757,245,100.0,6.5667979528783145e-06,1.076048759321827e-05,6.5667979528783145e-06,1.076048759321827e-05,0.0025625764286901402,0.003280318215237398,-0.28008600192819655,-4.193689640339956e-06,0.035656677208034684,0.3020408163265306,0.2897959183673469,1.0,7.123469969254654e-06,9.389115529326853e-06,0.0106390914691387
2025-12-16,2024-12-09,1.618040387781191e-05,4.817813318148924e-06,0.003757615555798767,2025-12-12,250,39853,106,100.0,1.0029971385578965e-05,8.394371288911139e-06,1.0029971385578965e-05,8.394371288911139e-06,0.0031670130068534555,0.0028973041415963114,0.08516190639997079,1.6356000966678266e-06,0.03584965289369723,0.29245283018867924,0.22641509433962265,1.0,7.249638889090101e-06,1.0011171467474877e-05,0.01065518928209422
2025-12-17,2024-12-10,2.3111699896521787e-05,8.512931565873988e-06,0.003750773824696844,2025-12-15,250,39970,303,100.0,1.833208172350881e-05,7.82198494988239e-06,1.833208172350881e-05,7.82198494988239e-06,0.004281598033854744,0.0027967811766175755,0.346790344515452,1.051009677362642e-05,0.035753169705817864,0.31683168316831684,0.2508250825082508,1.0,1.3646181553888242e-05,7.144586306753371e-06,0.010684382871536523
2025-12-18,2024-12-11,1.9975484846926202e-05,7.364297131498968e-06,0.0037889935256032966,2025-12-16,250,40025,308,1.0,1.5595997959433992e-05,8.97662210730061e-06,1.5595997959433992e-05,8.97662210730061e-06,0.003949176871125677,0.002996101151046241,0.24133528357461753,6.619375852133381e-06,0.035753169705817864,0.275974025974026,0.18831168831168832,1.0,1.115926287733405e-05,1.0610023226576785e-05,0.010803257372654156
2025-12-19,2024-12-12,1.6526818707337426e-05,7.530244500011318e-06,0.0037841213857966872,2025-12-17,250,40193,247,0.01,1.2877761967378666e-05,1.0746439917638948e-05,1.2877761967378666e-05,1.0746439917638948e-05,0.0035885598737346804,0.003278176309724501,0.08649251369105826,2.1313220497397173e-06,0.035560175398550886,0.3684210526315789,0.2550607287449393,1.0,8.952726146246551e-06,1.4205877005507323e-05,0.01072228923677325
2025-12-22,2024-12-13,1.527630726018342e-05,8.791087350253183e-06,0.0037636569591113396,2025-12-18,250,40391,303,0.01,1.0642865032912562e-05,1.1968524858397696e-05,1.0642865032912562e-05,1.1968524858397696e-05,0.0032623404225973355,0.0034595555868344847,-0.060452049354228654,-1.3256598254851349e-06,0.03556017539855088,0.3102310231023102,0.25412541254125415,1.0,6.501726042289233e-06,1.4808359631301855e-05,0.010698257394319633
2025-12-23,2024-12-16,2.0627030458544762e-05,2.6547647769458217e-06,0.0038011587998671437,2025-12-19,250,40489,162,0.01,1.4407523990264235e-05,9.210203964303165e-06,1.4407523990264235e-05,9.210203964303165e-06,0.003795724435501639,0.003034831785174125,0.2004604557725106,5.19732002596107e-06,0.035753169705817864,0.30864197530864196,0.17901234567901234,1.0,8.632267984003743e-06,1.52973974954207e-05,0.01063202108552487
2025-12-24,2024-12-17,1.0002266120215233e-05,1.1292865417819532e-05,0.003781759436040533,2025-12-22,250,40653,242,0.01,7.880659630722037e-06,1.3066583888582886e-05,7.880659630722037e-06,1.3066583888582886e-05,0.0028072512589225134,0.003614773006508553,-0.2876556720811605,-5.185924257860849e-06,0.03584965289369723,0.32644628099173556,0.2768595041322314,1.0,5.991103851017162e-06,1.46463019016065e-05,0.010583648758648758
2025-12-26,2024-12-18,1.3181773154391896e-05,9.176062369007406e-06,0.003761732588291151,2025-12-23,250,40797,224,0.01,1.0380079849701328e-05,1.1228691941284953e-05,1.0380079849701328e-05,1.1228691941284953e-05,0.003221813130785417,0.003350924042899951,-0.04007399153006097,-8.486120915836249e-07,0.036235492582095415,0.4107142857142857,0.33035714285714285,1.0,5.884339430546696e-06,1.452244637121869e-05,0.010546549726237722
2025-12-29,2024-12-19,1.243917804394435e-05,7.970209780373999e-06,0.0037673738112655453,2025-12-24,250,40890,299,0.01,8.192276344770911e-06,1.0037563431232963e-05,8.192276344770911e-06,1.0037563431232963e-05,0.002862215286237377,0.0031682113930785872,-0.1069088367714881,-1.8452870864620521e-06,0.035753169705817864,0.36454849498327757,0.29431438127090304,1.0,4.648849160184485e-06,1.1762471998820808e-05,0.010547619185583293
2025-12-30,2024-12-20,2.1136380728793167e-05,3.5622664762440748e-06,0.0037624196376388067,2025-12-26,250,40990,124,0.01,1.5149181782031214e-05,6.047464453666803e-06,1.5149181782031214e-05,6.047464453666803e-06,0.0038921949825299366,0.0024591592981478044,0.3681818847242476,9.101717328364412e-06,0.0361390466158732,0.3790322580645161,0.18548387096774194,1.0,4.638321408826897e-06,1.04103675695867e-05,0.010585341280802501
2025-12-31,2024-12-23,1.395337808826333e-05,7.3964110856426984e-06,0.0037717884868902905,2025-12-29,250,41118,243,0.01,1.0620977963852793e-05,8.917891122344826e-06,1.0620977963852793e-05,8.917891122344826e-06,0.0032589841920225376,0.0029862838315111353,0.0836764907233758,1.7030868415079672e-06,0.03584965289369723,0.3497942386831276,0.23045267489711935,1.0,7.475192246409246e-06,1.0354168276991633e-05,0.010598283867774852
2026-01-02,2024-12-24,1.806569311412153e-05,5.504606728821057e-06,0.003788714779666004,2025-12-30,250,41057,211,0.01,1.3775156475679652e-05,7.799538484314955e-06,1.3775156475679652e-05,7.799538484314955e-06,0.0037114897919406503,0.0027927653829698897,0.24753521105345178,5.975617991364697e-06,0.03604259134692933,0.33649289099526064,0.23696682464454977,1.0,7.025409812764994e-06,1.1409857953323645e-05,0.010677391776161425
2026-01-05,2024-12-26,2.027598385690393e-05,5.2800535367708725e-06,0.0038005977639201513,2025-12-31,250,41231,295,0.01,1.176890563256374e-05,7.297003236754865e-06,1.176890563256374e-05,7.297003236754865e-06,0.0034305838617593567,0.0027012965843747822,0.21258401099414115,4.471902395808875e-06,0.03584965289369723,0.3016949152542373,0.21016949152542372,1.0,4.591058380776698e-06,8.99880454611636e-06,0.010657855292240585
2026-01-06,2024-12-27,3.4562366270133145e-05,7.819098077405786e-06,0.003853925016837537,2026-01-02,250,41381,83,0.01,2.157408548158905e-05,9.544031011766133e-06,2.157408548158905e-05,9.544031011766133e-06,0.0046447912204521154,0.00308934151750274,0.33488043469001616,1.2030054469822916e-05,0.035753169705817864,0.10843373493975904,0.024096385542168676,1.0,8.895049473724576e-06,1.1227894114355999e-05,0.010587342232303844
2026-01-07,2024-12-30,2.5988845902974843e-05,9.12773712487164e-06,0.003925903338923618,2026-01-05,250,41512,251,0.01,1.5923204693874067e-05,9.087175899047275e-06,1.5923204693874067e-05,9.087175899047275e-06,0.003990389040416244,0.003014494302374326,0.2445613017070939,6.836028794826792e-06,0.03565667720803468,0.20318725099601595,0.12749003984063745,1.0,6.7027699985145795e-06,9.050020577681445e-06,0.010524749569968631
2026-01-08,2024-12-31,3.840505897172057e-05,1.0370063714652492e-05,0.003956516728767334,2026-01-06,250,41425,254,0.01,2.272063614299304e-05,9.652222574332937e-06,2.272063614299304e-05,9.652222574332937e-06,0.004766616844575725,0.003106802628802309,0.3482164121629028,1.3068413568660101e-05,0.035560175398550886,0.2047244094488189,0.14566929133858267,1.0,8.895107871744323e-06,9.019458902495703e-06,0.01055878505757127
2026-01-09,2025-01-02,3.7295118851339274e-05,9.612580015823245e-06,0.003976219888820258,2026-01-07,250,41638,302,0.01,1.9884885552091707e-05,9.916750429452048e-06,1.9884885552091707e-05,9.916750429452048e-06,0.004459247195670106,0.003149087237510585,0.2938074299697214,9.968135122639659e-06,0.03556017539855088,0.25165562913907286,0.2251655629139073,1.0,5.81074486108319e-06,1.016263669196635e-05,0.010559856999898476
2026-01-12,2025-01-03,4.151403957746105e-05,1.0296439414204394e-05,0.003971160889848481,2026-01-08,250,41737,304,0.01,2.1537237871906834e-05,9.2576517729929e-06,2.1537237871906834e-05,9.2576517729929e-06,0.004640822973558336,0.003042638948839132,0.344375132131748,1.2279586098913934e-05,0.03556017539855088,0.29276315789473684,0.2236842105263158,1.0,5.790817703999403e-06,8.438842691096782e-06,0.01049047934646361
2026-01-13,2025-01-06,7.124912870064669e-05,1.707462750654292e-05,0.003957732949087416,2026-01-09,250,41847,78,0.01,3.819572494375623e-05,1.2371934235386987e-05,3.819572494375623e-05,1.2371934235386987e-05,0.0061802690025399565,0.0035173760440685023,0.430870073353937,2.5823790708369243e-05,0.03604259134692934,0.14102564102564102,0.1282051282051282,1.0,1.2654458404340873e-05,8.738034889493767e-06,0.010474030439035616
2026-01-14,2025-01-07,6.300633357792162e-05,1.4911617371925919e-05,0.003945604290365831,2026-01-12,250,41972,299,0.01,4.204815844586454e-05,1.1530232699896615e-05,4.204815844586454e-05,1.1530232699896615e-05,0.006484455138703987,0.003395619634160548,0.4763446486208227,3.051792574596792e-05,0.03604259134692933,0.16722408026755853,0.10367892976588629,1.0,1.7923640308244883e-05,7.637991350798135e-06,0.01049501563918878
2026-01-15,2025-01-08,6.310709895218456e-05,1.3849210997754588e-05,0.003962148022772734,2026-01-13,250,41982,292,1.0,4.0876941747009897e-05,1.157270484284866e-05,4.0876941747009897e-05,1.157270484284866e-05,0.0063935077811018495,0.003401867846176371,0.4679184005638143,2.9304236904161235e-05,0.03604259134692934,0.2089041095890411,0.13013698630136986,1.0,1.466526384837112e-05,8.888466242287933e-06,0.010546855263920274
2026-01-16,2025-01-10,8.016752413933757e-05,1.3563868450460371e-05,0.003989001200573176,2026-01-14,250,42118,336,100.0,4.422392442524509e-05,1.06504500704794e-05,4.422392442524509e-05,1.06504500704794e-05,0.006650107098780071,0.003263502730269947,0.509255613211309,3.357347435476569e-05,0.036139046615873194,0.22023809523809523,0.16964285714285715,1.0,1.1935606038009478e-05,8.033311525750735e-06,0.01051821189182942
2026-01-20,2025-01-13,0.00017936856563923118,5.733403370067382e-05,0.004030837866395336,2026-01-15,250,42295,165,100.0,0.00010517387156751054,3.166072784210208e-05,0.00010517387156751054,3.166072784210208e-05,0.010255431320403376,0.005626786635558707,0.45133593509966685,7.351314372540846e-05,0.03604259134692934,0.14545454545454545,0.03636363636363636,1.0,4.025351425475494e-05,9.196585215851795e-06,0.010527032067778967
2026-01-21,2025-01-15,0.00010507470543923351,3.056905045550657e-05,0.004175111471422781,2026-01-16,250,42450,295,100.0,6.525461178090853e-05,2.0283831222903525e-05,6.525461178090853e-05,2.0283831222903525e-05,0.00807803266772972,0.0045037574560475085,0.44246852652141333,4.497078055800501e-05,0.036331929247390274,0.14576271186440679,0.08813559322033898,1.0,1.5403502162852866e-05,7.407678901171465e-06,0.010745782047876266
2026-01-22,2025-01-16,9.494047793702544e-05,2.4410531179258858e-05,0.0041590954976781745,2026-01-20,250,42452,260,100.0,5.283676310598355e-05,1.6353715415076587e-05,5.283676310598355e-05,1.6353715415076587e-05,0.007268890087625727,0.00404397272679683,0.44366021799103406,3.6483047690906965e-05,0.03633192924739028,0.1576923076923077,0.11923076923076924,1.0,1.0733048274941635e-05,8.296899650894314e-06,0.010623179165450832
2026-01-23,2025-01-17,0.00010148584366187869,2.6382883571924576e-05,0.00414737265955305,2026-01-21,250,42588,253,100.0,6.976263381515454e-05,1.9753977671740307e-05,6.976263381515454e-05,1.9753977671740307e-05,0.008352402876726825,0.004444544709162042,0.4678723267113536,5.000865614341423e-05,0.03642835661355149,0.233201581027668,0.15810276679841898,1.0,1.2308375981643016e-05,7.748292541406566e-06,0.01056798020261836
2026-01-26,2025-01-21,0.00011638056866983879,2.763164716069606e-05,0.004152556039348492,2026-01-22,250,42685,280,100.0,5.5580987785149594e-05,1.619336363444047e-05,5.5580987785149594e-05,1.619336363444047e-05,0.007455265775621255,0.004024097865912368,0.4602341503275199,3.9387624150709124e-05,0.03633192924739028,0.17857142857142858,0.14642857142857144,1.0,9.312124344599956e-06,7.488757932069863e-06,0.010564146946592575
2026-01-27,2025-01-22,7.51270923558667e-05,1.6949265030532615e-05,0.004032731686308288,2026-01-23,250,42871,201,100.0,4.788690578200141e-05,1.2928388424264094e-05,4.788690578200141e-05,1.2928388424264094e-05,0.0069200365448458005,0.003595606822813653,0.48040638232008437,3.495851735773731e-05,0.03604259134692934,0.22885572139303484,0.14925373134328357,1.0,1.4290675674234198e-05,7.969307276532922e-06,0.010510771873601547
2026-01-28,2025-01-23,9.114830262864145e-05,2.483394371747001e-05,0.003988074495682815,2026-01-26,250,42982,248,1.0,4.743197851548423e-05,1.4929919874031886e-05,4.743197851548423e-05,1.4929919874031886e-05,0.006887087810931717,0.0038639254488191,0.43896091426539097,3.2502058641452346e-05,0.03604259134692934,0.2862903225806452,0.1814516129032258,1.0,1.2012183066137849e-05,6.905491796501726e-06,0.010469060662266893
2026-01-29,2025-01-24,0.00013033616589629878,4.714896332630489e-05,0.004016534082046483,2026-01-27,250,43005,146,1.0,5.6723807389956845e-05,2.223334073147135e-05,5.6723807389956845e-05,2.223334073147135e-05,0.0075315209214312645,0.004715224356430068,0.3739346400787793,3.44904666584855e-05,0.036139046615873194,0.2876712328767123,0.18493150684931506,1.0,9.578813739827732e-06,6.276144238150992e-06,0.010470114463202092
2026-01-30,2025-01-27,4.827626893051554e-05,7.561402624933681e-06,0.003987920086727583,2026-01-28,250,43079,238,1.0,3.043953945101774e-05,6.753666125942716e-06,3.043953945101774e-05,6.753666125942716e-06,0.005517203952276709,0.0025987816618451647,0.5289676284718892,2.3685873325075022e-05,0.03604259134692935,0.3739495798319328,0.19327731092436976,1.0,1.3762922457991338e-05,5.998465334203196e-06,0.01049093279926229
2026-02-02,2025-01-28,2.3612740391616164e-05,1.8311898369496926e-06,0.003969477416371203,2026-01-29,250,43043,282,0.01,1.5993687539599324e-05,5.303392607287774e-06,1.5993687539599324e-05,5.303392607287774e-06,0.003999210864608082,0.0023029095959867323,0.42415899687439584,1.0690294932311549e-05,0.03604259134692934,0.36879432624113473,0.22340425531914893,1.0,1.0669530124936959e-05,7.729751169692698e-06,0.010522315996358222
2026-02-03,2025-01-29,3.568500694453318e-05,5.290997467002418e-06,0.0038146735306099798,2026-01-30,250,43217,83,0.01,3.146939851420841e-05,6.415338064794822e-06,3.146939851420841e-05,6.415338064794822e-06,0.005609759220698194,0.002532851765262788,0.5484918932139928,2.5054060449413586e-05,0.03623549258209542,0.2289156626506024,0.08433734939759036,1.0,2.773283649642053e-05,7.411912685565359e-06,0.010470265023511312
2026-02-04,2025-01-30,2.6401917871979177e-05,2.8148895473771866e-06,0.0038221760427489967,2026-02-02,250,43365,229,0.01,2.6176243520972405e-05,5.095196938758345e-06,2.6176243520972405e-05,5.095196938758345e-06,0.005116272424428981,0.0022572542920013122,0.55880881533527,2.108104658221406e-05,0.03623549258209542,0.27074235807860264,0.17903930131004367,1.0,2.6019107306197313e-05,6.682966529794115e-06,0.010559550708453588
2026-02-05,2025-01-31,3.284107780835147e-05,9.43655960970952e-06,0.003725270353358167,2026-02-03,250,43294,246,0.01,3.8982121534197725e-05,8.87209502316357e-06,3.8982121534197725e-05,8.87209502316357e-06,0.006243566411450889,0.0029786062215679952,0.5229319229943415,3.0110026511034153e-05,0.03623549258209542,0.2764227642276423,0.15853658536585366,1.0,4.4285750206519486e-05,8.384602880237523e-06,0.010610948862559935
2026-02-06,2025-02-03,2.41478498905846e-05,3.725474451564122e-06,0.0037331013736363297,2026-02-04,250,43339,282,100.0,1.815501158484379e-05,4.58483679389826e-06,1.815501158484379e-05,4.58483679389826e-06,0.004260869815524031,0.0021412232003923037,0.4974680539191828,1.3570174790945529e-05,0.03604259134692934,0.29432624113475175,0.1879432624113475,1.0,1.38430913404693e-05,5.203158479236236e-06,0.010745147722912546
2026-02-09,2025-02-04,2.024265496796692e-05,4.223564296041931e-06,0.0037034373651661156,2026-02-05,250,43399,283,100.0,1.4271280811506407e-05,5.202228072962567e-06,1.4271280811506407e-05,5.202228072962567e-06,0.003777734878403513,0.0022808393351927635,0.3962415551626386,9.06905273854384e-06,0.036139046615873194,0.31802120141342755,0.20848056537102475,1.0,1.0302073283976773e-05,5.852751642327459e-06,0.010542884654368536
2026-02-10,2025-02-05,1.410693623671372e-05,4.490339363022881e-06,0.004697400043696744,2026-02-06,250,43614,119,100.0,1.547198126222838e-05,5.391317495304238e-06,1.547198126222838e-05,5.391317495304238e-06,0.003933443944208228,0.0023219210786123282,0.40969768184157684,1.0080663766924144e-05,0.03623549258209542,0.3949579831932773,0.2689075630252101,1.0,1.779876255571929e-05,6.927075675329281e-06,0.010492293392895742
2026-02-11,2025-02-06,2.9649007274815526e-05,3.894459069188484e-06,0.003800058462437882,2026-02-09,250,43732,256,100.0,2.107385452758696e-05,5.365753940363115e-06,2.107385452758696e-05,5.365753940363115e-06,0.004590626812058127,0.002316409709089287,0.4954044831078819,1.5708100587223846e-05,0.03623549258209542,0.3359375,0.1640625,1.0,1.3855920200783062e-05,6.604181997395e-06,0.01052003554296943
2026-02-12,2025-02-07,7.021029360647775e-05,2.062160328701538e-05,0.003774954627949183,2026-02-10,250,43733,205,0.01,5.15573767072161e-05,1.4129991073823543e-05,5.15573767072161e-05,1.4129991073823543e-05,0.0071803465589911535,0.0037589880385315863,0.4764893299161693,3.742738563339256e-05,0.036331929247390274,0.23414634146341465,0.15609756097560976,1.0,2.8189986305943284e-05,5.997641707846953e-06,0.010522468061737674
2026-02-13,2025-02-10,3.391910256987678e-05,1.655155146531296e-05,0.003973560539487259,2026-02-11,250,43836,340,0.01,2.971590361027372e-05,1.033503951770836e-05,2.971590361027372e-05,1.033503951770836e-05,0.005451229550319242,0.003214815627327384,0.41025862190317897,1.9380864092565357e-05,0.036331929247390274,0.25588235294117645,0.16176470588235295,1.0,2.5799286397916313e-05,4.542380657440439e-06,0.010687579080247185
2026-02-17,2025-02-11,3.9488334448736784e-05,1.3231694301351327e-05,0.004065994213777465,2026-02-12,250,43896,86,0.01,3.94937805100391e-05,9.368761949895642e-06,3.94937805100391e-05,9.368761949895642e-06,0.006284407729455425,0.0030608433396525935,0.5129464109551289,3.0125018560143453e-05,0.0361390466158732,0.1744186046511628,0.06976744186046512,1.0,3.949874247700342e-05,5.8492013630137954e-06,0.010680054272093878
2026-02-18,2025-02-12,1.773580275388288e-05,1.1038246630594599e-05,0.0039411853872972575,2026-02-13,250,44170,274,1.0,2.173841378005831e-05,7.914561644925279e-06,2.173841378005831e-05,7.914561644925279e-06,0.004662447187910906,0.0028132830723063187,0.3966080560438774,1.3823852135133031e-05,0.03623549258209542,0.2773722627737226,0.1897810218978102,1.0,2.5799886733089267e-05,4.744940115349056e-06,0.01066284982060482
2026-02-19,2025-02-13,9.046097359417097e-05,6.420821030887586e-05,0.00393417817287687,2026-02-17,250,44127,111,1.0,9.046097359417097e-05,6.420821030887586e-05,9.046097359417097e-05,6.420821030887586e-05,0.009511097391687826,0.0080130025776157,0.15751019597185267,2.625276328529511e-05,0.036331929247390274,0.07207207207207207,0.0,1.0,,,
2026-02-20,2025-02-14,1.5751570377534888e-05,4.679472366508098e-06,0.003991096784097016,2026-02-18,250,44278,90,1.0,1.5751570377534888e-05,4.679472366508098e-06,1.5751570377534888e-05,4.679472366508098e-06,0.00396882481063789,0.0021632088125070354,0.4549497859646384,1.107209801102679e-05,0.036235492582095415,0.2777777777777778,0.2111111111111111,1.0,,,
2026-02-23,2025-02-18,2.281406255730976e-05,1.1753404898134426e-05,0.003930758182780256,2026-02-19,250,44241,208,1.0,2.8929830865561696e-05,9.384069955864654e-06,2.8929830865561696e-05,9.384069955864654e-06,0.005378645820795574,0.003063342938011455,0.43046204563840473,1.9545760909697043e-05,0.036235492582095415,0.2644230769230769,0.21153846153846154,1.0,3.7605688233081877e-05,6.022920386598227e-06,0.010561082343385115
2026-02-24,2025-02-19,4.998098591283614e-05,2.9336851332543458e-05,0.003907130513186566,2026-02-20,250,44261,168,1.0,5.6217578134027394e-05,2.7414038153262724e-05,5.6217578134027394e-05,2.7414038153262724e-05,0.007497838230718731,0.00523584168527494,0.3016864962725343,2.880353998076467e-05,0.036235492582095415,0.07142857142857142,0.02976190476190476,1.0,6.395095248830455e-05,2.50297498109546e-05,0.01067003766174768
2026-02-25,2025-02-20,1.2599710220729606e-05,3.0006618726632167e-06,0.003821562431101641,2026-02-23,250,44301,204,100.0,1.5933533629319076e-05,4.552217102034873e-06,1.5933533629319076e-05,4.552217102034873e-06,0.00399168305722274,0.0021335925342095834,0.4654904952062864,1.1381316527284203e-05,0.036235492582095415,0.25,0.1323529411764706,1.0,1.867203142923186e-05,5.826708897590162e-06,0.010593041390848908
2026-02-26,2025-02-21,1.1171593091687235e-05,5.308235390796789e-06,0.0037924370054333956,2026-02-24,250,44301,251,100.0,1.5519238689457364e-05,5.066791162009977e-06,1.5519238689457364e-05,5.066791162009977e-06,0.003939446495315981,0.002250953389568513,0.42861176252935373,1.0452447527447388e-05,0.03623549258209542,0.3147410358565737,0.20318725099601595,1.0,1.943870706926529e-05,4.8491255315127745e-06,0.010504403087354827
2026-02-27,2025-02-24,0.00021832565423114228,0.0001831885449218946,0.003810221652317273,2026-02-25,250,44315,164,100.0,0.00012176048425671165,9.78125878459037e-05,0.00012176048425671165,9.78125878459037e-05,0.011034513322150264,0.009890024663563974,0.10371899740144297,2.3947896410807948e-05,0.036139046615873194,0.08536585365853659,0.04878048780487805,1.0,1.5291194284903547e-05,3.680122351862442e-06,0.010563074133178587
2026-03-02,2025-02-25,1.5855559463580565e-05,6.602665695169608e-06,0.003936709819062759,2026-02-26,250,44372,217,100.0,3.277935982572763e-05,1.0526621850591303e-05,3.277935982572763e-05,1.0526621850591303e-05,0.0057253261763612765,0.0032444755894583802,0.4333116595427926,2.2252737975136326e-05,0.03604259134692934,0.10138248847926268,0.059907834101382486,1.0,4.7514737727252225e-05,1.3943169882467089e-05,0.010614042478753334
2026-03-03,2025-02-26,3.122994037298135e-05,1.8681989847628505e-05,0.003928679359323058,2026-02-27,250,44466,116,100.0,5.1135117451167916e-05,1.3558266954423803e-05,5.1135117451167916e-05,1.3558266954423803e-05,0.007150882284807094,0.0036821552050971184,0.4850767977372109,3.757685049674411e-05,0.03652477468237227,0.15517241379310345,0.04310344827586207,1.0,6.201661425390991e-05,1.0757298439471902e-05,0.010608011597074503
2026-03-04,2025-02-27,1.9075013117332222e-05,1.0926743179217726e-05,0.003943127962085307,2026-03-02,250,44515,228,100.0,2.8987778293975632e-05,8.092714732891053e-06,2.8987778293975632e-05,8.092714732891053e-06,0.005384029930635196,0.002844769715265377,0.47162817593590955,2.089506356108458e-05,0.036428356613551496,0.27631578947368424,0.17982456140350878,1.0,3.7301710377612055e-05,5.715787648875133e-06,0.010702345920362174
2026-03-05,2025-02-28,2.4711217343287933e-05,1.2911210115731543e-05,0.003961602925491393,2026-03-03,250,44501,207,100.0,3.590253247950712e-05,1.2007568357652851e-05,3.590253247950712e-05,1.2007568357652851e-05,0.005991872201533267,0.0034651938412811555,0.4216842875262855,2.3894964121854267e-05,0.03642835661355149,0.2222222222222222,0.14009661835748793,1.0,5.016838474106124e-05,1.0855673369332755e-05,0.010627365609446384
2026-03-06,2025-03-03,3.6143251361189956e-05,1.9066080082656164e-05,0.003995543432325484,2026-03-04,250,44558,238,100.0,5.9664673005676284e-05,1.957318426580762e-05,5.9664673005676284e-05,1.957318426580762e-05,0.00772429110052672,0.004424159159185801,0.4272407523734939,4.0091488739868664e-05,0.03633192924739029,0.14285714285714285,0.037815126050420166,1.0,7.135141709318839e-05,1.982514169014073e-05,0.010686951607931778
2026-03-09,2025-03-04,0.00013943829407808925,0.00010703520371678068,0.004039462440767497,2026-03-05,250,44624,182,100.0,0.00022556773102811077,0.00016181538649750755,0.00022556773102811077,0.00016181538649750755,0.015018912444917933,0.012720667690711347,0.15302338053007702,6.375234453060322e-05,0.036235492582095415,0.02197802197802198,0.07142857142857142,1.0,0.0003044441627612883,0.00021198250125459433,0.01082888693893334
2026-03-10,2025-03-05,3.305285032921969e-05,1.5622434776620797e-05,0.004001847006310606,2026-03-06,250,44766,102,100.0,4.36071946111418e-05,1.0170920107140153e-05,4.36071946111418e-05,1.0170920107140153e-05,0.006603574381434785,0.0031891880012222787,0.5170512487618333,3.343627450400165e-05,0.03642835661355149,0.2549019607843137,0.09803921568627451,1.0,4.821542943845993e-05,7.790681307789448e-06,0.010734850428295513
2026-03-11,2025-03-06,3.6727623531952114e-05,2.29350950994688e-05,0.00398727140282943,2026-03-09,250,44787,255,100.0,4.666886883868385e-05,1.7166651343852377e-05,4.666886883868385e-05,1.7166651343852377e-05,0.006831461691225667,0.00414326578242965,0.3935023030647653,2.950221749483147e-05,0.036428356613551496,0.27058823529411763,0.20784313725490197,1.0,5.622775855669514e-05,1.1620070809605814e-05,0.010752129419061403
2026-03-12,2025-03-07,6.066681524018724e-05,3.7353985080133316e-05,0.003987577163452321,2026-03-10,250,44791,240,100.0,7.65160263122479e-05,3.1267978056141086e-05,7.65160263122479e-05,3.1267978056141086e-05,0.00874734395758209,0.0055917777187707565,0.36074564509105955,4.524804825610681e-05,0.03642835661355149,0.17083333333333334,0.10416666666666667,1.0,9.085578871077898e-05,2.5761590748719548e-05,0.010765642511791582
2026-03-13,2025-03-10,0.0002609297738247317,0.00021743308560161372,0.0040663121676571806,2026-03-11,250,44897,198,0.01,0.00021423554722715162,0.00016299216203524724,0.00021423554722715162,0.00016299216203524724,0.014636787462662414,0.012766838372723579,0.1277567973647883,5.1243385191904385e-05,0.03652477468237227,0.04040404040404041,0.0,1.0,0.00013071207148218454,6.561191847287335e-05,0.010931638290844667
2026-03-16,2025-03-11,2.7279814681942144e-05,1.4058629492188715e-05,0.004158004158004158,2026-03-12,250,44963,146,0.01,2.948926129975653e-05,1.2424454127878587e-05,2.948926129975653e-05,1.2424454127878587e-05,0.005430401578129976,0.0035248339149353673,0.35090731979545675,1.7064807171877942e-05,0.03652477468237227,0.19863013698630136,0.13013698630136986,1.0,3.768559552713248e-05,6.362190679631324e-06,0.01099386522520346
2026-03-17,2025-03-12,3.3256310104673936e-05,1.5636170559987595e-05,0.004113598607705087,2026-03-13,250,45128,169,0.01,4.2455559056945254e-05,1.006568803658077e-05,4.2455559056945254e-05,1.006568803658077e-05,0.006515793048965357,0.0031726468502782925,0.5130835454047951,3.238987102036448e-05,0.036524774682372266,0.17159763313609466,0.08875739644970414,1.0,4.540219348696966e-05,8.281392853302024e-06,0.01088310987549138
2026-03-18,2025-03-13,0.0001372266942477843,0.00010354167203977351,0.004090783935806161,2026-03-16,250,45104,224,0.01,0.00012466355687437017,7.355452514538537e-05,0.00012466355687437017,7.355452514538537e-05,0.011165283555484391,0.008576393481259204,0.2318696217037428,5.11090317289848e-05,0.036524774682372266,0.004464285714285714,0.004464285714285714,1.0,0.0001152412038443096,5.1064164974594245e-05,0.010854555076849683
2026-03-19,2025-03-14,8.686958248775002e-05,5.981219182109282e-05,0.004160998639673522,2026-03-17,250,45145,202,0.01,9.191092032235639e-05,4.0672887894407804e-05,9.191092032235639e-05,4.0672887894407804e-05,0.00958701832283408,0.006377529921090751,0.3347744099016754,5.1238032427948584e-05,0.036621183455645294,0.0297029702970297,0.034653465346534656,1.0,9.675647804688098e-05,2.227685790662317e-05,0.01100815959360779
2026-03-20,2025-03-17,3.811752101251693e-05,2.212698031007506e-05,0.004177377892030849,2026-03-18,250,45217,250,0.01,6.240469547424504e-05,2.4769876838354423e-05,6.240469547424504e-05,2.4769876838354423e-05,0.00789966426338772,0.004976934482023489,0.3699815186969524,3.7634818635890615e-05,0.036621183455645294,0.228,0.156,1.0,8.957339910939853e-05,2.772633736151439e-05,0.011035354652925131
2026-03-23,2025-03-18,3.2427288519221006e-05,1.5461011267112853e-05,0.004193717488608411,2026-03-19,250,45354,256,0.01,5.502469234095357e-05,1.8941389944271812e-05,5.502469234095357e-05,1.8941389944271812e-05,0.007417863057576189,0.004352170716351992,0.4132851088553152,3.608330239668176e-05,0.036717582935162765,0.19921875,0.11328125,1.0,7.527866169228424e-05,2.206084046231799e-05,0.011382885424857764
2026-03-24,2025-03-19,9.67639598694894e-05,6.433110497286302e-05,0.004135353294365582,2026-03-20,250,45452,148,0.01,0.00010877782071884651,5.560130944900731e-05,0.00010877782071884651,5.560130944900731e-05,0.010429660623378237,0.00745662855780059,0.285055494414991,5.31765112698392e-05,0.03671758293516276,0.05405405405405406,0.033783783783783786,1.0,0.00011898960244080008,4.818098325372995e-05,0.011264606793005586
2026-03-25,2025-03-20,3.479838481858381e-05,1.7237167557301538e-05,0.0041328882530599275,2026-03-23,250,45550,221,0.01,5.645660286346589e-05,1.9223259760017433e-05,5.645660286346589e-05,1.9223259760017433e-05,0.007513760900073004,0.004384433801532124,0.41647946217059895,3.723334310344846e-05,0.03671758293516275,0.1583710407239819,0.11312217194570136,1.0,7.570835223669439e-05,2.0988675051320455e-05,0.01130254753666677
2026-03-26,2025-03-21,3.760642855936141e-05,2.6578605077379e-05,0.004116855355870476,2026-03-24,250,45541,216,0.01,7.619798994800804e-05,3.1977275525768225e-05,7.619798994800804e-05,3.1977275525768225e-05,0.008729146003361842,0.005654845314044251,0.3521880248232291,4.422071442223981e-05,0.0366211834556453,0.2037037037037037,0.14351851851851852,1.0,9.845151804803055e-05,3.5090377463160566e-05,0.011239910477756462
2026-03-27,2025-03-24,5.17229964115393e-05,4.032945503772288e-05,0.004112459962829689,2026-03-25,250,45599,180,0.01,6.19102889580823e-05,4.062719041429631e-05,6.19102889580823e-05,4.062719041429631e-05,0.007868309154963492,0.00637394621990932,0.18992173612185748,2.1283098543785985e-05,0.036621183455645294,0.29444444444444445,0.22777777777777777,1.0,9.339828410194245e-05,4.154746339643235e-05,0.011444291494210111
2026-03-30,2025-03-25,8.953449350103229e-05,6.123524286500452e-05,0.004180064308681673,2026-03-26,250,45701,175,0.01,0.00012359177758615653,7.02871727695329e-05,0.00012359177758615653,7.02871727695329e-05,0.011117183887395068,0.008383744555360267,0.24587515684921257,5.3304604816623626e-05,0.036621183455645294,0.09142857142857143,0.08571428571428572,1.0,0.00015965243132334692,7.987156913903354e-05,0.01164282357394061
2026-03-31,2025-03-26,0.00016601864727537708,0.00013614899953068177,0.004216843044236305,2026-03-27,250,45802,93,0.01,0.00013050911888650308,7.32138785288965e-05,0.00013050911888650308,7.32138785288965e-05,0.011424058774643234,0.008556510885220477,0.25100955325856233,5.729524035760658e-05,0.03642835661355149,0.03225806451612903,0.010752688172043012,1.0,0.00010908095520356184,3.523578826919851e-05,0.011681880469009604
2026-04-01,2025-03-27,2.2256758597474837e-05,1.7192360335050058e-05,0.004097876196855667,2026-03-30,250,45870,193,0.01,3.566859843502115e-05,1.312089333034176e-05,3.566859843502115e-05,1.312089333034176e-05,0.00597231935139282,0.0036222773679470983,0.3934890023752099,2.254770510467939e-05,0.036331929247390274,0.21243523316062177,0.19170984455958548,1.0,4.457128522373724e-05,1.0418281611699183e-05,0.011351905157302333
2026-04-02,2025-03-28,4.663507198592246e-05,3.0844228653789606e-05,0.004068380080585223,2026-03-31,250,45849,206,0.01,4.256401117514948e-05,1.6961767153823393e-05,4.256401117514948e-05,1.6961767153823393e-05,0.006524109991037051,0.004118466602246932,0.3687312740120934,2.5602244021326085e-05,0.036331929247390274,0.11650485436893204,0.07281553398058252,1.0,4.0468612228428076e-05,9.816382558252552e-06,0.011267013613332518
2026-04-06,2025-03-31,7.925628564729331e-05,6.142126391230868e-05,0.004063769928102533,2026-04-01,250,45915,211,0.01,4.563230167094614e-05,2.5654419527095852e-05,4.563230167094614e-05,2.5654419527095852e-05,0.006755168515362599,0.005065019203033277,0.2502009103822629,1.9977882143850285e-05,0.03642835661355149,0.14691943127962084,0.0995260663507109,1.0,2.7470441712919194e-05,6.3351021219443935e-06,0.011256877544485611
2026-04-07,2025-04-01,4.782809461728357e-05,3.956622900248976e-05,0.004017615699605965,2026-04-02,250,46082,72,0.01,5.2765993463425403e-05,2.3107660581727954e-05,5.2765993463425403e-05,2.3107660581727954e-05,0.007264020475151857,0.0048070428104738105,0.33823936387330766,2.965833288169745e-05,0.03652477468237227,0.19444444444444445,0.1111111111111111,1.0,5.5234942886496324e-05,1.487837637134705e-05,0.011203918473889489
2026-04-08,2025-04-02,1.5215198108496798e-05,8.30931251317339e-06,0.004102564102564102,2026-04-06,250,46183,212,0.01,1.6476289839432358e-05,7.626051286453453e-06,1.6476289839432358e-05,7.626051286453453e-06,0.004059099634085416,0.0027615306057426655,0.3196691742786242,8.850238552978905e-06,0.03642835661355149,0.32547169811320753,0.28773584905660377,1.0,1.7240587858181185e-05,7.211953573289854e-06,0.011198989715117865
2026-04-09,2025-04-03,9.282042031423659e-05,6.82379047186338e-05,0.004016994978756277,2026-04-07,250,46085,182,0.01,5.3296941594580625e-05,3.8748753346688284e-05,5.3296941594580625e-05,3.8748753346688284e-05,0.007300475436201441,0.006224849664585345,0.14733640035035334,1.4548188247892342e-05,0.036235492582095415,0.038461538461538464,0.02197802197802198,1.0,3.133945341699398e-05,2.236589147338522e-05,0.01092084140767149
2026-04-10,2025-04-04,1.0585618957366109e-05,1.2929413493399132e-05,0.003992475718837575,2026-04-08,250,46127,192,0.01,9.74433298391804e-06,1.0037527739226174e-05,9.74433298391804e-06,1.0037527739226174e-05,0.003121591418478408,0.0031682057602413034,-0.014932877341653272,-2.9319475530813336e-07,0.036139046615873194,0.296875,0.22916666666666666,1.0,9.22824999180284e-06,8.263513789187302e-06,0.010858198879263436
2026-04-13,2025-04-07,9.668677275212378e-06,9.186746892026692e-06,0.003992628992628992,2026-04-09,250,46199,270,0.01,8.975204746485555e-06,8.728947660794289e-06,8.975204746485555e-06,8.728947660794289e-06,0.0029958646075024077,0.0029544792537424067,0.013814160244879359,2.4625708569126586e-07,0.03623549258209542,0.36666666666666664,0.3074074074074074,1.0,8.250210739180244e-06,8.250339373596775e-06,0.010865390162776321
2026-04-14,2025-04-08,1.200709337635572e-05,1.146765483187286e-05,0.004012345679012346,2026-04-10,250,46247,79,100.0,1.0145798210036314e-05,1.0740069799248543e-05,1.0145798210036314e-05,1.0740069799248543e-05,0.003185246962173626,0.003277204570857386,-0.02886985209492443,-5.942715892122298e-07,0.03642835661355149,0.34177215189873417,0.27848101265822783,1.0,8.73948630659498e-06,1.0190338885710168e-05,0.010760236117184081
2026-04-15,2025-04-09,1.4198156629136761e-05,1.1928315444084197e-05,0.004018081366147666,2026-04-13,250,46467,250,100.0,1.1467672854836574e-05,1.0604659170937454e-05,1.1467672854836574e-05,1.0604659170937454e-05,0.0033863952596878844,0.0032564795670996394,0.038364007336880945,8.630136838991202e-07,0.03642835661355149,0.284,0.16,1.0,9.178884985202594e-06,9.495123765505626e-06,0.010630702992252973
2026-04-16,2025-04-10,7.871354611237213e-06,1.2923136213705632e-05,0.0039034643245880714,2026-04-14,250,46440,255,100.0,8.57805022535974e-06,1.0917635625290699e-05,8.57805022535974e-06,1.0917635625290699e-05,0.0029288308632216607,0.0033041845628370547,-0.12815820275893697,-2.339585399930959e-06,0.036428356613551496,0.3137254901960784,0.24705882352941178,1.0,9.167810593979977e-06,9.243980457980395e-06,0.010547472640512045
2026-04-17,2025-04-11,1.0401689314641077e-05,7.13002310998576e-06,0.003948367501898253,2026-04-15,250,46545,292,1.0,9.258536582154674e-06,8.646573183610277e-06,9.258536582154674e-06,8.646573183610277e-06,0.0030427843469681966,0.002940505599996415,0.03361353790113031,6.119633985443964e-07,0.03633192924739028,0.3013698630136986,0.21232876712328766,1.0,7.929092293263077e-06,1.041026475071435e-05,0.010521617307527865
2026-04-20,2025-04-14,1.1325543848013928e-05,8.754944237528393e-06,0.003848573437442179,2026-04-16,250,46645,338,1.0,9.358612659600863e-06,7.43450460245637e-06,9.358612659600863e-06,7.43450460245637e-06,0.003059184966555776,0.002726628798068481,0.10870744074743133,1.9241080571444935e-06,0.036331929247390274,0.2514792899408284,0.22781065088757396,1.0,7.437691557466467e-06,6.144952444228138e-06,0.010395975441462244
2026-04-21,2025-04-15,1.2753619443462007e-05,1.4713153012308398e-05,0.0038088262223036073,2026-04-17,250,46770,168,100.0,1.4137268950711718e-05,9.607034214449548e-06,1.4137268950711718e-05,9.607034214449548e-06,0.003759955977230547,0.003099521610579534,0.17564949447558853,4.53023473626217e-06,0.03642835661355149,0.20833333333333334,0.19047619047619047,1.0,1.5226524945780637e-05,5.587323671454281e-06,0.010416804944124619
2026-04-22,2025-04-16,6.32856019753324e-06,5.8332981880566634e-06,0.00390727730397866,2026-04-20,250,47075,278,100.0,7.68739740351094e-06,6.205924333620708e-06,7.68739740351094e-06,6.205924333620708e-06,0.002772615624912862,0.002491169270366971,0.10150933004091978,1.4814730698902322e-06,0.03623549258209542,0.3129496402877698,0.28776978417266186,1.0,9.106183309752364e-06,6.594989867959635e-06,0.010485453357573003
2026-04-23,2025-04-17,1.1423734887444888e-05,1.6736998400262973e-05,0.0038071530548742555,2026-04-21,250,47042,214,0.01,1.3341055838919243e-05,1.2657635469682593e-05,1.3341055838919243e-05,1.2657635469682593e-05,0.0036525410112576754,0.003557757084130758,0.025950133574073275,6.834203692366498e-07,0.036235492582095415,0.2336448598130841,0.21495327102803738,1.0,1.4579940146025746e-05,1.0021739422230657e-05,0.010380334922174885
2026-04-24,2025-04-21,5.124326896496133e-06,8.225009967867342e-06,0.0038035328969023155,2026-04-22,250,47119,218,0.01,1.1919444412668741e-05,1.2132511431435828e-05,1.1919444412668741e-05,1.2132511431435828e-05,0.0034524548386139307,0.0034831754809994614,-0.00889820253169904,-2.1306701876708672e-07,0.036235492582095415,0.3073394495412844,0.3165137614678899,1.0,2.436245181241339e-05,1.928780631926903e-05,0.0104207749311878
2026-04-27,2025-04-22,8.161048994341084e-06,1.850590098036389e-05,0.0038367889028259423,2026-04-23,250,47161,256,0.01,8.749454673549631e-06,1.1439023616560068e-05,8.749454673549631e-06,1.1439023616560068e-05,0.002957947713119627,0.0033821625650698795,-0.14341526392393544,-2.6895689430104364e-06,0.03623549258209542,0.20703125,0.19921875,1.0,9.172001033786644e-06,6.364151952620407e-06,0.010340642070762246
2026-04-28,2025-04-23,6.313837395057967e-06,8.338110998394269e-06,0.0038862523821979744,2026-04-24,250,47315,185,100.0,7.43978124963518e-06,7.757142724618796e-06,7.43978124963518e-06,7.757142724618796e-06,0.0027275962402150324,0.002785164757176637,-0.021105952601352174,-3.1736147498361566e-07,0.036139046615873194,0.34594594594594597,0.35135135135135137,1.0,8.628277540577795e-06,7.143898435633575e-06,0.010322857502412016
2026-04-29,2025-04-24,6.557147772441246e-06,1.1815323707430892e-05,0.0038417494736064438,2026-04-27,250,47407,203,100.0,6.659731573976901e-06,9.267827403049891e-06,6.659731573976901e-06,9.267827403049891e-06,0.002580645573103153,0.0030443106613895193,-0.17967019303965182,-2.60809582907299e-06,0.036139046615873194,0.4088669950738916,0.41379310344827586,1.0,6.7859885604823225e-06,6.132447336119432e-06,0.010373333895375795
2026-04-30,2025-04-25,9.388918962066994e-06,5.945446525011741e-06,0.0038494281378391383,2026-04-28,250,47425,213,100.0,2.9268171316069222e-05,2.547322487315427e-05,2.9268171316069222e-05,2.547322487315427e-05,0.005410006591129924,0.0050471006402839115,0.0670805006857148,3.7949464429149535e-06,0.036139046615873194,0.24882629107981222,0.19248826291079812,1.0,4.8595222215793616e-05,4.4458564933848406e-05,0.010374937463110264
2026-05-04,2025-04-28,4.6042274513799515e-06,3.5478700772973536e-06,0.003712429499535946,2026-04-29,250,47416,145,1.0,5.878558619283772e-06,6.315301385642588e-06,5.878558619283772e-06,6.315301385642588e-06,0.0024245739046858876,0.0025130263400216456,-0.036481641233871764,-4.3674276635881576e-07,0.036139046615873194,0.2827586206896552,0.2206896551724138,1.0,7.206734766113107e-06,9.199666411241848e-06,0.01024435995282037
2026-05-05,2025-04-29,6.327107153909947e-06,3.101393876921924e-06,0.003756818263916484,2026-04-30,250,47408,125,100.0,8.441935087547525e-06,6.921493186477335e-06,8.441935087547525e-06,6.921493186477335e-06,0.0029055008324809554,0.0026308730844488365,0.09451993438171524,1.5204419010701904e-06,0.036331929247390295,0.328,0.152,1.0,9.297371105648115e-06,8.46670189596042e-06,0.010282026712719878
2026-05-06,2025-04-30,2.567002319155168e-05,1.6783398666528004e-05,0.0036596523330283616,2026-05-04,250,47474,184,100.0,2.3155763768901227e-05,1.9871898274917577e-05,2.3155763768901227e-05,1.9871898274917577e-05,0.004812043616687325,0.0044577907392471415,0.0736179689252392,3.28386549398365e-06,0.03623549258209541,0.15217391304347827,0.10326086956521739,1.0,2.1502241806257246e-05,2.1903073693047653e-05,0.010200198958232582
2026-05-07,2025-05-01,7.198906360807249e-06,1.0224793448588363e-05,0.0036172654864178645,2026-05-05,250,47409,181,100.0,6.066549627246787e-06,9.365909902467992e-06,6.066549627246787e-06,9.365909902467992e-06,0.0024630366678648507,0.003060377411769338,-0.24252206704754742,-3.2993602752212045e-06,0.036235492582095415,0.22099447513812154,0.1712707182320442,1.0,5.352450786262709e-06,8.824271630139826e-06,0.010060365479743266
2026-05-08,2025-05-02,4.891631515569282e-06,3.4999359878265957e-06,0.0036181463957695517,2026-05-06,250,47461,305,100.0,4.606000087355995e-06,5.230021838694052e-06,4.606000087355995e-06,5.230021838694052e-06,0.0021461593806975277,0.0022869240998979507,-0.06558912654225746,-6.240217513380569e-07,0.03623549258209541,0.3737704918032787,0.3081967213114754,1.0,4.382171950627454e-06,6.585761628262702e-06,0.010091306487328795
2026-05-11,2025-05-05,6.7890519280459685e-06,8.682614873523573e-06,0.0035456157098049915,2026-05-07,250,47439,249,100.0,5.104712462867257e-06,5.513145648363729e-06,5.104712462867257e-06,5.513145648363729e-06,0.0022593610740355903,0.0023480088688852367,-0.039235780357721683,-4.0843318549647203e-07,0.036235492582095415,0.357429718875502,0.2891566265060241,1.0,4.378704072704019e-06,4.1469951202775875e-06,0.010008673842900136
2026-05-12,2025-05-06,4.103072125103879e-06,2.324334493734819e-06,0.0044758780921142554,2026-05-08,250,47521,93,100.0,6.2921410980623985e-06,4.71261600877659e-06,6.2921410980623985e-06,4.71261600877659e-06,0.0025084140603302317,0.0021708560543657863,0.13457028937240378,1.5795250892858081e-06,0.036331929247390274,0.4838709677419355,0.45161290322580644,1.0,8.627148002551486e-06,7.260116291487814e-06,0.00998592993372109
2026-05-15,2025-05-07,8.212743205751807e-06,3.4502089537972242e-06,0.003521008685154758,2026-05-11,250,47691,206,100.0,1.024576251800361e-05,6.739983886355763e-06,1.024576251800361e-05,6.739983886355763e-06,0.0032009002668005153,0.002596147893775654,0.18893196370324483,3.505778631647846e-06,0.03623549258209542,0.3058252427184466,0.18446601941747573,1.0,1.2530289374039142e-05,1.0436741284797834e-05,0.009867540799550904
2026-05-18,2025-05-08,8.085642761550898e-06,5.943436655781586e-06,0.003497318722312894,2026-05-12,250,47593,220,100.0,8.403059167504606e-06,5.744057423377889e-06,8.403059167504606e-06,5.744057423377889e-06,0.002898803057729967,0.0023966763284552816,0.17321864206528648,2.659001744126717e-06,0.036235492582095415,0.4409090909090909,0.2590909090909091,1.0,9.069186554646892e-06,5.325641851150416e-06,0.009987686188562847
2026-05-19,2025-05-09,7.703416096169383e-06,6.233438555265239e-06,0.003525382755842065,2026-05-15,250,47652,205,100.0,7.648747600350897e-06,5.7731719732318794e-06,7.648747600350897e-06,5.7731719732318794e-06,0.0027656369248964872,0.0024027425940437064,0.13121546345652846,1.8755756271190175e-06,0.036139046615873194,0.36585365853658536,0.2780487804878049,1.0,7.6151716737852135e-06,5.490488560644462e-06,0.009994717389832796
2026-05-20,2025-05-12,3.553421128829311e-05,2.0939347419274265e-05,0.00351205806602669,2026-05-18,250,47658,213,100.0,3.7791093234026996e-05,2.784423356634018e-05,3.7791093234026996e-05,2.784423356634018e-05,0.006147446074104839,0.005276763550353586,0.14163321048375965,9.946859667686815e-06,0.03604259134692934,0.06103286384976526,0.004694835680751174,1.0,3.9944448485002454e-05,3.4432381816751696e-05,0.01006173660610851
2026-05-21,2025-05-13,4.181535375017667e-06,5.240379149426043e-06,0.003473945409429281,2026-05-19,250,47668,187,100.0,4.684067151078829e-06,7.332743735762782e-06,4.684067151078829e-06,7.332743735762782e-06,0.002164270581761631,0.002707903937691066,-0.2511854850824333,-2.648676584683953e-06,0.03584965289369723,0.2620320855614973,0.24598930481283424,1.0,5.0058638146969404e-06,8.672591234031045e-06,0.00995966003372681
2026-05-22,2025-05-14,3.798771013030511e-06,9.682853806025072e-06,0.003442735827404178,2026-05-20,250,47844,258,100.0,3.7320604634709546e-06,8.114767288678678e-06,3.7320604634709546e-06,8.114767288678678e-06,0.0019318541517078754,0.0028486430609465057,-0.4745642461819044,-4.382706825207723e-06,0.036139046615873194,0.375968992248062,0.40310077519379844,1.0,3.6610804387395864e-06,6.446323234222117e-06,0.009939947759586383
2026-05-26,2025-05-15,5.489092910944558e-06,9.894108654876462e-06,0.003400038857586944,2026-05-21,250,47840,160,100.0,5.224437651094793e-06,8.24821894090808e-06,5.224437651094793e-06,8.24821894090808e-06,0.0022857028790056666,0.002871971263941908,-0.2564936984247408,-3.023781289813287e-06,0.036139046615873194,0.35625,0.375,1.0,5.002370593979473e-06,6.867185042980587e-06,0.009901021940883003
2026-05-27,2025-05-16,7.37003613932632e-06,6.8010224825374464e-06,0.003405442220996984,2026-05-22,250,47948,245,100.0,5.342499024835219e-06,7.254163107344462e-06,5.342499024835219e-06,7.254163107344462e-06,0.002311384655317072,0.0026933553622469617,-0.1652562268470592,-1.9116640825092428e-06,0.0361390466158732,0.42857142857142855,0.3020408163265306,1.0,3.6068043737935953e-06,7.642078945247436e-06,0.009835726561771407
2026-05-28,2025-05-19,1.3419276503253541e-05,8.552107564133448e-06,0.003377834968634389,2026-05-26,250,47895,202,100.0,1.1698271775381312e-05,1.2054965019816973e-05,1.1698271775381312e-05,1.2054965019816973e-05,0.0034202736404243027,0.003472026068424166,-0.015131078223742156,-3.5669324443566035e-07,0.036139046615873194,0.19801980198019803,0.18811881188118812,1.0,1.0229891594719681e-05,1.5043641564574473e-05,0.009837430376036028
2026-05-29,2025-05-20,3.3940964123168517e-06,1.1605267320584088e-05,0.00335989248344053,2026-05-27,250,47940,194,100.0,3.546668095710135e-06,1.2261703105442529e-05,3.546668095710135e-06,1.2261703105442529e-05,0.0018832599649836277,0.003501671473088606,-0.8593670221832854,-8.715035009732394e-06,0.036235492582095415,0.2268041237113402,0.31443298969072164,1.0,3.6900854780998217e-06,1.287875274320946e-05,0.009783458786111851
2026-06-01,2025-05-21,7.900033247483192e-05,5.177735888545312e-05,0.0033647375504710633,2026-05-28,250,48062,111,100.0,5.7506369279545766e-05,4.0842843239985466e-05,5.7506369279545766e-05,4.0842843239985466e-05,0.007583295410278157,0.006390840573820119,0.15724757799120193,1.66635260395603e-05,0.03623549258209542,0.036036036036036036,0.018018018018018018,1.0,1.2727279289366264e-05,1.806260231192785e-05,0.009759144987309641
2026-06-02,2025-05-22,7.774249573511763e-06,4.426301211564775e-06,0.003427899840031339,2026-05-29,250,48062,102,100.0,5.5777959577948835e-06,8.767962710481549e-06,5.5777959577948835e-06,8.767962710481549e-06,0.0023617357933932584,0.0029610745871189313,-0.2537704663672664,-3.190166752686665e-06,0.0371030879515022,0.19607843137254902,0.19607843137254902,1.0,4.618780998819908e-06,1.066361773113535e-05,0.009732641653703163
2026-06-03,2025-05-23,0.0001729766809179406,0.00013627212188542672,0.003331218274111675,2026-06-01,250,47977,192,100.0,7.303291248723783e-05,6.042866558407736e-05,7.303291248723783e-05,6.042866558407736e-05,0.008545929585904498,0.007773587690640491,0.09037541059756604,1.260424690316047e-05,0.037006725629095676,0.057291666666666664,0.057291666666666664,1.0,8.966394262428384e-06,1.1811065390904672e-05,0.009719443895888467
2026-06-04,2025-05-27,5.162122490856382e-06,2.880042368475266e-06,0.003384258363952814,2026-06-02,250,47861,140,100.0,5.549909660932199e-06,7.435778578253682e-06,5.549909660932199e-06,7.435778578253682e-06,0.0023558246244005936,0.002726862405449472,-0.1574980485414037,-1.8858689173214835e-06,0.03710308795150221,0.25,0.1357142857142857,1.0,5.816221331948122e-06,1.0564416698221993e-05,0.009788128447178617
2026-06-05,2025-05-28,0.00021897459712660007,0.0001832291004388968,0.0033737107605307966,2026-06-03,250,47979,201,100.0,0.00015081428781810736,0.00012532410147961804,0.00015081428781810736,0.00012532410147961804,0.012280646881093331,0.011194824763238504,0.08841733895357773,2.5490186338489318e-05,0.0371030879515022,0.0,0.009950248756218905,1.0,0.00010187868113508692,8.375128171398201e-05,0.009751281881942703
2026-06-08,2025-05-29,9.530266739365508e-06,2.8266292928215963e-06,0.003416411791501269,2026-06-04,250,47932,176,100.0,5.879724678778801e-06,2.4618565992596832e-06,5.879724678778801e-06,2.4618565992596832e-06,0.0024248143596528786,0.001569030464732818,0.3529275927921217,3.4178680795191175e-06,0.0371030879515022,0.3465909090909091,0.2215909090909091,1.0,4.471247820757158e-06,2.3211175285153223e-06,0.010009623754321737
2026-06-09,2025-05-30,9.79646560757815e-06,1.2426109453634467e-05,0.003482125091198514,2026-06-05,250,47951,131,100.0,9.999044839978156e-06,9.358404520493743e-06,9.999044839978156e-06,9.358404520493743e-06,0.0031621266325019552,0.0030591509476476874,0.032565326067536704,6.406403194844136e-07,0.03729578474369689,0.6183206106870229,0.32061068702290074,1.0,1.0428319880063878e-05,2.857791685981264e-06,0.009987010632829198
2026-06-10,2025-06-02,1.0784297312127161e-05,1.6257750155086964e-05,0.0036138358286009293,2026-06-08,250,47959,190,0.01,1.5725056154341627e-05,8.669665376997653e-06,1.5725056154341627e-05,8.669665376997653e-06,0.003965483092176996,0.0029444295503539652,0.2574852844127211,7.0553907773439734e-06,0.03719944098910626,0.3736842105263158,0.1631578947368421,1.0,1.841636381636089e-05,4.536318384054694e-06,0.01001641408316939
2026-06-11,2025-06-03,0.00018806374814854117,0.0001481113570987973,0.0036010700322381497,2026-06-09,250,47913,152,100.0,0.00012423343592970278,9.96194506951829e-05,0.00012423343592970278,9.96194506951829e-05,0.011146005379942304,0.00998095439801139,0.10452632510185855,2.461398523451988e-05,0.03719944098910627,0.006578947368421052,0.0,1.0,9.653348911775409e-05,7.857579319927479e-05,0.010176857863611928
2026-06-12,2025-06-04,2.9205691928349285e-06,1.3611311424751556e-05,0.003551736968507931,2026-06-10,250,47999,180,100.0,4.357361976220403e-06,9.637961955940019e-06,4.357361976220403e-06,9.637961955940019e-06,0.002087429514072368,0.003104506717006748,-0.48723906415894414,-5.280599979719615e-06,0.0371030879515022,0.24444444444444444,0.34444444444444444,1.0,5.456085869397531e-06,6.599518244495904e-06,0.010006774560832791
2026-06-15,2025-06-05,5.4248539454412115e-06,3.7479755384709964e-06,0.0036066362106275548,2026-06-11,250,47999,237,100.0,8.18711089481501e-06,8.831207930580159e-06,8.18711089481501e-06,8.831207930580159e-06,0.0028613127922013366,0.0029717348351729093,-0.03859139178091042,-6.440970357651493e-07,0.0371030879515022,0.31645569620253167,0.2911392405063291,1.0,1.1376262100001127e-05,1.4700030783288014e-05,0.009952946410515673
2026-06-16,2025-06-06,2.9400349352507273e-05,1.686637822595012e-05,0.003542271101814991,2026-06-12,250,48037,72,100.0,1.5997344738554953e-05,1.582624053532282e-05,1.5997344738554953e-05,1.582624053532282e-05,0.0039996680785478874,0.003978220775085618,0.005362270828747295,1.7110420323213196e-07,0.03719944098910626,0.25,0.16666666666666666,1.0,9.706138491189577e-06,1.5338012639722247e-05,0.00978047772346091
2026-06-17,2025-06-09,1.195808673928882e-05,1.245032320474839e-05,0.0035088891859377113,2026-06-15,250,48082,235,100.0,9.742475291444659e-06,8.165145172322321e-06,9.742475291444659e-06,8.165145172322321e-06,0.0031212938489422392,0.0028574718147905366,0.08452329287776228,1.5773301191223376e-06,0.037199440989106256,0.26382978723404255,0.15319148936170213,1.0,8.239024666121835e-06,5.2573457931760575e-06,0.009839134780696493
2026-06-18,2025-06-10,1.62025736051417e-05,1.3678388166148442e-05,0.0035478966041561084,2026-06-16,250,47986,240,0.01,1.2543761503808771e-05,1.1199405419681703e-05,1.2543761503808771e-05,1.1199405419681703e-05,0.0035417173099795488,0.0033465512725314255,0.055104916730141396,1.3443560841270682e-06,0.03758476032727121,0.2791666666666667,0.15416666666666667,1.0,9.55018796635456e-06,9.17114680893619e-06,0.009963558086806303
2026-06-22,2025-06-11,0.00011315010822131525,9.071390008057265e-05,0.0035233716989362795,2026-06-17,250,48165,227,0.01,6.612063515820564e-05,5.4361042540678184e-05,6.612063515820564e-05,5.4361042540678184e-05,0.00813145959580478,0.0073729941367587015,0.09327543845109787,1.1759592617527452e-05,0.03758476032727121,0.004405286343612335,0.004405286343612335,1.0,2.9089554006150822e-05,2.5736745265170735e-05,0.01007713126389372
2026-06-23,2025-06-12,1.796243820171918e-05,1.0252443110782167e-05,0.0035352345038887584,2026-06-18,250,48233,138,0.01,1.8857936679410954e-05,1.01786920304614e-05,1.8857936679410954e-05,1.01786920304614e-05,0.004342572587696256,0.0031904062484989903,0.2653188440560972,8.679244648949554e-06,0.037777364334029936,0.2391304347826087,0.14492753623188406,1.0,1.9702984538641218e-05,1.0109095940581235e-05,0.010108944236220257
2026-06-24,2025-06-13,1.6217825683467135e-05,1.493078957519942e-05,0.003567787971457695,2026-06-22,250,48329,227,0.01,2.277809880508197e-05,1.8462994977143662e-05,2.277809880508197e-05,1.8462994977143662e-05,0.004772640653252868,0.004296858733673201,0.09968944954097703,4.3151038279383075e-06,0.03777736433402994,0.2290748898678414,0.14977973568281938,1.0,2.8731960125539132e-05,2.166869399739558e-05,0.010257909157828732
2026-06-25,2025-06-16,3.9615837066170975e-05,3.3925923722720064e-05,0.003582639552340659,2026-06-23,250,48373,186,0.01,2.3920530995897068e-05,1.69229317539735e-05,2.3920530995897068e-05,1.69229317539735e-05,0.004890861989046212,0.004113749111695255,0.15889078021244774,6.9975992419235664e-06,0.03777736433402994,0.1827956989247312,0.06989247311827956,1.0,1.4230385509032308e-05,6.425432364573453e-06,0.010262665702907642
2026-06-26,2025-06-17,2.6655020755349548e-05,3.0336768129422904e-05,0.003816100308922408,2026-06-24,250,48468,176,0.01,2.1743913070545894e-05,1.9655523120264304e-05,2.1743913070545894e-05,1.9655523120264304e-05,0.004663036893543294,0.004433454986831862,0.049234417816707454,2.0883899502815897e-06,0.037681066967688484,0.2215909090909091,0.23295454545454544,1.0,1.857693708688746e-05,1.2767617460152679e-05,0.0102478510145717
2026-06-29,2025-06-18,1.142835055548045e-05,2.7830892467086964e-05,0.0037000493339911203,2026-06-25,250,48553,149,0.01,2.2773729767400118e-05,2.528280193063423e-05,2.2773729767400118e-05,2.528280193063423e-05,0.004772182914285675,0.005028200665311024,-0.05364793337215823,-2.5090721632341108e-06,0.03758476032727121,0.20134228187919462,0.2214765100671141,1.0,3.1552892252814146e-05,2.331106520599818e-05,0.010322496879243886
2026-06-30,2025-06-20,5.657257880119993e-06,9.75048571868415e-06,0.0037268403492581813,2026-06-26,250,48549,161,0.01,6.465849667941275e-06,1.02420361657531e-05,6.465849667941275e-06,1.02420361657531e-05,0.0025428035055704316,0.00320031813508487,-0.2585786231905234,-3.776186497811825e-06,0.03796993125162867,0.3416149068322981,0.43478260869565216,1.0,7.416491364433868e-06,1.081994006973957e-05,0.010155191632928473
2026-07-01,2025-06-23,1.7918845203353266e-05,2.0486353361943168e-05,0.0036286978158695045,2026-06-29,250,48525,229,0.01,1.1744534821510512e-05,1.3743446933495154e-05,1.1744534821510512e-05,1.3743446933495154e-05,0.0034270300292688584,0.0037072155229356646,-0.0817575251088718,-1.998912111984642e-06,0.037969931251628675,0.18777292576419213,0.13537117903930132,1.0,7.522396104515098e-06,9.132488861100553e-06,0.010076726435180846
2026-07-02,2025-06-24,3.925404695277033e-06,1.0528022135379174e-05,0.003566818397988995,2026-06-30,250,48505,154,0.01,4.261049167111468e-06,8.997448261038223e-06,4.261049167111468e-06,8.997448261038223e-06,0.0020642308899712428,0.0029995746800235237,-0.4531197525414956,-4.736399093926755e-06,0.03777736433402994,0.33766233766233766,0.36363636363636365,1.0,4.519533990248332e-06,7.818730449764158e-06,0.010090373578631196
2026-07-06,2025-06-25,1.5445653218473675e-05,1.8899332995172696e-05,0.0034021320027217065,2026-07-01,250,48658,199,0.01,1.0374642372262382e-05,1.4567086727471785e-05,1.0374642372262382e-05,1.4567086727471785e-05,0.0032209691666115624,0.003816685306319056,-0.18494934564498888,-4.1924443552094034e-06,0.03748844441099159,0.18592964824120603,0.1658291457286432,1.0,5.925547950586439e-06,1.0766153681281368e-05,0.010103650742501141
2026-07-07,2025-06-26,8.56518416412456e-06,2.2146696482899418e-05,0.0033582805603530994,2026-07-02,250,48639,79,0.01,1.111816488578072e-05,1.7666101620195186e-05,1.111816488578072e-05,1.7666101620195186e-05,0.003334391231661444,0.004203106187118663,-0.26053180178990587,-6.547936734414466e-06,0.03796993125162866,0.189873417721519,0.12658227848101267,1.0,1.3484342139998626e-05,1.3513355162079074e-05,0.0100162349590033
2026-07-08,2025-06-27,5.915149119175543e-05,5.6844282759905e-05,0.0033799008562415507,2026-07-06,250,48662,197,100.0,2.574938578457749e-05,2.371665219600061e-05,2.574938578457749e-05,2.371665219600061e-05,0.005074385261741317,0.004869974558044488,0.04028285066133974,2.0327335885768814e-06,0.03787365242808151,0.20812182741116753,0.1065989847715736,1.0,9.676192205183593e-06,7.7755367366782e-06,0.01006405825788073
2026-07-09,2025-06-30,0.0001158960080421083,9.426985119950671e-05,0.003350457895912441,2026-07-07,250,48542,172,100.0,5.351600012278417e-05,4.6405319983266826e-05,5.351600012278417e-05,4.6405319983266826e-05,0.007315463083276695,0.00681214503539574,0.06880193941946766,7.110680139517343e-06,0.03796993125162867,0.040697674418604654,0.040697674418604654,1.0,1.8356359295528756e-05,1.942712966138618e-05,0.010095246847330295
2026-07-10,2025-07-01,2.84628433361688e-05,2.2501870924152573e-05,0.0033204730883562078,2026-07-08,250,48617,214,100.0,1.8949570856017036e-05,1.8898211007451435e-05,1.8949570856017036e-05,1.8898211007451435e-05,0.0043531104805664,0.004347207265297048,0.0013560913042998113,5.135984856560126e-08,0.03758476032727121,0.11682242990654206,0.102803738317757,1.0,9.612470088460675e-06,1.536128553365217e-05,0.0100105053810645
2026-07-13,2025-07-02,2.7152421135061682e-05,3.7474636812707e-05,0.0033299505264493203,2026-07-09,250,48679,190,100.0,2.2817391907921702e-05,2.7440682927536656e-05,2.2817391907921702e-05,2.7440682927536656e-05,0.004776755374511207,0.005238385526814216,-0.09664094476478113,-4.623291019614954e-06,0.03777736433402994,0.1,0.015789473684210527,1.0,1.8997415658263706e-05,1.8598881979218236e-05,0.009967543545930196
2026-07-14,2025-07-03,3.2843920559284446e-06,6.999341620693684e-06,0.0033090668431502313,2026-07-10,250,48713,66,100.0,6.866198107631198e-06,9.090918486086415e-06,6.866198107631198e-06,9.090918486086415e-06,0.002620343127842458,0.003015115003791135,-0.15065655782024412,-2.2247203784552168e-06,0.03816246109434891,0.24242424242424243,0.2878787878787879,1.0,9.85103648405016e-06,1.0833899207247023e-05,0.010044445186005845
2026-07-15,2025-07-07,4.997438199539896e-05,5.098605484273e-05,0.0033348154735437976,2026-07-13,250,48767,185,100.0,3.248790085062559e-05,3.4284326733305036e-05,3.248790085062559e-05,3.4284326733305036e-05,0.005699815861115655,0.005855281951648873,-0.02727563386631715,-1.7964258826794449e-06,0.037681066967688484,0.12972972972972974,0.05945945945945946,1.0,8.500035690487761e-06,1.1372981762683625e-05,0.010008907598792277
2026-07-16,2025-07-08,4.256373046045685e-06,2.335848286008372e-05,0.0032061068702290063,2026-07-14,250,48676,219,100.0,8.958552463827586e-06,1.572442833140513e-05,8.958552463827586e-06,1.572442833140513e-05,0.0029930841057056157,0.0039654039304218595,-0.3248554969981443,-6.765875867577542e-06,0.03758476032727121,0.2876712328767123,0.3424657534246575,1.0,1.2561028630676625e-05,9.875757523143308e-06,0.009969392297399347
2026-07-17,2025-07-09,7.110053582067632e-06,2.6719501026393215e-05,0.0031506931524935486,2026-07-15,250,48796,234,0.01,1.234264546360076e-05,1.5859974774296517e-05,1.234264546360076e-05,1.5859974774296517e-05,0.003513210136556133,0.003982458383247277,-0.1335668031378079,-3.5173293106957562e-06,0.03768106696768849,0.23931623931623933,0.24358974358974358,1.0,1.6601731878802143e-05,7.020825499334096e-06,0.010023706575021314
2026-07-20,2025-07-10,1.1345072498700356e-05,2.2970017606065594e-05,0.0031461616827470488,2026-07-16,250,48849,276,0.01,1.174837270869427e-05,1.5332180854238725e-05,1.174837270869427e-05,1.5332180854238725e-05,0.0034275899271491435,0.003915632880421596,-0.14238662256729673,-3.5838081455444547e-06,0.037777364334029936,0.2608695652173913,0.2971014492753623,1.0,1.2264996944636889e-05,5.548175097766296e-06,0.010123904532551225
2026-07-21,2025-07-11,5.197904866714536e-06,1.874632435611765e-05,0.0032150402645518853,2026-07-17,250,48944,166,0.01,9.218774808360807e-06,1.40367644568222e-05,9.218774808360807e-06,1.40367644568222e-05,0.0030362435357462365,0.003746567022865359,-0.23394812660985775,-4.817989648461392e-06,0.037873652428081515,0.2891566265060241,0.27710843373493976,1.0,1.295911894012478e-05,9.655778503989223e-06,0.010140275438289154
2026-07-22,2025-07-14,4.9631216794300585e-06,1.899836770679278e-05,0.003203759077317385,2026-07-20,250,49029,263,0.01,7.907628066332485e-06,1.4078280853883007e-05,7.907628066332485e-06,1.4078280853883007e-05,0.0028120505092072024,0.003752103523876041,-0.3342944984775067,-6.1706527875505214e-06,0.03796993125162867,0.23193916349809887,0.3155893536121673,1.0,1.0829827586667467e-05,9.195467386222552e-06,0.010056391992302348
2026-07-23,2025-07-16,1.2298325548328605e-05,3.2544955588348724e-05,0.003221946055417473,2026-07-21,250,49030,208,0.01,1.889125705745451e-05,2.0294039942793182e-05,1.889125705745451e-05,2.0294039942793182e-05,0.004346407373619563,0.004504890669349611,-0.0364630560614172,-1.4027828853386709e-06,0.03816246109434891,0.1201923076923077,0.21153846153846154,1.0,2.3631629299553312e-05,1.1485530346402005e-05,0.010068097831176997
2026-07-24,2025-07-17,5.3242926344597425e-06,1.458164295627386e-05,0.0032643163588882665,2026-07-22,250,49107,228,0.01,8.89289680059408e-06,1.1174146242643868e-05,8.89289680059408e-06,1.1174146242643868e-05,0.002982096041477216,0.0033427752306495074,-0.1209482136576745,-2.2812494420497884e-06,0.03873982831593057,0.2807017543859649,0.29385964912280704,1.0,1.4265410764994125e-05,6.044178662783327e-06,0.010193986561543257
2026-07-27,2025-07-18,4.236962072491093e-06,1.68586932439612e-05,0.0031529637859588,2026-07-23,250,49101,285,0.01,8.22298159987636e-06,9.622966230509975e-06,8.22298159987636e-06,9.622966230509975e-06,0.0028675741664125026,0.0031020906225495692,-0.08178217633703255,-1.399984630633615e-06,0.03883602378519813,0.21754385964912282,0.2912280701754386,1.0,1.0803526033790523e-05,4.938564927003983e-06,0.010183639857631982
2026-07-28,2025-07-21,2.2877783064115583e-05,3.1508218766392795e-05,0.0031165593185123615,2026-07-24,250,49141,184,100.0,2.1730497985144156e-05,2.2508625797404753e-05,2.1730497985144156e-05,2.2508625797404753e-05,0.0046615982221920585,0.00474432564200696,-0.017746578720806205,-7.781278122605972e-07,0.03883602378519813,0.1793478260869565,0.1358695652173913,1.0,2.0334404093865678e-05,1.1557313871286776e-05,0.010181435278518176
2026-07-29,2025-07-22,4.688458381685685e-06,2.13148755630618e-05,0.0030875088214537753,2026-07-27,250,49200,197,100.0,1.672159629558126e-05,1.2432731015909491e-05,1.672159629558126e-05,1.2432731015909491e-05,0.004089204848816119,0.0035260078014532938,0.13772776571119405,4.288865279671768e-06,0.03825871211709033,0.29949238578680204,0.29949238578680204,1.0,2.5124046045801434e-05,6.23054387522555e-06,0.010157110655184516
2026-07-30,2025-07-23,1.067535468082278e-05,1.5250923950970442e-05,0.0031047635944291664,2026-07-28,250,49309,152,100.0,1.4665352734118821e-05,1.5281539958423376e-05,1.4665352734118821e-05,1.5281539958423376e-05,0.003829536882459656,0.003909161029993952,-0.02079210880537463,-6.161872243045553e-07,0.03758476032727121,0.21710526315789475,0.2631578947368421,1.0,1.88710263578633e-05,1.5313810885198087e-05,0.010315845968250487
2026-07-31,2025-07-24,0.0002037993180928199,0.00015173913605721637,0.0031490867648381955,2026-07-29,250,49328,176,100.0,0.00011223125242750177,8.756949545105441e-05,0.00011223125242750177,8.756949545105441e-05,0.010593925260615243,0.009357857417756183,0.11667704013868752,2.466175697644736e-05,0.03748844441099159,0.03977272727272727,0.0,1.0,4.263952252185996e-05,3.880056859037133e-05,0.010145744178834822
2026-08-03,2025-07-25,1.5144040305154206e-05,1.5144040305154206e-05,0.003399048266485385,2026-07-30,250,49292,212,1.0,1.0272859182690821e-05,1.4483382338398312e-05,1.0272859182690821e-05,1.4483382338398312e-05,0.0032051301350632896,0.003805703921536502,-0.18737890855135375,-4.210523155707491e-06,0.03758476032727121,0.24056603773584906,0.25471698113207547,0.4528301886792453,4.386848659714234e-06,1.3685087295234941e-05,0.010073219281688821
2026-08-04,2025-07-28,2.5051317006029873e-05,2.5051317006029873e-05,0.003460549733043306,2026-07-31,250,49285,123,100.0,1.184587025841355e-05,1.392280298065421e-05,1.184587025841355e-05,1.392280298065421e-05,0.0034417830057128164,0.0037313272411642227,-0.08412623194745539,-2.07693272224066e-06,0.038354953876463996,0.2926829268292683,0.24390243902439024,0.6747967479674797,5.481799536670743e-06,8.559663691316542e-06,0.009931760528990193
2026-08-05,2025-07-29,3.0038986637778055e-05,6.225253276917931e-06,0.0033938845432801086,2026-08-03,250,49298,165,100.0,1.725373478181644e-05,8.600347219709869e-06,1.725373478181644e-05,8.600347219709869e-06,0.004153761522020304,0.002932634859594673,0.29398092691457656,8.65338756210657e-06,0.03816246109434891,0.3515151515151515,0.21212121212121213,1.0,6.066639407850013e-06,1.0678554419652813e-05,0.009755872324426639
2026-08-06,2025-07-30,3.6218061381838575e-05,1.7229692833774388e-05,0.0033762057877813507,2026-08-04,250,49346,208,100.0,1.6119376505237763e-05,1.370713009540122e-05,1.6119376505237763e-05,1.370713009540122e-05,0.004014894333010243,0.0037023141540665104,0.07785514462328824,2.4122464098365438e-06,0.03816246109434891,0.3557692307692308,0.16346153846153846,1.0,5.251198757149917e-06,1.1802336910947579e-05,0.009775389391912076
2026-08-07,2025-07-31,3.653191824335544e-05,1.5202462377699225e-05,0.0033609679587721254,2026-08-05,250,49339,263,0.01,1.8296557681034828e-05,1.3736681330792842e-05,1.8296557681034828e-05,1.3736681330792842e-05,0.00427744756613507,0.003706302919459342,0.13352464006748566,4.559876350241986e-06,0.03825871211709034,0.2661596958174905,0.20912547528517111,1.0,5.5906290311598235e-06,1.271536292391614e-05,0.009791033881544708
2026-08-10,2025-08-01,4.919781289730533e-05,2.0426589642333946e-05,0.0033510994797816994,2026-08-06,250,49425,252,0.01,2.0661601705809565e-05,1.3708294111543025e-05,2.0661601705809565e-05,1.3708294111543025e-05,0.004545503460103134,0.0037024713518868753,0.18546506797667928,6.9533075942665395e-06,0.03796993125162867,0.34523809523809523,0.24206349206349206,1.0,3.6843621361855046e-06,9.711333479300324e-06,0.009731522385743476
2026-08-11,2025-08-04,6.119926037081601e-05,2.6237352649687897e-05,0.0042820995263738405,2026-08-07,250,49516,81,0.01,3.5672769735140874e-05,2.0954165385886094e-05,3.5672769735140874e-05,2.0954165385886094e-05,0.005972668560630238,0.004577571996799842,0.2335801073956102,1.471860434925478e-05,0.03816246109434891,0.2716049382716049,0.19753086419753085,1.0,1.0768876432043189e-05,1.5799836348030675e-05,0.009734417810434265
2026-08-12,2025-08-05,7.882355018038836e-05,1.8870928952959282e-05,0.003476435669541831,2026-08-10,250,49585,222,0.01,4.0500554626998796e-05,1.526820021557153e-05,4.0500554626998796e-05,1.526820021557153e-05,0.006364004606142173,0.003907454441906076,0.38600697458093847,2.5232354411427267e-05,0.03816246109434892,0.35585585585585583,0.22522522522522523,1.0,3.534125287888516e-06,1.1793001698976272e-05,0.009765621106727575
2026-08-13,2025-08-06,4.8213985360109046e-05,2.4191463037114398e-05,0.0035070306038047982,2026-08-11,250,49597,208,0.01,2.1085522016176225e-05,1.711731206955578e-05,2.1085522016176225e-05,1.711731206955578e-05,0.004591897430929422,0.004137307345309964,0.09899831005751514,3.9682099466204455e-06,0.03796993125162867,0.40384615384615385,0.25,1.0,4.130232426218219e-06,1.2695967714831641e-05,0.009741222540097603
2026-08-14,2025-08-07,7.079788382577513e-05,7.987264352721518e-06,0.003472449714997051,2026-08-12,250,49649,178,0.01,2.605389204101082e-05,9.79965565887342e-06,2.605389204101082e-05,9.79965565887342e-06,0.00510430132741111,0.0031304401701475497,0.3867054530388977,1.62542363821374e-05,0.03796993125162867,0.3089887640449438,0.24719101123595505,1.0,3.302709777571342e-06,1.072121056030659e-05,0.009673724739034302
2026-08-17,2025-08-08,6.375638311900983e-05,1.709048143017083e-05,0.003464844899159938,2026-08-13,250,49687,152,0.01,4.662131441639264e-05,1.4918997193713075e-05,4.662131441639264e-05,1.4918997193713075e-05,0.006827980258934017,0.0038625117726310007,0.43431122730955063,3.1702317222679564e-05,0.037873652428081515,0.4144736842105263,0.20394736842105263,1.0,3.185907705107219e-06,9.414537152459695e-06,0.009692914187082976
2026-08-18,2025-08-11,7.130893978367848e-05,1.084765019375956e-05,0.003468699892012174,2026-08-14,250,49707,157,0.01,2.323310905822054e-05,1.042068744443175e-05,2.323310905822054e-05,1.042068744443175e-05,0.004820073553196106,0.003228108957955377,0.3302780710026978,1.281242161378879e-05,0.03796993125162867,0.27388535031847133,0.18471337579617833,1.0,6.2407895776707495e-06,1.0269778196824505e-05,0.00973895324006367
2026-08-19,2025-08-12,4.838251820373805e-05,5.5878950243661334e-06,0.003419023965422701,2026-08-17,250,49664,264,0.01,2.676533348712328e-05,9.387737010148227e-06,2.676533348712328e-05,9.387737010148227e-06,0.00517352234818052,0.003063941417545092,0.4077649208140268,1.7377596476975054e-05,0.03787365242808151,0.3977272727272727,0.23484848484848486,1.0,5.473219217374907e-06,1.3130438514941117e-05,0.009805195126718354
2026-08-20,2025-08-13,0.00013887811366144497,9.641210789105197e-05,0.0033456427737272353,2026-08-18,250,49786,198,0.01,7.317285469338728e-05,5.52871431700824e-05,7.317285469338728e-05,5.52871431700824e-05,0.008554113320116076,0.0074355324738772,0.13076525928273497,1.7885711523304884e-05,0.03787365242808151,0.030303030303030304,0.030303030303030304,1.0,1.6145648796582508e-05,1.9593777563203146e-05,0.009784668296361793
2026-08-21,2025-08-14,7.049047716310955e-05,1.0057886579027676e-05,0.003405075489881144,2026-08-19,250,49883,174,0.01,4.525466155691489e-05,1.1577815341285121e-05,4.525466155691489e-05,1.1577815341285121e-05,0.0067271585054103555,0.0034026188945112737,0.494196711468193,3.367684621562977e-05,0.03796993125162867,0.08620689655172414,0.05747126436781609,1.0,6.852333460531742e-06,1.3890750414285582e-05,0.00986755441909258
2026-08-24,2025-08-15,5.21101807041794e-05,8.682447248821018e-06,0.0034265395183449157,2026-08-20,250,49933,278,0.01,2.684540863316967e-05,8.724892335706985e-06,2.684540863316967e-05,8.724892335706985e-06,0.00518125550741996,0.0029537928728512746,0.42990789228185833,1.8120516297462685e-05,0.03806620080645634,0.22661870503597123,0.17985611510791366,1.0,4.971881135449851e-06,8.761640095494163e-06,0.009827348116805098
2026-08-25,2025-08-18,6.165300125252136e-05,2.1956591576588878e-05,0.003415608687246247,2026-08-21,250,49907,161,0.01,3.162574242164247e-05,1.6284622876195496e-05,3.162574242164247e-05,1.6284622876195496e-05,0.005623676948549096,0.004035421028368106,0.28242303651363887,1.5341119545446975e-05,0.03796993125162867,0.3416149068322981,0.2422360248447205,1.0,5.439179487736448e-06,1.1338138544457078e-05,0.009856310005632179
2026-08-26,2025-08-19,5.909500608359334e-05,1.4018932430285124e-05,0.0034204582123265586,2026-08-24,250,49992,250,0.01,2.9276929946120183e-05,1.1214950123448937e-05,2.9276929946120183e-05,1.1214950123448937e-05,0.005410816014809613,0.0033488729631696895,0.38107801965476296,1.8061979822671246e-05,0.037873652428081515,0.396,0.204,1.0,3.876346569754161e-06,8.826372602810703e-06,0.00982491023749527
2026-08-27,2025-08-20,8.559087958284594e-05,3.5317506326650746e-05,0.0033817195724996016,2026-08-25,250,50070,224,0.01,4.8903529816523095e-05,2.717700527715588e-05,4.8903529816523095e-05,2.717700527715588e-05,0.006993105877685758,0.005213156939624576,0.25452909897171805,2.1726524539367215e-05,0.03777736433402994,0.049107142857142856,0.10714285714285714,1.0,1.0882094604152163e-05,1.874048600767938e-05,0.009822730002088553
2026-08-28,2025-08-21,5.999704217086661e-05,6.0097999289412274e-06,0.003369572127916588,2026-08-26,250,50110,125,0.01,3.30835005956729e-05,9.570316712171908e-06,3.30835005956729e-05,9.570316712171908e-06,0.005751825848865115,0.0030935928484808577,0.4621546392801078,2.3513183883500993e-05,0.03768106696768848,0.328,0.2,1.0,3.927163889213056e-06,1.342754322733848e-05,0.00975878225911036
2026-08-31,2025-08-22,4.7346565104542835e-05,1.597046209049618e-05,0.0033156083828589306,2026-08-27,250,50120,187,0.01,2.8622593591690153e-05,1.5267274243440387e-05,2.8622593591690153e-05,1.5267274243440387e-05,0.00535000874687978,0.003907335952210968,0.2696580254210247,1.3355319348249766e-05,0.03825871211709033,0.48663101604278075,0.3048128342245989,1.0,5.6634380461684156e-06,1.4405032002407684e-05,0.009780980048092549
2026-09-01,2025-08-25,4.201762903736753e-05,4.8171891252639715e-06,0.0033454315922360747,2026-08-28,250,50003,161,0.01,1.809658594363659e-05,8.257485696486655e-06,1.809658594363659e-05,8.257485696486655e-06,0.004254008220917842,0.0028735841203080615,0.32449963162317097,9.839100247149933e-06,0.03835495387646399,0.3105590062111801,0.2484472049689441,1.0,5.338696293646758e-06,1.0092310534472085e-05,0.009810308324098821
2026-09-02,2025-08-27,4.3529929499531254e-05,9.641543127938384e-06,0.003260234367791345,2026-08-31,250,49951,191,0.01,2.8052179220979327e-05,1.4936023929599715e-05,2.8052179220979327e-05,1.4936023929599715e-05,0.005296430800169047,0.0038647152456034476,0.2703170509694761,1.3116155291379612e-05,0.038451186374252724,0.20418848167539266,0.12041884816753927,1.0,1.590142199295725e-05,1.90924387645488e-05,0.009878176113838639
2026-09-03,2025-08-28,5.440763322243488e-05,1.1466777478081437e-05,0.0032619399310684395,2026-09-01,250,50031,139,0.01,3.6541840853718625e-05,1.9190937783942417e-05,3.6541840853718625e-05,1.9190937783942417e-05,0.006044984768692029,0.004380746258794547,0.27530896661921256,1.7350903069776208e-05,0.03845118637425273,0.10071942446043165,0.07913669064748201,1.0,2.0389206657345012e-05,2.6174425183761927e-05,0.009834540488263892
2026-09-04,2025-08-29,7.357513194990398e-05,5.2493441211959987e-05,0.003229639560037781,2026-09-02,250,50022,211,0.01,3.120378189563638e-05,2.975698580370974e-05,3.120378189563638e-05,2.975698580370974e-05,0.0055860345412140425,0.005454996407304934,0.023458167496513416,1.4467960919266394e-06,0.03816246109434891,0.10426540284360189,0.14218009478672985,1.0,3.1786369778530724e-06,1.4718700336835555e-05,0.009732655172859789
