evaluated_session,train_start,baseline_loss_AAPL,model_loss_AAPL,q_effective_AAPL,train_end,train_sessions,train_rows,evaluation_rows,alpha,baseline_loss,model_loss,baseline_mse,model_mse,baseline_rmse,model_rmse,rho,d,r_effective,model_within_spread,baseline_within_spread,learned_coverage,baseline_loss_SPY,model_loss_SPY,q_effective_SPY
2020-11-16,2020-01-08,7.377423700914242e-07,1.4196879080593555e-06,0.006770920677511319,2020-11-11,120,11060,98,100.0,7.377423700914242e-07,1.4196879080593555e-06,7.377423700914242e-07,1.4196879080593555e-06,0.0008589193035969236,0.0011915065707159803,-0.3872159651392981,-6.819455379679313e-07,0.0008995952428360928,0.23469387755102042,0.3673469387755102,1.0,,,
2020-11-18,2020-01-08,4.632687941068846e-07,1.3944917896135343e-06,0.006763548035848898,2020-11-13,121,11168,82,100.0,3.6073783550357826e-07,9.323091184261926e-07,3.6073783550357826e-07,9.323091184261926e-07,0.0006006145481950785,0.0009655615560005444,-0.6076226573301915,-5.715712829226143e-07,0.0008995952428360928,0.4024390243902439,0.5,1.0,2.530803289701067e-07,4.470173136794838e-07,0.01575347179856913
2020-11-20,2020-01-08,3.678195447813496e-07,1.5836266107726916e-06,0.006806304787592717,2020-11-16,122,11266,145,100.0,1.0742419195430707e-06,2.219712782535525e-06,1.0742419195430707e-06,2.219712782535525e-06,0.0010364564243339276,0.0014898700555872398,-0.4374652137881201,-1.1454708629924542e-06,0.0006997551142733421,0.13793103448275862,0.3310344827586207,1.0,2.9286006532925884e-06,3.8894389834129625e-06,0.015878520319749567
2020-11-23,2020-01-08,8.40939203326205e-07,9.252320958230559e-07,0.0068817112664053175,2020-11-18,123,11348,144,100.0,1.5327678803363186e-06,1.451562270508485e-06,1.5327678803363186e-06,1.451562270508485e-06,0.001238050031435046,0.001204807980762281,0.0268503290082982,8.120560982783355e-08,0.0006997551142733421,0.2013888888888889,0.2847222222222222,1.0,3.3953835492097013e-06,2.868605048507717e-06,0.015988002701713893
2020-11-25,2020-01-08,1.5913675928631456e-07,2.768840251474989e-07,0.007011374489884519,2020-11-20,124,11493,80,100.0,1.5637577470115873e-07,4.5411990891756377e-07,1.5637577470115873e-07,4.5411990891756377e-07,0.00039544376932903964,0.000673884195479879,-0.7041214143373073,-2.9774413421640504e-07,0.000899595242836093,0.375,0.525,1.0,1.5347320116291792e-07,6.404448123681446e-07,0.015640705357634493
2020-11-27,2020-01-08,2.856103443926308e-07,6.769111270981561e-07,0.006959407049900885,2020-11-23,125,11638,140,100.0,2.5810709462752237e-07,6.028743051433474e-07,2.5810709462752237e-07,6.028743051433474e-07,0.0005080424142013365,0.0007764498085152364,-0.5283169019182135,-3.44767210515825e-07,0.0008995952428360928,0.32857142857142857,0.42142857142857143,1.0,1.8428258210012597e-07,4.0414388831728175e-07,0.01566485689075167
2020-11-30,2020-01-08,1.78470200170437e-05,1.389697987203622e-05,0.006925979929668066,2020-11-25,126,11718,67,100.0,8.608752503006025e-06,6.952597684671624e-06,8.608752503006025e-06,6.952597684671624e-06,0.0029340675696046987,0.0026367778982446786,0.10132338956327225,1.6561548183344007e-06,0.000899595242836093,0.23880597014925373,0.26865671641791045,1.0,1.118265329461965e-06,1.3220175327543848e-06,0.015621351774960815
2020-12-02,2020-01-08,6.06845563728703e-06,6.57721846935408e-06,0.006580019556714471,2020-11-27,127,11859,88,100.0,3.965409585004032e-06,4.006887868087908e-06,3.965409585004032e-06,4.006887868087908e-06,0.0019913336197141937,0.0020017212263669253,-0.005216407009802193,-4.147828308387536e-08,0.0008995952428360929,0.056818181818181816,0.14772727272727273,1.0,1.3231209552125752e-06,7.774981382919465e-07,0.015521056226435717
2020-12-04,2020-01-08,2.7205617758274447e-06,4.487016627295896e-06,0.006568244672197819,2020-11-30,128,11926,66,0.01,2.7205617758274447e-06,4.487016627295896e-06,2.7205617758274447e-06,4.487016627295896e-06,0.0016494125547683468,0.0021182579227506495,-0.2842499086277115,-1.7664548514684517e-06,0.0007996801705643322,0.16666666666666666,0.21212121212121213,1.0,,,
2020-12-07,2020-01-08,1.1142633861890987e-06,1.2475713051968114e-06,0.006605316973415134,2020-12-02,129,12014,123,0.01,9.74199096179815e-07,1.0555269782081968e-06,9.74199096179815e-07,1.0555269782081968e-06,0.000987015246173946,0.0010273884261603286,-0.04090431241349579,-8.132788202838184e-08,0.0008995952428360928,0.5772357723577236,0.4715447154471545,1.0,5.922055779726776e-07,5.317697227847015e-07,0.01536032715965932
2020-12-09,2020-01-08,8.801088616211809e-06,8.301935565581687e-06,0.006492201318539958,2020-12-04,130,12080,56,0.01,3.4746353156795212e-06,3.472581116952576e-06,3.4746353156795212e-06,3.472581116952576e-06,0.001864037369711112,0.001863486280323141,0.00029564288620265167,2.0541987269453044e-09,0.0008995952428360929,0.5714285714285714,0.7321428571428571,1.0,2.8106709452747377e-08,3.477047090160923e-07,0.015347048653321446
2020-12-11,2020-01-08,8.960853010200138e-07,1.2757132551217187e-06,0.006552255761116521,2020-12-07,131,12203,71,0.01,8.960853010200138e-07,1.2757132551217187e-06,8.960853010200138e-07,1.2757132551217187e-06,0.0009466178220485889,0.0011294747695817374,-0.19316871420973802,-3.7962795410170484e-07,0.0007996801705643321,0.49295774647887325,0.49295774647887325,1.0,,,
2020-12-18,2020-01-08,1.2661745161348959e-06,1.3705263584592646e-06,0.0062742812742812735,2020-12-09,132,12259,129,100.0,3.067405035618117e-06,3.030329168458589e-06,3.067405035618117e-06,3.030329168458589e-06,0.0017514008780453768,0.0017407840671543927,0.006061896521847632,3.707586715952791e-08,0.0007996801705643321,0.4186046511627907,0.3488372093023256,1.0,9.278544757974051e-06,8.753787133973502e-06,0.015261704814098432
2020-12-21,2020-01-08,1.7336630851338999e-06,2.4448604189804316e-06,0.0063755872251391585,2020-12-11,133,12330,138,0.01,2.2671566513699705e-06,2.452386961631666e-06,2.2671566513699705e-06,2.452386961631666e-06,0.0015057080232800683,0.0015660098855472355,-0.04004884169761169,-1.8523031026169547e-07,0.0007996801705643322,0.3333333333333333,0.2753623188405797,1.0,3.8990193245626565e-06,2.4754093273883817e-06,0.015415312313776477
2020-12-23,2020-01-08,2.154434977360916e-06,5.118257050964425e-07,0.006122990597512892,2020-12-18,134,12459,64,0.01,2.4152229116047963e-06,2.506739493902762e-06,2.4152229116047963e-06,2.506739493902762e-06,0.0015540987457702926,0.0015832686107867995,-0.018769634230705767,-9.151658229796555e-08,0.0008995952428360929,0.25,0.15625,1.0,2.64532991240822e-06,4.266957542849513e-06,0.015496745997168064
2020-12-28,2020-01-08,1.3082507621481936e-06,6.438143022059913e-07,0.006118814882170188,2020-12-21,135,12597,140,0.01,1.1533761511168544e-06,6.939709259529984e-07,1.1533761511168544e-06,6.939709259529984e-07,0.0010739535144115198,0.0008330491737904782,0.22431542649501623,4.59405225163856e-07,0.0008995952428360928,0.35,0.22857142857142856,1.0,6.30674338886085e-07,8.632495310991472e-07,0.015422831978319783
2020-12-30,2020-01-08,2.236362021545837e-06,1.5382400610844772e-06,0.005987246978571956,2020-12-23,136,12661,59,0.01,1.4930004547281835e-06,1.0132400784662264e-06,1.4930004547281835e-06,1.0132400784662264e-06,0.0012218839776051503,0.0010065982706453586,0.17619161140139028,4.797603762619571e-07,0.0009995003330835331,0.2711864406779661,0.23728813559322035,1.0,7.744176068044519e-07,5.057400952685842e-07,0.015320694018198463
2021-01-04,2020-01-08,7.728634604243652e-06,6.7792926694665415e-06,0.006085613083126086,2020-12-28,137,12801,106,100.0,6.477457067660691e-06,5.466342905450467e-06,6.477457067660691e-06,5.466342905450467e-06,0.0025450848841759074,0.0023380211516259787,0.08135828153997915,1.0111141622102241e-06,0.0008995952428360928,0.4056603773584906,0.39622641509433965,1.0,3.3078073083171886e-06,2.140203503276413e-06,0.015221528297849573
2021-01-06,2020-01-08,4.979021946375062e-06,6.885353382432616e-06,0.0061636516296465944,2020-12-30,138,12861,61,0.01,2.8889056679982414e-06,3.877672853646028e-06,2.8889056679982414e-06,3.877672853646028e-06,0.0016996781071715436,0.0019691807569763697,-0.15856099379505983,-9.887671856477863e-07,0.000899595242836093,0.09836065573770492,0.11475409836065574,1.0,9.947377907192492e-07,1.1519623744331814e-06,0.015326057684539358
2021-01-08,2020-01-08,2.8170405022168998e-06,2.979487283679003e-06,0.006167888787045525,2021-01-04,139,12967,74,100.0,2.8170405022168998e-06,2.979487283679003e-06,2.8170405022168998e-06,2.979487283679003e-06,0.001678404153419819,0.0017261191394799499,-0.02842878216364597,-1.6244678146210316e-07,0.0008995952428360928,0.4594594594594595,0.33783783783783783,1.0,,,
2021-01-11,2020-01-08,5.730649473328076e-06,6.3454237981726876e-06,0.0061151079136690665,2021-01-06,140,13028,161,100.0,4.712070041546526e-06,5.080912499258908e-06,4.712070041546526e-06,5.080912499258908e-06,0.002170730301430034,0.002254087952866726,-0.038400740700849756,-3.6884245771238174e-07,0.0007996801705643322,0.30434782608695654,0.2981366459627329,1.0,9.073762816566249e-07,3.575908827280252e-07,0.01492688716361538
2021-01-15,2020-01-08,8.240816406306592e-07,1.9644716629716653e-06,0.0062640601970366935,2021-01-08,141,13102,170,0.01,1.514704219194956e-06,2.4469852447520033e-06,1.514704219194956e-06,2.4469852447520033e-06,0.0012307332039052802,0.001564284259574328,-0.27101816592795736,-9.322810255570472e-07,0.0008995952428360928,0.17647058823529413,0.43529411764705883,1.0,4.3818343180830985e-06,4.450147690324921e-06,0.015037322306188237
2021-01-20,2020-01-08,6.141749322738351e-07,4.44360645451136e-07,0.0063169834937025745,2021-01-11,142,13263,82,100.0,3.293352682887706e-06,2.7966608919887496e-06,3.293352682887706e-06,2.7966608919887496e-06,0.0018147596763449716,0.0016723220060708252,0.07848844788144282,4.966917908989564e-07,0.0008995952428360928,0.3170731707317073,0.15853658536585366,1.0,6.247317895103e-06,5.390222702273809e-06,0.015029776838769307
2021-01-22,2020-01-08,3.3086268579535227e-06,5.11865600828787e-06,0.005899758895302112,2021-01-15,143,13433,162,100.0,2.461196478325489e-06,3.87922360851192e-06,2.461196478325489e-06,3.87922360851192e-06,0.001568820091127561,0.0019695744739694205,-0.2554495477896541,-1.4180271301864309e-06,0.0008995952428360929,0.25308641975308643,0.38271604938271603,1.0,3.996682224539167e-08,3.3798818058062874e-07,0.014811120653758069
2021-01-25,2020-01-08,1.662342226665343e-05,2.019035922778996e-05,0.005806428417343786,2021-01-20,144,13515,165,100.0,1.2498901214182712e-05,1.5002472991569773e-05,1.2498901214182712e-05,1.5002472991569773e-05,0.003535378510737247,0.003873302594888472,-0.0955835656988131,-2.5035717773870607e-06,0.0007996801705643323,0.13333333333333333,0.11515151515151516,1.0,7.967717164750915e-07,2.8335390275899613e-07,0.014863730150438778
2021-01-27,2020-01-08,1.487385142248365e-05,2.4280115406393722e-05,0.005640542050852193,2021-01-22,145,13677,73,0.01,4.153215113259934e-05,4.445117279603709e-05,4.153215113259934e-05,4.445117279603709e-05,0.00644454429208143,0.006667171273938978,-0.034545030923458064,-2.919021663437744e-06,0.0006997551142733421,0.2465753424657534,0.2465753424657534,1.0,6.233862895512867e-05,6.019443710014897e-05,0.014828486932958126
2021-01-29,2020-01-08,2.902750758818797e-05,2.1132272978924364e-05,0.005890291049675396,2021-01-25,146,13842,97,0.01,2.902750758818797e-05,2.1132272978924364e-05,2.902750758818797e-05,2.1132272978924364e-05,0.005387718217222201,0.004596985205428049,0.14676584407598026,7.895234609263608e-06,0.0006997551142733421,0.17525773195876287,0.18556701030927836,1.0,,,
2021-02-01,2020-01-08,1.9973241629576695e-05,1.5552085958526795e-05,0.006119278569263415,2021-01-27,147,13916,170,0.01,1.5076418161459023e-05,1.188721262772377e-05,1.5076418161459023e-05,1.188721262772377e-05,0.003882836355225265,0.003447783726935866,0.11204505894355654,3.189205533735252e-06,0.0005998200719676154,0.09411764705882353,0.12352941176470589,1.0,1.053696411849332e-06,1.3923480895151034e-06,0.0153782392520334
2021-02-03,2020-01-08,1.695154927004304e-05,1.4629867932743037e-05,0.005981924587006445,2021-01-29,148,14013,78,0.01,1.496362250089542e-05,1.4184218014019527e-05,1.496362250089542e-05,1.4184218014019527e-05,0.0038682841804727093,0.0037661941020106127,0.026391566311868342,7.79404486875894e-07,0.0006997551142733423,0.01282051282051282,0.01282051282051282,1.0,1.2521312470228353e-05,1.3636705256730645e-05,0.014915541868693486
2021-02-05,2020-01-08,7.004880558468008e-06,8.386529163219692e-06,0.005877429216100153,2021-02-01,149,14183,109,0.01,5.031573483466728e-06,6.160051991116092e-06,5.031573483466728e-06,6.160051991116092e-06,0.0022431169125720417,0.0024819452030848893,-0.10647161954612439,-1.1284785076493646e-06,0.00039992002132693556,0.045871559633027525,0.045871559633027525,1.0,6.786902297874366e-07,1.2487052879463897e-06,0.014736334446774902
2021-02-08,2020-01-08,6.52795888428308e-07,1.1765677899431661e-06,0.005995905235448963,2021-02-03,150,14261,147,1.0,5.712338012472161e-07,9.612920304853993e-07,5.712338012472161e-07,9.612920304853993e-07,0.0007558001066731971,0.0009804550119640366,-0.2972411664238872,-3.900582292381832e-07,0.00029995500899797546,0.2857142857142857,0.4557823129251701,1.0,3.0015980561593964e-07,2.458167122875277e-07,0.014678561295813883
2021-02-10,2020-01-08,,,,2021-02-05,151,14371,35,1.0,4.138884001572606e-07,3.7971488080074167e-07,4.138884001572606e-07,3.7971488080074167e-07,0.0006433415890157115,0.0006162100946923392,0.04217276604934317,3.417351935651892e-08,0.00039992002132693534,0.2,0.08571428571428572,1.0,4.138884001572606e-07,3.7971488080074167e-07,0.014583023702754645
2021-02-12,2020-01-08,3.402263456124543e-06,5.2311122739313395e-06,0.0060682305927625265,2021-02-08,152,14519,122,0.01,3.402263456124543e-06,5.2311122739313395e-06,3.402263456124543e-06,5.2311122739313395e-06,0.001844522555059857,0.002287162493993669,-0.2399753463136416,-1.8288488178067965e-06,0.0004998750416510477,0.1557377049180328,0.23770491803278687,1.0,,,
2021-02-17,2020-01-08,4.334896983480565e-07,1.6522826060756428e-06,0.006156618364742095,2021-02-10,153,14554,77,0.01,5.192698767857274e-07,1.4740450082650857e-06,5.192698767857274e-07,1.4740450082650857e-06,0.0007206038279011064,0.001214102552614517,-0.6848405539987459,-9.547751314793582e-07,0.0003999200213269353,0.2077922077922078,0.2727272727272727,1.0,6.336434480359556e-07,1.2363948778510096e-06,0.014506818761152179
2021-02-19,2020-01-08,1.7236077400934623e-06,2.5193729443838314e-06,0.006321794772955052,2021-02-12,154,14677,161,100.0,1.4601043963130366e-06,2.197103097721026e-06,1.4601043963130366e-06,2.197103097721026e-06,0.0012083477960889556,0.0014822628301758855,-0.22668559083196693,-7.369987014079895e-07,0.00029995500899797546,0.3105590062111801,0.40372670807453415,1.0,6.358118849999101e-07,1.1889769107245607e-06,0.014565481674856677
2021-02-22,2020-01-08,3.8020089739899024e-06,2.8958456229441575e-06,0.006314006314006316,2021-02-17,155,14754,149,100.0,3.066160445686127e-06,2.3177427189000394e-06,3.066160445686127e-06,2.3177427189000394e-06,0.0017510455293013164,0.00152241345202282,0.13056889352826984,7.484177267860877e-07,0.0003999200213269353,0.3422818791946309,0.28859060402684567,1.0,9.167081656408887e-07,6.290737097185344e-07,0.014591249391072484
2021-02-24,2020-01-08,2.4241211030303333e-06,3.0760899325353667e-06,0.006515175591927539,2021-02-19,156,14916,79,100.0,1.6348262237986544e-06,2.263278799430602e-06,1.6348262237986544e-06,2.263278799430602e-06,0.0012786032315768071,0.001504419755065255,-0.17661188233504221,-6.284525756319478e-07,0.0003999200213269353,0.24050632911392406,0.24050632911392406,1.0,5.901712365802556e-07,1.1874993585566494e-06,0.014686516129032257
2021-02-26,2020-01-08,4.990541967017763e-06,4.179266221391609e-06,0.006777419621456317,2021-02-22,157,15065,112,100.0,4.598436861651779e-06,3.87965222341536e-06,4.598436861651779e-06,3.87965222341536e-06,0.002144396619483387,0.0019696832799755803,0.08147435876386411,7.187846382364189e-07,0.0003999200213269354,0.5625,0.5,1.0,3.7358056298466106e-06,3.220501427867613e-06,0.014885112337509481
2021-03-01,2020-01-08,5.771871421830948e-06,6.0871824262404815e-06,0.006762328880092364,2021-02-24,158,15144,110,0.01,4.7040051190543175e-06,5.0118421596548125e-06,4.7040051190543175e-06,5.0118421596548125e-06,0.0021688718539956014,0.002238714398858151,-0.03220224594361465,-3.0783704060049505e-07,0.00039992002132693556,0.09090909090909091,0.10909090909090909,1.0,2.7599408242558322e-06,3.0541714179219288e-06,0.014962206856662112
2021-03-03,2020-01-08,3.815383311634099e-06,3.647527100773152e-06,0.006553708439897699,2021-02-26,159,15256,43,100.0,3.815383311634099e-06,3.647527100773152e-06,3.815383311634099e-06,3.647527100773152e-06,0.0019533006198826897,0.0019098500204919632,0.022244706702307826,1.6785621086094704e-07,0.00039992002132693534,0.3023255813953488,0.27906976744186046,1.0,,,
2021-03-05,2020-01-08,6.160432064417656e-07,8.668621552400138e-07,0.0068259385665529,2021-03-01,160,15366,78,0.01,6.160432064417656e-07,8.668621552400138e-07,6.160432064417656e-07,8.668621552400138e-07,0.0007848841993834285,0.000931054324537518,-0.1862314533391225,-2.508189487982482e-07,0.0003999200213269353,0.46153846153846156,0.5897435897435898,1.0,,,
2021-03-08,2020-01-08,8.773811824444524e-06,9.122086240147041e-06,0.006753417888321525,2021-03-03,161,15409,139,0.01,7.221447778687837e-06,7.439295881360442e-06,7.221447778687837e-06,7.439295881360442e-06,0.0026872751587226486,0.0027275072651343096,-0.014971338636860843,-2.178481026726052e-07,0.00039992002132693534,0.23741007194244604,0.2158273381294964,1.0,1.5811917457718651e-06,1.3251575777691377e-06,0.014834671428199048
2021-03-10,2020-01-08,1.1016040594420668e-05,6.857966163452785e-06,0.006772102242226535,2021-03-05,162,15487,75,0.01,5.942952231585316e-06,3.86256185581211e-06,5.942952231585316e-06,3.86256185581211e-06,0.002437817103801127,0.0019653401374347674,0.19381149046401291,2.0803903757732055e-06,0.0004998750416510478,0.2,0.26666666666666666,1.0,1.451369597734844e-07,4.392426470799108e-07,0.014699034016065293
2021-03-12,2020-01-08,1.8845454805600098e-06,2.6955848469811678e-06,0.006723515906854707,2021-03-08,163,15626,78,100.0,1.8845454805600098e-06,2.6955848469811678e-06,1.8845454805600098e-06,2.6955848469811678e-06,0.0013727874855781611,0.001641823634554323,-0.1959780022782296,-8.110393664211579e-07,0.0003999200213269353,0.14102564102564102,0.24358974358974358,1.0,,,
2021-03-15,2020-01-08,1.3003032963508978e-06,1.2833610197153232e-06,0.006775179707510533,2021-03-10,164,15701,132,100.0,1.008223543665177e-06,1.1551410941934259e-06,1.008223543665177e-06,1.1551410941934259e-06,0.0010041033530793417,0.0010747749039652097,-0.07038274562985514,-1.4691755052824887e-07,0.00039992002132693534,0.5909090909090909,0.553030303030303,1.0,1.6634660945339258e-07,7.855660147479574e-07,0.014442026594934779
2021-03-22,2020-01-08,7.1907372285034946e-06,8.918882820901286e-06,0.0068339028252354375,2021-03-12,165,15779,120,0.01,6.572719510639059e-06,8.497331774654592e-06,6.572719510639059e-06,8.497331774654592e-06,0.002563731559785279,0.002915018314634505,-0.137021660285934,-1.9246122640155335e-06,9.999500033330834e-05,0.1,0.125,1.0,4.443991815772666e-06,7.045322615360419e-06,0.014283798911369003
2021-03-24,2020-01-08,3.5850080264740055e-07,7.757518402624684e-07,0.00669169250856863,2021-03-15,166,15911,58,0.01,2.051044925995742e-07,5.410606098691445e-07,2.051044925995742e-07,5.410606098691445e-07,0.0004528846349784614,0.0007355682224438087,-0.6241845397974066,-3.3595611726957024e-07,9.999500033330834e-05,0.1896551724137931,0.27586206896551724,1.0,8.046999068571524e-08,3.5037398517456887e-07,0.01428306546854942
2021-03-26,2020-01-08,8.389441971531742e-06,8.300751434297901e-06,0.0067999004892611336,2021-03-22,167,16032,89,100.0,5.796734915394162e-06,5.8336924542688505e-06,5.796734915394162e-06,5.8336924542688505e-06,0.0024076409440350866,0.002415303801650809,-0.0031827244152442535,-3.6957538874688306e-08,0.00019998000266626675,0.33707865168539325,0.43820224719101125,1.0,1.483374002372925e-07,4.590282477769917e-07,0.014275735180908394
2021-03-29,2020-01-08,5.799977961697533e-06,5.388085763254137e-06,0.006765118389571819,2021-03-24,168,16090,69,100.0,5.799977961697533e-06,5.388085763254137e-06,5.799977961697533e-06,5.388085763254137e-06,0.002408314340300604,0.002321225056571236,0.036161925489551106,4.118921984433956e-07,0.00019998000266626678,0.5507246376811594,0.4492753623188406,1.0,,,
2021-03-31,2020-01-08,3.412593150627168e-06,2.83797674270268e-06,0.006839032527105919,2021-03-26,169,16179,57,100.0,1.7879931896795754e-06,1.6055850367148794e-06,1.7879931896795754e-06,1.6055850367148794e-06,0.001337158625474022,0.0012671168204687678,0.0523810740707179,1.8240815296469606e-07,0.00019998000266626675,0.2631578947368421,0.24561403508771928,1.0,2.1941391704052023e-07,4.1568959645079575e-07,0.014093821092898936
2021-04-05,2020-01-08,2.514909237111157e-06,1.9031483797094728e-06,0.006666666666666667,2021-03-29,170,16250,114,100.0,2.162372044498471e-06,1.562942383197078e-06,2.162372044498471e-06,1.562942383197078e-06,0.0014705006101659636,0.0012501769407556188,0.14982902277441323,5.994296613013928e-07,0.00019998000266626672,0.34210526315789475,0.30701754385964913,1.0,9.691692387324558e-07,4.114759334628189e-07,0.013886957389980283
2021-04-07,2020-01-08,8.285181908944493e-07,1.3751835825871536e-06,0.006497107994612153,2021-03-31,171,16307,53,100.0,5.283455488177395e-07,1.1030316757075799e-06,5.283455488177395e-07,1.1030316757075799e-06,0.0007268738190482166,0.0010502531483921292,-0.4448905998118795,-5.746861268898403e-07,0.0001999800026662668,0.1509433962264151,0.18867924528301888,1.0,2.392904120031302e-07,8.409594690828047e-07,0.013698547227420468
2021-04-09,2020-01-08,7.560894474343386e-07,2.903225046521626e-07,0.006290273089904876,2021-04-05,172,16421,53,100.0,7.560894474343386e-07,2.903225046521626e-07,7.560894474343386e-07,2.903225046521626e-07,0.0008695340404114945,0.0005388158355618017,0.3803395720921807,4.65766942782176e-07,9.999500033330834e-05,0.5471698113207547,0.16981132075471697,1.0,,,
2021-04-12,2020-01-08,8.963210820169812e-07,7.092864572549647e-07,0.006165645325012214,2021-04-07,173,16474,119,0.01,8.533789246806505e-07,7.095820770422077e-07,8.533789246806505e-07,7.095820770422077e-07,0.0009237851074144086,0.0008423669491630163,0.08813538732971615,1.4379684763844283e-07,0.00019998000266626667,0.29411764705882354,0.3277310924369748,1.0,6.919164130960473e-07,7.106936074422412e-07,0.013519779338501544
2021-04-16,2020-01-08,1.4773112631230232e-06,2.006735394359207e-06,0.006096654275092936,2021-04-09,174,16527,133,100.0,1.30152036199049e-06,1.7449454320368557e-06,1.30152036199049e-06,1.7449454320368557e-06,0.001140841953116421,0.0013209638269221667,-0.15788503684818878,-4.434250700463657e-07,0.00019998000266626678,0.15789473684210525,0.18045112781954886,1.0,6.423044827434914e-07,7.632330733280389e-07,0.013377387164258061
2021-04-19,2020-01-08,1.1609555867940083e-06,5.764715145936315e-07,0.006112104949314251,2021-04-12,175,16647,136,100.0,1.0627250255489784e-06,5.510764220314494e-07,1.0627250255489784e-06,5.510764220314494e-07,0.0010308855540500015,0.0007423452175581448,0.2798956056356392,5.11648603517529e-07,0.00019998000266626675,0.36764705882352944,0.14705882352941177,1.0,7.300086084287159e-07,4.650607859337357e-07,0.013332823659109427
2021-04-21,2020-01-08,3.211575738227674e-07,1.1082104222289502e-06,0.006160318533543684,2021-04-16,176,16781,67,100.0,7.585371137876375e-07,1.3116439292499957e-06,7.585371137876375e-07,1.3116439292499957e-06,0.0008709403617858329,0.0011452702428902952,-0.31498124686971507,-5.531068154623582e-07,0.0002999550089979755,0.26865671641791045,0.13432835820895522,1.0,1.2369209856242143e-06,1.5341493275542649e-06,0.013497474343110851
2021-04-23,2020-01-08,5.876967132536502e-07,1.1898874101111262e-06,0.0062149461876610575,2021-04-19,177,16918,144,100.0,4.712484017510744e-07,9.412764154955011e-07,4.712484017510744e-07,9.412764154955011e-07,0.0006864753467904542,0.0009701940092040875,-0.4132976715626149,-4.7002801374442674e-07,0.00029995500899797546,0.19444444444444445,0.2708333333333333,1.0,1.3449247389227394e-07,2.2232029593139754e-07,0.01349420040264875
2021-04-26,2020-01-08,8.388764070555667e-07,3.103882799234062e-07,0.006104824300178677,2021-04-21,178,16985,135,100.0,6.311662125863702e-07,2.821370690017426e-07,6.311662125863702e-07,2.821370690017426e-07,0.0007944596985287361,0.0005311657641468835,0.3314125749480408,3.4902914358462766e-07,0.0002999550089979755,0.4,0.22962962962962963,1.0,3.77085141029522e-08,2.0141932351127503e-07,0.013349460095023273
2021-04-28,2020-01-08,4.985069902191003e-06,5.771133500168063e-06,0.006101644467594316,2021-04-23,179,17129,61,100.0,2.1750223185565805e-06,2.740639789098181e-06,2.1750223185565805e-06,2.740639789098181e-06,0.0014747956870551867,0.0016554877798093772,-0.12252008487696986,-5.656174705416007e-07,9.999500033330834e-05,0.29508196721311475,0.3114754098360656,1.0,3.522887507937127e-07,7.749141386744743e-07,0.013324520981030851
2021-04-30,2020-01-08,2.9265820219082983e-05,3.143999716554379e-05,0.006143242433323343,2021-04-26,180,17268,85,100.0,2.9265820219082983e-05,3.143999716554379e-05,2.9265820219082983e-05,3.143999716554379e-05,0.005409789295257532,0.005607138054796207,-0.036479934571884254,-2.1741769464608066e-06,9.999500033330835e-05,0.11764705882352941,0.11764705882352941,1.0,,,
2021-05-03,2020-01-08,4.753178155164772e-07,1.6560235989919712e-06,0.00623763882549825,2021-04-28,181,17330,111,100.0,6.036042992047902e-07,1.6042159799661811e-06,6.036042992047902e-07,1.6042159799661811e-06,0.0007769197508139371,0.0012665764801093463,-0.6302539339261515,-1.000611680761391e-06,9.999500033330834e-05,0.1981981981981982,0.22522522522522523,1.0,9.499778051632357e-07,1.4643354085965465e-06,0.013331545650611069
2021-05-05,2020-01-08,1.1015796733466942e-06,2.5794161921322905e-07,0.006413766132186157,2021-04-30,182,17415,65,0.01,5.592084072665225e-07,2.0273006453600415e-07,5.592084072665225e-07,2.0273006453600415e-07,0.0007478023851703887,0.0004502555546975563,0.3978950005689479,3.5647834273051837e-07,0.00019998000266626675,0.35384615384615387,0.24615384615384617,1.0,1.222982207019398e-07,1.5825408993490628e-07,0.013385433809730042
2021-05-07,2020-01-08,2.276769655317393e-06,3.982168172679793e-06,0.006320332973639586,2021-05-03,183,17526,96,0.01,1.670388358709244e-06,2.9904517330695627e-06,1.670388358709244e-06,2.9904517330695627e-06,0.001292435050093135,0.0017292922636354916,-0.3380109611781854,-1.3200633743603187e-06,0.00019998000266626675,0.15625,0.19791666666666666,1.0,6.597528643623285e-07,1.3375910003858469e-06,0.01327523802705992
2021-05-10,2020-01-08,1.247747626088757e-06,5.030300360421945e-07,0.006412717917210658,2021-05-05,184,17591,115,100.0,1.1750304188469849e-06,5.663051397149107e-07,1.1750304188469849e-06,5.663051397149107e-07,0.001083988200510958,0.0007525324841592626,0.30577428443912735,6.087252791320741e-07,0.00019998000266626672,0.41739130434782606,0.33043478260869563,1.0,1.0154565473997609e-06,7.051588394411493e-07,0.013179318677153419
2021-05-17,2020-01-08,6.173480329499028e-08,1.9046736595981746e-07,0.006551588858375834,2021-05-07,185,17688,57,0.01,6.173480329499028e-08,1.9046736595981746e-07,6.173480329499028e-08,1.9046736595981746e-07,0.00024846489348596165,0.0004364256706013264,-0.7564882687379921,-1.2873256266482718e-07,9.999500033330834e-05,0.38596491228070173,0.6140350877192983,1.0,,,
2021-05-19,2020-01-08,5.525959034293557e-07,8.380462611118428e-08,0.006688025630756909,2021-05-10,186,17803,26,0.01,5.525959034293557e-07,8.380462611118428e-08,5.525959034293557e-07,8.380462611118428e-08,0.0007433679461944507,0.00028949028673028784,0.6105693173719885,4.687912773181714e-07,0.00019998000266626678,0.5769230769230769,0.19230769230769232,1.0,,,
2021-05-21,2020-01-08,2.845077152846385e-06,4.797331567125207e-06,0.006558793496190399,2021-05-17,187,17860,108,0.01,2.0555553452000946e-06,3.505643124692573e-06,2.0555553452000946e-06,3.505643124692573e-06,0.001433720804480459,0.0018723362744690318,-0.3059280918696825,-1.4500877794924786e-06,9.999500033330834e-05,0.1111111111111111,0.14814814814814814,1.0,1.8044105204015365e-07,4.378830739150701e-07,0.0133963927952225
2021-05-24,2020-01-08,1.0714827379418744e-06,2.5840432816833256e-06,0.006657099577453559,2021-05-19,188,17886,102,0.01,8.156781959361348e-07,2.057665837503034e-06,8.156781959361348e-07,2.057665837503034e-06,0.0009031490441428451,0.0014344566349329053,-0.5882834004373112,-1.2419876415668993e-06,9.999500033330834e-05,0.11764705882352941,0.24509803921568626,1.0,2.0174729512236002e-07,7.943599714703336e-07,0.013407369740203403
2021-05-26,2020-01-08,5.799430344753001e-07,1.8235679112852281e-06,0.006579984239558707,2021-05-21,189,17996,24,100.0,5.799430344753001e-07,1.8235679112852281e-06,5.799430344753001e-07,1.8235679112852281e-06,0.000761539909968808,0.0013503954647751258,-0.7732431972349774,-1.2436248768099281e-06,0.00019998000266626675,0.125,0.375,1.0,,,
2021-05-27,2020-01-08,,,,2021-05-24,190,18098,26,100.0,2.1834624367732962e-06,3.1696856235515514e-06,2.1834624367732962e-06,3.1696856235515514e-06,0.0014776543698623492,0.0017803610935851052,-0.20485624371750388,-9.862231867782552e-07,0.00019998000266626678,0.038461538461538464,0.0,1.0,2.1834624367732962e-06,3.1696856235515514e-06,0.01327523802705992
2021-05-28,2020-01-08,1.731996258390112e-06,3.025440382793147e-06,0.006665070242656447,2021-05-26,191,18122,92,100.0,1.6394222295225427e-06,2.7612002664038105e-06,1.6394222295225427e-06,2.7612002664038105e-06,0.0012803992461426017,0.0016616859710558462,-0.29778737066733596,-1.1217780368812678e-06,0.0001999800026662667,0.2717391304347826,0.2826086956521739,1.0,1.3448685013075481e-06,1.9204362597104656e-06,0.013268272555987502
2021-06-02,2020-01-08,7.012287508830701e-07,4.31493775588267e-07,0.006718699710331509,2021-05-27,192,18148,53,100.0,4.783979488009815e-07,3.751570143931284e-07,4.783979488009815e-07,3.751570143931284e-07,0.0006916631758312578,0.0006125006239940726,0.1144524598147727,1.0324093440785305e-07,0.0001999800026662668,0.33962264150943394,0.3018867924528302,1.0,3.6379925058733576e-07,3.4618382292134287e-07,0.013256258488812636
2021-06-04,2020-01-08,7.097519140653944e-08,4.991471374135882e-07,0.0067589444714262585,2021-05-28,193,18240,52,100.0,7.097519140653944e-08,4.991471374135882e-07,7.097519140653944e-08,4.991471374135882e-07,0.00026641169532612386,0.0007065034588829613,-1.6519235877317837,-4.2817194600704876e-07,0.00019998000266626678,0.17307692307692307,0.5192307692307693,1.0,,,
2021-06-07,2020-01-08,1.9015687038566088e-07,1.6100285105794215e-07,0.006632774644530938,2021-06-02,194,18298,103,100.0,1.7339127425901638e-07,2.0967344974259465e-07,1.7339127425901638e-07,2.0967344974259465e-07,0.0004164027788800363,0.00045790113533665175,-0.09965917270828539,-3.628217548357826e-08,0.00019998000266626667,0.4174757281553398,0.4077669902912621,1.0,1.2848342749121845e-07,3.400411247907708e-07,0.013164349266445814
2021-06-09,2020-01-08,1.592373703407039e-07,3.5740559395952985e-07,0.006588290989427174,2021-06-04,195,18350,61,0.01,2.379774918101057e-07,2.3050338754791018e-07,2.379774918101057e-07,2.3050338754791018e-07,0.0004878293675150213,0.00048010768328356316,0.01582865802194733,7.474104262195513e-09,0.00019998000266626678,0.3442622950819672,0.3114754098360656,1.0,3.193422839951542e-07,9.937110758923638e-08,0.013174325092355782
2021-06-11,2020-01-08,3.074829888617471e-06,5.717458957372247e-06,0.006621203711045911,2021-06-07,196,18458,39,0.01,3.074829888617471e-06,5.717458957372247e-06,3.074829888617471e-06,5.717458957372247e-06,0.0017535192866397196,0.0023911208579601843,-0.3636125226442788,-2.642629068754776e-06,0.0002999550089979754,0.0,0.05128205128205128,1.0,,,
2021-06-14,2020-01-08,3.618806690529604e-06,1.829924879573471e-06,0.006556733411857086,2021-06-09,197,18519,61,100.0,3.618806690529604e-06,1.829924879573471e-06,3.618806690529604e-06,1.829924879573471e-06,0.0019023161384295734,0.0013527471602533382,0.2888946621826607,1.788881810956133e-06,0.0002999550089979756,0.22950819672131148,0.18032786885245902,1.0,,,
2021-06-16,2020-01-08,,,,2021-06-11,198,18560,34,0.01,5.2719241564039284e-08,2.436567951449878e-07,5.2719241564039284e-08,2.436567951449878e-07,0.0002296067106250148,0.000493616040202289,-1.1498328113259917,-1.9093755358094854e-07,0.00029995500899797546,0.35294117647058826,0.5588235294117647,1.0,5.2719241564039284e-08,2.436567951449878e-07,0.013106045043347154
2021-06-18,2020-01-08,1.6922607645406222e-07,3.301049214350062e-07,0.006335837316943622,2021-06-14,199,18621,98,0.01,5.819995141532219e-07,5.510374316285694e-07,5.819995141532219e-07,5.510374316285694e-07,0.0007628889264848598,0.0007423189554555167,0.02696325810380118,3.0962082524652514e-08,0.00039992002132693545,0.336734693877551,0.40816326530612246,1.0,1.7250644185508953e-06,1.162850536779975e-06,0.01318400360215181
2021-06-21,2020-01-08,4.809638528592786e-07,1.1832667045801173e-06,0.006400429250344934,2021-06-16,200,18655,107,100.0,5.766464871984194e-07,1.1844183372496583e-06,5.766464871984194e-07,1.1844183372496583e-06,0.0007593724298382312,0.0010883098535112408,-0.43317008986365635,-6.077718500512389e-07,0.0004998750416510477,0.1308411214953271,0.19626168224299065,1.0,8.339997795588671e-07,1.1875158320160097e-06,0.013431232526752145
2021-06-23,2020-01-08,5.915837661085526e-08,1.2499680178817259e-07,0.006232273473652786,2021-06-18,201,18753,55,100.0,4.74536875619313e-07,9.43455484465438e-07,4.74536875619313e-07,9.43455484465438e-07,0.0006888663699291126,0.000971316366826709,-0.4100214631274013,-4.6891860884612495e-07,0.0003999200213269353,0.2,0.32727272727272727,1.0,9.052997634799359e-07,1.7922274516863056e-06,0.01317124861147219
2021-06-25,2020-01-08,6.669290774993409e-07,1.8054040935241637e-06,0.006258901131849188,2021-06-21,202,18860,99,100.0,5.347681974882601e-07,1.470424425267987e-06,5.347681974882601e-07,1.470424425267987e-06,0.0007312784678139101,0.0012126105826966822,-0.658206327777803,-9.356562277797269e-07,0.0004998750416510478,0.16161616161616163,0.26262626262626265,1.0,1.2176544745363253e-07,4.236129619674334e-07,0.013109590684544812
2021-06-28,2020-01-08,1.982269891921155e-07,1.903815394469775e-07,0.006273007287206071,2021-06-23,203,18915,95,100.0,1.7505966534345977e-07,1.626498295067671e-07,1.7505966534345977e-07,1.626498295067671e-07,0.0004184013209150513,0.0004032986852281657,0.036096051642131144,1.240983583669266e-08,0.0005998200719676153,0.30526315789473685,0.21052631578947367,1.0,1.0652299895785327e-07,8.061018760031113e-08,0.013063188861020604
2021-06-30,2020-01-08,1.6620927432696142e-06,1.3941490358846213e-06,0.006124844128218292,2021-06-25,204,19014,48,100.0,1.2238182887425886e-06,9.672217303416671e-07,1.2238182887425886e-06,9.672217303416671e-07,0.0011062632095223037,0.0009834743160559239,0.11099428455132432,2.5659655840092146e-07,0.0003999200213269354,0.25,0.16666666666666666,1.0,7.474330120827777e-07,5.031703112732387e-07,0.01302989712415244
2021-07-02,2020-01-08,1.2188342228860673e-06,9.974591067370943e-07,0.0060829023093174036,2021-06-28,205,19110,103,100.0,1.0986182266962712e-06,8.969602885543179e-07,1.0986182266962712e-06,8.969602885543179e-07,0.0010481499065955553,0.0009470798744320977,0.09642707739367007,2.016579381419533e-07,0.0004998750416510477,0.20388349514563106,0.17475728155339806,1.0,6.560047861792951e-07,5.269419125177304e-07,0.012947255070510883
2021-07-07,2020-01-08,8.734143400660691e-06,7.233364974520926e-06,0.005879453598084777,2021-06-30,206,19160,50,100.0,5.230860788666028e-06,4.145769496550857e-06,5.230860788666028e-06,4.145769496550857e-06,0.0022871075157644047,0.0020361162777579422,0.10974177482975711,1.0850912921151704e-06,0.000499875041651048,0.04,0.06,1.0,1.1183116354549013e-06,5.212008919772993e-07,0.012872489778948098
2021-07-09,2020-01-08,1.03667996150792e-06,9.909822090191127e-07,0.005829377268919295,2021-07-02,207,19263,56,100.0,1.03667996150792e-06,9.909822090191127e-07,1.03667996150792e-06,9.909822090191127e-07,0.0010181748187359182,0.0009954808933470862,0.022288829944750455,4.569775248880719e-08,0.0005998200719676156,0.2857142857142857,0.25,1.0,,,
2021-07-12,2020-01-08,3.7732263733360205e-06,3.878596844388697e-06,0.00575425539246089,2021-07-07,208,19313,108,100.0,2.946750936641362e-06,2.9943613505398813e-06,2.946750936641362e-06,2.9943613505398813e-06,0.0017166103042453643,0.0017304223041037935,-0.00804608933330453,-4.761041389851916e-08,0.0005998200719676153,0.1111111111111111,0.16666666666666666,1.0,2.0285248681509667e-07,5.869951096180973e-08,0.012795938188831742
2021-07-16,2020-01-08,1.3446593826640987e-06,1.2343935920071166e-06,0.0056236530172413795,2021-07-09,209,19369,124,100.0,1.13452637940109e-06,1.048083401607234e-06,1.13452637940109e-06,1.048083401607234e-06,0.0010651414832786722,0.0010237594451858473,0.03885121248441514,8.644297779385608e-08,0.0004998750416510477,0.1774193548387097,0.25,1.0,5.550687037364307e-07,5.343189371711939e-07,0.012818601495112132
2021-07-19,2020-01-08,3.7614612522180834e-06,3.1144731395054636e-06,0.005703941526060525,2021-07-12,210,19478,132,100.0,3.121555760134904e-06,2.5844886574706935e-06,3.121555760134904e-06,2.5844886574706935e-06,0.0017667925062482305,0.001607634491254369,0.09008302583976446,5.370671026642104e-07,0.000499875041651048,0.20454545454545456,0.14393939393939395,1.0,1.415141114579758e-06,1.1711967053779727e-06,0.012919940186395881
2021-07-21,2020-01-08,1.499808282152146e-06,1.4602552463519603e-06,0.0057133082449538145,2021-07-16,211,19602,68,100.0,1.274719327734571e-06,1.4693108686987208e-06,1.274719327734571e-06,1.4693108686987208e-06,0.0011290346884549522,0.0012121513390244308,-0.07361744631887346,-1.9459154096414968e-07,0.000499875041651048,0.14705882352941177,0.14705882352941177,1.0,1.0496303733169966e-06,1.4783664910454814e-06,0.012928332482717022
2021-07-23,2020-01-08,1.343029550360042e-06,1.5299903763117395e-06,0.005688010899182562,2021-07-19,212,19734,134,100.0,1.172918004378507e-06,1.2712953861916272e-06,1.172918004378507e-06,1.2712953861916272e-06,0.0010830133906736827,0.0011275173551620512,-0.04109271858650332,-9.837738181312028e-08,0.000499875041651048,0.11940298507462686,0.12686567164179105,1.0,6.522735757683547e-07,4.795319315815848e-07,0.012797701281403574
2021-07-26,2020-01-08,7.996162035744291e-07,4.852562114568329e-07,0.00562062466343565,2021-07-21,213,19803,133,100.0,6.807405408687008e-07,4.212464588595632e-07,6.807405408687008e-07,4.212464588595632e-07,0.0008250700217973629,0.0006490350212889619,0.21335764948157965,2.5949408200913757e-07,0.000499875041651048,0.23308270676691728,0.20300751879699247,1.0,3.47888685292662e-07,2.4201915158720817e-07,0.012667379642678547
2021-07-28,2020-01-08,2.226217466551467e-06,2.6061975742108744e-06,0.005689173536826326,2021-07-23,214,19939,68,100.0,1.2225997382206377e-06,1.4646914920462133e-06,1.2225997382206377e-06,1.4646914920462133e-06,0.0011057123216373407,0.0012102443935198433,-0.09453821743408941,-2.420917538255755e-07,0.000499875041651048,0.22058823529411764,0.16176470588235295,1.0,2.763315943658555e-07,3.8841432886238976e-07,0.012694214254800572
2021-07-30,2020-01-08,2.208265457488864e-06,3.1922400803428982e-06,0.005733315023345235,2021-07-26,215,20075,89,0.01,2.208265457488864e-06,3.1922400803428982e-06,2.208265457488864e-06,3.1922400803428982e-06,0.0014860233704383197,0.001786684102000938,-0.20232570869591027,-9.839746228540344e-07,0.0005998200719676154,0.16853932584269662,0.1797752808988764,1.0,,,
2021-08-02,2020-01-08,1.6116091218939844e-07,4.18006608933227e-07,0.005724667489373373,2021-07-28,216,20143,86,100.0,1.6116091218939844e-07,4.18006608933227e-07,1.6116091218939844e-07,4.18006608933227e-07,0.0004014485174831244,0.0006465343060760403,-0.6105036584254382,-2.568456967438286e-07,0.0005998200719676153,0.22093023255813954,0.4186046511627907,1.0,,,
2021-08-04,2020-01-08,1.388197207891756e-07,1.7977627138764303e-08,0.005666395222584145,2021-07-30,217,20232,67,100.0,1.8768074111713813e-07,2.836376186911681e-07,1.8768074111713813e-07,2.836376186911681e-07,0.00043322135348703453,0.0005325763970466285,-0.22934013469067716,-9.595687757402996e-08,0.000499875041651048,0.417910447761194,0.34328358208955223,1.0,2.2729778462629686e-07,4.990376118417657e-07,0.012632635158109485
2021-08-06,2020-01-08,1.8939364169745156e-06,3.063900401465115e-06,0.005677954576363389,2021-08-02,218,20318,87,0.01,1.1759946849467468e-06,2.0014520171549953e-06,1.1759946849467468e-06,2.0014520171549953e-06,0.001084432886326649,0.0014147268348182964,-0.3045775839669227,-8.254573322082485e-07,0.0004998750416510478,0.1724137931034483,0.26436781609195403,1.0,1.589105645740746e-07,4.96316806048992e-07,0.012615191506700473
2021-08-09,2020-01-08,3.968669154291668e-07,6.652659326479496e-07,0.005816340495415356,2021-08-04,219,20385,103,100.0,2.843017164209016e-07,4.731917649101158e-07,2.843017164209016e-07,4.731917649101158e-07,0.0005331995090216246,0.0006878893551365043,-0.29011625760631765,-1.888900484892142e-07,0.0005998200719676152,0.23300970873786409,0.5145631067961165,1.0,7.480537382218578e-08,1.1572039717581412e-07,0.01259437953400077
2021-08-11,2020-01-08,,,,2021-08-06,220,20472,34,0.01,1.499639137865641e-07,3.535073381259262e-07,1.499639137865641e-07,3.535073381259262e-07,0.0003872517447172628,0.0005945648308855194,-0.5353444858450369,-2.035434243393621e-07,0.000499875041651048,0.5,0.4117647058823529,1.0,1.499639137865641e-07,3.535073381259262e-07,0.012588973976687448
2021-08-13,2020-01-08,6.686514139699466e-07,3.0254917640462546e-07,0.005708912620055075,2021-08-09,221,20576,41,0.01,6.686514139699466e-07,3.0254917640462546e-07,6.686514139699466e-07,3.0254917640462546e-07,0.0008177110822105486,0.0005500447040056158,0.32733612644864785,3.6610223756532116e-07,0.0005998200719676155,0.24390243902439024,0.024390243902439025,1.0,,,
2021-08-16,2020-01-08,3.0850910099437465e-06,1.6086790966525746e-06,0.0057008718980549955,2021-08-11,222,20610,44,100.0,3.0850910099437465e-06,1.6086790966525746e-06,3.0850910099437465e-06,1.6086790966525746e-06,0.001756442714677523,0.001268337138403104,0.27789438972055147,1.4764119132911719e-06,0.0005998200719676156,0.06818181818181818,0.045454545454545456,1.0,,,
2021-08-18,2020-01-08,2.7499153749522287e-06,2.3466508786296705e-06,0.005659497969238963,2021-08-13,223,20651,62,100.0,2.419520067239718e-06,1.965647052498773e-06,2.419520067239718e-06,1.965647052498773e-06,0.0015554806547301442,0.0014020153538741196,0.09866101541625971,4.5387301474094477e-07,0.0006997551142733422,0.27419354838709675,0.25806451612903225,1.0,2.1646436870043522e-06,1.6717298151977945e-06,0.012550416629132512
2021-08-20,2020-01-08,1.6979262613060772e-06,2.0379074618285544e-06,0.005794137695978188,2021-08-16,224,20695,122,100.0,1.411032849107667e-06,1.7632576365147336e-06,1.411032849107667e-06,1.7632576365147336e-06,0.001187869037018672,0.0013278771164963773,-0.11786491196798865,-3.522247874070667e-07,0.0005998200719676153,0.1721311475409836,0.13934426229508196,1.0,6.978977959287607e-07,1.080556642163236e-06,0.01266968353567044
2021-08-23,2020-01-08,5.278764776769844e-07,1.0561691294093152e-06,0.005735879614009043,2021-08-18,225,20757,124,0.01,6.588375584062853e-07,1.0982341511994458e-06,6.588375584062853e-07,1.0982341511994458e-06,0.0008116880918223979,0.0010479666746607192,-0.2910952929071928,-4.393965927931605e-07,0.0004998750416510477,0.25,0.3467741935483871,1.0,9.91852877975079e-07,1.2051994923229211e-06,0.012569665734391914
2021-08-25,2020-01-08,1.3417059077034646e-06,2.2274769437798448e-06,0.005681058681994386,2021-08-20,226,20881,62,0.01,6.904380238511043e-07,1.2108077066362765e-06,6.904380238511043e-07,1.2108077066362765e-06,0.0008309260038361445,0.0011003670781317826,-0.32426602736189114,-5.203696827851722e-07,0.000499875041651048,0.2903225806451613,0.3387096774193548,1.0,1.540997665609251e-07,3.7355068781216066e-07,0.01244031296738621
2021-08-27,2020-01-08,1.773020941003446e-06,2.3726392278072076e-06,0.0057611495187745694,2021-08-23,227,21005,100,100.0,1.2358037238357057e-06,1.6975011223685158e-06,1.2358037238357057e-06,1.6975011223685158e-06,0.001111667092179896,0.0013028818528049717,-0.17200721508281558,-4.6169739853281003e-07,0.0004998750416510478,0.27,0.36,1.0,1.9297030227479734e-07,3.869389176934074e-07,0.012487982342132388
2021-08-30,2020-01-08,4.091018048699765e-06,2.711843477732475e-06,0.005720053835800807,2021-08-25,228,21067,107,100.0,2.934068027955019e-06,1.947573481065912e-06,2.934068027955019e-06,1.947573481065912e-06,0.001712912148347083,0.0013955549007709843,0.18527351089332889,9.864945468891069e-07,0.0004998750416510477,0.1588785046728972,0.14018691588785046,1.0,2.2246641683452092e-07,1.5631567637865432e-07,0.012377317046085507
2021-09-01,2020-01-08,1.4147626305847515e-07,3.4949331065703655e-07,0.005598366594217216,2021-08-27,229,21167,66,100.0,1.0138741004721875e-07,2.7648165089209473e-07,1.0138741004721875e-07,2.7648165089209473e-07,0.0003184138973839219,0.0005258152250478249,-0.651357649172682,-1.7509424084487597e-07,0.00039992002132693534,0.3181818181818182,0.4393939393939394,1.0,6.365672486015389e-08,2.0776479464273765e-07,0.012341409779431305
2021-09-03,2020-01-08,6.159070583485646e-07,7.099128761295115e-07,0.005532053368044255,2021-08-30,230,21274,52,1.0,6.159070583485646e-07,7.099128761295115e-07,6.159070583485646e-07,7.099128761295115e-07,0.0007847974632658827,0.0008425632772258185,-0.0736060151361182,-9.400581778094691e-08,0.000499875041651048,0.36538461538461536,0.40384615384615385,1.0,,,
2021-09-08,2020-01-08,3.982905900772233e-06,3.1786188324808e-06,0.005424723977279978,2021-09-01,231,21340,49,100.0,2.6627231015956147e-06,2.09629126086889e-06,2.6627231015956147e-06,2.09629126086889e-06,0.0016317852498400685,0.0014478574725672725,0.11271567584694298,5.664318407267247e-07,0.000499875041651048,0.3469387755102041,0.20408163265306123,1.0,3.89074947458104e-07,2.3228266531504688e-07,0.012344143445709476
2021-09-10,2020-01-08,6.661180494849499e-07,6.116279561170077e-07,0.005516972804569352,2021-09-03,232,21396,61,0.01,6.661180494849499e-07,6.116279561170077e-07,6.661180494849499e-07,6.116279561170077e-07,0.0008161605537423075,0.0007820664652809298,0.04177375187400012,5.449009336794214e-08,0.0003999200213269353,0.29508196721311475,0.4098360655737705,1.0,,,
2021-09-13,2020-01-08,1.9897234219555683e-06,2.0931983990227864e-06,0.005705846814794926,2021-09-08,233,21446,118,0.01,1.5393461185387719e-06,1.6525237334604603e-06,1.5393461185387719e-06,1.6525237334604603e-06,0.0012407038802787602,0.0012855052444313328,-0.03610963491345465,-1.1317761492168846e-07,0.0004998750416510477,0.3135593220338983,0.3305084745762712,1.0,2.1823936184950352e-07,3.5987804781097044e-07,0.012510971174568961
2021-09-17,2020-01-08,6.309981029710314e-07,1.0009676389028884e-06,0.005712749512736071,2021-09-10,234,21507,105,100.0,7.115488626871396e-07,9.503441213773953e-07,7.115488626871396e-07,9.503441213773953e-07,0.0008435335575346955,0.0009748559490393415,-0.15568128894415034,-2.387952586902557e-07,0.00039992002132693545,0.12380952380952381,0.1523809523809524,1.0,9.693112937786856e-07,7.883488652958174e-07,0.012462569045329514
2021-09-20,2020-01-08,4.567695021064663e-06,3.666694689343172e-06,0.0058195262221005075,2021-09-13,235,21625,111,0.01,4.5537729968458e-06,3.7823045616742515e-06,4.5537729968458e-06,3.7823045616742515e-06,0.0021339571216043214,0.0019448147885272396,0.08863455182027435,7.714684351715484e-07,0.00039992002132693556,0.08108108108108109,0.07207207207207207,1.0,4.5125041393398824e-06,4.125005254655662e-06,0.012826869053013145
2021-09-22,2020-01-08,3.4790266792544622e-06,3.2248242466698083e-06,0.005926235794464198,2021-09-17,236,21731,62,0.01,4.056959711461316e-06,3.886291421775447e-06,4.056959711461316e-06,3.886291421775447e-06,0.002014189591736914,0.0019713679062456726,0.021260007333428033,1.7066828968586838e-07,0.0002999550089979756,0.12903225806451613,0.11290322580645161,1.0,4.714607644662218e-06,4.638995448619795e-06,0.013056707331134839
2021-09-24,2020-01-08,1.987707240210225e-06,2.782933148675725e-06,0.005789007695974937,2021-09-20,237,21842,110,0.01,1.726150753431211e-06,2.4590826666448922e-06,1.726150753431211e-06,2.4590826666448922e-06,0.001313830564963082,0.0015681462516758098,-0.19356810040408368,-7.329319132136813e-07,0.00029995500899797535,0.05454545454545454,0.12727272727272726,1.0,8.811221038374723e-07,1.4127964939298928e-06,0.012775350873234352
2021-09-27,2020-01-08,4.255869056130381e-08,2.1842013097152783e-07,0.005785461475632999,2021-09-22,238,21904,100,0.01,6.282009072697853e-08,1.8901747471161062e-07,6.282009072697853e-08,1.8901747471161062e-07,0.00025063936388161086,0.00043476139974888594,-0.734609412567153,-1.261973839846321e-07,0.00029995500899797546,0.28,0.55,1.0,1.2360429122400276e-07,1.0080950593185884e-07,0.012754342096370885
2021-09-29,2020-01-08,3.1896045145579063e-06,3.2059256649819683e-06,0.005989711789162142,2021-09-24,239,22014,56,100.0,2.782948758116277e-06,2.8392133606322796e-06,2.782948758116277e-06,2.8392133606322796e-06,0.0016682172394853966,0.0016849965461781457,-0.010058226408165671,-5.6264602516002645e-08,0.00039992002132693534,0.10714285714285714,0.08928571428571429,1.0,2.278695620128657e-06,2.384490103238665e-06,0.013053997971041224
2021-10-01,2020-01-08,3.1846078939728852e-06,3.4780582945864474e-06,0.006007067137809186,2021-09-27,240,22115,108,100.0,2.790095708305696e-06,2.908893471847049e-06,2.790095708305696e-06,2.908893471847049e-06,0.0016703579581352304,0.0017055478509402922,-0.021067276408433644,-1.187977635413528e-07,0.0003999200213269355,0.25925925925925924,0.26851851851851855,1.0,1.6629180349708687e-06,1.2827082640201968e-06,0.01319331686629072
2021-10-04,2020-01-08,3.7987610374470593e-06,3.5667298774798327e-06,0.005958640028040659,2021-09-29,241,22172,104,0.01,2.8349690358971434e-06,2.718621755935582e-06,2.8349690358971434e-06,2.718621755935582e-06,0.0016837366290180728,0.0016488243556957733,0.020734996626319058,1.1634727996156126e-07,0.0003999200213269354,0.09615384615384616,0.10576923076923077,1.0,2.1896217454737376e-07,4.1661399745833066e-07,0.013038365880619015
2021-10-06,2020-01-08,2.215172640508831e-06,1.7461808601486362e-06,0.006023669477712425,2021-10-01,242,22280,57,0.01,1.1951179703122595e-06,9.389155231893135e-07,1.1951179703122595e-06,9.389155231893135e-07,0.0010932145124870323,0.0009689765338692746,0.1136446481442327,2.5620244712294605e-07,0.00039992002132693534,0.2807017543859649,0.19298245614035087,1.0,1.3863277618009527e-07,1.0281928133858672e-07,0.013072685292080348
2021-10-08,2020-01-08,1.4208026326911766e-06,1.9392999482400144e-06,0.005932025961337146,2021-10-04,243,22384,55,100.0,1.4208026326911766e-06,1.9392999482400144e-06,1.4208026326911766e-06,1.9392999482400144e-06,0.0011919742584012361,0.0013925875011072068,-0.16830333481785753,-5.184973155488378e-07,0.0004998750416510478,0.2545454545454545,0.3090909090909091,1.0,,,
2021-10-11,2020-01-08,2.8354741345533706e-06,2.621267586843188e-06,0.0059482155353393976,2021-10-06,244,22441,100,100.0,2.312058367847369e-06,2.1505980210799283e-06,2.312058367847369e-06,2.1505980210799283e-06,0.0015205454178837832,0.001466491739178891,0.035548874811067055,1.6146034676744065e-07,0.0004998750416510478,0.29,0.22,1.0,8.065430978493904e-08,1.4405934598392693e-07,0.012930571415520944
2021-10-15,2020-01-08,3.1337032922290507e-06,3.927959468397757e-06,0.0059126321647189764,2021-10-08,245,22496,118,0.01,2.5566122368707356e-06,3.115185749378312e-06,2.5566122368707356e-06,3.115185749378312e-06,0.00159894097354178,0.00176498888080869,-0.10384867860325131,-5.585735125075765e-07,0.0004998750416510477,0.1271186440677966,0.1271186440677966,1.0,1.242127055221238e-06,1.2638678338340212e-06,0.01279498305084746
2021-10-18,2020-01-08,6.073423305458061e-07,2.580125405921507e-07,0.005868544600938968,2021-10-11,246,22598,127,0.01,4.449872775815996e-07,1.9678754449105776e-07,4.449872775815996e-07,1.9678754449105776e-07,0.0006670736672824071,0.0004436074215914988,0.3349948538686708,2.4819973309054184e-07,0.0004998750416510478,0.6062992125984252,0.3937007874015748,1.0,6.473465353385266e-08,5.339215888586649e-08,0.01269827528203288
2021-10-20,2020-01-08,5.921555157662264e-07,2.507539903963178e-07,0.00571390158644797,2021-10-15,247,22717,63,100.0,4.3800698182799413e-07,3.302149147344127e-07,4.3800698182799413e-07,3.302149147344127e-07,0.0006618209590425451,0.0005746432934737972,0.13172394191756565,1.0779206709358144e-07,0.000499875041651048,0.23809523809523808,0.25396825396825395,1.0,3.146881546774085e-07,3.937836542048886e-07,0.012563864725723415
2021-10-22,2020-01-08,4.254217501501942e-07,3.721296878078644e-07,0.005686379448755686,2021-10-18,248,22844,134,100.0,3.5524409567539223e-07,3.143740091082235e-07,3.5524409567539223e-07,3.143740091082235e-07,0.0005960235697314262,0.0005606906536658369,0.05928107185679021,4.0870086567168724e-08,0.0005998200719676154,0.2537313432835821,0.2537313432835821,1.0,1.6420492516065348e-07,1.5715021709253437e-07,0.012482153486628894
2021-10-25,2020-01-08,2.9683521460934804e-07,1.2852521226291434e-07,0.005716591566346089,2021-10-20,249,22907,125,100.0,2.2932798238512731e-07,1.1165380489395665e-07,2.2932798238512731e-07,1.1165380489395665e-07,0.0004788820130106447,0.00033414638243434066,0.3022365147239031,1.1767417749117067e-07,0.0005998200719676152,0.52,0.336,1.0,5.573795666570259e-08,6.827018594520833e-08,0.01249510063559322
2021-10-27,2020-01-08,6.881582427349183e-07,5.795913759316277e-07,0.005692472542191267,2021-10-22,250,23041,66,100.0,6.800507728041268e-07,5.154241865673661e-07,6.800507728041268e-07,5.154241865673661e-07,0.0008246519100833556,0.0007179304886737755,0.12941390191989344,1.646265862367607e-07,0.0005998200719676154,0.4090909090909091,0.3181818181818182,1.0,6.72420212869264e-07,4.5503153775394343e-07,0.012417273445039042
2021-10-29,2020-01-10,6.986852347206949e-06,8.164508476107484e-06,0.0055712132136068685,2021-10-25,250,23139,116,100.0,4.9159156719201e-06,5.7361909103991114e-06,4.9159156719201e-06,5.7361909103991114e-06,0.002217186431475734,0.002395034636576079,-0.08021346449516709,-8.202752384790113e-07,0.0005998200719676153,0.3103448275862069,0.31896551724137934,1.0,1.2317650911339514e-07,1.1637025833115989e-07,0.012353333915168444
2021-11-01,2020-01-13,2.2523257607303286e-07,6.023727163239124e-07,0.005674232309746329,2021-10-27,250,23170,79,0.01,2.2523257607303286e-07,6.023727163239124e-07,2.2523257607303286e-07,6.023727163239124e-07,0.00047458674241178806,0.0007761267398588406,-0.6353738326415641,-3.771401402508795e-07,0.0004998750416510478,0.45569620253164556,0.5949367088607594,1.0,,,
2021-11-03,2020-01-17,5.746373266276345e-07,6.225946568423783e-07,0.005665911211838423,2021-10-29,250,23216,63,0.01,3.3002535888854015e-07,4.769907601345103e-07,3.3002535888854015e-07,4.769907601345103e-07,0.0005744783363091598,0.0006906451767257268,-0.202212743413271,-1.4696540124597015e-07,0.000499875041651048,0.31746031746031744,0.3968253968253968,1.0,1.2138573934637137e-07,3.5279920117779936e-07,0.012257588222558999
2021-11-05,2020-01-22,4.564397702071198e-07,3.2083600844908054e-07,0.0056306306306306295,2021-11-01,250,23231,77,0.01,7.200759948150521e-07,4.951449363785775e-07,7.200759948150521e-07,4.951449363785775e-07,0.000848572916616511,0.0007036653582339958,0.17076618348874573,2.2493105843647456e-07,0.0003999200213269353,0.5324675324675324,0.36363636363636365,1.0,1.090814435669957e-06,7.402668662794325e-07,0.012126062838662697
2021-11-08,2020-01-24,4.770686935891988e-07,4.797776469635698e-07,0.005717874140666315,2021-11-03,250,23255,99,100.0,4.2357706626311436e-07,3.7575716893371414e-07,4.2357706626311436e-07,3.7575716893371414e-07,0.0006508279851566882,0.0006129903497884074,0.05813768957579668,4.781989732940022e-08,0.0004998750416510478,0.3434343434343434,0.36363636363636365,1.0,3.21313661080894e-07,1.768944903472252e-07,0.012084135487588844
2021-11-10,2020-01-27,5.062698324732222e-07,3.139215589904963e-07,0.005735693919501358,2021-11-05,250,23251,60,100.0,2.424058115198342e-07,1.7322641765747263e-07,2.424058115198342e-07,1.7322641765747263e-07,0.0004923472468896664,0.00041620477851350127,0.1546519633392578,6.917939386236155e-08,0.00039992002132693534,0.48333333333333334,0.45,1.0,2.651706710342583e-08,5.811221111227145e-08,0.012113868800547736
2021-11-12,2020-01-29,1.0774992296036047e-06,1.768776496524053e-06,0.005849732873469939,2021-11-08,250,23273,77,0.01,7.999964653492641e-07,1.2393813737305028e-06,7.999964653492641e-07,1.2393813737305028e-06,0.0008944252150679027,0.0011132750665179306,-0.24468211289572528,-4.393849083812387e-07,0.0004998750416510478,0.22077922077922077,0.3116883116883117,1.0,4.6699314824405625e-07,6.04107226378243e-07,0.012208163529335665
2021-11-15,2020-01-31,4.4739258527647737e-07,4.215036119937585e-07,0.005767051136742452,2021-11-10,250,23296,96,0.01,3.2942686443885376e-07,3.2438945501509353e-07,3.2942686443885376e-07,3.2438945501509353e-07,0.0005739571973926747,0.0005695519774481461,0.007675171536379866,5.037409423760229e-09,0.0004998750416510478,0.4791666666666667,0.46875,1.0,1.1431290291142243e-07,1.4729893346576348e-07,0.012116720525606181
2021-11-19,2020-02-03,2.7336594143643696e-06,1.8245693080194279e-06,0.005479191740039272,2021-11-12,250,23320,112,0.01,1.943535224893415e-06,1.292838275531242e-06,1.943535224893415e-06,1.292838275531242e-06,0.0013941073218706713,0.0011370304637656997,0.18440248757894417,6.506969493621731e-07,0.0004998750416510477,0.3482142857142857,0.3125,1.0,2.7549526934362124e-07,1.7029498472284987e-07,0.012053264641389734
2021-11-22,2020-02-05,1.7492717555296332e-06,1.1200466672448843e-06,0.005387729679227653,2021-11-15,250,23350,128,0.01,1.3114381732771406e-06,8.197484719049104e-07,1.3114381732771406e-06,8.197484719049104e-07,0.0011451804107987268,0.000905399620004841,0.20938254665624823,4.916897013722302e-07,0.0004998750416510477,0.4296875,0.3046875,1.0,1.9253012974299365e-07,5.2319750480532056e-08,0.012074857642517435
2021-11-24,2020-02-07,2.5586021380149864e-06,2.0087667763487462e-06,0.005359023604485473,2021-11-19,250,23426,72,0.01,1.3210773393189852e-06,1.1519179945716396e-06,1.3210773393189852e-06,1.1519179945716396e-06,0.001149381285439686,0.001073274426496616,0.0662155021203048,1.6915934474734555e-07,0.0005998200719676155,0.2638888888888889,0.2916666666666667,1.0,1.5044577298493022e-07,3.4138536316086323e-07,0.012092910997671888
2021-11-26,2020-02-10,1.0141292064051107e-05,9.842468724474773e-06,0.005341484500432259,2021-11-22,250,23503,82,0.01,1.6292224720558428e-05,1.575365244296364e-05,1.6292224720558428e-05,1.575365244296364e-05,0.004036362808340998,0.00396908710448179,0.016667407528427658,5.385722775947894e-07,0.0005998200719676154,0.21951219512195122,0.21951219512195122,1.0,2.6411501026425313e-05,2.547850307660661e-05,0.012060710633946828
2021-11-29,2020-02-12,6.534739310735645e-06,6.145301832614366e-06,0.005516229832281104,2021-11-24,250,23498,115,0.01,8.347904177048136e-06,7.232294519712149e-06,8.347904177048136e-06,7.232294519712149e-06,0.002889273987881408,0.002689292568634389,0.06921511081531517,1.1156096573359864e-06,0.0005998200719676153,0.2608695652173913,0.2608695652173913,1.0,1.2326793744789428e-05,9.617639583065616e-06,0.012335838943721813
2021-12-01,2020-02-14,1.9447839451291172e-05,1.8192441260977154e-05,0.005232909860859044,2021-11-26,250,23563,72,0.01,1.089863544935309e-05,1.0742274779058766e-05,1.089863544935309e-05,1.0742274779058766e-05,0.003301308142138975,0.0032775409652754557,0.007199320948004573,1.5636067029432336e-07,0.000499875041651048,0.20833333333333334,0.20833333333333334,1.0,3.6646936015593287e-06,4.438287755897055e-06,0.012428176310475015
2021-12-03,2020-02-21,9.597336266370877e-07,6.373590029332191e-07,0.0052821201758671225,2021-11-29,250,23648,137,0.01,1.6167237497248245e-06,1.5334079566826891e-06,1.6167237497248245e-06,1.5334079566826891e-06,0.0012715045221016025,0.0012383085062627525,0.026107666360464132,8.331579304213536e-08,0.000499875041651048,0.4744525547445255,0.41605839416058393,1.0,3.267622007740162e-06,3.785018148155716e-06,0.012378181023174463
2021-12-08,2020-02-24,8.329054124461065e-07,5.953151604359165e-07,0.005053160415936442,2021-12-01,250,23648,68,0.01,6.258151342465018e-06,5.0289163148787864e-06,6.258151342465018e-06,5.0289163148787864e-06,0.0025016297372842805,0.0022425245405298883,0.10357455897357204,1.2292350275862316e-06,0.0005998200719676154,0.27941176470588236,0.23529411764705882,1.0,1.1683397272483929e-05,9.462517469321657e-06,0.012090586828393271
2021-12-10,2020-02-26,2.4591961724074324e-06,2.493005622627839e-06,0.004955316223648029,2021-12-03,250,23712,71,0.01,2.4591961724074324e-06,2.493005622627839e-06,2.4591961724074324e-06,2.493005622627839e-06,0.00156818244232214,0.001578925464557412,-0.006850620148102005,-3.380945022040663e-08,0.0005998200719676153,0.5352112676056338,0.5352112676056338,1.0,,,
2021-12-13,2020-02-28,6.836637346832846e-06,6.9582666691778516e-06,0.0048202842017274995,2021-12-08,250,23741,99,0.01,4.832850187715644e-06,4.896894508601265e-06,4.832850187715644e-06,4.896894508601265e-06,0.0021983744421084513,0.002212892791935765,-0.006604129646535117,-6.404432088562079e-08,0.0005998200719676153,0.47474747474747475,0.41414141414141414,1.0,2.2413972174607802e-07,1.5573853927511393e-07,0.012027403662318905
2021-12-17,2020-03-02,3.4442053608649044e-06,4.637178661658382e-06,0.005021479159410195,2021-12-10,250,23750,108,1.0,4.025282855360102e-06,4.771370873632674e-06,4.025282855360102e-06,4.771370873632674e-06,0.0020063107574252058,0.0021843467841972056,-0.08873801135397485,-7.460880182725717e-07,0.0004998750416510477,0.5,0.5462962962962963,1.0,5.7685153388456975e-06,5.173947509555553e-06,0.012138021224139777
2021-12-20,2020-03-04,1.18823690270638e-06,9.777431066830464e-07,0.00505434147481594,2021-12-13,250,23789,123,100.0,9.233265566738232e-07,8.372313733005908e-07,9.233265566738232e-07,8.372313733005908e-07,0.0009608988274911272,0.0009150034826712906,0.04776293144166677,8.609518337323237e-08,0.0004998750416510477,0.5365853658536586,0.5934959349593496,1.0,2.0084379476684994e-07,4.5401755498480313e-07,0.012434407549959772
2021-12-22,2020-03-06,4.079045475433973e-06,3.909842703745601e-06,0.005000289034048209,2021-12-17,250,23859,66,0.01,2.7506999148900373e-06,2.959389725096725e-06,2.7506999148900373e-06,2.959389725096725e-06,0.0016585234140312996,0.0017202876867247307,-0.03724051898869707,-2.086898102066878e-07,0.0006997551142733422,0.13636363636363635,0.18181818181818182,1.0,1.2509549271791433e-06,1.886297652428638e-06,0.01234874746253185
2021-12-27,2020-03-09,5.180346606461675e-07,4.2052231072991214e-07,0.004906966190152031,2021-12-20,250,23946,118,0.01,4.841764900101632e-07,3.9578727967226385e-07,4.841764900101632e-07,3.9578727967226385e-07,0.0006958279169522901,0.000629116268802726,0.09587377356424487,8.83892103378994e-08,0.0006997551142733419,0.3135593220338983,0.2457627118644068,1.0,3.643706554519947e-07,3.082633236221232e-07,0.01215089460263493
2021-12-29,2020-03-13,6.874159650024635e-07,7.349157472097018e-07,0.004824585866473312,2021-12-22,250,23948,66,100.0,6.206595256370509e-07,8.987294803028541e-07,6.206595256370509e-07,8.987294803028541e-07,0.0007878194752841865,0.0009480134388830435,-0.20333841523919038,-2.7806995466580315e-07,0.0005998200719676154,0.2878787878787879,0.24242424242424243,1.0,5.179573112287237e-07,1.1507506081384726e-06,0.011991131754985635
2021-12-31,2020-03-16,2.132091620678506e-06,1.775048402269968e-06,0.004854096520763187,2021-12-27,250,24045,96,100.0,1.6723802140699023e-06,1.5018153394791943e-06,1.6723802140699023e-06,1.5018153394791943e-06,0.0012932054028923256,0.0012254857565386855,0.05236573107580689,1.7056487459070803e-07,0.0004998750416510478,0.4166666666666667,0.375,1.0,3.667998193014689e-07,7.258334411533978e-07,0.01200901167674731
2022-01-03,2020-03-18,1.35314717241869e-06,1.3365567211417879e-06,0.004871318353325449,2021-12-29,250,24098,99,100.0,1.0829939057954724e-06,1.096060309705589e-06,1.0829939057954724e-06,1.096060309705589e-06,0.0010406699312440388,0.0010469289898104785,-0.00601445124772404,-1.3066403910116492e-08,0.0005998200719676153,0.3333333333333333,0.2727272727272727,1.0,2.8334023659074873e-07,3.841909318544401e-07,0.012039352787603168
2022-01-05,2020-03-20,4.448415676078443e-06,5.003411047611079e-06,0.004813578185865332,2021-12-31,250,24152,49,100.0,2.655806065561872e-06,2.9046455649700698e-06,2.655806065561872e-06,2.9046455649700698e-06,0.0016296644027412122,0.0017043020756221797,-0.045799412906989634,-2.4883949940819776e-07,0.0007996801705643321,0.3469387755102041,0.30612244897959184,1.0,7.885043879404441e-07,7.184315205523521e-07,0.01197405716678882
2022-01-07,2020-03-23,3.153526803126557e-06,3.0106986801819623e-06,0.00502906976744186,2022-01-03,250,24161,46,100.0,3.153526803126557e-06,3.0106986801819623e-06,3.153526803126557e-06,3.0106986801819623e-06,0.001775817221204524,0.0017351365018873767,0.02290816804307927,1.4282812294459492e-07,0.0009995003330835331,0.45652173913043476,0.45652173913043476,1.0,,,
2022-01-10,2020-03-25,3.5699583289646877e-06,3.2972964180880576e-06,0.0050241040831736075,2022-01-05,250,24128,100,100.0,2.57622774626456e-06,2.41151369434156e-06,2.57622774626456e-06,2.41151369434156e-06,0.0016050631595873601,0.0015529049212175097,0.03249606600107846,1.6471405192299965e-07,0.0009995003330835331,0.59,0.51,1.0,2.0920533607084755e-08,1.3378669042199464e-07,0.012268469608873827
2022-01-14,2020-03-27,1.9845364768491886e-06,1.765421892483741e-06,0.005023520529647483,2022-01-07,250,24133,50,0.01,1.9845364768491886e-06,1.765421892483741e-06,1.9845364768491886e-06,1.765421892483741e-06,0.0014087357725454368,0.0013286917974021444,0.05681972212479658,2.1911458436544761e-07,0.0011992805754820971,0.64,0.5,1.0,,,
2022-01-21,2020-03-30,4.569403833182979e-06,2.6619713046073177e-06,0.0052580390249832845,2022-01-10,250,24112,124,0.01,3.5051834627562868e-06,2.0698161291868724e-06,3.5051834627562868e-06,2.0698161291868724e-06,0.0018722135195421185,0.0014386855560499913,0.23155903905562747,1.4353673335694143e-06,0.0016985566355814765,0.49193548387096775,0.3870967741935484,1.0,1.5004892766036788e-06,9.543610313018486e-07,0.012799576944599888
2022-01-24,2020-04-01,7.599337480781951e-06,6.513062782976348e-06,0.0053260267224924576,2022-01-14,250,24004,104,100.0,4.937963959653697e-06,3.866883205347656e-06,4.937963959653697e-06,3.866883205347656e-06,0.0022221530009550864,0.001966439219845774,0.11507478602931753,1.0710807543060407e-06,0.001698556635581477,0.6153846153846154,0.5865384615384616,1.0,1.5823190851876375e-06,5.303959118158274e-07,0.013055872414265497
2022-01-26,2020-04-03,6.069423508792831e-06,5.1919564195898975e-06,0.005413693829014898,2022-01-21,250,24041,74,100.0,4.721194137629158e-06,5.477587515063095e-06,4.721194137629158e-06,5.477587515063095e-06,0.0021728309040579203,0.002340424644175303,-0.07713151529849349,-7.563933774339368e-07,0.0018981972830802523,0.40540540540540543,0.22972972972972974,1.0,3.8523352095459005e-06,5.661660887701379e-06,0.013161348309434485
2022-01-28,2020-04-06,1.837768567043531e-05,2.4742067466345405e-05,0.005432734581082781,2022-01-24,250,24075,77,100.0,1.837768567043531e-05,2.4742067466345405e-05,1.837768567043531e-05,2.4742067466345405e-05,0.004286920301385985,0.004974139872012588,-0.1603061224171629,-6.364381795910095e-06,0.001998002662673056,0.11688311688311688,0.12987012987012986,1.0,,,
2022-01-31,2020-04-08,5.546140325397588e-06,1.1649605689210795e-05,0.005078377267656902,2022-01-26,250,24042,97,100.0,3.4927692326218747e-06,9.139392810968318e-06,3.4927692326218747e-06,9.139392810968318e-06,0.001868895190379031,0.0030231428697579475,-0.6176096366029082,-5.646623578346443e-06,0.001898197283080252,0.30927835051546393,0.4742268041237113,1.0,4.390378638785065e-07,5.406255709992324e-06,0.012938592600972961
2022-02-02,2020-04-13,3.2918254092109274e-06,7.904978514026358e-06,0.0049538972567436,2022-01-28,250,24050,69,100.0,4.520936666788568e-06,8.551004908805142e-06,4.520936666788568e-06,8.551004908805142e-06,0.002126249436634509,0.0029242101341738665,-0.3752902570087888,-4.0300682420165734e-06,0.0018981972830802525,0.17391304347826086,0.13043478260869565,1.0,5.647621986234739e-06,9.143195770685694e-06,0.012624375758913788
2022-02-04,2020-04-17,1.3948876906995518e-06,1.1204813996659617e-06,0.005002891844997108,2022-01-31,250,24083,87,100.0,3.807533161553287e-06,3.7344814299814764e-06,3.807533161553287e-06,3.7344814299814764e-06,0.001951290127467796,0.0019324806415541337,0.009639512673633721,7.305173157181046e-08,0.001998002662673056,0.26436781609195403,0.2988505747126437,1.0,7.392035003964552e-06,7.6181386178788125e-06,0.012803875951634573
2022-02-07,2020-04-20,7.11562948433905e-07,2.308588568946855e-06,0.005104704449213995,2022-02-02,250,23989,109,100.0,9.416277920999707e-07,2.6058221851546695e-06,9.416277920999707e-07,2.6058221851546695e-06,0.0009703750780497048,0.0016142559230663115,-0.6635381097283557,-1.6641943930546988e-06,0.0022973590486834905,0.3853211009174312,0.5321100917431193,1.0,1.371485789476041e-06,3.1611797312271617e-06,0.012743951415199465
2022-02-09,2020-04-22,,,,2022-02-04,250,23913,36,100.0,8.615685674561719e-07,3.7356799005777485e-06,8.615685674561719e-07,3.7356799005777485e-06,0.0009282071791664681,0.0019327907027347137,-1.0822837251381352,-2.874111333121577e-06,0.0024968801985871987,0.25,0.3888888888888889,1.0,8.615685674561719e-07,3.7356799005777485e-06,0.012680647092739614
2022-02-11,2020-04-24,9.167669309169019e-06,2.730262800243941e-06,0.005112712061352546,2022-02-07,250,23930,65,100.0,9.167669309169019e-06,2.730262800243941e-06,9.167669309169019e-06,2.730262800243941e-06,0.0030278159305296313,0.0016523506892436425,0.45427637374422225,6.437406508925078e-06,0.003992021269537453,0.36923076923076925,0.2,1.0,,,
2022-02-14,2020-04-27,9.401553244775376e-07,7.143944477112331e-06,0.00521821631878558,2022-02-09,250,23804,103,100.0,6.100015792638384e-07,5.599202013119166e-06,6.100015792638384e-07,5.599202013119166e-06,0.0007810259786100833,0.0023662633017310576,-2.029685780672838,-4.989200433855328e-06,0.0035935355101301717,0.5048543689320388,0.7475728155339806,1.0,1.8447008543284773e-07,3.6082006150835283e-06,0.012982361621940695
2022-02-16,2020-04-29,6.7048041116603705e-06,3.700684697401134e-05,0.005092887319868048,2022-02-11,250,23715,71,100.0,5.141973575089142e-06,2.6813182684386887e-05,5.141973575089142e-06,2.6813182684386887e-05,0.0022675920213056718,0.005178144714507976,-1.2835433648802566,-2.1671209109297745e-05,0.003992021269537454,0.11267605633802817,0.19718309859154928,1.0,3.8596510835435175e-06,1.8449150446746304e-05,0.012818226854965253
2022-02-23,2020-05-01,6.460622243926053e-06,3.000746070061884e-06,0.005355404089581305,2022-02-14,250,23781,63,100.0,3.833440970774199e-06,1.4798611011546153e-06,3.833440970774199e-06,1.4798611011546153e-06,0.0019579175086745096,0.0012164954176463697,0.37867892173356943,2.3535798696195838e-06,0.003693171837617572,0.5079365079365079,0.3333333333333333,1.0,2.1050322384374536e-06,4.792788847682539e-07,0.013311476592871945
2022-02-25,2020-05-04,6.9414574013480495e-06,9.35359389854545e-06,0.0054073983040432575,2022-02-16,250,23769,114,100.0,4.898021799360612e-06,6.666621698111287e-06,4.898021799360612e-06,6.666621698111287e-06,0.0022131474870330293,0.002581980189333622,-0.16665527465368069,-1.768599898750675e-06,0.0031948908965191976,0.13157894736842105,0.2719298245614035,1.0,6.454666276570258e-07,1.0748146863969501e-06,0.01335094793369134
2022-02-28,2020-05-06,2.15812963988886e-06,1.1277101531982797e-06,0.005338186229905976,2022-02-23,250,23702,106,100.0,1.844546828301494e-06,9.630750686809068e-07,1.844546828301494e-06,9.630750686809068e-07,0.0013581409456685613,0.000981363881891374,0.2774211800173024,8.814717596205873e-07,0.003294566949430031,0.660377358490566,0.5188679245283019,1.0,1.3474033465166449e-06,7.020682273728765e-07,0.013062732153055399
2022-03-02,2020-05-08,1.1022938891304024e-06,7.218344381221995e-07,0.0053921568627451,2022-02-25,250,23738,75,0.01,9.450283004411404e-07,9.174778560069512e-07,9.450283004411404e-07,9.174778560069512e-07,0.0009721256608284447,0.0009578506438933741,0.014684333014011286,2.755044443418917e-08,0.0031948908965191976,0.4,0.4266666666666667,1.0,8.074209103380364e-07,1.088665846656109e-06,0.013298783664356481
2022-03-04,2020-05-11,2.035267003932031e-06,1.6269023864358753e-06,0.005293869939240811,2022-02-28,250,23763,60,0.01,2.035267003932031e-06,1.6269023864358753e-06,2.035267003932031e-06,1.6269023864358753e-06,0.0014266278435289392,0.0012755008374892881,0.10593302712066788,4.0836461749615575e-07,0.0037927982386962373,0.4666666666666667,0.38333333333333336,1.0,,,
2022-03-07,2020-05-13,4.311887507943256e-06,4.203669058070102e-06,0.0053931482502911085,2022-03-02,250,23729,115,100.0,3.461922916032353e-06,3.520918045895905e-06,3.461922916032353e-06,3.520918045895905e-06,0.0018606243350102547,0.0018764109480324145,-0.008484578388615382,-5.8995129863551994e-08,0.003394233068015548,0.45217391304347826,0.41739130434782606,1.0,1.8682393061994125e-06,2.2407598980692833e-06,0.013231392738968461
2022-03-09,2020-05-15,8.97423471800579e-06,1.1034585603714297e-05,0.005589430894308943,2022-03-04,250,23749,67,100.0,4.410033267465133e-06,5.109736483249582e-06,4.410033267465133e-06,5.109736483249582e-06,0.0021000079208100936,0.00226047262386643,-0.07641147515026314,-6.997032157844497e-07,0.00359353551013017,0.43283582089552236,0.4626865671641791,1.0,1.5156616159027636e-06,1.3525150897841534e-06,0.013737443843843842
2022-03-11,2020-05-18,2.1479057582008003e-06,1.9955608106894488e-06,0.005551349987383296,2022-03-07,250,23786,56,100.0,2.1479057582008003e-06,1.9955608106894488e-06,2.1479057582008003e-06,1.9955608106894488e-06,0.001465573525347944,0.001412643200064846,0.03611577608877148,1.5234494751135157e-07,0.0038924147153438396,0.35714285714285715,0.3392857142857143,1.0,,,
2022-03-14,2020-05-20,3.504468380246304e-06,3.4913067235905262e-06,0.005687326310347058,2022-03-09,250,23752,127,100.0,2.6173834146530924e-06,2.5691053900035338e-06,2.6173834146530924e-06,2.5691053900035338e-06,0.001617832937806958,0.0016028429087104991,0.009265498770706482,4.827802464955858e-08,0.003992021269537453,0.5196850393700787,0.4251968503937008,1.0,7.566686087746461e-07,6.347318610161833e-07,0.013612519342014429
2022-03-18,2020-05-22,2.421755608001595e-06,7.755636886150666e-06,0.005478769767152286,2022-03-11,250,23727,116,0.01,3.3696212498988733e-06,8.498155839921792e-06,3.3696212498988733e-06,8.498155839921792e-06,0.0018356528130065537,0.0029151596594220687,-0.588077897283543,-5.128534590022919e-06,0.003992021269537453,0.22413793103448276,0.29310344827586204,1.0,5.753646955276872e-06,1.0365703511527952e-05,0.012964407010225136
2022-03-21,2020-05-27,1.596236682466133e-06,1.1694019761330851e-06,0.005366508110745212,2022-03-14,250,23720,143,100.0,1.203086690857666e-06,1.3097493202449017e-06,1.203086690857666e-06,1.3097493202449017e-06,0.001096853085357226,0.0011444427990270644,-0.043387500391029565,-1.0666262938723576e-07,0.0041912046184680715,0.23776223776223776,0.2727272727272727,1.0,7.676509327665228e-08,1.711825495267944e-06,0.013062251417259068
2022-03-23,2020-05-29,1.7394360692615455e-06,7.484718164315883e-07,0.005212652529321173,2022-03-18,250,23759,74,100.0,1.0739076571242808e-06,1.6981077098302441e-06,1.0739076571242808e-06,1.6981077098302441e-06,0.0010362951592689609,0.0013031146188383599,-0.25747438573159287,-6.242000527059633e-07,0.005087039048557105,0.33783783783783783,0.25675675675675674,1.0,3.7140544431272393e-07,2.700501152862159e-06,0.012914949175915838
2022-03-25,2020-06-01,2.0055528177266477e-06,5.095647511409313e-06,0.005055437467685416,2022-03-21,250,23833,98,100.0,1.4296813602198e-06,4.060230406797429e-06,1.4296813602198e-06,4.060230406797429e-06,0.001195692836902438,0.0020150013416366324,-0.6852165367626482,-2.630549046577629e-06,0.00518652668730006,0.21428571428571427,0.47959183673469385,1.0,1.2437272320427825e-07,1.7132849696771632e-06,0.012889147372860666
2022-03-28,2020-06-03,1.8044968418230263e-06,1.3844500314816335e-06,0.005036630036630038,2022-03-23,250,23838,126,100.0,1.4178546834218955e-06,1.3084845620895868e-06,1.4178546834218955e-06,1.3084845620895868e-06,0.0011907370336988329,0.0011438901005295862,0.03934280352709296,1.093701213323087e-07,0.005484930230569688,0.46825396825396826,0.47619047619047616,1.0,1.8059977653827707e-07,1.0653950600350376e-06,0.012826508206498933
2022-03-30,2020-06-05,1.9418806435077016e-06,3.001374716113207e-06,0.004917299955297273,2022-03-25,250,23868,69,100.0,1.1818144144126402e-06,1.7683547665622091e-06,1.1818144144126402e-06,1.7683547665622091e-06,0.0010871128802533065,0.0013297950092259368,-0.2232354462731443,-5.865403521495689e-07,0.005484930230569686,0.36231884057971014,0.43478260869565216,1.0,1.937283165890607e-07,1.6542883214591137e-07,0.012580288159462676
2022-04-01,2020-06-08,2.2673008124099884e-06,3.3019223117884994e-06,0.005039802989519501,2022-03-28,250,23977,110,100.0,2.432162409290921e-06,3.533480937177185e-06,2.432162409290921e-06,3.533480937177185e-06,0.0015595391656803368,0.0018797555525060126,-0.2053275697542254,-1.1013185278862636e-06,0.005186526687300058,0.33636363636363636,0.36363636363636365,1.0,2.9389591700730486e-06,4.245309304112774e-06,0.012856328048888492
2022-04-04,2020-06-09,1.7077040144342424e-06,1.5757205630404614e-06,0.005048476851586255,2022-03-30,250,24006,115,100.0,1.4081926085012887e-06,1.4419446571669038e-06,1.4081926085012887e-06,1.4419446571669038e-06,0.0011866729155505693,0.0012008100004442435,-0.011913211052866357,-3.3752048665615125e-08,0.005286004429237355,0.40869565217391307,0.34782608695652173,1.0,4.320072854605515e-07,1.0059342972827163e-06,0.012819994701050956
2022-04-06,2020-06-10,3.4600606043600796e-06,2.5934677377448558e-06,0.00502684793784988,2022-04-01,250,24070,53,0.01,1.928469032228292e-06,1.4355853155458662e-06,1.928469032228292e-06,1.4355853155458662e-06,0.0013886932822723282,0.0011981591361525672,0.1372039085607073,4.928837166824258e-07,0.006478966097709125,0.39622641509433965,0.41509433962264153,1.0,3.3797009193758984e-07,2.331689540315308e-07,0.01287371571735805
2022-04-08,2020-06-12,3.989941874560523e-06,4.399350360350991e-06,0.005112118043453006,2022-04-04,250,24113,55,0.01,3.989941874560523e-06,4.399350360350991e-06,3.989941874560523e-06,4.399350360350991e-06,0.0019974838859326306,0.002097462838848639,-0.05005244528885289,-4.094084857904681e-07,0.006776984279023748,0.43636363636363634,0.38181818181818183,1.0,,,
2022-04-11,2020-06-15,2.8263610294852937e-06,2.3548420239406686e-06,0.005173731553883238,2022-04-06,250,24122,121,100.0,2.2495548605494963e-06,1.843272954671379e-06,2.2495548605494963e-06,1.843272954671379e-06,0.0014998516128435827,0.0013576718877075487,0.09479586108286675,4.062819058781173e-07,0.006975613736425242,0.49586776859504134,0.4049586776859504,1.0,4.196870142704145e-07,2.2036418319639036e-07,0.01297323770583373
2022-04-18,2020-06-19,6.393529404774099e-07,6.965486377391238e-07,0.00532397604210781,2022-04-08,250,24076,129,0.01,1.138685200109632e-06,1.2244214172973102e-06,1.138685200109632e-06,1.2244214172973102e-06,0.0010670919361093645,0.001106535773166557,-0.03696386011593855,-8.573621718767822e-08,0.007868958378695178,0.26356589147286824,0.3333333333333333,1.0,2.6522861121198044e-06,2.824535780333062e-06,0.013263053061970351
2022-04-20,2020-06-22,5.767309335690137e-07,1.2428891753453351e-06,0.005256869772998805,2022-04-11,250,24057,68,100.0,3.424381456442614e-07,1.1423687336697301e-06,3.424381456442614e-07,1.1423687336697301e-06,0.0005851821474073362,0.0010688165107583857,-0.8264680757842722,-7.999305880254688e-07,0.008067371077758798,0.4117647058823529,0.5,1.0,1.0814535771950919e-07,1.0418482919941256e-06,0.013046989034693512
2022-04-22,2020-06-24,1.8233482381876956e-05,1.528956246358067e-05,0.005287825982454032,2022-04-18,250,24057,138,100.0,1.6930794128074266e-05,1.436638758276374e-05,1.6930794128074266e-05,1.436638758276374e-05,0.004114704622214609,0.003790301779906679,0.0788398857494006,2.5644065453105264e-06,0.008265744417032617,0.2608695652173913,0.2463768115942029,1.0,1.2785876956883888e-05,1.1429012961982604e-05,0.013254878327169794
2022-04-25,2020-06-26,2.7937886764636085e-06,3.4594610698676626e-06,0.00543914951480314,2022-04-20,250,24051,163,100.0,2.808296308058355e-06,3.3257618921236887e-06,2.808296308058355e-06,3.3257618921236887e-06,0.0016757972156732912,0.0018236671549720055,-0.08823856366135807,-5.174655840653336e-07,0.008265744417032619,0.1656441717791411,0.19631901840490798,1.0,2.8529072752122047e-06,2.9146369205609684e-06,0.01362884236221951
2022-04-27,2020-06-29,3.507239680127389e-06,2.2656374717562188e-06,0.005612244897959185,2022-04-22,250,24060,73,100.0,3.878362777489028e-06,2.5615238780855007e-06,3.878362777489028e-06,2.5615238780855007e-06,0.001969355929609736,0.001600476141054749,0.18730986258440707,1.316838899403527e-06,0.008265744417032619,0.273972602739726,0.1917808219178082,1.0,4.2812964260530915e-06,2.8827719763858635e-06,0.01395441480413362
2022-05-02,2020-07-01,1.3868954081201914e-05,1.413668285727341e-05,0.005581985410719949,2022-04-25,250,24091,98,100.0,1.3868954081201914e-05,1.413668285727341e-05,1.3868954081201914e-05,1.413668285727341e-05,0.003724104467009742,0.0037598780375530014,-0.009605952480700397,-2.677287760714957e-07,0.008464078412129412,0.37755102040816324,0.37755102040816324,1.0,,,
2022-05-04,2020-07-06,1.3599191818964903e-05,1.680986804427191e-05,0.005517933283170304,2022-04-27,250,24088,71,100.0,8.488024073775162e-06,1.2393158442683354e-05,8.488024073775162e-06,1.2393158442683354e-05,0.002913421369073681,0.0035203918024395175,-0.20833595847442488,-3.905134368908192e-06,0.009058844488346039,0.16901408450704225,0.2112676056338028,1.0,4.294245411055371e-06,8.76919159009787e-06,0.013945030981315148
2022-05-06,2020-07-08,5.252373141699099e-06,4.92575365795263e-06,0.005613318874784716,2022-05-02,250,24048,81,0.01,5.099435371410811e-06,4.525928338644093e-06,5.099435371410811e-06,4.525928338644093e-06,0.0022581929437961697,0.002127422933655669,0.05790913947355958,5.735070327667179e-07,0.008464078412129412,0.19753086419753085,0.19753086419753085,1.0,4.934733157254194e-06,4.0953472255425925e-06,0.014031637708126916
2022-05-09,2020-07-10,4.668695193332709e-06,5.1293415244411394e-06,0.005658697863682604,2022-05-04,250,24049,120,0.01,6.983426403039294e-06,7.207259222028069e-06,6.983426403039294e-06,7.207259222028069e-06,0.002642617339502504,0.0026846339083808186,-0.015899603870087597,-2.2383281898877514e-07,0.008464078412129412,0.375,0.35833333333333334,1.0,1.2384465892354657e-05,1.20557338497309e-05,0.014115894393932028
2022-05-11,2020-07-13,,,,2022-05-06,250,24058,40,100.0,5.136290999549943e-06,4.651074083636587e-06,5.136290999549943e-06,4.651074083636587e-06,0.002266338677150867,0.0021566348980846498,0.04840573042866292,4.852169159133561e-07,0.008860628432196557,0.125,0.15,1.0,5.136290999549943e-06,4.651074083636587e-06,0.014549179383096546
2022-05-13,2020-07-17,7.70416746083461e-06,6.990242499760756e-06,0.0062429854096520765,2022-05-09,250,24047,57,100.0,7.70416746083461e-06,6.990242499760756e-06,7.70416746083461e-06,6.990242499760756e-06,0.0027756382078424073,0.002643906673799353,0.04745990802074085,7.139249610738539e-07,0.009554212804811656,0.47368421052631576,0.47368421052631576,1.0,,,
2022-05-16,2020-07-20,5.699705450498302e-07,7.791056258184063e-07,0.00604989463666644,2022-05-11,250,23923,63,100.0,5.699705450498302e-07,7.791056258184063e-07,5.699705450498302e-07,7.791056258184063e-07,0.0007549639362577727,0.0008826696017301186,-0.16915465671825491,-2.0913508076857602e-07,0.010247316451549525,0.5238095238095238,0.5555555555555556,1.0,,,
2022-05-18,2020-07-22,3.94279747525362e-06,2.0076218377707093e-06,0.0059635486464754755,2022-05-13,250,23840,75,0.01,4.752979311961547e-06,3.3249846966351196e-06,4.752979311961547e-06,3.3249846966351196e-06,0.0021801328656670324,0.0018234540566285512,0.16360416131305466,1.4279946153264272e-06,0.010544213875671156,0.28,0.36,1.0,5.355905329976748e-06,4.30534775439468e-06,0.014220297805642632
2022-05-20,2020-07-24,1.1590818507886305e-05,1.3101240239382751e-05,0.006479796141244994,2022-05-16,250,23822,134,0.01,8.896528726451787e-06,1.0434383914599008e-05,8.896528726451787e-06,1.0434383914599008e-05,0.002982704934527012,0.003230229699974757,-0.08298667514257385,-1.5378551881472217e-06,0.010445257861538645,0.291044776119403,0.30597014925373134,1.0,2.994751109976173e-06,4.59269863173938e-06,0.014908930313767785
2022-05-23,2020-07-27,4.178126750315733e-06,3.492078133944222e-06,0.006468493349807397,2022-05-18,250,23766,145,100.0,3.4366088150882047e-06,2.8620121839220162e-06,3.4366088150882047e-06,2.8620121839220162e-06,0.001853809271496991,0.0016917482625739611,0.08742054072917771,5.745966311661884e-07,0.010247316451549525,0.3793103448275862,0.31724137931034485,1.0,1.7887911812492524e-06,1.4618656283171139e-06,0.014902425377922645
2022-05-25,2020-07-29,1.1633751867918542e-06,1.1487933870665234e-06,0.006340837845540039,2022-05-20,250,23768,75,0.01,1.9031373719040838e-06,1.93877148312087e-06,1.9031373719040838e-06,1.93877148312087e-06,0.0013795424502000958,0.0013923977460197463,-0.009318521382061018,-3.563411121678611e-08,0.010544213875671156,0.3466666666666667,0.32,1.0,2.516598696143494e-06,2.5938752700927676e-06,0.014741252633984108
2022-05-27,2020-07-31,4.140954179339977e-06,4.261821254908576e-06,0.006190012519126444,2022-05-23,250,23830,118,0.01,5.716074776605308e-06,5.299400142103141e-06,5.716074776605308e-06,5.299400142103141e-06,0.002390831398615408,0.0023020426021477408,0.03713720529146769,4.166746345021667e-07,0.010643160098479827,0.288135593220339,0.3305084745762712,1.0,9.032118139269161e-06,7.483776746723281e-06,0.014325903629320765
2022-06-01,2020-08-03,1.2373784627474801e-06,1.3460817356032645e-06,0.00597957538296157,2022-05-25,250,23833,72,1.0,2.0389838171328194e-06,2.0732353020876474e-06,2.0389838171328194e-06,2.0732353020876474e-06,0.0014279299062393853,0.0014398733632120734,-0.008364175944842067,-3.425148495482807e-08,0.011533235813673031,0.3472222222222222,0.375,1.0,2.717265270843491e-06,2.6885190891128945e-06,0.014061540696970427
2022-06-03,2020-08-05,1.685117973607197e-06,1.4361632581716271e-06,0.0058858541101778974,2022-05-27,250,23814,62,0.01,1.685117973607197e-06,1.4361632581716271e-06,1.685117973607197e-06,1.4361632581716271e-06,0.0012981209395149578,0.0011984002912932001,0.07681922784406992,2.4895471543557e-07,0.01163208422970765,0.532258064516129,0.43548387096774194,1.0,,,
2022-06-06,2020-08-07,3.954363958545304e-06,4.0282629590937225e-06,0.006121887467327005,2022-06-01,250,23812,119,0.01,2.984606594319266e-06,3.0508975717388042e-06,2.984606594319266e-06,3.0508975717388042e-06,0.0017276013991425411,0.0017466818747954088,-0.011044489580951833,-6.629097741953827e-08,0.012027380212718455,0.5966386554621849,0.5882352941176471,1.0,9.174922126795524e-07,9.675660881664795e-07,0.014143401373800359
2022-06-08,2020-08-10,4.901175728105895e-06,5.342451242968465e-06,0.005984802636002959,2022-06-03,250,23760,60,0.01,1.8954354254553039e-06,2.0872320880591915e-06,1.8954354254553039e-06,2.0872320880591915e-06,0.001376748134356936,0.0014447256099547733,-0.04937538966020738,-1.9179666260388766e-07,0.012521280553671745,0.6,0.6166666666666667,1.0,2.7695987787421677e-07,3.3442177387727485e-07,0.013966498292201859
2022-06-10,2020-08-12,3.682409232280947e-06,3.70226016739881e-06,0.0062394840157038705,2022-06-06,250,23715,58,100.0,3.682409232280947e-06,3.70226016739881e-06,3.682409232280947e-06,3.70226016739881e-06,0.0019189604561535255,0.0019241258190146532,-0.002691750548878602,-1.9850935117862953e-08,0.01291622526654633,0.6379310344827587,0.6551724137931034,1.0,,,
2022-06-13,2020-08-14,1.1536082343260671e-05,1.2001563379321834e-05,0.006490191788813531,2022-06-08,250,23740,132,100.0,9.291243576038355e-06,9.661576623642964e-06,9.291243576038355e-06,9.661576623642964e-06,0.0030481541260307613,0.0031083076784068474,-0.019734419549977567,-3.7033304760460936e-07,0.013804280976397052,0.2727272727272727,0.26515151515151514,1.0,4.951221959408541e-06,5.137602229330484e-06,0.014895926115956902
2022-06-17,2020-08-17,1.6654610095348305e-06,2.1757022311063928e-06,0.00684299554051976,2022-06-10,250,23721,127,100.0,4.7220469991981775e-06,5.115094811620592e-06,4.7220469991981775e-06,5.115094811620592e-06,0.0021730271510494704,0.0022616575363260884,-0.040786598194971324,-3.9304781242241416e-07,0.015774919115362215,0.31496062992125984,0.4330708661417323,1.0,1.1880893132883387e-05,1.1999461644930164e-05,0.015836443474703393
2022-06-22,2020-08-19,1.4672072950193867e-06,3.4155619252119486e-06,0.006550379038787076,2022-06-13,250,23776,72,100.0,6.924029771543533e-07,2.595167928314851e-06,6.924029771543533e-07,2.595167928314851e-06,0.0008321075514345206,0.001610952491017302,-0.9359907120661068,-1.9027649511604977e-06,0.0168571170664229,0.2222222222222222,0.5138888888888888,1.0,1.389713215364724e-07,2.0091722162454957e-06,0.01601681819393713
2022-06-27,2020-08-21,3.444396081027113e-06,4.3179249632314024e-06,0.006282648595228011,2022-06-17,250,23823,117,100.0,2.5612947511072823e-06,3.0812737598332507e-06,2.5612947511072823e-06,3.0812737598332507e-06,0.001600404558574888,0.0017553557359786792,-0.09682000502533583,-5.199790087259684e-07,0.01715205881756557,0.37606837606837606,0.37606837606837606,1.0,7.950920912676182e-07,6.07971353036948e-07,0.015400502461033635
2022-06-29,2020-08-24,1.1345125204366245e-06,1.2612926751505011e-06,0.006475552968568103,2022-06-22,250,23735,74,100.0,1.1294409368631742e-06,1.988378824881824e-06,1.1294409368631742e-06,1.988378824881824e-06,0.0010627515875608817,0.0014100988706051162,-0.3268376985833823,-8.589378880186499e-07,0.0177416814761571,0.24324324324324326,0.2972972972972973,1.0,1.1251300908257416e-06,2.6064020521534485e-06,0.015782025482726916
2022-07-01,2020-08-26,2.086240204293967e-06,2.6191121875110174e-06,0.006509654768870683,2022-06-27,250,23675,136,100.0,1.5818344500458703e-06,2.167377482232711e-06,1.5818344500458703e-06,2.167377482232711e-06,0.0012577100023637685,0.0014722015766302898,-0.17054135998234976,-5.855430321868406e-07,0.017053754565827518,0.49264705882352944,0.5367647058823529,1.0,5.618139247886078e-07,1.2538695226699122e-06,0.015924262425447314
2022-07-06,2020-08-28,2.040255522432066e-06,1.8035134791458242e-06,0.006287086747668835,2022-06-29,250,23664,67,0.01,1.7354934782478933e-06,1.4660722012035898e-06,1.7354934782478933e-06,1.4660722012035898e-06,0.001317381295695325,0.0012108146849140829,0.08089276136640111,2.6942127704430354e-07,0.018821754240587765,0.2537313432835821,0.22388059701492538,1.0,1.4883891180985639e-06,1.1924711650342105e-06,0.015727898209236573
2022-07-08,2020-08-31,5.0212659426810535e-06,4.98544744201664e-06,0.006081311923471131,2022-07-01,250,23626,64,0.01,5.0212659426810535e-06,4.98544744201664e-06,5.0212659426810535e-06,4.98544744201664e-06,0.0022408181413673565,0.0022328115554199014,0.00357306369474919,3.581850066441383e-08,0.019312311032372815,0.1875,0.15625,1.0,,,
2022-07-11,2020-09-02,5.0593923975395435e-06,4.48250160002707e-06,0.0060527747551686615,2022-07-06,250,23655,125,1.0,3.650741217622549e-06,3.232092157166688e-06,3.650741217622549e-06,3.232092157166688e-06,0.0019106912931247028,0.0017978020350324136,0.059082939509120025,4.1864906045586105e-07,0.01960652963891832,0.464,0.424,1.0,1.6824246727219846e-07,1.4080214565074107e-07,0.01545637172923045
2022-07-15,2020-09-04,6.953795290294507e-06,1.0199499446967441e-05,0.005994476998720277,2022-07-08,250,23639,137,0.01,5.291013043593253e-06,9.046317747165181e-06,5.291013043593253e-06,9.046317747165181e-06,0.002300220216325657,0.0030077097179025073,-0.3075746820045713,-3.7553047035719277e-06,0.023716526617316044,0.072992700729927,0.058394160583941604,1.0,1.6560937135951608e-06,6.525408915039315e-06,0.015896451536080016
2022-07-18,2020-09-09,1.0201919626488312e-05,9.609457483176933e-06,0.005926616501298527,2022-07-11,250,23683,132,0.01,7.753421159169295e-06,7.4585080451458465e-06,7.753421159169295e-06,7.4585080451458465e-06,0.002784496571944253,0.0027310269213513525,0.0192026275527305,2.949131140234487e-07,0.023423514943588058,0.12878787878787878,0.16666666666666666,1.0,2.8564242245312558e-06,3.156609169083667e-06,0.015598442084490948
2022-07-20,2020-09-11,4.539242774483814e-06,9.002994663395657e-06,0.005894039735099337,2022-07-15,250,23763,79,100.0,2.376210630829931e-06,4.133957215191345e-06,2.376210630829931e-06,4.133957215191345e-06,0.0015414962312084745,0.0020332135193312445,-0.31898701934372053,-1.7577465843614138e-06,0.024887715507778987,0.27848101265822783,0.3291139240506329,1.0,6.556168801961608e-07,2.6085924502882494e-07,0.015314523160068321
2022-07-22,2020-09-14,8.9408309376023e-07,7.823946417566656e-07,0.0057289990344383665,2022-07-18,250,23806,158,100.0,9.41498212009152e-07,1.3011840327216124e-06,9.41498212009152e-07,1.3011840327216124e-06,0.0009703083077090251,0.001140694539621196,-0.17560009592669212,-3.596858207124604e-07,0.024497471600387434,0.5189873417721519,0.45569620253164556,1.0,1.060562842278667e-06,2.6039218367002576e-06,0.01506413902053713
2022-07-25,2020-09-18,2.1329026171890527e-06,1.9795088421720933e-06,0.005775845285222921,2022-07-20,250,23743,159,100.0,2.092771696504115e-06,1.9986498031957977e-06,2.092771696504115e-06,1.9986498031957977e-06,0.0014466415231508168,0.0014137361151204272,0.02274606908746879,9.412189330831722e-08,0.024595046855380213,0.3270440251572327,0.31446540880503143,1.0,1.991106697435606e-06,2.0471402377891827e-06,0.015205214001872995
2022-07-27,2020-09-21,1.4123534913062365e-06,2.069729066857823e-06,0.0058707124010554095,2022-07-22,250,23725,73,100.0,2.6108554316446137e-06,2.7986264150169415e-06,2.6108554316446137e-06,2.7986264150169415e-06,0.001615814169898449,0.0016729095657019065,-0.03533537263573194,-1.8777098337232774e-07,0.025180298530298243,0.3150684931506849,0.3150684931506849,1.0,3.5996195324237748e-06,3.399966727248214e-06,0.015368589628795826
2022-07-29,2020-09-23,1.5253719706675635e-05,1.6866809906365322e-05,0.005656180489354941,2022-07-25,250,23709,125,100.0,1.2022078271207191e-05,1.309717649164158e-05,1.2022078271207191e-05,1.309717649164158e-05,0.00346728687466255,0.003619002140320116,-0.04375619068795156,-1.075098220434389e-06,0.023911820046312884,0.216,0.232,1.0,4.3360121544173885e-06,4.131561883649984e-06,0.014794069987933114
2022-08-01,2020-09-25,2.1802216076880703e-06,1.3126717543078748e-06,0.005476586056242693,2022-07-27,250,23691,93,100.0,2.1802216076880703e-06,1.3126717543078748e-06,2.1802216076880703e-06,1.3126717543078748e-06,0.0014765573499488838,0.0011457188810122117,0.2240606969638701,8.675498533801955e-07,0.023814178099254867,0.44086021505376344,0.26881720430107525,1.0,,,
2022-08-03,2020-09-28,1.38006646617452e-06,1.026727003288752e-06,0.005562152365477158,2022-07-29,250,23663,32,0.01,1.38006646617452e-06,1.026727003288752e-06,1.38006646617452e-06,1.026727003288752e-06,0.0011747623019890108,0.0010132753837376845,0.13746348344504244,3.5333946288576805e-07,0.025277807184268544,0.15625,0.09375,1.0,,,
2022-08-05,2020-09-30,1.796198179600488e-06,2.2552130137510172e-06,0.005367589409565165,2022-08-01,250,23589,107,0.01,1.2677935221439744e-06,1.7776737038577553e-06,1.2677935221439744e-06,1.7776737038577553e-06,0.0011259633751343665,0.001333294305042122,-0.1841364776922818,-5.098801817137809e-07,0.024692612590371504,0.2897196261682243,0.40186915887850466,1.0,4.171909028237333e-07,1.0089518879320162e-06,0.01450473959968129
2022-08-08,2020-10-02,1.2830318604293407e-06,1.0870524233115434e-06,0.005442999697611124,2022-08-03,250,23534,142,100.0,1.2926630646986948e-06,1.0856170828279046e-06,1.2926630646986948e-06,1.0856170828279046e-06,0.0011369534136008805,0.0010419294999316913,0.08357766688807067,2.0704598187079023e-07,0.02547279597303103,0.4647887323943662,0.5,1.0,1.3172226355855468e-06,1.0819569645946253e-06,0.014529295958594335
2022-08-10,2020-10-05,9.670858918666633e-07,1.613585345425351e-06,0.005457191365510549,2022-08-05,250,23502,75,0.01,8.683175965366547e-07,1.4328042103231713e-06,8.683175965366547e-07,1.4328042103231713e-06,0.0009318356059609735,0.0011969979992978983,-0.2845591986834106,-5.644866137865167e-07,0.026349775322782012,0.4,0.5466666666666666,1.0,7.721484668732255e-07,1.2567804735131541e-06,0.014604176492038408
2022-08-12,2020-10-07,5.667221505447184e-07,7.561105916057912e-07,0.005341563297525074,2022-08-08,250,23502,99,0.01,4.754843791060415e-07,5.259234485442346e-07,4.754843791060415e-07,5.259234485442346e-07,0.0006895537536015894,0.0007252057973735694,-0.05170306678162051,-5.04390694381931e-08,0.025862659525727368,0.47474747474747475,0.494949494949495,1.0,3.2902374600711285e-07,1.564125083664729e-07,0.014303740565251551
2022-08-15,2020-10-09,4.7104976060408924e-07,4.896947532761662e-07,0.005229517722254506,2022-08-10,250,23494,137,100.0,3.707457329997832e-07,3.884960678892618e-07,3.707457329997832e-07,3.884960678892618e-07,0.000608888933221637,0.0006232945274019833,-0.02365882083638171,-1.775033488947862e-08,0.025960101669531634,0.5401459854014599,0.5401459854014599,1.0,9.965376650165868e-08,1.1498610738411456e-07,0.014065623975649732
2022-08-19,2020-10-12,2.487441391954172e-06,2.499633342792523e-06,0.005167958656330749,2022-08-12,250,23516,146,100.0,2.064988262428887e-06,2.178794586053466e-06,2.064988262428887e-06,2.178794586053466e-06,0.0014370067022908722,0.0014760740449088134,-0.027186611277219663,-1.1380632362457863e-07,0.026739297189621612,0.19863013698630136,0.3013698630136986,1.0,9.830961014495016e-07,1.357134355380271e-06,0.014039655051531935
2022-08-22,2020-10-16,9.241908815908519e-07,9.981563154207328e-07,0.005247201492537311,2022-08-15,250,23541,152,100.0,1.0222527943519918e-06,9.2248079861219e-07,1.0222527943519918e-06,9.2248079861219e-07,0.0010110651780928822,0.0009604586397196862,0.05005269637379117,9.977199573980179e-08,0.027031339051030435,0.23684210526315788,0.26973684210526316,1.0,1.2968261500831837e-06,7.1058935154827e-07,0.014230890225991378
2022-08-24,2020-10-19,8.18846045331872e-07,1.0015522856782143e-06,0.005381809483944268,2022-08-19,250,23520,80,100.0,8.574922909457932e-07,1.2315712177466624e-06,8.574922909457932e-07,1.2315712177466624e-06,0.0009260087963652361,0.0011097617842341942,-0.19843546690941194,-3.7407892680086917e-07,0.027615167032973363,0.2875,0.35,1.0,8.924579417393409e-07,1.4396835848562109e-06,0.014568759548926882
2022-08-26,2020-10-21,2.0795467674297783e-06,1.8117329957549078e-06,0.005293183555843086,2022-08-22,250,23513,141,100.0,2.4774580221212303e-06,2.208904461011948e-06,2.4774580221212303e-06,2.208904461011948e-06,0.0015739942891005768,0.0014862383594201666,0.05575365189574888,2.6855356110928234e-07,0.02839307450121789,0.46808510638297873,0.45390070921985815,1.0,3.4479732774662343e-06,3.1776153518827783e-06,0.014320106791256466
2022-08-29,2020-10-23,2.4346896064622394e-06,2.32276524605914e-06,0.005500550055005502,2022-08-24,250,23508,144,100.0,1.7969709461298082e-06,1.716237705015198e-06,1.7969709461298082e-06,1.716237705015198e-06,0.0013405114494586788,0.001310052558111772,0.02272184348683226,8.073324111461024e-08,0.0284902703996275,0.3472222222222222,0.3194444444444444,1.0,1.3890242926548697e-07,1.3926609830094812e-07,0.014821810466063016
2022-08-31,2020-10-26,2.3960187084058593e-06,2.1673367241638266e-06,0.005663583160279403,2022-08-26,250,23480,75,100.0,1.668066015631004e-06,1.523077395021427e-06,1.668066015631004e-06,1.523077395021427e-06,0.0012915363005471445,0.0012341302180164891,0.044447904798599835,1.449886206095769e-07,0.02926749768056809,0.25333333333333335,0.25333333333333335,1.0,1.0311074094530056e-06,9.593504820218272e-07,0.015086080208934986
2022-09-02,2020-10-28,1.2618898950416368e-07,1.7048350898897669e-07,0.0056976449734109915,2022-08-29,250,23448,155,100.0,2.0226905019063135e-07,2.483441983733258e-07,2.0226905019063135e-07,2.483441983733258e-07,0.000449743315893223,0.0004983414475771866,-0.10805748516227354,-4.607514818269445e-08,0.029267497680568088,0.45161290322580644,0.4838709677419355,1.0,4.0043106872282616e-07,4.51144133513956e-07,0.015154200090812777
2022-09-07,2020-10-30,4.132091096651665e-07,3.7838301462937794e-07,0.005824111822947001,2022-08-31,250,23442,74,100.0,7.292718584655193e-07,9.011367298690276e-07,7.292718584655193e-07,9.011367298690276e-07,0.0008539741556191963,0.0009492822182412497,-0.11160532434725479,-1.7186487140350833e-07,0.02994707636795212,0.0945945945945946,0.1891891891891892,1.0,1.0286997257500641e-06,1.3963770916750115e-06,0.015373702528406185
2022-09-09,2020-11-02,2.92762855150689e-06,3.1830086793851142e-06,0.005826751262462773,2022-09-02,250,23498,81,100.0,2.92762855150689e-06,3.1830086793851142e-06,2.92762855150689e-06,3.1830086793851142e-06,0.00171103142914059,0.0017840988423809693,-0.04270372361136543,-2.5538012787822423e-07,0.030141156911986846,0.25925925925925924,0.35802469135802467,1.0,,,
2022-09-12,2020-11-04,4.72699071392946e-06,3.7707187138320174e-06,0.005719006163817753,2022-09-07,250,23424,151,100.0,3.880519804312708e-06,2.9958865071520037e-06,3.880519804312708e-06,2.9958865071520037e-06,0.001969903501269214,0.0017308629371362723,0.12134633192891287,8.846332971607045e-07,0.03033519979607295,0.25165562913907286,0.24503311258278146,1.0,1.2724742990070422e-06,6.085656541379089e-07,0.014774786030496798
2022-09-16,2020-11-06,4.9756927939199016e-06,4.900482641996635e-06,0.005906674542232722,2022-09-09,250,23425,159,0.01,5.155186927663573e-06,4.920929259174431e-06,5.155186927663573e-06,4.920929259174431e-06,0.0022705036726822472,0.0022183167625869915,0.022984728332813065,2.3425766848914183e-07,0.03169244673248972,0.13836477987421383,0.11949685534591195,1.0,5.624319322675448e-06,4.974369281343674e-06,0.015398923408182092
2022-09-19,2020-11-09,4.8816024794109314e-06,4.220598611079688e-06,0.0059721300597213025,2022-09-12,250,23462,114,0.01,4.8816024794109314e-06,4.220598611079688e-06,4.8816024794109314e-06,4.220598611079688e-06,0.0022094348778388855,0.00205440955290801,0.07016514787822603,6.610038683312434e-07,0.03149866705937099,0.2894736842105263,0.32456140350877194,1.0,,,
2022-09-21,2020-11-11,5.228841113231671e-06,4.178730185167624e-06,0.005736137667304016,2022-09-16,250,23513,85,0.01,2.8176049954364574e-06,2.2831821573758014e-06,2.8176049954364574e-06,2.2831821573758014e-06,0.0016785723086708113,0.0015110202372489263,0.09981820297903177,5.34422838060656e-07,0.0329511001396859,0.29411764705882354,0.18823529411764706,1.0,8.680949427509649e-07,7.50611411501561e-07,0.016078807050430882
2022-09-23,2020-11-13,4.909420374584023e-07,4.269710569921764e-07,0.00589236611234778,2022-09-19,250,23582,169,1.0,4.936163389521164e-07,4.1221276232954073e-07,4.936163389521164e-07,4.1221276232954073e-07,0.0007025783507567796,0.0006420379757689889,0.0861688592063502,8.140357662257565e-08,0.03237038003045072,0.47928994082840237,0.39644970414201186,1.0,5.005581428294169e-07,3.739039974605712e-07,0.016502883330661102
2022-09-26,2020-11-16,3.566138528560564e-06,4.613392412916907e-06,0.00598284916572492,2022-09-21,250,23559,163,0.01,3.227513050814658e-06,4.170062602906902e-06,3.227513050814658e-06,4.170062602906902e-06,0.0017965280545581964,0.002042073113996387,-0.13667755358185896,-9.425495520922436e-07,0.03188618886232176,0.15950920245398773,0.12883435582822086,1.0,2.4396905107527533e-06,3.138642228597912e-06,0.016784098382932464
2022-09-28,2020-11-18,1.2088757372400726e-06,6.881002618991321e-07,0.005930416447021612,2022-09-23,250,23630,83,0.01,2.930031985547387e-06,2.263251479514767e-06,2.930031985547387e-06,2.263251479514767e-06,0.0017117336199150227,0.0015044106751531535,0.12111869647811302,6.6678050603262e-07,0.0329511001396859,0.1927710843373494,0.18072289156626506,1.0,4.248364431059373e-06,3.469750284496957e-06,0.016995181352853755
2022-09-30,2020-11-20,2.296455812767002e-06,2.8145090059473295e-06,0.006316676024705221,2022-09-26,250,23712,141,100.0,2.5457141647926324e-06,2.786306684642869e-06,2.5457141647926324e-06,2.786306684642869e-06,0.0015955294308763572,0.0016692233776948095,-0.04618777027383025,-2.4059251985023636e-07,0.03304785404620036,0.2907801418439716,0.3546099290780142,1.0,3.1750915036573476e-06,2.7150958233491066e-06,0.017022820364398134
2022-10-03,2020-11-23,3.223819706754907e-06,2.3260540403067794e-06,0.006512301013024603,2022-09-28,250,23650,134,100.0,2.7256761936599762e-06,2.077016558527382e-06,2.7256761936599762e-06,2.077016558527382e-06,0.0016509622023716886,0.0014411858167937201,0.12706310615507388,6.486596351325942e-07,0.0327575642381722,0.3880597014925373,0.34328358208955223,1.0,1.4672083711043598e-06,1.4478692361373264e-06,0.017290187020549862
2022-10-05,2020-11-25,7.2459485618318234e-06,6.919716250969519e-06,0.006160164271047229,2022-09-30,250,23646,78,100.0,3.5210143339448268e-06,3.491709184664771e-06,3.5210143339448268e-06,3.491709184664771e-06,0.001876436605362629,0.0018686115660202821,0.004170159183626954,2.9305149280055583e-08,0.033918218203460665,0.3076923076923077,0.28205128205128205,1.0,6.426560669412391e-07,8.427946334292818e-07,0.016339151255390635
2022-10-07,2020-11-27,5.21316922181426e-06,4.840421557365867e-06,0.0061885443168534695,2022-10-03,250,23702,74,100.0,5.21316922181426e-06,4.840421557365867e-06,5.21316922181426e-06,4.840421557365867e-06,0.0022832365672032892,0.0022000958064061363,0.03641355520991463,3.7274766444839293e-07,0.03401487858727765,0.21621621621621623,0.22972972972972974,1.0,,,
2022-10-10,2020-11-30,3.791476229554149e-06,6.3023723262129794e-06,0.006424441430508958,2022-10-05,250,23639,165,100.0,3.2305594516569804e-06,5.192259779797892e-06,3.2305594516569804e-06,5.192259779797892e-06,0.0017973757124366014,0.002278653062622279,-0.26776669277078247,-1.9617003281409113e-06,0.03391821820346067,0.22424242424242424,0.23636363636363636,1.0,1.8223003071491924e-06,2.405168705819587e-06,0.017022820364398138
2022-10-14,2020-12-02,1.6280530947992027e-06,1.1956405704972435e-06,0.0062941464438072536,2022-10-07,250,23646,86,100.0,1.6280530947992027e-06,1.1956405704972435e-06,1.6280530947992027e-06,1.1956405704972435e-06,0.0012759518387459624,0.0010934535063262835,0.1430291699716839,4.324125243019592e-07,0.03719944098910627,0.5813953488372093,0.46511627906976744,1.0,,,
2022-10-17,2020-12-04,3.96809041491653e-06,4.971932103447948e-06,0.0065038300332417994,2022-10-10,250,23726,78,100.0,3.96809041491653e-06,4.971932103447948e-06,3.96809041491653e-06,4.971932103447948e-06,0.001992006630239099,0.002229782972275093,-0.11936523625298068,-1.0038416885314184e-06,0.037392119217062654,0.2948717948717949,0.34615384615384615,1.0,,,
2022-10-19,2020-12-07,2.4534681846119225e-06,3.0995101589130104e-06,0.0062608695652173925,2022-10-14,250,23746,84,100.0,1.5995284675955388e-06,1.8689252842426767e-06,1.5995284675955388e-06,1.8689252842426767e-06,0.0012647246607841323,0.0013670864216437366,-0.08093600451827965,-2.6939681664713784e-07,0.03960525459235943,0.23809523809523808,0.2976190476190476,1.0,1.0188494600243983e-06,1.0321275694668505e-06,0.01664028507531054
2022-10-24,2020-12-09,2.294870270305976e-06,2.8536638906006353e-06,0.0061112242819311435,2022-10-17,250,23702,158,100.0,1.8646433835538541e-06,2.3083484392221243e-06,1.8646433835538541e-06,2.3083484392221243e-06,0.0013655194555750037,0.00151932499460192,-0.11263518685067053,-4.4370505566827014e-07,0.04008572353928564,0.22784810126582278,0.27848101265822783,1.0,8.48575629735011e-07,1.0204757774558555e-06,0.016499796948889898
2022-10-26,2020-12-11,6.598545933434819e-07,7.949846186028616e-07,0.005907837731390311,2022-10-19,250,23730,83,100.0,2.0152093207262267e-06,1.7671775886879983e-06,2.0152093207262267e-06,1.7671775886879983e-06,0.0014195806848242994,0.0013293523192472335,0.06355987126454421,2.480317320382284e-07,0.04056596174666166,0.3493975903614458,0.27710843373493976,1.0,2.9556595397264987e-06,2.4417604658899298e-06,0.016044136443936402
2022-10-28,2020-12-18,1.3884916271205449e-05,1.2744592515800283e-05,0.006215469613259668,2022-10-24,250,23817,154,100.0,9.739968965471576e-06,8.96144216560685e-06,9.739968965471576e-06,8.96144216560685e-06,0.003120892334809321,0.002993566796583442,0.040797799015920955,7.785267998647255e-07,0.04046993255371322,0.14285714285714285,0.14935064935064934,1.0,3.035995673114837e-07,3.487381768686126e-07,0.016252721195852412
2022-10-31,2020-12-21,1.0767599913963568e-06,8.455965745443043e-07,0.00577886220624117,2022-10-26,250,23772,108,100.0,1.0767599913963568e-06,8.455965745443043e-07,1.0767599913963568e-06,8.455965745443043e-07,0.0010376704637775698,0.0009195632520627954,0.11381957551804356,2.3116341685205253e-07,0.040949986328954094,0.6203703703703703,0.6388888888888888,1.0,,,
2022-11-02,2020-12-23,3.2079675359724346e-06,2.5630397933194438e-06,0.005974112180550946,2022-10-28,250,23789,79,0.01,3.7755955876661987e-06,3.78326614548038e-06,3.7755955876661987e-06,3.78326614548038e-06,0.001943089186750366,0.0019450619901382013,-0.0010152922476680537,-7.67055781418138e-09,0.041429809763139556,0.12658227848101267,0.10126582278481013,1.0,4.162065750521526e-06,4.614058555462294e-06,0.016060826484968278
2022-11-04,2020-12-28,5.156775420991409e-06,4.435515392445662e-06,0.006480414746543778,2022-10-31,250,23834,110,0.01,3.1618098092976244e-06,2.8749024098993236e-06,3.1618098092976244e-06,2.8749024098993236e-06,0.0017781478592337658,0.001695553717786412,0.0464495351263674,2.8690739939830073e-07,0.04162167469081948,0.5818181818181818,0.6454545454545455,1.0,4.877069680910622e-07,7.830169226563596e-07,0.01664566723268914
2022-11-07,2020-12-30,4.755461605641998e-06,5.057041358508483e-06,0.006576094811388931,2022-11-02,250,23773,159,100.0,3.456168439490856e-06,3.6554523159121367e-06,3.456168439490856e-06,3.6554523159121367e-06,0.0018590773086375014,0.0019119237212588103,-0.028426151174982373,-1.9928387642128062e-07,0.04123790801624473,0.32075471698113206,0.3710691823899371,1.0,2.644265313369642e-07,2.1241836344720013e-07,0.01640948319383552
2022-11-09,2021-01-04,1.5432118880283799e-06,1.8699760667222365e-06,0.006523297491039427,2022-11-04,250,23823,88,100.0,1.0730921829921974e-06,1.1498815488962587e-06,1.0730921829921974e-06,1.1498815488962587e-06,0.0010359016280478554,0.0010723252999422603,-0.03516132314903775,-7.678936590406125e-08,0.04190940307720963,0.375,0.4318181818181818,1.0,6.438524523069873e-07,4.924039456638443e-07,0.01616677748691099
2022-11-11,2021-01-06,2.5667107081680366e-05,1.9703086467611372e-05,0.006195955606999386,2022-11-07,250,23876,105,100.0,1.8699181766636205e-05,1.440914356795392e-05,1.8699181766636205e-05,1.440914356795392e-05,0.004324255053374651,0.0037959377718758667,0.12217532846183188,4.290038198682286e-06,0.041909403077209625,0.22857142857142856,0.20952380952380953,1.0,7.822420299250207e-06,6.145427822147166e-06,0.015646986242367426
2022-11-14,2021-01-08,5.9562813347391e-07,5.487981293729093e-07,0.006078824315297262,2022-11-09,250,23903,167,100.0,6.947620651898956e-07,6.092852663973935e-07,6.947620651898956e-07,6.092852663973935e-07,0.0008335238839948713,0.0007805672721792745,0.06353340657953199,8.54767987925021e-08,0.04190940307720964,0.47904191616766467,0.5688622754491018,1.0,9.718864652141281e-07,7.783743085340201e-07,0.015496998820606756
2022-11-18,2021-01-11,8.137896624619651e-07,1.8126307106613373e-06,0.00603768577494692,2022-11-11,250,23934,146,0.01,1.4893453645705562e-06,2.6882715821107705e-06,1.4893453645705562e-06,2.6882715821107705e-06,0.0012203873829938411,0.0016395949445246441,-0.34350368364380124,-1.1989262175402143e-06,0.04229291219025145,0.2945205479452055,0.4315068493150685,1.0,3.1075369300864827e-06,4.785736925350109e-06,0.015664846286525976
2022-11-21,2021-01-15,3.6980363758475523e-07,6.477504149715829e-07,0.006014938198162469,2022-11-14,250,23940,186,0.01,4.003844949105441e-07,7.659327633762865e-07,4.003844949105441e-07,7.659327633762865e-07,0.0006327594289384742,0.0008751758471166161,-0.38310992628718754,-3.6554826846574245e-07,0.0424846116061553,0.3602150537634409,0.44623655913978494,1.0,4.427272204385594e-07,9.295698611674149e-07,0.015594043380551974
2022-11-23,2021-01-20,1.9137561766170466e-06,3.0950800497711402e-06,0.00605939539219603,2022-11-18,250,23917,74,100.0,1.64747434518904e-06,2.6788755192349357e-06,1.64747434518904e-06,2.6788755192349357e-06,0.001283539771564964,0.001636727075365632,-0.2751666225114646,-1.0314011740458956e-06,0.043059489460446965,0.17567567567567569,0.24324324324324326,1.0,1.4211347884752346e-06,2.3251016682791623e-06,0.015443133283320832
2022-11-25,2021-01-22,1.1481882451405936e-06,1.2613857063188456e-06,0.006023697623618192,2022-11-21,250,24021,185,100.0,8.960846450511206e-07,1.065348161022003e-06,8.960846450511206e-07,1.065348161022003e-06,0.0009466174755682047,0.0010321570428098639,-0.09036339329179843,-1.692635159708824e-07,0.04305948946044697,0.5513513513513514,0.6054054054054054,1.0,5.50250219287356e-07,7.964248617045399e-07,0.01534642661895532
2022-11-28,2021-01-25,1.3378153382873274e-06,1.1108362423718464e-06,0.006144082101141043,2022-11-23,250,23934,188,100.0,1.2365747749466787e-06,9.943745198383987e-07,1.2365747749466787e-06,9.943745198383987e-07,0.0011120138375697844,0.0009971832930000374,0.10326359321274248,2.4220025510828e-07,0.0431552703139276,0.2765957446808511,0.22340425531914893,1.0,1.0906305862348344e-06,8.264881406018702e-07,0.015349859568016311
2022-11-30,2021-01-27,3.2152984884556258e-06,3.5757337938544555e-06,0.006446128780902459,2022-11-25,250,23955,70,100.0,2.469063850090149e-06,2.3875123492861534e-06,2.469063850090149e-06,2.3875123492861534e-06,0.001571325507363178,0.001545157710166232,0.016653326808687807,8.155150080399565e-08,0.04286790022717579,0.17142857142857143,0.37142857142857144,1.0,1.803503226683102e-06,1.3277472771036138e-06,0.01562560787389621
2022-12-02,2021-01-29,1.5975427216876148e-06,1.979239419098001e-06,0.006135796642168431,2022-11-28,250,24069,179,100.0,2.0503743095692262e-06,2.7060190104055896e-06,2.0503743095692262e-06,2.7060190104055896e-06,0.0014319128149329575,0.0016449981794535791,-0.14881168902074404,-6.556447008363634e-07,0.042388766491786634,0.21787709497206703,0.2569832402234637,1.0,2.7722797395254183e-06,3.86465314147566e-06,0.015159578280720707
2022-12-05,2021-02-01,2.6533775520708392e-06,1.8756636923982337e-06,0.006156552330694812,2022-11-30,250,24042,198,100.0,2.2338746437808063e-06,1.6808450499265305e-06,2.2338746437808063e-06,1.6808450499265305e-06,0.0014946152159605517,0.0012964740837851448,0.13256999531352054,5.530295938542758e-07,0.04248461160615529,0.2727272727272727,0.21717171717171718,1.0,1.740612982384833e-06,1.451772580207055e-06,0.015177088299623998
2022-12-07,2021-02-03,2.5296661180536386e-06,2.755359760450302e-06,0.00636764397173046,2022-12-02,250,24053,72,100.0,2.940512596396209e-06,3.0584951654365656e-06,2.940512596396209e-06,3.0584951654365656e-06,0.0017147922895780145,0.001748855387228048,-0.019864270359190694,-1.1798256904035662e-07,0.04277209184386899,0.20833333333333334,0.18055555555555555,1.0,3.288151924224538e-06,3.3149943542710972e-06,0.015681154305157048
2022-12-09,2021-02-05,6.799860565484543e-07,8.915080646512924e-07,0.006379249912372943,2022-12-05,250,24174,116,0.01,5.045685336560087e-07,7.258954735421684e-07,5.045685336560087e-07,7.258954735421684e-07,0.0007103298766460613,0.000851994996195499,-0.19943567658780292,-2.2132693988615973e-07,0.04190940307720961,0.43103448275862066,0.4396551724137931,1.0,9.8602266390634e-08,3.426206198324817e-07,0.015585778820916614
2022-12-12,2021-02-08,8.153911854263473e-06,7.665623493535034e-06,0.006401238041643217,2022-12-07,250,24136,172,100.0,5.6605565343055745e-06,5.341549932397425e-06,5.6605565343055745e-06,5.341549932397425e-06,0.002379192412207465,0.00231117933799985,0.028586622022937158,3.190066019081493e-07,0.04219704869978835,0.3023255813953488,0.3023255813953488,1.0,2.8593795699084293e-06,2.730553709390978e-06,0.01570308431651749
2022-12-16,2021-02-10,1.8030952529931684e-06,1.6438502795169861e-06,0.006666666666666669,2022-12-09,250,24104,185,100.0,1.5633958146960438e-06,1.5225685276127556e-06,1.5633958146960438e-06,1.5225685276127556e-06,0.0012503582745341608,0.0012339240364028718,0.013143623284623707,4.08272870832882e-08,0.04248461160615529,0.3621621621621622,0.43243243243243246,1.0,1.2751857757911676e-06,1.3767416592517163e-06,0.015850188640505095
2022-12-19,2021-02-12,8.336876315008259e-07,1.0318561596002841e-06,0.006765296260501079,2022-12-12,250,24241,227,0.01,5.483216011948696e-07,7.006519613731727e-07,5.483216011948696e-07,7.006519613731727e-07,0.0007404874078570611,0.0008370495572982359,-0.13040349966331166,-1.523303601783031e-07,0.04219704869978835,0.34801762114537443,0.3832599118942731,1.0,3.0271968986597264e-07,4.155991678170522e-07,0.01649144989172124
2022-12-21,2021-02-17,1.4484265376897377e-06,1.866642622563676e-06,0.006878306878306876,2022-12-16,250,24303,76,0.01,1.7967057398959252e-06,1.925277564446132e-06,1.7967057398959252e-06,1.925277564446132e-06,0.0013404125260142584,0.0013875437162288373,-0.03516170529584972,-1.2857182455020697e-07,0.04258044753511838,0.2236842105263158,0.23684210526315788,1.0,2.0238443500303964e-06,1.9635177439346916e-06,0.01660975981499973
2022-12-23,2021-02-19,2.2221623087854966e-06,2.19905997638483e-06,0.006881948120698783,2022-12-19,250,24453,192,100.0,2.1438166872220236e-06,2.0220658973391888e-06,2.1438166872220236e-06,2.0220658973391888e-06,0.001464177819536283,0.001421993634774498,0.02881083444847221,1.2175078988283485e-07,0.04258044753511838,0.19270833333333334,0.1875,1.0,2.049261626714385e-06,1.8084523536634159e-06,0.01660190691321706
2022-12-28,2021-02-22,6.102831180052782e-06,8.263121722302285e-06,0.0069983849880796735,2022-12-21,250,24367,77,100.0,2.840308535694212e-06,3.6938667307173947e-06,2.840308535694212e-06,3.6938667307173947e-06,0.0016853214932748624,0.0019219434775032784,-0.14040168903834482,-8.535581950231827e-07,0.0436340370200613,0.16883116883116883,0.18181818181818182,1.0,7.578472733376773e-07,7.77320991407889e-07,0.01657230728893551
2022-12-30,2021-02-24,3.897142848067929e-06,2.3851521945062628e-06,0.007021063189568704,2022-12-23,250,24410,190,100.0,2.209127181536983e-06,1.395873474690582e-06,2.209127181536983e-06,1.395873474690582e-06,0.001486313285124298,0.0011814708945592277,0.20509968767424214,8.13253706846401e-07,0.043538302014483436,0.49473684210526314,0.41578947368421054,1.0,1.2393135817522687e-07,1.7382329138885904e-07,0.01648413832672647
2023-01-04,2021-02-26,1.0919257655288925e-06,4.123618763773342e-07,0.007275925481730231,2022-12-28,250,24408,75,0.01,5.621123192163678e-07,3.1922942150870056e-07,5.621123192163678e-07,3.1922942150870056e-07,0.0007497415015966289,0.0005650039128260091,0.24640171095932084,2.428828977076672e-07,0.04430392555652441,0.32,0.26666666666666666,1.0,2.0890335500801787e-07,2.571411182629447e-07,0.016597547397720704
2023-01-06,2021-03-01,3.4319406915844244e-06,2.9256839646117328e-06,0.007278835386338185,2022-12-30,250,24486,111,0.01,2.204664448439677e-06,1.9593889476695343e-06,2.204664448439677e-06,1.9593889476695343e-06,0.0014848112501054391,0.0013997817500130277,0.057266201401944716,2.4527550077014276e-07,0.04554681495597038,0.38738738738738737,0.35135135135135137,1.0,1.8842490613045003e-07,3.719042769787788e-07,0.01666054615425168
2023-01-09,2021-03-03,1.5163756870004087e-06,2.3625162759564257e-06,0.007020521524456104,2023-01-04,250,24451,229,0.01,9.885805003691799e-07,1.26173123904989e-06,9.885805003691799e-07,1.26173123904989e-06,0.0009942738558210106,0.0011232681064865548,-0.12973714425894123,-2.731507386807102e-07,0.045642357878701065,0.37117903930131,0.2925764192139738,1.0,4.5615553139908065e-07,1.5129019304768323e-07,0.016287049062049058
2023-01-13,2021-03-05,5.899914601352264e-06,5.1851115412791956e-06,0.0068210778802188735,2023-01-06,250,24519,110,1.0,4.766689610187306e-06,4.626544253249253e-06,4.766689610187306e-06,4.626544253249253e-06,0.0021832749735631804,0.002150940318383858,0.014810161601656269,1.4014535693805292e-07,0.04554681495597038,0.2727272727272727,0.2909090909090909,1.0,2.6195264690326504e-06,3.5682062338240987e-06,0.01592270757758969
2023-01-23,2021-03-08,2.84263210192989e-06,3.0803281040915772e-06,0.006600420686153624,2023-01-09,250,24672,218,100.0,1.6966974649728331e-06,1.7076937036536425e-06,1.6966974649728331e-06,1.7076937036536425e-06,0.0013025734009923715,0.0013067875510784615,-0.0032352496088738913,-1.0996238680809393e-08,0.046119935613553105,0.28440366972477066,0.2706422018348624,1.0,5.295418162202751e-07,3.096401476520424e-07,0.015966146306961707
2023-01-25,2021-03-10,1.1662755655952214e-06,1.4223466908716563e-06,0.00638462078158984,2023-01-13,250,24643,79,0.01,1.0070795311124278e-06,1.3582163630421297e-06,1.0070795311124278e-06,1.3582163630421297e-06,0.0010035335226650018,0.0011654254000330222,-0.16132184297949248,-3.511368319297019e-07,0.046119935613553126,0.46835443037974683,0.3670886075949367,1.0,8.867980828365394e-07,1.3097623375709326e-06,0.01579379810094952
2023-01-27,2021-03-12,6.761328978446922e-06,6.429555586615763e-06,0.0063212003334259526,2023-01-23,250,24786,180,0.01,3.826785004996084e-06,3.730748538574873e-06,3.826785004996084e-06,3.730748538574873e-06,0.001956217013778401,0.0019315145711526157,0.012627659636837874,9.603646642121122e-08,0.04602443831127934,0.40555555555555556,0.39444444444444443,1.0,2.401201485561692e-07,4.322065909693406e-07,0.015616252007411981
2023-01-30,2021-03-15,1.174325735721845e-05,1.0873958550146408e-05,0.006235866511341053,2023-01-25,250,24787,162,100.0,8.695020976857698e-06,7.932031245405492e-06,8.695020976857698e-06,7.932031245405492e-06,0.0029487320964878615,0.0028163862031698513,0.04488230500005175,7.629897314522058e-07,0.04621542379696298,0.24074074074074073,0.25308641975308643,1.0,3.0798486972457824e-06,2.512691473514324e-06,0.015580452573456912
2023-02-01,2021-03-22,5.4896297508078344e-06,5.284055320949219e-06,0.0063067433640584935,2023-01-27,250,24835,76,0.01,3.3203409940715845e-06,3.4350231937408822e-06,3.3203409940715845e-06,3.4350231937408822e-06,0.0018221802858311206,0.0018533815564370122,-0.017123042570763136,-1.1468219966929775e-07,0.045928931888399804,0.3157894736842105,0.35526315789473684,1.0,1.7426764437179481e-06,2.0902725557711826e-06,0.015549788427474905
2023-02-03,2021-03-24,1.2255290058485023e-05,9.403792097854888e-06,0.00603368253547275,2023-01-30,250,24876,148,0.01,7.126934597301373e-06,5.806969385687955e-06,7.126934597301373e-06,5.806969385687955e-06,0.002669631921689088,0.002409765421298919,0.09734169653835667,1.319965211613418e-06,0.045546814955970405,0.14189189189189189,0.12837837837837837,1.0,2.8849615615074914e-06,2.831819734883208e-06,0.015165502183406118
2023-02-06,2021-03-26,2.296886626974077e-06,2.17203777306384e-06,0.004466019417475728,2023-02-01,250,24894,214,100.0,1.4110362324431323e-06,1.2427473768186492e-06,1.4110362324431323e-06,1.2427473768186492e-06,0.0011878704611375487,0.0011147857986261976,0.06152578492554017,1.6828885562448315e-07,0.04592893188839981,0.3878504672897196,0.46261682242990654,1.0,5.735049503411477e-07,3.641455476413775e-07,0.01532842973202376
2023-02-08,2021-03-29,3.817692719195816e-06,2.712960133187857e-06,0.004461687681862271,2023-02-03,250,24954,81,0.01,1.913317796507191e-06,1.419110724386803e-06,1.913317796507191e-06,1.419110724386803e-06,0.0013832273119437713,0.0011912643385860264,0.13877905077509645,4.942070721203883e-07,0.046024438311279336,0.43209876543209874,0.32098765432098764,1.0,3.119116115190309e-07,3.311009942586438e-07,0.015223579565981842
2023-02-10,2021-03-31,2.1723522925285967e-06,2.0311762513701306e-06,0.00457347385166037,2023-02-06,250,25097,153,0.01,1.2843690483753899e-06,1.2281227188749073e-06,1.2843690483753899e-06,1.2281227188749073e-06,0.0011333000698735484,0.0011082069837692358,0.0221416081860053,5.624632950048256e-08,0.04659728537678218,0.29411764705882354,0.37254901960784315,1.0,4.740843380855887e-07,4.953363704730161e-07,0.015526488000196518
2023-02-13,2021-04-05,3.2798851111984353e-06,2.779951273654828e-06,0.006092311767432622,2023-02-08,250,25124,215,100.0,2.0468729896721545e-06,1.7622845323927544e-06,2.0468729896721545e-06,1.7622845323927544e-06,0.0014306896902096396,0.001327510652459239,0.07211839049128932,2.845884572794001e-07,0.04678816149875892,0.3488372093023256,0.28837209302325584,1.0,7.551460052160503e-07,6.961574701182018e-07,0.01549033918243309
2023-02-17,2021-04-07,1.6646242146745176e-06,2.162806221072852e-06,0.005985296987834233,2023-02-10,250,25163,173,100.0,1.952705497750642e-06,2.2197574630030136e-06,1.952705497750642e-06,2.2197574630030136e-06,0.0013973923921900542,0.001489885050264957,-0.06618946731915742,-2.6705196525237144e-07,0.047265192467114234,0.1676300578034682,0.2254335260115607,1.0,2.287599989326637e-06,2.285963281746827e-06,0.015481233467228375
2023-02-22,2021-04-09,4.287330025688131e-06,2.6852446226232265e-06,0.0061961206896551735,2023-02-13,250,25325,73,100.0,2.7271409785418333e-06,1.8340489377536828e-06,2.7271409785418333e-06,1.8340489377536828e-06,0.001651405758298618,0.0013542706294362597,0.1799286016590408,8.930920407881505e-07,0.04745594115629536,0.3835616438356164,0.1780821917808219,1.0,1.439985014646136e-06,1.1318124977363095e-06,0.01583772582625473
2023-02-24,2021-04-12,3.3128082773981594e-06,3.3373345123090015e-06,0.006157965194109775,2023-02-17,250,25445,187,100.0,2.2627368919351786e-06,2.4325550151871403e-06,2.2627368919351786e-06,2.4325550151871403e-06,0.001504239639131737,0.0015596650330077738,-0.03684611974992835,-1.6981812325196164e-07,0.047265192467114234,0.26737967914438504,0.28342245989304815,1.0,8.271962637073059e-07,1.195641272286369e-06,0.015775665152498366
2023-02-27,2021-04-16,1.6757376224920645e-06,1.673848264483218e-06,0.006270874514348034,2023-02-22,250,25398,214,100.0,9.672317544600675e-07,1.0805588430629313e-06,9.672317544600675e-07,1.0805588430629313e-06,0.0009834794123214107,0.001039499323262373,-0.05696093913011602,-1.1332708860286389e-07,0.04745594115629536,0.40654205607476634,0.3925233644859813,1.0,3.097893724123583e-07,5.300290195828448e-07,0.015946006357535698
2023-03-01,2021-04-19,2.680769528786865e-06,3.853141141829459e-06,0.006241096262126044,2023-02-24,250,25452,70,100.0,1.9030859190023993e-06,2.625957739886851e-06,1.9030859190023993e-06,2.625957739886851e-06,0.0013795238015352977,0.0016204807125932883,-0.17466672977285724,-7.228718208844518e-07,0.04764665346735302,0.2,0.24285714285714285,1.0,1.2481944581312706e-06,1.5925401382509711e-06,0.015950835310149892
2023-03-03,2021-04-21,5.3738042984239004e-06,5.64664027406816e-06,0.006305256665067508,2023-02-27,250,25530,146,100.0,3.798127044205837e-06,4.072283047473567e-06,3.798127044205837e-06,4.072283047473567e-06,0.0019488784067267606,0.0020179898531641747,-0.035462164390999806,-2.7415600326772977e-07,0.047932653755302805,0.3219178082191781,0.363013698630137,1.0,1.8882152209112142e-06,2.1639712576619386e-06,0.01588868555340489
2023-03-06,2021-04-23,1.052143457532518e-05,9.287595272598945e-06,0.00609150499900682,2023-03-01,250,25533,160,100.0,5.977075799277749e-06,5.329882042380279e-06,5.977075799277749e-06,5.329882042380279e-06,0.0024448058817169408,0.0023086537294233363,0.055690373338756594,6.471937568974697e-07,0.047932653755302805,0.28125,0.30625,1.0,1.3432880150248054e-07,2.41393603527706e-07,0.015637888121922853
2023-03-08,2021-04-26,3.468504103073465e-06,2.9863405980883813e-06,0.006068601583113457,2023-03-03,250,25535,69,100.0,2.494397682907633e-06,2.315620356126925e-06,2.494397682907633e-06,2.315620356126925e-06,0.0015793662282408197,0.0015217162534871358,0.03650196751256196,1.7877732678070815e-07,0.049171044006449394,0.3188405797101449,0.3188405797101449,1.0,1.6014667977556203e-06,1.7007934676622567e-06,0.015870334195395085
2023-03-10,2021-04-28,5.951689605853957e-06,5.545714080192848e-06,0.0061093034066007045,2023-03-06,250,25556,94,0.01,6.960355351789745e-06,6.186729616160461e-06,6.960355351789745e-06,6.186729616160461e-06,0.0026382485386691194,0.0024873137349679998,0.057210229244459176,7.73625735629284e-07,0.04926624130291808,0.40425531914893614,0.39361702127659576,1.0,9.112175609786097e-06,7.554229426224707e-06,0.01614229747675962
2023-03-13,2021-04-30,4.366869851496624e-06,3.986439739798978e-06,0.006195286195286197,2023-03-08,250,25563,168,0.01,3.3613258177987337e-06,3.008877458315139e-06,3.3613258177987337e-06,3.008877458315139e-06,0.0018333918887675743,0.0017346116159864544,0.05387842794893183,3.524483594835948e-07,0.048885397729810647,0.375,0.32142857142857145,1.0,2.255227380731054e-06,1.9335589486829167e-06,0.016378632323598766
2023-03-17,2021-05-03,2.6364176467514035e-06,3.0712441799957603e-06,0.005903111966634585,2023-03-10,250,25572,196,100.0,6.287991419156252e-06,6.070846447848927e-06,6.287991419156252e-06,6.070846447848927e-06,0.0025075867720093462,0.0024639087742546247,0.01741833951362015,2.1714497130732534e-07,0.04631090286325024,0.29081632653061223,0.3112244897959184,1.0,1.125941113339418e-05,1.0154642306492393e-05,0.01595687561535937
2023-03-20,2021-05-05,2.0357157868018523e-06,2.0917791193668265e-06,0.005935483870967743,2023-03-13,250,25630,189,100.0,1.1889873569953834e-06,1.2251286633787796e-06,1.1889873569953834e-06,1.2251286633787796e-06,0.0010904069685192697,0.0011068553037225687,-0.01508458371798116,-3.6141306383396206e-08,0.04420825466432036,0.4708994708994709,0.4603174603174603,1.0,1.7488237711089192e-07,1.8716358236983988e-07,0.016566765814508066
2023-03-22,2021-05-07,5.092633557488022e-06,5.2800006888555696e-06,0.005775991963837268,2023-03-17,250,25761,82,100.0,2.9819734666045567e-06,3.0672399191570404e-06,2.9819734666045567e-06,3.0672399191570404e-06,0.0017268391548156872,0.0017513537390136352,-0.014196217481856177,-8.526645255248371e-08,0.0466927279919823,0.2926829268292683,0.3780487804878049,1.0,1.3301525259131481e-06,1.3355140993929748e-06,0.01619631746509238
2023-03-24,2021-05-10,2.2359094855937032e-06,2.037164624105664e-06,0.00578871201157742,2023-03-20,250,25853,196,100.0,1.406354765504425e-06,1.3124371165413253e-06,1.406354765504425e-06,1.3124371165413253e-06,0.001185898294755678,0.0011456164788188608,0.033967344514241216,9.391764896309968e-08,0.04621542379696298,0.41836734693877553,0.3622448979591837,1.0,3.4529640259953487e-07,3.8546007198228643e-07,0.01643277208332274
2023-03-27,2021-05-17,6.697591388908718e-07,6.305923017441589e-07,0.005741029641185646,2023-03-22,250,25820,193,100.0,4.975407350852677e-07,5.972675363060262e-07,4.975407350852677e-07,5.972675363060262e-07,0.0007053656747285536,0.0007728308587951352,-0.09564568632084947,-9.972680122075849e-08,0.046310902863250236,0.41968911917098445,0.47668393782383417,1.0,2.8326900011782995e-07,5.558053281446286e-07,0.016325642451042323
2023-03-29,2021-05-19,2.0783341143500228e-06,2.440365861021807e-06,0.005835712020298128,2023-03-24,250,25959,78,100.0,1.0735937090956983e-06,1.3602999307220112e-06,1.0735937090956983e-06,1.3602999307220112e-06,0.0010361436720338056,0.0011663189661160497,-0.12563440533949133,-2.8670622162631284e-07,0.046883585898850444,0.3717948717948718,0.3717948717948718,1.0,2.557817513305511e-07,4.811764990826423e-07,0.01633183265925177
2023-03-31,2021-05-21,2.108650296627815e-06,2.555419045638224e-06,0.00566642030056664,2023-03-27,250,26127,168,100.0,1.7295991688609091e-06,1.8138307846137217e-06,1.7295991688609091e-06,1.8138307846137217e-06,0.0013151422618336425,0.0013467853520935404,-0.024060583541570146,-8.423161575281259e-08,0.04850440905961497,0.4107142857142857,0.3392857142857143,1.0,1.312642928317313e-06,9.98083697486769e-07,0.01600414416646024
2023-04-03,2021-05-24,2.013175726443095e-06,1.977279144411554e-06,0.005579138872043662,2023-03-29,250,26095,173,100.0,1.179196389982684e-06,1.2584840328273144e-06,1.179196389982684e-06,1.2584840328273144e-06,0.0010859080946298743,0.0011218217473499587,-0.03307246064163971,-7.928764284463043e-08,0.04736057135983758,0.41040462427745666,0.36416184971098264,1.0,1.63452326345004e-07,3.830284482054849e-07,0.015781706929822427
2023-04-05,2021-05-26,1.044423463316098e-06,1.1396119385432232e-06,0.005554549296625009,2023-03-31,250,26161,79,100.0,7.006103619669621e-07,8.31278253326214e-07,7.006103619669621e-07,8.31278253326214e-07,0.000837024708098251,0.0009117446206730336,-0.08926846704985425,-1.3066789135925184e-07,0.04764665346735302,0.25316455696202533,0.25316455696202533,1.0,4.271226677119677e-07,5.860128219035932e-07,0.015809511341669316
2023-04-10,2021-05-27,1.5629492942194626e-06,1.4164104941070593e-06,0.00558727073970606,2023-04-03,250,26311,110,100.0,1.3313006517032192e-06,1.2239548093024305e-06,1.3313006517032192e-06,1.2239548093024305e-06,0.0011538200256986438,0.001106324911272647,0.04116336462199832,1.0734584240078875e-07,0.04831386027855064,0.4090909090909091,0.4727272727272727,1.0,8.551339976420506e-07,8.283514572040267e-07,0.01578942056257484
2023-04-14,2021-05-28,4.81346322716879e-06,4.749522326612161e-06,0.005556897801401305,2023-04-05,250,26364,93,100.0,3.3805969911664717e-06,3.517241647430742e-06,3.3805969911664717e-06,3.517241647430742e-06,0.0018386399841095788,0.0018754310564322919,-0.02000993812855123,-1.3664465626427035e-07,0.049742091894814044,0.3225806451612903,0.3870967741935484,1.0,1.2119345799197193e-06,1.6521681870480561e-06,0.015625977700921466
2023-04-17,2021-06-02,1.1518462674501675e-06,1.2686343939752913e-06,0.00556867017735004,2023-04-10,250,26382,100,100.0,7.703697064306828e-07,8.770174358362622e-07,7.703697064306828e-07,8.770174358362622e-07,0.0008777070732486339,0.0009364920906426612,-0.06697566783465447,-1.0664772940557948e-07,0.050122609403210616,0.56,0.41,1.0,9.218915350715455e-08,1.8080951025576622e-07,0.015664241380982404
2023-04-19,2021-06-04,6.025260592076344e-07,1.614587577469673e-06,0.005526521295128252,2023-04-14,250,26417,78,0.01,7.472106253080867e-07,1.6343746852272256e-06,7.472106253080867e-07,1.6343746852272256e-06,0.0008644134573848829,0.0012784266444451264,-0.478952732078884,-8.87164059919139e-07,0.05069311431551815,0.21794871794871795,0.3717948717948718,1.0,8.590123354766178e-07,1.6496647230398803e-06,0.015598061369836557
2023-04-21,2021-06-07,1.6322530159464466e-06,1.8940157374971698e-06,0.00552055205520552,2023-04-17,250,26466,177,0.01,9.121030154586142e-07,1.2365905651048145e-06,9.121030154586142e-07,1.2365905651048145e-06,0.0009550408449163911,0.0011120209373500188,-0.16437003010836726,-3.2448754964620034e-07,0.049932368748209006,0.4915254237288136,0.5423728813559322,1.0,5.859190376933073e-08,4.5741999041757855e-07,0.015686299407594445
2023-04-24,2021-06-09,1.658360561560897e-06,1.3835749710252292e-06,0.005575081808265667,2023-04-19,250,26436,206,100.0,8.269563272536827e-07,7.488999702025743e-07,8.269563272536827e-07,7.488999702025743e-07,0.0009093713912663421,0.0008653900682366156,0.04836453340420177,7.80563570511084e-08,0.05012260940321061,0.4368932038834951,0.44660194174757284,1.0,1.2917063060298515e-07,2.1622630879784622e-07,0.015674121785541003
2023-04-26,2021-06-11,3.5681515054679477e-06,2.5116594309879466e-06,0.005617634487390853,2023-04-21,250,26555,76,100.0,1.8999200654768165e-06,1.4578033291880885e-06,1.8999200654768165e-06,1.4578033291880885e-06,0.0013783758796049852,0.0012073952663432504,0.12404498351402848,4.42116736288728e-07,0.049932368748209,0.3815789473684211,0.35526315789473684,1.0,5.494469950078051e-07,6.046817229691556e-07,0.01591034525216706
2023-04-28,2021-06-14,2.7984751757046126e-06,2.596471389283529e-06,0.005462858500089069,2023-04-24,250,26723,174,100.0,2.703135811845184e-06,2.6484857240194123e-06,2.703135811845184e-06,2.6484857240194123e-06,0.0016441215927799208,0.0016274168869774618,0.010160261793176861,5.465008782577155e-08,0.05050298217310679,0.3448275862068966,0.3160919540229885,1.0,2.5742988336567656e-06,2.7187753655543894e-06,0.015666140491258702
2023-05-01,2021-06-16,2.7125459441942633e-06,2.312132964554281e-06,0.0054219707685054215,2023-04-26,250,26739,132,100.0,2.0370472355625515e-06,1.7601812267694165e-06,2.0370472355625515e-06,1.7601812267694165e-06,0.001427251637085259,0.0013267182167926302,0.07043846906908346,2.7686600879313496e-07,0.04974209189481407,0.42424242424242425,0.4015151515151515,1.0,9.002154597703006e-08,1.692615119777489e-07,0.015533558531483664
2023-05-03,2021-06-18,2.2868981250171286e-06,1.3991620505648501e-06,0.005458644832087338,2023-04-28,250,26879,78,0.01,1.5372530777807414e-06,9.531373464810711e-07,1.5372530777807414e-06,9.531373464810711e-07,0.0012398601041168885,0.0009762875326875126,0.21258250874771867,5.841157312996703e-07,0.05107327018400061,0.38461538461538464,0.3076923076923077,1.0,8.947001801495528e-07,5.708304572664035e-07,0.01572600769155876
2023-05-05,2021-06-21,2.3074754645335946e-05,2.3681061121868027e-05,0.005549188732734182,2023-05-01,250,26920,130,100.0,1.065920453704175e-05,1.1151779641725562e-05,1.065920453704175e-05,1.1151779641725562e-05,0.003264843723218885,0.0033394280411060758,-0.022844682383038162,-4.925751046838119e-07,0.05126329393754153,0.16153846153846155,0.12307692307692308,1.0,2.6441025683961258e-06,3.0632561545449843e-06,0.0159476538395083
2023-05-08,2021-06-23,1.4980979901566429e-06,2.0900939297101135e-06,0.003975341360834247,2023-05-03,250,26891,180,100.0,7.46155177844406e-07,1.1199129134583338e-06,7.46155177844406e-07,1.1199129134583338e-06,0.0008638027424385766,0.0010582593791024645,-0.22511694755092226,-3.737577356139278e-07,0.05126329393754154,0.4166666666666667,0.5,1.0,1.840231725236074e-07,3.946319595613725e-07,0.015657787848677985
2023-05-10,2021-06-25,4.815986538440469e-06,5.592717764854428e-06,0.004016999476043547,2023-05-05,250,26966,73,0.01,2.0926223436097925e-06,2.5384651350436025e-06,2.0926223436097925e-06,2.5384651350436025e-06,0.0014465899016686769,0.0015932561423210026,-0.1013875739649106,-4.4584279143381e-07,0.0515482618805766,0.4931506849315068,0.5342465753424658,1.0,2.976777606532098e-07,5.254349926682858e-07,0.01572256345362957
2023-05-12,2021-06-28,1.0134648217519538e-06,1.3645898897190108e-06,0.003971223021582734,2023-05-08,250,27049,131,0.01,1.6894813998406862e-06,2.1782560432921796e-06,1.6894813998406862e-06,2.1782560432921796e-06,0.0012998005230960197,0.0014758916096015249,-0.13547546979445002,-4.887746434514935e-07,0.050693114315518144,0.2595419847328244,0.2900763358778626,1.0,2.1787039234575316e-06,2.767093391272762e-06,0.015676784024458296
2023-05-15,2021-06-30,1.839450625896146e-06,2.1392226242381654e-06,0.005389117459581619,2023-05-10,250,27026,187,100.0,1.040400937653703e-06,1.2407897084913805e-06,1.040400937653703e-06,1.2407897084913805e-06,0.0010200004596340646,0.001113907405708114,-0.09206559191918351,-2.0038877083767762e-07,0.05116828657439943,0.4919786096256685,0.5026737967914439,1.0,3.452277088827764e-07,4.5915307179167744e-07,0.015697351733521225
2023-05-19,2021-07-02,1.1805905788380492e-06,1.7883634741160318e-06,0.0053127677806341,2023-05-12,250,27111,181,100.0,7.811732402117528e-07,1.1427011720053307e-06,7.811732402117528e-07,1.1427011720053307e-06,0.0008838400535231206,0.0010689720164743933,-0.2094631966647229,-3.615279317935779e-07,0.05173819540441443,0.5193370165745856,0.5966850828729282,1.0,2.6546984097273715e-07,3.090612376345523e-07,0.015411284974834826
2023-05-22,2021-07-07,1.3571870816391602e-06,1.0376543669566099e-06,0.00530943137702672,2023-05-15,250,27195,215,100.0,8.58401818640801e-07,6.787370000944899e-07,8.58401818640801e-07,6.787370000944899e-07,0.0009264997672103329,0.0008238549630210951,0.11078772798648262,1.7966481854631107e-07,0.051548261880576596,0.4883720930232558,0.42790697674418604,1.0,3.822886130514584e-07,3.361340589988303e-07,0.015433741818355542
2023-05-24,2021-07-09,4.98011201579265e-06,3.3055694017860318e-06,0.005420844019584984,2023-05-19,250,27326,79,100.0,3.306791915610425e-06,2.3922956852494426e-06,3.306791915610425e-06,2.3922956852494426e-06,0.0018184586648066613,0.0015467047828365446,0.14944188021948224,9.144962303609825e-07,0.05202302806715193,0.4177215189873418,0.2911392405063291,1.0,1.8326765892594165e-06,1.5877450302053036e-06,0.015602581564394216
2023-05-26,2021-07-12,2.127839221201051e-06,2.1979601549555612e-06,0.005376033296722354,2023-05-22,250,27485,176,100.0,1.8087781302487577e-06,1.8049878159016941e-06,1.8087781302487577e-06,1.8049878159016941e-06,0.0013449082237270906,0.0013434983497949279,0.0010483049380540788,3.790314347063581e-09,0.05240267879304834,0.4602272727272727,0.5170454545454546,1.0,1.3889609053115304e-06,1.2879189487255533e-06,0.015581509706981796
2023-05-31,2021-07-16,4.946795579902884e-06,3.987729293848167e-06,0.0052453468697123504,2023-05-24,250,27455,39,1.0,4.946795579902884e-06,3.987729293848167e-06,4.946795579902884e-06,3.987729293848167e-06,0.0022241392896810404,0.001996929967186673,0.10215606709009273,9.590662860547164e-07,0.05401458830623825,0.5897435897435898,0.5897435897435898,1.0,,,
2023-06-02,2021-07-19,1.2189421756471915e-06,1.691153965413404e-06,0.00516408462435449,2023-05-26,250,27507,143,100.0,1.196245532294043e-06,1.87037710107381e-06,1.196245532294043e-06,1.87037710107381e-06,0.001093730100296249,0.0013676173079753744,-0.25041571737391166,-6.741315687797671e-07,0.053540766928029816,0.4125874125874126,0.5034965034965035,1.0,1.1262101756614703e-06,2.4234084911116347e-06,0.015316658764401882
2023-06-07,2021-07-21,2.7310512542183642e-06,3.204884130704727e-06,0.005189442553428938,2023-05-31,250,27414,68,100.0,1.8019194491229265e-06,2.5220358043928022e-06,1.8019194491229265e-06,2.5220358043928022e-06,0.001342355932352864,0.0015880918752996635,-0.18306317797253424,-7.201163552698757e-07,0.05297188476610571,0.27941176470588236,0.3382352941176471,1.0,9.258808900329427e-07,1.8782073824415589e-06,0.015094439642081164
2023-06-09,2021-07-23,2.118653081109318e-06,2.591845663649661e-06,0.005150357202193056,2023-06-02,250,27488,89,100.0,1.582171837586316e-06,2.0636778844815074e-06,1.582171837586316e-06,2.0636778844815074e-06,0.0012578441229287181,0.0014365506898406013,-0.1420736986835771,-4.815060468951913e-07,0.05240267879304834,0.4943820224719101,0.5280898876404494,1.0,1.292018030448521e-07,6.332234825677578e-07,0.015055747675529562
2023-06-12,2021-07-26,1.9007900843728907e-06,1.8726550213473378e-06,0.005139257294429709,2023-06-07,250,27421,129,100.0,1.364900762467629e-06,1.3598440052504913e-06,1.364900762467629e-06,1.3598440052504913e-06,0.0011682896740396317,0.0011661234948539933,0.001854145623104153,5.056757217137646e-09,0.052307779623344874,0.5736434108527132,0.5426356589147286,1.0,4.899794205814872e-07,5.226015299903339e-07,0.015028781111886486
2023-06-16,2021-07-28,1.366488768962009e-06,1.432390442799265e-06,0.00499973119724746,2023-06-09,250,27374,142,100.0,4.805053404464396e-06,4.1514803120157765e-06,4.805053404464396e-06,4.1514803120157765e-06,0.0021920432031473274,0.0020375181746467384,0.07049360536266924,6.535730924486193e-07,0.051928092860359196,0.352112676056338,0.4859154929577465,1.0,9.11690429660231e-06,7.561132687699974e-06,0.014597544057840039
2023-06-21,2021-07-30,1.5312434926291871e-06,9.533114406244783e-07,0.005026755310523758,2023-06-12,250,27435,82,0.01,1.542588202524554e-06,1.7441535567120481e-06,1.542588202524554e-06,1.7441535567120481e-06,0.0012420097433291553,0.0013206640589915545,-0.06332825976998357,-2.0156535418749414e-07,0.05249756895775398,0.2926829268292683,0.2926829268292683,1.0,1.5523859065250982e-06,2.4271535660604038e-06,0.014919184317672357
2023-06-23,2021-08-02,1.6557669684612301e-06,1.8885214668181302e-06,0.004973262032085563,2023-06-16,250,27489,189,100.0,1.3299062124814485e-06,1.6821444137915762e-06,1.3299062124814485e-06,1.6821444137915762e-06,0.001153215596704037,0.0012969751014539855,-0.12465969516959552,-3.5223820131012774e-07,0.052592450119170596,0.4126984126984127,0.3915343915343915,1.0,8.761760459273216e-07,1.394783960210298e-06,0.01494208380105839
2023-06-26,2021-08-04,8.636521840562417e-07,8.672065381980351e-07,0.004981787015213198,2023-06-21,250,27485,179,100.0,6.472015824649348e-07,7.259677039743513e-07,6.472015824649348e-07,7.259677039743513e-07,0.0008044883979678854,0.0008520373841413012,-0.059104626360707124,-7.876612150941643e-08,0.05268732227900647,0.5139664804469274,0.5195530726256983,1.0,3.669258034813198e-07,5.430815211975297e-07,0.015055905911682559
2023-06-28,2021-08-06,8.734247006365963e-07,9.744792272848662e-07,0.0049452302456662765,2023-06-23,250,27608,82,100.0,7.890760071800079e-07,9.556957682978468e-07,7.890760071800079e-07,9.556957682978468e-07,0.000888299503084409,0.0009775969354994148,-0.1005262663155182,-1.6661976111783883e-07,0.052971884766105724,0.4268292682926829,0.4878048780487805,1.0,7.087439181737333e-07,9.378067597387805e-07,0.014953731343283583
2023-06-30,2021-08-09,3.3633573072737836e-06,2.558274134926538e-06,0.004905322010654571,2023-06-26,250,27707,166,100.0,2.045527428492358e-06,1.609503885140279e-06,2.045527428492358e-06,1.609503885140279e-06,0.0014302193637663971,0.0012686622423404422,0.11295967983575883,4.360235433520789e-07,0.05316154811423236,0.5843373493975904,0.6204819277108434,1.0,4.0714433595328755e-07,4.299516827033076e-07,0.014887514551140128
2023-07-05,2021-08-11,1.8149528802948206e-06,1.554596085454662e-06,0.004832172919048113,2023-06-28,250,27685,81,100.0,1.0582124760327948e-06,8.969203499464019e-07,1.0582124760327948e-06,8.969203499464019e-07,0.0010286945494328212,0.0009470587890656007,0.07935860106601234,1.6129212608639288e-07,0.05297188476610572,0.35802469135802467,0.35802469135802467,1.0,3.5552495778948445e-07,2.862214526887321e-07,0.014696971540593526
2023-07-07,2021-08-13,7.321641721118128e-07,7.629689161716165e-07,0.00484854804233356,2023-06-30,250,27817,107,100.0,5.904099580298647e-07,6.900895744973838e-07,5.904099580298647e-07,6.900895744973838e-07,0.0007683813883937225,0.000830716302053465,-0.08112496554614856,-9.967961646751913e-08,0.05316154811423236,0.5514018691588785,0.6355140186915887,1.0,2.7253687190670833e-07,5.266631719551651e-07,0.014835029340854296
2023-07-10,2021-08-16,1.7339827247193517e-06,1.2331558835550565e-06,0.004877281308999371,2023-07-05,250,27858,175,0.01,1.1005562704757503e-06,8.308746328901883e-07,1.1005562704757503e-06,8.308746328901883e-07,0.0010490740061958213,0.000911523248683317,0.13111635280269152,2.6968163758556205e-07,0.053161548114232356,0.5371428571428571,0.44,1.0,1.5041658911034812e-07,2.2745275689288592e-07,0.014872577813248203
2023-07-14,2021-08-18,1.070449350855096e-06,1.0289207749078247e-06,0.004880864910255066,2023-07-07,250,27921,99,100.0,8.415710704758321e-07,9.039098345600071e-07,8.415710704758321e-07,9.039098345600071e-07,0.0009173718278189232,0.0009507417286308659,-0.03637554566209067,-6.233876408417499e-08,0.05325636630043149,0.5757575757575758,0.5252525252525253,1.0,3.395154877084139e-07,6.296922879906003e-07,0.014508339265059171
2023-07-17,2021-08-20,1.2802121278072977e-06,9.689910273477372e-07,0.004877025538832662,2023-07-10,250,28035,100,100.0,9.100682045774547e-07,7.174204563968991e-07,9.100682045774547e-07,7.174204563968991e-07,0.0009539749496592951,0.0008470067628991513,0.11212892623474724,1.926477481805556e-07,0.05344597570562601,0.63,0.59,1.0,4.6399050374487275e-08,1.304224575116109e-07,0.01451738114316239
2023-07-19,2021-08-23,1.412269310241624e-06,6.763227893198808e-07,0.004800495535022969,2023-07-14,250,28013,78,100.0,1.8710981397202909e-06,1.1096983935891302e-06,1.8710981397202909e-06,1.1096983935891302e-06,0.001367880893835531,0.0010534222294925858,0.2298874600559736,7.613997461311607e-07,0.053445975705626016,0.20512820512820512,0.16666666666666666,1.0,2.264379993559148e-06,1.481163197248487e-06,0.014360441665382327
2023-07-21,2021-08-25,2.178463635817678e-06,2.301663821995845e-06,0.004815409309791331,2023-07-17,250,27989,195,100.0,1.4683335858394744e-06,1.7913732302135336e-06,1.4683335858394744e-06,1.7913732302135336e-06,0.001211748152810424,0.001338421917862052,-0.10453803024814357,-3.230396443740592e-07,0.053445975705626016,0.37435897435897436,0.4205128205128205,1.0,4.2561098080818793e-07,1.0420857789888746e-06,0.01442427573090363
2023-07-24,2021-08-27,5.656756824665262e-07,4.5451081042215983e-07,0.004845264145045326,2023-07-19,250,28005,199,1.0,4.5251900741957314e-07,4.208404541168541e-07,4.5251900741957314e-07,4.208404541168541e-07,0.0006726953303090287,0.0006487221702060552,0.035637470668869464,3.167855330271906e-08,0.0535407669280298,0.507537688442211,0.4472361809045226,1.0,2.8063545038622703e-07,3.696956090961363e-07,0.01442427573090363
2023-07-26,2021-08-30,1.7235852073124884e-06,1.2175914563480976e-06,0.004803222807561202,2023-07-21,250,28102,85,100.0,1.0234563159352487e-06,9.418191767433939e-07,1.0234563159352487e-06,9.418191767433939e-07,0.0010116601780910666,0.0009704736867856819,0.040711784646007,8.16371391918548e-08,0.053635549165909395,0.5176470588235295,0.5411764705882353,1.0,3.0665768904902733e-07,6.59480890481436e-07,0.014321028016862816
2023-07-28,2021-09-01,1.4453538570917358e-06,1.8370681323222096e-06,0.004813166338888313,2023-07-24,250,28194,191,100.0,9.765870050298258e-07,1.2877994990575063e-06,9.765870050298258e-07,1.2877994990575063e-06,0.00098822416739818,0.0011348125391700192,-0.14833514156791017,-3.112124940276805e-07,0.053635549165909395,0.6020942408376964,0.6963350785340314,1.0,2.3542860379680596e-07,4.193612545714212e-07,0.014414393688258307
2023-07-31,2021-09-03,1.4333537952301127e-06,1.0568410673344177e-06,0.00474901700454476,2023-07-26,250,28213,148,100.0,1.1559900274916916e-06,8.637285654100401e-07,1.1559900274916916e-06,8.637285654100401e-07,0.0010751697668236824,0.0009293699830584374,0.1356062905265405,2.9226146208165144e-07,0.0537303224209678,0.5472972972972973,0.4864864864864865,1.0,1.5054636943991328e-07,1.6369574593417113e-07,0.014274641075024075
2023-08-02,2021-09-08,2.09605156271926e-06,1.829272417607584e-06,0.004754479691214437,2023-07-28,250,28349,80,100.0,1.6605586275238232e-06,1.4242886224356882e-06,1.6605586275238232e-06,1.4242886224356882e-06,0.0012886266439600816,0.0011934356381622295,0.07387012075531851,2.3627000508813495e-07,0.053919841989430436,0.3875,0.3375,1.0,1.1792243307288662e-06,9.766749540878037e-07,0.014288400368033652
2023-08-04,2021-09-10,1.2048121536315788e-05,1.2255833684890046e-05,0.004864780038709003,2023-07-31,250,28448,142,100.0,5.647840782294818e-06,5.8773933966570655e-06,5.647840782294818e-06,5.8773933966570655e-06,0.0023765186265406837,0.002424333598467229,-0.020119754750732133,-2.2955261436224777e-07,0.05391984198943044,0.39436619718309857,0.39436619718309857,1.0,2.4500637954984216e-07,4.92995750746109e-07,0.014531612601372423
2023-08-07,2021-09-13,7.738348893450835e-06,6.8012838093895865e-06,0.0038463651849002687,2023-08-02,250,28468,173,0.01,4.480331188301452e-06,4.066260213866958e-06,4.480331188301452e-06,4.066260213866958e-06,0.002116679283288201,0.0020164970155859287,0.04732992309852524,4.140709744344948e-07,0.05391984198943044,0.4682080924855491,0.44508670520231214,1.0,3.220717488344784e-07,5.755064143183386e-07,0.01459763434121886
2023-08-09,2021-09-17,2.6864997763005557e-06,2.116187342100774e-06,0.0038932146829810895,2023-08-04,250,28492,74,0.01,1.400322641898834e-06,1.3041888704665146e-06,1.400322641898834e-06,1.3041888704665146e-06,0.0011833522898523643,0.001142010888943934,0.0349358354760001,9.613377143231929e-08,0.05420405401351213,0.5,0.5540540540540541,1.0,1.8183904088667708e-07,5.349271604972157e-07,0.01453452701949861
2023-08-11,2021-09-20,2.4951196805251895e-06,3.0770528577552672e-06,0.003933247176490418,2023-08-07,250,28561,131,0.01,1.6276348130196754e-06,2.1492940581713727e-06,1.6276348130196754e-06,2.1492940581713727e-06,0.0012757879185114097,0.0014660470859325673,-0.1491307173085259,-5.216592451516973e-07,0.053919841989430436,0.3511450381679389,0.366412213740458,1.0,9.998497115354207e-07,1.4778896637356595e-06,0.014627097396335586
2023-08-14,2021-09-22,2.0954419953721467e-06,2.1789745622154573e-06,0.0052871365093649795,2023-08-09,250,28526,170,100.0,1.2189598230060372e-06,1.3397550714217327e-06,1.2189598230060372e-06,1.3397550714217327e-06,0.0011040651353095238,0.0011574778924116574,-0.04837826627607389,-1.207952484156955e-07,0.05391984198943044,0.5705882352941176,0.6176470588235294,1.0,5.431912821819311e-08,2.2462780283281194e-07,0.014635631100639519
2023-08-18,2021-09-24,2.3220165870332444e-06,2.1467131911899673e-06,0.005402298850574715,2023-08-11,250,28596,190,0.01,1.915142572757122e-06,2.00524365169546e-06,1.915142572757122e-06,2.00524365169546e-06,0.001383886762982117,0.0014160662596416384,-0.02325298392924746,-9.010107893833811e-08,0.05410932564703195,0.3736842105263158,0.4631578947368421,1.0,1.3676207510769085e-06,1.8148710615114935e-06,0.014949618373100462
2023-08-21,2021-09-27,1.5536870522944688e-06,1.9522069171622527e-06,0.005387128202189236,2023-08-14,250,28656,215,100.0,8.397684560460157e-07,1.1342733002608017e-06,8.397684560460157e-07,1.1342733002608017e-06,0.0009163888127023461,0.0010650226759373726,-0.16219519615993438,-2.9450484421478595e-07,0.054014588306238245,0.4558139534883721,0.5209302325581395,1.0,1.0564461650751183e-07,2.931906187300641e-07,0.01494242611683849
2023-08-23,2021-09-29,9.895673509849367e-06,7.2419011781400754e-06,0.00530384246459403,2023-08-18,250,28746,76,100.0,5.462729234449658e-06,4.133070343840308e-06,5.462729234449658e-06,4.133070343840308e-06,0.0023372482184076337,0.0020329954116623844,0.13017565030064993,1.3296588906093495e-06,0.05420405401351213,0.35526315789473684,0.3026315789473684,1.0,1.0297849590499479e-06,1.0242395095405404e-06,0.014886155426223893
2023-08-25,2021-10-01,3.3952288723212286e-06,3.605888387361648e-06,0.0053294024265789774,2023-08-21,250,28905,172,100.0,2.17038129049072e-06,2.494740148155845e-06,2.17038129049072e-06,2.494740148155845e-06,0.0014732213990065173,0.001579474643087329,-0.07212306592374018,-3.2435885766512496e-07,0.05429877340737881,0.43023255813953487,0.5232558139534884,1.0,6.232053976521826e-07,1.0911844775800936e-06,0.014929087413307696
2023-08-28,2021-10-04,2.4536611503544733e-06,2.115470506235031e-06,0.005262863221544145,2023-08-23,250,28873,168,100.0,1.4833886882492658e-06,1.3722736783349221e-06,1.4833886882492658e-06,1.3722736783349221e-06,0.0012179444520376394,0.0011714408556708794,0.0381820339088198,1.111150099143437e-07,0.05458287777029171,0.5833333333333334,0.5833333333333334,1.0,1.5780518368299597e-07,3.5692026556998473e-07,0.014824576675682438
2023-08-30,2021-10-06,1.0336382286276032e-05,7.434815542693388e-06,0.005105366065609384,2023-08-25,250,28944,75,100.0,6.098964977632641e-06,4.528082779944437e-06,6.098964977632641e-06,4.528082779944437e-06,0.0024696082640031478,0.0021279292234340024,0.1383535379069779,1.5708821976882043e-06,0.05410932564703195,0.37333333333333335,0.29333333333333333,1.0,1.7470228768637508e-06,1.5427896722563243e-06,0.014521259684744854
2023-09-01,2021-10-08,3.3576567713404908e-06,3.63318440130654e-06,0.005003459839250545,2023-08-28,250,29056,166,100.0,2.596168684809641e-06,3.082331280058001e-06,2.596168684809641e-06,3.082331280058001e-06,0.0016112630712610653,0.001755656936892285,-0.08961532614175094,-4.861625952483603e-07,0.05410932564703194,0.1927710843373494,0.27710843373493976,1.0,1.2151648668638625e-06,2.083326466946243e-06,0.014482888864216718
2023-09-06,2021-10-11,5.033896450855409e-06,4.005587744587265e-06,0.004955192409066947,2023-08-30,250,29076,71,100.0,3.95742852083328e-06,3.5339914321478693e-06,3.95742852083328e-06,3.5339914321478693e-06,0.001989328660838445,0.0018798913351967632,0.05501218968793076,4.234370886854109e-07,0.05401458830623826,0.29577464788732394,0.22535211267605634,1.0,2.7178593892926463e-06,2.990941132975231e-06,0.014518673760128217
2023-09-08,2021-10-15,1.7398077500168998e-06,1.8547773293617098e-06,0.005293985131786436,2023-09-01,250,29142,94,100.0,1.3490691328756986e-06,1.5148164258958566e-06,1.3490691328756986e-06,1.5148164258958566e-06,0.001161494353355064,0.0012307787883676972,-0.05965111652286548,-1.65747293020158e-07,0.05382508669490745,0.4574468085106383,0.5106382978723404,1.0,2.7063054956598267e-07,5.765243323301007e-07,0.014661951219512194
2023-09-11,2021-10-18,1.4445981922604613e-06,1.2553274407608784e-06,0.0052755640363677195,2023-09-06,250,29095,153,100.0,1.0819738876141806e-06,1.1843325255880405e-06,1.0819738876141806e-06,1.1843325255880405e-06,0.0010401797381290314,0.0010882704285185923,-0.04623305821747836,-1.0235863797385988e-07,0.054014588306238245,0.45751633986928103,0.42483660130718953,1.0,3.9777708639478334e-07,1.050379855450611e-06,0.014639901687915251
2023-09-15,2021-10-20,2.1993187608907235e-06,1.9980038048278824e-06,0.005348810743143281,2023-09-08,250,29062,170,100.0,2.1013054150517283e-06,1.910679593218535e-06,2.1013054150517283e-06,1.910679593218535e-06,0.001449588015627795,0.0013822733424393799,0.046437106586633914,1.9062582183319316e-07,0.054014588306238245,0.4470588235294118,0.37058823529411766,1.0,1.9506281818962575e-06,1.776434909699687e-06,0.014482567279509723
2023-09-18,2021-10-22,2.9606947822181442e-06,2.618846573276273e-06,0.005371121650191418,2023-09-11,250,29153,177,100.0,1.7215061540249231e-06,1.5822322357611574e-06,1.7215061540249231e-06,1.5822322357611574e-06,0.0013120617950481308,0.0012578681313083488,0.041304200720053696,1.3927391826376577e-07,0.054109325647031956,0.3559322033898305,0.3954802259887006,1.0,1.1217027325450576e-07,2.3597984937789163e-07,0.014681056453977485
2023-09-20,2021-10-25,2.411885226155631e-06,2.1456772690304615e-06,0.005249343832020997,2023-09-15,250,29191,81,100.0,2.328213710973782e-06,2.318000578498465e-06,2.328213710973782e-06,2.318000578498465e-06,0.0015258485216343666,0.0015224981374367802,0.0021957515114263693,1.0213132475316895e-08,0.05391984198943044,0.18518518518518517,0.1111111111111111,1.0,2.254271441743311e-06,2.470286293842282e-06,0.014702943235978407
2023-09-22,2021-10-27,9.379981792291593e-07,9.657509445403787e-07,0.0054044730638762705,2023-09-18,250,29236,191,100.0,7.611673427037057e-07,7.821106587437711e-07,7.611673427037057e-07,7.821106587437711e-07,0.0008724490487723083,0.0008843702045771166,-0.0136640137571169,-2.0943316040065385e-08,0.05420405401351213,0.5235602094240838,0.5078534031413613,1.0,5.158145570246386e-07,5.273097622009783e-07,0.015088759591089271
2023-09-25,2021-10-29,8.983558116409369e-07,7.197021265191014e-07,0.005377882029864411,2023-09-20,250,29252,193,1.0,5.605723856973785e-07,5.105218358896446e-07,5.605723856973785e-07,5.105218358896446e-07,0.0007487138209605714,0.0007145081076444441,0.045685964862038464,5.0050549807733935e-08,0.054109325647031956,0.5077720207253886,0.5129533678756477,1.0,1.0332896765183002e-07,2.273631497936722e-07,0.015122763812090517
2023-09-27,2021-11-01,3.527392184407206e-06,3.1252752345505216e-06,0.005466387531984185,2023-09-22,250,29328,82,0.01,1.8642562086848668e-06,1.7881410035328134e-06,1.8642562086848668e-06,1.7881410035328134e-06,0.0013653776798691513,0.0013372138959541265,0.020627101446190177,7.611520515205342e-08,0.05429877340737882,0.36585365853658536,0.43902439024390244,1.0,4.2791150237921037e-07,6.333432585629739e-07,0.01528397670705363
2023-09-29,2021-11-03,4.648205802423059e-06,4.587637876163722e-06,0.0055070595816978166,2023-09-25,250,29444,173,0.01,2.5026826069125653e-06,2.528938373463265e-06,2.5026826069125653e-06,2.528938373463265e-06,0.0015819869174277534,0.0015902636176003226,-0.005231838570464831,-2.6255766550699654e-08,0.05410932564703195,0.5202312138728323,0.5722543352601156,1.0,6.579206386360925e-08,1.906623950874376e-07,0.015189816111266689
2023-10-02,2021-11-05,2.538424019412763e-06,2.666101163667529e-06,0.005490333508556744,2023-09-27,250,29463,217,0.01,1.2692261618705622e-06,1.3627257554108095e-06,1.2692261618705622e-06,1.3627257554108095e-06,0.0011265993794914687,0.0011673584519807142,-0.03617885224439199,-9.349959354024729e-08,0.054014588306238245,0.4147465437788018,0.4147465437788018,1.0,1.0111485935384594e-07,1.6315900798869655e-07,0.015226770843080382
2023-10-04,2021-11-08,8.161506697964709e-07,1.162308074391234e-06,0.0054524361948955925,2023-09-29,250,29559,81,0.01,7.43421009842576e-07,9.409256728998852e-07,7.43421009842576e-07,9.409256728998852e-07,0.000862218655471207,0.00097001323336328,-0.1250200018383536,-1.9750466305730918e-07,0.05467756129069573,0.4444444444444444,0.3950617283950617,1.0,6.822619776086192e-07,7.547631989185238e-07,0.015439502834507462
2023-10-06,2021-11-10,2.5667975603275554e-06,2.5367780930347674e-06,0.005374192441827226,2023-10-02,250,29677,102,100.0,2.0334340147761856e-06,1.960964639888504e-06,2.0334340147761856e-06,1.960964639888504e-06,0.0014259852785972883,0.0014003444718670133,0.017981116015094667,7.246937488768144e-08,0.054582877770291714,0.39215686274509803,0.35294117647058826,1.0,1.1351375170054583e-06,9.911735609053246e-07,0.01533366313309777
2023-10-09,2021-11-12,6.996894053080097e-07,7.675297649102612e-07,0.005296073018198209,2023-10-04,250,29698,174,100.0,4.512087851677664e-07,5.026225073223455e-07,4.512087851677664e-07,5.026225073223455e-07,0.0006717207642821281,0.000708958748674664,-0.055436702827449835,-5.1413722154579076e-08,0.05477223584697943,0.5172413793103449,0.5172413793103449,1.0,1.5240297613835964e-07,1.8406314693181327e-07,0.0151537458676724
2023-10-13,2021-11-15,1.1382810881208947e-06,1.0306863490502181e-06,0.00520170438824636,2023-10-06,250,29723,105,0.01,2.768948629414761e-06,2.441841393301553e-06,2.768948629414761e-06,2.441841393301553e-06,0.001664015814051886,0.001562639239652439,0.06092284312646923,3.271072361132083e-07,0.05477223584697944,0.3238095238095238,0.26666666666666666,1.0,5.765851137738626e-06,5.035315528682385e-06,0.015009777244846192
2023-10-16,2021-11-19,5.174653805184476e-07,4.5358226420169254e-07,0.005255800950517193,2023-10-09,250,29797,108,0.01,1.0165001927732157e-06,8.749049158629146e-07,1.0165001927732157e-06,8.749049158629146e-07,0.0010082163422466509,0.0009353635207035362,0.07225911591630585,1.4159527691030108e-07,0.05467756129069573,0.37962962962962965,0.42592592592592593,1.0,1.9357748469267364e-06,1.651025589975692e-06,0.015084913093858633
2023-10-18,2021-11-22,9.478867196613701e-07,1.2413819165633582e-06,0.0053062376517075925,2023-10-13,250,29789,82,100.0,7.87349996828875e-07,9.94419792240555e-07,7.87349996828875e-07,9.94419792240555e-07,0.0008873274462276454,0.0009972059928823908,-0.12383088917386642,-2.0706979541168005e-07,0.054677561290695724,0.4634146341463415,0.5121951219512195,1.0,6.417469226319607e-07,7.704308887849894e-07,0.014928535388284944
2023-10-20,2021-11-24,6.519256424200778e-07,8.209968370366884e-07,0.0053573464037387445,2023-10-16,250,29770,198,100.0,2.5213017272512273e-06,2.251407238325479e-06,2.5213017272512273e-06,2.251407238325479e-06,0.0015878607392498963,0.0015004690061195796,0.05503740408091484,2.698944889257482e-07,0.054488185284069734,0.3282828282828283,0.3383838383838384,1.0,5.0583121280935026e-06,4.1926784972174096e-06,0.015264263771310656
2023-10-23,2021-11-26,3.591499548551866e-07,3.984719417496651e-07,0.0054372975474317456,2023-10-18,250,29780,195,0.01,1.7401218127885756e-06,1.8246556850044416e-06,1.7401218127885756e-06,1.8246556850044416e-06,0.0013191367680375585,0.0013507981659020868,-0.02400160364844517,-8.453387221586597e-08,0.05429877340737881,0.3076923076923077,0.3282051282051282,1.0,3.64316839750166e-06,3.7900064531482195e-06,0.015454165578480025
2023-10-25,2021-11-29,1.188498922351277e-06,1.4885894327047143e-06,0.005419741697416973,2023-10-20,250,29896,80,0.01,1.5029646582179888e-06,1.3672893326738383e-06,1.5029646582179888e-06,1.3672893326738383e-06,0.0012259545906019476,0.0011693114780390375,0.04620327130966417,1.3567532554415047e-07,0.054298773407378806,0.55,0.575,1.0,1.7475491194476533e-06,1.272944810427601e-06,0.015365153553808748
2023-10-27,2021-12-01,1.1323081882679883e-06,1.0203126720059326e-06,0.005632452513631733,2023-10-23,250,29982,192,1.0,1.813477763554099e-06,1.464893239181966e-06,1.813477763554099e-06,1.464893239181966e-06,0.0013466542850910546,0.001210327740400081,0.10123351345646647,3.4858452437213303e-07,0.054393483830331636,0.23958333333333334,0.2708333333333333,1.0,2.6530588679765147e-06,2.0128646359338208e-06,0.015777820870197547
2023-10-30,2021-12-03,7.016446466684856e-07,7.062200013302938e-07,0.005587920580192606,2023-10-25,250,29990,143,1.0,5.462575697486087e-07,5.610598377526503e-07,5.462575697486087e-07,5.610598377526503e-07,0.0007390923959483068,0.0007490392765086823,-0.013458236906378929,-1.480226800404164e-08,0.054393483830331636,0.48951048951048953,0.4965034965034965,1.0,1.4613584667992547e-07,1.8727241654021833e-07,0.015849663971948962
2023-11-03,2021-12-08,,,,2023-10-27,250,30045,40,0.01,1.8930562276174683e-05,1.4549641492472842e-05,1.8930562276174683e-05,1.4549641492472842e-05,0.0043509265997227166,0.0038143992308714673,0.12331335786851516,4.380920783701841e-06,0.05391984198943043,0.15,0.15,1.0,1.8930562276174683e-05,1.4549641492472842e-05,0.015110827374872318
2023-11-06,2021-12-10,1.1132315872993305e-06,1.3177591063142937e-06,0.004019247098782905,2023-10-30,250,30121,165,100.0,9.748043548731706e-07,1.2205339341929963e-06,9.748043548731706e-07,1.2205339341929963e-06,0.0009873218091752914,0.0011047777759318823,-0.11896421781131483,-2.4572957931982574e-07,0.053825086694907466,0.41818181818181815,0.40606060606060607,1.0,8.204047494747611e-07,1.11209047298078e-06,0.014974211507051005
2023-11-08,2021-12-13,3.5093567604645227e-06,3.1083570090873947e-06,0.0039049609503904966,2023-11-03,250,30090,35,100.0,3.5093567604645227e-06,3.1083570090873947e-06,3.5093567604645227e-06,3.1083570090873947e-06,0.0018733277237217526,0.001763053319978552,0.05886551634655668,4.00999751377128e-07,0.054014588306238245,0.6571428571428571,0.5714285714285714,1.0,,,
2023-11-09,2021-12-17,1.5901817447546571e-06,1.32015488583219e-06,0.0038821149324730704,2023-11-06,250,30156,85,100.0,8.520726952330555e-07,7.723424829671501e-07,8.520726952330555e-07,7.723424829671501e-07,0.0009230778381225797,0.0008788301786847958,0.04793491687307527,7.973021226590541e-08,0.05391984198943045,0.6705882352941176,0.7058823529411765,1.0,5.995566647816561e-08,1.8444624574613173e-07,0.014886540880503146
2023-11-10,2021-12-20,4.386551850857925e-06,4.0146396672908386e-06,0.003892330464338577,2023-11-08,250,30083,152,100.0,2.638670580694992e-06,2.4491299440093218e-06,2.638670580694992e-06,2.4491299440093218e-06,0.001624398528900772,0.0015649696303792358,0.03658517135062389,1.8954063668567028e-07,0.053919841989430436,0.5592105263157895,0.5,1.0,8.441791433277144e-07,8.418732947736307e-07,0.015003549695740363
2023-11-13,2021-12-22,9.636616531591568e-07,8.136843880352015e-07,0.005096566523605149,2023-11-09,250,30046,173,100.0,5.993675987707048e-07,5.102563492984177e-07,5.993675987707048e-07,5.102563492984177e-07,0.0007741883483821652,0.0007143223007147528,0.07732749762059266,8.911124947228711e-08,0.053825086694907466,0.5491329479768786,0.49710982658959535,1.0,1.2335670103646123e-07,1.1377704534902038e-07,0.01477301922334945
2023-11-17,2021-12-27,1.2278716441930266e-07,7.312538956092927e-07,0.005007643244952823,2023-11-10,250,30132,160,1.0,8.551024793616785e-08,6.334494753114266e-07,8.551024793616785e-08,6.334494753114266e-07,0.0002924213534203134,0.0007958953921913524,-1.7217417021094485,-5.479392273752588e-07,0.053635549165909416,0.475,0.60625,1.0,3.241888203594555e-08,4.941522706447689e-07,0.014457366235035426
2023-11-20,2021-12-29,4.5132737040769257e-07,8.622116622932005e-07,0.005008171226738362,2023-11-13,250,30188,188,1.0,2.748219943214397e-07,6.348467490506215e-07,2.748219943214397e-07,6.348467490506215e-07,0.0005242346748560607,0.0007967727085252239,-0.5198779225048287,-3.6002475472918176e-07,0.05354076692802981,0.5319148936170213,0.5851063829787234,1.0,6.093900918162739e-08,3.593339718272608e-07,0.014439406375474173
2023-11-21,2021-12-31,5.285029864359607e-07,9.588673471932828e-07,0.0049621311047270845,2023-11-17,250,30287,71,100.0,4.4277088270725145e-07,1.034659866755651e-06,4.4277088270725145e-07,1.034659866755651e-06,0.0006654103115426237,0.0010171823173628467,-0.5286542749911831,-5.918889840483995e-07,0.053919841989430416,0.29577464788732394,0.5070422535211268,1.0,3.494741815907149e-07,1.1171399615735223e-06,0.014329106678994409
2023-11-22,2022-01-03,1.1979159381226764e-07,5.659206168547722e-07,0.0049832144355853964,2023-11-20,250,30379,176,100.0,3.0022187281881895e-07,6.380142145105391e-07,3.0022187281881895e-07,6.380142145105391e-07,0.0005479250613166174,0.0007987579198421379,-0.4577867964695581,-3.3779234169172017e-07,0.05382508669490748,0.4772727272727273,0.5738636363636364,1.0,5.376301346695443e-07,7.32874211426022e-07,0.014360403291636327
2023-11-24,2022-01-05,1.5978630229785362e-06,1.5652204985014095e-06,0.004965762375202551,2023-11-21,250,30355,157,100.0,1.0070436706721241e-06,1.194498453403551e-06,1.0070436706721241e-06,1.194498453403551e-06,0.0010035156554195476,0.001092931129304839,-0.08910222117851152,-1.874547827314269e-07,0.05391984198943044,0.5605095541401274,0.6942675159235668,1.0,1.7080704894612573e-07,6.697841741881212e-07,0.014305173398971473
2023-11-27,2022-01-07,6.028343514958973e-07,7.357300190953944e-07,0.005000789598357635,2023-11-22,250,30482,156,100.0,4.291984799496951e-07,5.763107479168403e-07,4.291984799496951e-07,5.763107479168403e-07,0.0006551324140581773,0.0007591513340018842,-0.15877541350666524,-1.4711226796714525e-07,0.05391984198943044,0.5833333333333334,0.5833333333333334,1.0,1.7959691460202943e-07,3.4714554559766917e-07,0.014296376015813751
2023-11-29,2022-01-10,1.4935654761760362e-07,2.900985069090529e-07,0.004989495798319329,2023-11-24,250,30594,76,100.0,3.6393816488414604e-07,3.3998377486278526e-07,3.6393816488414604e-07,3.3998377486278526e-07,0.0006032728776301368,0.0005830812763781609,0.03347009620471508,2.3954390021360784e-08,0.0532563663004315,0.4342105263157895,0.5394736842105263,1.0,5.901187884894203e-07,3.9256554378698975e-07,0.014308003429098983
2023-12-01,2022-01-14,3.2168530064933314e-07,6.004640683515028e-07,0.005001316135825217,2023-11-27,250,30655,127,100.0,3.9718750057852626e-07,7.020995895988587e-07,3.9718750057852626e-07,7.020995895988587e-07,0.0006302281337567582,0.0008379138318460071,-0.3295405059930361,-3.049120890203324e-07,0.05306672093669221,0.4881889763779528,0.5984251968503937,1.0,7.385887524322692e-07,1.1616689030651648e-06,0.014261919368974585
2023-12-04,2022-01-21,5.594139672037567e-07,3.754168456795261e-07,0.004967580004183225,2023-11-29,250,30681,177,100.0,1.0466674297831802e-06,9.906176441447655e-07,1.0466674297831802e-06,9.906176441447655e-07,0.0010230676565033128,0.0009952977665727808,0.027143747291792253,5.6049785638414705e-08,0.0528770396007669,0.4915254237288136,0.4519774011299435,1.0,1.6794641344317823e-06,1.7895797200736484e-06,0.014178043999128734
2023-12-06,2022-01-24,1.4449303852784406e-06,1.114046756956638e-06,0.004911591355599214,2023-12-01,250,30684,67,100.0,8.272834792559663e-07,8.559483387188611e-07,8.272834792559663e-07,8.559483387188611e-07,0.0009095512515828705,0.0009251747611769687,-0.017177162437970406,-2.8664859462894867e-08,0.05306672093669224,0.43283582089552236,0.29850746268656714,1.0,1.517321757938848e-07,5.73653193771293e-07,0.014255672360928603
2023-12-08,2022-01-26,5.395236838160934e-07,9.75470548350322e-07,0.004890101405260719,2023-12-04,250,30758,118,100.0,5.030287990961312e-07,9.594589783556348e-07,5.030287990961312e-07,9.594589783556348e-07,0.0007092452319868856,0.0009795197692520732,-0.38107346383991647,-4.5643017925950356e-07,0.05297188476610573,0.4915254237288136,0.5084745762711864,1.0,4.5827092160938514e-07,9.398221472300752e-07,0.014204962573380183
2023-12-11,2022-01-28,1.0726420565086232e-06,8.857623205819104e-07,0.0048541208931582435,2023-12-06,250,30751,159,0.01,7.30870838302881e-07,7.599283040982211e-07,7.30870838302881e-07,7.599283040982211e-07,0.0008549098422072827,0.0008717386673184924,-0.019684912116299413,-2.9057465795340048e-08,0.05297188476610573,0.6415094339622641,0.6289308176100629,1.0,2.366170765899622e-07,5.77952957183347e-07,0.014144154715341155
2023-12-13,2022-01-31,,,,2023-12-08,250,30792,28,100.0,3.183525026573503e-06,2.3937396081760263e-06,3.183525026573503e-06,2.3937396081760263e-06,0.001784243544635514,0.0015471714863505035,0.1328697861891044,7.897854183974769e-07,0.05316154811423237,0.32142857142857145,0.21428571428571427,1.0,3.183525026573503e-06,2.3937396081760263e-06,0.014025296272355098
2023-12-15,2022-02-02,2.875401478173127e-06,2.663812866825603e-06,0.004795315733683306,2023-12-11,250,30852,98,100.0,3.67683932037703e-06,3.334577781829192e-06,3.67683932037703e-06,3.334577781829192e-06,0.001917508623286224,0.00182608263280422,0.04767957200907824,3.4226153854783816e-07,0.05287703960076691,0.6530612244897959,0.6428571428571429,1.0,6.802446904972255e-06,5.9505609503431875e-06,0.013790258680960153
2023-12-18,2022-02-04,1.0836032294038732e-06,1.34496319354237e-06,0.004808422331325606,2023-12-13,250,30811,176,100.0,7.960737464973757e-07,9.28311716440035e-07,7.960737464973757e-07,9.28311716440035e-07,0.0008922296489678964,0.0009634893442275503,-0.07986698866383213,-1.3223796994265933e-07,0.05297188476610571,0.4318181818181818,0.4943181818181818,1.0,5.564658440752943e-07,5.811021521880893e-07,0.014134645132422817
2023-12-20,2022-02-07,6.184316857990245e-07,3.14518576087924e-07,0.00482380420432619,2023-12-15,250,30825,82,0.01,9.596127063884377e-07,8.905297278072789e-07,9.596127063884377e-07,8.905297278072789e-07,0.0009795982372322021,0.0009436788266180814,0.03666749208901088,6.908297858115882e-08,0.0528770396007669,0.5487804878048781,0.3902439024390244,1.0,1.3178527780073215e-06,1.4953414371126016e-06,0.013970628001010867
2023-12-22,2022-02-09,1.3662075015259881e-06,1.365584214785513e-06,0.004879802753236079,2023-12-18,250,30892,189,100.0,1.3002508534862685e-06,1.2101771169081414e-06,1.3002508534862685e-06,1.2101771169081414e-06,0.0011402854263237202,0.0011000805047396037,0.035258647226367956,9.00737365781271e-08,0.05278218543896946,0.4603174603174603,0.37566137566137564,1.0,1.2063894697374366e-06,9.890208622364967e-07,0.014033875608208164
2023-12-27,2022-02-11,1.2902430251436305e-07,1.360134482459207e-07,0.00492100492100492,2023-12-20,250,30938,82,100.0,7.816100940947207e-07,8.008643556143119e-07,7.816100940947207e-07,8.008643556143119e-07,0.0008840871529972148,0.0008949102500331036,-0.012242115496415185,-1.9254261519591254e-08,0.05306672093669223,0.34146341463414637,0.3170731707317073,1.0,1.4668251752540966e-06,1.4989578083511225e-06,0.013946836959949544
2023-12-29,2022-02-14,5.923777902758334e-07,9.324888194561771e-07,0.004907531769810931,2023-12-22,250,31064,138,0.01,6.873213329230167e-07,9.99682239931511e-07,6.873213329230167e-07,9.99682239931511e-07,0.0008290484502868435,0.0009998411073423171,-0.20601046536710954,-3.123609070084942e-07,0.05306672093669224,0.5579710144927537,0.5942028985507246,1.0,1.0150296898020045e-06,1.2316079170560503e-06,0.013916408986972665
2024-01-03,2022-02-16,4.561869766309663e-06,3.832579326612779e-06,0.005117431588019824,2023-12-27,250,31042,76,0.01,2.5775958040896895e-06,2.3211989719880314e-06,2.5775958040896895e-06,2.3211989719880314e-06,0.0016054892724928715,0.0015235481521724318,0.051038098929934494,2.563968321016581e-07,0.053161548114232356,0.3157894736842105,0.42105263157894735,1.0,6.9507948095792e-07,8.873253022158347e-07,0.014035360203110124
2024-01-05,2022-02-23,2.2323550380823974e-06,2.041641522737153e-06,0.005222362706833052,2023-12-29,250,31109,99,100.0,1.4521078933469404e-06,1.4544390444900305e-06,1.4521078933469404e-06,1.4544390444900305e-06,0.0012050343950887627,0.0012060012622257203,-0.000802356464594034,-2.331151143090111e-09,0.05335117549699458,0.5959595959595959,0.5757575757575758,1.0,1.9960589785054842e-07,5.118245399354388e-07,0.014196655110426299
2024-01-08,2022-02-25,1.8353273387190525e-06,1.8687833152186132e-06,0.005243404349265921,2024-01-03,250,31122,121,100.0,1.4154188428931168e-06,1.4390044397260646e-06,1.4154188428931168e-06,1.4390044397260646e-06,0.0011897137651103802,0.0011995851114973313,-0.008297244830175687,-2.358559683294777e-08,0.0532563663004315,0.47107438016528924,0.4462809917355372,1.0,4.239682277485458e-07,4.2424876147977016e-07,0.014177237561976407
2024-01-10,2022-02-28,,,,2024-01-05,250,31107,69,100.0,2.3250880932068384e-07,3.642569500758818e-07,2.3250880932068384e-07,3.642569500758818e-07,0.00048219167280313317,0.0006035370328951504,-0.2516537861108179,-1.3174814075519798e-07,0.0532563663004315,0.18840579710144928,0.057971014492753624,1.0,2.3250880932068384e-07,3.642569500758818e-07,0.013998930108888323
2024-01-12,2022-03-02,3.514928999010427e-06,3.115009256146082e-06,0.00511881028072633,2024-01-08,250,31119,88,100.0,2.5474890429799972e-06,2.357858052932616e-06,2.5474890429799972e-06,2.357858052932616e-06,0.0015960855374885135,0.0015355318469288145,0.03793887554108277,1.8963099004738115e-07,0.053161548114232356,0.4772727272727273,0.5113636363636364,1.0,5.792491324353308e-07,8.1744698432591e-07,0.013926341975438229
2024-01-17,2022-03-04,,,,2024-01-10,250,31113,42,100.0,9.63706964898167e-07,9.215548236241974e-07,9.63706964898167e-07,9.215548236241974e-07,0.0009816857770682873,0.0009599764703492464,0.0221143131806123,4.215214127396966e-08,0.05306672093669224,0.07142857142857142,0.0,1.0,9.63706964898167e-07,9.215548236241974e-07,0.013967980544501294
2024-01-19,2022-03-07,6.641520631828085e-06,5.118953758404005e-06,0.005036314478078777,2024-01-12,250,31145,179,100.0,5.521862944861748e-06,4.3230105784414126e-06,5.521862944861748e-06,4.3230105784414126e-06,0.0023498644524443846,0.0020791850755623974,0.11518935766717098,1.1988523664203357e-06,0.05306672093669224,0.26256983240223464,0.21787709497206703,1.0,4.038680034854394e-06,3.2686442881013535e-06,0.01392225020462129
2024-01-22,2022-03-09,1.0890364609213527e-06,9.971719630824383e-07,0.004959281687199834,2024-01-17,250,31072,192,1.0,6.938531006602982e-07,7.037758575348442e-07,6.938531006602982e-07,7.037758575348442e-07,0.0008329784514981755,0.0008389134982433196,-0.00712509037234943,-9.922756874545918e-09,0.053066720936692235,0.4479166666666667,0.4739583333333333,1.0,9.067849815658403e-08,2.5596074906746373e-07,0.013750830172252964
2024-01-24,2022-03-11,3.451706812237053e-07,3.3018410573476103e-07,0.0048673019776616444,2024-01-19,250,31184,85,1.0,4.085007834073704e-07,5.5152035393655e-07,4.085007834073704e-07,5.5152035393655e-07,0.0006391406601111921,0.0007426441637396405,-0.16194166650333552,-1.430195705291796e-07,0.05306672093669222,0.35294117647058826,0.3764705882352941,1.0,4.703580925169967e-07,7.67709247528995e-07,0.013681914367033783
2024-01-26,2022-03-14,9.534758092442427e-07,7.82849247243185e-07,0.0048926198691867945,2024-01-22,250,31321,137,100.0,8.561276083481876e-07,7.145367360197869e-07,8.561276083481876e-07,7.145367360197869e-07,0.0009252716403025588,0.000845302748143993,0.08642747564641273,1.415908723284008e-07,0.05297188476610572,0.44525547445255476,0.4306569343065693,1.0,5.493332782515297e-07,4.992488218611987e-07,0.013593043460443006
2024-01-29,2022-03-18,1.241519715366186e-06,9.888817570113119e-07,0.0049371167238332824,2024-01-24,250,31279,162,100.0,8.734781935738128e-07,7.006057207781834e-07,8.734781935738128e-07,7.006057207781834e-07,0.0009346005529496614,0.0008370219356612963,0.10440676177689012,1.7287247279562944e-07,0.05297188476610572,0.41358024691358025,0.42592592592592593,1.0,1.9550696921944135e-07,1.6957091719084088e-07,0.013610334215547484
2024-01-31,2022-03-21,3.003035503836946e-06,2.688819784526797e-06,0.005052116570942351,2024-01-26,250,31302,110,100.0,1.445628855907192e-06,1.4024004941941184e-06,1.445628855907192e-06,1.4024004941941184e-06,0.0012023430691392503,0.0011842299161033377,0.015064879152070776,4.3228361713073556e-08,0.05278218543896946,0.2818181818181818,0.2545454545454545,1.0,6.236642361664882e-07,7.234569798518714e-07,0.01351384831632341
2024-02-02,2022-03-23,1.0532449985766849e-05,1.0667689038967554e-05,0.005084020122016483,2024-01-29,250,31322,94,100.0,7.06194315313841e-06,6.971983954360928e-06,7.06194315313841e-06,6.971983954360928e-06,0.002657431683625829,0.0026404514679048596,0.006389709216457318,8.99591987774818e-08,0.05278218543896947,0.32978723404255317,0.3191489361702128,1.0,1.715486681251353e-06,1.2786004456426127e-06,0.013560533524121014
2024-02-05,2022-03-25,3.476460565161078e-07,4.75873138575919e-07,0.005111649179445788,2024-01-31,250,31358,182,100.0,2.429585313998903e-07,3.884364729807308e-07,2.429585313998903e-07,3.884364729807308e-07,0.0004929082383161092,0.0006232467191897049,-0.26442747501819563,-1.454779415808405e-07,0.0528770396007669,0.4230769230769231,0.45054945054945056,1.0,1.5322636701456103e-07,3.1349075961342664e-07,0.013419263679579246
2024-02-07,2022-03-28,6.665861844024791e-07,8.453408282087565e-07,0.005018489170628632,2024-02-02,250,31355,72,0.01,5.361607728351911e-07,6.573795990522454e-07,5.361607728351911e-07,6.573795990522454e-07,0.0007322299999557455,0.0008107894912073326,-0.10728799865661753,-1.212188262170543e-07,0.05297188476610572,0.4305555555555556,0.4027777777777778,1.0,4.127853835147835e-07,4.795784363366268e-07,0.013429314952022353
2024-02-09,2022-03-30,2.4610583571371875e-07,5.608057515932538e-07,0.005044604927782497,2024-02-05,250,31410,123,0.01,1.7554928812814777e-07,3.452105941663263e-07,1.7554928812814777e-07,3.452105941663263e-07,0.00041898602378617327,0.000587546248533957,-0.40230512517956285,-1.6966130603817853e-07,0.05297188476610572,0.4796747967479675,0.4796747967479675,1.0,1.2033112045248352e-07,1.764839492235134e-07,0.013312355514528817
2024-02-12,2022-04-01,6.604271713164103e-07,3.4068872288362184e-07,0.0050833995234312946,2024-02-07,250,31413,129,100.0,5.670847406002963e-07,4.208066432161421e-07,5.670847406002963e-07,4.208066432161421e-07,0.00075305029088388,0.0006486961100670653,0.13857531439810056,1.4627809738415426e-07,0.05297188476610571,0.3953488372093023,0.3798449612403101,1.0,4.69297432231034e-07,5.047397026121157e-07,0.013235859936153237
2024-02-14,2022-04-04,2.7108388970537213e-06,2.3832527933930825e-06,0.005188067444876784,2024-02-09,250,31425,37,100.0,2.7108388970537213e-06,2.3832527933930825e-06,2.7108388970537213e-06,2.3832527933930825e-06,0.001646462540434407,0.0015437787384832977,0.06236631531502501,3.2758610366063883e-07,0.05306672093669223,0.3783783783783784,0.40540540540540543,1.0,,,
2024-02-16,2022-04-06,6.967374353963004e-07,5.310253575317237e-07,0.005221364081366257,2024-02-12,250,31443,180,100.0,1.018232425638462e-06,9.924929333770723e-07,1.018232425638462e-06,9.924929333770723e-07,0.0010090750346919014,0.0009962393956158692,0.012720202794385127,2.573949226138963e-08,0.05287703960076691,0.32222222222222224,0.3333333333333333,1.0,1.4787522765258823e-06,1.6535140555339228e-06,0.013214503695145515
2024-02-21,2022-04-08,2.7020934458426875e-07,2.6613499924384564e-07,0.005287508261731659,2024-02-14,250,31427,73,1.0,2.933545961332288e-07,3.838433414279411e-07,2.933545961332288e-07,3.838433414279411e-07,0.000541622189476418,0.0006195509191567236,-0.14388023828129826,-9.048874529471226e-08,0.05297188476610572,0.3972602739726027,0.2876712328767123,1.0,3.214094464956048e-07,5.265201198329052e-07,0.013354160963040502
2024-02-23,2022-04-11,2.3876124661537885e-06,2.7982775341931836e-06,0.005206920865650594,2024-02-16,250,31553,159,0.01,2.393238995335836e-06,2.4609728559519635e-06,2.393238995335836e-06,2.4609728559519635e-06,0.001547009694648303,0.001568748818629663,-0.014052351485943415,-6.773386061612733e-08,0.05306672093669222,0.37735849056603776,0.4276729559748428,1.0,2.4018127540894326e-06,1.9469847748224836e-06,0.013071552709359602
2024-02-26,2022-04-18,9.485222075221681e-07,9.64272703919855e-07,0.005259697567389873,2024-02-21,250,31509,124,1.0,7.137716689396765e-07,8.057663740997499e-07,7.137716689396765e-07,8.057663740997499e-07,0.0008448500866660762,0.0008976449042353829,-0.06249016056522416,-9.199470516007333e-08,0.05316154811423236,0.3951612903225806,0.46774193548387094,1.0,9.237318445661024e-08,3.8619079516417766e-07,0.013062544058284928
2024-02-28,2022-04-20,8.933166719594238e-07,7.719985488606349e-07,0.00525652959535673,2024-02-23,250,31539,91,100.0,1.3079902042104894e-06,1.5603756102793836e-06,1.3079902042104894e-06,1.5603756102793836e-06,0.0011436739938507343,0.0012491499550812079,-0.09222554836220187,-2.523854060688942e-07,0.05306672093669223,0.2857142857142857,0.17582417582417584,1.0,1.579412879865732e-06,2.076404232298928e-06,0.01308625056713944
2024-03-01,2022-04-22,7.284528948019738e-07,6.97732723883642e-07,0.005311203319502076,2024-02-26,250,31595,154,100.0,1.1381171679941635e-06,1.0094075984959434e-06,1.1381171679941635e-06,1.0094075984959434e-06,0.001066825743968603,0.0010046927881178123,0.0582409603462094,1.2870956949822014e-07,0.053066720936692235,0.37012987012987014,0.33766233766233766,1.0,2.070757109091276e-06,1.7189652917622464e-06,0.01305663084553613
2024-03-04,2022-04-25,1.7053833848225203e-06,1.152508502209921e-06,0.005343426472225314,2024-02-28,250,31550,126,100.0,1.0532179345922924e-06,7.479250750028275e-07,1.0532179345922924e-06,7.479250750028275e-07,0.001026264066696429,0.0008648266155726404,0.15730595697797356,3.0529285958946494e-07,0.05278218543896945,0.35714285714285715,0.2222222222222222,1.0,1.8366400095198856e-07,2.0848050539336962e-07,0.012935191576484352
2024-03-06,2022-04-27,2.5566802175982582e-06,2.1081382345033262e-06,0.005643075476134495,2024-03-01,250,31545,102,0.01,1.8813135067929581e-06,1.5150947955485696e-06,1.8813135067929581e-06,1.5150947955485696e-06,0.0013716098230885335,0.0012308918699660703,0.10259328181654492,3.662187112443885e-07,0.05325636630043148,0.28431372549019607,0.18627450980392157,1.0,4.039488269063629e-07,2.1781227283503885e-07,0.013079800070980717
2024-03-08,2022-05-02,6.920514759609769e-07,7.915937271432816e-07,0.005680473372781064,2024-03-04,250,31600,129,0.01,5.566391362131015e-07,5.668724600531633e-07,5.566391362131015e-07,5.668724600531633e-07,0.0007460825264091778,0.0007529093305658812,-0.009150199763503508,-1.023332384006175e-08,0.0532563663004315,0.5348837209302325,0.4418604651162791,1.0,4.103064464855586e-07,3.240285101331965e-07,0.012885944328975739
2024-03-11,2022-05-04,1.6689650564171e-06,1.4912689928923473e-06,0.005622913371990862,2024-03-06,250,31604,157,100.0,1.2188777164448227e-06,1.1532666411622888e-06,1.2188777164448227e-06,1.1532666411622888e-06,0.001104027950934587,0.0010739025287065343,0.027286829289558057,6.561107528253387e-08,0.053161548114232356,0.4267515923566879,0.4012738853503185,1.0,5.818310198686763e-07,6.748633125597449e-07,0.012963755569452045
2024-03-13,2022-05-06,,,,2024-03-08,250,31664,35,0.01,5.840115980839338e-07,9.45301208206742e-07,5.840115980839338e-07,9.45301208206742e-07,0.0007642065153372705,0.000972266017202464,-0.27225559804782584,-3.6128961012280817e-07,0.05335117549699458,0.22857142857142856,0.22857142857142856,1.0,5.840115980839338e-07,9.45301208206742e-07,0.012836822245442935
2024-03-15,2022-05-09,2.8648080477752886e-06,2.9149644082149915e-06,0.005549132947976877,2024-03-11,250,31740,112,100.0,2.431904003312437e-06,2.438016391415811e-06,2.431904003312437e-06,2.438016391415811e-06,0.0015594563165771708,0.0015614148684497055,-0.0012559196764379,-6.112388103373886e-09,0.053351175496994564,0.48214285714285715,0.4642857142857143,1.0,9.999906254737738e-07,8.604191050800611e-07,0.012882441013690647
2024-03-18,2022-05-11,2.0198332661601895e-06,1.8714090072820803e-06,0.005561348627042056,2024-03-13,250,31655,139,100.0,1.238452603780882e-06,1.1690184735239624e-06,1.238452603780882e-06,1.1690184735239624e-06,0.001112857854256725,0.001081211576669415,0.028436944993703972,6.943413025691955e-08,0.05335117549699458,0.3597122302158273,0.2589928057553957,1.0,4.682345222927064e-07,4.766620902481034e-07,0.013185858031108404
2024-03-20,2022-05-13,3.370543869204335e-06,3.1508228963600055e-06,0.0054520672421626525,2024-03-15,250,31727,113,0.01,2.972908952691967e-06,2.818740193350982e-06,2.972908952691967e-06,2.818740193350982e-06,0.0017242125601827538,0.0016789104185009342,0.026274104903294515,1.5416875934098498e-07,0.053351175496994564,0.22123893805309736,0.19469026548672566,1.0,2.2472252300568953e-06,2.2126892603595134e-06,0.0130355160846212
2024-03-22,2022-05-16,3.1693724719809004e-06,2.70503079588025e-06,0.005601913987278983,2024-03-18,250,31809,185,0.01,2.2444076341311626e-06,2.0385665378867735e-06,2.2444076341311626e-06,2.0385665378867735e-06,0.0014981347182850956,0.001427783785412474,0.04695901644489753,2.0584109624438912e-07,0.05335117549699457,0.22702702702702704,0.17297297297297298,1.0,8.569603773565549e-07,1.0388701508965571e-06,0.012873508234392952
2024-03-25,2022-05-18,2.441622502421177e-07,3.0108198236855937e-07,0.0055723241235198515,2024-03-20,250,31859,182,100.0,2.217827509950202e-07,2.910199251134916e-07,2.217827509950202e-07,2.910199251134916e-07,0.0004709381604786558,0.0005394626262434605,-0.14550629257811099,-6.923717411847137e-08,0.05316154811423236,0.4065934065934066,0.521978021978022,1.0,1.8597555219966413e-07,2.74920633505383e-07,0.012897960514955583
2024-03-27,2022-05-20,8.355242416131524e-07,5.999428186037361e-07,0.0056567085027399685,2024-03-22,250,31969,77,100.0,6.308329991907529e-07,5.541382777004852e-07,6.308329991907529e-07,5.541382777004852e-07,0.0007942499601452637,0.0007444046464796449,0.06275771629437954,7.66947214902677e-08,0.053161548114232356,0.3116883116883117,0.24675324675324675,1.0,4.20755145125659e-07,5.071283541418854e-07,0.012957626105896186
2024-04-01,2022-05-23,1.5417168916258546e-06,1.2691418385452855e-06,0.005598320503848849,2024-03-25,250,32017,100,0.01,1.5417168916258546e-06,1.2691418385452855e-06,1.5417168916258546e-06,1.2691418385452855e-06,0.0012416589272525103,0.0011265619550407716,0.0926961258728436,2.725750530805691e-07,0.05316154811423236,0.46,0.38,1.0,,,
2024-04-03,2022-05-25,1.6674811834112953e-07,4.1275697559951926e-07,0.0056858564321250905,2024-03-27,250,31950,104,100.0,1.6747224562292634e-07,2.821205215755072e-07,1.6747224562292634e-07,2.821205215755072e-07,0.0004092337298206568,0.0005311501874004256,-0.29791400047400196,-1.1464827595258085e-07,0.052782185438969446,0.23076923076923078,0.46153846153846156,1.0,1.67855607125054e-07,2.1296004591573608e-07,0.012956876879192041
2024-04-05,2022-05-27,1.353939844486807e-07,2.66172312025236e-07,0.0056865300319867305,2024-04-01,250,31976,106,100.0,3.688638871592622e-07,3.7500488642271047e-07,3.688638871592622e-07,3.7500488642271047e-07,0.000607341656038232,0.0006123764254302337,-0.008289846978130955,-6.140999263448262e-09,0.05268732227900647,0.5283018867924528,0.49056603773584906,1.0,7.699532072005175e-07,5.619736680799099e-07,0.013102590289824002
2024-04-08,2022-06-01,6.296252056721624e-07,7.272448806241117e-07,0.005661044934544167,2024-04-03,250,31964,168,100.0,5.614296813958126e-07,6.845972026701645e-07,5.614296813958126e-07,6.845972026701645e-07,0.0007492861145088788,0.0008274038933133954,-0.10425627446161756,-1.2316752127435192e-07,0.05287703960076691,0.4226190476190476,0.4523809523809524,1.0,4.7050231569401297e-07,6.277336320649014e-07,0.012967123816137184
2024-04-10,2022-06-03,9.840345933960165e-07,9.782564346589956e-07,0.005658042081687983,2024-04-05,250,32001,63,100.0,2.6203721814036503e-06,2.4499010199895946e-06,2.6203721814036503e-06,2.4499010199895946e-06,0.0016187563687607997,0.0015652159659259788,0.033075022201029314,1.7047116141405574e-07,0.05287703960076689,0.3333333333333333,0.38095238095238093,1.0,3.696910068250777e-06,3.418088247180779e-06,0.01294490102441654
2024-04-12,2022-06-06,6.865573988788715e-06,6.39361869632766e-06,0.005484460694698355,2024-04-08,250,32107,129,100.0,3.4204131002679974e-06,3.158900647141485e-06,3.4204131002679974e-06,3.158900647141485e-06,0.0018494358870390715,0.0017773296394145586,0.03898823859201428,2.6151245312651254e-07,0.05306672093669224,0.26356589147286824,0.24031007751937986,1.0,6.929940635224291e-07,5.980821915357633e-07,0.012977888030888032
2024-04-15,2022-06-08,3.666484225381157e-06,3.6849800030753434e-06,0.005437553101104504,2024-04-10,250,32051,170,100.0,2.485150360883429e-06,2.473186078676063e-06,2.485150360883429e-06,2.473186078676063e-06,0.0015764359678982934,0.001572636664546539,0.0024100587839414045,1.196428220736582e-08,0.05306672093669224,0.38823529411764707,0.38823529411764707,1.0,1.124373377727817e-06,1.0773221910768921e-06,0.013159530194773417
2024-04-19,2022-06-10,1.1394133249300376e-06,1.0475787975233872e-06,0.005747126436781608,2024-04-12,250,32120,194,0.01,1.1493269687823403e-06,1.0760394723421244e-06,1.1493269687823403e-06,1.0760394723421244e-06,0.0010720666811268507,0.0010373232246229352,0.032407924913212094,7.32874964402159e-08,0.053161548114232356,0.33505154639175255,0.3402061855670103,1.0,1.162867555507437e-06,1.1149125891677165e-06,0.013458011691223572
2024-04-22,2022-06-13,4.520992682174856e-07,3.274771967564615e-07,0.0058181818181818196,2024-04-15,250,32232,200,100.0,4.718225368488783e-07,4.3054332396092365e-07,4.718225368488783e-07,4.3054332396092365e-07,0.0006868933955490315,0.0006561580022836906,0.044745507038649324,4.1279212887954654e-08,0.053066720936692235,0.525,0.485,1.0,5.007986969369737e-07,5.819614614588374e-07,0.013576512642378217
2024-04-24,2022-06-17,1.0199313442546066e-06,9.690121527960746e-07,0.0057519472738166546,2024-04-19,250,32294,79,100.0,1.3495835580621869e-06,1.571530282775512e-06,1.3495835580621869e-06,1.571530282775512e-06,0.0011617157819631214,0.0012536069091926352,-0.07909949116317572,-2.2194672471332522e-07,0.05306672093669223,0.5443037974683544,0.5316455696202531,1.0,1.6551148781765295e-06,2.129961720317429e-06,0.013294860081083753
2024-04-26,2022-06-22,3.8611702507889167e-07,3.304911201086958e-07,0.005650715168638535,2024-04-22,250,32367,179,100.0,2.6785642945089503e-06,2.203063787305859e-06,2.6785642945089503e-06,2.203063787305859e-06,0.0016366319972764038,0.0014842721405813218,0.09309353412901078,4.7550050720309116e-07,0.05325636630043149,0.45251396648044695,0.4022346368715084,1.0,6.420647337255076e-06,5.259763288171818e-06,0.013351895767542551
2024-04-29,2022-06-27,2.5655751688958514e-06,2.730970061676054e-06,0.005670407560543413,2024-04-24,250,32375,182,100.0,1.5647895385863772e-06,1.6877184350703455e-06,1.5647895385863772e-06,1.6877184350703455e-06,0.0012509154801929575,0.0012991221786538575,-0.03853713478185128,-1.2292889648396828e-07,0.05316154811423236,0.3626373626373626,0.3626373626373626,1.0,7.046578922017579e-08,1.299865542481219e-07,0.013226588753787431
2024-05-01,2022-06-29,2.1186890678042654e-06,2.4979055593180047e-06,0.005636118123642341,2024-04-26,250,32437,40,100.0,2.1186890678042654e-06,2.4979055593180047e-06,2.1186890678042654e-06,2.4979055593180047e-06,0.001455571732277137,0.0015804763710090717,-0.0858113935316196,-3.7921649151373936e-07,0.05316154811423236,0.4,0.375,1.0,,,
2024-05-03,2022-07-01,6.217238220278152e-05,5.050115341363006e-05,0.0055481708374270355,2024-04-29,250,32546,147,1.0,3.379328022896019e-05,2.7556503470823265e-05,3.379328022896019e-05,2.7556503470823265e-05,0.00581319879489427,0.005249428870917603,0.09698101576567886,6.236776758136923e-06,0.053161548114232356,0.10204081632653061,0.10204081632653061,1.0,1.7125562585534628e-06,1.6190731006938417e-06,0.01331118151396947
2024-05-06,2022-07-06,8.708635095925535e-07,6.450755412895731e-07,0.005235031082997056,2024-05-01,250,32449,160,100.0,6.209648225615376e-07,5.324700621933066e-07,6.209648225615376e-07,5.324700621933066e-07,0.0007880132121744772,0.0007297054626308526,0.07399336539387169,8.849476036823098e-08,0.053066720936692235,0.38125,0.3,1.0,2.9138829328874873e-07,3.839613868634479e-07,0.013148205519372567
2024-05-08,2022-07-08,4.800313543287694e-07,4.437165428257422e-07,0.00526315789473684,2024-05-03,250,32529,77,0.01,2.980791847455368e-07,4.070486843537074e-07,2.980791847455368e-07,4.070486843537074e-07,0.0005459662853560985,0.0006380036711130331,-0.16857704994898093,-1.089694996081706e-07,0.053066720936692235,0.44155844155844154,0.5064935064935064,1.0,1.1133880017327158e-07,3.694158822376718e-07,0.012999470162818582
2024-05-10,2022-07-11,3.631805568256287e-07,9.217928708453253e-07,0.0052012786476675526,2024-05-06,250,32625,126,0.01,2.6794349078334397e-07,6.111839944454622e-07,2.6794349078334397e-07,6.111839944454622e-07,0.0005176325828069018,0.0007817825749180281,-0.5103040281559423,-3.432405036621182e-07,0.05316154811423236,0.5238095238095238,0.48412698412698413,1.0,1.8407801471625748e-07,3.376627450784185e-07,0.012923748005459753
2024-05-13,2022-07-15,1.52882860324881e-06,1.4108726687714576e-06,0.005299098606937995,2024-05-08,250,32577,173,100.0,8.817549603638221e-07,7.872907033809931e-07,8.817549603638221e-07,7.872907033809931e-07,0.0009390180830867008,0.0008872940343431782,0.05508312318490982,9.4464256982829e-08,0.05325636630043149,0.6011560693641619,0.5202312138728323,1.0,2.118434242005406e-07,1.4169996274145378e-07,0.012907123108824208
2024-05-17,2022-07-18,3.0902342303773725e-07,5.19673241495994e-07,0.0051095659502739125,2024-05-10,250,32568,169,100.0,2.607318377881848e-07,4.3237318328775166e-07,2.607318377881848e-07,4.3237318328775166e-07,0.0005106190730752081,0.0006575508978685617,-0.28775232368124315,-1.7164134549956688e-07,0.053066720936692235,0.4260355029585799,0.5443786982248521,1.0,1.85367697171459e-07,2.961321833567066e-07,0.012715477879286535
2024-05-20,2022-07-20,3.1819436880758846e-07,3.6189696056198366e-07,0.005108758624321905,2024-05-13,250,32617,167,0.01,2.2051002108900935e-07,2.8790417430661214e-07,2.2051002108900935e-07,2.8790417430661214e-07,0.0004695849455519303,0.0005365670268536934,-0.14264103212047208,-6.739415321760279e-08,0.05316154811423236,0.5269461077844312,0.5449101796407185,1.0,7.102336776209274e-08,1.7467278927945273e-07,0.012697225422608366
2024-05-22,2022-07-22,1.2643674004866848e-06,1.5282655616978242e-06,0.005042890564075903,2024-05-17,250,32709,72,100.0,7.164943989803451e-07,8.790157256286502e-07,7.164943989803451e-07,8.790157256286502e-07,0.0008464599216621807,0.0009375583851839043,-0.10762289057092622,-1.6252132664830514e-07,0.053066720936692235,0.6527777777777778,0.4444444444444444,1.0,1.9823615431218586e-07,2.6486047529294484e-07,0.012651584613068353
2024-05-24,2022-07-25,8.84448838626535e-07,9.253118141620723e-07,0.005190496575342463,2024-05-20,250,32720,177,100.0,6.387260113087087e-07,7.887728256710584e-07,6.387260113087087e-07,7.887728256710584e-07,0.0007992033604213065,0.0008881288339374296,-0.11126764215461415,-1.5004681436234972e-07,0.05316154811423236,0.4519774011299435,0.559322033898305,1.0,2.9670640031227503e-07,5.98725314663296e-07,0.01278147767891094
2024-05-29,2022-07-27,1.999773263012171e-06,1.722319100082378e-06,0.0051055318700984256,2024-05-22,250,32634,73,100.0,2.191133140778924e-06,2.0352954014608206e-06,2.191133140778924e-06,2.0352954014608206e-06,0.0014802476619738077,0.0014266377961700092,0.03621682180690866,1.5583773931810328e-07,0.053161548114232356,0.2876712328767123,0.273972602739726,1.0,2.4230845077689276e-06,2.414660615252873e-06,0.012688597799211039
2024-05-31,2022-07-29,1.3166650998919636e-06,1.4048116618468321e-06,0.005070834858068902,2024-05-24,250,32738,124,100.0,1.117703382022029e-06,1.2164632749949729e-06,1.117703382022029e-06,1.2164632749949729e-06,0.0010572149176123222,0.001102933939542606,-0.04324477565407259,-9.875989297294376e-08,0.05316154811423236,0.7096774193548387,0.6370967741935484,1.0,3.29814979257088e-07,4.706036630616111e-07,0.012863408660377718
2024-06-03,2022-08-01,1.254849912187164e-06,9.791349623182623e-07,0.005045513654096229,2024-05-29,250,32685,172,0.01,8.221616613495343e-07,6.331633336404806e-07,8.221616613495343e-07,6.331633336404806e-07,0.0009067313060380866,0.0007957156110322837,0.12243505244224995,1.889983277090537e-07,0.053161548114232356,0.4476744186046512,0.4069767441860465,1.0,1.4406813391742784e-07,9.09689901902257e-08,0.012747304548988375
2024-06-05,2022-08-03,1.280014173356549e-07,1.592393408207003e-07,0.004990995626447132,2024-05-31,250,32717,73,0.01,2.8141510950728547e-07,2.97299942950134e-07,2.8141510950728547e-07,2.97299942950134e-07,0.0005304857297866602,0.0005452521828935066,-0.027835721637196498,-1.5884833442848534e-08,0.053730322420967806,0.3972602739726027,0.4794520547945205,1.0,4.6737110001835277e-07,4.6464612734944757e-07,0.01272269725013721
2024-06-07,2022-08-05,9.485475947258966e-08,2.237190095604872e-07,0.004987659399424103,2024-06-03,250,32858,128,0.01,2.963232734650998e-07,5.697637887073771e-07,2.963232734650998e-07,5.697637887073771e-07,0.0005443558334996511,0.0007548269925667584,-0.38664260785815974,-2.7344051524227726e-07,0.05363554916590941,0.453125,0.421875,1.0,5.907772554541531e-07,1.0755215428451397e-06,0.01257349717577526
2024-06-10,2022-08-08,1.3244422134268253e-06,1.4067930395242178e-06,0.004926608766316218,2024-06-05,250,32824,146,100.0,9.149626900125051e-07,1.040436329119794e-06,9.149626900125051e-07,1.040436329119794e-06,0.0009565368210437615,0.0010200178082365983,-0.06636544019661161,-1.254736391072889e-07,0.053730322420967806,0.4863013698630137,0.541095890410959,1.0,1.0436036815150353e-07,3.1519957587022054e-07,0.012588801707833186
2024-06-12,2022-08-10,,,,2024-06-07,250,32809,28,100.0,1.72167227042914e-06,1.4448650999252e-06,1.72167227042914e-06,1.4448650999252e-06,0.001312125097095982,0.0012020254156735622,0.08390943947806073,2.7680717050394014e-07,0.05373032242096779,0.25,0.14285714285714285,1.0,1.72167227042914e-06,1.4448650999252e-06,0.012519873358785735
2024-06-14,2022-08-12,2.7930759712380046e-06,3.202874822390387e-06,0.004527632561613144,2024-06-10,250,32880,88,100.0,2.2675989029541883e-06,2.6278163424610555e-06,2.2675989029541883e-06,2.6278163424610555e-06,0.0015058548744663904,0.0016210540837557073,-0.07650087086256474,-3.602174395068673e-07,0.05363554916590941,0.32954545454545453,0.32954545454545453,1.0,5.910768279534413e-07,7.931059541150933e-07,0.012392932067471654
2024-06-17,2022-08-15,2.193819227763672e-06,1.8991343555546242e-06,0.00456492070215069,2024-06-12,250,32809,89,100.0,1.732569170771771e-06,1.539808466345123e-06,1.732569170771771e-06,1.539808466345123e-06,0.0013162709336499727,0.0012408901910907037,0.057268409285800126,1.92760704426648e-07,0.05363554916590941,0.43820224719101125,0.43820224719101125,1.0,1.4125647414971572e-07,3.001341485723445e-07,0.009366923983934562
2024-06-21,2022-08-19,4.746124779343717e-06,3.5031514435805525e-06,0.004626096909576496,2024-06-14,250,32759,72,0.01,4.280226515234547e-06,3.373376727576676e-06,4.280226515234547e-06,3.373376727576676e-06,0.002068870830969045,0.0018366754551571369,0.1122329013180341,9.068497876578708e-07,0.05354076692802982,0.3611111111111111,0.3472222222222222,1.0,3.7595166906419433e-06,3.2283343979252834e-06,0.009294659963436928
2024-06-24,2022-08-22,1.14429231794759e-06,1.1404637420996e-06,0.00467492409272736,2024-06-17,250,32702,184,0.01,7.472796672636089e-07,8.100950229707101e-07,7.472796672636089e-07,8.100950229707101e-07,0.0008644533921869986,0.0009000527889911292,-0.0411813952329656,-6.281535570710116e-08,0.05344597570562603,0.45652173913043476,0.5,1.0,1.702879482695562e-07,3.2995915117005676e-07,0.012567635121485373
2024-06-26,2022-08-24,1.2491677495439663e-06,9.963745657697845e-07,0.004639594394222032,2024-06-21,250,32623,84,100.0,7.602598705399871e-07,7.290038746637108e-07,7.602598705399871e-07,7.290038746637108e-07,0.0008719288219459127,0.0008538172372725387,0.02077186143813181,3.125599587627629e-08,0.053445975705626,0.2619047619047619,0.44047619047619047,1.0,1.961353947661643e-07,4.204992310797795e-07,0.012560253657104052
2024-06-28,2022-08-26,2.6701859934241486e-06,2.862459562588149e-06,0.0045305931807566565,2024-06-24,250,32729,150,100.0,2.3358834546987046e-06,2.422223999615176e-06,2.3358834546987046e-06,2.422223999615176e-06,0.0015283597268636415,0.0015563495750040143,-0.018313651981533896,-8.634054491647147e-08,0.053445975705626016,0.41333333333333333,0.4533333333333333,1.0,1.9538234104410545e-06,1.9190976419317775e-06,0.012524851291249514
2024-07-01,2022-08-29,3.2520721415547776e-06,2.653770609465821e-06,0.004605450574494351,2024-06-26,250,32672,97,100.0,3.2520721415547776e-06,2.653770609465821e-06,3.2520721415547776e-06,2.653770609465821e-06,0.0018033502548187297,0.001629039781425187,0.09665924460751196,5.983015320889566e-07,0.05335117549699457,0.4742268041237113,0.4742268041237113,1.0,,,
2024-07-03,2022-08-31,,,,2024-06-28,250,32680,69,0.01,4.986608714069593e-07,4.4738227914174004e-07,4.986608714069593e-07,4.4738227914174004e-07,0.0007061592394120177,0.0006688664135249579,0.05281078800032635,5.12785922652193e-08,0.0532563663004315,0.36231884057971014,0.2753623188405797,1.0,4.986608714069593e-07,4.4738227914174004e-07,0.012464623595198631
2024-07-05,2022-09-02,3.372674064401006e-06,2.951525248842571e-06,0.004378244188670728,2024-07-01,250,32701,134,0.01,2.497748965713024e-06,2.1979097307283586e-06,2.497748965713024e-06,2.1979097307283586e-06,0.0015804268302306893,0.0014825349003407503,0.061940184776317686,2.998392349846655e-07,0.0532563663004315,0.48507462686567165,0.5746268656716418,1.0,1.1600841928462716e-07,1.464008203063385e-07,0.01240924636419686
2024-07-08,2022-09-07,5.954987931952497e-07,7.935626141004402e-07,0.004285588053371036,2024-07-03,250,32615,202,0.01,7.116633394431866e-07,8.193790623324922e-07,7.116633394431866e-07,8.193790623324922e-07,0.0008436014102899465,0.0009051955934119942,-0.07301337144621134,-1.0771572288930562e-07,0.053161548114232356,0.3910891089108911,0.41089108910891087,1.0,8.505557316961549e-07,8.502465547838585e-07,0.012338098586470503
2024-07-10,2022-09-09,1.9201830535556037e-06,2.4759333351635445e-06,0.0042417351757914985,2024-07-05,250,32675,68,1.0,1.0827682574365656e-06,1.2674196038026819e-06,1.0827682574365656e-06,1.2674196038026819e-06,0.0010405615106453658,0.0011257973191488252,-0.08191328204191928,-1.8465134636611624e-07,0.05316154811423236,0.45588235294117646,0.4852941176470588,1.0,3.8115045528277703e-07,2.548810721219589e-07,0.012311904933251775
2024-07-12,2022-09-12,1.6801727037946498e-07,3.263610307554265e-07,0.004262424748429054,2024-07-08,250,32798,133,100.0,1.802275106715893e-07,3.8531769004333246e-07,1.802275106715893e-07,3.8531769004333246e-07,0.0004245321079395401,0.0006207396314424692,-0.46217357847259,-2.0509017937174315e-07,0.05297188476610571,0.42105263157894735,0.5789473684210527,1.0,1.9225550857129388e-07,4.4339439919261304e-07,0.012297302688326626
2024-07-15,2022-09-16,1.955686418862419e-06,2.1968402099384832e-06,0.004207512796044069,2024-07-10,250,32715,174,100.0,1.337316351028748e-06,1.439117852257085e-06,1.337316351028748e-06,1.439117852257085e-06,0.001156423949522297,0.0011996323821309113,-0.03736383410812549,-1.0180150122833686e-07,0.0528770396007669,0.41379310344827586,0.40229885057471265,1.0,3.497701232943771e-07,2.2902393775097132e-07,0.012220223575420987
2024-07-19,2022-09-19,1.9696335988903035e-06,1.9262290379530006e-06,0.004326880185565172,2024-07-12,250,32689,206,100.0,1.9260716098635974e-06,1.8990337168159907e-06,1.9260716098635974e-06,1.8990337168159907e-06,0.0013878298202098115,0.0013780543228828067,0.007043729126332554,2.7037893047606682e-08,0.05287703960076691,0.3592233009708738,0.3932038834951456,1.0,1.8545852688966955e-06,1.8544054975142304e-06,0.012382301957804076
2024-07-22,2022-09-21,1.1586352816321737e-06,1.078872041078052e-06,0.004324372520172974,2024-07-15,250,32749,199,100.0,1.4895958449911313e-06,1.339806543156737e-06,1.4895958449911313e-06,1.339806543156737e-06,0.0012204900020037573,0.0011575001266335729,0.05161031656692794,1.4978930183439424e-07,0.05287703960076691,0.35678391959798994,0.33668341708542715,1.0,2.0139749194040257e-06,1.7532352347619262e-06,0.012465077688118182
2024-07-24,2022-09-23,6.451912402652406e-06,6.749111758493988e-06,0.004310919514688236,2024-07-19,250,32870,86,100.0,3.837600193606904e-06,3.921598170305138e-06,3.837600193606904e-06,3.921598170305138e-06,0.0019589793754929896,0.001980302545144337,-0.01088483621527736,-8.399797669823449e-08,0.052687322279006486,0.32558139534883723,0.313953488372093,1.0,1.2232879845614012e-06,1.0940845821162887e-06,0.012357259200404497
2024-07-26,2022-09-26,1.4974697197114482e-06,1.9258706781251154e-06,0.004459975171272245,2024-07-22,250,32902,202,1.0,1.2431430521211222e-06,1.5103489160174946e-06,1.2431430521211222e-06,1.5103489160174946e-06,0.001114963251466667,0.0012289625364580868,-0.1022448810231733,-2.6720586389637235e-07,0.052497568957753996,0.4158415841584158,0.46534653465346537,1.0,8.124832283348378e-07,8.067320655152561e-07,0.012710022102115486
2024-07-29,2022-09-28,7.007547867915273e-07,1.1092562324238053e-06,0.004450357863828225,2024-07-24,250,32824,204,0.01,4.856871752246152e-07,7.644820125506004e-07,4.856871752246152e-07,7.644820125506004e-07,0.0006969126022856921,0.0008743466203689475,-0.2546000997848483,-2.787948373259853e-07,0.05240267879304834,0.45098039215686275,0.4950980392156863,1.0,9.974392707029359e-08,1.4577759058635611e-07,0.012569250973477332
2024-08-12,2022-09-30,2.743190104393466e-06,3.0224283266564405e-06,0.0033758786533481305,2024-07-26,250,32945,37,0.01,2.743190104393466e-06,3.0224283266564405e-06,2.743190104393466e-06,3.0224283266564405e-06,0.0016562578616850293,0.0017385132517920134,-0.04966339602657022,-2.792382222629747e-07,0.05192809286035919,0.5945945945945946,0.6216216216216216,1.0,,,
2024-08-14,2022-10-03,,,,2024-07-29,250,33013,40,100.0,5.134988155562581e-06,4.455253578628971e-06,5.134988155562581e-06,4.455253578628971e-06,0.0022660512252732903,0.002110747161227268,0.06853510737705948,6.797345769336096e-07,0.05183314864001729,0.05,0.05,1.0,5.134988155562581e-06,4.455253578628971e-06,0.012624904066120582
2024-08-16,2022-10-05,1.8138273215752815e-06,1.8829887363945156e-06,0.004360982556069775,2024-08-12,250,32914,156,100.0,1.4478802660897206e-06,1.5145553966635434e-06,1.4478802660897206e-06,1.5145553966635434e-06,0.001203278964367665,0.0012306727414969194,-0.022765940351703984,-6.667513057382282e-08,0.05202302806715192,0.4423076923076923,0.5128205128205128,1.0,1.8274901712535354e-07,2.4082870787932543e-07,0.012373122751188816
2024-08-19,2022-10-07,6.223484704184351e-07,6.41260430736425e-07,0.00433532404335324,2024-08-14,250,32876,217,100.0,4.437995124889718e-07,4.888165238558987e-07,4.437995124889718e-07,4.888165238558987e-07,0.0006661827920991144,0.0006991541488512378,-0.04949295770344353,-4.5017011366926916e-08,0.05192809286035919,0.4009216589861751,0.4608294930875576,1.0,1.9657787843279202e-07,2.777403450982471e-07,0.0123454438851906
2024-08-21,2022-10-10,1.0442761890373468e-06,1.0037369632128638e-06,0.004326519800450311,2024-08-16,250,32958,87,100.0,9.020102004971633e-07,7.559680160019494e-07,9.020102004971633e-07,7.559680160019494e-07,0.0009497421758020244,0.0008694642120305754,0.08452605961576576,1.4604218449521388e-07,0.05154826188057658,0.3448275862068966,0.2988505747126437,1.0,7.185619521164007e-07,4.3647647880892804e-07,0.01224843923393592
2024-08-23,2022-10-14,1.0616821256245426e-06,1.1151579991266837e-06,0.004364672872221974,2024-08-19,250,33008,201,100.0,6.858597927397903e-07,7.356613280534576e-07,6.858597927397903e-07,7.356613280534576e-07,0.0008281665247640659,0.000857707017607678,-0.035669749935893336,-4.9801535313667304e-08,0.0514532815889157,0.5870646766169154,0.5970149253731343,1.0,1.4045909013874747e-07,1.8492835417889803e-07,0.012303050951062528
2024-08-26,2022-10-17,1.3378417281243583e-06,1.6346676383472786e-06,0.004320225709751366,2024-08-21,250,33010,189,1.0,1.1416321941507584e-06,1.380189761721329e-06,1.1416321941507584e-06,1.380189761721329e-06,0.0010684718967529088,0.0011748147776229787,-0.09952800929368988,-2.3855756757057055e-07,0.05116828657439944,0.31746031746031744,0.30158730158730157,1.0,8.155374757157615e-07,9.57254699159892e-07,0.012173701812747937
2024-08-28,2022-10-19,6.709276474736834e-07,4.1862485618367106e-07,0.004297680129807481,2024-08-23,250,33136,80,0.01,5.744501601900484e-07,4.846454532070778e-07,5.744501601900484e-07,4.846454532070778e-07,0.0007579249040571555,0.0006961648175590876,0.08148575956201931,8.980470698297061e-08,0.050978244764629435,0.5125,0.575,1.0,4.5040767653966005e-07,5.695290779514577e-07,0.012186058479948714
2024-08-30,2022-10-24,1.4128025868879515e-06,1.415960580745719e-06,0.004264763479698855,2024-08-26,250,33244,146,100.0,1.3610667659691599e-06,1.3817913446518605e-06,1.3610667659691599e-06,1.3817913446518605e-06,0.0011666476614510311,0.0011754962120959218,-0.007584595535798044,-2.0724578682700588e-08,0.050883210314569785,0.4726027397260274,0.4863013698630137,1.0,1.1691435593349337e-06,1.255034501077869e-06,0.012256117130831915
2024-09-04,2022-10-26,5.4273804467811985e-06,5.165650958674123e-06,0.004399156080262152,2024-08-28,250,33167,82,1.0,5.922985487565723e-06,5.199462129562849e-06,5.922985487565723e-06,5.199462129562849e-06,0.002433718448704723,0.002280232911253333,0.06306626698461304,7.235233580028742e-07,0.050598052763091386,0.13414634146341464,0.12195121951219512,1.0,6.525748375006362e-06,5.240583823886977e-06,0.012395310462251846
2024-09-06,2022-10-28,2.2527921669629744e-06,2.8392467799033245e-06,0.004406871121503731,2024-08-30,250,33229,113,0.01,2.2309193147004027e-06,2.607653382530363e-06,2.2309193147004027e-06,2.607653382530363e-06,0.00149362622991845,0.001614823018949867,-0.08114264908030866,-3.767340678299603e-07,0.05021771616061742,0.36283185840707965,0.35398230088495575,1.0,2.1894169796380873e-06,2.168219756745771e-06,0.01245101617510598
2024-09-09,2022-10-31,2.6279664037630063e-06,2.4118414901681008e-06,0.0044380038040032635,2024-09-04,250,33156,166,0.01,2.011293048467945e-06,1.7965471144986935e-06,2.011293048467945e-06,1.7965471144986935e-06,0.0014182006375925604,0.0013403533543430604,0.05489158669512961,2.1474593396925144e-07,0.05002749359964816,0.5542168674698795,0.5060240963855421,1.0,1.1861667280027226e-06,9.732659076170912e-07,0.012664155377896221
2024-09-11,2022-11-02,,,,2024-09-06,250,33165,36,0.01,6.855923169101177e-07,8.259344647088218e-07,6.855923169101177e-07,8.259344647088218e-07,0.000828005022273487,0.0009088093665388918,-0.09758919582822934,-1.4034214779870416e-07,0.04936142953772411,0.25,0.3055555555555556,1.0,6.855923169101177e-07,8.259344647088218e-07,0.01246962043769019
2024-09-12,2022-11-04,1.3231532548204991e-06,1.2353494125386248e-06,0.004401329381119195,2024-09-09,250,33252,86,100.0,1.1216268218747229e-06,1.1990859271160437e-06,1.1216268218747229e-06,1.1990859271160437e-06,0.0010590688466170285,0.001095027820247524,-0.033953386265074936,-7.745910524132084e-08,0.049742091894814044,0.47674418604651164,0.5232558139534884,1.0,6.299023254870289e-07,1.1106030226849462e-06,0.01234299448071859
2024-09-13,2022-11-07,1.1208214921246322e-06,1.0921580920563325e-06,0.004399156080262152,2024-09-11,250,33178,88,100.0,9.692350256686195e-07,9.053302050612317e-07,9.692350256686195e-07,9.053302050612317e-07,0.0009844973467047129,0.0009514884156211423,0.03352871512966216,6.390482060738779e-08,0.04936142953772411,0.3522727272727273,0.3068181818181818,1.0,5.872371301994672e-07,4.345239298335775e-07,0.012239895186821441
2024-09-16,2022-11-09,1.7929611820242595e-06,1.8767457424366223e-06,0.004404494382022471,2024-09-12,250,33107,144,100.0,1.1304085752115851e-06,1.2057989624600886e-06,1.1304085752115851e-06,1.2057989624600886e-06,0.0010632067415190637,0.0010980887771305599,-0.03280832809774914,-7.53903872485035e-08,0.04850440905961498,0.4375,0.4722222222222222,1.0,2.0283492567384136e-07,2.6647347049294153e-07,0.009359324567178518
2024-09-17,2022-11-11,1.5632207369195972e-06,1.5846084440017095e-06,0.004530325443786982,2024-09-13,250,33108,90,0.01,7.119402169349346e-07,7.005861430771403e-07,7.119402169349346e-07,7.005861430771403e-07,0.0008437654987820578,0.0008370102407241743,0.008006084709121675,1.1354073857794352e-08,0.04840913920768753,0.3888888888888889,0.4777777777777778,1.0,1.9509132980138927e-07,1.6385831751579489e-07,0.00934552270627532
2024-09-18,2022-11-14,1.180779583795378e-06,1.0441997707290848e-06,0.004520503713270907,2024-09-16,250,33148,157,0.01,9.557640186534526e-07,8.974391163797565e-07,9.557640186534526e-07,8.974391163797565e-07,0.0009776318420824132,0.0009473326323840832,0.030992453799163155,5.8324902273696095e-08,0.04831386027855062,0.40764331210191085,0.39490445859872614,1.0,6.372804495294966e-07,6.897163440699384e-07,0.009341705294190775
2024-09-19,2022-11-18,2.396664342003199e-06,2.0972235276362068e-06,0.004440618061534279,2024-09-17,250,33073,143,1.0,1.937267309826071e-06,2.1714974820440684e-06,1.937267309826071e-06,2.1714974820440684e-06,0.001391857503419826,0.0014736001771322059,-0.058729197142334044,-2.3423017221799747e-07,0.04726519246711421,0.4125874125874126,0.3706293706293706,1.0,1.2832105182518548e-06,2.277243451031533e-06,0.009369494121838264
2024-09-20,2022-11-21,1.253735644687255e-06,1.297740387549675e-06,0.00428190675929567,2024-09-18,250,33083,147,100.0,1.3997243998536388e-06,1.3502063766594084e-06,1.3997243998536388e-06,1.3502063766594084e-06,0.0011830994885695955,0.00116198381084222,0.017847761689851582,4.951802319423033e-08,0.04688358589885044,0.5102040816326531,0.47619047619047616,1.0,1.6174703397628206e-06,1.428460733297654e-06,0.009212291148551613
2024-09-23,2022-11-23,1.628267195141281e-06,1.5080060962924609e-06,0.004294478527607363,2024-09-19,250,33040,155,100.0,1.1600367722159465e-06,1.0868637505467656e-06,1.1600367722159465e-06,1.0868637505467656e-06,0.0010770500323643033,0.0010425275778351217,0.03205278630687103,7.317302166918087e-08,0.04640637281415574,0.24516129032258063,0.2064516129032258,1.0,5.450475600155071e-07,5.337215650897325e-07,0.012328315002199736
2024-09-24,2022-11-25,6.277667375587264e-07,5.101937161713556e-07,0.004327283966971343,2024-09-20,250,33118,67,100.0,3.165129810622381e-07,3.013140299454416e-07,3.165129810622381e-07,3.013140299454416e-07,0.0005625948640560435,0.0005489207865853156,0.024305372025873684,1.519895111679651e-08,0.04611993561355312,0.5671641791044776,0.582089552238806,1.0,1.4413746815646477e-08,9.85778639026427e-08,0.012297584566503416
2024-09-25,2022-11-28,8.824593321112668e-07,9.764260682171557e-07,0.0043101552535514814,2024-09-23,250,33087,163,100.0,7.349733721198799e-07,8.072463513240306e-07,7.349733721198799e-07,8.072463513240306e-07,0.0008573058801384019,0.0008984688927970911,-0.048014382745215745,-7.227297920415077e-08,0.04583341634317223,0.36809815950920244,0.38650306748466257,1.0,5.182137036476901e-07,5.586034340720133e-07,0.012262497812007705
2024-09-26,2022-11-30,1.7567622143925754e-06,1.88663406776968e-06,0.004329195564783321,2024-09-24,250,32967,157,100.0,9.20750029011055e-07,9.966130510617357e-07,9.20750029011055e-07,9.966130510617357e-07,0.0009595572046579897,0.000998305089169506,-0.04038100524223265,-7.586302205068073e-08,0.04583341634317223,0.535031847133758,0.5859872611464968,1.0,7.401973868874611e-08,9.518150849856087e-08,0.012289602484036209
2024-09-27,2022-12-02,2.815605417273684e-06,2.580747242252984e-06,0.00430731364275668,2024-09-25,250,33061,155,1.0,1.923705910827099e-06,1.6790425068695773e-06,1.923705910827099e-06,1.6790425068695773e-06,0.0013869772567807659,0.001295778726044527,0.06575344353368462,2.446634039575215e-07,0.04573789167385373,0.38064516129032255,0.3096774193548387,1.0,5.858566511572213e-07,3.264854037944675e-07,0.012241071116547266
2024-09-30,2022-12-05,1.453977656321955e-06,1.253272069011697e-06,0.004302208174195532,2024-09-26,250,33038,118,0.01,1.148415285013574e-06,9.836705989498033e-07,1.148415285013574e-06,9.836705989498033e-07,0.0010716413975829667,0.0009918016933590118,0.07450225831516899,1.6474468606377076e-07,0.045737891673853746,0.4067796610169492,0.3983050847457627,1.0,2.1065490410164742e-07,1.562729839322664e-07,0.012258849983376209
2024-10-01,2022-12-07,1.1119920715176039e-06,1.1157000468735249e-06,0.004206008583690988,2024-09-27,250,32997,94,0.01,1.0456358439553016e-06,8.793099418076967e-07,1.0456358439553016e-06,8.793099418076967e-07,0.0010225633691636434,0.0009377152775804054,0.08297587625560598,1.6632590214760496e-07,0.04621542379696298,0.22340425531914893,0.26595744680851063,1.0,1.0080339816699974e-06,7.453555489370606e-07,0.012209922267150026
2024-10-02,2022-12-09,4.204562410028544e-07,5.112216335651353e-07,0.004332257636709253,2024-09-30,250,33043,164,0.01,2.871222433936305e-07,4.35437793521676e-07,2.871222433936305e-07,4.35437793521676e-07,0.0005358378890985878,0.0006598771048624706,-0.2314864594076158,-1.4831555012804555e-07,0.046024438311279336,0.4634146341463415,0.4878048780487805,1.0,7.878787212921806e-08,3.170255434537711e-07,0.012320292990046076
2024-10-03,2022-12-12,4.668588880584725e-07,4.7190995063593235e-07,0.0043213687274010065,2024-10-01,250,33021,163,0.01,4.109990102511226e-07,3.566506686236818e-07,4.109990102511226e-07,3.566506686236818e-07,0.0006410920450692885,0.000597202368233484,0.06846080398807775,5.434834162744079e-08,0.04583341634317223,0.48466257668711654,0.5828220858895705,1.0,3.2459076176787817e-07,1.7835896676098168e-07,0.012315095102485673
2024-10-04,2022-12-16,9.363212289866131e-07,9.236737985823633e-07,0.004342624185757965,2024-10-02,250,33015,127,0.01,6.408289002391872e-07,8.164000649018136e-07,6.408289002391872e-07,8.164000649018136e-07,0.0008005178950149629,0.0009035485957610767,-0.12870505629882012,-1.7557116466262643e-07,0.045737891673853746,0.33858267716535434,0.3700787401574803,1.0,3.4064621706719895e-07,7.074235735437954e-07,0.012337651016167097
2024-10-07,2022-12-19,3.31413516974441e-06,3.4782079266761184e-06,0.004320987654320986,2024-10-03,250,32995,179,1.0,1.987758998851267e-06,1.964418175592073e-06,1.987758998851267e-06,1.964418175592073e-06,0.0014098790724212011,0.0014015770316297541,0.005888477213290222,2.3340823259194004e-08,0.04621542379696298,0.39664804469273746,0.3575418994413408,1.0,6.761203409680479e-07,4.6744831063118426e-07,0.012226543683898217
2024-10-08,2022-12-21,4.527499713073726e-06,3.896564189954465e-06,0.004420587306599305,2024-10-04,250,32895,62,1.0,2.2024357252549507e-06,1.97400035113612e-06,2.2024357252549507e-06,1.97400035113612e-06,0.0014840605530957794,0.0014049912281349376,0.053279042284293365,2.2843537411883068e-07,0.046597285376782156,0.45161290322580644,0.4838709677419355,1.0,1.5919767535360286e-07,2.8447455338666483e-07,0.012338085593518846
2024-10-09,2022-12-23,2.9197469094088717e-06,2.5566753078673494e-06,0.004340700713115118,2024-10-07,250,32998,150,0.01,1.753056609211101e-06,1.5629683597431691e-06,1.753056609211101e-06,1.5629683597431691e-06,0.0013240304411950281,0.001250187329860277,0.05577146041151648,1.9008824946793184e-07,0.04640637281415574,0.47333333333333333,0.4266666666666667,1.0,9.710908634974808e-08,1.5254559466368767e-07,0.012222490709562607
2024-10-10,2022-12-28,1.638041625811896e-06,1.6501196869912394e-06,0.004269408381981355,2024-10-08,250,32868,121,0.01,8.360293793541903e-07,8.889884662335993e-07,8.360293793541903e-07,8.889884662335993e-07,0.0009143464219617148,0.0009428618489649474,-0.03118667751994164,-5.295908687940897e-08,0.04640637281415573,0.4214876033057851,0.5454545454545454,1.0,7.282417707992196e-08,1.6468617551261907e-07,0.012138415289184596
2024-10-11,2022-12-30,2.743671281196292e-06,2.348707822178013e-06,0.004278728606356968,2024-10-09,250,32941,145,100.0,1.6012146820456304e-06,1.3597406057784024e-06,1.6012146820456304e-06,1.3597406057784024e-06,0.0012653911182103463,0.0011660791593105515,0.07848321160990335,2.41474076267228e-07,0.046406372814155744,0.5172413793103449,0.45517241379310347,1.0,1.1420767997651506e-07,7.25134352265281e-08,0.012159694860534946
2024-10-14,2023-01-04,2.4089224243271114e-06,2.37211371697187e-06,0.004306745770160403,2024-10-10,250,32874,137,1.0,1.5983833563117e-06,1.558511755584669e-06,1.5983833563117e-06,1.558511755584669e-06,0.0012642718680377651,0.0012484036829426084,0.01255124431407717,3.9871600727031175e-08,0.04621542379696298,0.44525547445255476,0.38686131386861317,1.0,6.178925482285415e-07,5.74315834551764e-07,0.012087313226819423
2024-10-16,2023-01-06,1.2211976414699522e-06,1.106138551329498e-06,0.0041907205473594175,2024-10-11,250,32945,166,100.0,7.790055240945816e-07,7.283035134057755e-07,7.790055240945816e-07,7.283035134057755e-07,0.0008826128959484909,0.0008534070033728194,0.033090262684509875,5.070201068880612e-08,0.04621542379696298,0.42168674698795183,0.3433734939759036,1.0,1.0901746746523236e-07,1.5582618321831722e-07,0.012083143606195456
2024-10-17,2023-01-09,1.1975367023530363e-06,1.1198450859062073e-06,0.004228147381137286,2024-10-14,250,32971,160,100.0,8.722327820926196e-07,8.687250478260159e-07,8.722327820926196e-07,8.687250478260159e-07,0.000933934035193396,0.0009320542086306009,0.0020128044293896696,3.5077342666036684e-09,0.04611993561355311,0.41875,0.4,1.0,4.32115713504997e-07,5.289744080704629e-07,0.012030851794607595
2024-10-18,2023-01-13,1.1159757022065657e-06,9.30219010352715e-07,0.004221408572043937,2024-10-16,250,32907,165,100.0,7.2619777275753e-07,6.309993809721788e-07,7.2619777275753e-07,6.309993809721788e-07,0.0008521723844138169,0.0007943546946875677,0.067847410669169,9.51983917853512e-08,0.04631090286325026,0.41818181818181815,0.36363636363636365,1.0,1.560748311753583e-07,1.9333484844542433e-07,0.012029818837468875
2024-10-21,2023-01-23,8.030404511820771e-07,6.865044912727911e-07,0.0041702127659574454,2024-10-17,250,32960,184,100.0,4.835090621346683e-07,4.257806864259678e-07,4.835090621346683e-07,4.257806864259678e-07,0.0006953481589352692,0.0006525187249619491,0.06159422934102721,5.7728375708700565e-08,0.04621542379696298,0.30434782608695654,0.2717391304347826,1.0,1.3492936499204046e-07,1.413547175021607e-07,0.011983723635368376
2024-10-22,2023-01-25,2.3462270749832848e-07,3.390734222079258e-07,0.004144113667117727,2024-10-18,250,32908,73,100.0,1.8801520192725279e-07,2.694217167625947e-07,1.8801520192725279e-07,2.694217167625947e-07,0.0004336071977346003,0.0005190584906950225,-0.19707074376732248,-8.14065148353419e-08,0.04621542379696298,0.410958904109589,0.589041095890411,1.0,1.374127673072277e-07,1.937998651362352e-07,0.012003435395713035
2024-10-23,2023-01-27,2.69651152179752e-06,3.1302338840042066e-06,0.004155007207665563,2024-10-21,250,33014,158,100.0,1.6865370351337055e-06,1.991735464170358e-06,1.6865370351337055e-06,1.991735464170358e-06,0.001298667407434908,0.0014112885828810344,-0.0867205681773231,-3.0519842903665257e-07,0.04611993561355312,0.24050632911392406,0.3037974683544304,1.0,1.6355963460890481e-07,2.749521326748712e-07,0.012009814510045937
2024-10-24,2023-01-30,1.2852194155396208e-06,1.405867068032701e-06,0.004246836540128271,2024-10-22,250,32907,161,100.0,9.15844860601772e-07,1.0260481684482765e-06,9.15844860601772e-07,1.0260481684482765e-06,0.0009569978373025574,0.0010129403577942171,-0.058456266368733134,-1.1020330784650456e-07,0.04621542379696298,0.422360248447205,0.5590062111801242,1.0,3.976178730770291e-07,4.931679212701292e-07,0.012120564369625771
2024-10-25,2023-02-01,1.617245144265984e-06,1.7895408817334904e-06,0.004250336123519972,2024-10-23,250,32903,162,0.01,1.3827725415901161e-06,1.3903832944883433e-06,1.3827725415901161e-06,1.3903832944883433e-06,0.0011759134923922407,0.001179145154121554,-0.0027482138356444974,-7.61075289822717e-09,0.045928931888399804,0.3395061728395062,0.30864197530864196,1.0,1.0417214831524903e-06,8.097904403135842e-07,0.012094408190042124
2024-10-28,2023-02-03,2.2003614180802527e-06,2.0206322222071753e-06,0.0042349077395099615,2024-10-24,250,32994,94,0.01,2.2003614180802527e-06,2.0206322222071753e-06,2.2003614180802527e-06,2.0206322222071753e-06,0.001483361526425791,0.0014214894379513256,0.04171072754161853,1.7972919587307738e-07,0.04621542379696298,0.5106382978723404,0.5638297872340425,1.0,,,
2024-10-29,2023-02-06,2.0138752334359053e-06,1.8873543305237978e-06,0.004198800342759212,2024-10-25,250,33010,67,0.01,2.0877116323338066e-06,2.0379569200943915e-06,2.0877116323338066e-06,2.0379569200943915e-06,0.001444891564212971,0.0014275702855181566,0.011987943679530932,4.9754712239415105e-08,0.045928931888399804,0.23880597014925373,0.29850746268656714,1.0,2.1637854978649775e-06,2.1931232245004565e-06,0.012061300208322571
2024-10-30,2023-02-08,3.7653256904239434e-06,4.211685295984616e-06,0.004193948731116534,2024-10-28,250,32890,183,0.01,2.6649144488477995e-06,2.81203750913514e-06,2.6649144488477995e-06,2.81203750913514e-06,0.0016324565687477874,0.0016769130893207137,-0.027232896374711935,-1.471230602873403e-07,0.04592893188839982,0.34972677595628415,0.34972677595628415,1.0,1.279211403900062e-06,1.0495180738432055e-06,0.012041812056310913
2024-10-31,2023-02-10,4.180152535657743e-06,4.942885247672073e-06,0.004259017818339852,2024-10-29,250,32875,120,1.0,3.197148396605252e-06,3.816270648252119e-06,3.197148396605252e-06,3.816270648252119e-06,0.0017880571569738066,0.0019535277444285553,-0.09254211299083925,-6.191222516468668e-07,0.04564235787870107,0.4666666666666667,0.4666666666666667,1.0,3.749752231964875e-07,5.817964757238643e-07,0.012078352097377627
2024-11-01,2023-02-13,2.1261554503888148e-05,1.7190525886416275e-05,0.004338010712230534,2024-10-30,250,32906,195,0.01,1.0585164596581278e-05,8.609007497814144e-06,1.0585164596581278e-05,8.609007497814144e-06,0.0032534849925243666,0.0029341110234301195,0.09816365215394651,1.976157098767134e-06,0.04535570172079718,0.27692307692307694,0.29743589743589743,1.0,2.3230165616249883e-07,2.875351209878369e-07,0.012319859665166008
2024-11-04,2023-02-17,4.2760517244870047e-07,3.9016786872499276e-07,0.0043963931631600195,2024-10-31,250,32811,197,0.01,3.236960693578029e-07,2.95767304731567e-07,3.236960693578029e-07,2.95767304731567e-07,0.0005689429403356746,0.0005438449270992302,0.04411341007524694,2.7928764626235892e-08,0.04506896336757811,0.5025380710659898,0.4467005076142132,1.0,2.1872666929659006e-07,2.004034696769838e-07,0.012268081045110674
2024-11-05,2023-02-22,1.108010601509453e-06,6.636726472580551e-07,0.0044142155758749605,2024-11-01,250,32833,67,100.0,9.01557397537258e-07,6.423165721851489e-07,9.01557397537258e-07,6.423165721851489e-07,0.0009495037638352247,0.0008014465497992669,0.1559311502230668,2.592408253521091e-07,0.04545126290391737,0.3582089552238806,0.29850746268656714,1.0,7.011763466230683e-07,6.21588616967328e-07,0.012294563099980695
2024-11-06,2023-02-24,3.3084887974811406e-06,2.9805990797463657e-06,0.0043857686283284856,2024-11-04,250,32957,151,100.0,2.6784398616081084e-06,2.4569191167966506e-06,2.6784398616081084e-06,2.4569191167966506e-06,0.001636593981905136,0.0015674562567410456,0.04224488537077975,2.2152074481145776e-07,0.0453557017207972,0.33774834437086093,0.3443708609271523,1.0,1.7740147762419815e-06,1.7051849764333496e-06,0.012147676434888155
2024-11-07,2023-02-27,2.2923417278156405e-06,1.9796766940183334e-06,0.004400143678160919,2024-11-05,250,32836,143,100.0,1.4759175112517899e-06,1.3152142473693892e-06,1.4759175112517899e-06,1.3152142473693892e-06,0.001214873454830498,0.0011468279066056029,0.05601040005799529,1.6070326388240068e-07,0.045355701720797205,0.3706293706293706,0.34265734265734266,1.0,4.3918834736118606e-07,4.7145241035485684e-07,0.011852945655116407
2024-11-08,2023-03-01,1.4523218067387518e-06,1.548057803355512e-06,0.004308071039212239,2024-11-06,250,32772,142,100.0,6.526682833753748e-07,7.411615637734623e-07,6.526682833753748e-07,7.411615637734623e-07,0.0008078788791492043,0.00086090740720095,-0.06563920585173766,-8.849328039808755e-08,0.045260131404864574,0.38028169014084506,0.39436619718309857,1.0,1.7647011777695939e-07,2.6065031997741005e-07,0.01176200030221118
2024-11-11,2023-03-03,2.1818661865500757e-06,1.9327739658796728e-06,0.0043620021149101155,2024-11-07,250,32845,164,100.0,1.1404405061155216e-06,1.0194321838665076e-06,1.1404405061155216e-06,1.0194321838665076e-06,0.001067914091168162,0.0010096693438282197,0.054540667476566385,1.2100832224901403e-07,0.04526013140486457,0.4024390243902439,0.3597560975609756,1.0,9.901482568096848e-08,1.0609040185334235e-07,0.011711270666510638
2024-11-13,2023-03-06,,,,2024-11-08,250,32841,30,100.0,3.32178827421059e-07,4.985619795954454e-07,3.32178827421059e-07,4.985619795954454e-07,0.0005763495705047927,0.0007060892150397466,-0.22510582322690387,-1.6638315217438644e-07,0.04526013140486458,0.3,0.3,1.0,3.32178827421059e-07,4.985619795954454e-07,0.011736580666778355
2024-11-14,2023-03-08,1.3698059065391674e-06,1.1416507594753598e-06,0.004397654584221748,2024-11-11,250,32847,120,100.0,1.8128904476915382e-06,1.6210832461578126e-06,1.8128904476915382e-06,1.6210832461578126e-06,0.0013464362026072896,0.001273217674303107,0.05437950061235697,1.918072015337256e-07,0.04497336564273114,0.35,0.30833333333333335,1.0,3.2687396543350424e-06,3.196361416685872e-06,0.011730881294060516
2024-11-15,2023-03-10,9.884700076553632e-07,6.703043565663465e-07,0.004337919551310139,2024-11-13,250,32808,159,1.0,1.0781990095992566e-06,8.333194177226542e-07,1.0781990095992566e-06,8.333194177226542e-07,0.0010383636210881315,0.0009128633072495872,0.12086355038808938,2.448795918766024e-07,0.04506896336757812,0.42138364779874216,0.4088050314465409,1.0,1.1583141899063042e-06,9.788685794693578e-07,0.011806800370776098
2024-11-18,2023-03-13,1.5906257859942863e-06,1.4975368832164086e-06,0.004400000000000001,2024-11-14,250,32834,158,100.0,9.55811643218941e-07,9.618027033446484e-07,9.55811643218941e-07,9.618027033446484e-07,0.000977656198885345,0.0009807154038479504,-0.003129121429489512,-5.991060125707309e-09,0.044973365642731154,0.36075949367088606,0.36075949367088606,1.0,4.761742908997913e-07,5.570257674415408e-07,0.011959991463935131
2024-11-19,2023-03-17,1.3705942759613184e-06,1.5034171730781109e-06,0.0043417244101394605,2024-11-15,250,32824,62,1.0,1.3611343199712345e-06,1.2540959197623742e-06,1.3611343199712345e-06,1.2540959197623742e-06,0.0011666766132786045,0.0011198642416660933,0.04012454786503239,1.0703840020886028e-07,0.045260131404864574,0.22580645161290322,0.25806451612903225,1.0,1.3522656112305306e-06,1.0203572447788715e-06,0.01191118762220522
2024-11-20,2023-03-20,9.224386193941827e-07,7.980143745516015e-07,0.004336779393727002,2024-11-18,250,32786,159,0.01,6.411210905078215e-07,5.41164132918838e-07,6.411210905078215e-07,5.41164132918838e-07,0.000800700374989185,0.0007356385885194155,0.08125609591558924,9.995695758898354e-08,0.04516455195437363,0.6037735849056604,0.559748427672956,1.0,2.2354038356712907e-07,1.5990205549520478e-07,0.011867804506183298
2024-11-21,2023-03-22,2.6956684736976503e-07,2.715460788670755e-07,0.004323144104803494,2024-11-19,250,32664,161,100.0,1.882112387097738e-07,2.117143164926675e-07,1.882112387097738e-07,2.117143164926675e-07,0.00043383319226377066,0.0004601242402793701,-0.06060174390624873,-2.350307778289369e-08,0.04516455195437364,0.6521739130434783,0.7018633540372671,1.0,7.110846866887731e-08,1.2559284034768639e-07,0.011863784928027095
2024-11-22,2023-03-24,1.0901554020010837e-06,1.276801140215961e-06,0.004332224750568879,2024-11-20,250,32748,175,1.0,7.470350365188858e-07,1.0184359181443242e-06,7.470350365188858e-07,1.0184359181443242e-06,0.0008643118861376869,0.001009175860860893,-0.16760613506144573,-2.714008816254384e-07,0.04526013140486457,0.4857142857142857,0.5257142857142857,1.0,4.2297691356347646e-07,7.744243195211117e-07,0.011800436269307863
2024-11-25,2023-03-27,1.4929380689586064e-06,1.4901954402761752e-06,0.0043067820942271715,2024-11-21,250,32715,172,1.0,9.317845959998253e-07,9.718375839036014e-07,9.317845959998253e-07,9.718375839036014e-07,0.0009652899025680448,0.0009858182306610086,-0.021266490034082652,-4.005298790377608e-08,0.04526013140486457,0.4011627906976744,0.38953488372093026,1.0,4.084616942517486e-07,4.884252009943475e-07,0.011763975416029956
2024-11-26,2023-03-29,4.0272564279704374e-07,3.0678128696351216e-07,0.004251299008030231,2024-11-22,250,32696,68,100.0,3.5188807568794895e-07,3.0633477512989264e-07,3.5188807568794895e-07,3.0633477512989264e-07,0.0005932015472737313,0.000553475180229333,0.06696942586710197,4.5553300558056316e-08,0.04516455195437363,0.4852941176470588,0.5,1.0,2.946958126902175e-07,3.0583244931707087e-07,0.01172420631600087
2024-11-27,2023-03-31,6.63005199150984e-07,7.524525929320282e-07,0.004211690632179019,2024-11-25,250,32791,156,100.0,8.309381150791917e-07,9.384631772277422e-07,8.309381150791917e-07,9.384631772277422e-07,0.0009115580700532422,0.0009687430914477492,-0.06273327314316579,-1.0752506214855051e-07,0.04506896336757812,0.42948717948717946,0.5,1.0,1.0723416817259902e-06,1.205853392152831e-06,0.011663306418047116
2024-11-29,2023-04-03,1.142301297080199e-06,8.634680120659535e-07,0.004214021197803602,2024-11-26,250,32691,146,100.0,7.570032748247928e-07,5.827230893338083e-07,7.570032748247928e-07,5.827230893338083e-07,0.0008700593513231111,0.0007633630128148785,0.12263110366663843,1.7428018549098443e-07,0.04497336564273115,0.6506849315068494,0.6438356164383562,1.0,2.201125880754562e-07,1.9152114782180287e-07,0.01169875423742965
2024-12-02,2023-04-05,6.421953091123751e-07,5.778802764050589e-07,0.004171406901782329,2024-11-27,250,32679,111,100.0,7.248859899145692e-07,6.47397806768179e-07,7.248859899145692e-07,6.47397806768179e-07,0.0008514023666366974,0.0008046103446813116,0.05495876425646873,7.748818314639028e-08,0.044782142771893206,0.40540540540540543,0.34234234234234234,1.0,1.0594073804325362e-06,9.286278159644374e-07,0.011626528918761926
2024-12-03,2023-04-10,4.989379078868176e-07,3.099568924131969e-07,0.004132058934012271,2024-11-29,250,32747,98,100.0,4.0435250495743027e-07,3.8258163673179764e-07,4.0435250495743027e-07,3.8258163673179764e-07,0.0006358871794252737,0.0006185318397073813,0.027293111544690163,2.1770868225632624e-08,0.04411257461832096,0.4489795918367347,0.42857142857142855,1.0,3.541040096511933e-07,4.211635321510544e-07,0.011605727018206518
2024-12-04,2023-04-14,6.830516948633224e-07,7.169529568090748e-07,0.004079950546053986,2024-12-02,250,32748,177,100.0,4.132455722933812e-07,4.767560739398077e-07,4.132455722933812e-07,4.767560739398077e-07,0.0006428417941401922,0.000690475252228353,-0.07409825951324622,-6.351050164642652e-08,0.04392118705792814,0.615819209039548,0.6214689265536724,1.0,1.5243298714243823e-07,2.4456575383284967e-07,0.011600346078057992
2024-12-05,2023-04-17,5.081423039438802e-07,5.590535016236049e-07,0.004073906423603966,2024-12-03,250,32753,146,100.0,3.9538031630158213e-07,4.6026771122482095e-07,3.9538031630158213e-07,4.6026771122482095e-07,0.0006287927451088969,0.0006784303289393989,-0.07894108864424876,-6.488739492323882e-08,0.04372976286132523,0.5753424657534246,0.636986301369863,1.0,2.3825295647215041e-07,3.226153803412696e-07,0.011528757858012701
2024-12-06,2023-04-19,1.3912498496391692e-06,1.5090495756370277e-06,0.004073403554970376,2024-12-04,250,32834,174,100.0,8.05777060400349e-07,9.221508774670918e-07,8.05777060400349e-07,9.221508774670918e-07,0.0008976508566254193,0.000960286872485036,-0.06977770410099882,-1.1637381706674276e-07,0.04363403702006131,0.47126436781609193,0.5229885057471264,1.0,1.7848478621589887e-07,2.9333084371358866e-07,0.011547761513862791
2024-12-09,2023-04-21,4.842278169694455e-06,3.930331312776845e-06,0.004076758359413605,2024-12-05,250,32909,127,100.0,2.644277720779346e-06,2.322108196552356e-06,2.644277720779346e-06,2.322108196552356e-06,0.001626123525682888,0.0015238465134495521,0.06289621336754525,3.2216952422699006e-07,0.04325104199431497,0.3464566929133858,0.3228346456692913,1.0,1.217004702003299e-06,1.2778074717312592e-06,0.011525912702982841
2024-12-10,2023-04-24,1.8997547054406997e-06,1.448402804105256e-06,0.004012158054711247,2024-12-06,250,32903,50,100.0,1.0441526078096384e-06,8.760876412737953e-07,1.0441526078096384e-06,8.760876412737953e-07,0.0010218378578862883,0.00093599553485783,0.0840077732156318,1.680649665358431e-07,0.04325104199431493,0.54,0.54,1.0,4.7375120938893064e-07,4.945441993861548e-07,0.011585574188000266
2024-12-11,2023-04-26,1.2971883779188359e-06,1.3421791409667028e-06,0.003995641118779515,2024-12-09,250,32822,134,0.01,9.058711492816725e-07,9.935204059540214e-07,9.058711492816725e-07,9.935204059540214e-07,0.0009517726352872689,0.0009967549377625483,-0.04726160514344113,-8.764925667234889e-08,0.04315527031392761,0.5970149253731343,0.6343283582089553,1.0,3.078202904211023e-07,4.6066460338747053e-07,0.011621707033842068
2024-12-12,2023-04-28,1.1922677071493104e-06,1.1303905258188185e-06,0.0040163901172461354,2024-12-10,250,32796,108,1.0,9.04307262734884e-07,9.34617188464321e-07,9.04307262734884e-07,9.34617188464321e-07,0.0009509507151976301,0.0009667560128927676,-0.016620522433544727,-3.0309925729436985e-08,0.0428679002271758,0.5555555555555556,0.5185185185185185,1.0,5.941960149039634e-07,7.237843636210153e-07,0.011532553583775059
2024-12-13,2023-05-01,1.3809265361774715e-06,1.3481347696674784e-06,0.003992579448298113,2024-12-11,250,32757,145,100.0,8.919393771211468e-07,1.0155616358330196e-06,8.919393771211468e-07,1.0155616358330196e-06,0.0009444254216830182,0.0010077507806164278,-0.06705173058615932,-1.2362225871187278e-07,0.04258044753511839,0.5586206896551724,0.593103448275862,1.0,4.3555136200191035e-07,7.051600442541912e-07,0.011592284017010573
2024-12-16,2023-05-03,1.2972936525551173e-06,1.131501313219442e-06,0.003989844033369605,2024-12-12,250,32728,139,100.0,9.160386031972507e-07,8.549735964072477e-07,9.160386031972507e-07,8.549735964072477e-07,0.0009570990561050882,0.0009246478229073206,0.03390582509800788,6.1065006790003e-08,0.042484611606155305,0.5467625899280576,0.5323741007194245,1.0,3.159149143932015e-07,4.1969848661027527e-07,0.008439933135830257
2024-12-17,2023-05-05,,,,2024-12-13,250,32799,18,0.01,8.280203326517188e-07,8.234943940516967e-07,8.280203326517188e-07,8.234943940516967e-07,0.0009099562256788613,0.0009074659189477567,0.002736732450230428,4.525938600022136e-09,0.04277209184386899,0.16666666666666666,0.0,1.0,8.280203326517188e-07,8.234943940516967e-07,0.008404047528799091
2024-12-18,2023-05-08,3.7885712450161315e-06,3.410953138785263e-06,0.0039056335805586232,2024-12-16,250,32808,149,0.01,1.590323931724471e-05,1.5126563769231832e-05,1.590323931724471e-05,1.5126563769231832e-05,0.003987886572765669,0.0038892883371166804,0.024724433318224714,7.76675548012877e-07,0.04286790022717579,0.30201342281879195,0.28187919463087246,1.0,3.6022241651481454e-05,3.45828457090806e-05,0.008438815800360754
2024-12-19,2023-05-10,4.020168193412313e-06,3.8241285115391e-06,0.003991130820399111,2024-12-17,250,32644,124,0.01,8.224830142760104e-06,6.899149012700563e-06,8.224830142760104e-06,6.899149012700563e-06,0.0028678964665343316,0.0026266231196539337,0.08412902965495161,1.3256811300595403e-06,0.04267627428043632,0.3548387096774194,0.3548387096774194,1.0,1.5113318868287334e-05,1.1936948557156586e-05,0.008698048713925089
2024-12-20,2023-05-12,6.756242798162757e-06,6.472831704368357e-06,0.0039633291965250825,2024-12-18,250,32720,171,0.01,4.644471978263135e-06,4.81782505240193e-06,4.644471978263135e-06,4.81782505240193e-06,0.002155103704758343,0.002194954453377548,-0.01849133688147675,-1.7335307413879538e-07,0.04258044753511838,0.4444444444444444,0.4444444444444444,1.0,2.873309355121518e-06,3.429754957204284e-06,0.008700720013649545
2024-12-23,2023-05-15,1.4447922961268067e-06,1.6220241312247116e-06,0.003890133207591654,2024-12-19,250,32709,185,0.01,1.7029732840756586e-06,1.8601055838584453e-06,1.7029732840756586e-06,1.8601055838584453e-06,0.0013049801853191713,0.0013638568780698528,-0.04511692469589601,-1.5713229978278667e-07,0.04248461160615529,0.2756756756756757,0.34054054054054056,1.0,1.9814606418631836e-06,2.1169125440026976e-06,0.011951349065381037
2024-12-24,2023-05-19,8.920956482530391e-07,7.95708348642154e-07,0.003878246562463274,2024-12-20,250,32693,69,100.0,8.977419458004442e-07,8.404056408201183e-07,8.977419458004442e-07,8.404056408201183e-07,0.0009474924515796652,0.0009167364074913346,0.032460463444383025,5.733630498032591e-08,0.042676274280436306,0.43478260869565216,0.43478260869565216,1.0,9.039015431248858e-07,8.891663231960794e-07,0.011880206494139803
2024-12-26,2023-05-22,,,,2024-12-23,250,32697,60,100.0,3.1124752980541655e-06,3.112098764003316e-06,3.1124752980541655e-06,3.112098764003316e-06,0.00176422087564289,0.0017641141584385394,6.048970728322889e-05,3.7653405084932774e-10,0.04305948946044696,0.15,0.23333333333333334,1.0,3.1124752980541655e-06,3.112098764003316e-06,0.011749609180109767
2024-12-27,2023-05-24,7.547361043023138e-07,7.838657750862719e-07,0.0038220986796386395,2024-12-24,250,32551,164,100.0,1.0050719984785152e-06,9.888186563306828e-07,1.0050719984785152e-06,9.888186563306828e-07,0.0010025327917223034,0.0009943936123742363,0.008118616583188687,1.6253342147832346e-08,0.04258044753511838,0.4329268292682927,0.3719512195121951,1.0,1.2949346127878008e-06,1.2261325188242116e-06,0.011748827618319085
2024-12-30,2023-05-26,2.14870817243095e-06,2.13679897320749e-06,0.0038733909777377835,2024-12-26,250,32533,170,100.0,1.9324331278888784e-06,1.885627693795159e-06,1.9324331278888784e-06,1.885627693795159e-06,0.0013901198250110955,0.0013731815953453349,0.012184726353086428,4.680543409371947e-08,0.04219704869978835,0.3235294117647059,0.37058823529411766,1.0,1.700333080087632e-06,1.6160780280843645e-06,0.011873817246768961
2024-12-31,2023-05-31,6.605525093117179e-07,5.901013530812375e-07,0.003925455987311655,2024-12-27,250,32521,38,0.01,6.605525093117179e-07,5.901013530812375e-07,6.605525093117179e-07,5.901013530812375e-07,0.0008127438153020408,0.0007681805471900714,0.0548306456142128,7.045115623048048e-08,0.04277209184386899,0.5789473684210527,0.5526315789473685,1.0,,,
2025-01-02,2023-06-02,1.7982310796653175e-06,1.6066430921172787e-06,0.00395335835795863,2024-12-30,250,32652,155,0.01,1.1183664985678206e-06,9.980901982492314e-07,1.1183664985678206e-06,9.980901982492314e-07,0.0010575284859368188,0.000999044642770898,0.05530238092273465,1.2027630031858914e-07,0.04277209184386898,0.432258064516129,0.4064516129032258,1.0,1.516840473198168e-07,1.3280405228060159e-07,0.012054736554736555
2025-01-03,2023-06-07,8.691275682389395e-07,7.394559967374484e-07,0.004059872872667624,2024-12-31,250,32547,192,0.01,5.905476035064865e-07,5.753925056181241e-07,5.905476035064865e-07,5.753925056181241e-07,0.0007684709516347945,0.000758546310793299,0.012914789843887275,1.515509788836237e-08,0.042676274280436306,0.4375,0.4635416666666667,1.0,2.9399473782355264e-07,4.007442731362627e-07,0.012084428024083202
2025-01-06,2023-06-09,5.050991457148075e-07,5.218657077498498e-07,0.0040680473372781065,2025-01-02,250,32633,178,1.0,8.392851934072949e-07,8.265590401872123e-07,8.392851934072949e-07,8.265590401872123e-07,0.0009161250970294913,0.000909152924533168,0.007610502669264663,1.2726153220082562e-08,0.0424846116061553,0.34831460674157305,0.34269662921348315,1.0,1.1888361168557583e-06,1.1452612614722698e-06,0.011935197229495733
2025-01-07,2023-06-12,3.730705816973324e-07,8.307602574479605e-07,0.0040408163265306125,2025-01-03,250,32736,68,100.0,5.359901841333435e-07,7.921504235192796e-07,5.359901841333435e-07,7.921504235192796e-07,0.0007321135049521649,0.0008900283273690111,-0.21569718540728755,-2.561602393859361e-07,0.04258044753511839,0.35294117647058826,0.38235294117647056,1.0,7.192747368738559e-07,7.487143603495139e-07,0.011866836871808653
2025-01-08,2023-06-16,5.155864248504416e-07,5.978945366273724e-07,0.004087362206349862,2025-01-06,250,32786,161,100.0,3.604263927211053e-07,4.245892773149351e-07,3.604263927211053e-07,4.245892773149351e-07,0.0006003552221152951,0.0006516051544570033,-0.08536601407602284,-6.41628845938298e-08,0.04258044753511838,0.5652173913043478,0.6211180124223602,1.0,1.3708998283796957e-07,1.7513473739551818e-07,0.012002514312896045
2025-01-10,2023-06-21,2.7865419425287123e-06,3.300957813171262e-06,0.00407911001236094,2025-01-07,250,32711,115,0.01,2.1736393466995883e-06,2.2996555761329376e-06,2.1736393466995883e-06,2.2996555761329376e-06,0.0014743267435340065,0.0015164615313726022,-0.028579002601280434,-1.260162294333493e-07,0.042580447535118374,0.3652173913043478,0.3739130434782609,1.0,1.6677514898247537e-06,1.4731838884187645e-06,0.011985003986496805
2025-01-13,2023-06-23,2.088586497119695e-06,2.179663845558141e-06,0.004179860671310956,2025-01-08,250,32792,179,0.01,1.5257895369598482e-06,1.5631062208656247e-06,1.5257895369598482e-06,1.5631062208656247e-06,0.001235228536328338,0.0012502424648305722,-0.01215477788981656,-3.7316683905776486e-08,0.042676274280436306,0.33519553072625696,0.35195530726256985,1.0,9.566690154498908e-07,9.396209824125186e-07,0.012170821202776962
2025-01-15,2023-06-26,2.4933929514151928e-06,2.0962646715868774e-06,0.004243827160493826,2025-01-10,250,32717,162,0.01,1.802193188658507e-06,1.5984246573775736e-06,1.802193188658507e-06,1.5984246573775736e-06,0.0013424578908325232,0.001264288201866004,0.0582287828171969,2.0376853128093345e-07,0.042676274280436306,0.37037037037037035,0.3395061728395062,1.0,7.707104657754528e-07,8.554941746344584e-07,0.01213528229615761
2025-01-16,2023-06-28,5.9251293902658535e-06,6.260845436577922e-06,0.004161937192584184,2025-01-13,250,32712,158,0.01,3.6369223721118318e-06,3.8709088637161555e-06,3.6369223721118318e-06,3.8709088637161555e-06,0.0019070716746131572,0.0019674625444252186,-0.03166680655791887,-2.3398649160432373e-07,0.04258044753511838,0.2721518987341772,0.31645569620253167,1.0,3.6302617690684733e-07,4.514611517754771e-07,0.011918485778872431
2025-01-17,2023-06-30,1.8657028019707011e-06,1.1379989893637045e-06,0.00433715937965478,2025-01-15,250,32793,163,100.0,1.491566437667709e-06,9.718152236995436e-07,1.491566437667709e-06,9.718152236995436e-07,0.0012212970308928574,0.0009858068896591986,0.19281971156639777,5.197512139681655e-07,0.0424846116061553,0.4723926380368098,0.3803680981595092,1.0,8.820862313031575e-07,7.010965086659914e-07,0.011941450882293283
2025-01-21,2023-07-05,2.164264131945713e-06,2.3470464396595788e-06,0.004304722149752154,2025-01-16,250,32786,67,100.0,1.5338711865126524e-06,1.6368545985353788e-06,1.5338711865126524e-06,1.6368545985353788e-06,0.0012384955335053302,0.001279396185133979,-0.033024464378072604,-1.029834120227264e-07,0.042484611606155305,0.34328358208955223,0.3880597014925373,1.0,8.843754245513173e-07,9.051417925286269e-07,0.011822751765453996
2025-01-22,2023-07-07,1.5529428299162258e-06,2.4658259799617154e-06,0.004446640316205535,2025-01-17,250,32867,167,0.01,1.0168229842345929e-06,1.5895159022760826e-06,1.0168229842345929e-06,1.5895159022760826e-06,0.0010083764099950935,0.0012607600494448112,-0.25028713181712137,-5.726929180414898e-07,0.042676274280436306,0.31736526946107785,0.31736526946107785,1.0,1.317997469188814e-07,1.4290878990614995e-07,0.011715512809883102
2025-01-23,2023-07-10,2.5344282262985496e-07,3.760985224780796e-07,0.00442299959790913,2025-01-21,250,32827,177,100.0,2.0556260492052533e-07,2.937856000621789e-07,2.0556260492052533e-07,2.937856000621789e-07,0.0004533901244188335,0.0005420199258903485,-0.195482426056639,-8.822299514165357e-08,0.0426762742804363,0.3446327683615819,0.4576271186440678,1.0,1.2503678422756188e-07,1.553502305445278e-07,0.011650023085548444
2025-01-24,2023-07-14,2.590419945343282e-07,7.726511267553545e-07,0.004426361441473667,2025-01-22,250,32820,173,0.01,1.9475848002877521e-07,5.73841806558514e-07,1.9475848002877521e-07,5.73841806558514e-07,0.00044131449107045556,0.0007575234693120167,-0.7165161911510369,-3.7908332652973877e-07,0.0426762742804363,0.3872832369942196,0.5606936416184971,1.0,7.96702524462528e-08,2.179089913673961e-07,0.011586781467814677
2025-01-27,2023-07-17,2.6243758437451454e-06,3.166517953047252e-06,0.00444384594667385,2025-01-23,250,32896,182,0.01,2.1255466911384906e-06,2.313286220333061e-06,2.1255466911384906e-06,2.313286220333061e-06,0.0014579254751661659,0.001520949118259076,-0.04322830224619478,-1.877395291945703e-07,0.04258044753511838,0.24725274725274726,0.26373626373626374,1.0,1.5035498465301917e-06,1.2493799857141303e-06,0.011620704968995182
2025-01-28,2023-07-19,1.6356460528026597e-06,1.3381251318341106e-06,0.004306969459671104,2025-01-24,250,32970,64,100.0,1.1268770479930144e-06,9.266308483862854e-07,1.1268770479930144e-06,9.266308483862854e-07,0.001061544651907311,0.0009626166674155842,0.09319248541639757,2.0024619960672905e-07,0.04229291219025145,0.265625,0.25,1.0,6.181080431833694e-07,5.151365649384601e-07,0.011787443482323105
2025-01-29,2023-07-21,1.50561266938335e-06,2.073375204567498e-06,0.004155124653739614,2025-01-27,250,33074,131,0.01,1.4005008665498556e-06,1.8787932628945356e-06,1.4005008665498556e-06,1.8787932628945356e-06,0.0011834275924406425,0.0013706907976982028,-0.15823799145274098,-4.7829239634468e-07,0.04219704869978835,0.5114503816793893,0.648854961832061,1.0,9.76010893568436e-07,1.0929815753691115e-06,0.011687024416065638
2025-01-30,2023-07-24,1.5561168583784367e-06,1.2159981980392296e-06,0.004136029411764707,2025-01-28,250,32941,154,0.01,2.697790263753839e-06,2.3203404619293757e-06,2.697790263753839e-06,2.3203404619293757e-06,0.0016424951335556033,0.0015232663791764642,0.07259001986875768,3.7744980182446344e-07,0.04219704869978835,0.44155844155844154,0.474025974025974,1.0,4.536077950375252e-06,4.098518683447408e-06,0.011739652049650221
2025-01-31,2023-07-26,1.1387937141547784e-05,8.664620766074476e-06,0.004166842038806346,2025-01-29,250,32876,184,0.01,6.1729689025191025e-06,4.741435224841839e-06,6.1729689025191025e-06,4.741435224841839e-06,0.0024845460153756667,0.0021774836910621945,0.12358890614752571,1.4315336776772637e-06,0.04210117601863539,0.32608695652173914,0.3423913043478261,1.0,3.585790268204582e-07,3.673088168008523e-07,0.011676980034377893
2025-02-03,2023-07-28,1.6282206779872123e-06,1.6801728831835292e-06,0.004194915254237287,2025-01-30,250,32945,184,100.0,1.2395482741989102e-06,1.189145898874105e-06,1.2395482741989102e-06,1.189145898874105e-06,0.0011133500232177256,0.0010904796645853168,0.020541930350268967,5.0402375324805174e-08,0.04219704869978835,0.266304347826087,0.2826086956521739,1.0,8.246732364473515e-07,6.650159718022478e-07,0.011739456980492504
2025-02-04,2023-07-31,2.1412704601470154e-06,1.2015952645261767e-06,0.004341914828297005,2025-01-31,250,32937,67,100.0,2.203871120716363e-06,1.6906768256945552e-06,2.203871120716363e-06,1.6906768256945552e-06,0.0014845440784012993,0.001300260291516493,0.1241349378344232,5.131942950218077e-07,0.042484611606155305,0.2537313432835821,0.26865671641791045,1.0,2.268368770999934e-06,2.1945790402316727e-06,0.011818993927430282
2025-02-05,2023-08-02,4.2780824739361966e-07,4.569664669425064e-07,0.004252577319587628,2025-02-03,250,32974,163,0.01,7.144402626658378e-07,6.832662780522428e-07,7.144402626658378e-07,6.832662780522428e-07,0.0008452456818380309,0.000826599224565474,0.022060399329114855,3.117398461359499e-08,0.04238876649178663,0.3987730061349693,0.4785276073619632,1.0,1.1813730617383224e-06,1.0519159703439102e-06,0.011740237296021803
2025-02-06,2023-08-04,1.5996190832989209e-06,1.4348924849623843e-06,0.0042586140147115766,2025-02-04,250,32960,117,100.0,1.573148433016467e-06,1.5925304247557167e-06,1.573148433016467e-06,1.5925304247557167e-06,0.0012542521409256062,0.001261955001081939,-0.006141396857132886,-1.9381991739249674e-08,0.042388766491786606,0.3247863247863248,0.2905982905982906,1.0,1.5480013152481354e-06,1.7422864675593824e-06,0.011692827115951139
2025-02-07,2023-08-07,1.8494788243551614e-06,1.7823267301004332e-06,0.004244918960638023,2025-02-05,250,32983,153,100.0,1.5919314092612382e-06,1.5184395939539873e-06,1.5919314092612382e-06,1.5184395939539873e-06,0.0012617176424466919,0.0012322498098819034,0.02335533052200578,7.34918153072509e-08,0.0424846116061553,0.37254901960784315,0.32679738562091504,1.0,1.337728765791911e-06,1.2579795634717806e-06,0.011652328803272199
2025-02-10,2023-08-09,5.671996571759592e-07,4.958118593561464e-07,0.0032948205421078065,2025-02-06,250,32926,144,100.0,3.437832080202016e-07,3.545833533169e-07,3.437832080202016e-07,3.545833533169e-07,0.0005863302891887828,0.0005954690196113481,-0.015586318140257127,-1.0800145296698397e-08,0.04258044753511839,0.4722222222222222,0.5,1.0,1.8870590801796992e-07,2.5655415500730544e-07,0.011759974699136108
2025-02-11,2023-08-11,2.467441285676965e-06,2.366350340007977e-06,0.004392708104546453,2025-02-07,250,33003,64,0.01,1.4016246891764682e-06,1.3747803037421827e-06,1.4016246891764682e-06,1.3747803037421827e-06,0.0011839023140345947,0.0011725102574144854,0.009622463344367116,2.684438543428551e-08,0.04258044753511839,0.5,0.34375,1.0,1.9369921314257195e-07,2.510009293076156e-07,0.011680648094568905
2025-02-12,2023-08-14,1.1649324251883095e-06,1.085709752065181e-06,0.004298856504169891,2025-02-10,250,33016,129,100.0,9.306564860107881e-07,8.818306962261772e-07,9.306564860107881e-07,8.818306962261772e-07,0.0009647053881941305,0.0009390584093794045,0.02658529653569741,4.882578978461087e-08,0.04258044753511839,0.35658914728682173,0.37209302325581395,1.0,1.9004222667539803e-07,2.3730981002545553e-07,0.011671771488989117
2025-02-13,2023-08-18,1.0964736238874016e-06,1.014914752824625e-06,0.004221724996833706,2025-02-11,250,32912,123,1.0,6.778775452522148e-07,6.783030282190759e-07,6.778775452522148e-07,6.783030282190759e-07,0.0008233331921234652,0.0008235915421002548,-0.0003137854507277993,-4.254829668610376e-10,0.042580447535118374,0.45528455284552843,0.4959349593495935,1.0,2.5241923581972996e-07,3.3617307861999283e-07,0.01170949350304959
2025-02-14,2023-08-21,1.920309562943009e-06,1.597429140829332e-06,0.004140272429925889,2025-02-12,250,32850,148,0.01,8.526563378828831e-07,7.80588939502288e-07,8.526563378828831e-07,7.80588939502288e-07,0.0009233939234600167,0.0008835094450555059,0.04319335160346416,7.206739838059511e-08,0.042484611606155305,0.44594594594594594,0.5135135135135135,1.0,1.6461314839969095e-07,2.5418080975819284e-07,0.011587161530513503
2025-02-18,2023-08-23,8.963018892502596e-08,6.173466414433551e-08,0.00408830744071954,2025-02-13,250,32757,70,1.0,1.0862710162264752e-07,1.2597621747395637e-07,1.0862710162264752e-07,1.2597621747395637e-07,0.0003295862582430395,0.00035493128556659577,-0.07689952687550039,-1.7349115851308848e-08,0.04248461160615531,0.5857142857142857,0.5285714285714286,1.0,1.311859354510731e-07,2.0226306205288117e-07,0.01158773167131376
2025-02-19,2023-08-25,3.7498463678085286e-07,3.3900843617942435e-07,0.004090481449666625,2025-02-14,250,32829,162,100.0,4.041811509733358e-07,4.303612168796965e-07,4.041811509733358e-07,4.303612168796965e-07,0.0006357524289952307,0.0006560192199011371,-0.03187843251804301,-2.6180065906360734e-08,0.0424846116061553,0.3888888888888889,0.4012345679012346,1.0,4.579642034331728e-07,5.986426550117768e-07,0.011553811182521382
2025-02-20,2023-08-28,1.8420687712684396e-07,1.9087983280651192e-07,0.004083799567117246,2025-02-18,250,32724,162,0.01,1.8879640095428528e-07,2.1730837822510387e-07,1.8879640095428528e-07,2.1730837822510387e-07,0.0004345070781406044,0.00046616346727849006,-0.0728558652562199,-2.8511977270818595e-08,0.0424846116061553,0.4876543209876543,0.5,1.0,1.9600850982597876e-07,2.588389495971771e-07,0.011526666992968204
2025-02-21,2023-08-30,1.0761265177416234e-06,1.0963949770885235e-06,0.004067851767481592,2025-02-19,250,32723,188,100.0,9.366384450338438e-07,9.2282217477252e-07,9.366384450338438e-07,9.2282217477252e-07,0.0009678008292173777,0.0009606363384613972,0.007402856599920571,1.3816270261323769e-08,0.04238876649178662,0.3670212765957447,0.3617021276595745,1.0,7.81477555167887e-07,7.29746810398539e-07,0.011574822241882108
2025-02-24,2023-09-01,1.915084169544845e-06,1.9030475851751753e-06,0.004072490327835471,2025-02-20,250,32816,194,100.0,1.0582102604801904e-06,1.031074578807211e-06,1.0582102604801904e-06,1.031074578807211e-06,0.0010286934725564222,0.001015418425481442,0.012904764567028937,2.7135681672979396e-08,0.04229291219025145,0.39690721649484534,0.3711340206185567,1.0,1.6525744998123465e-07,1.223869195395429e-07,0.011776244291095778
2025-02-25,2023-09-06,4.4447598260478725e-07,6.39849994465906e-07,0.004046944556859573,2025-02-21,250,32838,68,0.01,4.427394361654703e-07,5.981197752531114e-07,4.427394361654703e-07,5.981197752531114e-07,0.0006653866816862735,0.0007733820370639025,-0.16230465434615993,-1.5538033908764114e-07,0.04219704869978836,0.29411764705882354,0.3088235294117647,1.0,4.407858214212386e-07,5.511732786387176e-07,0.011830076522496274
2025-02-26,2023-09-08,2.1097850697714675e-06,1.5642778034396932e-06,0.004047927461139898,2025-02-24,250,32960,168,0.01,1.5030256126574202e-06,1.1270867177272483e-06,1.5030256126574202e-06,1.1270867177272483e-06,0.001225979450340592,0.0010616434042216097,0.1340446987698919,3.759388949301719e-07,0.04210117601863539,0.39880952380952384,0.32142857142857145,1.0,5.653064516629836e-07,4.514277670807426e-07,0.011889203015616585
2025-02-27,2023-09-11,1.54888505425186e-06,2.0087912621377284e-06,0.004160426027625229,2025-02-25,250,32936,130,0.01,1.3624409817698665e-06,1.6996679539459796e-06,1.3624409817698665e-06,1.6996679539459796e-06,0.0011672364720868974,0.001303713140973113,-0.11692289621674457,-3.372269721761131e-07,0.04219704869978835,0.4307692307692308,0.46923076923076923,1.0,7.670228148112426e-07,7.124677116562005e-07,0.011883203821441795
2025-02-28,2023-09-15,1.6142723826903163e-06,1.273141923359457e-06,0.004214075010535187,2025-02-26,250,32950,171,0.01,1.0305143488727513e-06,8.799599666116894e-07,1.0305143488727513e-06,8.799599666116894e-07,0.0010151425263837347,0.0009380618138543373,0.07593092647195432,1.505543822610619e-07,0.04229291219025145,0.5614035087719298,0.5263157894736842,1.0,4.79924385158457e-07,5.091178937700453e-07,0.012075959319716263
2025-03-03,2023-09-18,3.2058022290239602e-06,3.7420280241154725e-06,0.004134965266291763,2025-02-27,250,32908,141,0.01,3.1711263246986067e-06,3.4296619720623527e-06,3.1711263246986067e-06,3.4296619720623527e-06,0.0017807656568730784,0.0018519346565314752,-0.03996539319124426,-2.58535647363746e-07,0.042292912190251455,0.23404255319148937,0.19858156028368795,1.0,3.1099335523597474e-06,2.878427762556848e-06,0.011890403581406311
2025-03-04,2023-09-20,1.0764398974315889e-06,2.2968379148809573e-06,0.00420115111540562,2025-02-28,250,32902,96,0.01,6.981337206017191e-07,1.3550837977300818e-06,6.981337206017191e-07,1.3550837977300818e-06,0.0008355439668872723,0.0011640806663329143,-0.3932009714217308,-6.569500771283626e-07,0.04258044753511838,0.3125,0.3541666666666667,1.0,4.502779495752525e-07,7.380724795967493e-07,0.012102437603850835
2025-03-05,2023-09-22,1.7530903785278777e-06,8.866329127227684e-07,0.004238545331242315,2025-03-03,250,32960,160,0.01,2.4427702623464344e-06,1.633676267790732e-06,2.4427702623464344e-06,1.633676267790732e-06,0.0015629364230020472,0.0012781534601880684,0.18221020293773382,8.090939945557024e-07,0.0424846116061553,0.33125,0.25,1.0,3.655655575268723e-06,2.9474421680826675e-06,0.012247408383316578
2025-03-06,2023-09-25,2.51771405495108e-06,3.641393823386855e-06,0.004241961482989734,2025-03-04,250,32864,96,0.01,2.7156087272604032e-06,3.6783425888183265e-06,2.7156087272604032e-06,3.6783425888183265e-06,0.0016479104123890969,0.0019179005680217958,-0.16383788439158797,-9.627338615579233e-07,0.04258044753511838,0.34375,0.34375,1.0,3.1113980718790502e-06,3.7522401196812705e-06,0.012117174904812542
2025-03-07,2023-09-27,1.916271204698017e-06,1.5190970011523785e-06,0.004249351973823991,2025-03-05,250,32830,149,0.01,2.5480496595238435e-06,2.0623269091827218e-06,2.5480496595238435e-06,2.0623269091827218e-06,0.0015962611501642967,0.001436080397882626,0.10034746022928875,4.857227503411218e-07,0.0424846116061553,0.38926174496644295,0.28859060402684567,1.0,3.45946775828897e-06,2.8460028420789548e-06,0.012336156169789243
2025-03-10,2023-09-29,8.085563329807077e-06,1.0061643428705334e-05,0.0041828753084870544,2025-03-06,250,32846,174,100.0,5.163726426603741e-06,6.38702457217292e-06,5.163726426603741e-06,6.38702457217292e-06,0.002272383424205462,0.002527256332897975,-0.11216104904551005,-1.2232981455691792e-06,0.042484611606155305,0.1839080459770115,0.19540229885057472,1.0,2.559480491139897e-06,3.1118208087418557e-06,0.012267398249756912
2025-03-11,2023-10-02,,,,2025-03-07,250,32821,33,0.01,6.240362129443572e-07,1.1156670825002498e-06,6.240362129443572e-07,1.1156670825002498e-06,0.0007899596274141845,0.0010562514295849497,-0.3370954577038725,-4.916308695558926e-07,0.04238876649178663,0.36363636363636365,0.30303030303030304,1.0,6.240362129443572e-07,1.1156670825002498e-06,0.012603089657140817
2025-03-12,2023-10-04,4.903568856380244e-06,2.3901117727616958e-06,0.004528165187466037,2025-03-10,250,32777,170,100.0,4.899967328491032e-06,2.7779721893051133e-06,4.899967328491032e-06,2.7779721893051133e-06,0.002213586982363926,0.0016667249891044152,0.24704788997065197,2.121995139185919e-06,0.042484611606155305,0.32941176470588235,0.24705882352941178,1.0,4.894002297924528e-06,3.4203660042051487e-06,0.012708735069794214
2025-03-13,2023-10-06,9.964540183554527e-07,2.687944427270122e-06,0.004608719697667989,2025-03-11,250,32729,128,100.0,1.2653186176485478e-06,2.5614367232166656e-06,1.2653186176485478e-06,2.5614367232166656e-06,0.0011248638218240231,0.0016004489130292993,-0.42279348128922045,-1.2961181055681178e-06,0.042580447535118374,0.2890625,0.2890625,1.0,2.143609642005993e-06,2.1481782233087095e-06,0.012641651904736336
2025-03-14,2023-10-09,4.7604205390750914e-06,2.451450269253207e-06,0.004769172071728347,2025-03-12,250,32797,152,1.0,5.058030302268889e-06,3.6723780186026134e-06,5.058030302268889e-06,3.6723780186026134e-06,0.0022490065145012116,0.0019163449633619238,0.14791488997223556,1.3856522836662752e-06,0.0424846116061553,0.17763157894736842,0.19078947368421054,1.0,5.305440828297468e-06,4.687366147579832e-06,0.012812447861883862
2025-03-17,2023-10-13,1.005555335479717e-06,8.806662120423723e-07,0.004684060143332241,2025-03-13,250,32751,64,0.01,1.1515281423298053e-06,9.786065166799652e-07,1.1515281423298053e-06,9.786065166799652e-07,0.0010730927929726325,0.0009892454279297757,0.07813617386301386,1.7292162564984014e-07,0.04238876649178663,0.4375,0.390625,1.0,1.2803276777857655e-06,1.0650244325366647e-06,0.009719271157228907
2025-03-18,2023-10-16,1.2161037405390006e-06,2.5083894706059205e-06,0.004672897196261682,2025-03-14,250,32798,152,0.01,1.087274957739743e-06,1.6919366778839992e-06,1.087274957739743e-06,1.6919366778839992e-06,0.0010427247756429991,0.0013007446628312564,-0.2474477380947897,-6.046617201442562e-07,0.0424846116061553,0.2565789473684211,0.3092105263157895,1.0,9.743509629403937e-07,9.762805262388582e-07,0.009644896411883984
2025-03-19,2023-10-18,1.4838557007655532e-06,5.595562140187759e-07,0.004701678499224224,2025-03-17,250,32754,158,1.0,1.3116224601049281e-06,6.707114172225757e-07,1.3116224601049281e-06,6.707114172225757e-07,0.0011452608698916279,0.0008189697291246947,0.2849055174632912,6.409110428823524e-07,0.042484611606155305,0.33544303797468356,0.2721518987341772,1.0,1.0377433724970491e-06,8.474664124810775e-07,0.009750281629888419
2025-03-20,2023-10-20,5.57853126556231e-07,7.625208061813687e-07,0.004645976584278016,2025-03-18,250,32824,157,0.01,4.3523419759799233e-07,6.011036444561001e-07,4.3523419759799233e-07,6.011036444561001e-07,0.0006597228187640566,0.0007753087413773303,-0.17520376637845514,-1.6586944685810774e-07,0.042388766491786634,0.43312101910828027,0.6114649681528662,1.0,2.4226014546699367e-07,3.470700784622346e-07,0.00964523654188634
2025-03-21,2023-10-23,1.4165151302449212e-06,1.1154685796110843e-06,0.0046707146193367575,2025-03-19,250,32784,163,0.01,1.963009553810062e-06,1.7036219788183333e-06,1.963009553810062e-06,1.7036219788183333e-06,0.001401074428362056,0.0013052287074755648,0.0684087290055968,2.5938757499172866e-07,0.04238876649178663,0.4233128834355828,0.32515337423312884,1.0,2.80836811526239e-06,2.613421768217046e-06,0.009673209075315213
2025-03-24,2023-10-25,3.2975765436723826e-05,3.227348713780581e-05,0.004581481651165986,2025-03-20,250,32740,61,100.0,8.386610603925921e-05,8.353240311371965e-05,8.386610603925921e-05,8.353240311371965e-05,0.009157843962377782,0.009139606288769754,0.0019914811480684635,3.3370292553956443e-07,0.04238876649178664,0.0,0.01639344262295082,1.0,0.00010516903931473915,0.00010498962375479987,0.012705470052129509
2025-03-25,2023-10-27,7.529298458579934e-06,7.585435551711706e-06,0.004530421782267929,2025-03-21,250,32823,79,0.01,6.210365523222346e-05,4.415594825012071e-05,6.210365523222346e-05,4.415594825012071e-05,0.007880587239046558,0.006644994224987762,0.15678945953884083,1.7947706982102746e-05,0.04238876649178664,0.02531645569620253,0.08860759493670886,1.0,9.375678216093669e-05,6.536684561519792e-05,0.0124819380574136
2025-03-26,2023-10-30,9.025541530432691e-05,8.128073401889307e-05,0.0044692737430167585,2025-03-24,250,32745,107,0.01,7.699109842694306e-05,7.248488403315956e-05,7.699109842694306e-05,7.248488403315956e-05,0.008774457158533687,0.008513805496554379,0.029705730767151772,4.506214393783502e-06,0.04238876649178661,0.0,0.0,1.0,6.068704226515879e-05,6.167331842569548e-05,0.012452005352239946
2025-03-27,2023-11-03,6.694493801024705e-05,5.8403075885099375e-05,0.004514061300952465,2025-03-25,250,32680,114,0.01,4.778118650272331e-05,3.8053868957584487e-05,4.778118650272331e-05,3.8053868957584487e-05,0.006912393688348726,0.006168781804990714,0.10757661048898548,9.727317545138822e-06,0.04238876649178661,0.008771929824561403,0.0,1.0,2.4932098166829623e-05,1.3791353005547506e-05,0.01260245695492358
2025-03-28,2023-11-06,0.00019996729430658022,0.00019224819841945836,0.004467277194549923,2025-03-26,250,32747,126,0.01,0.00013889671736129746,0.00014050484581545902,0.00013889671736129746,0.00014050484581545902,0.011785445149051327,0.011853473997755217,-0.005772276553284605,-1.6081284541615622e-06,0.042388766491786606,0.0,0.0,1.0,8.680710761385036e-05,9.637080977087126e-05,0.01263601431896734
2025-03-31,2023-11-08,0.00025840280259569197,0.0002135084584194745,0.004589261128958238,2025-03-27,250,32696,39,0.01,0.00025840280259569197,0.0002135084584194745,0.00025840280259569197,0.0002135084584194745,0.01607491221113484,0.014611928634491563,0.09101036182517319,4.489434417621747e-05,0.04238876649178662,0.0,0.0,1.0,,,
2025-04-01,2023-11-09,0.00011310148309998496,8.026119488966635e-05,0.004501868275334266,2025-03-28,250,32788,110,0.01,6.416825855157312e-05,4.593992891840327e-05,6.416825855157312e-05,4.593992891840327e-05,0.008010509256693554,0.006777900037504483,0.15387401470875361,1.822832963316985e-05,0.042292912190251435,0.0,0.0,1.0,1.698264916560457e-05,1.2844422446113875e-05,0.012809723091224369
2025-04-02,2023-11-10,4.4876614196897344e-07,1.1106407239652635e-06,0.0044804874770375,2025-03-31,250,32741,170,0.01,3.2860951441148465e-07,7.41088458868753e-07,3.2860951441148465e-07,7.41088458868753e-07,0.0005732447247131757,0.0008608649481008929,-0.5017407243156551,-4.124789444572684e-07,0.04229291219025145,0.4411764705882353,0.6764705882352942,1.0,1.392717982602902e-07,1.5876367750455447e-07,0.012773643866873447
2025-04-03,2023-11-13,2.600092461898229e-05,4.0466484604584754e-05,0.004466479074545538,2025-04-01,250,32699,170,0.01,1.550739460072476e-05,2.411492906881042e-05,1.550739460072476e-05,2.411492906881042e-05,0.003937942940257611,0.00491069537528143,-0.24702044945328305,-8.607534468085662e-06,0.04229291219025145,0.1411764705882353,0.14705882352941177,1.0,5.257900164287175e-06,8.143642266426191e-06,0.012693316445830077
2025-04-04,2023-11-17,4.716201329536866e-05,8.597985965129759e-05,0.004921502042423347,2025-04-02,250,32695,110,0.01,3.704579582562514e-05,6.330511841990221e-05,3.704579582562514e-05,6.330511841990221e-05,0.006086525759875262,0.007956451371051181,-0.30722380631380775,-2.625932259427707e-05,0.04219704869978833,0.10909090909090909,0.10909090909090909,1.0,2.921388552646888e-05,4.5750480047209016e-05,0.013351278181479409
2025-04-07,2023-11-20,1.7515862830316456e-05,4.904256936223623e-05,0.005308419152776303,2025-04-03,250,32700,144,100.0,1.934423732897574e-05,4.649598404888295e-05,1.934423732897574e-05,4.649598404888295e-05,0.004398208422639352,0.006818796378312154,-0.550357719114233,-2.715174671990721e-05,0.041909403077209625,0.09722222222222222,0.20833333333333334,1.0,2.144550354385283e-05,4.356931137532768e-05,0.014181505303989868
2025-04-08,2023-11-21,1.1166834787357524e-05,6.724415192592244e-05,0.005510856387082552,2025-04-04,250,32622,50,100.0,7.2692882068783094e-06,3.8564646439272736e-05,7.2692882068783094e-06,3.8564646439272736e-05,0.0026961617545834134,0.006210043996564979,-1.3032905893009001,-3.129535823239442e-05,0.04200529414503014,0.18,0.28,1.0,5.4351486395939715e-06,2.506840856320228e-05,0.014206810341409254
2025-04-09,2023-11-22,7.107297621638972e-05,2.9719548583158867e-05,0.005799791207516528,2025-04-07,250,32691,106,100.0,5.502999599480165e-05,2.6738192162038113e-05,5.502999599480165e-05,2.6738192162038113e-05,0.007418220540992405,0.005170898583615628,0.3029462315063677,2.829180383276354e-05,0.042197048699788346,0.25471698113207547,0.08490566037735849,1.0,4.015377797114725e-05,2.3973661662453416e-05,0.014432869400580082
2025-04-10,2023-11-24,5.1075768892985165e-05,8.376976878220024e-05,0.005028916268544128,2025-04-08,250,32565,145,100.0,5.11061317735558e-05,7.495362282269069e-05,5.11061317735558e-05,7.495362282269069e-05,0.007148855277144432,0.008657576036206132,-0.21104368469805546,-2.384749104913489e-05,0.04258044753511839,0.15862068965517243,0.16551724137931034,1.0,5.115038953167572e-05,6.210296939018528e-05,0.013061191717400026
2025-04-11,2023-11-27,5.336515411778589e-06,9.05032273021521e-06,0.005251549207016071,2025-04-09,250,32513,155,0.01,4.114341542694028e-06,5.682398942082318e-06,4.114341542694028e-06,5.682398942082318e-06,0.0020283839731899947,0.0023837782913019236,-0.17521057295330933,-1.5680573993882897e-06,0.0424846116061553,0.16129032258064516,0.15483870967741936,1.0,3.25479068971148e-06,3.3137492449339106e-06,0.013659748751382058
2025-04-14,2023-11-29,1.2221970549672347e-05,4.681840114670138e-06,0.005046681806712086,2025-04-10,250,32496,167,100.0,1.2086097302495479e-05,4.944098468637198e-06,1.2086097302495479e-05,4.944098468637198e-06,0.003476506479570472,0.0022235328800440973,0.3604116968828954,7.1419988338582806e-06,0.042484611606155305,0.2634730538922156,0.16766467065868262,1.0,1.1897815802836106e-05,5.307513616277266e-06,0.013420292542233205
2025-04-15,2023-12-01,,,,2025-04-11,250,32575,33,100.0,2.5305492546531783e-06,2.4233699230568764e-06,2.5305492546531783e-06,2.4233699230568764e-06,0.0015907700194098386,0.0015567176760918713,0.021406201338016406,1.0717933159630198e-07,0.04238876649178663,0.06060606060606061,0.09090909090909091,1.0,2.5305492546531783e-06,2.4233699230568764e-06,0.013291347009942127
2025-04-16,2023-12-04,2.094362081022598e-06,9.0451463654543e-06,0.00494706638963095,2025-04-14,250,32615,201,100.0,1.8559604172179543e-06,5.915880181836596e-06,1.8559604172179543e-06,5.915880181836596e-06,0.001362336381815429,0.002432258247357093,-0.7853580656165859,-4.059919764618642e-06,0.04238876649178662,0.11442786069651742,0.13930348258706468,1.0,1.619919165926228e-06,2.817596831720059e-06,0.013328678782016698
2025-04-17,2023-12-06,1.356509739765712e-06,1.3050965196457605e-06,0.005147475163432337,2025-04-15,250,32470,201,0.01,1.6977935231540545e-06,1.1229655237378793e-06,1.6977935231540545e-06,1.1229655237378793e-06,0.0013029940610586276,0.001059700676482694,0.1867187210187803,5.748279994161753e-07,0.04238876649178662,0.27860696517412936,0.208955223880597,1.0,2.029039548207446e-06,9.461913218272886e-07,0.013631683978236884
2025-04-21,2023-12-08,7.175880896136383e-06,1.5692814936454637e-05,0.005076657528683116,2025-04-16,250,32604,172,0.01,5.605413411592351e-06,1.1905099017115783e-05,5.605413411592351e-06,1.1905099017115783e-05,0.0023675754289129523,0.003450376648587192,-0.45734602853662687,-6.299685605523432e-06,0.0424846116061553,0.08139534883720931,0.09302325581395349,1.0,3.3170179341139016e-06,6.385855820364879e-06,0.013612262305047395
2025-04-22,2023-12-11,4.3565949733461335e-06,2.857304704453029e-06,0.005177055290950506,2025-04-17,250,32687,64,0.01,3.086184181650767e-06,2.113017004008838e-06,3.086184181650767e-06,2.113017004008838e-06,0.0017567538762304658,0.0014536220292802522,0.17255225734902335,9.731671776419287e-07,0.0424846116061553,0.4375,0.25,1.0,1.9652334830960314e-06,1.4562925624404347e-06,0.01394417179107963
2025-04-23,2023-12-13,8.823474269675126e-06,7.445838412856891e-06,0.005006508460999301,2025-04-21,250,32700,164,0.01,5.703804784498082e-06,4.962222168832612e-06,5.703804784498082e-06,4.962222168832612e-06,0.002388263968764358,0.0022276045808968456,0.06727036456972324,7.415826156654705e-07,0.042388766491786634,0.27439024390243905,0.2926829268292683,1.0,1.6174771489844904e-06,1.7090346942655998e-06,0.013590575628259837
2025-04-24,2023-12-15,3.7242253094312135e-06,2.127196938320397e-06,0.004887585532746824,2025-04-22,250,32736,167,0.01,2.9342010996890394e-06,2.1379442499671462e-06,2.9342010996890394e-06,2.1379442499671462e-06,0.0017129509916191529,0.001462171074111079,0.14640227229795189,7.962568497218931e-07,0.042388766491786634,0.2634730538922156,0.17365269461077845,1.0,1.8394532661891692e-06,2.15283695324907e-06,0.013383196369205484
2025-04-25,2023-12-18,1.8781459905032625e-06,1.319688745000118e-06,0.004799155348658635,2025-04-23,250,32799,211,0.01,1.835118461882273e-06,1.3383073238395733e-06,1.835118461882273e-06,1.3383073238395733e-06,0.0013546654427873596,0.0011568523345006367,0.14602358784594272,4.968111380426998e-07,0.04229291219025144,0.4028436018957346,0.3127962085308057,1.0,1.7891380636500392e-06,1.3582036482856583e-06,0.013107302127348222
2025-04-28,2023-12-20,2.1368818446098066e-06,3.1790273977822677e-06,0.004778287461773699,2025-04-24,250,32790,219,100.0,1.27416258575799e-06,1.88305526033269e-06,1.27416258575799e-06,1.88305526033269e-06,0.0011287881048974559,0.0013722446065963204,-0.2156795421944857,-6.088926745746999e-07,0.04229291219025145,0.2785388127853881,0.2785388127853881,1.0,4.035284713203765e-07,5.7519347024596e-07,0.013013277277349989
2025-04-29,2023-12-22,2.859833542236734e-07,9.94195007214517e-07,0.004758732273722281,2025-04-25,250,32920,79,100.0,5.443436919908597e-07,9.759983491720179e-07,5.443436919908597e-07,9.759983491720179e-07,0.0007377965112352183,0.0009879262873170335,-0.33902271462770694,-4.316546571811582e-07,0.042292912190251455,0.27848101265822783,0.34177215189873417,1.0,8.093286538033581e-07,9.573351101540698e-07,0.013008316238540436
2025-04-30,2023-12-27,2.002964381048778e-06,4.612244585369955e-06,0.004734624307561195,2025-04-28,250,32950,189,100.0,3.1733147598801554e-06,5.252730778645834e-06,3.1733147598801554e-06,5.252730778645834e-06,0.0017813800155722403,0.0022918836747631488,-0.28657762786617846,-2.0794160187656786e-06,0.042197048699788346,0.2328042328042328,0.25925925925925924,1.0,5.075134125481144e-06,6.293520842719135e-06,0.012926885192668493
2025-05-01,2023-12-29,2.393205215556294e-06,2.5986770750812048e-06,0.004705882352941178,2025-04-29,250,32947,132,0.01,3.7162868668346776e-06,3.4910772599259155e-06,3.7162868668346776e-06,3.4910772599259155e-06,0.0019277673269444831,0.0018684424689901253,0.030773868363246915,2.2520960690876205e-07,0.04219704869978835,0.4696969696969697,0.5303030303030303,1.0,9.379076334306158e-06,7.31055005106128e-06,0.012921756771378079
2025-05-02,2024-01-03,2.0511346760097494e-05,1.3325311513287081e-05,0.004687792987061691,2025-04-30,250,32999,203,100.0,1.5878146984295062e-05,1.1620291876546023e-05,1.5878146984295062e-05,1.1620291876546023e-05,0.003984739261770469,0.0034088549216043243,0.14452246491788578,4.257855107749039e-06,0.042197048699788346,0.09852216748768473,0.08374384236453201,1.0,1.1105951215218555e-05,9.864121650702728e-06,0.012830825290525896
2025-05-05,2024-01-05,2.9504038390799385e-06,3.6191903345235844e-06,0.004869734599464328,2025-05-01,250,33055,221,100.0,2.1643288692620425e-06,2.420698123479432e-06,2.1643288692620425e-06,2.420698123479432e-06,0.0014711658197708519,0.0015558592878147535,-0.057568947637115064,-2.563692542173896e-07,0.04238876649178661,0.3167420814479638,0.28054298642533937,1.0,1.3566188085317282e-06,1.1892198882781003e-06,0.012643148775495803
2025-05-06,2024-01-08,7.021362930069667e-07,2.2458900893083013e-06,0.005027904872039821,2025-05-02,250,33159,79,1.0,4.937477866974404e-07,1.4720371159383458e-06,4.937477866974404e-07,1.4720371159383458e-06,0.0007026718912105709,0.001213275366904952,-0.726659885049205,-9.782893292409052e-07,0.04238876649178664,0.379746835443038,0.5569620253164557,1.0,2.8001598535433684e-07,6.783417586358277e-07,0.012716067150538586
2025-05-07,2024-01-10,1.5545204913141554e-06,2.471742381409118e-06,0.005037529595486374,2025-05-05,250,33261,189,1.0,1.023621140872672e-06,1.5415911320868791e-06,1.023621140872672e-06,1.5415911320868791e-06,0.0010117416374117812,0.0012416082844789974,-0.22719895926716704,-5.179699912142071e-07,0.04238876649178662,0.47619047619047616,0.6190476190476191,1.0,2.166541282016176e-07,1.2776123311707523e-07,0.012823248031496063
2025-05-08,2024-01-12,1.3657475574253066e-06,1.1070071392126367e-06,0.005095541401273885,2025-05-06,250,33271,147,0.01,9.348475472429696e-07,7.857042128070799e-07,9.348475472429696e-07,7.857042128070799e-07,0.0009668751456330697,0.000886399578523749,0.08323263605729425,1.4914333443588977e-07,0.042484611606155305,0.3945578231292517,0.41496598639455784,1.0,5.097705101712051e-07,4.6874321783943614e-07,0.012769546467076537
2025-05-09,2024-01-17,1.1669621322388308e-06,8.816244532358977e-07,0.005063547521393487,2025-05-07,250,33370,214,100.0,7.899219811581783e-07,6.319225284484444e-07,7.899219811581783e-07,6.319225284484444e-07,0.000888775551620418,0.0007949355498708334,0.10558346432740562,1.5799945270973392e-07,0.042484611606155284,0.4439252336448598,0.3691588785046729,1.0,3.9851839575064377e-07,3.727081493833736e-07,0.012681186068736064
2025-05-12,2024-01-19,1.6834790942073062e-05,1.3189773964296503e-05,0.0037777665843953066,2025-05-08,250,33475,195,100.0,1.0133202159066333e-05,8.123220066083683e-06,1.0133202159066333e-05,8.123220066083683e-06,0.003183269099379808,0.0028501263245834705,0.1046542923000896,2.0099820929826506e-06,0.04248461160615529,0.26666666666666666,0.26153846153846155,1.0,2.932558892218676e-06,2.679369600982678e-06,0.012697365063614135
2025-05-13,2024-01-22,,,,2025-05-09,250,33510,37,100.0,1.4897225520109747e-07,2.442273543002863e-07,1.4897225520109747e-07,2.442273543002863e-07,0.0003859692412629502,0.0004941936404895214,-0.28039643488803523,-9.525509909918883e-08,0.04325104199431492,0.4864864864864865,0.5405405405405406,1.0,1.4897225520109747e-07,2.442273543002863e-07,0.012291173090447522
2025-05-14,2024-01-24,8.602138487775108e-07,1.2995997216744366e-06,0.004743342882637486,2025-05-12,250,33512,189,100.0,6.14869422452085e-07,8.669292397146494e-07,6.14869422452085e-07,8.669292397146494e-07,0.000784136099444532,0.0009310903499202693,-0.18740911249952275,-2.5205981726256446e-07,0.0431552703139276,0.4126984126984127,0.35978835978835977,1.0,2.1618472967326813e-07,1.6383970652999472e-07,0.012210536091609296
2025-05-15,2024-01-26,7.104620204846233e-07,6.513515982207594e-07,0.004756746573729573,2025-05-13,250,33464,149,100.0,5.923616802798019e-07,5.597298056664696e-07,5.923616802798019e-07,5.597298056664696e-07,0.0007696503623593001,0.0007481509243905735,0.02793403215301793,3.263187461333234e-08,0.043155270313927616,0.436241610738255,0.38926174496644295,1.0,1.428184498227396e-07,2.1097588562110798e-07,0.012194950560765153
2025-05-16,2024-01-29,5.76063916260009e-07,1.0136433854431594e-06,0.004776542917947505,2025-05-14,250,33516,211,0.01,3.4113021418125284e-07,6.49422748023959e-07,3.4113021418125284e-07,6.49422748023959e-07,0.0005840635360825505,0.0008058676988339706,-0.3797603326499577,-3.0829253384270614e-07,0.0428679002271758,0.4075829383886256,0.4312796208530806,1.0,7.534663203154868e-08,2.3737515821637847e-07,0.012135675574975443
2025-05-19,2024-01-31,7.337062595679241e-07,7.870225000814308e-07,0.004780838776862633,2025-05-15,250,33501,198,100.0,6.815606099929927e-07,6.60600477517311e-07,6.815606099929927e-07,6.60600477517311e-07,0.000825566841626402,0.0008127733248066838,0.015496645667738451,2.0960132475681738e-08,0.04277209184386898,0.41919191919191917,0.41414141414141414,1.0,6.189858305030755e-07,5.088940504403672e-07,0.012059291484348702
2025-05-20,2024-02-02,6.8035727178644085e-06,8.570777956215851e-06,0.004837628125299358,2025-05-16,250,33604,80,100.0,3.6967115282660336e-06,4.666874136876375e-06,3.6967115282660336e-06,4.666874136876375e-06,0.0019226834186277348,0.0021602949189581445,-0.12358326806604425,-9.701626086103418e-07,0.042963699432115664,0.15,0.2,1.0,2.628123187099341e-07,3.5203307339589985e-07,0.012046114146423469
2025-05-21,2024-02-05,9.71092506392632e-06,9.511259475980206e-06,0.004882529246833608,2025-05-19,250,33709,194,100.0,5.354786584381142e-06,5.267481751175406e-06,5.354786584381142e-06,5.267481751175406e-06,0.0023140411803555146,0.0022950995079027412,0.008185538189023567,8.730483320573674e-08,0.0428679002271758,0.21649484536082475,0.20103092783505155,1.0,5.25154791841924e-07,5.624238388918224e-07,0.01208675212954373
2025-05-22,2024-02-07,7.325049641822084e-07,8.884042131108015e-07,0.004997773269335447,2025-05-20,250,33607,193,0.01,4.7521866998097e-07,6.214585900318455e-07,4.7521866998097e-07,6.214585900318455e-07,0.0006893610592287397,0.0007883264488978189,-0.1435610386519397,-1.462399200508755e-07,0.04267627428043631,0.44041450777202074,0.5181347150259067,1.0,7.913319075011634e-08,2.10502828186611e-07,0.012293914490615242
2025-05-23,2024-02-09,1.9447253304008723e-06,3.491045189915148e-06,0.005015891934843067,2025-05-21,250,33729,218,0.01,1.8034903603013942e-06,2.5548388966531506e-06,1.8034903603013942e-06,2.5548388966531506e-06,0.0013429409370115256,0.0015983863414872985,-0.19021343190581486,-7.513485363517565e-07,0.04277209184386899,0.26146788990825687,0.22935779816513763,1.0,1.6458008305786745e-06,1.5095600255353871e-06,0.012289065152892355
2025-05-27,2024-02-12,5.118796401464905e-06,2.342805767289206e-06,0.005172325498028371,2025-05-22,250,33802,74,0.01,4.652379468939041e-06,2.8060706091867103e-06,4.652379468939041e-06,2.8060706091867103e-06,0.0021569375208705145,0.0016751330123863926,0.2233743461839689,1.846308859752331e-06,0.042676274280436306,0.14864864864864866,0.13513513513513514,1.0,4.160050484606187e-06,3.295072386745188e-06,0.012373523164856414
2025-05-28,2024-02-14,2.430205912832867e-07,7.430347025019258e-07,0.005044703061785128,2025-05-23,250,33887,186,0.01,1.949814452893311e-07,5.283382331718427e-07,1.949814452893311e-07,5.283382331718427e-07,0.00044156703374383723,0.0007268687867640505,-0.6461119857641435,-3.3335678788251167e-07,0.04258044753511838,0.5376344086021505,0.6989247311827957,1.0,1.1352376295175421e-07,1.642876982208323e-07,0.012121510614903158
2025-05-29,2024-02-16,3.1369437784643234e-07,6.49861935954937e-07,0.005039417223829957,2025-05-27,250,33924,177,1.0,5.209682588809735e-07,7.502016548345591e-07,5.209682588809735e-07,7.502016548345591e-07,0.000721781309595208,0.0008661418214325868,-0.2000058880969633,-2.2923339595358564e-07,0.04258044753511838,0.4293785310734463,0.5875706214689266,1.0,8.695652406208838e-07,9.189548184048328e-07,0.01219204566722815
2025-05-30,2024-02-21,3.9494563646579403e-07,7.694566477638178e-07,0.005051262815703925,2025-05-28,250,33930,164,100.0,3.5625867524788e-07,6.51117777970462e-07,3.5625867524788e-07,6.51117777970462e-07,0.0005968740865943838,0.0008069186935314251,-0.3519077333973466,-2.9485910272258195e-07,0.042676274280436306,0.5060975609756098,0.4878048780487805,1.0,2.7745190239657374e-07,4.1005711728029244e-07,0.012144108126429963
2025-06-02,2024-02-23,7.322179451983573e-07,7.364034023901339e-07,0.005028628329599201,2025-05-29,250,34035,176,100.0,6.383879212221799e-07,6.01302089684297e-07,6.383879212221799e-07,6.01302089684297e-07,0.0007989918154913603,0.0007754367090126034,0.029481036003192407,3.7085831537882956e-08,0.042676274280436306,0.375,0.3977272727272727,1.0,4.781551110474771e-07,3.705906172174061e-07,0.01215770712092163
2025-06-03,2024-02-26,2.1875227484990316e-07,1.5658411752635553e-07,0.005007436787307884,2025-05-30,250,34044,104,100.0,4.08762776147357e-07,4.910205948897396e-07,4.08762776147357e-07,4.910205948897396e-07,0.000639345584287056,0.0007007286171477083,-0.0960091605686173,-8.225781874238258e-08,0.043442557842836724,0.4230769230769231,0.34615384615384615,1.0,5.181627617428608e-07,6.835749303413848e-07,0.012089607059101415
2025-06-04,2024-02-28,6.190238484877844e-07,1.1684153433024411e-06,0.004968760761548681,2025-06-02,250,34097,149,100.0,5.041853787746837e-07,9.118182618798077e-07,5.041853787746837e-07,9.118182618798077e-07,0.0007100601233520185,0.0009548917540118396,-0.3448040843415223,-4.0763288310512397e-07,0.04334680450336586,0.5167785234899329,0.6308724832214765,1.0,1.3014007742344105e-07,7.604491096037241e-08,0.012021055545303562
2025-06-05,2024-03-01,1.6046436019983024e-06,1.5097437329375523e-06,0.004979785031062026,2025-06-03,250,34108,142,100.0,9.003762067583697e-07,8.733975201582538e-07,9.003762067583697e-07,8.733975201582538e-07,0.0009488815557056475,0.0009345573926507958,0.015095838852299481,2.6978686600115953e-08,0.043442557842836724,0.4859154929577465,0.5422535211267606,1.0,1.7598688594015316e-07,2.188699870138327e-07,0.012024283053378756
2025-06-06,2024-03-04,3.6758049237977545e-06,3.042160407558983e-06,0.005034142451278471,2025-06-04,250,34102,192,100.0,2.1498514185067774e-06,1.94041113922278e-06,2.1498514185067774e-06,1.94041113922278e-06,0.0014662371631174737,0.0013929864102792892,0.049958325079171195,2.0944027928399718e-07,0.04344255784283673,0.40625,0.4166666666666667,1.0,4.912063040600627e-07,7.428575866834296e-07,0.012082675996964842
2025-06-09,2024-03-06,1.367474133047992e-06,1.2606515885451864e-06,0.004952922714790114,2025-06-05,250,34116,167,100.0,1.016191390931181e-06,9.62838313600908e-07,1.016191390931181e-06,9.62838313600908e-07,0.0010080631879655069,0.0009812432489453918,0.0266054145616047,5.3353077330273104e-08,0.04334680450336586,0.5209580838323353,0.5808383233532934,1.0,3.731653545139672e-07,4.1768858997409365e-07,0.011959860800480688
2025-06-10,2024-03-08,,,,2025-06-06,250,34206,56,100.0,8.126810987899885e-08,1.982818752941161e-07,8.126810987899885e-08,1.982818752941161e-07,0.00028507562133405737,0.0004452885303868898,-0.5620014377346272,-1.1701376541511724e-07,0.04344255784283673,0.4642857142857143,0.42857142857142855,1.0,8.126810987899885e-08,1.982818752941161e-07,0.011949091181963715
2025-06-11,2024-03-11,7.351575095962714e-07,1.1323631973021135e-06,0.004983470666600877,2025-06-09,250,34243,172,100.0,5.75247016203996e-07,8.619066337712478e-07,5.75247016203996e-07,8.619066337712478e-07,0.0007584504045776467,0.0009283892684489884,-0.2240606147029145,-2.866596175672518e-07,0.043538302014483436,0.38953488372093026,0.37790697674418605,1.0,2.6094018436400647e-07,3.303195951071331e-07,0.011881725475890427
2025-06-12,2024-03-13,1.1322360152209136e-06,1.2988016184067398e-06,0.005080994063789112,2025-06-10,250,34142,127,100.0,6.570899633480624e-07,7.812812572694988e-07,6.570899633480624e-07,7.812812572694988e-07,0.0008106108581483858,0.0008839011580881082,-0.09041366668481787,-1.241912939214364e-07,0.04353830201448343,0.5039370078740157,0.47244094488188976,1.0,1.0946400525731876e-07,1.848171122299671e-07,0.011915709392044695
2025-06-13,2024-03-15,8.96182514391162e-07,1.0327619026142134e-06,0.005070281124497991,2025-06-11,250,34279,94,0.01,9.171039317330825e-07,1.0152926711784576e-06,9.171039317330825e-07,1.0152926711784576e-06,0.0009576554347640295,0.0010076173237784558,-0.052171049420021376,-9.81887394453751e-08,0.043634037020061314,0.6063829787234043,0.5531914893617021,1.0,9.71821484781182e-07,9.696039120387892e-07,0.01186853995859213
2025-06-16,2024-03-18,7.782640766163922e-07,4.848872226599763e-07,0.005141257317383559,2025-06-12,250,34298,130,0.01,7.58448441869248e-07,5.358073090770092e-07,7.58448441869248e-07,5.358073090770092e-07,0.0008708894544482944,0.0007319885990075319,0.1594930960884764,2.2264113279223872e-07,0.043538302014483436,0.4461538461538462,0.4076923076923077,1.0,6.791859028806712e-07,7.394876547451414e-07,0.01200273199329983
2025-06-17,2024-03-20,9.580929287704814e-07,2.6528753844200645e-06,0.00509021268017337,2025-06-13,250,34252,101,100.0,1.1110969477670153e-06,1.7464048673068117e-06,1.1110969477670153e-06,1.7464048673068117e-06,0.0010540858351040562,0.0013215161244974696,-0.25370826595636164,-6.353079195397964e-07,0.04334680450336585,0.2376237623762376,0.3069306930693069,1.0,1.2114274520270375e-06,1.151997970839105e-06,0.011889611402402606
2025-06-18,2024-03-22,2.911106292075595e-06,2.85921060529655e-06,0.0051625434471478234,2025-06-16,250,34271,178,100.0,1.8765099169887531e-06,1.8759613767313623e-06,1.8765099169887531e-06,1.8759613767313623e-06,0.0013698576265396172,0.0013696573939242479,0.00014617038405306815,5.485402573907996e-10,0.04325104199431494,0.5168539325842697,0.48314606741573035,1.0,2.802755097119117e-07,3.589482812307866e-07,0.011992085753016583
2025-06-20,2024-03-25,4.249521110619884e-06,3.4696573795230823e-06,0.005137857360870893,2025-06-17,250,34187,172,0.01,3.891982125464342e-06,3.5352498705314724e-06,3.891982125464342e-06,3.5352498705314724e-06,0.0019728107170897927,0.001880226015810725,0.04693035194762363,3.567322549328698e-07,0.04325104199431494,0.29069767441860467,0.26744186046511625,1.0,3.358264509942302e-06,3.6331632991381995e-06,0.01199389227370112
2025-06-23,2024-03-27,6.749164778526159e-07,7.015944834378229e-07,0.00502487562189055,2025-06-18,250,34185,180,0.01,5.116172636644236e-07,5.404090062364951e-07,5.116172636644236e-07,5.404090062364951e-07,0.0007152742576553581,0.0007351251636534388,-0.027752859529925233,-2.8791742572071495e-08,0.042963699432115664,0.4222222222222222,0.42777777777777776,1.0,2.6666844238213516e-07,2.986307904345031e-07,0.012061190011442418
2025-06-24,2024-04-01,2.1625234839367014e-07,3.920466801163195e-07,0.005012406947890819,2025-06-20,250,34280,76,100.0,6.18271376183404e-07,6.756802034986408e-07,6.18271376183404e-07,6.756802034986408e-07,0.0007863023440022318,0.0008219976906893601,-0.045396464806961134,-5.7408827315236774e-08,0.04286790022717579,0.35526315789473684,0.39473684210526316,1.0,1.0649591848386638e-06,9.908285628123308e-07,0.0119432208614513
2025-06-25,2024-04-03,1.2873466214929371e-06,1.516525894769396e-06,0.005042436345481777,2025-06-23,250,34360,171,1.0,8.587992593414274e-07,1.0368879099416002e-06,8.587992593414274e-07,1.0368879099416002e-06,0.0009267142274409233,0.0010182769318518416,-0.09880360277165945,-1.7808865060017277e-07,0.04286790022717579,0.4619883040935672,0.5614035087719298,1.0,2.2529446311745644e-07,3.2785784541355377e-07,0.011812722897920165
2025-06-26,2024-04-05,1.1481910504780652e-06,1.2722306158663803e-06,0.00501091486406033,2025-06-24,250,34330,170,100.0,7.570437047512417e-07,8.385298134956207e-07,7.570437047512417e-07,8.385298134956207e-07,0.0008700825850177911,0.0009157127352481349,-0.052443470328061625,-8.1486108744379e-08,0.0428679002271758,0.43529411764705883,0.5294117647058824,1.0,1.557276359473189e-07,1.7179574417937806e-07,0.011806107524047966
2025-06-27,2024-04-08,6.720240627550317e-07,1.0081137240125079e-06,0.005024875621890548,2025-06-25,250,34394,182,1.0,3.6258497660558923e-07,5.708976589089972e-07,3.6258497660558923e-07,5.708976589089972e-07,0.0006021502940342961,0.0007555776987901358,-0.25479918597714923,-2.0831268230340797e-07,0.042963699432115664,0.5439560439560439,0.5934065934065934,1.0,5.987282711156948e-08,1.431862908729539e-07,0.011714455685031126
2025-06-30,2024-04-10,2.3474912139305823e-06,2.4621498194696362e-06,0.005022876467077782,2025-06-26,250,34402,122,0.01,2.0228750228571393e-06,2.1336116062544912e-06,2.0228750228571393e-06,2.1336116062544912e-06,0.0014222781102362291,0.0014606887437967377,-0.02700641547111271,-1.1073658339735193e-07,0.042963699432115664,0.4262295081967213,0.4098360655737705,1.0,4.616257229324808e-07,5.534992474578395e-07,0.01165654160771495
2025-07-01,2024-04-12,7.663393256551061e-07,7.305814292456963e-07,0.004922746990300728,2025-06-27,250,34537,107,0.01,3.97361433534884e-07,4.3070266292911365e-07,3.97361433534884e-07,4.3070266292911365e-07,0.0006303661107125636,0.0006562794091917814,-0.04110833060160157,-3.334122939422964e-08,0.0431552703139276,0.3364485981308411,0.3644859813084112,1.0,1.8574176011299202e-07,2.5871337048283844e-07,0.011601074694505137
2025-07-02,2024-04-15,1.3817943409843851e-06,1.3973246802836064e-06,0.0048599749783466446,2025-06-30,250,34530,180,0.01,9.262481656000807e-07,9.502333846293631e-07,9.262481656000807e-07,9.502333846293631e-07,0.0009624178747301407,0.0009747991509174406,-0.01286476125640501,-2.3985219029282313e-08,0.043059489460446965,0.40555555555555556,0.39444444444444443,1.0,1.759368179082851e-07,2.1384772119884476e-07,0.011604831215089456
2025-07-03,2024-04-19,9.657513841937352e-07,1.164020526334862e-06,0.004754283562417624,2025-07-01,250,34470,136,0.01,6.825425071909431e-07,7.322481917695672e-07,6.825425071909431e-07,7.322481917695672e-07,0.0008261613082146507,0.0008557150178473948,-0.035772323563070474,-4.970568457862409e-08,0.0431552703139276,0.4117647058823529,0.4117647058823529,1.0,3.821694558243453e-07,2.743078369275881e-07,0.011552460311064546
2025-07-07,2024-04-22,3.365325972296591e-06,3.7478338953198085e-06,0.004729571528915943,2025-07-02,250,34456,157,100.0,2.5292028936560817e-06,2.7124071673887787e-06,2.5292028936560817e-06,2.7124071673887787e-06,0.0015903467840870688,0.0016469387260577666,-0.03558465520662146,-1.83204273732697e-07,0.04325104199431493,0.3184713375796178,0.27388535031847133,1.0,1.1774705831872577e-06,1.0384672905669476e-06,0.011462123005085229
2025-07-08,2024-04-24,1.367466542500502e-06,1.1313474837621349e-06,0.004810669206954036,2025-07-03,250,34392,64,100.0,1.028516418965731e-06,9.775913036150879e-07,1.028516418965731e-06,9.775913036150879e-07,0.0010141579852102585,0.0009887321698089366,0.025070862500826796,5.092511535064322e-08,0.04325104199431494,0.578125,0.53125,1.0,7.476720308940635e-07,8.501933257789633e-07,0.01154817941612425
2025-07-09,2024-04-26,6.522089556282063e-07,9.121702642375953e-07,0.00480929479548593,2025-07-07,250,34469,166,100.0,4.450598131099343e-07,6.467008160445669e-07,4.450598131099343e-07,6.467008160445669e-07,0.0006671280335212532,0.0008041771048995158,-0.20543143818269272,-2.0164100293463265e-07,0.04325104199431494,0.4759036144578313,0.608433734939759,1.0,1.3119747596103742e-07,2.44474379388463e-07,0.011554508817745106
2025-07-10,2024-04-29,3.7601870803034133e-07,7.157412772621368e-07,0.004783555934451075,2025-07-08,250,34355,138,100.0,2.0912989067057372e-07,4.299313721335771e-07,2.0912989067057372e-07,4.299313721335771e-07,0.0004573072169456477,0.0006556915220845677,-0.433809696824659,-2.2080148146300337e-07,0.04325104199431494,0.5072463768115942,0.4927536231884058,1.0,2.7069362641736323e-08,1.1813874835696633e-07,0.011485632791718743
2025-07-11,2024-05-01,1.1000098920782118e-06,1.3845323373798955e-06,0.0047549550397815565,2025-07-09,250,34338,188,100.0,5.819788507364131e-07,7.606723580323594e-07,5.819788507364131e-07,7.606723580323594e-07,0.0007628753834909166,0.0008721653272358168,-0.14326054570641622,-1.7869350729594625e-07,0.04325104199431495,0.5212765957446809,0.6542553191489362,1.0,5.28073568926402e-08,1.233960350429408e-07,0.011453331628902884
2025-07-14,2024-05-03,1.349041356896294e-06,1.7053881732650264e-06,0.004783102860390227,2025-07-10,250,34437,163,100.0,9.034430618182866e-07,1.0813817679223494e-06,9.034430618182866e-07,1.0813817679223494e-06,0.0009504962187290839,0.0010398950754390316,-0.09405493146462351,-1.779387061040628e-07,0.04315527031392761,0.44785276073619634,0.4171779141104294,1.0,2.485485978400029e-07,1.6428144491871823e-07,0.01149373657034733
2025-07-16,2024-05-06,1.5622446708235112e-07,2.8021481797418143e-07,0.004829993783176317,2025-07-11,250,34481,186,100.0,1.6282950936153513e-07,2.833581284590522e-07,1.6282950936153513e-07,2.833581284590522e-07,0.00040352138649833063,0.0005323139378778769,-0.31917156237288813,-1.2052861909751708e-07,0.04325104199431494,0.4946236559139785,0.6075268817204301,1.0,1.7260497193472744e-07,2.8801022797666094e-07,0.011521078856848941
2025-07-17,2024-05-08,1.0938527185341644e-06,1.862363548007839e-06,0.004805862200228397,2025-07-14,250,34486,206,100.0,6.590607667703329e-07,1.1164900368767902e-06,6.590607667703329e-07,1.1164900368767902e-06,0.0008118255765682262,0.001056640921447201,-0.3015615077241909,-4.5742927010645726e-07,0.043155270313927595,0.5145631067961165,0.5631067961165048,1.0,2.070493317683299e-07,3.4107698075045254e-07,0.01148268879561693
2025-07-18,2024-05-10,8.621659138305577e-07,7.242061197997285e-07,0.004809065803256831,2025-07-16,250,34595,187,100.0,5.271842519444292e-07,5.044361454969504e-07,5.271842519444292e-07,5.044361454969504e-07,0.0007260745498531326,0.0007102366827311516,0.02181300408502762,2.2748106447478745e-08,0.0431552703139276,0.4117647058823529,0.42780748663101603,1.0,2.6944970194477154e-08,1.762463172048016e-07,0.011412846315521306
2025-07-21,2024-05-13,4.615516959736477e-07,5.476709690509074e-07,0.004782649872146984,2025-07-17,250,34681,221,100.0,3.462839200164048e-07,4.013042578677225e-07,3.462839200164048e-07,4.013042578677225e-07,0.0005884589365592172,0.0006334857992628741,-0.07651657559477965,-5.5020337851317694e-08,0.04305948946044697,0.40271493212669685,0.43891402714932126,1.0,2.0680991110814073e-07,2.2420053733606884e-07,0.011421211638356863
2025-07-22,2024-05-17,1.3416013886779387e-06,2.0124328423885195e-06,0.004753388554216867,2025-07-18,250,34688,75,100.0,7.11347629067182e-07,1.1059132273627568e-06,7.11347629067182e-07,1.1059132273627568e-06,0.0008434142689492406,0.0010516240903301697,-0.24686542431908975,-3.945655982955747e-07,0.04315527031392761,0.41333333333333333,0.4533333333333333,1.0,9.767949470934007e-08,2.2324939167977756e-07,0.011399596036706587
2025-07-23,2024-05-20,1.3600346831937717e-06,1.3861285557943347e-06,0.004710820895522389,2025-07-21,250,34743,174,100.0,8.988286937135458e-07,9.584150317901767e-07,8.988286937135458e-07,9.584150317901767e-07,0.0009480657644454555,0.0009789867372902335,-0.032614797416363084,-5.958633807663088e-08,0.04315527031392761,0.5172413793103449,0.5862068965517241,1.0,1.7988994540613477e-07,2.916851267248721e-07,0.011397964570810673
2025-07-24,2024-05-22,9.015463140220406e-07,9.58364104291504e-07,0.004716320336212935,2025-07-22,250,34649,186,0.01,6.736487991812879e-07,7.524260309343413e-07,6.736487991812879e-07,7.524260309343413e-07,0.0008207611096910525,0.0008674249425364371,-0.05685434201792239,-7.877723175305335e-08,0.04315527031392761,0.3978494623655914,0.45698924731182794,1.0,2.8721388271218556e-07,4.032266891548046e-07,0.01130181485627789
2025-07-25,2024-05-24,3.1959984578983673e-07,4.33544471523669e-07,0.004724925149700596,2025-07-23,250,34754,178,1.0,2.482828524965542e-07,3.836980390931238e-07,2.482828524965542e-07,3.836980390931238e-07,0.0004982798937309775,0.0006194336438175794,-0.2431439670973623,-1.3541518659656963e-07,0.04325104199431494,0.47191011235955055,0.47191011235955055,1.0,1.301308188315637e-07,3.01116636111176e-07,0.011298073831215916
2025-07-28,2024-05-29,8.255801133004763e-07,8.623518262208383e-07,0.004722274172433142,2025-07-24,250,34765,195,100.0,5.212057196459559e-07,5.798507358533656e-07,5.212057196459559e-07,5.798507358533656e-07,0.0007219457871931631,0.0007614793075674254,-0.05475968012496324,-5.864501620740977e-08,0.04325104199431495,0.38974358974358975,0.36923076923076925,1.0,1.873757395087399e-07,2.700108302890409e-07,0.01125054779469471
2025-07-29,2024-05-31,1.0419650734822448e-06,1.7734824337423437e-06,0.00471852370941369,2025-07-25,250,34875,75,100.0,6.478566482364645e-07,1.0475888920744636e-06,6.478566482364645e-07,1.0475888920744636e-06,0.0008048954268949877,0.0010235179002218103,-0.2716159963415292,-3.9973224383799905e-07,0.043059489460446965,0.38666666666666666,0.36,1.0,2.209058542202024e-07,2.612042219342597e-07,0.011253373944170565
2025-07-30,2024-06-03,8.459609240546339e-07,9.806466349184054e-07,0.00478061248639182,2025-07-28,250,34949,171,100.0,4.045306193557939e-06,4.25892040140707e-06,4.045306193557939e-06,4.25892040140707e-06,0.002011294656075519,0.0020637151938693163,-0.0260630821224781,-2.136142078491314e-07,0.043059489460446965,0.34502923976608185,0.45614035087719296,1.0,1.044399673256455e-05,1.0815467934384399e-05,0.011283134464628655
2025-07-31,2024-06-05,5.813674525636506e-06,7.766486059433565e-06,0.004831380052618991,2025-07-29,250,34851,121,0.01,6.854188937750562e-06,7.881763578362443e-06,6.854188937750562e-06,7.881763578362443e-06,0.002618050598775845,0.0028074478763393707,-0.07234286367577636,-1.027574640611881e-06,0.04315527031392761,0.4214876033057851,0.4049586776859504,1.0,1.0656068520474995e-05,8.302969897525644e-06,0.011297361535794213
2025-08-01,2024-06-07,1.394555238147507e-05,9.714569682680067e-06,0.004865828395240161,2025-07-30,250,34950,171,0.01,8.814981639914543e-06,6.1876620823065086e-06,8.814981639914543e-06,6.1876620823065086e-06,0.0029690034759013912,0.00248750117232264,0.16217640278530376,2.627319557608034e-06,0.043155270313927616,0.22807017543859648,0.21052631578947367,1.0,8.511106380892433e-07,7.130592399356149e-07,0.011339900012656624
2025-08-04,2024-06-10,2.00886010502504e-06,1.8884076269270228e-06,0.004990611720525742,2025-07-31,250,34944,183,100.0,1.8480706038373392e-06,1.7872609922192748e-06,1.8480706038373392e-06,1.7872609922192748e-06,0.0013594376057169152,0.0013368848088819302,0.016589799149400175,6.080961161806442e-08,0.04258044753511838,0.4972677595628415,0.43169398907103823,1.0,1.7116431482841381e-06,1.7014396051945185e-06,0.011528861867078424
2025-08-05,2024-06-12,2.120952629255105e-06,1.8328806292925082e-06,0.004966805999508237,2025-08-01,250,34970,65,0.01,1.141257542042865e-06,1.0537240593926816e-06,1.141257542042865e-06,1.0537240593926816e-06,0.001068296560905662,0.0010265106231270487,0.03911454862607511,8.753348265018346e-08,0.04258044753511839,0.4,0.46153846153846156,1.0,3.0151889586094523e-07,3.858755709071158e-07,0.011356249504887747
2025-08-06,2024-06-14,4.648572812857764e-06,3.938860465610512e-06,0.004977330967869112,2025-08-04,250,35125,170,0.01,2.86189891426277e-06,2.514043961584217e-06,2.86189891426277e-06,2.514043961584217e-06,0.0016917147851404416,0.0015855737010887312,0.06274171331008305,3.4785495267855317e-07,0.042484611606155305,0.31176470588235294,0.3235294117647059,1.0,1.8188806637027952e-07,3.768192055447747e-07,0.011414118508845966
2025-08-07,2024-06-17,4.04517592846929e-06,3.6355084433898533e-06,0.00473622508792497,2025-08-05,250,35106,168,100.0,2.5497883883033457e-06,2.310144818993628e-06,2.5497883883033457e-06,2.310144818993628e-06,0.001596805682700104,0.001519916056561555,0.04815214961443104,2.396435693097178e-07,0.04229291219025145,0.35119047619047616,0.34523809523809523,1.0,3.5068906452989885e-07,3.610806654697667e-07,0.011327355478997438
2025-08-08,2024-06-21,2.323465171383618e-06,2.1746436156430245e-06,0.004590283143207746,2025-08-06,250,35187,158,0.01,1.1344506472024897e-06,1.2067798887408397e-06,1.1344506472024897e-06,1.2067798887408397e-06,0.0010651059323853612,0.0010985353379572456,-0.03138599134174136,-7.232924153835001e-08,0.04229291219025145,0.41139240506329117,0.4177215189873418,1.0,3.459462785350044e-07,5.649334172162329e-07,0.011336850929221043
2025-08-11,2024-06-24,1.1382270907148748e-06,1.06706162730221e-06,0.004403749727490734,2025-08-07,250,35284,192,0.01,1.0053858756165888e-06,9.600401965687452e-07,1.0053858756165888e-06,9.600401965687452e-07,0.001002689321583006,0.0009798164096241424,0.02281156432657805,4.534567904784361e-08,0.04229291219025145,0.484375,0.4739583333333333,1.0,8.609932505097558e-07,8.437125544671533e-07,0.01124913525220503
2025-08-12,2024-06-26,,,,2025-08-08,250,35256,35,100.0,9.693549416485392e-07,8.724608513836e-07,9.693549416485392e-07,8.724608513836e-07,0.0009845582469557295,0.000934056128604486,0.05129419057470386,9.689409026493912e-08,0.04248461160615529,0.42857142857142855,0.4857142857142857,1.0,9.693549416485392e-07,8.724608513836e-07,0.011271424078500443
2025-08-13,2024-06-28,7.113047987773422e-07,6.823696547617584e-07,0.004441541476159372,2025-08-11,250,35367,167,100.0,4.37479840570039e-07,4.777398431687054e-07,4.37479840570039e-07,4.777398431687054e-07,0.0006614225884939514,0.0006911872706934824,-0.045001006493147866,-4.026000259866634e-08,0.042388766491786634,0.6287425149700598,0.6047904191616766,1.0,2.8785873096452088e-08,1.723222139253422e-07,0.01115269258896202
2025-08-14,2024-07-01,7.503770857041937e-07,8.95490224832177e-07,0.004371491021300305,2025-08-12,250,35250,144,100.0,5.882836203598618e-07,7.163733599531195e-07,5.882836203598618e-07,7.163733599531195e-07,0.0007669964930557778,0.0008463884214432044,-0.10351015826828958,-1.2808973959325778e-07,0.04200529414503013,0.4513888888888889,0.5347222222222222,1.0,4.306014601983625e-08,1.1388935990538065e-07,0.011114645908604568
2025-08-15,2024-07-03,4.4484008130550555e-07,4.349378435871059e-07,0.004381819743964258,2025-08-13,250,35320,195,100.0,3.625364141363532e-07,4.355043727596261e-07,3.625364141363532e-07,4.355043727596261e-07,0.0006021099684744916,0.0006599275511445375,-0.09602495507013908,-7.296795862327289e-08,0.04210117601863538,0.4666666666666667,0.5025641025641026,1.0,2.624626370102248e-07,4.3619322073075843e-07,0.011113611907899836
2025-08-18,2024-07-05,4.905746146769917e-07,5.400619970382023e-07,0.004404335247635907,2025-08-14,250,35399,192,100.0,4.63651672217504e-07,5.133792712159803e-07,4.63651672217504e-07,5.133792712159803e-07,0.0006809197252374937,0.0007165048996454807,-0.05226045463079432,-4.9727598998476275e-08,0.04210117601863539,0.46875,0.453125,1.0,4.3115846580088113e-07,4.811759814305401e-07,0.011139692900658959
2025-08-19,2024-07-08,9.106828937728385e-08,2.100628739627593e-07,0.00441768807657326,2025-08-15,250,35464,83,100.0,1.356898748621839e-07,2.796310444246719e-07,1.356898748621839e-07,2.796310444246719e-07,0.0003683610658880549,0.0005288015170408193,-0.4355521416628825,-1.43941169562488e-07,0.042388766491786634,0.5180722891566265,0.5903614457831325,1.0,1.771983264760444e-07,3.4434562159854406e-07,0.0111421172081455
2025-08-20,2024-07-10,9.92505445277965e-07,9.021305855605968e-07,0.004424011103400417,2025-08-18,250,35453,208,100.0,6.191273570384843e-07,6.09601387579802e-07,6.191273570384843e-07,6.09601387579802e-07,0.0007868464634466398,0.0007807697404355537,0.007722882790205388,9.52596945868226e-09,0.04210117601863539,0.34134615384615385,0.3173076923076923,1.0,8.945146441968599e-08,1.9461810672332573e-07,0.011202894609337146
2025-08-21,2024-07-12,2.566167012918868e-07,3.72884578050313e-07,0.004513074642714924,2025-08-19,250,35468,213,100.0,2.1563189353508166e-07,2.712020072332074e-07,2.1563189353508166e-07,2.712020072332074e-07,0.000464361813174901,0.0005207705898312686,-0.1214759160980392,-5.5570113698125747e-08,0.042101176018635375,0.5070422535211268,0.5258215962441315,1.0,1.5143882114490502e-07,1.1194014932689736e-07,0.011232740436601841
2025-08-22,2024-07-15,2.660280353220846e-07,2.7770467660511195e-07,0.004535349044019563,2025-08-20,250,35545,242,100.0,7.144621923682536e-07,9.293211151372065e-07,7.144621923682536e-07,9.293211151372065e-07,0.0008452586541220702,0.0009640130264354349,-0.14049471334512287,-2.1485892276895293e-07,0.04229291219025145,0.4214876033057851,0.47520661157024796,1.0,1.1935585139987758e-06,1.625492523825341e-06,0.011277985996381093
2025-08-25,2024-07-19,6.815195784529924e-07,6.674031210092088e-07,0.004478398314014752,2025-08-21,250,35585,235,100.0,4.5113002603728536e-07,4.794061733550188e-07,4.5113002603728536e-07,4.794061733550188e-07,0.0006716621368197596,0.0006923916329325614,-0.030862981514714338,-2.8276147317733426e-08,0.04181350281341039,0.37872340425531914,0.3446808510638298,1.0,2.0239086325218578e-07,2.764360174805836e-07,0.011107411941547473
2025-08-27,2024-07-22,6.850095006555634e-07,7.324686407430753e-07,0.004448126989664646,2025-08-22,250,35621,81,100.0,4.5814205101756966e-07,5.100278848916948e-07,4.5814205101756966e-07,5.100278848916948e-07,0.0006768619142909207,0.0007141623659166694,-0.055107919116448745,-5.188583387412513e-08,0.04190940307720963,0.37037037037037035,0.345679012345679,1.0,2.256029151386262e-07,2.820261101440301e-07,0.01110999441998884
2025-08-28,2024-07-24,5.094664402199836e-07,6.279579349192123e-07,0.00442535467916179,2025-08-25,250,35659,199,100.0,3.431531997026107e-07,4.7425593185559547e-07,3.431531997026107e-07,4.7425593185559547e-07,0.0005857927958780397,0.0006886624222763977,-0.17560753072111046,-1.3110273215298475e-07,0.04171759335186848,0.6030150753768844,0.6030150753768844,1.0,9.57622544330186e-08,2.4562420229846555e-07,0.011084737794411022
2025-08-29,2024-07-26,1.313800750468913e-06,1.348511143305062e-06,0.0043859649122807015,2025-08-27,250,35654,184,100.0,9.876230305008489e-07,1.047343495796145e-06,9.876230305008489e-07,1.047343495796145e-06,0.000993792247152718,0.0010233980143600754,-0.029790700513291357,-5.972046529529607e-08,0.04171759335186848,0.4673913043478261,0.46195652173913043,1.0,4.802354661060828e-07,5.788604885600515e-07,0.011045620415459534
2025-09-02,2024-07-29,1.3380849583452737e-06,1.2742264397721793e-06,0.004393900232618248,2025-08-28,250,35650,81,100.0,1.7588438069353527e-06,1.5828825857877721e-06,1.7588438069353527e-06,1.5828825857877721e-06,0.001326214087896578,0.0012581266175499873,0.051339727852371064,1.759612211475806e-07,0.04142980976313955,0.3333333333333333,0.37037037037037035,1.0,2.1693402445842096e-06,1.8840105331200585e-06,0.011111889000852648
2025-09-03,2024-08-12,4.5672982710998504e-06,4.20186154304897e-06,0.004440188055023505,2025-08-29,250,35626,189,100.0,3.3787349227845094e-06,3.189318898664582e-06,3.3787349227845094e-06,3.189318898664582e-06,0.0018381335432401285,0.0017858664280019886,0.028434884630856194,1.8941602411992752e-07,0.04114194333117518,0.30158730158730157,0.291005291005291,1.0,1.7593173607048577e-06,1.8097295456908552e-06,0.011194845924375654
2025-09-04,2024-08-14,7.273881596373104e-07,1.186297802399607e-06,0.004277267580827778,2025-09-02,250,35670,116,0.01,5.750679263467809e-07,9.645470423559307e-07,5.750679263467809e-07,9.645470423559307e-07,0.0007583323323891583,0.0009821135587883565,-0.29509651222988986,-3.8947911600914974e-07,0.040949986328954094,0.3879310344827586,0.49137931034482757,1.0,2.96433353254349e-07,5.589054081296938e-07,0.011134501506819524
2025-09-05,2024-08-16,7.066932281613832e-07,8.839619399544145e-07,0.004253899407790474,2025-09-03,250,35819,208,100.0,5.926383060272025e-07,8.112934906285576e-07,5.926383060272025e-07,8.112934906285576e-07,0.000769830050093657,0.0009007183192477866,-0.17002229146316883,-2.1865518460135514e-07,0.04075799247216773,0.4423076923076923,0.5192307692307693,1.0,4.87031896643702e-07,7.440078894009122e-07,0.011042217155533642
2025-09-08,2024-08-19,9.068043079485372e-07,6.008543095435219e-07,0.0042554966832158226,2025-09-04,250,35780,204,100.0,5.572144173336699e-07,4.1933994739416007e-07,5.572144173336699e-07,4.1933994739416007e-07,0.0007464679613577999,0.0006475646279670934,0.13249508151803957,1.3787446993950985e-07,0.03989356366167668,0.46568627450980393,0.4019607843137255,1.0,2.144126799346255e-07,2.413501359661452e-07,0.011074290834929864
2025-09-09,2024-08-21,4.561806210640044e-06,4.033139790956068e-06,0.004287876240121069,2025-09-05,250,35772,72,100.0,2.084612414958851e-06,1.8576993876657262e-06,2.084612414958851e-06,1.8576993876657262e-06,0.0014438186918581055,0.0013629744633212048,0.0559933383552883,2.2691302729312468e-07,0.04018178963283182,0.5138888888888888,0.5,1.0,1.0285737841389646e-07,1.1734706503345254e-07,0.011047152566928162
2025-09-10,2024-08-23,1.7759131737312855e-06,1.6681492543419458e-06,0.004352464262854704,2025-09-08,250,35889,113,100.0,1.7759131737312855e-06,1.6681492543419458e-06,1.7759131737312855e-06,1.6681492543419458e-06,0.0013326339233755403,0.0012915685248340275,0.03081521325638692,1.0776391938933968e-07,0.04018178963283182,0.39823008849557523,0.3805309734513274,1.0,,,
2025-09-11,2024-08-26,1.3581915581203715e-06,1.6485670483946715e-06,0.004497552802151769,2025-09-09,250,35757,149,100.0,8.430681358545643e-07,9.654385595068284e-07,8.430681358545643e-07,9.654385595068284e-07,0.0009181874186976013,0.0009825673307752648,-0.07011630824672244,-1.2237042365226413e-07,0.04008572353928564,0.3825503355704698,0.38926174496644295,1.0,2.6171455929743853e-07,1.9447926490483393e-07,0.010989902025421262
2025-09-12,2024-08-28,1.8243949468664812e-06,1.8432066077750196e-06,0.004434204234230318,2025-09-10,250,35678,196,100.0,9.395247854766388e-07,1.0490850705484637e-06,9.395247854766388e-07,1.0490850705484637e-06,0.0009692908673234463,0.001024248539441704,-0.05669884445524098,-1.0956028507182491e-07,0.03998964821615847,0.42346938775510207,0.39285714285714285,1.0,1.2405620537227364e-07,3.172475754573241e-07,0.01089932636893085
2025-09-15,2024-08-30,9.873550033483717e-07,9.897786025622782e-07,0.004357670782244627,2025-09-11,250,35746,175,100.0,7.356706366316037e-07,7.145474191539415e-07,7.356706366316037e-07,7.145474191539415e-07,0.0008577124440228227,0.0008453090672375054,0.01446099665657552,2.1123217477662145e-08,0.03998964821615846,0.41714285714285715,0.38285714285714284,1.0,3.840020694383112e-07,3.2997782041900584e-07,0.010902973791089276
2025-09-16,2024-09-04,,,,2025-09-12,250,35799,28,100.0,1.5740826874902665e-07,7.611531466638225e-08,1.5740826874902665e-07,7.611531466638225e-08,0.0003967471093140146,0.00027589004089742395,0.30461990920502346,8.12929540826444e-08,0.03979746987406609,0.2857142857142857,0.35714285714285715,1.0,1.5740826874902665e-07,7.611531466638225e-08,0.01084523460077772
2025-09-17,2024-09-06,6.796975669429935e-07,1.3399238578434148e-06,0.004283014906571488,2025-09-15,250,35893,234,0.01,4.5214454331072005e-07,1.0737127314769944e-06,4.5214454331072005e-07,1.0737127314769944e-06,0.000672416941570273,0.0010362011057111426,-0.5410098134817014,-6.215681881662744e-07,0.039605254592359425,0.3247863247863248,0.41452991452991456,1.0,2.126150447504323e-07,7.934904931965525e-07,0.01086018787878788
2025-09-18,2024-09-09,2.449012423257411e-07,4.311065863510569e-07,0.004267961002552409,2025-09-16,250,35803,203,0.01,1.8359696888708902e-07,3.159457031174561e-07,1.8359696888708902e-07,3.159457031174561e-07,0.0004284821686921044,0.0005620904759177619,-0.31181766007552314,-1.3234873423036708e-07,0.039413002356835036,0.4729064039408867,0.5615763546798029,1.0,9.84922128193132e-08,1.5607530051081032e-07,0.010873697624321124
2025-09-19,2024-09-11,1.4285145634167734e-06,1.3620153129062017e-06,0.00428787624012107,2025-09-17,250,35872,204,100.0,1.5658610339593092e-06,1.4575671402826907e-06,1.5658610339593092e-06,1.4575671402826907e-06,0.0012513436913811125,0.001207297453108674,0.035199153178951614,1.0829389367661845e-07,0.03950913309471249,0.3431372549019608,0.37254901960784315,1.0,1.746908654219924e-06,1.5835218218244263e-06,0.010823126868601455
2025-09-22,2024-09-12,5.315289162205953e-06,4.608230343866722e-06,0.0041547861507128326,2025-09-18,250,36043,241,100.0,2.832289836722542e-06,2.393108936538385e-06,2.832289836722542e-06,2.393108936538385e-06,0.0016829408298340562,0.0015469676585301922,0.08079498036616739,4.3918090018415696e-07,0.03950913309471249,0.26141078838174275,0.2572614107883817,1.0,4.103478717018388e-07,2.3245772775090825e-07,0.010928592737682685
2025-09-23,2024-09-13,3.530457892504264e-07,5.354081683736847e-07,0.003983130271790065,2025-09-19,250,36159,88,100.0,3.190124436592567e-07,4.693743497731154e-07,3.190124436592567e-07,4.693743497731154e-07,0.0005648118657210175,0.0006851090057597517,-0.21298621247124006,-1.503619061138587e-07,0.039220713153281295,0.4431818181818182,0.4772727272727273,1.0,2.864916912054723e-07,4.062753675547938e-07,0.010877132445564153
2025-09-24,2024-09-16,9.795821934537407e-07,1.1012917261113615e-06,0.004008961207404787,2025-09-22,250,36311,214,1.0,6.348187693056515e-07,8.480631739350725e-07,6.348187693056515e-07,8.480631739350725e-07,0.0007967551501594774,0.0009209034552737179,-0.1558173864196435,-2.1324440462942103e-07,0.03922071315328131,0.3037383177570093,0.37850467289719625,1.0,1.41180230184524e-07,4.854859287735677e-07,0.010936667119012077
2025-09-25,2024-09-17,1.1671114059934574e-06,1.2298648123139916e-06,0.004042645951408982,2025-09-23,250,36254,212,0.01,8.94090898010583e-07,9.952230046655178e-07,8.94090898010583e-07,9.952230046655178e-07,0.0009455637990165354,0.0009976086430387007,-0.055041070815418536,-1.0113210665493484e-07,0.03941300235683504,0.37264150943396224,0.33490566037735847,1.0,5.167704206859363e-07,6.70942753645717e-07,0.010971573135682951
2025-09-26,2024-09-18,1.1828856798379508e-06,1.280921696901633e-06,0.003970880211780277,2025-09-24,250,36376,239,100.0,7.598201371029887e-07,9.383738010693585e-07,7.598201371029887e-07,9.383738010693585e-07,0.0008716766241577141,0.0009686969603902752,-0.11130312955943977,-1.7855366396636975e-07,0.039605254592359425,0.3389121338912134,0.35564853556485354,1.0,3.472438227002979e-07,6.043188282742473e-07,0.011022425347617963
2025-09-29,2024-09-19,2.623674347754543e-07,2.690414808106825e-07,0.0039927973068190695,2025-09-25,250,36431,235,100.0,2.1887574951244768e-07,2.0094427291626424e-07,2.1887574951244768e-07,2.0094427291626424e-07,0.00046784158591605307,0.0004482680815274095,0.041837889101538184,1.7931476596183435e-08,0.03941300235683504,0.5234042553191489,0.4595744680851064,1.0,1.7501234044377427e-07,1.32265037603945e-07,0.010959637061436647
2025-09-30,2024-09-20,1.0074038981944315e-07,2.1183756173974147e-07,0.004008961207404787,2025-09-26,250,36527,42,100.0,1.0074038981944315e-07,2.1183756173974147e-07,1.0074038981944315e-07,2.1183756173974147e-07,0.00031739626623425037,0.0004602581468477679,-0.45010573787934893,-1.1109717192029832e-07,0.03960525459235943,0.7857142857142857,0.6904761904761905,1.0,,,
2025-10-01,2024-09-23,4.1739022108196755e-07,6.951366169942475e-07,0.004005812355182028,2025-09-29,250,36612,214,100.0,4.238816468617999e-07,5.611054172449746e-07,4.238816468617999e-07,5.611054172449746e-07,0.0006510619378076098,0.0007490697011927359,-0.15053523742327513,-1.372237703831747e-07,0.03941300235683505,0.35046728971962615,0.3364485981308411,1.0,4.3354330383643404e-07,3.6161711994373124e-07,0.010887908673331535
2025-10-02,2024-09-24,2.9772334160437716e-07,5.204071485951127e-07,0.003992953611274221,2025-09-30,250,36502,206,1.0,3.340885249911387e-07,4.4724811511291063e-07,3.340885249911387e-07,4.4724811511291063e-07,0.0005780039143389417,0.0006687661139089738,-0.157026963517775,-1.1315959012177193e-07,0.039316862376950375,0.4563106796116505,0.47572815533980584,1.0,3.879790979618817e-07,3.3883171609711736e-07,0.010850934250878895
2025-10-03,2024-09-25,2.744622729355758e-07,4.245780938507809e-07,0.003966865009917163,2025-10-01,250,36648,206,1.0,2.7550493299639863e-07,4.2752637705421435e-07,2.7550493299639863e-07,4.2752637705421435e-07,0.000524885638016891,0.0006538550122574685,-0.24570947440636082,-1.5202144405781572e-07,0.03941300235683504,0.41262135922330095,0.45145631067961167,1.0,2.77019272608546e-07,4.3180840742110576e-07,0.010838449239413045
2025-10-06,2024-09-26,1.1284595511594334e-06,1.1017497191169596e-06,0.003953181923881872,2025-10-02,250,36692,242,1.0,7.387029641015491e-07,7.432812885135738e-07,7.387029641015491e-07,7.432812885135738e-07,0.000859478309267633,0.0008621376273621131,-0.0030941072808994274,-4.578324412024738e-09,0.03950913309471249,0.32644628099173556,0.30578512396694213,1.0,3.489463770436647e-07,3.8481285791018826e-07,0.010838611198278562
2025-10-07,2024-09-27,3.1453623998860235e-07,1.3372055038551055e-07,0.003973664731777631,2025-10-03,250,36742,82,100.0,2.1957028394794456e-07,1.8260795539313392e-07,2.1957028394794456e-07,1.8260795539313392e-07,0.00046858327322680285,0.0004273265208164992,0.08804572157729285,3.696232855481064e-08,0.03941300235683503,0.4146341463414634,0.35365853658536583,1.0,1.2912651629017515e-07,2.2916738873372763e-07,0.010799879394291329
2025-10-08,2024-09-30,1.4072576891240387e-07,2.710791127054363e-07,0.0039769182782283235,2025-10-06,250,36828,210,1.0,1.0490120763077509e-07,2.4506355393528374e-07,1.0490120763077509e-07,2.4506355393528374e-07,0.0003238845591113832,0.0004950389418371889,-0.5284425512453841,-1.4016234630450865e-07,0.039316862376950375,0.42857142857142855,0.6285714285714286,1.0,5.221802927543861e-08,2.0680537927329463e-07,0.010840069045911047
2025-10-09,2024-10-01,3.674201632698025e-07,4.918925234556483e-07,0.003952569169960472,2025-10-07,250,36792,208,0.01,2.545480308078947e-07,3.855590866443263e-07,2.545480308078947e-07,3.855590866443263e-07,0.0005045275322595336,0.0006209340437150522,-0.23072380397991443,-1.310110558364316e-07,0.039316862376950375,0.40384615384615385,0.47115384615384615,1.0,8.455987950984067e-08,2.2541836855498578e-07,0.010775812274368229
2025-10-10,2024-10-02,5.193080991255482e-06,5.262532465574836e-06,0.00401511572980633,2025-10-08,250,36909,198,100.0,3.0605284158030944e-06,3.0545414084815543e-06,3.0605284158030944e-06,3.0545414084815543e-06,0.001749436599538004,0.001747724637487712,0.0009785790755401091,5.987007321540071e-09,0.03950913309471249,0.3333333333333333,0.3282828282828283,1.0,1.4891738865223875e-06,1.4276006295707153e-06,0.010807120507777575
2025-10-13,2024-10-03,2.265785584390744e-06,2.0106822116467774e-06,0.004158682268520405,2025-10-09,250,36953,217,100.0,1.3925275932283212e-06,1.2415356163056638e-06,1.3925275932283212e-06,1.2415356163056638e-06,0.0011800540636887453,0.0011142421713010435,0.05577023495176103,1.5099197692265734e-07,0.03941300235683505,0.3870967741935484,0.3778801843317972,1.0,6.866440503720291e-07,6.19808785071597e-07,0.01110732749379805
2025-10-15,2024-10-04,2.638961897897156e-07,5.372905355046807e-07,0.004116721152681923,2025-10-10,250,36986,218,0.01,7.843194399687844e-07,8.61459908041015e-07,7.843194399687844e-07,8.61459908041015e-07,0.000885618111811623,0.0009281486454447989,-0.04802355898771693,-7.714046807223065e-08,0.03941300235683504,0.41284403669724773,0.41743119266055045,1.0,1.553126514096954e-06,1.3403464811060539e-06,0.010952851728251512
2025-10-16,2024-10-07,1.127346579381799e-06,1.3189248129519575e-06,0.004090799711237668,2025-10-13,250,37077,216,0.01,2.0871882299234015e-06,2.035008289166723e-06,2.0871882299234015e-06,2.035008289166723e-06,0.0014447104311672292,0.001426537167117185,0.012579174108517721,5.2179940756678436e-08,0.0395091330947125,0.33796296296296297,0.3194444444444444,1.0,3.538111655160709e-06,3.1174600555378806e-06,0.010904440969977596
2025-10-17,2024-10-08,3.057851253508232e-05,3.0491162936963824e-05,0.0041220448575469805,2025-10-15,250,37116,233,100.0,1.4501779092220771e-05,1.4412815850362185e-05,1.4501779092220771e-05,1.4412815850362185e-05,0.0038081201520199924,0.0037964214532059245,0.0030720403629760362,8.896324185858677e-08,0.03941300235683505,0.22746781115879827,0.1888412017167382,1.0,6.114813975883982e-07,5.211239675383648e-07,0.010979212581738923
2025-10-20,2024-10-09,5.3711926543981006e-05,4.5077818775442204e-05,0.00404296642752388,2025-10-16,250,37270,234,0.01,2.842410018691949e-05,2.4597815092328527e-05,2.842410018691949e-05,2.4597815092328527e-05,0.005331425718034482,0.004959618442211914,0.06973880824501877,3.826285094590964e-06,0.03922071315328131,0.08547008547008547,0.08974358974358974,0.9957264957264957,4.808196233630629e-06,5.4718612395033635e-06,0.010917242884450397
2025-10-21,2024-10-10,4.578024027478205e-07,1.0520362726456171e-06,0.003889566809029898,2025-10-17,250,37354,92,0.01,5.453569550932589e-07,9.861913034878752e-07,5.453569550932589e-07,9.861913034878752e-07,0.00073848287393362,0.0009930716507321488,-0.34474567493004993,-4.408343483946163e-07,0.038932210001787475,0.30434782608695654,0.3804347826086957,1.0,6.291857818069764e-07,9.231482479113136e-07,0.010804866676597644
2025-10-22,2024-10-11,7.498210212518812e-07,9.710249596029959e-07,0.003881721657723485,2025-10-20,250,37465,226,100.0,6.742154713337772e-07,8.511976244943925e-07,6.742154713337772e-07,8.511976244943925e-07,0.0008211062485048918,0.0009226037201823937,-0.12361064340006322,-1.7698215316061536e-07,0.03883602378519814,0.37610619469026546,0.5,1.0,5.51136669141515e-07,6.561298696664339e-07,0.010805027633362635
2025-10-23,2024-10-14,1.5360169517788906e-06,1.0435439077111538e-06,0.003946604759141033,2025-10-21,250,37412,224,100.0,9.835139615316797e-07,7.132023622275831e-07,9.835139615316797e-07,7.132023622275831e-07,0.000991722724117825,0.0008445130918035452,0.14843829705044653,2.703115993040966e-07,0.03883602378519813,0.32142857142857145,0.30357142857142855,1.0,1.1348051711940495e-07,1.930093538224201e-07,0.010861495956873319
2025-10-24,2024-10-16,2.053214572717309e-07,2.4797115867346693e-07,0.003929424454888665,2025-10-22,250,37501,258,100.0,1.4989845776853615e-07,2.037741787183324e-07,1.4989845776853615e-07,2.037741787183324e-07,0.0003871672219707347,0.00045141353404426455,-0.16593944018945406,-5.3875720949796244e-08,0.03873982831593057,0.4883720930232558,0.49612403100775193,1.0,8.906833636259065e-08,1.5526529827977017e-07,0.010797467845659164
2025-10-27,2024-10-17,1.4760223738751446e-06,1.4115785717633588e-06,0.0038809831824062105,2025-10-23,250,37559,245,100.0,1.1133833843233742e-06,9.692546839248008e-07,1.1133833843233742e-06,9.692546839248008e-07,0.0010551698367198402,0.0009845073305591995,0.06696789815401294,1.4412870039857342e-07,0.03854740961223891,0.30612244897959184,0.31020408163265306,1.0,7.356344368736135e-07,5.085006340929693e-07,0.010709940199335547
2025-10-28,2024-10-18,1.6617176872480437e-07,3.4064928365996987e-07,0.003794501692645363,2025-10-24,250,37654,87,100.0,3.197263703298561e-07,3.574296765342262e-07,3.197263703298561e-07,3.574296765342262e-07,0.00056544351648052,0.0005978542268264282,-0.05731909448293182,-3.77033062043701e-08,0.0381624610943489,0.40229885057471265,0.45977011494252873,1.0,4.768520091815369e-07,3.7460031110323267e-07,0.010585060708656821
2025-10-29,2024-10-21,1.4626162236494113e-06,1.3757109460270976e-06,0.0037918215613382896,2025-10-27,250,37733,208,1.0,1.115812920137678e-06,1.027950169595862e-06,1.115812920137678e-06,1.027950169595862e-06,0.0010563204628036315,0.0010138787746056537,0.04017879960909898,8.786275054181608e-08,0.03816246109434891,0.40384615384615385,0.4230769230769231,1.0,6.238361407373122e-07,5.346151146585278e-07,0.010557021220854074
2025-10-30,2024-10-22,1.6842321624151348e-06,1.6964445851403335e-06,0.0037819799777530586,2025-10-28,250,37638,137,0.01,2.6558621474205225e-06,2.692045757108758e-06,2.6558621474205225e-06,2.692045757108758e-06,0.0016296816092171264,0.0016407454882183153,-0.006788981932798421,-3.618360968823535e-08,0.03854740961223893,0.45255474452554745,0.4744525547445255,1.0,5.7179687668314405e-06,5.829697935433487e-06,0.010551953039759088
2025-10-31,2024-10-23,4.301284461154273e-06,4.471572434486842e-06,0.0037582903463522486,2025-10-29,250,37775,220,0.01,2.6357548743473773e-06,2.5851750655868243e-06,2.6357548743473773e-06,2.5851750655868243e-06,0.001623500808237365,0.0016078479609673373,0.009641416370480327,5.057980876055301e-08,0.03845118637425273,0.22727272727272727,0.2636363636363636,1.0,8.116034221303022e-07,5.191208044106154e-07,0.010669295264992718
2025-11-03,2024-10-24,7.529176907077136e-07,8.879402897888031e-07,0.0037726079076820652,2025-10-30,250,37754,216,0.01,5.269332440845358e-07,7.305976265227858e-07,5.269332440845358e-07,7.305976265227858e-07,0.0007259016765957603,0.0008547500374511754,-0.17750112034410992,-2.0366438243825e-07,0.03816246109434891,0.4166666666666667,0.5,1.0,3.1709054364872755e-07,5.844937249186267e-07,0.010634411928569332
2025-11-04,2024-10-25,4.079675959742604e-07,6.66394854105906e-07,0.0037911168927708618,2025-10-31,250,37807,81,100.0,3.7359942190139883e-07,5.189401180873536e-07,3.7359942190139883e-07,5.189401180873536e-07,0.0006112277986981603,0.0007203749843570039,-0.17857038879990994,-1.453406961859548e-07,0.039028386967478346,0.48148148148148145,0.49382716049382713,1.0,3.416861174051703e-07,3.820178632129838e-07,0.01061449205373606
2025-11-05,2024-10-28,3.44418595585591e-07,4.7165940970976766e-07,0.0037772181898977912,2025-11-03,250,37860,201,100.0,3.019410625992865e-07,3.9963118275318433e-07,3.019410625992865e-07,3.9963118275318433e-07,0.0005494916401541397,0.0006321638891562727,-0.15045224160087756,-9.769012015389782e-08,0.03883602378519813,0.39800995024875624,0.3880597014925373,1.0,2.473960486509638e-07,3.071403913202989e-07,0.010741820685978317
2025-11-06,2024-10-29,1.0535354838652634e-06,7.928618410556034e-07,0.0037758199452135933,2025-11-04,250,37848,165,100.0,6.105332930076497e-07,5.226046937694778e-07,6.105332930076497e-07,5.226046937694778e-07,0.0007813662988686227,0.000722914029307412,0.0748077689629646,8.792859923817192e-08,0.03883602378519813,0.40606060606060607,0.3696969696969697,1.0,2.0358942001053947e-07,2.7434522126245575e-07,0.0107047241654122
2025-11-07,2024-10-30,1.9178114072173754e-06,1.8164904725225412e-06,0.0037809986284612824,2025-11-05,250,37984,227,100.0,8.893208313516173e-07,8.747538882496369e-07,8.893208313516173e-07,8.747538882496369e-07,0.0009430380858436298,0.0009352827851776365,0.008223740676449487,1.4566943101980417e-08,0.03854740961223892,0.43612334801762115,0.4581497797356828,1.0,9.384765158044461e-08,1.4637949885106244e-07,0.010820824693052464
2025-11-10,2024-10-31,1.0397900033804716e-06,1.101432716787526e-06,0.0028681044436994828,2025-11-06,250,37966,233,100.0,6.672491932350414e-07,7.112984952226728e-07,6.672491932350414e-07,7.112984952226728e-07,0.0008168532262500047,0.0008433851405038346,-0.03248063838302029,-4.404930198763145e-08,0.038451186374252724,0.4034334763948498,0.4248927038626609,1.0,3.2241803012522175e-07,3.5018252154280875e-07,0.010810180783045438
2025-11-11,2024-11-01,,,,2025-11-07,250,38073,42,100.0,3.635965363135183e-08,9.14233949589322e-08,3.635965363135183e-08,9.14233949589322e-08,0.00019068207475101542,0.00030236301850413555,-0.5856918847718033,-5.5063741327580373e-08,0.03873982831593056,0.5,0.5714285714285714,1.0,3.635965363135183e-08,9.14233949589322e-08,0.010644087520544729
2025-11-12,2024-11-04,3.1878854745434935e-07,4.2720725595659107e-07,0.00374205267938238,2025-11-10,250,38111,209,100.0,2.008096745480298e-07,2.7274315679811087e-07,2.008096745480298e-07,2.7274315679811087e-07,0.0004481179248233994,0.0005222481754856697,-0.16542576530828268,-7.193348225008107e-08,0.03873982831593057,0.5502392344497608,0.583732057416268,1.0,3.2072449344805214e-08,5.1823573117958994e-08,0.01061977598828697
2025-11-13,2024-11-05,1.4444589972215164e-06,1.4965233923403655e-06,0.003766409478187735,2025-11-11,250,37957,286,100.0,1.1198875668480626e-06,1.235319732492145e-06,1.1198875668480626e-06,1.235319732492145e-06,0.0010582474034213655,0.0011114493836842706,-0.05027366955109036,-1.1543216564408246e-07,0.03873982831593056,0.36013986013986016,0.34965034965034963,1.0,6.897644518003149e-07,8.891717930184863e-07,0.010613870760045652
2025-11-14,2024-11-06,7.905865697043204e-07,8.727866980893566e-07,0.003773584905660377,2025-11-12,250,38099,232,100.0,9.677131008536253e-07,9.074745397110019e-07,9.677131008536253e-07,9.074745397110019e-07,0.0009837240979327616,0.0009526145808830568,0.031624229918815305,6.02385611426235e-08,0.03883602378519813,0.3879310344827586,0.3922413793103448,1.0,1.1448396320029303e-06,9.421623813326472e-07,0.010792969168501872
2025-11-17,2024-11-07,9.736523539334802e-07,7.648487949963156e-07,0.0037810653059726146,2025-11-13,250,38237,236,0.01,8.254860218571776e-07,6.614788776899193e-07,8.254860218571776e-07,6.614788776899193e-07,0.0009085626130637214,0.0008133135174641568,0.10483492742275591,1.6400714416725832e-07,0.03873982831593057,0.4576271186440678,0.4491525423728814,1.0,6.939143189734206e-07,5.696863911218395e-07,0.010794736058815648
2025-11-18,2024-11-08,3.832022386187529e-07,4.421533886858099e-07,0.00385104314663875,2025-11-14,250,38328,130,0.01,8.756583345077634e-07,9.979503886119532e-07,8.756583345077634e-07,9.979503886119532e-07,0.000935766175124835,0.0009989746686537918,-0.06754731599539232,-1.2229205410418977e-07,0.038932210001787475,0.33076923076923076,0.3384615384615385,1.0,1.1025201314903413e-06,1.2539917031846708e-06,0.01089625039433954
2025-11-19,2024-11-11,1.2364831947473293e-05,1.2474687586856946e-05,0.0038513311396948845,2025-11-17,250,38422,272,0.01,6.3495630907441564e-06,6.426567459008184e-06,6.3495630907441564e-06,6.426567459008184e-06,0.002519833941104881,0.002535067545255586,-0.0060454793874336055,-7.700436826402782e-08,0.03864362359220442,0.19117647058823528,0.19117647058823528,1.0,2.4517913984125446e-07,2.8884555148758907e-07,0.010988527148224453
2025-11-20,2024-11-13,1.1540354538409476e-05,9.424832961936574e-06,0.0038352695859398276,2025-11-18,250,38390,266,0.01,6.063377223975312e-06,5.222950399555534e-06,6.063377223975312e-06,5.222950399555534e-06,0.0024623925812053836,0.002285377517950926,0.07188742550865135,8.40426824419778e-07,0.03873982831593057,0.21428571428571427,0.20676691729323307,1.0,6.681458396073303e-07,1.083782502284658e-06,0.010946239983097654
2025-11-21,2024-11-14,2.215011571201464e-05,2.138092068623318e-05,0.0038685446009389672,2025-11-19,250,38635,245,0.01,2.3659039039373823e-05,2.3344116620524285e-05,2.3659039039373823e-05,2.3344116620524285e-05,0.00486405582198373,0.0048315749627346445,0.006677731596394176,3.149224188495384e-07,0.03864362359220441,0.02857142857142857,0.024489795918367346,1.0,2.5392977248883057e-05,2.5600069843262313e-05,0.011115668245138153
2025-11-24,2024-11-15,3.2295611857361884e-05,2.7860867500585903e-05,0.0037938782275590273,2025-11-20,250,38781,275,0.01,3.788817950172716e-05,3.115600412614872e-05,3.788817950172716e-05,3.115600412614872e-05,0.006155337480733868,0.0055817563657104136,0.09318434883850912,6.732175375578442e-06,0.03825871211709034,0.014545454545454545,0.01818181818181818,1.0,4.2829557762844435e-05,3.406746045969395e-05,0.011006034626648257
2025-11-25,2024-11-18,9.390689981369552e-07,1.3262237604924816e-06,0.0037329660771238046,2025-11-21,250,38867,165,0.01,6.666757738792502e-07,9.397309514290317e-07,6.666757738792502e-07,9.397309514290317e-07,0.0008165021579146317,0.0009693972103472507,-0.18725615229617643,-2.7305517754978157e-07,0.03835495387646399,0.3696969696969697,0.3878787878787879,1.0,4.2246115902751466e-07,5.932201570962837e-07,0.010846390920102285
2025-11-26,2024-11-19,6.737738900322361e-07,9.212511222969653e-07,0.003718814312019354,2025-11-24,250,38985,250,100.0,5.630363506877922e-07,6.782579685164002e-07,5.630363506877922e-07,6.782579685164002e-07,0.0007503574819296415,0.0008235641860331229,-0.0975624363939449,-1.1522161782860801e-07,0.03825871211709033,0.404,0.388,1.0,4.574896335001189e-07,4.4665511881929905e-07,0.010745321620100142
2025-11-28,2024-11-20,7.980074699583668e-07,8.037545161952858e-07,0.003711043055305349,2025-11-25,250,39083,210,100.0,8.144562694904397e-07,8.555353431741715e-07,8.144562694904397e-07,8.555353431741715e-07,0.000902472309542204,0.0009249515355812819,-0.024908493924296504,-4.107907368373179e-08,0.038451186374252724,0.47619047619047616,0.6333333333333333,1.0,8.396249145575873e-07,9.347662471057192e-07,0.010671649894067796
2025-12-01,2024-11-21,1.6555067854057728e-06,1.31917353794625e-06,0.003693742155280617,2025-11-26,250,39167,210,100.0,1.142934221593464e-06,8.903597106475234e-07,1.142934221593464e-06,8.903597106475234e-07,0.0010690810173197651,0.0009435887402081075,0.11738331808217162,2.5257451094594055e-07,0.03806620080645634,0.4238095238095238,0.38571428571428573,1.0,2.575816113722036e-07,1.496812816769951e-07,0.010613715447987244
2025-12-02,2024-11-22,3.6536592089863485e-07,3.81760840957655e-07,0.003638290356764394,2025-11-28,250,39214,126,100.0,1.8697883585845188e-07,2.3637905092702457e-07,1.8697883585845188e-07,2.3637905092702457e-07,0.00043241049462108556,0.0004861882875255476,-0.12436745540042149,-4.940021506857268e-08,0.037392119217062654,0.5634920634920635,0.5714285714285714,1.0,1.0093330072142249e-07,1.662537169122499e-07,0.010662394343422461
2025-12-03,2024-11-25,2.9718919380524364e-07,5.462029530003065e-07,0.0035990076522589903,2025-12-01,250,39249,244,100.0,1.5136452775339018e-07,3.1756110506787236e-07,1.5136452775339018e-07,3.1756110506787236e-07,0.00038905594424631294,0.0005635256028503695,-0.44844362664100323,-1.6619657731448217e-07,0.03700672562909567,0.5122950819672131,0.5655737704918032,1.0,1.9210924143898005e-08,1.103544303791039e-07,0.010642681906885974
2025-12-04,2024-11-26,4.279997651589579e-06,4.508533132724717e-06,0.0036248460320253396,2025-12-02,250,39202,205,1.0,2.9100448391805584e-06,3.1544825415630915e-06,2.9100448391805584e-06,3.1544825415630915e-06,0.0017058853534691475,0.0017760862990190234,-0.041152206041931816,-2.444377023825331e-07,0.03652477468237227,0.1073170731707317,0.14634146341463414,1.0,1.7034808943065586e-06,1.9619242227418423e-06,0.010605955636140316
2025-12-05,2024-11-27,9.920071992523539e-06,8.870698641110297e-06,0.003669397933737087,2025-12-03,250,39379,210,100.0,5.717334227844926e-06,5.096883171348065e-06,5.717334227844926e-06,5.096883171348065e-06,0.0023910947760063645,0.0022576277751985745,0.05581836493771619,6.204510564968608e-07,0.03642835661355149,0.17142857142857143,0.14285714285714285,1.0,1.8966635326825517e-06,1.6661418352005804e-06,0.010598207162582739
2025-12-08,2024-11-29,1.1979326101654036e-06,9.298092604382538e-07,0.0036946696319678607,2025-12-04,250,39426,297,100.0,8.390655632050975e-07,7.024655670374058e-07,8.390655632050975e-07,7.024655670374058e-07,0.0009160052200752447,0.0008381321894769379,0.0850137410700672,1.3659999616769175e-07,0.03642835661355148,0.48484848484848486,0.4107744107744108,1.0,5.440460276671771e-07,5.155695246097149e-07,0.010578114016538086
2025-12-09,2024-12-02,4.023794674143594e-06,3.926354115998348e-06,0.003706502572960525,2025-12-05,250,39489,69,100.0,1.7091409428612863e-06,1.7555606003759187e-06,1.7091409428612863e-06,1.7555606003759187e-06,0.0013073411730918929,0.0013249756980322012,-0.013488846907959262,-4.641965751463238e-08,0.03662118345564529,0.6666666666666666,0.6521739130434783,1.0,3.101698768161338e-08,1.8173530154965798e-07,0.010609989321709111
2025-12-10,2024-12-03,1.0382492764376699e-06,1.3487883450027172e-06,0.0037159968251677606,2025-12-08,250,39678,220,100.0,6.264576124811096e-07,8.47044113037027e-07,6.264576124811096e-07,8.47044113037027e-07,0.0007914907532505415,0.0009203499948590356,-0.1628057448293454,-2.2058650055591747e-07,0.0366211834556453,0.39545454545454545,0.42272727272727273,1.0,2.6394016472447975e-07,4.053376524176584e-07,0.010619154075895993
2025-12-11,2024-12-04,1.0987097970777494e-06,1.2545398313770182e-06,0.00369466963196786,2025-12-09,250,39651,220,0.01,8.659056268319428e-07,9.950985697104641e-07,8.659056268319428e-07,9.950985697104641e-07,0.0009305405025209503,0.0009975462744707456,-0.07200736751196568,-1.2919294287852138e-07,0.036235492582095415,0.41818181818181815,0.43636363636363634,1.0,6.571846466115646e-07,7.624960592507951e-07,0.010549190627863343
2025-12-12,2024-12-05,4.7380118349510783e-07,4.977363409833568e-07,0.0037046361903391727,2025-12-10,250,39689,267,100.0,7.624043471610618e-07,8.720873913822671e-07,7.624043471610618e-07,8.720873913822671e-07,0.0008731576874545982,0.0009338561941660328,-0.06951608808299103,-1.0968304422120529e-07,0.035946126773469124,0.5205992509363296,0.5318352059925093,1.0,1.012661635934337e-06,1.196699491028875e-06,0.010524699275940625
2025-12-15,2024-12-06,5.035184740123455e-07,6.660501647057508e-07,0.0037013080350725897,2025-12-11,250,39757,245,100.0,3.194310077056024e-07,4.748503566282507e-07,3.194310077056024e-07,4.748503566282507e-07,0.0005651822783010826,0.0006890938663406101,-0.2192418141842687,-1.5541934892264828e-07,0.035656677208034684,0.5265306122448979,0.5224489795918368,1.0,1.3077938934166714e-07,2.7891005744139114e-07,0.0106390914691387
2025-12-16,2024-12-09,3.4069811346408026e-07,2.9002116842185825e-07,0.003757615555798767,2025-12-12,250,39853,106,100.0,2.944863707784821e-07,4.353380530762364e-07,2.944863707784821e-07,4.353380530762364e-07,0.0005426659845415798,0.0006598015255182701,-0.21585200530975102,-1.4085168229775432e-07,0.03584965289369723,0.5849056603773585,0.5660377358490566,1.0,2.7359613093430763e-07,5.010292475090375e-07,0.01065518928209422
2025-12-17,2024-12-10,5.675766419068031e-07,7.085480946391866e-07,0.003750773824696844,2025-12-15,250,39970,303,100.0,6.452889056554626e-07,7.798084995401502e-07,6.452889056554626e-07,7.798084995401502e-07,0.0008032987648785865,0.0008830676641912273,-0.09930165811308989,-1.3451959388468766e-07,0.035753169705817864,0.5379537953795379,0.5115511551155115,1.0,7.214773995266972e-07,8.496716415999185e-07,0.010684382871536523
2025-12-18,2024-12-11,5.990509462383013e-07,6.420131840051951e-07,0.0037889935256032966,2025-12-16,250,40025,302,100.0,1.0724077086381316e-06,1.1992454920021461e-06,1.0724077086381316e-06,1.1992454920021461e-06,0.001035571199212363,0.001095100676651305,-0.05748467848875949,-1.2683778336401447e-07,0.035753169705817864,0.40397350993377484,0.4139072847682119,1.0,1.5333891308445024e-06,1.741909635084144e-06,0.010803257372654156
2025-12-19,2024-12-12,1.7383630905669265e-06,1.736714935765303e-06,0.003784121385796688,2025-12-17,250,40193,245,100.0,3.3921517163618e-06,3.0304625591631536e-06,3.3921517163618e-06,3.0304625591631536e-06,0.0018417794972150712,0.0017408223801304813,0.05481498585321731,3.616891571986464e-07,0.035560175398550886,0.3673469387755102,0.3510204081632653,1.0,5.143222026026962e-06,4.400312983937348e-06,0.01072228923677325
2025-12-22,2024-12-13,1.96040680490954e-06,1.8051323257337539e-06,0.0037636569591113396,2025-12-18,250,40391,303,100.0,1.0237374340320747e-06,1.0509453260041912e-06,1.0237374340320747e-06,1.0509453260041912e-06,0.0010117991075465893,0.0010251562446789227,-0.013201372715895943,-2.720789197211649e-08,0.03556017539855088,0.46204620462046203,0.46534653465346537,1.0,1.8658918381034e-07,3.768906949958944e-07,0.010698257394319633
2025-12-23,2024-12-16,6.524280706101872e-07,4.976691395239791e-07,0.0038011587998671437,2025-12-19,250,40489,162,1.0,3.621482626264359e-07,3.136967495512258e-07,3.621482626264359e-07,3.136967495512258e-07,0.0006017875560581457,0.0005600863768663061,0.06929551595415573,4.845151307521009e-08,0.035753169705817864,0.5740740740740741,0.48148148148148145,1.0,9.260272664152401e-08,1.428652445765263e-07,0.01063202108552487
2025-12-24,2024-12-17,5.643133229206208e-07,7.698683179531172e-07,0.003781759436040533,2025-12-22,250,40653,241,0.01,2.8584608881051495e-07,4.250263061281374e-07,2.8584608881051495e-07,4.250263061281374e-07,0.0005346457601164672,0.0006519404160873426,-0.21938761086466663,-1.3918021731762243e-07,0.03584965289369723,0.5062240663900415,0.6182572614107884,1.0,4.001173369768702e-08,1.2059546756389713e-07,0.010583648758648758
2025-12-26,2024-12-18,5.090255461935039e-07,5.88657529512035e-07,0.003761732588291151,2025-12-23,250,40797,222,100.0,3.1937184728045707e-07,4.1815839918433755e-07,3.1937184728045707e-07,4.1815839918433755e-07,0.0005651299384039542,0.000646651683044541,-0.1442530984481576,-9.878655190388049e-08,0.036235492582095415,0.6081081081081081,0.7612612612612613,1.0,1.9454369929592575e-08,1.4853186750332783e-07,0.010546549726237722
2025-12-29,2024-12-19,4.699258826829376e-07,4.905699908229982e-07,0.0037673738112655457,2025-12-24,250,40890,298,100.0,2.748304984807586e-07,3.41378523830861e-07,2.748304984807586e-07,3.41378523830861e-07,0.0005242427858166086,0.0005842760681654359,-0.11451427463196073,-6.654802535010244e-08,0.035753169705817864,0.5469798657718121,0.5369127516778524,1.0,1.1324843181024228e-07,2.1781503889872284e-07,0.010547619185583293
2025-12-30,2024-12-20,6.54633228715858e-07,5.659909654883091e-07,0.003762419637638807,2025-12-26,250,40990,121,100.0,4.2079511477145857e-07,3.92751024535391e-07,4.2079511477145857e-07,3.92751024535391e-07,0.000648687224146937,0.0006266985116747853,0.033897249172847865,2.8044090236067545e-08,0.036139046615873194,0.5289256198347108,0.5289256198347108,1.0,1.1578415368759348e-08,8.958112786778429e-08,0.010585341280802501
2025-12-31,2024-12-23,5.91176619675376e-07,8.067390616311796e-07,0.0037717884868902905,2025-12-29,250,41118,243,100.0,3.105777658074057e-07,4.754405042174245e-07,3.105777658074057e-07,4.754405042174245e-07,0.0005572950437671286,0.0006895219388949307,-0.23726551421306818,-1.6486273841001883e-07,0.03584965289369723,0.5432098765432098,0.6584362139917695,1.0,4.56924477560418e-08,1.6269466601883983e-07,0.010598283867774852
2026-01-02,2024-12-24,2.3912023029942424e-06,2.154417235723823e-06,0.0037887147796660053,2025-12-30,250,41057,207,100.0,1.4544479853986358e-06,1.3563796429361134e-06,1.4544479853986358e-06,1.3563796429361134e-06,0.0012060049690605075,0.0011646371292965518,0.03430155001449264,9.806834246252244e-08,0.03604259134692933,0.5120772946859904,0.5314009661835749,1.0,2.6468842722406862e-08,1.3985892222314068e-07,0.010677391776161425
2026-01-05,2024-12-26,5.726361175062451e-07,5.731313107529955e-07,0.0038005977639201513,2025-12-31,250,41231,295,100.0,3.711337589104083e-07,3.5492000966171186e-07,3.711337589104083e-07,3.5492000966171186e-07,0.000609207484286272,0.0005957516342081756,0.022087466791155363,1.621374924869645e-08,0.03584965289369723,0.49830508474576274,0.49491525423728816,1.0,2.0111614384517099e-07,1.7080422436594136e-07,0.010657855292240585
2026-01-06,2024-12-27,7.9616553785655e-07,1.214173637853111e-06,0.003853925016837537,2026-01-02,250,41381,83,100.0,6.127950876934954e-07,8.566220715513893e-07,6.127950876934954e-07,8.566220715513893e-07,0.0007828122940357384,0.0009255388006730941,-0.18232532591119432,-2.4382698385789397e-07,0.035753169705817864,0.2891566265060241,0.2891566265060241,1.0,4.3379060062956087e-07,5.075836377806614e-07,0.010587342232303844
2026-01-07,2024-12-30,6.362146375808623e-07,9.321065079268407e-07,0.003925903338923618,2026-01-05,250,41512,249,100.0,4.423500260064408e-07,6.044771344099518e-07,4.423500260064408e-07,6.044771344099518e-07,0.0006650939978728125,0.0007774812759224185,-0.16897954034926954,-1.62127108403511e-07,0.03565667720803468,0.42971887550200805,0.3855421686746988,1.0,2.677238873363513e-07,3.093605994863419e-07,0.010524749569968631
2026-01-08,2024-12-31,3.893563629051695e-07,8.943031923777151e-07,0.003956516728767333,2026-01-06,250,41425,249,100.0,3.484638385169481e-07,6.617917369404948e-07,3.484638385169481e-07,6.617917369404948e-07,0.0005903082571986843,0.0008135058309197881,-0.3781034247772357,-3.133278984235467e-07,0.03556017539855088,0.3855421686746988,0.39357429718875503,1.0,3.1162935090007697e-07,4.523539373863576e-07,0.010558785057571272
2026-01-09,2025-01-02,7.886110533336249e-07,7.581911229671419e-07,0.003976219888820258,2026-01-07,250,41638,301,100.0,4.154674464275495e-07,4.748706756494081e-07,4.154674464275495e-07,4.748706756494081e-07,0.0006445676430193727,0.0006891086094727072,-0.06910208251331018,-5.9403229221858605e-08,0.03556017539855088,0.4684385382059801,0.46511627906976744,1.0,1.1605880376039918e-07,2.47535705945358e-07,0.010559856999898476
2026-01-12,2025-01-03,1.123228213546575e-06,1.5077453008109358e-06,0.003971160889848481,2026-01-08,250,41737,303,100.0,6.126360494559757e-07,7.833271031249381e-07,6.126360494559757e-07,7.833271031249381e-07,0.0007827107061079309,0.0008850576835014417,-0.13075964924823436,-1.7069105366896244e-07,0.03556017539855088,0.42244224422442245,0.4389438943894389,1.0,2.1317276813803636e-07,2.1657639552353984e-07,0.01049047934646361
2026-01-13,2025-01-06,8.597488405132782e-07,1.1054026732303914e-06,0.003957732949087416,2026-01-09,250,41847,78,100.0,4.4768844143042865e-07,6.258266629908713e-07,4.4768844143042865e-07,6.258266629908713e-07,0.0006690952409264534,0.0007910920698571508,-0.182331036702303,-1.7813822156044262e-07,0.03604259134692934,0.5384615384615384,0.6025641025641025,1.0,1.2927813304822662e-07,2.552452005330602e-07,0.010474030439035616
2026-01-14,2025-01-07,3.363666547991975e-07,5.445490352055973e-07,0.003945604290365831,2026-01-12,250,41972,299,100.0,3.4555680272280495e-07,4.841272351656947e-07,3.4555680272280495e-07,4.841272351656947e-07,0.0005878407970894883,0.0006957925230740086,-0.1836410921443523,-1.385704324428898e-07,0.03604259134692933,0.5351170568561873,0.5284280936454849,1.0,3.5613539026077055e-07,4.1457696173846904e-07,0.01049501563918878
2026-01-15,2025-01-08,3.2316512251379694e-07,3.9762056779328244e-07,0.003962148022772734,2026-01-13,250,41982,289,100.0,2.938310161150727e-07,3.8118096690383613e-07,2.938310161150727e-07,3.8118096690383613e-07,0.0005420618194588812,0.0006173985478634009,-0.13898180189065035,-8.734995078876341e-08,0.03604259134692934,0.5778546712802768,0.5916955017301038,1.0,2.59424094324088e-07,3.61898427514711e-07,0.010546855263920274
2026-01-16,2025-01-10,9.006695224926993e-07,8.574990529956605e-07,0.003989001200573176,2026-01-14,250,42118,332,100.0,4.5208857725668327e-07,4.919237030634085e-07,4.5208857725668327e-07,4.919237030634085e-07,0.0006723753246934953,0.000701372727630187,-0.043126810089157086,-3.9835125806725206e-08,0.0361390466158732,0.5,0.4759036144578313,1.0,3.980898019005571e-08,1.5593248549561598e-07,0.01051821189182942
2026-01-20,2025-01-13,1.1962994244067644e-05,1.4741988040883601e-05,0.004030837866395336,2026-01-15,250,42295,165,100.0,6.253198686301235e-06,7.77571541741523e-06,6.253198686301235e-06,7.77571541741523e-06,0.0025006396554284336,0.0027884969817834177,-0.11511347735772248,-1.5225167311139946e-06,0.03604259134692934,0.23030303030303031,0.23030303030303031,1.0,1.2571275732556286e-06,1.680226871880405e-06,0.010527032067778967
2026-01-21,2025-01-15,2.2469637941904634e-06,1.2769219380178177e-06,0.00417511147142278,2026-01-16,250,42450,291,100.0,1.5592601538442515e-06,1.0036103355323186e-06,1.5592601538442515e-06,1.0036103355323186e-06,0.0012487033890577265,0.001001803541385395,0.19772497603185213,5.556498183119329e-07,0.03633192924739028,0.422680412371134,0.3127147766323024,1.0,7.193167763221606e-07,6.697946378401062e-07,0.010745782047876266
2026-01-22,2025-01-16,5.266466175708887e-07,5.30517498554324e-07,0.004159095497678173,2026-01-20,250,42452,257,0.01,3.213238245825852e-07,3.634982576759603e-07,3.213238245825852e-07,3.634982576759603e-07,0.0005668543239515645,0.0006029081668678575,-0.06360336579063253,-4.217443309337511e-08,0.036331929247390274,0.5175097276264592,0.45525291828793774,1.0,1.2073924989401187e-07,2.003333069717129e-07,0.010623179165450832
2026-01-23,2025-01-17,9.13185900836606e-07,1.2550252114407294e-06,0.00414737265955305,2026-01-21,250,42588,252,0.01,7.711569324192442e-07,1.0005454200859313e-06,7.711569324192442e-07,1.0005454200859313e-06,0.000878155414729787,0.0010002726728677192,-0.13906110022165996,-2.2938848766668707e-07,0.03642835661355149,0.4246031746031746,0.5198412698412699,1.0,5.110364621717162e-07,5.344756898518626e-07,0.01056798020261836
2026-01-26,2025-01-21,1.7812770448162365e-06,2.530611532936813e-06,0.004152556039348492,2026-01-22,250,42685,280,100.0,1.1232215376962994e-06,1.4405191282828793e-06,1.1232215376962994e-06,1.4405191282828793e-06,0.0010598214650101682,0.0012002162839600532,-0.1324702542692302,-3.172975905865799e-07,0.03633192924739028,0.30357142857142855,0.30357142857142855,1.0,6.224371580641459e-07,6.109519524141624e-07,0.010564146946592575
2026-01-27,2025-01-22,1.252277617768312e-06,1.1245082835186799e-06,0.004032731686308288,2026-01-23,250,42871,198,100.0,7.701288691703834e-07,7.324717353705651e-07,7.701288691703834e-07,7.324717353705651e-07,0.0008775698656918339,0.0008558456258990667,0.02475499745611809,3.765713379981828e-08,0.03604259134692934,0.48484848484848486,0.5,1.0,1.5497356923509547e-07,2.3228717394021138e-07,0.010510771873601544
2026-01-28,2025-01-23,1.044658701781991e-06,1.6934578039447682e-06,0.003988074495682815,2026-01-26,250,42982,246,100.0,5.543698197868812e-07,8.850712110503413e-07,5.543698197868812e-07,8.850712110503413e-07,0.000744560151892969,0.0009407822335962458,-0.2635409391765082,-3.307013912634601e-07,0.03604259134692935,0.5609756097560976,0.6585365853658537,1.0,1.51243405702013e-07,2.2039779022603505e-07,0.010469060662266896
2026-01-29,2025-01-24,5.277049190017089e-06,7.965229593618866e-06,0.004016534082046483,2026-01-27,250,43005,146,100.0,2.1134733591079613e-06,3.21486595736873e-06,2.1134733591079613e-06,3.21486595736873e-06,0.0014537789925253293,0.0017930047287636277,-0.23334065080211164,-1.1013925982607686e-06,0.036139046615873194,0.4931506849315068,0.6027397260273972,1.0,8.736299549200385e-08,1.724982352759469e-07,0.010470114463202092
2026-01-30,2025-01-27,2.1099557158783806e-05,1.5200742972029167e-05,0.003987920086727583,2026-01-28,250,43079,238,100.0,1.0542097967573063e-05,7.696758205258039e-06,1.0542097967573063e-05,7.696758205258039e-06,0.0032468597086374187,0.002774303192741925,0.14554263451493799,2.845339762315024e-06,0.03604259134692935,0.39915966386554624,0.35714285714285715,1.0,6.713027887987926e-07,6.808374883582078e-07,0.01049093279926229
2026-02-02,2025-01-28,6.460666055050304e-06,5.31460675984783e-06,0.003969477416371203,2026-01-29,250,43043,282,100.0,3.5225661055597902e-06,3.094960342842435e-06,3.5225661055597902e-06,3.094960342842435e-06,0.001876850048767826,0.0017592499375706783,0.06265823488368372,4.2760576271735504e-07,0.03604259134692934,0.4219858156028369,0.4078014184397163,1.0,1.469436020373648e-06,1.5438821237302311e-06,0.010522315996358222
2026-02-03,2025-01-29,1.838544188479226e-06,2.2507821209272767e-06,0.0038146735306099798,2026-01-30,250,43217,83,0.01,1.2127099259830037e-06,1.4351432171926202e-06,1.2127099259830037e-06,1.4351432171926202e-06,0.0011012310956302514,0.001197974631280905,-0.0878503486094222,-2.2243329120961645e-07,0.03623549258209542,0.40963855421686746,0.3132530120481928,1.0,6.579931933158977e-07,7.121905525187201e-07,0.010470265023511312
2026-02-04,2025-01-30,5.292827709042198e-06,4.892718998620957e-06,0.003822176042748997,2026-02-02,250,43365,227,1.0,2.429493462276315e-06,2.3889917921605417e-06,2.429493462276315e-06,2.3889917921605417e-06,0.001558683246293587,0.0015456363712595992,0.008370446699168754,4.0501670115773094e-08,0.036235492582095415,0.3964757709251101,0.44493392070484583,1.0,4.4225402235670814e-07,6.513303727514478e-07,0.010559550708453587
2026-02-05,2025-01-31,2.354684369205548e-06,2.807415923771246e-06,0.003725270353358168,2026-02-03,250,43294,243,1.0,3.588406740711742e-06,3.646357420343312e-06,3.588406740711742e-06,3.646357420343312e-06,0.0018943090404450226,0.0019095437728272456,-0.008042369041665998,-5.795067963156983e-08,0.03623549258209542,0.32510288065843623,0.2757201646090535,1.0,4.6258550985692235e-06,4.351830951551641e-06,0.010610948862559935
2026-02-06,2025-02-03,4.1208853930303116e-06,2.515853370291003e-06,0.0037331013736363297,2026-02-04,250,43339,282,0.01,4.326752283348964e-06,3.0648254163752967e-06,4.326752283348964e-06,3.0648254163752967e-06,0.0020800846817735485,0.0017506642786026384,0.15836874626182784,1.261926866973667e-06,0.03604259134692934,0.29432624113475175,0.23404255319148937,1.0,4.474876021505067e-06,3.4598174983139964e-06,0.010745147722912546
2026-02-09,2025-02-04,5.793616772257924e-07,3.890892104751984e-07,0.003703437365166116,2026-02-05,250,43399,282,100.0,5.011317493521684e-07,4.741099059399086e-07,5.011317493521684e-07,4.741099059399086e-07,0.000707906596488667,0.0006885563927086209,0.027334402414140757,2.7021843412259778e-08,0.0361390466158732,0.475177304964539,0.45390070921985815,1.0,4.495920321648394e-07,5.301235405990118e-07,0.010542884654368536
2026-02-10,2025-02-05,4.932262473681195e-07,5.974053676972806e-07,0.004697400043696744,2026-02-06,250,43614,119,0.01,3.207848390580818e-07,4.3366486984548485e-07,3.207848390580818e-07,4.3366486984548485e-07,0.0005663787063953604,0.0006585323605150205,-0.16270677742487782,-1.1288003078740304e-07,0.03623549258209542,0.5630252100840336,0.6218487394957983,1.0,2.6850620347789963e-08,1.5456174850719678e-07,0.010492293392895742
2026-02-11,2025-02-06,8.371350254060089e-07,9.61752566496807e-07,0.003800058462437882,2026-02-09,250,43732,255,0.01,4.095770386981955e-07,5.229134326315523e-07,4.095770386981955e-07,5.229134326315523e-07,0.0006399820612315594,0.0007231275355229894,-0.1299184451067701,-1.1333639393335685e-07,0.03623549258209542,0.43137254901960786,0.5843137254901961,1.0,4.7082223880701494e-08,1.5085416696318433e-07,0.010520035542969429
2026-02-12,2025-02-07,4.452601926998799e-06,4.656975727981569e-06,0.003774954627949183,2026-02-10,250,43733,205,100.0,2.87344598917567e-06,3.0108064355090153e-06,2.87344598917567e-06,3.0108064355090153e-06,0.001695124181048595,0.0017351675525749712,-0.023622677308281714,-1.373604463333452e-07,0.036331929247390274,0.3951219512195122,0.40487804878048783,1.0,8.951627264082337e-07,9.485723768071339e-07,0.010522468061737674
2026-02-13,2025-02-10,1.3740290848767887e-06,8.054366962745352e-07,0.003973560539487259,2026-02-11,250,43836,338,0.01,1.2535919805324007e-06,9.312243537067168e-07,1.2535919805324007e-06,9.312243537067168e-07,0.0011196392189149148,0.0009649996651329558,0.13811552075839761,3.2236762682568397e-07,0.036331929247390274,0.47633136094674555,0.39349112426035504,1.0,1.1400765488514834e-06,1.049782835424405e-06,0.010687579080247185
2026-02-17,2025-02-11,1.942145893734868e-06,1.7717235396792834e-06,0.004065994213777465,2026-02-12,250,43896,86,0.01,1.0207702545891713e-06,9.625524342394168e-07,1.0207702545891713e-06,9.625524342394168e-07,0.0010103317547168213,0.0009810975661163454,0.028935236830866295,5.8217820349754496e-08,0.0361390466158732,0.29069767441860467,0.37209302325581395,1.0,1.8129467225642537e-07,2.253076492830937e-07,0.010680054272093878
2026-02-18,2025-02-12,1.8215208160535612e-06,1.8207845051394418e-06,0.003941185387297257,2026-02-13,250,44170,272,0.01,9.371505649550881e-07,9.882788701074056e-07,9.371505649550881e-07,9.882788701074056e-07,0.0009680653722528702,0.0009941221605554347,-0.0269163519834672,-5.112830515231749e-08,0.036235492582095415,0.5992647058823529,0.5808823529411765,1.0,5.278031385661516e-08,1.5577323507536905e-07,0.01066284982060482
2026-02-19,2025-02-13,3.4746730356958264e-05,3.6776663604711073e-05,0.00393417817287687,2026-02-17,250,44127,109,0.01,3.4746730356958264e-05,3.6776663604711073e-05,3.4746730356958264e-05,3.6776663604711073e-05,0.005894635727248823,0.006064376604788911,-0.02879582138645742,-2.0299332477528097e-06,0.036331929247390274,0.009174311926605505,0.0,1.0,,,
2026-02-20,2025-02-14,3.2726588023459885e-05,2.3640375845424672e-05,0.003991096784097017,2026-02-18,250,44278,87,0.01,3.2726588023459885e-05,2.3640375845424672e-05,3.2726588023459885e-05,2.3640375845424672e-05,0.005720715691542439,0.004862136962840997,0.1500823979018523,9.086212178035213e-06,0.03623549258209543,0.0,0.0,1.0,,,
2026-02-23,2025-02-18,2.810952428947658e-06,3.671507045013418e-06,0.003930758182780256,2026-02-19,250,44241,206,100.0,2.0163925990197543e-06,2.625243558410724e-06,2.0163925990197543e-06,2.625243558410724e-06,0.001419997394018649,0.0016202603366159167,-0.14103050008459217,-6.088509593909695e-07,0.03623549258209542,0.3737864077669903,0.3932038834951456,1.0,9.077044642366335e-07,1.165341018965104e-06,0.010561082343385115
2026-02-24,2025-02-19,1.6087724669730033e-05,1.7144740570964586e-05,0.003907130513186566,2026-02-20,250,44261,168,0.01,1.6797874988986463e-05,1.776140330539935e-05,1.6797874988986463e-05,1.776140330539935e-05,0.004098521073385675,0.004214427992669865,-0.028280181365138768,-9.635283164128862e-07,0.036235492582095415,0.10119047619047619,0.08928571428571429,1.0,1.7678461384864443e-05,1.8526065096098466e-05,0.01067003766174768
2026-02-25,2025-02-20,1.2503149627223076e-05,8.761606197390189e-06,0.003821562431101641,2026-02-23,250,44301,203,0.01,1.8538375851013003e-05,1.2756974590199178e-05,1.8538375851013003e-05,1.2756974590199178e-05,0.00430562142448834,0.003571690718721202,0.17045871743225893,5.781401260813824e-06,0.036235492582095415,0.10837438423645321,0.10837438423645321,1.0,2.344199715784232e-05,1.600321140935648e-05,0.010593041390848908
2026-02-26,2025-02-21,8.232532252965513e-07,5.992164336790006e-07,0.0037924370054333956,2026-02-24,250,44301,251,100.0,6.463991662944458e-07,5.782964929840868e-07,6.463991662944458e-07,5.782964929840868e-07,0.000803989531209484,0.0007604580810170188,0.054144299773379534,6.8102673310359e-08,0.03623549258209542,0.5258964143426295,0.4342629482071713,1.0,4.869625524970933e-07,5.594368494788237e-07,0.010504403087354827
2026-02-27,2025-02-24,0.00014687064674557065,0.0001505618688261711,0.003810221652317273,2026-02-25,250,44315,164,0.01,7.735048045239553e-05,7.927010239187442e-05,7.735048045239553e-05,7.927010239187442e-05,0.008794912191283977,0.008903375898605787,-0.012332551475533915,-1.9196219394788873e-06,0.036139046615873194,0.15853658536585366,0.1524390243902439,1.0,7.000406932537592e-07,6.663599130344994e-07,0.010563074133178587
2026-03-02,2025-02-25,0.0001549193454608111,0.00010793992690895212,0.003936709819062759,2026-02-26,250,44372,217,0.01,7.504203356634627e-05,5.348398932140672e-05,7.504203356634627e-05,5.348398932140672e-05,0.008662680506999336,0.007313274869810838,0.15577229658859004,2.1558044244939546e-05,0.03604259134692934,0.0,0.009216589861751152,1.0,5.493684416855352e-06,6.069767801216321e-06,0.010614042478753334
2026-03-03,2025-02-26,1.5477199757062768e-06,2.682852492279148e-06,0.003928679359323058,2026-02-27,250,44466,116,100.0,2.354487912562655e-06,2.4939895082007966e-06,2.354487912562655e-06,2.4939895082007966e-06,0.0015344340691481845,0.0015792370019097185,-0.029198343325631315,-1.3950159563814156e-07,0.03652477468237227,0.27586206896551724,0.29310344827586204,1.0,2.7955210513774756e-06,2.3907444102379644e-06,0.010608011597074503
2026-03-04,2025-02-27,1.8359249404035116e-06,1.5788109813338936e-06,0.003943127962085306,2026-03-02,250,44515,227,0.01,1.8247585523112044e-06,1.3409095257170935e-06,1.8247585523112044e-06,1.3409095257170935e-06,0.001350836241855838,0.0011579764789135802,0.1427706460387076,4.838490265941109e-07,0.036428356613551496,0.4801762114537445,0.42731277533039647,1.0,1.8154832460732396e-06,1.143297832745074e-06,0.010702345920362174
2026-03-05,2025-02-28,1.1815791138298896e-05,1.0571069946876939e-05,0.003961602925491393,2026-03-03,250,44501,207,0.01,7.727808946557341e-06,7.2265991828822485e-06,7.727808946557341e-06,7.2265991828822485e-06,0.002779893693391411,0.0026882334688196723,0.03297256466664211,5.012097636750924e-07,0.03642835661355149,0.19806763285024154,0.2028985507246377,1.0,2.5167547241175574e-06,2.963317769438471e-06,0.010627365609446384
2026-03-06,2025-03-03,2.0103931083589423e-06,3.3205325262951675e-06,0.003995543432325484,2026-03-04,250,44558,238,0.01,1.667597022479194e-06,2.7333970060300293e-06,1.667597022479194e-06,2.7333970060300293e-06,0.0012913547237220276,0.0016532988253882084,-0.280282477786554,-1.0657999835508353e-06,0.03633192924739029,0.23949579831932774,0.2815126050420168,1.0,1.4972769546521494e-06,2.441675584011502e-06,0.010686951607931778
2026-03-09,2025-03-04,5.8546785181741604e-05,6.581965291751019e-05,0.004039462440767497,2026-03-05,250,44624,181,0.01,0.0001285316768199729,0.00013337443672911193,0.0001285316768199729,0.00013337443672911193,0.011337181167290787,0.011548785075890534,-0.01866459620582339,-4.842759909139024e-06,0.036235492582095415,0.0,0.0055248618784530384,1.0,0.00019188642082931904,0.00019452929365329873,0.01082888693893334
2026-03-10,2025-03-05,6.525549104786742e-05,4.126166755332043e-05,0.004001847006310606,2026-03-06,250,44766,102,100.0,0.0001681323162002585,0.00010654448807012932,0.0001681323162002585,0.00010654448807012932,0.012966584600435788,0.010322038949264303,0.20395082688795363,6.158782813012919e-05,0.03642835661355149,0.0,0.0,1.0,0.0002130503666189081,0.00013504825477465152,0.010734850428295513
2026-03-11,2025-03-06,4.919385638979996e-06,5.50901429079671e-06,0.00398727140282943,2026-03-09,250,44787,251,100.0,3.7303787857392708e-06,3.992732389778264e-06,3.7303787857392708e-06,3.992732389778264e-06,0.0019314188530039958,0.0019981822714102595,-0.03456703257422622,-2.623536040389928e-07,0.03642835661355149,0.3904382470119522,0.5139442231075697,1.0,2.6058916842247867e-06,2.5587293516057806e-06,0.010752129419061403
2026-03-12,2025-03-07,1.6403804866893365e-06,3.4172699666523526e-06,0.003987577163452321,2026-03-10,250,44791,240,0.01,1.6121505973587022e-06,3.4678754465248025e-06,1.6121505973587022e-06,3.4678754465248025e-06,0.001269704925310878,0.0018622232536741675,-0.46665828930152076,-1.8557248491661003e-06,0.03642835661355149,0.3541666666666667,0.4041666666666667,1.0,1.5866092689166996e-06,3.513661356885591e-06,0.010765642511791582
2026-03-13,2025-03-10,0.00012800393795698426,0.00013584407878427843,0.0040663121676571806,2026-03-11,250,44897,197,0.01,9.178448623735753e-05,9.770733549964023e-05,9.178448623735753e-05,9.770733549964023e-05,0.009580422028144561,0.00988470209463291,-0.03176061196411384,-5.922849262282693e-06,0.03652477468237227,0.005076142131979695,0.0,1.0,2.7507712763090407e-05,3.002804460014158e-05,0.010931638290844667
2026-03-16,2025-03-11,0.00010636322110949715,6.815369218582215e-05,0.004158004158004158,2026-03-12,250,44963,146,0.01,8.868698249181032e-05,5.685945216530974e-05,8.868698249181032e-05,5.685945216530974e-05,0.009417376624719346,0.007540520682639213,0.19929710968059178,3.182753032650058e-05,0.03652477468237227,0.00684931506849315,0.0,1.0,2.3113839232649426e-05,1.4961464992441047e-05,0.01099386522520346
2026-03-17,2025-03-12,2.7858144868418808e-06,1.0104899004125016e-06,0.004113598607705087,2026-03-13,250,45128,169,100.0,1.0045976820468618e-06,5.668240668222198e-07,1.0045976820468618e-06,5.668240668222198e-07,0.0010022962047453146,0.0007528771923907776,0.24884760729779964,4.37773615224642e-07,0.036524774682372266,0.3727810650887574,0.3136094674556213,1.0,4.3405167426095755e-07,4.247123545003328e-07,0.01088310987549138
2026-03-18,2025-03-13,6.088020752306756e-05,6.593317248394109e-05,0.004090783935806161,2026-03-16,250,45104,224,0.01,4.1690322290185515e-05,4.514067138589938e-05,4.1690322290185515e-05,4.514067138589938e-05,0.006456804340398237,0.006718680777198704,-0.04055821161592066,-3.4503490957138664e-06,0.036524774682372266,0.0,0.004464285714285714,1.0,2.7297908365523967e-05,2.9546295562368106e-05,0.010854555076849683
2026-03-19,2025-03-14,1.3002446651450023e-05,6.823431220137068e-06,0.004160998639673522,2026-03-17,250,45145,202,0.01,2.5046994530726182e-05,1.6450334566789285e-05,2.5046994530726182e-05,1.6450334566789285e-05,0.0050046972466599995,0.004055901202789497,0.18958110692983554,8.596659963936897e-06,0.036621183455645294,0.10891089108910891,0.01485148514851485,1.0,3.6623792977797444e-05,2.570337758929967e-05,0.01100815959360779
2026-03-20,2025-03-17,1.734473576449795e-05,1.1834723441548172e-05,0.004177377892030849,2026-03-18,250,45217,249,100.0,1.2697476869082664e-05,9.687638602093824e-06,1.2697476869082664e-05,9.687638602093824e-06,0.003563351914852456,0.0031124971649937007,0.1265254627193968,3.0098382669888407e-06,0.0366211834556453,0.12449799196787148,0.08835341365461848,1.0,7.5382318241724715e-06,7.304010517614845e-06,0.011035354652925131
2026-03-23,2025-03-18,2.290133536327774e-06,2.2882993280689433e-06,0.004193717488608411,2026-03-19,250,45354,256,0.01,1.227653995141088e-06,1.5280989213193209e-06,1.227653995141088e-06,1.5280989213193209e-06,0.0011079954851627727,0.0012361629833154367,-0.11567510867053343,-3.004449261782329e-07,0.036717582935162765,0.3828125,0.4921875,1.0,2.7535751748487326e-07,8.467341123066963e-07,0.011382885424857764
2026-03-24,2025-03-19,2.5419432143668226e-05,2.8939716724217392e-05,0.004135353294365582,2026-03-20,250,45452,148,0.01,1.549036655191165e-05,1.8882753666660713e-05,1.549036655191165e-05,1.8882753666660713e-05,0.003935780297718821,0.004345429054381248,-0.1040832378016272,-3.392387114749064e-06,0.03671758293516276,0.033783783783783786,0.006756756756756757,1.0,7.05066079891856e-06,1.033433506773754e-05,0.011264606793005586
2026-03-25,2025-03-20,2.380688031059413e-05,1.6966093367817882e-05,0.0041328882530599275,2026-03-23,250,45550,221,0.01,1.4372620317737603e-05,9.734276490850005e-06,1.4372620317737603e-05,9.734276490850005e-06,0.0037911238858335406,0.003119980206804204,0.17703026839540348,4.638343826887599e-06,0.03671758293516275,0.17194570135746606,0.02262443438914027,1.0,5.986611435198472e-06,3.3059948224341135e-06,0.01130254753666677
2026-03-26,2025-03-21,1.140090060146988e-06,2.9882398722577003e-06,0.004116855355870476,2026-03-24,250,45541,215,100.0,8.938133424796404e-07,2.736352512502079e-06,8.938133424796404e-07,2.736352512502079e-06,0.000945417020409322,0.0016541924049221358,-0.7496960274799651,-1.8425391700224387e-06,0.0366211834556453,0.3627906976744186,0.386046511627907,1.0,7.535974010339978e-07,2.5929421908893894e-06,0.011239910477756462
2026-03-27,2025-03-24,1.5491388098375743e-06,4.344080584107232e-06,0.004112459962829689,2026-03-25,250,45599,180,0.01,1.4726475379326617e-06,3.9709923809527965e-06,1.4726475379326617e-06,3.9709923809527965e-06,0.0012135269003745494,0.0019927348998180355,-0.6421019585169372,-2.498344843020135e-06,0.036621183455645294,0.4444444444444444,0.5611111111111111,1.0,1.2362199702265681e-06,2.8178106621118167e-06,0.011444291494210111
2026-03-30,2025-03-25,9.425555546675727e-06,1.1041202776481632e-05,0.004180064308681673,2026-03-26,250,45701,175,0.01,1.49136588076382e-05,1.738549430142072e-05,1.49136588076382e-05,1.738549430142072e-05,0.0038618206596938444,0.004169591622859572,-0.07969581974066275,-2.4718354937825217e-06,0.036621183455645294,0.16,0.12571428571428572,1.0,2.072459167218671e-05,2.4102979445473877e-05,0.01164282357394061
2026-03-31,2025-03-26,0.00017309687121400057,0.0001646020570168243,0.004216843044236305,2026-03-27,250,45802,93,100.0,0.00011427552820016721,0.00010252682964678599,0.00011427552820016721,0.00010252682964678599,0.010689973255353225,0.010125553300772555,0.05279900530134862,1.174869855338122e-05,0.03642835661355149,0.0,0.0,1.0,7.877989017457812e-05,6.506764071659044e-05,0.011681880469009604
2026-04-01,2025-03-27,0.00017902971810481035,0.00012189013669911987,0.004097876196855667,2026-03-30,250,45870,193,100.0,0.000113869462212943,7.556921261101359e-05,0.000113869462212943,7.556921261101359e-05,0.010670963509118706,0.00869305542436108,0.18535421689591913,3.830024960192941e-05,0.036331929247390274,0.0051813471502590676,0.015544041450777202,1.0,7.061653373299662e-05,4.482170265597754e-05,0.011351905157302333
2026-04-02,2025-03-28,2.38245667480954e-05,2.3532933456019526e-05,0.0040683800805852224,2026-03-31,250,45849,200,0.01,8.292910785460646e-06,8.41598165602378e-06,8.292910785460646e-06,8.41598165602378e-06,0.002879741444203046,0.0029010311366863646,-0.007392918043449548,-1.2307087056313475e-07,0.036331929247390274,0.245,0.26,1.0,2.9175468349728753e-07,6.284610317835504e-07,0.011267013613332516
2026-04-06,2025-03-31,8.536794512352158e-05,7.897935008155635e-05,0.004063769928102533,2026-04-01,250,45915,211,0.01,3.004435089332553e-05,2.796366358529844e-05,3.004435089332553e-05,2.796366358529844e-05,0.005481272743927776,0.005288068039019396,0.035248146540858505,2.080687308027092e-06,0.03642835661355149,0.1895734597156398,0.2843601895734597,1.0,1.6153357190575703e-07,4.077453318452488e-07,0.011256877544485611
2026-04-07,2025-04-01,5.651224969099906e-05,4.0341106958859506e-05,0.004017615699605965,2026-04-02,250,46082,72,0.01,1.9944739240404633e-05,1.55913305730679e-05,1.9944739240404633e-05,1.55913305730679e-05,0.004465953340598694,0.003948585895364048,0.11584703327090506,4.353408667336734e-06,0.03652477468237227,0.2638888888888889,0.19444444444444445,1.0,1.6609840151074216e-06,3.2164423801720923e-06,0.011203918473889489
2026-04-08,2025-04-02,3.5286823864436878e-06,1.704087615789813e-06,0.004102564102564102,2026-04-06,250,46183,212,0.01,3.2605062379189427e-06,2.1207933095425757e-06,3.2605062379189427e-06,2.1207933095425757e-06,0.0018056871927105598,0.0014562943759908488,0.193495760578126,1.139712928376367e-06,0.03642835661355149,0.5188679245283019,0.4669811320754717,1.0,3.0979752388130373e-06,2.3733422148472814e-06,0.011198989715117865
2026-04-09,2025-04-03,5.537034184699104e-05,5.694075070086274e-05,0.004016994978756277,2026-04-07,250,46085,182,0.01,2.5197456782212938e-05,2.697007232299908e-05,2.5197456782212938e-05,2.697007232299908e-05,0.005019706842258115,0.005193271832188171,-0.03457671839895293,-1.7726155407861404e-06,0.036235492582095415,0.01098901098901099,0.01098901098901099,1.0,8.434742857336214e-06,1.031969544640816e-05,0.01092084140767149
2026-04-10,2025-04-04,5.582212519476274e-05,3.844754291940715e-05,0.003992475718837575,2026-04-08,250,46127,192,0.01,3.19958357620619e-05,2.184808180245644e-05,3.19958357620619e-05,2.184808180245644e-05,0.005656486167406573,0.004674193171281696,0.17365780929245078,1.0147753959605462e-05,0.036139046615873194,0.020833333333333332,0.026041666666666668,1.0,1.7379708631077358e-05,1.1665219100461464e-05,0.010858198879263436
2026-04-13,2025-04-07,9.33631084261499e-07,1.4867328398827497e-06,0.003992628992628992,2026-04-09,250,46199,268,100.0,7.716650134699258e-07,1.0673300075749622e-06,7.716650134699258e-07,1.0673300075749622e-06,0.0008784446558946817,0.0010331166476129218,-0.17607482802739471,-2.9566499410503637e-07,0.03623549258209542,0.5708955223880597,0.5746268656716418,1.0,6.047908799270927e-07,6.352179985305753e-07,0.010865390162776321
2026-04-14,2025-04-08,1.0939825917820082e-06,1.6924777469010386e-06,0.004012345679012346,2026-04-10,250,46247,79,0.01,6.2582118916917e-07,8.530747468256448e-07,6.2582118916917e-07,8.530747468256448e-07,0.0007910886101879927,0.0009236204560454716,-0.16753097459712407,-2.272535576564749e-07,0.03642835661355149,0.5063291139240507,0.5822784810126582,1.0,2.7209924052835883e-07,2.1885914676868048e-07,0.010760236117184081
2026-04-15,2025-04-09,2.8686183010548447e-06,3.2582058731284187e-06,0.004018081366147666,2026-04-13,250,46467,250,0.01,1.5494168405279173e-06,1.6527883549016456e-06,1.5494168405279173e-06,1.6527883549016456e-06,0.0012447557352862116,0.0012856081653838565,-0.03281963596516513,-1.0337151437372824e-07,0.03642835661355149,0.428,0.44,1.0,4.4361561626269846e-07,3.070707293292037e-07,0.010630702992252973
2026-04-16,2025-04-10,1.279040280555306e-06,7.346268791505585e-07,0.003903464324588072,2026-04-14,250,46440,253,100.0,6.755340155668731e-07,4.839288230808119e-07,6.755340155668731e-07,4.839288230808119e-07,0.0008219087635296712,0.0006956499285422316,0.1536166063557024,1.9160519248606116e-07,0.03642835661355149,0.5889328063241107,0.4980237154150198,1.0,1.7261212807651203e-07,2.75013776356023e-07,0.010547472640512045
2026-04-17,2025-04-11,4.194035439584735e-07,6.016994607805322e-07,0.003948367501898253,2026-04-15,250,46545,292,0.01,7.215713909832994e-07,6.50716222989246e-07,7.215713909832994e-07,6.50716222989246e-07,0.0008494535837721207,0.000806669835179949,0.050366199412785306,7.085516799405333e-08,0.03633192924739028,0.4794520547945205,0.5171232876712328,1.0,1.0729814056714302e-06,7.077209020023426e-07,0.010521617307527865
2026-04-20,2025-04-14,1.100380946916882e-06,1.9077008086572547e-06,0.003848573437442179,2026-04-16,250,46645,338,0.01,7.930160062920048e-07,1.1676389229286835e-06,7.930160062920048e-07,1.1676389229286835e-06,0.0008905144615849901,0.0010805734232011647,-0.21342602485971596,-3.7462291663667877e-07,0.036331929247390274,0.39644970414201186,0.4230769230769231,1.0,4.92840888839639e-07,4.4488842633996177e-07,0.010395975441462244
2026-04-21,2025-04-15,4.953677194153267e-07,1.1144733043645456e-06,0.0038088262223036073,2026-04-17,250,46770,168,100.0,5.995174103273351e-07,9.565203783214686e-07,5.995174103273351e-07,9.565203783214686e-07,0.0007742850962838785,0.0009780185981470232,-0.26312465891562153,-3.5700296799413345e-07,0.03642835661355149,0.4107142857142857,0.5595238095238095,1.0,6.815075925346608e-07,8.321744578194718e-07,0.010416804944124619
2026-04-22,2025-04-16,7.49720609727168e-07,5.027490433021934e-07,0.00390727730397866,2026-04-20,250,47075,278,0.01,7.440556345712994e-07,5.742900886901232e-07,7.440556345712994e-07,5.742900886901232e-07,0.0008625865954043683,0.0007578192981774238,0.12145713576482264,1.6976554588117621e-07,0.03623549258209542,0.5971223021582733,0.5827338129496403,1.0,7.381407340409071e-07,6.489873566686971e-07,0.010485453357573003
2026-04-23,2025-04-17,4.360366106263662e-06,5.003418592260634e-06,0.0038071530548742555,2026-04-21,250,47042,214,0.01,2.9961177694845786e-06,3.499713389492537e-06,2.9961177694845786e-06,3.499713389492537e-06,0.0017309297413484403,0.0018707520919385703,-0.08077875563060388,-5.035956200079582e-07,0.036235492582095415,0.2897196261682243,0.3598130841121495,1.0,2.1146034595657867e-06,2.5280884892423823e-06,0.010380334922174885
2026-04-24,2025-04-21,4.9053646655118685e-06,3.0091863065387058e-06,0.0038035328969023155,2026-04-22,250,47119,217,0.01,1.1418211157938309e-05,9.6606959537116e-06,1.1418211157938309e-05,9.6606959537116e-06,0.003379084366797951,0.0031081660112856906,0.0801750788391783,1.7575152042267086e-06,0.036235492582095415,0.31797235023041476,0.3225806451612903,1.0,2.3501255308361052e-05,2.2000996746492888e-05,0.010420774931187801
2026-04-27,2025-04-22,2.429378363600043e-06,3.3667037324762497e-06,0.0038367889028259423,2026-04-23,250,47161,256,0.01,3.257943883721892e-06,2.49534262396821e-06,3.257943883721892e-06,2.49534262396821e-06,0.0018049775299770056,0.0015796653518920425,0.12482824541745596,7.62601259753682e-07,0.03623549258209542,0.33203125,0.265625,1.0,3.852954022332884e-06,1.8696000829590807e-06,0.010340642070762246
2026-04-28,2025-04-23,9.300417667050216e-07,4.3473908359006305e-07,0.0038862523821979744,2026-04-24,250,47315,185,0.01,1.5556132186291723e-06,1.1889948407337826e-06,1.5556132186291723e-06,1.1889948407337826e-06,0.0012472422453674236,0.001090410400140141,0.1257428906131075,3.666183778953897e-07,0.036139046615873194,0.5243243243243243,0.5351351351351351,1.0,2.2159386401046643e-06,1.985153695496597e-06,0.010322857502412016
2026-04-29,2025-04-24,8.789462658783677e-07,1.9016752718238386e-06,0.0038417494736064433,2026-04-27,250,47407,200,0.01,5.725362317375627e-07,1.1945366218632065e-06,5.725362317375627e-07,1.1945366218632065e-06,0.0007566612397483848,0.0010929485906771674,-0.4444358099281118,-6.220003901256439e-07,0.036139046615873194,0.565,0.61,1.0,2.0551761941506006e-07,3.475243927894832e-07,0.010373333895375795
2026-04-30,2025-04-25,4.6652067386803876e-07,5.419626254851157e-07,0.0038494281378391383,2026-04-28,250,47425,212,0.01,1.6111131429061033e-05,1.7207395512412876e-05,1.6111131429061033e-05,1.7207395512412876e-05,0.004013867390567485,0.004148179783038926,-0.033462090149533275,-1.0962640833518433e-06,0.036139046615873194,0.3160377358490566,0.4009433962264151,1.0,3.1176312156283916e-05,3.325559014426924e-05,0.010374937463110264
2026-05-04,2025-04-28,6.45299924135315e-06,4.21887085601128e-06,0.003712429499535946,2026-04-29,250,47416,144,100.0,1.4110714856633636e-05,8.268642908985912e-06,1.4110714856633636e-05,8.268642908985912e-06,0.0037564231466427787,0.002875524805837347,0.23450455564163886,5.842071947647724e-06,0.036139046615873194,0.1875,0.1527777777777778,1.0,2.220601422135872e-05,1.2549830507844807e-05,0.01024435995282037
2026-05-05,2025-04-29,1.8714246632379802e-06,1.1254804877805706e-06,0.003756818263916484,2026-04-30,250,47408,125,100.0,1.0508702448432963e-06,7.26485444155501e-07,1.0508702448432963e-06,7.26485444155501e-07,0.0010251196246503606,0.0008523411547939598,0.16854469049437104,3.2438480068779524e-07,0.036331929247390295,0.392,0.408,1.0,7.189605924589295e-07,5.650941905543493e-07,0.010282026712719878
2026-05-06,2025-04-30,9.698178058094803e-06,1.0834240174352266e-05,0.0036596523330283616,2026-05-04,250,47474,184,0.01,9.463423560718933e-06,1.0582739026604654e-05,9.463423560718933e-06,1.0582739026604654e-05,0.0030762677973022656,0.0032531122062733485,-0.057486675615876726,-1.1193154658857213e-06,0.03623549258209541,0.13043478260869565,0.11956521739130435,1.0,9.309035467850118e-06,1.0417337370878745e-05,0.010200198958232582
2026-05-07,2025-05-01,9.954135486850922e-06,6.871696951761111e-06,0.0036172654864178645,2026-05-05,250,47409,181,0.01,1.1156681431158995e-05,7.323071081129758e-06,1.1156681431158995e-05,7.323071081129758e-06,0.003340161886968803,0.0027061173443015656,0.18982449477699803,3.8336103500292375e-06,0.036235492582095415,0.143646408839779,0.07734806629834254,1.0,1.1915043738380302e-05,7.607721432983857e-06,0.010060365479743266
2026-05-08,2025-05-02,2.0517102688561413e-06,1.4075931319505195e-06,0.0036181463957695517,2026-05-06,250,47461,305,100.0,1.043140182518084e-06,7.117705126669666e-07,1.043140182518084e-06,7.117705126669666e-07,0.0010213423434471342,0.000843664929143654,0.17396460201953523,3.3136966985111734e-07,0.03623549258209541,0.5901639344262295,0.5573770491803278,1.0,2.527987113525887e-07,1.6650600398862714e-07,0.010091306487328795
2026-05-11,2025-05-05,1.5997432665574143e-06,1.5544983206136755e-06,0.0035456157098049915,2026-05-07,250,47439,247,0.01,7.985098101188317e-07,6.79937408760651e-07,7.985098101188317e-07,6.79937408760651e-07,0.0008935937612354015,0.0008245831727367779,0.07722814492708163,1.1857240135818065e-07,0.03623549258209542,0.5060728744939271,0.46153846153846156,1.0,4.5578567268267494e-07,3.058477701645597e-07,0.010008673842900136
2026-05-12,2025-05-06,1.9323826504261447e-06,1.2573202862302673e-06,0.0044758780921142554,2026-05-08,250,47521,93,0.01,1.3117492405831576e-06,1.200769827854032e-06,1.3117492405831576e-06,1.200769827854032e-06,0.0011453162185977974,0.001095796435408526,0.043236778092514916,1.1097941272912569e-07,0.036331929247390274,0.6021505376344086,0.6774193548387096,1.0,6.497402700839715e-07,1.1404493389193807e-06,0.00998592993372109
2026-05-15,2025-05-07,1.656104275995678e-06,1.307138560403875e-06,0.003521008685154758,2026-05-11,250,47691,206,0.01,4.229657411500884e-06,3.968408281420637e-06,4.229657411500884e-06,3.968408281420637e-06,0.0020566130923197205,0.0019920864141448878,0.03137521511255725,2.612491300802465e-07,0.03623549258209542,0.38349514563106796,0.3300970873786408,1.0,7.12158825449127e-06,6.958907246274524e-06,0.009867540799550904
2026-05-18,2025-05-08,2.0727089921727393e-06,1.7624134393041109e-06,0.003497318722312894,2026-05-12,250,47593,219,100.0,3.889446688564954e-06,3.221573137869552e-06,3.889446688564954e-06,3.221573137869552e-06,0.001972168017326352,0.001794874128698041,0.08989796359676616,6.678735506954026e-07,0.036235492582095415,0.4885844748858447,0.4703196347031963,1.0,7.756502642314101e-06,6.327498781958846e-06,0.009987686188562847
2026-05-19,2025-05-09,8.83379709871247e-07,9.852348534036874e-07,0.003525382755842065,2026-05-15,250,47652,205,1.0,6.48284506308001e-07,8.017306126716505e-07,6.48284506308001e-07,8.017306126716505e-07,0.0008051611679086374,0.0008953941102507044,-0.11206817459471141,-1.534461063636495e-07,0.036139046615873194,0.4878048780487805,0.526829268292683,1.0,5.038953261667945e-07,6.890272207259902e-07,0.009994717389832796
2026-05-20,2025-05-12,1.7379386447160812e-05,1.748365779330872e-05,0.00351205806602669,2026-05-18,250,47658,213,100.0,1.9257104261279208e-05,2.0375583127369397e-05,1.9257104261279208e-05,2.0375583127369397e-05,0.00438829172472378,0.00451393211373071,-0.02863081966476111,-1.1184788660901884e-06,0.03604259134692934,0.03286384976525822,0.014084507042253521,1.0,2.104868823071327e-05,2.3134851336014433e-05,0.01006173660610851
2026-05-21,2025-05-13,2.5643299691030257e-05,1.7267905483097142e-05,0.003473945409429281,2026-05-19,250,47668,187,100.0,2.670824574337222e-05,1.7119381132679548e-05,2.670824574337222e-05,1.7119381132679548e-05,0.005168002103654005,0.004137557387237009,0.19938937634882659,9.588864610692673e-06,0.03584965289369723,0.03208556149732621,0.0374331550802139,1.0,2.7390184882152604e-05,1.7024273434605126e-05,0.00995966003372681
2026-05-22,2025-05-14,5.993928735243571e-07,8.115862798566224e-07,0.003442735827404178,2026-05-20,250,47844,258,100.0,3.7599838897544034e-07,5.159206997210275e-07,3.7599838897544034e-07,5.159206997210275e-07,0.0006131870750231452,0.0007182762001632989,-0.17138183340897561,-1.3992231074558716e-07,0.036139046615873194,0.5348837209302325,0.6162790697674418,1.0,1.383066574153929e-07,2.0133252245675448e-07,0.009939947759586383
2026-05-26,2025-05-15,8.686679737512529e-07,5.746513325327713e-07,0.003400038857586944,2026-05-21,250,47840,159,1.0,4.7406931835008483e-07,3.786858701994866e-07,4.7406931835008483e-07,3.786858701994866e-07,0.0006885269191179709,0.0006153745771475181,0.10624470872419023,9.538344815059823e-08,0.0361390466158732,0.5974842767295597,0.5094339622641509,1.0,1.4750491388015252e-07,2.165075565443544e-07,0.009901021940883003
2026-05-27,2025-05-16,2.547831956706834e-07,3.6102889468905146e-07,0.003405442220996984,2026-05-22,250,47948,245,1.0,3.099854346248296e-07,4.929927024805025e-07,3.099854346248296e-07,4.929927024805025e-07,0.0005567633560363232,0.0007021343906122976,-0.2611002196891894,-1.8300726785567288e-07,0.0361390466158732,0.5877551020408164,0.6408163265306123,1.0,3.572418967598185e-07,6.059617197565175e-07,0.009835726561771407
2026-05-28,2025-05-19,3.181274330441862e-06,3.2668653133749034e-06,0.0033778349686343894,2026-05-26,250,47895,201,100.0,3.405712681303234e-06,3.832208137258603e-06,3.405712681303234e-06,3.832208137258603e-06,0.0018454573095314977,0.00195760265050357,-0.0607683203468643,-4.264954559553691e-07,0.036139046615873194,0.25870646766169153,0.19900497512437812,1.0,3.5951468856999883e-06,4.3093782271420945e-06,0.009837430376036028
2026-05-29,2025-05-20,5.669952919397634e-06,5.171223094064688e-06,0.00335989248344053,2026-05-27,250,47940,193,100.0,4.88874579592459e-06,4.057251232258361e-06,4.88874579592459e-06,4.057251232258361e-06,0.0022110508352194418,0.0020142619572087344,0.08900242132658909,8.31494563666229e-07,0.036235492582095415,0.25906735751295334,0.19689119170984457,1.0,4.162223171094659e-06,3.021257400778476e-06,0.009783458786111851
2026-06-01,2025-05-21,5.028546410251164e-05,4.973961619195908e-05,0.0033647375504710633,2026-05-28,250,48062,111,100.0,3.585370433557191e-05,3.5606315132539324e-05,3.585370433557191e-05,3.5606315132539324e-05,0.005987796283740113,0.005967102741912471,0.0034559528826716424,2.473892030325882e-07,0.03623549258209542,0.009009009009009009,0.018018018018018018,1.0,5.7875381544474775e-06,6.1619379254148594e-06,0.009759144987309641
2026-06-02,2025-05-22,2.8144293112988078e-05,2.045837645695673e-05,0.003427899840031339,2026-05-29,250,48062,102,100.0,1.2512875730745376e-05,9.023874802444556e-06,1.2512875730745376e-05,9.023874802444556e-06,0.0035373543405694285,0.0030039764983176144,0.1507843972922298,3.4890009283008203e-06,0.0371030879515022,0.049019607843137254,0.029411764705882353,1.0,5.687890676526737e-06,4.031345911037835e-06,0.009732641653703163
2026-06-03,2025-05-23,0.00013657631407508632,0.0001353175450277246,0.003331218274111675,2026-06-01,250,47977,192,100.0,5.491923286005291e-05,5.456207141927672e-05,5.491923286005291e-05,5.456207141927672e-05,0.007410751167058094,0.007386614340770521,0.003257001313829666,3.571614407761901e-07,0.037006725629095676,0.052083333333333336,0.052083333333333336,1.0,2.5749500299032927e-06,2.7957421830921945e-06,0.009719443895888467
2026-06-04,2025-05-27,0.00010165244340987084,6.247848535291486e-05,0.003384258363952814,2026-06-02,250,47861,140,0.01,4.445736195819513e-05,2.8144592172099686e-05,4.445736195819513e-05,2.8144592172099686e-05,0.0066676354098132214,0.005305147705021952,0.20434346226939792,1.6312769786095445e-05,0.03710308795150221,0.04285714285714286,0.02142857142857143,1.0,5.17881204559856e-06,4.565894445515776e-06,0.009788128447178617
2026-06-05,2025-05-28,0.0001676122585186747,0.00016724255590737713,0.0033737107605307966,2026-06-03,250,47979,201,0.01,0.00011863978332233954,0.00011774136173847225,0.00011863978332233954,0.00011774136173847225,0.010892189096886794,0.010850869169724251,0.003793537441830974,8.984215838672938e-07,0.0371030879515022,0.0,0.0,1.0,8.348005754035529e-05,8.22020428479764e-05,0.009751281881942703
2026-06-08,2025-05-29,0.00020106098997909504,0.00011746045857694468,0.003416411791501269,2026-06-04,250,47932,176,0.01,0.00010523980331879819,6.010366084123473e-05,0.00010523980331879819,6.010366084123473e-05,0.010258645296470591,0.007752655083339818,0.24428081298345894,4.5136142477563455e-05,0.0371030879515022,0.005681818181818182,0.0,0.9943181818181818,6.826942421364431e-05,3.797387273848049e-05,0.010009623754321737
2026-06-09,2025-05-30,2.754346259908333e-06,1.6982937715169464e-06,0.003482125091198514,2026-06-05,250,47951,131,0.01,2.1650841348534455e-06,1.4499631283254035e-06,2.1650841348534455e-06,1.4499631283254035e-06,0.0014714224868654976,0.0012041441476523496,0.18164622438421374,7.151210065280419e-07,0.03729578474369689,0.6106870229007634,0.549618320610687,1.0,9.164096317609447e-07,9.237386701338024e-07,0.009987010632829198
2026-06-10,2025-06-02,1.5991742608950198e-06,2.1807132321730817e-06,0.0036138358286009293,2026-06-08,250,47959,190,0.01,1.443521595074835e-06,2.0142527526895725e-06,1.443521595074835e-06,2.0142527526895725e-06,0.0012014664352676837,0.0014192437256121911,-0.18125957076444443,-5.707311576147375e-07,0.03719944098910626,0.4421052631578947,0.5421052631578948,1.0,1.3587351836118073e-06,1.9235791581741653e-06,0.01001641408316939
2026-06-11,2025-06-03,0.0001719424940689371,0.00016929978667079023,0.0036010700322381497,2026-06-09,250,47913,151,0.01,8.428619869427933e-05,8.978870851757171e-05,8.428619869427933e-05,8.978870851757171e-05,0.00918075153210669,0.009475690397937856,-0.03212578673975819,-5.502509823292377e-06,0.03719944098910627,0.0,0.0,1.0,4.707362046918877e-05,5.6034005527997825e-05,0.010176857863611928
2026-06-12,2025-06-04,0.0001172939523238867,7.479577747549012e-05,0.003551736968507931,2026-06-10,250,47999,180,0.01,9.168751713440904e-05,5.208921357577033e-05,9.168751713440904e-05,5.208921357577033e-05,0.009575359895816399,0.007217285748518645,0.246264806018208,3.959830355863871e-05,0.0371030879515022,0.0,0.0,1.0,7.210612551892612e-05,3.472537059363169e-05,0.010006774560832791
2026-06-15,2025-06-05,5.660571646104311e-07,5.553974816349096e-07,0.0036066362106275548,2026-06-11,250,47999,237,100.0,8.01366323621847e-07,1.462863889705541e-06,8.01366323621847e-07,1.462863889705541e-06,0.0008951906632789727,0.001209489102764279,-0.3510966460866225,-6.61497566083694e-07,0.0371030879515022,0.5063291139240507,0.540084388185654,1.0,1.073041443571391e-06,2.5105751062961785e-06,0.009952946410515673
2026-06-16,2025-06-06,9.635526614508233e-06,1.0769771049392096e-05,0.003542271101814991,2026-06-12,250,48037,72,0.01,1.0814600279846314e-05,1.069152744277679e-05,1.0814600279846314e-05,1.069152744277679e-05,0.003288555956623867,0.0032697901221296743,0.005706405711720985,1.2307283706952465e-07,0.03719944098910626,0.25,0.2222222222222222,1.0,1.1368043020719293e-05,1.0654800851916543e-05,0.00978047772346091
2026-06-17,2025-06-09,1.0629045015429041e-05,8.388987449285296e-06,0.0035088891859377113,2026-06-15,250,48082,235,0.01,1.1695809977166822e-05,7.727682264539238e-06,1.1695809977166822e-05,7.727682264539238e-06,0.0034199137382639965,0.0027798709078910907,0.1871517469027748,3.968127712627584e-06,0.037199440989106256,0.11063829787234042,0.08936170212765958,1.0,1.2419686201203172e-05,7.278939460604412e-06,0.009839134780696493
2026-06-18,2025-06-10,5.129062005288641e-06,5.533380668677794e-06,0.0035478966041561084,2026-06-16,250,47986,240,100.0,2.395471072906449e-06,2.9179853548801823e-06,2.395471072906449e-06,2.9179853548801823e-06,0.0015477309433187829,0.0017082111564090028,-0.1036874101296339,-5.225142819737331e-07,0.03758476032727121,0.325,0.4125,1.0,1.5889667368465663e-07,7.78116461773046e-07,0.009963558086806303
2026-06-22,2025-06-11,5.427275649351697e-05,5.973972804693732e-05,0.0035233716989362795,2026-06-17,250,48165,225,0.01,3.438648546140646e-05,3.708409010090358e-05,3.438648546140646e-05,3.708409010090358e-05,0.005863999101415898,0.006089670771142195,-0.03848426062545052,-2.697604639497119e-06,0.03758476032727122,0.0044444444444444444,0.008888888888888889,1.0,1.847746863571803e-05,1.8959579744076594e-05,0.010077131263893722
2026-06-23,2025-06-12,8.608240706886907e-05,4.148610395674062e-05,0.0035352345038887584,2026-06-18,250,48233,138,0.01,4.636117342551095e-05,2.1273606497684158e-05,4.636117342551095e-05,2.1273606497684158e-05,0.006808903981222745,0.004612332002109579,0.3226028719410293,2.5087566927826792e-05,0.037777364334029936,0.043478260869565216,0.028985507246376812,1.0,8.877755762060332e-06,2.1998412898421433e-06,0.010108944236220257
2026-06-24,2025-06-13,1.2381902426596627e-06,1.5324559797830833e-06,0.003567787971457695,2026-06-22,250,48329,226,100.0,2.9414758371975163e-06,4.277511194107918e-06,2.9414758371975163e-06,4.277511194107918e-06,0.0017150731288191523,0.0020682144942215054,-0.20590455267962549,-1.3360353569104015e-06,0.03777736433402994,0.36283185840707965,0.3938053097345133,1.0,4.500415194910128e-06,6.789934610608615e-06,0.010257909157828732
2026-06-25,2025-06-16,1.3602139188094553e-05,1.1551408679288819e-05,0.003582639552340659,2026-06-23,250,48373,186,0.01,8.976961707163033e-06,5.975897935908759e-06,8.976961707163033e-06,5.975897935908759e-06,0.002996157824141284,0.0024445649788681746,0.1841000633640516,3.0010637712542733e-06,0.03777736433402994,0.3010752688172043,0.15591397849462366,1.0,6.121417349370526e-06,2.5336260856480254e-06,0.010262665702907642
2026-06-26,2025-06-17,4.689338903023251e-06,6.1096442135467065e-06,0.003816100308922408,2026-06-24,250,48468,176,0.01,3.3026143069053494e-06,4.627268157512517e-06,3.3026143069053494e-06,4.627268157512517e-06,0.0018173096342960792,0.0021511085880337416,-0.18367753487806548,-1.3246538506071675e-06,0.037681066967688484,0.42045454545454547,0.48295454545454547,1.0,2.40837134305362e-06,3.6713434110979453e-06,0.0102478510145717
2026-06-29,2025-06-18,1.2014245528517899e-05,9.935565436005598e-06,0.0037000493339911207,2026-06-25,250,48553,147,0.01,2.4857025684153635e-05,2.2119868446480435e-05,2.4857025684153635e-05,2.2119868446480435e-05,0.004985682068097968,0.00470317642093941,0.05666338994342124,2.7371572376732e-06,0.03758476032727121,0.2108843537414966,0.1564625850340136,1.0,3.448911080088044e-05,3.1258095704336564e-05,0.010322496879243886
2026-06-30,2025-06-20,2.0450869651247368e-06,1.526453371142501e-06,0.0037268403492581813,2026-06-26,250,48549,161,0.01,1.923678552602707e-05,9.732137102089573e-06,1.923678552602707e-05,9.732137102089573e-06,0.004385976006093407,0.003119637335026232,0.2887244867066894,9.504648423937498e-06,0.03796993125162867,0.4658385093167702,0.40372670807453415,1.0,3.944864734762846e-05,1.9379359866851672e-05,0.010155191632928473
2026-07-01,2025-06-23,1.0002593131374297e-05,1.1323208242956102e-05,0.0036286978158695045,2026-06-29,250,48525,228,0.01,4.44939854795594e-06,5.1958528552892426e-06,4.44939854795594e-06,5.1958528552892426e-06,0.002109359748349233,0.0022794413471921675,-0.08063185949008411,-7.464543073333023e-07,0.037969931251628675,0.37719298245614036,0.3815789473684211,1.0,6.238645016010711e-07,9.747858104520705e-07,0.010076726435180847
2026-07-02,2025-06-24,3.120222677934363e-05,1.4198428464400846e-05,0.003566818397988995,2026-06-30,250,48505,154,0.01,1.4418047184273829e-05,7.0332177302556206e-06,1.4418047184273829e-05,7.0332177302556206e-06,0.003797110372938062,0.0026520214422692022,0.3015685134753755,7.384829454018208e-06,0.03777736433402994,0.461038961038961,0.35064935064935066,1.0,1.4922996800246669e-06,1.5151818775230894e-06,0.010090373578631196
2026-07-06,2025-06-25,7.524877997478062e-06,9.359094177866174e-06,0.0034021320027217065,2026-07-01,250,48658,198,0.01,4.098461406764955e-06,5.171964622559567e-06,4.098461406764955e-06,5.171964622559567e-06,0.0020244657089624795,0.0022741953791527163,-0.12335584104223773,-1.073503215794612e-06,0.03748844441099159,0.32323232323232326,0.23737373737373738,1.0,1.1245904035045227e-06,1.5378521783311912e-06,0.010103650742501141
2026-07-07,2025-06-26,2.606396487113434e-05,2.1948758745058167e-05,0.0033582805603530994,2026-07-02,250,48639,77,0.01,1.4112988528275902e-05,1.2268163636137743e-05,1.4112988528275902e-05,1.2268163636137743e-05,0.003756725772301713,0.003502593844015852,0.06764718632367894,1.8448248921381585e-06,0.03796993125162867,0.1038961038961039,0.05194805194805195,1.0,3.619448324790445e-06,3.768128906353953e-06,0.0100162349590033
2026-07-08,2025-06-27,8.419391409703835e-05,7.704334743506512e-05,0.0033799008562415507,2026-07-06,250,48662,197,0.01,2.9695973557980773e-05,2.6923682350730084e-05,2.9695973557980773e-05,2.6923682350730084e-05,0.005449401210957106,0.005188803556768177,0.04782133744620343,2.7722912072506892e-06,0.03787365242808151,0.17258883248730963,0.03553299492385787,1.0,3.471400667005698e-06,2.8059487763132184e-06,0.01006405825788073
2026-07-09,2025-06-30,4.985860572083302e-06,1.856822656777947e-05,0.003350457895912441,2026-07-07,250,48542,172,100.0,4.318405544303323e-06,1.0631206064226877e-05,4.318405544303323e-06,1.0631206064226877e-05,0.002078077367256408,0.0032605530304270283,-0.5690238880431049,-6.312800519923554e-06,0.03796993125162867,0.06395348837209303,0.1569767441860465,1.0,3.942203619554607e-06,6.1576126894972345e-06,0.010095246847330295
2026-07-10,2025-07-01,3.0500239497884547e-05,9.109958145061205e-06,0.0033204730883562078,2026-07-08,250,48617,214,0.01,1.6510199620694208e-05,5.301172019617747e-06,1.6510199620694208e-05,5.301172019617747e-06,0.00406327449487408,0.002302427418968456,0.4333566629886746,1.1209027601076461e-05,0.03758476032727121,0.29906542056074764,0.03271028037383177,1.0,2.779234556044423e-06,1.5629189705713876e-06,0.0100105053810645
2026-07-13,2025-07-02,6.69557399453444e-05,5.901692716067575e-05,0.0033299505264493203,2026-07-09,250,48679,190,100.0,3.924365028752754e-05,3.5018389842146055e-05,3.924365028752754e-05,3.5018389842146055e-05,0.0062644752603492285,0.0059176338043297385,0.055366402069589205,4.225260445381483e-06,0.03777736433402994,0.015789473684210527,0.031578947368421054,1.0,1.4824086133609718e-05,1.3871163888194146e-05,0.009967543545930196
2026-07-14,2025-07-03,3.643783465153348e-05,1.923691471368063e-05,0.0033090668431502313,2026-07-10,250,48713,66,100.0,1.9983113977380026e-05,1.0274423633979882e-05,1.9983113977380026e-05,1.0274423633979882e-05,0.00447024764161674,0.003205374180026395,0.28295377862620663,9.708690343400144e-06,0.03816246109434891,0.13636363636363635,0.10606060606060606,1.0,6.2708467489188155e-06,2.805681067562593e-06,0.010044445186005845
2026-07-15,2025-07-07,3.002585763946718e-05,3.5207183012308924e-05,0.0033348154735437976,2026-07-13,250,48767,185,0.01,1.8469882607819955e-05,2.1679665008869126e-05,1.8469882607819955e-05,2.1679665008869126e-05,0.004297660131725164,0.0046561427178372795,-0.08341343315303384,-3.2097824010491704e-06,0.037681066967688484,0.08108108108108109,0.03783783783783784,1.0,2.6174553208167126e-06,3.122685183637618e-06,0.010008907598792277
2026-07-16,2025-07-08,5.657410958197137e-05,3.013798556013376e-05,0.0032061068702290063,2026-07-14,250,48676,218,0.01,2.5153803279464976e-05,1.3819003359208676e-05,2.5153803279464976e-05,1.3819003359208676e-05,0.005015356744984845,0.0037173920104299836,0.2587980876640079,1.13347999202563e-05,0.03758476032727121,0.38990825688073394,0.3165137614678899,1.0,8.860870295616667e-07,1.214911415404755e-06,0.009969392297399347
2026-07-17,2025-07-09,1.2914361311696843e-06,4.654680848424847e-06,0.003150693152493549,2026-07-15,250,48796,232,0.01,9.486755541094453e-07,2.648718533916084e-06,9.486755541094453e-07,2.648718533916084e-06,0.0009739997711033844,0.0016274884128361972,-0.6709330547301009,-1.7000429798066386e-06,0.037681066967688484,0.3620689655172414,0.5043103448275862,1.0,6.74998504208634e-07,1.047058701401335e-06,0.010023706575021314
2026-07-20,2025-07-10,5.119008497291164e-07,1.9704610204579916e-06,0.0031461616827470488,2026-07-16,250,48849,276,0.01,4.2434281166282534e-07,1.4034657944457733e-06,4.2434281166282534e-07,1.4034657944457733e-06,0.0006514160050711261,0.0011846796167934068,-0.8186222131033691,-9.79122982782948e-07,0.037777364334029936,0.4673913043478261,0.5942028985507246,1.0,3.121816885200558e-07,6.771495958350806e-07,0.010123904532551225
2026-07-21,2025-07-11,7.872448354106427e-07,1.0090797837717303e-06,0.0032150402645518858,2026-07-17,250,48944,164,0.01,5.404053195167733e-07,8.654358646881571e-07,5.404053195167733e-07,8.654358646881571e-07,0.0007351226561035739,0.0009302880546842237,-0.26548685033746566,-3.250305451713838e-07,0.037873652428081515,0.49390243902439024,0.5121951219512195,1.0,3.165276190548917e-07,7.351541706356138e-07,0.010140275438289154
2026-07-22,2025-07-14,4.6838933823021933e-07,1.3751169596806214e-06,0.0032037590773173856,2026-07-20,250,49029,259,100.0,3.122737506649106e-07,1.0605968550086662e-06,3.122737506649106e-07,1.0605968550086662e-06,0.0005588145941767364,0.0010298528317233809,-0.8429240081687437,-7.483231043437556e-07,0.03796993125162867,0.5598455598455598,0.7258687258687259,1.0,1.5735905223471974e-07,7.48496135757264e-07,0.010056391992302348
2026-07-23,2025-07-16,8.320121861159513e-06,9.181200190934002e-06,0.003221946055417473,2026-07-21,250,49030,208,100.0,4.655212190804269e-06,5.542731873195139e-06,4.655212190804269e-06,5.542731873195139e-06,0.002157594074612801,0.0023543007185139156,-0.09116944017211193,-8.875196823908697e-07,0.03816246109434891,0.1778846153846154,0.23557692307692307,1.0,2.0201118493091777e-06,2.9266430827547977e-06,0.010068097831176997
2026-07-24,2025-07-17,1.2933629668146464e-05,5.771537526916749e-06,0.0032643163588882665,2026-07-22,250,49107,228,100.0,9.637962401196802e-06,4.727820599227584e-06,9.637962401196802e-06,4.727820599227584e-06,0.003104506788718105,0.002174355214592957,0.2996133161973922,4.9101418019692184e-06,0.03873982831593057,0.35526315789473684,0.18859649122807018,1.0,4.676353438865995e-06,3.1565104992999376e-06,0.010193986561543257
2026-07-27,2025-07-18,6.978032043395202e-07,2.8239916074276654e-06,0.0031529637859588,2026-07-23,250,49101,284,100.0,4.306153635207705e-07,1.4341539811729199e-06,4.306153635207705e-07,1.4341539811729199e-06,0.0006562128949668473,0.0011975616815734043,-0.8249590807475775,-1.0035386176521493e-06,0.03883602378519813,0.43661971830985913,0.5,1.0,2.5663258345274757e-07,5.291434338442486e-07,0.010183639857631982
2026-07-28,2025-07-21,1.1622662729868893e-05,1.4923104910375137e-05,0.0031165593185123615,2026-07-24,250,49141,184,0.01,8.958235774184066e-06,1.1079863927692653e-05,8.958235774184066e-06,1.1079863927692653e-05,0.0029930312016723222,0.0033286429558744587,-0.1121310576430401,-2.1216281535085875e-06,0.03883602378519813,0.1956521739130435,0.07065217391304347,1.0,5.715981285941086e-06,6.403148996958548e-06,0.010181435278518176
2026-07-29,2025-07-22,1.4771844500050906e-05,9.59700688572259e-06,0.0030875088214537758,2026-07-27,250,49200,196,100.0,6.665588657390508e-06,4.8734502634628575e-06,6.665588657390508e-06,4.8734502634628575e-06,0.0025817801334332303,0.002207589242468548,0.14493522748859566,1.7921383939276502e-06,0.03825871211709033,0.49489795918367346,0.4030612244897959,1.0,1.0750673865902345e-06,1.6158250067320092e-06,0.010157110655184516
2026-07-30,2025-07-23,7.599508911464488e-06,6.67719826823526e-06,0.0031047635944291664,2026-07-28,250,49309,152,100.0,4.818966909526373e-06,5.558880981299148e-06,4.818966909526373e-06,5.558880981299148e-06,0.0021952145474933363,0.0023577279277514503,-0.07403075040828444,-7.399140717727755e-07,0.03758476032727121,0.3355263157894737,0.3881578947368421,1.0,1.8881253399159273e-06,4.380114111285407e-06,0.010315845968250487
2026-07-31,2025-07-24,0.0001748298350938167,0.00016866674318097164,0.0031490867648381955,2026-07-29,250,49328,176,100.0,7.772424954616512e-05,7.924145603861625e-05,7.772424954616512e-05,7.924145603861625e-05,0.00881613574907766,0.008901767017767665,-0.009713016124889506,-1.517206492451128e-06,0.03748844441099159,0.028409090909090908,0.0625,1.0,3.92400452994993e-06,1.1278237810426153e-05,0.010145744178834822
2026-08-03,2025-07-25,8.784975713389782e-05,5.039314334889812e-05,0.0033990482664853845,2026-07-30,250,49292,211,100.0,6.541080918923358e-05,3.6272413063924314e-05,6.541080918923358e-05,3.6272413063924314e-05,0.008087694924342385,0.006022658305426626,0.25533067681625843,2.9138396125309263e-05,0.03758476032727121,0.014218009478672985,0.0,1.0,3.853081946385457e-05,1.9356954910049463e-05,0.010073219281688821
2026-08-04,2025-07-28,1.065650131178448e-06,1.0528375069328287e-06,0.003460549733043306,2026-07-31,250,49285,123,100.0,2.50725742899887e-06,1.4399034321322457e-06,2.50725742899887e-06,1.4399034321322457e-06,0.0015834321674763558,0.001199959762713836,0.24217798061642937,1.0673539968666241e-06,0.038354953876463996,0.44715447154471544,0.3821138211382114,1.0,3.2020079339725665e-06,1.6264412274090732e-06,0.009931760528990193
2026-08-05,2025-07-29,9.144864242586326e-07,4.018109334331162e-07,0.0033938845432801086,2026-08-03,250,49298,164,0.01,7.470710112617437e-07,8.595486084603531e-07,7.470710112617437e-07,8.595486084603531e-07,0.0008643326970916602,0.0009271184435984181,-0.07264071661065441,-1.1247759719860946e-07,0.03816246109434891,0.573170731707317,0.5548780487804879,1.0,6.024849727644306e-07,1.2548675096202395e-06,0.009755872324426639
2026-08-06,2025-07-30,7.927043467359365e-07,7.348965492998928e-07,0.0033762057877813507,2026-08-04,250,49346,208,0.01,4.757079444398953e-07,1.0215924207838588e-06,4.757079444398953e-07,1.0215924207838588e-06,0.000689715843257131,0.001010738552140888,-0.4654419816829951,-5.458844763439635e-07,0.03816246109434891,0.5192307692307693,0.4567307692307692,1.0,3.04295075050184e-07,1.1766205586974108e-06,0.009775389391912076
2026-08-07,2025-07-31,2.8940514788271958e-06,2.88213053792065e-06,0.0033609679587721254,2026-08-05,250,49339,263,100.0,2.074713084112445e-06,2.3075866481899603e-06,2.074713084112445e-06,2.3075866481899603e-06,0.0014403864356874669,0.0015190742734277217,-0.054629671448342076,-2.328735640775151e-07,0.03825871211709034,0.3612167300380228,0.39543726235741444,1.0,1.5038192348918446e-06,1.9072592927647057e-06,0.009791033881544708
2026-08-10,2025-08-01,6.146595204420034e-06,4.453982463123493e-06,0.0033510994797816994,2026-08-06,250,49425,252,100.0,2.6163695182154647e-06,2.0628765986295274e-06,2.6163695182154647e-06,2.0628765986295274e-06,0.0016175195572899466,0.0014362717704632113,0.1120529183155008,5.534929195859373e-07,0.03796993125162867,0.5,0.48412698412698413,1.0,5.161086669292025e-07,6.403199450698255e-07,0.009731522385743476
2026-08-11,2025-08-04,1.6138462724165957e-05,1.5331122242120227e-05,0.0042820995263738405,2026-08-07,250,49516,81,100.0,1.1021391178559937e-05,1.0519557512774674e-05,1.1021391178559937e-05,1.0519557512774674e-05,0.0033198480655837154,0.00324338673500011,0.023031575262816073,5.018336657852635e-07,0.03816246109434891,0.08641975308641975,0.07407407407407407,1.0,6.029126256017476e-06,5.825348020730226e-06,0.009734417810434265
2026-08-12,2025-08-05,4.1481428535663055e-06,2.021605526976949e-06,0.003476435669541831,2026-08-10,250,49585,222,0.01,5.057809399256204e-06,3.099609267163991e-06,5.057809399256204e-06,3.099609267163991e-06,0.002248957402721582,0.0017605707220001107,0.21716137447976958,1.958200132092213e-06,0.03816246109434892,0.3108108108108108,0.2702702702702703,1.0,5.935275359257962e-06,4.139453582919633e-06,0.009765621106727575
2026-08-13,2025-08-06,4.840971948259977e-06,3.9710239009833464e-06,0.0035070306038047982,2026-08-11,250,49597,208,0.01,1.982916508771857e-06,1.961556798697645e-06,1.982916508771857e-06,1.961556798697645e-06,0.0014081606828667873,0.0014005558891731686,0.005400515570521791,2.135971007421203e-08,0.03796993125162867,0.5721153846153846,0.5528846153846154,1.0,1.9663185909178169e-07,7.056398597690812e-07,0.009741222540097603
2026-08-14,2025-08-07,2.6520821523011563e-06,3.0877757183611606e-06,0.003472449714997051,2026-08-12,250,49649,176,0.01,1.1480991954314123e-06,1.5631121056191032e-06,1.1480991954314123e-06,1.5631121056191032e-06,0.001071493908256791,0.0012502448182732464,-0.16682400958047872,-4.1501291018769094e-07,0.03796993125162867,0.4602272727272727,0.5170454545454546,1.0,3.8968043940307983e-07,7.942646427833649e-07,0.009673724739034302
2026-08-17,2025-08-08,3.013516823609418e-06,2.5260831980918117e-06,0.003464844899159938,2026-08-13,250,49687,149,0.01,2.2852368434346953e-06,2.0900107309794145e-06,2.2852368434346953e-06,2.0900107309794145e-06,0.0015116999845983645,0.0014456869408621684,0.04366808520788246,1.9522611245528075e-07,0.037873652428081515,0.46308724832214765,0.5302013422818792,1.0,4.899420085853812e-07,1.015041393446528e-06,0.009692914187082976
2026-08-18,2025-08-11,6.389516411217919e-07,9.215675070630305e-07,0.003468699892012174,2026-08-14,250,49707,157,100.0,3.745780190957285e-07,7.334399079557995e-07,3.745780190957285e-07,7.334399079557995e-07,0.0006120277927477874,0.0008564110624903204,-0.3993009347587615,-3.5886188886007095e-07,0.03796993125162867,0.4585987261146497,0.5095541401273885,1.0,2.8113561820720615e-07,6.669465324092784e-07,0.00973895324006367
2026-08-19,2025-08-12,1.7690305467530985e-06,1.0310502212474265e-06,0.003419023965422701,2026-08-17,250,49664,264,0.01,1.2443989321850757e-06,1.3860841838866411e-06,1.2443989321850757e-06,1.3860841838866411e-06,0.0011155263027759926,0.0011773207650791866,-0.05539489490244942,-1.4168525170156544e-07,0.03787365242808151,0.4772727272727273,0.5,1.0,7.276565148286023e-07,1.735779289944815e-06,0.009805195126718354
2026-08-20,2025-08-13,0.00010500601716934436,0.00010405004386938684,0.0033456427737272353,2026-08-18,250,49786,195,0.01,5.22551718681386e-05,5.2000503971567735e-05,5.22551718681386e-05,5.2000503971567735e-05,0.007228773884147892,0.007211137494984251,0.0024397483510054663,2.5466789657086197e-07,0.03787365242808151,0.010256410256410256,0.005128205128205128,1.0,7.9643677944847e-06,8.298531793210189e-06,0.009784668296361793
2026-08-21,2025-08-14,0.0001238361291413579,7.687791289686428e-05,0.003405075489881144,2026-08-19,250,49883,174,100.0,7.951282788932885e-05,5.009159469316264e-05,7.951282788932885e-05,5.009159469316264e-05,0.008916996573360834,0.007077541571277603,0.2062863865596325,2.942123319616621e-05,0.03796993125162867,0.005747126436781609,0.0,1.0,1.2064325984067209e-05,9.329806122312325e-06,0.00986755441909258
2026-08-24,2025-08-15,2.7299877076690085e-05,1.9253200503086675e-05,0.0034265395183449157,2026-08-20,250,49933,277,100.0,1.2836863955045663e-05,9.246001479576326e-06,1.2836863955045663e-05,9.246001479576326e-06,0.0035828569543097395,0.0030407238413865086,0.15131307775799163,3.590862475469337e-06,0.03806620080645634,0.22743682310469315,0.2563176895306859,1.0,2.3058900442316015e-07,5.235104388139318e-07,0.009827348116805096
2026-08-25,2025-08-18,3.9478716333708935e-06,2.1982570864780914e-06,0.0034156086872462466,2026-08-21,250,49907,160,0.01,1.946270540291965e-06,1.4476937907781809e-06,1.946270540291965e-06,1.4476937907781809e-06,0.0013950880044971948,0.0012032014755551878,0.13754439026315413,4.98576749513784e-07,0.03796993125162867,0.46875,0.55,1.0,2.2396262299149093e-07,8.018602572689558e-07,0.009856310005632179
2026-08-26,2025-08-19,4.763101111319282e-06,4.997935378187024e-06,0.0034204582123265586,2026-08-24,250,49992,247,0.01,2.4465192436254985e-06,2.6411276031242223e-06,2.4465192436254985e-06,2.6411276031242223e-06,0.0015641353022118958,0.0016251546397571593,-0.039011546800953756,-1.9460835949872384e-07,0.037873652428081515,0.5425101214574899,0.4777327935222672,1.0,4.2828504071045925e-07,5.878481021225392e-07,0.00982491023749527
2026-08-27,2025-08-20,1.5545882065932188e-05,2.0837591747203786e-05,0.0033817195724996016,2026-08-25,250,50070,222,0.01,9.791514600977407e-06,1.3325902497458782e-05,9.791514600977407e-06,1.3325902497458782e-05,0.0031291395943577535,0.003650466065786502,-0.16660377580110763,-3.5343878964813745e-06,0.03777736433402994,0.08108108108108109,0.02252252252252252,1.0,3.932522273023447e-06,5.677637079536596e-06,0.009822730002088553
2026-08-28,2025-08-21,4.383927935777821e-05,2.100793757666974e-05,0.003369572127916588,2026-08-26,250,50110,125,100.0,2.3667879149604206e-05,1.1757609538307324e-05,2.3667879149604206e-05,1.1757609538307324e-05,0.004864964455122381,0.0034289370857901904,0.2951773610226853,1.1910269611296882e-05,0.03768106696768848,0.184,0.216,1.0,1.8155289240823595e-06,1.7364208300813708e-06,0.00975878225911036
2026-08-31,2025-08-22,7.442806367685603e-07,7.756109487426071e-07,0.0033156083828589306,2026-08-27,250,50120,187,100.0,4.5436427745444726e-07,8.089904439836183e-07,4.5436427745444726e-07,8.089904439836183e-07,0.0006740654845446748,0.0008994389606769424,-0.33434952730817447,-3.546261665291711e-07,0.03825871211709033,0.6951871657754011,0.7700534759358288,1.0,9.887159877166579e-08,8.499200631481912e-07,0.009780980048092549
2026-09-01,2025-08-25,1.3333057454996692e-06,1.0810069154564632e-06,0.0033454315922360747,2026-08-28,250,50003,161,0.01,8.172505164480317e-07,9.080950082088229e-07,8.172505164480317e-07,9.080950082088229e-07,0.0009040190907541896,0.0009529401913073154,-0.05411511886581155,-9.08444917607912e-08,0.03835495387646399,0.43478260869565216,0.5031055900621118,1.0,5.420210609538251e-07,8.158753243434144e-07,0.009810308324098821
2026-09-02,2025-08-27,4.857339962419352e-07,8.036382793771421e-07,0.0032602343677913463,2026-08-31,250,49951,180,0.01,2.400435370311193e-06,3.847926356888185e-06,2.400435370311193e-06,3.847926356888185e-06,0.0015493338472747547,0.0019616132026697274,-0.2661010447297485,-1.4474909865769919e-06,0.038451186374252724,0.2722222222222222,0.3611111111111111,1.0,3.799640220592573e-06,6.0725984135308704e-06,0.009878176113838639
2026-09-03,2025-08-28,1.0151769020206888e-05,1.0190722451544696e-05,0.0032619399310684395,2026-09-01,250,50031,139,100.0,5.013673490356175e-06,6.187098178927683e-06,5.013673490356175e-06,6.187098178927683e-06,0.0022391233754208754,0.0024873878223806763,-0.11087573363979386,-1.1734246885715078e-06,0.03845118637425273,0.14388489208633093,0.17266187050359713,1.0,3.682720524089528e-07,2.5673830831369588e-06,0.009834540488263892
2026-09-04,2025-08-29,8.22380329619758e-05,7.40700084377349e-05,0.0032296395600377808,2026-09-02,250,50022,210,100.0,3.999170008828325e-05,3.4388554330108e-05,3.999170008828325e-05,3.4388554330108e-05,0.006323899120659915,0.0058641755030104615,0.07269622884203764,5.603145758175244e-06,0.03816246109434891,0.004761904761904762,0.0,1.0,1.2381891989728262e-05,8.455005582603813e-06,0.009732655172859789
