evaluated_session,train_start,baseline_loss_AAPL,model_loss_AAPL,q_effective_AAPL,baseline_loss_SPY,model_loss_SPY,q_effective_SPY,train_end,train_sessions,train_rows,evaluation_rows,alpha,baseline_loss,model_loss,baseline_mse,model_mse,baseline_rmse,model_rmse,rho,d,r_effective,model_within_spread,baseline_within_spread,learned_coverage
2020-10-23,2019-05-10,0.06223166561838462,0.0003493599011277072,0.006868250539956802,4.207283695531768e-05,9.318960949908764e-06,0.016485351556832367,2020-10-19,120,22383,247,1.0,0.03352877664234032,0.00019241792873795412,0.03352877664234032,0.00019241792873795412,0.18310864709876573,0.013871478967217379,0.9242445444985712,0.03333635871360237,0.039999999999999994,0.02834008097165992,0.0,1.0
2020-10-26,2019-05-10,0.05397833422920963,0.00023816317520145618,0.006910639777468705,6.984801718496198e-05,2.247954721695962e-05,0.0164295708253803,2020-10-21,121,22627,258,1.0,0.028904619711988853,0.00013784520869703916,0.028904619711988853,0.00013784520869703916,0.1700135868452544,0.011740749920556147,0.9309422844466982,0.028766774503291813,0.04,0.046511627906976744,0.031007751937984496,1.0
2020-10-28,2019-05-10,0.06285032637541206,0.00020304582141271674,0.0068181818181818205,0.00016147361765035038,8.528663271157226e-05,0.01679680976878955,2020-10-23,122,22874,223,100.0,0.028554182714215066,0.00013862151189908612,0.028554182714215066,0.00013862151189908612,0.16897982931171124,0.011773763710007353,0.9303244431127415,0.02841556120231598,0.039999999999999994,0.09417040358744394,0.004484304932735426,1.0
2020-10-30,2019-05-10,0.05936476941815295,0.00031046395090219306,0.00689386056191467,0.00011744425081776433,5.0958779252217037e-05,0.017216246439178125,2020-10-26,123,23132,221,100.0,0.02826662589140688,0.00017425309157460388,0.02826662589140688,0.00017425309157460388,0.1681268149088862,0.013200495883663003,0.9214848869240947,0.028092372799832274,0.04,0.03167420814479638,0.0,1.0
2020-11-02,2019-05-10,0.05556711808991551,0.0002994148626633348,0.0073029579276134475,7.879437200286747e-05,2.7046808509065993e-05,0.017397614381086543,2020-10-28,124,23355,237,100.0,0.025364612775102307,0.0001511638964780999,0.025364612775102307,0.0001511638964780999,0.1592627162116178,0.012294872771936272,0.9228013117922738,0.025213448878624208,0.04,0.05485232067510549,0.02531645569620253,1.0
2020-11-04,2019-05-10,0.06213253492857452,0.0005205002597754271,0.007198478812024627,2.6465249701892076e-05,5.428603283935943e-06,0.016906279201261785,2020-10-30,125,23576,222,0.01,0.029960471806635997,0.0002536838611424475,0.029960471806635997,0.0002536838611424475,0.17309093507932757,0.01592745620438014,0.9079821470888664,0.02970678794549355,0.039999999999999994,0.09009009009009009,0.07207207207207207,1.0
2020-11-06,2019-05-10,0.06281876873267403,0.0006497666047194734,0.006678988490296563,1.231901439888758e-05,6.007120186182113e-06,0.016220354613978978,2020-11-02,126,23813,222,0.01,0.03198136774487227,0.0003336864974486232,0.03198136774487227,0.0003336864974486232,0.17883335188066088,0.018267087820685136,0.8978541327521774,0.03164768124742365,0.039999999999999994,0.05405405405405406,0.009009009009009009,1.0
2020-11-09,2019-05-10,0.04905277965178247,0.00041006026393910073,0.006803437526329095,1.0358264406931401e-05,5.7133044278872095e-06,0.016224060429517934,2020-11-04,127,24035,182,100.0,0.018872828028782138,0.00016123136577835396,0.018872828028782138,0.00016123136577835396,0.13737841180033397,0.012697691356240864,0.9075714212310467,0.018711596663003784,0.039999999999999994,0.18681318681318682,0.07142857142857142,1.0
2020-11-11,2019-05-10,0.07625300889190813,0.0008217918152633474,0.006963007674398551,8.946424799068302e-06,9.409178652547555e-06,0.016046257485029938,2020-11-06,128,24257,224,0.01,0.040513604610450775,0.000440987454352035,0.040513604610450775,0.000440987454352035,0.20127991606330417,0.02099970129197163,0.8956691670848718,0.04007261715609874,0.039999999999999994,0.08928571428571429,0.044642857142857144,1.0
2020-11-13,2019-05-10,0.0756972092996862,0.00085131975786856,0.006773760590554482,1.575910263903873e-05,1.582437168495027e-05,0.01608396421392372,2020-11-09,129,24439,203,100.0,0.041398226944374186,0.00047267160255382056,0.041398226944374186,0.00047267160255382056,0.2034655424006094,0.02174101199470302,0.8931464672681702,0.040925555341820366,0.039999999999999994,0.04926108374384237,0.019704433497536946,1.0
2020-11-16,2019-05-10,0.07042713280480442,0.000817041256058054,0.006770920677511319,,,,2020-11-11,130,24663,107,100.0,0.07042713280480442,0.000817041256058054,0.07042713280480442,0.000817041256058054,0.26538110860572656,0.028583933530185346,0.8922910011177467,0.06961009154874637,0.039999999999999994,0.0,0.0,1.0
2020-11-18,2019-05-10,0.07300560235909725,0.0007984020177449514,0.0067635480358489,1.5165386820501541e-05,1.1610125154714819e-05,0.01575347179856913,2020-11-13,131,24866,209,100.0,0.04087584062967398,0.0004520630028248474,0.04087584062967398,0.0004520630028248474,0.2021777451394539,0.021261773275643013,0.894836233033574,0.040423777626849136,0.039999999999999994,0.0430622009569378,0.028708133971291867,1.0
2020-11-20,2019-05-10,0.07336900185326464,0.0008230352874992681,0.006806304787592717,2.7831646321401616e-05,2.017470206909215e-05,0.015878520319749567,2020-11-16,132,24973,208,100.0,0.03740362030947518,0.0004293248081056241,0.03740362030947518,0.0004293248081056241,0.1934001559189526,0.02072015463517645,0.8928638162843077,0.036974295501369554,0.039999999999999994,0.019230769230769232,0.0,1.0
2020-11-23,2019-05-10,0.06595759425046281,0.0006665183723350516,0.0068817112664053175,1.4891309395979111e-05,1.3954455811504498e-05,0.0159880027017139,2020-11-18,133,25182,213,100.0,0.03499857878517322,0.00036015033640850354,0.03499857878517322,0.00036015033640850354,0.18707907094374085,0.018977627259710406,0.8985582558007388,0.03463842844876472,0.04,0.06103286384976526,0.04225352112676056,1.0
2020-11-25,2019-05-10,0.00012358015193773505,1.1321203146213124e-05,0.00701137448988452,1.5237261084303414e-05,1.6310405747179305e-05,0.015640705357634486,2020-11-20,134,25390,212,100.0,7.043080925491953e-05,1.3768736497630497e-05,7.043080925491953e-05,1.3768736497630497e-05,0.008392306551533942,0.0037106248122965083,0.5578539952620913,5.666207275728904e-05,0.039999999999999994,0.13679245283018868,0.08962264150943396,1.0
2020-11-27,2019-05-10,0.0001003511762788666,1.344327568793447e-05,0.006959407049900888,1.7830515938442733e-05,1.809797583934424e-05,0.015664856890751665,2020-11-23,135,25603,199,0.01,6.137156787685735e-05,1.564197827201748e-05,6.137156787685735e-05,1.564197827201748e-05,0.007834000758032728,0.003954994092538885,0.49515015192160095,4.572958960483987e-05,0.039999999999999994,0.10552763819095477,0.06532663316582915,1.0
2020-11-30,2019-05-10,4.998934574393145e-05,2.780072415108187e-05,0.00692597992966807,1.0535046177018806e-05,1.1956198660179367e-05,0.015621351774960818,2020-11-25,136,25815,161,0.01,2.1807703196136706e-05,1.6483205943294364e-05,2.1807703196136706e-05,1.6483205943294364e-05,0.00466987186078341,0.004059951470559022,0.13060752166378886,5.3244972528423414e-06,0.039999999999999994,0.2484472049689441,0.18012422360248448,1.0
2020-12-02,2019-05-10,2.922333184720484e-05,1.1902890657348696e-05,0.0065800195567144735,1.1005513296606536e-05,1.1851268009536192e-05,0.01552105622643571,2020-11-27,137,26014,216,1.0,2.0367447829552887e-05,1.1877796314662063e-05,2.0367447829552887e-05,1.1877796314662063e-05,0.004513030891712674,0.0034464178961150465,0.23634072559890074,8.489651514890824e-06,0.039999999999999994,0.10185185185185185,0.09722222222222222,1.0
2020-12-04,2019-05-10,2.5963588022411137e-05,1.553630567416007e-05,0.006568244672197823,2.4784001000186535e-05,2.4973528012699433e-05,0.015492696828383652,2020-11-30,138,26175,185,1.0,2.53706064382658e-05,2.0280422849750134e-05,2.53706064382658e-05,2.0280422849750134e-05,0.005036924303408361,0.0045033790479761015,0.1059267964521966,5.090183588515667e-06,0.039999999999999994,0.10810810810810811,0.07567567567567568,1.0
2020-12-07,2019-05-10,1.7328193620698224e-05,1.6367419622992876e-05,0.006605316973415133,1.7991980007499262e-05,1.948789764422949e-05,0.015360327159659327,2020-12-02,139,26391,193,100.0,1.7654927852543296e-05,1.7903406213757016e-05,1.7654927852543296e-05,1.7903406213757016e-05,0.004201776749488637,0.00423124168699414,-0.007012494775951339,-2.4847836121371996e-07,0.039999999999999994,0.12953367875647667,0.14507772020725387,1.0
2020-12-09,2019-05-10,9.297654318818953e-06,1.7507222511179648e-05,0.00649220131853996,1.502423272991579e-05,1.3809122783034356e-05,0.015347048653321444,2020-12-04,140,26576,196,100.0,1.2219377997949994e-05,1.5620436935595313e-05,1.2219377997949994e-05,1.5620436935595313e-05,0.0034956226910165798,0.003952269845999298,-0.13063399438282008,-3.4010589376453188e-06,0.039999999999999994,0.2193877551020408,0.25510204081632654,1.0
2020-12-11,2019-05-10,1.15214758228232e-05,2.6872585560371292e-05,0.006552255761116523,1.7248800536409753e-05,1.3889228454131377e-05,0.015491007007880454,2020-12-07,141,26769,193,100.0,1.4399975808408153e-05,2.034727136707973e-05,1.4399975808408153e-05,2.034727136707973e-05,0.003794730004678614,0.004510794981716608,-0.18869984851495092,-5.947295558671578e-06,0.039999999999999994,0.19689119170984457,0.23834196891191708,1.0
2020-12-16,2019-05-10,1.6196459247160288e-05,6.008385977723149e-05,0.006314513606506104,2.3840937656052346e-05,2.2080036554011458e-05,0.015371132876971776,2020-12-09,142,26965,202,100.0,2.0018698451606315e-05,4.108194816562148e-05,2.0018698451606315e-05,4.108194816562148e-05,0.004474226017045442,0.006409520119761032,-0.4325427672501809,-2.1063249714015163e-05,0.039999999999999994,0.10396039603960396,0.11386138613861387,1.0
2020-12-18,2019-05-10,2.038400901788108e-05,5.93994037375612e-05,0.006274281274281272,1.4455859848744744e-05,1.6609792479071267e-05,0.01526170481409843,2020-12-11,143,27158,195,100.0,1.761753940561745e-05,3.943091848359923e-05,1.761753940561745e-05,3.943091848359923e-05,0.004197325268026943,0.006279404309614028,-0.49604900946021235,-2.181337907798178e-05,0.039999999999999994,0.16923076923076924,0.1641025641025641,1.0
2020-12-21,2019-05-10,2.455129439997924e-05,6.70507571506388e-05,0.0063755872251391585,1.4707811155887051e-05,7.580235984373359e-06,0.015415312313776477,2020-12-16,144,27360,205,100.0,1.9749595256519636e-05,3.804074682563127e-05,1.9749595256519636e-05,3.804074682563127e-05,0.004444051671225216,0.006167718121447451,-0.387859227961457,-1.8291151569111637e-05,0.039999999999999994,0.22926829268292684,0.2,1.0
2020-12-23,2019-05-10,1.927798752401885e-05,5.184972837471206e-05,0.006122990597512891,1.1278985660418208e-05,1.0571179211369588e-05,0.015496745997168057,2020-12-18,145,27555,204,100.0,1.5709805320157773e-05,3.3436257914593596e-05,1.5709805320157773e-05,3.3436257914593596e-05,0.003963559677885243,0.005782409352042935,-0.4588929704543112,-1.7726452594435822e-05,0.039999999999999994,0.14215686274509803,0.13725490196078433,1.0
2020-12-28,2019-05-10,1.9104379755499283e-05,4.489470196533114e-05,0.006118814882170187,7.078216367680285e-06,1.3158329611566802e-05,0.015422831978319783,2020-12-21,146,27760,207,0.01,1.3875613065143197e-05,3.109627920282491e-05,1.3875613065143197e-05,3.109627920282491e-05,0.003724998398005454,0.005576403787641719,-0.49702179486240805,-1.7220666137681712e-05,0.039999999999999994,0.2222222222222222,0.15458937198067632,1.0
2020-12-30,2019-05-10,2.3537901359943964e-05,5.009590171593368e-05,0.0059872469785719595,8.386088646834189e-06,9.417722314340354e-06,0.015320694018198465,2020-12-23,147,27964,193,100.0,1.6550796015556556e-05,3.133757028203831e-05,1.6550796015556556e-05,3.133757028203831e-05,0.00406826695480478,0.005597996988391322,-0.376015155981805,-1.4786774266481753e-05,0.039999999999999994,0.17616580310880828,0.19170984455958548,1.0
2021-01-04,2019-05-10,3.514817577525293e-05,5.290590546494207e-05,0.006085613083126086,2.0696221494267558e-05,4.038354593913818e-06,0.015221528297849575,2020-12-28,148,28171,172,100.0,2.7250014714714417e-05,2.6199220686589413e-05,2.7250014714714417e-05,2.6199220686589413e-05,0.005220154663869109,0.005118517430525113,0.019470157473967187,1.0507940281250044e-06,0.039999999999999994,0.2558139534883721,0.20930232558139536,1.0
2021-01-06,2019-05-10,3.873469272914918e-05,5.730315700242837e-05,0.006163651629646593,1.4909297664687462e-05,6.521659545608561e-06,0.015326057684539355,2020-12-30,149,28364,209,100.0,2.824695901656316e-05,3.494957917454597e-05,2.824695901656316e-05,3.494957917454597e-05,0.005314786827010389,0.005911816909761835,-0.1123337778511202,-6.702620157982809e-06,0.039999999999999994,0.1722488038277512,0.09090909090909091,1.0
2021-01-08,2019-05-10,4.300564802540664e-05,6.588264322485933e-05,0.006167888787045524,8.695663389618822e-06,1.0102348624699742e-05,0.015011936164600368,2021-01-04,150,28536,207,100.0,2.7922514683103785e-05,4.136087120256694e-05,2.7922514683103785e-05,4.136087120256694e-05,0.005284175875489364,0.006431241808746343,-0.21707565385505845,-1.3438356519463155e-05,0.039999999999999994,0.17391304347826086,0.15458937198067632,1.0
2021-01-11,2019-05-10,6.664921787667e-05,8.252746904178679e-05,0.006115107913669065,1.3809702952964927e-05,6.052595875681297e-06,0.014926887163615383,2021-01-06,151,28745,229,100.0,4.5190375571409854e-05,5.146998779965661e-05,4.5190375571409854e-05,5.146998779965661e-05,0.0067223787137746,0.007174258693388232,-0.06722025027951783,-6.279612228246756e-06,0.04,0.15283842794759825,0.10480349344978165,1.0
2021-01-13,2019-05-10,6.557151555901719e-05,0.0001003279101293165,0.0062694099378882,1.661067242543615e-05,1.0327553052739347e-05,0.01502501518071653,2021-01-08,152,28952,240,100.0,4.578317479252818e-05,6.395276581086657e-05,4.578317479252818e-05,6.395276581086657e-05,0.006766326536055452,0.007997047318283578,-0.1818890613200581,-1.816959101833839e-05,0.04,0.12083333333333333,0.0625,1.0
2021-01-15,2019-05-10,7.232524492565984e-05,0.00010387321324016309,0.0062640601970366935,3.9541413397876525e-05,1.2953882687657703e-05,0.015037322306188235,2021-01-11,153,29181,245,100.0,5.8275031413752716e-05,6.490778586051792e-05,5.8275031413752716e-05,6.490778586051792e-05,0.007633808447541287,0.008056536840387308,-0.05537581873464137,-6.6327544467652e-06,0.04,0.08163265306122448,0.0326530612244898,1.0
2021-01-20,2019-05-10,6.175421838028123e-05,8.378714924597097e-05,0.006316983493702575,1.746423919046092e-05,1.1911521187093276e-05,0.015029776838769314,2021-01-13,154,29421,228,0.01,4.388282326859935e-05,5.478470283624839e-05,4.388282326859935e-05,5.478470283624839e-05,0.006624411163914824,0.007401668922361253,-0.11733235441066636,-1.0901879567649044e-05,0.039999999999999994,0.08771929824561403,0.02631578947368421,1.0
2021-01-22,2019-05-10,7.878912988553079e-05,0.00010941948576495508,0.005899758895302109,1.730723370695626e-05,1.068449153799797e-05,0.014811120653758066,2021-01-15,155,29666,228,0.01,5.290201570507836e-05,6.78468566167626e-05,5.290201570507836e-05,6.78468566167626e-05,0.007273377187048556,0.00823692033570573,-0.13247534451711407,-1.4944840911684244e-05,0.039999999999999994,0.16228070175438597,0.11842105263157894,1.0
2021-01-25,2019-05-10,0.00014136348472912759,0.0001737129195853585,0.005806428417343786,2.1464559206326942e-05,9.251698627682506e-06,0.014863730150438785,2021-01-20,156,29894,220,0.01,9.12239340559564e-05,0.0001049382271848758,9.12239340559564e-05,0.0001049382271848758,0.009551122135956403,0.010243936117766247,-0.07253744344883395,-1.3714293128919396e-05,0.039999999999999994,0.08636363636363636,0.03636363636363636,1.0
2021-01-27,2019-05-10,0.0002098200145872252,0.00026262117369326376,0.005640542050852194,0.00016960399049600734,7.027180784888416e-05,0.014828486932958124,2021-01-22,157,30122,187,0.01,0.00018680870668476364,0.00015256030660583798,0.00018680870668476364,0.00015256030660583798,0.013667798165204359,0.012351530536975488,0.09630429219973713,3.424840007892565e-05,0.039999999999999994,0.22459893048128343,0.1711229946524064,1.0
2021-01-29,2019-05-10,0.00014388021827318217,0.0001329312154195542,0.005890291049675396,9.639954642583913e-05,2.3059932564849135e-05,0.015070373116542642,2021-01-25,158,30342,261,100.0,0.00012205002432038078,8.241568307256336e-05,0.00012205002432038078,8.241568307256336e-05,0.011047625279687069,0.009078308381662487,0.17825703245434155,3.963434124781742e-05,0.04000000000000001,0.11877394636015326,0.05747126436781609,1.0
2021-02-01,2019-05-10,4.213457335239744e-05,4.125423419254019e-05,0.006119278569263413,6.255278391554934e-05,1.1645540611649862e-05,0.015378239252033401,2021-01-27,159,30529,244,100.0,5.1590547916480076e-05,2.754201134565246e-05,5.1590547916480076e-05,2.754201134565246e-05,0.007182656048877746,0.005248048336825077,0.2693443343086074,2.4048536570827616e-05,0.04,0.07377049180327869,0.036885245901639344,1.0
2021-02-03,2019-05-10,1.9643889227848712e-05,1.6140226510069356e-05,0.005981924587006442,2.5352858046753333e-05,9.61365248564763e-06,0.014915541868693484,2021-01-29,160,30790,221,1.0,2.207213840874027e-05,1.33642176490031e-05,2.207213840874027e-05,1.33642176490031e-05,0.004698099446450689,0.0036557102796861652,0.2218746492375817,8.70792075973717e-06,0.04,0.03167420814479638,0.04524886877828054,1.0
2021-02-05,2019-05-10,1.1801826418909262e-05,1.4241142694744221e-05,0.005877429216100153,1.67826455562984e-05,1.0168333170624896e-05,0.014736334446774897,2021-02-01,161,31034,217,1.0,1.398236935924091e-05,1.2458115483724239e-05,1.398236935924091e-05,1.2458115483724239e-05,0.003739300651089841,0.003529605570559441,0.05607868959915885,1.524253875516671e-06,0.04,0.1382488479262673,0.07834101382488479,1.0
2021-02-08,2019-05-10,7.943020592937735e-06,1.1053294556246272e-05,0.0059959052354489634,2.0650979848986492e-05,1.2991512940275198e-05,0.014678561295813882,2021-02-03,162,31255,197,100.0,1.3168120591617682e-05,1.1850226988258166e-05,1.3168120591617682e-05,1.1850226988258166e-05,0.0036287905136033523,0.0034424158650950593,0.051359991107126524,1.3178936033595158e-06,0.039999999999999994,0.12690355329949238,0.09644670050761421,1.0
2021-02-10,2019-05-10,1.8840591238169716e-05,1.9741811359405676e-05,0.0060289684582016,1.6330142372896012e-05,7.30475570003351e-06,0.014583023702754643,2021-02-05,163,31472,225,100.0,1.7735993737449285e-05,1.4269506869281924e-05,1.7735993737449285e-05,1.4269506869281924e-05,0.0042114123209974685,0.0037775000819698103,0.10303247603285881,3.466486868167361e-06,0.04,0.12,0.08,1.0
2021-02-12,2019-05-10,1.0518464181842094e-05,1.3946301383222434e-05,0.006068230592762526,1.9967238998370713e-05,1.2031600297753775e-05,0.01456585447006731,2021-02-08,164,31669,218,100.0,1.4506020526432152e-05,1.3138262393024648e-05,1.4506020526432152e-05,1.3138262393024648e-05,0.0038086770047395923,0.003624674108526813,0.04831149923813505,1.3677581334075037e-06,0.039999999999999994,0.0963302752293578,0.10550458715596331,1.0
2021-02-17,2019-05-10,1.0116730712884902e-05,9.378895325814974e-06,0.006156618364742098,2.930538051520445e-05,1.4092947340601095e-05,0.014506818761152172,2021-02-10,165,31894,218,0.01,1.7686565038570596e-05,1.1238567221556288e-05,1.7686565038570596e-05,1.1238567221556288e-05,0.004205539803470013,0.003352397235047823,0.20286160832867584,6.447997817014308e-06,0.039999999999999994,0.08256880733944955,0.0963302752293578,1.0
2021-02-19,2019-05-10,8.869893556325336e-06,1.04120590931536e-05,0.006321794772955053,3.4460038558584635e-05,1.4449529569871096e-05,0.014565481674856667,2021-02-12,166,32112,230,0.01,2.0218566557327286e-05,1.2202589478480488e-05,2.0218566557327286e-05,1.2202589478480488e-05,0.0044965060388403,0.00349322050241328,0.22312558412259553,8.015977078846798e-06,0.039999999999999994,0.1956521739130435,0.18695652173913044,1.0
2021-02-22,2019-05-10,1.4962824993176394e-05,1.2208494374744212e-05,0.0063140063140063145,3.213813633780162e-05,7.41748854823159e-06,0.014591249391072482,2021-02-17,167,32330,223,100.0,2.2895816331725267e-05,9.995608275502956e-06,2.2895816331725267e-05,9.995608275502956e-06,0.004784957296750439,0.0031615831912987767,0.339266163682198,1.290020805622231e-05,0.039999999999999994,0.22869955156950672,0.15246636771300448,1.0
2021-02-24,2019-05-10,2.2210302072679918e-05,1.482615798606572e-05,0.006515175591927536,1.8130323213367485e-05,7.48755771327198e-06,0.014686516129032252,2021-02-19,168,32560,223,100.0,2.0325827532280005e-05,1.1436580281591482e-05,2.0325827532280005e-05,1.1436580281591482e-05,0.0045084174088342805,0.0033818013368013627,0.24989169588097693,8.889247250688523e-06,0.039999999999999994,0.18385650224215247,0.05829596412556054,1.0
2021-02-26,2019-05-10,4.4302386279153e-05,3.4102862488832605e-05,0.006777419621456316,4.9334264972700505e-05,1.0001423239357216e-05,0.01488511233750948,2021-02-22,169,32783,198,100.0,4.714870149974553e-05,2.0469725135593996e-05,4.714870149974553e-05,2.0469725135593996e-05,0.006866491207286698,0.004524348034313231,0.3410975274370106,2.6678976364151533e-05,0.039999999999999994,0.20707070707070707,0.08080808080808081,1.0
2021-03-01,2019-05-10,9.77597973119636e-06,6.177196057457666e-06,0.00676232888009236,1.971170763428007e-05,8.203124996049773e-06,0.01496220685666211,2021-02-24,170,33006,226,1.0,1.452402669373194e-05,7.145339090059203e-06,1.452402669373194e-05,7.145339090059203e-06,0.003811040106549909,0.0026730767085998866,0.2985965421865391,7.3786876036727375e-06,0.039999999999999994,0.21238938053097345,0.16371681415929204,1.0
2021-03-03,2019-05-10,1.8957257307988838e-05,1.7483203511525982e-05,0.006553708439897696,2.544079434548342e-05,6.008647274681502e-06,0.014722991152274021,2021-02-26,171,33204,186,1.0,2.1083578594479e-05,1.3720042595141507e-05,2.1083578594479e-05,1.3720042595141507e-05,0.004591685811821079,0.0037040575852896117,0.19331205637944793,7.363535999337493e-06,0.039999999999999994,0.16666666666666666,0.043010752688172046,1.0
2021-03-05,2019-05-10,1.2062555925285794e-05,1.445244763560965e-05,0.006825938566552901,2.497552202904714e-05,7.071096293386999e-06,0.015107578975311921,2021-03-01,172,33430,224,1.0,1.8288450296742156e-05,1.0893581809895157e-05,1.8288450296742156e-05,1.0893581809895157e-05,0.004276499771628914,0.0033005426538518113,0.22821399974151335,7.3948684868469994e-06,0.039999999999999994,0.19642857142857142,0.08482142857142858,1.0
2021-03-08,2019-05-10,4.3099779483080115e-05,4.1610201511356494e-05,0.006753417888321526,2.0735507826483983e-05,4.645772941281218e-06,0.014834671428199052,2021-03-03,173,33616,229,100.0,3.284541911651858e-05,2.466144605346172e-05,3.284541911651858e-05,2.466144605346172e-05,0.005731092314429997,0.004966029203847045,0.13349341951038585,8.183973063056857e-06,0.04,0.1222707423580786,0.056768558951965066,1.0
2021-03-10,2019-05-10,7.218649015566347e-06,1.3518320716689212e-05,0.006772102242226535,9.033433243244024e-06,5.897123647372359e-06,0.014699034016065291,2021-03-05,174,33840,241,100.0,8.084624891844076e-06,9.88164991597785e-06,8.084624891844076e-06,9.88164991597785e-06,0.0028433474799686507,0.0031435091722433147,-0.10556630675262157,-1.7970250241337745e-06,0.04,0.14937759336099585,0.08713692946058091,1.0
2021-03-12,2019-05-10,8.198739478541189e-06,1.8561968387066964e-05,0.006723515906854706,1.4239867697944581e-05,1.4260168920606954e-05,0.014461476888674303,2021-03-08,175,34069,205,100.0,1.079200427516313e-05,1.6715342274635346e-05,1.079200427516313e-05,1.6715342274635346e-05,0.0032851186089946785,0.00408844007839608,-0.24453347504772016,-5.923337999472216e-06,0.039999999999999994,0.14634146341463414,0.16097560975609757,1.0
2021-03-15,2019-05-10,5.854598627383891e-06,1.82614115847933e-05,0.006775179707510532,1.3121193941264002e-05,1.808464280290946e-05,0.01444202659493478,2021-03-10,176,34310,187,100.0,9.157596497329397e-06,1.8181062138482464e-05,9.157596497329397e-06,1.8181062138482464e-05,0.00302615209421625,0.004263925672251155,-0.409025567617902,-9.023465641153067e-06,0.039999999999999994,0.15508021390374332,0.1925133689839572,1.0
2021-03-17,2019-05-10,1.0052094492306e-05,2.011751132930367e-05,0.006530222186828066,1.950909238366186e-05,2.5109035024385135e-05,0.014374542193932964,2021-03-12,177,34515,200,100.0,1.4449598511786476e-05,2.243856984751655e-05,1.4449598511786476e-05,2.243856984751655e-05,0.00380126275226884,0.004736936757812642,-0.24614820561544493,-7.988971335730074e-06,0.039999999999999994,0.185,0.205,1.0
2021-03-22,2019-05-10,1.0485902433138457e-05,1.292398708472043e-05,0.0068339028252354375,5.715164968341157e-06,2.4303780138436244e-05,0.014283798911369008,2021-03-15,178,34702,178,1.0,8.234543180088046e-06,1.8294226503327895e-05,8.234543180088046e-06,1.8294226503327895e-05,0.00286958937482143,0.004277175061103753,-0.4905181551872435,-1.005968332323985e-05,0.039999999999999994,0.1404494382022472,0.14606741573033707,1.0
2021-03-24,2019-05-10,8.330811479766678e-06,9.181058781297462e-06,0.006691692508568628,8.381029310299174e-06,1.3955373260327797e-05,0.014283065468549426,2021-03-17,179,34902,194,100.0,8.354367266253569e-06,1.1420556810120971e-05,8.354367266253569e-06,1.1420556810120971e-05,0.0028903922339802894,0.003379431432966346,-0.16919475261411576,-3.066189543867402e-06,0.039999999999999994,0.18556701030927836,0.10824742268041238,1.0
2021-03-26,2019-05-10,2.3572749789483848e-05,1.775151041498395e-05,0.006799900489261132,5.06266194951129e-06,2.5941643473799917e-05,0.014275735180908387,2021-03-22,180,35080,140,100.0,1.3788846216926925e-05,2.2080580746072392e-05,1.3788846216926925e-05,2.2080580746072392e-05,0.0037133335719979326,0.004698997844867817,-0.2654391946639889,-8.291734529145467e-06,0.04,0.22857142857142856,0.2714285714285714,1.0
2021-03-29,2019-05-10,9.998812318057468e-06,1.2322834561871392e-05,0.006765118389571818,,,,2021-03-24,181,35274,80,100.0,9.998812318057468e-06,1.2322834561871392e-05,9.998812318057468e-06,1.2322834561871392e-05,0.0031620898655884953,0.0035103895171150726,-0.11014856197382472,-2.3240222438139246e-06,0.039999999999999994,0.2875,0.2625,1.0
2021-03-31,2019-05-10,9.615956715857741e-06,1.0365674360051853e-05,0.006839032527105923,4.797675893701836e-06,2.163169667373613e-05,0.01409382109289894,2021-03-26,182,35414,162,100.0,7.355528675833983e-06,1.5650968778817317e-05,7.355528675833983e-06,1.5650968778817317e-05,0.0027121077920750094,0.003956130531064074,-0.45869221814272887,-8.295440102983334e-06,0.039999999999999994,0.24691358024691357,0.2962962962962963,1.0
2021-04-05,2019-05-10,5.953945369881891e-06,8.078235395765788e-06,0.006666666666666667,3.103081290781507e-06,2.6790715316401902e-05,0.013886957389980276,2021-03-29,183,35494,165,100.0,4.7790438100102175e-06,1.5790045302452185e-05,4.7790438100102175e-06,1.5790045302452185e-05,0.002186102424409757,0.00397366899759557,-0.8176957095999069,-1.1011001492441967e-05,0.04,0.19393939393939394,0.23030303030303031,1.0
2021-04-07,2019-05-10,1.0203872387055216e-05,1.2184957020666688e-05,0.006497107994612152,2.9436795670400905e-06,2.216876917836689e-05,0.013698547227420466,2021-03-31,184,35656,171,0.01,6.764833682837525e-06,1.6914131200629944e-05,6.764833682837525e-06,1.6914131200629944e-05,0.0026009293882836427,0.004112679321394989,-0.5812345156009606,-1.014929751779242e-05,0.04,0.07017543859649122,0.11695906432748537,1.0
2021-04-09,2019-05-10,1.1302203568682254e-05,1.1839995748085457e-05,0.006290273089904877,6.305927695084411e-06,2.8704891181346954e-05,0.013618070106726722,2021-04-05,185,35821,173,0.01,9.1650682239063e-06,1.9053881655954537e-05,9.1650682239063e-06,1.9053881655954537e-05,0.003027386368454859,0.0043650752176743225,-0.44186261230415846,-9.888813432048238e-06,0.04,0.07514450867052024,0.08670520231213873,1.0
2021-04-12,2019-05-10,7.3760202550718204e-06,8.74869951547021e-06,0.006165645325012215,3.932281219207846e-06,2.954596208140866e-05,0.013519779338501545,2021-04-07,186,35992,164,0.01,6.074118912245196e-06,1.661107926600792e-05,6.074118912245196e-06,1.661107926600792e-05,0.0024645727646481035,0.004075669180147957,-0.653702109594597,-1.0536960353762722e-05,0.04,0.042682926829268296,0.15853658536585366,1.0
2021-04-14,2019-05-10,9.348885282259544e-06,9.564045016928824e-06,0.006099828907237967,5.627669592712792e-06,2.676387556399465e-05,0.01347491643656445,2021-04-09,187,36165,198,0.01,7.751393698363211e-06,1.6947810655820716e-05,7.751393698363211e-06,1.6947810655820716e-05,0.002784132485777789,0.004116771873181792,-0.4786551625009001,-9.196416957457505e-06,0.039999999999999994,0.14646464646464646,0.12626262626262627,1.0
2021-04-16,2019-05-10,1.0634859801963429e-05,7.33693962490114e-06,0.006096654275092937,1.681006774091644e-05,3.625864488276688e-05,0.013377387164258054,2021-04-12,188,36329,193,0.01,1.3162535590446786e-05,1.9175357839260693e-05,1.3162535590446786e-05,1.9175357839260693e-05,0.003628020891677277,0.004378967668213673,-0.20698524042655775,-6.012822248813907e-06,0.039999999999999994,0.04145077720207254,0.05181347150259067,1.0
2021-04-19,2019-05-10,1.083882636884657e-05,6.782243692753629e-06,0.006112104949314251,8.802245740184957e-06,2.366301713968854e-05,0.013332823659109427,2021-04-14,189,36527,182,100.0,1.0021956116691085e-05,1.3553103372018731e-05,1.0021956116691085e-05,1.3553103372018731e-05,0.003165747323570074,0.003681453975268295,-0.1629020256476592,-3.531147255327646e-06,0.039999999999999994,0.07142857142857142,0.08791208791208792,1.0
2021-04-21,2019-05-10,1.0768870678823655e-05,6.721134963320849e-06,0.006160318533543686,1.745529304071571e-05,2.603520083706476e-05,0.013497474343110853,2021-04-16,190,36720,195,100.0,1.3649175696254077e-05,1.5041040262779764e-05,1.3649175696254077e-05,1.5041040262779764e-05,0.0036944790832070056,0.00387827800225561,-0.04974961690378743,-1.391864566525687e-06,0.039999999999999994,0.035897435897435895,0.041025641025641026,1.0
2021-04-23,2019-05-10,9.276452408639418e-06,5.322662391580228e-06,0.0062149461876610575,1.4888537226404388e-05,2.5077594601992034e-05,0.013494200402648749,2021-04-19,191,36902,189,100.0,1.1651938045788612e-05,1.3684538459479407e-05,1.1651938045788612e-05,1.3684538459479407e-05,0.003413493525083739,0.0036992618803592977,-0.08371726888468256,-2.0326004136907947e-06,0.039999999999999994,0.06349206349206349,0.031746031746031744,1.0
2021-04-26,2019-05-10,9.292688329204932e-06,4.689911113238668e-06,0.006104824300178678,1.3563151417850069e-05,2.2678995124291254e-05,0.013349460095023273,2021-04-21,192,37097,183,100.0,1.1112885711250402e-05,1.2357389544179115e-05,1.1112885711250402e-05,1.2357389544179115e-05,0.0033335995127265067,0.003515307887536896,-0.05450815975845047,-1.2445038329287132e-06,0.039999999999999994,0.0546448087431694,0.03825136612021858,1.0
2021-04-28,2019-05-10,9.782743303994282e-06,8.240115452507588e-06,0.006101644467594315,1.1823019599723095e-05,2.1654164989990223e-05,0.013324520981030848,2021-04-23,193,37286,130,100.0,1.092843691621123e-05,1.5772620192786298e-05,1.092843691621123e-05,1.5772620192786298e-05,0.003305818645390462,0.003971475820496242,-0.20135925364023,-4.8441832765750685e-06,0.04,0.2692307692307692,0.24615384615384617,1.0
2021-04-30,2019-05-10,1.3308084945981185e-05,2.1261892424664785e-05,0.006143242433323343,9.591372233513229e-06,1.4074627623097134e-05,0.013243950864162263,2021-04-26,194,37469,179,100.0,1.1480874227002524e-05,1.7728488499871752e-05,1.1480874227002524e-05,1.7728488499871752e-05,0.0033883438767342553,0.0042105211672513595,-0.24264871584094738,-6.247614272869229e-06,0.039999999999999994,0.12290502793296089,0.0670391061452514,1.0
2021-05-03,2019-05-10,1.562067407226588e-05,2.4733087102669284e-05,0.006237638825498249,1.7485319996717275e-05,2.1518725554714494e-05,0.01333154565061107,2021-04-28,195,37599,174,100.0,1.6510131610940973e-05,2.3199799697610387e-05,1.6510131610940973e-05,2.3199799697610387e-05,0.004063266126029769,0.004816617038711962,-0.1854052600335816,-6.6896680866694145e-06,0.039999999999999994,0.040229885057471264,0.034482758620689655,1.0
2021-05-05,2019-05-10,9.895561010639429e-06,1.2237162588602553e-05,0.006413766132186153,1.7066312570028405e-05,1.6143263852296895e-05,0.01338543380973004,2021-04-30,196,37778,186,100.0,1.3056860085208759e-05,1.3959207231736616e-05,1.3056860085208759e-05,1.3959207231736616e-05,0.0036134277473347603,0.003736202247167117,-0.03397729480627221,-9.023471465278569e-07,0.039999999999999994,0.06451612903225806,0.043010752688172046,1.0
2021-05-07,2019-05-10,1.7684517146156273e-05,2.421248598869599e-05,0.0063203329736395844,1.0012285076842122e-05,2.131157408518058e-05,0.013275238027059922,2021-05-03,197,37952,181,100.0,1.408153523515239e-05,2.285017929367494e-05,1.408153523515239e-05,2.285017929367494e-05,0.003752537173054038,0.0047801861149619415,-0.2738544335515647,-8.768644058522551e-06,0.039999999999999994,0.08839779005524862,0.08839779005524862,1.0
2021-05-10,2019-05-10,7.886342093339457e-06,1.1812163947185758e-05,0.006412717917210658,1.6013615169515416e-05,1.4606389439667243e-05,0.013179318677153414,2021-05-05,198,38138,170,100.0,1.1806556165377273e-05,1.3159966831794475e-05,1.1806556165377273e-05,1.3159966831794475e-05,0.0034360669617132427,0.0036276668578846204,-0.055761397640471166,-1.3534106664172018e-06,0.039999999999999994,0.1411764705882353,0.1411764705882353,1.0
2021-05-14,2019-05-10,1.3680341297733044e-05,1.4236860806836196e-05,0.006681603584860364,7.413623928286571e-06,1.2023221740566741e-05,0.01355965194501316,2021-05-07,199,38319,188,100.0,1.068031702512569e-05,1.3177139977239114e-05,1.068031702512569e-05,1.3177139977239114e-05,0.0032680754313702265,0.003630033054565635,-0.11075559019261938,-2.4968229521134234e-06,0.04,0.0851063829787234,0.1276595744680851,1.0
2021-05-17,2019-05-10,1.0733630527137245e-05,1.0998087254534297e-05,0.006551588858375833,1.5649195586286196e-05,1.6677572137807606e-05,0.013354587354169663,2021-05-10,200,38489,170,100.0,1.319141305671172e-05,1.3837829696170952e-05,1.319141305671172e-05,1.3837829696170952e-05,0.003631998493489737,0.003719923345469763,-0.02420839439708722,-6.464166394592326e-07,0.039999999999999994,0.08235294117647059,0.08823529411764706,1.0
2021-05-19,2019-05-10,6.157745038409426e-06,6.0791474682490546e-06,0.006688025630756904,,,,2021-05-14,201,38677,86,0.01,6.157745038409426e-06,6.0791474682490546e-06,6.157745038409426e-06,6.0791474682490546e-06,0.0024814804126588276,0.002465592721486875,0.006402505170262196,7.859757016037113e-08,0.04,0.09302325581395349,0.06976744186046512,1.0
2021-05-21,2019-05-10,1.4190066572500936e-05,1.686889065072232e-05,0.0065587934961904,1.0795916314946555e-05,1.1232825981038247e-05,0.013396392795222506,2021-05-17,202,38847,179,100.0,1.2274931510975835e-05,1.3688764775649183e-05,1.2274931510975835e-05,1.3688764775649183e-05,0.0035035598340795943,0.0036998330740249867,-0.05602108976025377,-1.4138332646733474e-06,0.039999999999999994,0.11731843575418995,0.11731843575418995,1.0
2021-05-24,2019-05-10,2.048578301217102e-05,2.9717712498737307e-05,0.006657099577453559,1.2472663030261869e-05,1.7334843542031402e-05,0.013407369740203408,2021-05-19,203,38933,164,100.0,1.5990618144270763e-05,2.2771225035219357e-05,1.5990618144270763e-05,2.2771225035219357e-05,0.003998827096070892,0.004771920476623574,-0.19333003452744846,-6.780606890948594e-06,0.04,0.07317073170731707,0.06707317073170732,1.0
2021-05-26,2019-05-10,1.3711872605012033e-05,3.026912735922527e-05,0.006579984239558705,,,,2021-05-21,204,39112,80,100.0,1.3711872605012033e-05,3.026912735922527e-05,1.3711872605012033e-05,3.026912735922527e-05,0.003702954577767871,0.005501738576052598,-0.48576993330796636,-1.6557254754213236e-05,0.039999999999999994,0.0125,0.0875,1.0
2021-05-27,2019-05-10,,,,4.924643390236064e-06,1.9182691808258666e-05,0.01327523802705992,2021-05-24,205,39276,83,100.0,4.924643390236064e-06,1.9182691808258666e-05,4.924643390236064e-06,1.9182691808258666e-05,0.002219153755429322,0.004379804996601865,-0.9736374669336687,-1.4258048418022602e-05,0.04,0.024096385542168676,0.0,1.0
2021-05-28,2019-05-10,1.3074325117892532e-05,3.155155545118268e-05,0.006665070242656447,1.4341205483787186e-05,2.641387137157463e-05,0.013268272555987497,2021-05-26,206,39356,153,0.01,1.3728465960413303e-05,2.8898764325110547e-05,1.3728465960413303e-05,2.8898764325110547e-05,0.003705194456491225,0.0053757570932019,-0.4508704350952415,-1.5170298364697244e-05,0.039999999999999994,0.16993464052287582,0.16993464052287582,1.0
2021-06-02,2019-05-10,6.9515642939670275e-06,2.4085677164166592e-05,0.006718699710331507,1.642628275155611e-05,2.2316821258500653e-05,0.01325625848881264,2021-05-27,207,39439,163,0.01,1.1601732862108907e-05,2.321752702641643e-05,1.1601732862108907e-05,2.321752702641643e-05,0.003406131656602385,0.004818456913412886,-0.4146420042433987,-1.1615794164307522e-05,0.04,0.024539877300613498,0.09815950920245399,1.0
2021-06-04,2019-05-10,3.279394073184547e-06,2.5889131348823486e-05,0.006758944471426257,1.873631524989894e-05,2.5672254349234594e-05,0.013284748191131167,2021-05-28,208,39592,163,0.01,1.1150096267462428e-05,2.5778697048419323e-05,1.1150096267462428e-05,2.5778697048419323e-05,0.0033391759862969827,0.0050772725993804314,-0.5205166245253612,-1.4628600780956896e-05,0.04,0.03680981595092025,0.15950920245398773,1.0
2021-06-07,2019-05-10,2.3903828033325185e-06,2.0754663814906345e-05,0.006632774644530938,1.228030490740247e-05,2.2009912285927007e-05,0.013164349266445812,2021-06-02,209,39755,164,0.01,7.275039452293899e-06,2.137463409632508e-05,7.275039452293899e-06,2.137463409632508e-05,0.002697228105350732,0.004623270930447953,-0.7140822911033582,-1.4099594644031183e-05,0.04,0.04878048780487805,0.14634146341463414,1.0
2021-06-09,2019-05-10,3.227203122833603e-06,2.591869695411744e-05,0.006588290989427173,1.2894127989159107e-05,1.6078767226423364e-05,0.013174325092355776,2021-06-04,210,39918,176,0.01,8.22544268439963e-06,2.0831006015366523e-05,8.22544268439963e-06,2.0831006015366523e-05,0.0028680032573899965,0.00456409969384615,-0.5913858124413962,-1.2605563330966893e-05,0.039999999999999994,0.03409090909090909,0.11363636363636363,1.0
2021-06-11,2019-05-10,1.2048117191439953e-05,4.16740394372616e-05,0.0066212037110459105,1.5332664616934487e-05,2.904954158322334e-05,0.013132961922523074,2021-06-07,211,40082,138,0.01,1.383319731399133e-05,3.481289929919733e-05,1.383319731399133e-05,3.481289929919733e-05,0.0037193006485079063,0.005900245698205909,-0.5863857901815346,-2.0979701985205998e-05,0.039999999999999994,0.07246376811594203,0.10144927536231885,1.0
2021-06-14,2019-05-10,1.0261591478637328e-05,2.1123419043012123e-05,0.006556733411857087,,,,2021-06-09,212,40258,80,0.01,1.0261591478637328e-05,2.1123419043012123e-05,1.0261591478637328e-05,2.1123419043012123e-05,0.0032033718920283557,0.004596022089047454,-0.43474508860015026,-1.0861827564374796e-05,0.039999999999999994,0.1625,0.1625,1.0
2021-06-15,2019-05-10,,,,2.4280416693121036e-05,3.17950382094513e-05,0.013082006302026996,2021-06-11,213,40396,81,0.01,2.4280416693121036e-05,3.17950382094513e-05,2.4280416693121036e-05,3.17950382094513e-05,0.0049275162803506835,0.005638708913346326,-0.14433085403119716,-7.514621516330263e-06,0.039999999999999994,0.012345679012345678,0.0,1.0
2021-06-16,2019-05-10,1.5788989765929262e-05,1.4801534081053874e-05,0.006440913298364701,2.4752418962375422e-05,2.585366541102682e-05,0.013106045043347152,2021-06-14,214,40476,164,0.01,2.0653289756683582e-05,2.0799337058905047e-05,2.0653289756683582e-05,2.0799337058905047e-05,0.0045445890635659875,0.004560629020091971,-0.003529462466601352,-1.460473022214642e-07,0.04,0.042682926829268296,0.0975609756097561,1.0
2021-06-18,2019-05-10,1.7101236396141212e-05,1.248928899439602e-05,0.006335837316943623,2.0735187047385905e-05,8.718810301283688e-06,0.013184003602151809,2021-06-15,215,40557,162,100.0,1.905280248662447e-05,1.0464402288835695e-05,1.905280248662447e-05,1.0464402288835695e-05,0.004364951601865073,0.0032348728396701617,0.2588983487725378,8.588400197788775e-06,0.039999999999999994,0.08641975308641975,0.08024691358024691,1.0
2021-06-21,2019-05-10,1.1707964877612987e-05,1.832613940719713e-05,0.006400429250344933,8.771660492125939e-06,1.578959608409632e-05,0.013431232526752136,2021-06-16,216,40721,165,100.0,1.0177527440328825e-05,1.700406228121731e-05,1.0177527440328825e-05,1.700406228121731e-05,0.003190223728883105,0.004123598220149159,-0.2925733649385236,-6.826534840888487e-06,0.04,0.11515151515151516,0.13333333333333333,1.0
2021-06-23,2019-05-10,1.1396271062006424e-05,2.2820911692164185e-05,0.006232273473652785,5.579908441440496e-06,2.3001221478943962e-05,0.013171248611472192,2021-06-18,217,40883,154,100.0,8.60139551705916e-06,2.290755405724018e-05,8.60139551705916e-06,2.290755405724018e-05,0.002932813583755224,0.004786183663132891,-0.6319426811316731,-1.430615854018102e-05,0.04,0.07792207792207792,0.1038961038961039,1.0
2021-06-25,2019-05-10,1.130743179007771e-05,2.8088422157579903e-05,0.006258901131849188,4.710774368512412e-06,3.4549224386958434e-05,0.013109590684544807,2021-06-21,218,41048,139,100.0,8.412495799318837e-06,3.0923738243853935e-05,8.412495799318837e-06,3.0923738243853935e-05,0.002900430278306796,0.005560911637839064,-0.9172712681393587,-2.25112424445351e-05,0.04,0.02158273381294964,0.1366906474820144,1.0
2021-06-28,2019-05-10,1.0782029134043925e-05,2.464857052525383e-05,0.00627300728720607,4.57482433607874e-06,3.178788946193496e-05,0.013063188861020605,2021-06-23,219,41202,134,100.0,8.095328549850039e-06,2.7738723497847147e-05,8.095328549850039e-06,2.7738723497847147e-05,0.0028452290856537435,0.005266756449452277,-0.8510834421060836,-1.964339494799711e-05,0.04,0.014925373134328358,0.029850746268656716,1.0
2021-06-30,2019-05-10,1.0775294584542511e-05,1.244135705414991e-05,0.006124844128218296,4.149628431131445e-06,1.784436773190588e-05,0.01302989712415244,2021-06-25,220,41341,167,100.0,7.5616481269000174e-06,1.5061978999648317e-05,7.5616481269000174e-06,1.5061978999648317e-05,0.0027498451096198157,0.0038809765523187996,-0.4113436930472678,-7.5003308727483e-06,0.04,0.2874251497005988,0.23952095808383234,1.0
2021-07-02,2019-05-10,1.2361539916593094e-05,1.2265780735940369e-05,0.0060829023093174036,3.892341007967072e-06,2.6935656625885435e-05,0.012947255070510881,2021-06-28,221,41475,152,100.0,8.68412460100548e-06,1.863559526710073e-05,8.68412460100548e-06,1.863559526710073e-05,0.002946883879796671,0.004316896485567002,-0.4649021344759807,-9.951470666095252e-06,0.04,0.05263157894736842,0.039473684210526314,1.0
2021-07-07,2019-05-10,3.200533021839438e-05,8.530512269213912e-06,0.005879453598084775,4.4142271617097846e-06,2.035271134742326e-05,0.012872489778948094,2021-06-30,222,41642,149,100.0,2.0894818920400588e-05,1.3291129347687477e-05,2.0894818920400588e-05,1.3291129347687477e-05,0.004571085092229261,0.003645700117630011,0.20244317397905864,7.603689572713111e-06,0.04,0.10067114093959731,0.04697986577181208,1.0
2021-07-09,2019-05-10,4.580152872315027e-05,1.1228159629539984e-05,0.005829377268919295,5.670154187619189e-06,2.193793230578088e-05,0.012932532720690615,2021-07-02,223,41794,147,100.0,2.9421375851504926e-05,1.5599495415760757e-05,2.9421375851504926e-05,1.5599495415760757e-05,0.005424147476931737,0.003949619654569381,0.27184508323812173,1.382188043574417e-05,0.04,0.1292517006802721,0.08163265306122448,1.0
2021-07-12,2019-05-10,3.111114657774332e-05,6.558795507623235e-06,0.005754255392460891,4.956761064632592e-06,2.0094580128699542e-05,0.012795938188831738,2021-07-07,224,41943,149,0.01,2.0579179257027584e-05,1.2009447032888862e-05,2.0579179257027584e-05,1.2009447032888862e-05,0.00453642802841923,0.0034654649086217656,0.23608070338341813,8.569732224138722e-06,0.04,0.04697986577181208,0.03355704697986577,1.0
2021-07-14,2019-05-10,5.953955517259483e-05,1.2871636120374252e-05,0.005733315023345236,1.7708701873513533e-05,2.1789227643081334e-05,0.012793881861383413,2021-07-09,225,42090,161,0.01,4.1352227651255126e-05,1.674884982589907e-05,4.1352227651255126e-05,1.674884982589907e-05,0.006430569776563748,0.004092535867393109,0.36358114294811295,2.4603377825356056e-05,0.039999999999999994,0.19254658385093168,0.08074534161490683,1.0
2021-07-16,2019-05-10,4.348540101815698e-05,7.279207465469026e-06,0.0056236530172413795,2.7699209960638133e-05,1.5116127869288185e-05,0.012818601495112134,2021-07-12,226,42239,189,0.01,3.655284092411431e-05,1.0720818013177971e-05,3.655284092411431e-05,1.0720818013177971e-05,0.006045894551190444,0.003274266026635278,0.45843150274750155,2.5832022910936338e-05,0.039999999999999994,0.06349206349206349,0.015873015873015872,1.0
2021-07-19,2019-05-10,5.5925797315552595e-05,1.2733685614899159e-05,0.005703941526060527,3.843815473890968e-05,8.911354585712968e-06,0.012919940186395888,2021-07-14,227,42400,199,100.0,4.819256843743914e-05,1.1043408576867076e-05,4.819256843743914e-05,1.1043408576867076e-05,0.006942086749489604,0.0033231624361242224,0.5213020873920153,3.7149159860572065e-05,0.039999999999999994,0.05527638190954774,0.035175879396984924,1.0
2021-07-21,2019-05-10,3.527209866518126e-05,6.195971280606771e-06,0.005713308244953814,1.597122517179713e-05,1.4271345252501992e-05,0.012928332482717023,2021-07-16,228,42589,190,100.0,2.7348582178423562e-05,9.511124805911126e-06,2.7348582178423562e-05,9.511124805911126e-06,0.005229587190058462,0.003084011155283185,0.41027636729225114,1.7837457372512434e-05,0.039999999999999994,0.07894736842105263,0.031578947368421054,1.0
2021-07-23,2019-05-10,2.4230733875475706e-05,3.989516922765257e-06,0.005688010899182561,1.860098830269648e-05,1.9248852318902545e-05,0.012797701281403574,2021-07-19,229,42788,184,100.0,2.1844211295710596e-05,1.0458148231997368e-05,2.1844211295710596e-05,1.0458148231997368e-05,0.004673779123547731,0.0032339060332664846,0.30807469763104267,1.1386063063713229e-05,0.039999999999999994,0.03804347826086957,0.021739130434782608,1.0
2021-07-26,2019-05-10,2.6413906768497395e-05,4.406899780291282e-06,0.005620624663435647,1.596090817716049e-05,1.7610469924389317e-05,0.012667379642678544,2021-07-21,230,42978,175,100.0,2.2053513070396854e-05,9.914674754686465e-06,2.2053513070396854e-05,9.914674754686465e-06,0.0046961168075758996,0.00314875765258085,0.32949758670798157,1.213883831571039e-05,0.04,0.045714285714285714,0.022857142857142857,1.0
2021-07-28,2019-05-10,1.4345634793594769e-05,5.95706486036593e-06,0.005689173536826325,1.7604633873298247e-05,1.535091628369167e-05,0.012694214254800574,2021-07-23,231,43162,176,100.0,1.5771446890965038e-05,1.0066874858070941e-05,1.5771446890965038e-05,1.0066874858070941e-05,0.003971328101651264,0.003172833884411685,0.20106478155445484,5.704572032894097e-06,0.039999999999999994,0.05113636363636364,0.07954545454545454,1.0
2021-07-30,2019-05-10,1.1441269105506002e-05,1.1748436251456099e-05,0.0057333150233452364,,,,2021-07-26,232,43337,92,100.0,1.1441269105506002e-05,1.1748436251456099e-05,1.1441269105506002e-05,1.1748436251456099e-05,0.0033824945093090695,0.003427599196442912,-0.013334740680201795,-3.0716714595009646e-07,0.039999999999999994,0.05434782608695652,0.07608695652173914,1.0
2021-08-02,2019-05-10,1.077525829116352e-05,1.2571742580548767e-05,0.005724667489373373,1.8896324739180824e-05,1.1639616018367992e-05,0.012708688513374837,2021-07-28,233,43513,175,100.0,1.4905400656155177e-05,1.2097689643211117e-05,1.4905400656155177e-05,1.2097689643211117e-05,0.0038607513072140736,0.003478173319892371,0.09909418060853337,2.8077110129440597e-06,0.04,0.06285714285714286,0.07428571428571429,1.0
2021-08-04,2019-05-10,1.1006956692170784e-05,1.1159443898172824e-05,0.0056663952225841484,1.608168855465137e-05,1.3371729861629672e-05,0.012632635158109484,2021-07-30,234,43605,171,100.0,1.3499807431634932e-05,1.2246180862677942e-05,1.3499807431634932e-05,1.2246180862677942e-05,0.0036742084088460377,0.0034994543664231344,0.047562365270887974,1.2536265689569897e-06,0.04,0.08771929824561403,0.1111111111111111,1.0
2021-08-06,2019-05-10,6.3735179102046466e-06,1.9681407426150523e-05,0.005677954576363388,1.6025597636735574e-05,2.147240871733107e-05,0.012615191506700468,2021-08-02,235,43780,149,100.0,1.0843272951349837e-05,2.0510797285824734e-05,1.0843272951349837e-05,2.0510797285824734e-05,0.003292912533206711,0.004528884772857965,-0.37534317331157196,-9.667524334474897e-06,0.04,0.12080536912751678,0.1610738255033557,1.0
2021-08-09,2019-05-10,6.53218157227486e-06,1.838205405054829e-05,0.005816340495415356,1.7403627822209747e-05,1.7906706778021774e-05,0.012594379534000768,2021-08-04,236,43951,145,100.0,1.1855441460174012e-05,1.8149297799862893e-05,1.1855441460174012e-05,1.8149297799862893e-05,0.0034431731673231327,0.004260199267623862,-0.2372887045166887,-6.293856339688881e-06,0.04,0.006896551724137931,0.06206896551724138,1.0
2021-08-11,2019-05-10,1.3741823912049974e-05,1.4290959131525886e-05,0.005837912087912086,1.8521725416533545e-05,2.0063326076438214e-05,0.012588973976687446,2021-08-06,237,44100,144,100.0,1.5965805862052748e-05,1.6976713196172595e-05,1.5965805862052748e-05,1.6976713196172595e-05,0.0039957234466430165,0.004120280718127418,-0.031172645741798677,-1.0109073341198472e-06,0.04,0.020833333333333332,0.041666666666666664,1.0
2021-08-13,2019-05-10,1.1506351655477408e-05,1.538100747347245e-05,0.005708912620055074,1.346005721616294e-05,1.78481334369594e-05,0.012520246680595804,2021-08-09,238,44245,145,100.0,1.247646752009367e-05,1.6606063124307352e-05,1.247646752009367e-05,1.6606063124307352e-05,0.00353220434291303,0.004075053757229143,-0.15368573321792067,-4.129595604213682e-06,0.04,0.08275862068965517,0.08275862068965517,1.0
2021-08-16,2019-05-10,2.174731971755984e-05,6.068274124181061e-06,0.0057008718980549955,2.3514986631593376e-05,2.0045395812039308e-05,0.012497504036598493,2021-08-11,239,44389,155,100.0,2.2579833812556277e-05,1.2651047564269138e-05,2.2579833812556277e-05,1.2651047564269138e-05,0.004751824261539591,0.0035568311126997778,0.25148092249788623,9.92878624828714e-06,0.039999999999999994,0.04516129032258064,0.05806451612903226,1.0
2021-08-18,2019-05-10,3.9452549271203005e-05,4.822174628587298e-06,0.005659497969238963,3.8660770627604406e-05,9.697266285838574e-06,0.012550416629132508,2021-08-13,240,44534,182,100.0,3.9065360813619074e-05,7.206148021418966e-06,3.9065360813619074e-05,7.206148021418966e-06,0.006250228860899341,0.0026844269446976883,0.5705074158978192,3.185921279220011e-05,0.039999999999999994,0.25824175824175827,0.10989010989010989,1.0
2021-08-20,2019-05-10,2.245310738129454e-05,4.048556291882385e-06,0.005794137695978185,3.0176963364664243e-05,1.5251979313877491e-05,0.012669683535670445,2021-08-16,241,44689,186,100.0,2.631503537297939e-05,9.650267802879938e-06,2.631503537297939e-05,9.650267802879938e-06,0.005129818259254356,0.003106488017501426,0.39442532649237194,1.6664767570099455e-05,0.039999999999999994,0.0967741935483871,0.010752688172043012,1.0
2021-08-23,2019-05-10,1.4360748226171403e-05,6.508686038514989e-06,0.005735879614009042,1.835996098614158e-05,1.4755950769075947e-05,0.012569665734391914,2021-08-18,242,44871,179,100.0,1.6282157708615177e-05,1.0471059037555449e-05,1.6282157708615177e-05,1.0471059037555449e-05,0.004035115575620502,0.003235901580325868,0.19806470975041024,5.811098671059729e-06,0.039999999999999994,0.12290502793296089,0.0782122905027933,1.0
2021-08-25,2019-05-10,1.1696491692129308e-05,9.07022891214735e-06,0.0056810586819943856,1.9602364097433477e-05,1.834641690451112e-05,0.01244031296738621,2021-08-20,243,45057,160,1.0,1.550119278718194e-05,1.3534394383472414e-05,1.550119278718194e-05,1.3534394383472414e-05,0.0039371554182152805,0.0036789121195636644,0.06559133974159403,1.9667984037095254e-06,0.039999999999999994,0.0375,0.0375,1.0
2021-08-27,2019-05-10,1.0813313548635912e-05,1.5806352940307575e-05,0.005761149518774568,2.0150620676418717e-05,2.1556681096180843e-05,0.01248798234213239,2021-08-23,244,45236,146,100.0,1.560987542934626e-05,1.876028863681782e-05,1.560987542934626e-05,1.876028863681782e-05,0.003950933488347565,0.004331314885438118,-0.09627633525403723,-3.1504132074715607e-06,0.04,0.1095890410958904,0.1506849315068493,1.0
2021-08-30,2019-05-10,1.564134974283939e-05,5.401192041561562e-06,0.005720053835800806,1.6414075894303665e-05,1.922088732181913e-05,0.012377317046085506,2021-08-25,245,45396,165,100.0,1.5987905713799127e-05,1.1599115985434651e-05,1.5987905713799127e-05,1.1599115985434651e-05,0.003998487928429837,0.0034057474929058747,0.14824114668684885,4.388789728364476e-06,0.04,0.04242424242424243,0.024242424242424242,1.0
2021-09-01,2019-05-10,1.222157228332296e-05,5.525555908401842e-06,0.005598366594217216,1.2751310329032881e-05,1.5662997058331985e-05,0.012341409779431304,2021-08-27,246,45542,179,100.0,1.2473123869274596e-05,1.0339424610882635e-05,1.2473123869274596e-05,1.0339424610882635e-05,0.003531731001828225,0.003215497568166183,0.08954063418146563,2.133699258391961e-06,0.039999999999999994,0.07262569832402235,0.055865921787709494,1.0
2021-09-03,2019-05-10,1.4733247669788518e-05,6.670378122096766e-06,0.005532053368044255,1.6890705828952793e-05,1.9615572386352753e-05,0.012297021116970808,2021-08-30,247,45707,158,0.01,1.5730047958516316e-05,1.26513855986201e-05,1.5730047958516316e-05,1.26513855986201e-05,0.003966112449050873,0.0035568786314154857,0.10318260586215111,3.078662359896216e-06,0.04,0.1962025316455696,0.13924050632911392,1.0
2021-09-08,2019-05-10,2.4625672493304643e-05,2.284544119657542e-06,0.00542472397727998,2.136190190599403e-05,1.6788151375687124e-05,0.012344143445709473,2021-09-01,248,45886,166,0.01,2.33280287658197e-05,8.051038570850027e-06,2.33280287658197e-05,8.051038570850027e-06,0.004829909809284196,0.002837435209982781,0.4125283241255192,1.5276990194969673e-05,0.04,0.10843373493975904,0.024096385542168676,1.0
2021-09-10,2019-05-10,5.502641461267939e-05,1.1451485983083255e-05,0.0055169728045693514,2.3682011768058978e-05,8.50404706916486e-06,0.012412327943338231,2021-09-03,249,46044,194,0.01,3.9354213190369183e-05,9.97776652612406e-06,3.9354213190369183e-05,9.97776652612406e-06,0.006273293647707652,0.0031587602831053925,0.4964749841959579,2.9376446664245126e-05,0.039999999999999994,0.25257731958762886,0.10309278350515463,1.0
2021-09-13,2019-05-10,2.9262476291502446e-05,5.731280265100834e-06,0.005705846814794925,1.6536964641243497e-05,8.244012910987122e-06,0.012510971174568964,2021-09-08,250,46210,184,0.01,2.2830560076969384e-05,7.001302743728143e-06,2.2830560076969384e-05,7.001302743728143e-06,0.004778133534861639,0.0026459974950343666,0.4462278051190993,1.582925733324124e-05,0.039999999999999994,0.20652173913043478,0.10326086956521739,1.0
2021-09-15,2020-01-06,3.0593913299154663e-05,9.138729216057212e-06,0.005738590332163111,3.279273290535256e-05,1.7475984000465238e-05,0.012546743364027292,2021-09-10,250,46293,170,1.0,3.171919156820887e-05,1.3405441958666022e-05,3.171919156820887e-05,1.3405441958666022e-05,0.00563197936503756,0.0036613442830012617,0.34990097695841893,1.831374960954285e-05,0.039999999999999994,0.06470588235294118,0.01764705882352941,1.0
2021-09-17,2020-01-08,3.4262586181965196e-05,9.693350187349964e-06,0.0057127495127360685,3.224838893873556e-05,6.517513034666419e-06,0.012462569045329514,2021-09-13,250,46372,186,1.0,3.327714559522381e-05,8.139580397596187e-06,3.327714559522381e-05,8.139580397596187e-06,0.005768634638735912,0.00285299498730653,0.5054297652777486,2.5137565197627626e-05,0.039999999999999994,0.11290322580645161,0.03225806451612903,1.0
2021-09-20,2020-01-10,5.753543210778256e-05,1.6721353632969517e-05,0.005819526222100506,5.989594485332506e-05,9.913269162132586e-06,0.012826869053013142,2021-09-15,250,46444,190,100.0,5.8740535983138464e-05,1.3245647350489609e-05,5.8740535983138464e-05,1.3245647350489609e-05,0.007664237469124927,0.0036394570131394063,0.5251377546949958,4.549488863264885e-05,0.039999999999999994,0.1,0.03684210526315789,1.0
2021-09-22,2020-01-13,2.9142226167014797e-05,8.216914762833135e-06,0.005926235794464197,2.8891833509462163e-05,5.249366632776505e-06,0.013056707331134839,2021-09-17,250,46517,173,0.01,2.902643765485173e-05,6.844638170899433e-06,2.902643765485173e-05,6.844638170899433e-06,0.005387618922571615,0.0026162259403383786,0.5144003356700657,2.2181799483952297e-05,0.04,0.14450867052023122,0.06358381502890173,1.0
2021-09-24,2020-01-15,1.794657054619376e-05,1.20090818764407e-05,0.005789007695974937,1.4232069818225938e-05,1.1686208790097847e-05,0.012775350873234352,2021-09-20,250,46605,150,0.01,1.631219022588792e-05,1.1867017718449844e-05,1.631219022588792e-05,1.1867017718449844e-05,0.00403883525609648,0.003444853802188105,0.14706751235069093,4.445172507438077e-06,0.04,0.11333333333333333,0.07333333333333333,1.0
2021-09-27,2020-01-17,1.944683107094035e-05,1.090374168313098e-05,0.0057854614756329996,1.5882364281991638e-05,9.635644405345462e-06,0.012754342096370887,2021-09-22,250,46669,144,0.01,1.7788363884415597e-05,1.0313724199716884e-05,1.7788363884415597e-05,1.0313724199716884e-05,0.004217625384551785,0.003211498746647254,0.23855286948664223,7.474639684698713e-06,0.04,0.09027777777777778,0.05555555555555555,1.0
2021-09-29,2020-01-22,4.177360114214343e-05,8.46856231061069e-06,0.005989711789162148,3.0288921389704946e-05,5.705459008843717e-06,0.013053997971041228,2021-09-24,250,46719,182,1.0,3.6157466537929e-05,7.1173744322740925e-06,3.6157466537929e-05,7.1173744322740925e-06,0.006013107893421588,0.0026678407809076787,0.5563291349176807,2.904009210565491e-05,0.039999999999999994,0.06593406593406594,0.038461538461538464,1.0
2021-10-01,2020-01-24,3.5381960550446324e-05,6.55980353512717e-06,0.006007067137809186,2.490617630312713e-05,4.289449850041428e-06,0.013193316866290722,2021-09-27,250,46751,165,1.0,3.062024043802851e-05,5.5278245873609235e-06,3.062024043802851e-05,5.5278245873609235e-06,0.005533555858399598,0.002351132617986685,0.5751136017868492,2.5092415850667588e-05,0.04,0.2727272727272727,0.1696969696969697,1.0
2021-10-04,2020-01-27,5.593152478987078e-05,1.296352060450294e-05,0.0059586400280406595,2.9017907976811576e-05,4.088797949652131e-06,0.013038365880619017,2021-09-29,250,46814,176,1.0,4.247471638334118e-05,8.526159277077534e-06,4.247471638334118e-05,8.526159277077534e-06,0.006517262951833475,0.002919958780030556,0.5519654797403724,3.394855710626364e-05,0.039999999999999994,0.10227272727272728,0.0625,1.0
2021-10-06,2020-01-29,2.9748088853459594e-05,5.585580213976979e-06,0.006023669477712419,2.0193873401062538e-05,3.8226093917431015e-06,0.013072685292080352,2021-10-01,250,46860,166,1.0,2.566164730454279e-05,4.831538476756466e-06,2.566164730454279e-05,4.831538476756466e-06,0.005065732652296486,0.002198076085297428,0.566089204431079,2.0830108827786323e-05,0.04,0.16265060240963855,0.030120481927710843,1.0
2021-10-08,2020-01-31,2.3858609722305103e-05,6.479295857567818e-06,0.005932025961337148,1.3759569625342602e-05,7.97655398462196e-06,0.012906989467925041,2021-10-04,250,46920,155,1.0,1.9558373293921075e-05,7.1168380277973225e-06,1.9558373293921075e-05,7.1168380277973225e-06,0.00442248496819617,0.002667740247437393,0.39677799548847237,1.2441535266123752e-05,0.039999999999999994,0.3225806451612903,0.14838709677419354,1.0
2021-10-11,2020-02-03,2.5130082045472018e-05,3.4658354126194e-06,0.005948215535339399,1.4491276631961255e-05,4.950076330428892e-06,0.012930571415520939,2021-10-06,250,46975,170,100.0,2.0436491421864328e-05,4.120647582241235e-06,2.0436491421864328e-05,4.120647582241235e-06,0.004520673779633333,0.002029937827186152,0.5509656466849068,1.631584383962309e-05,0.039999999999999994,0.11176470588235295,0.023529411764705882,1.0
2021-10-13,2020-02-05,3.782256430843357e-05,3.3471960696478345e-06,0.006006642640096106,3.0655161532964065e-05,1.2071915213939741e-05,0.013057008440570088,2021-10-08,250,47018,178,100.0,3.439992815160825e-05,7.513494537427677e-06,3.439992815160825e-05,7.513494537427677e-06,0.005865145194418314,0.0027410754344650346,0.5326500293507421,2.6886433614180572e-05,0.039999999999999994,0.15168539325842698,0.028089887640449437,1.0
2021-10-15,2020-02-07,1.960776353977733e-05,5.95062366873837e-06,0.005912632164718974,2.222654630894724e-05,2.1867826146660243e-05,0.01279498305084746,2021-10-11,250,47080,167,0.01,2.0752500917917474e-05,1.290844271597368e-05,2.0752500917917474e-05,1.290844271597368e-05,0.004555491292705703,0.0035928321302245224,0.21131840686922165,7.844058201943793e-06,0.04,0.0718562874251497,0.059880239520958084,1.0
2021-10-18,2020-02-10,1.811875586854863e-05,4.591151423260848e-06,0.005868544600938968,2.087938844895709e-05,2.0388368321799887e-05,0.012698275282032885,2021-10-13,250,47142,160,100.0,1.932653262247733e-05,1.1502433816371676e-05,1.932653262247733e-05,1.1502433816371676e-05,0.004396195243898675,0.003391523819225169,0.2285320302977567,7.824098806105653e-06,0.039999999999999994,0.1625,0.0875,1.0
2021-10-20,2020-02-12,1.7894566521924836e-05,4.8430343913297135e-06,0.00571390158644797,2.0897807075800857e-05,2.303382534620884e-05,0.012563864725723418,2021-10-15,250,47202,169,100.0,1.9191824275965957e-05,1.270059498130709e-05,1.9191824275965957e-05,1.270059498130709e-05,0.004380847438106691,0.003563789413153798,0.18650684291028585,6.491229294658867e-06,0.04,0.05325443786982249,0.011834319526627219,1.0
2021-10-22,2020-02-14,2.2230807515496774e-05,4.52084615880976e-06,0.005686379448755687,1.9819374399650383e-05,2.25010726316628e-05,0.012482153486628894,2021-10-18,250,47254,166,100.0,2.125751824584793e-05,1.1777925518334783e-05,2.125751824584793e-05,1.1777925518334783e-05,0.004610587624787965,0.0034318982383419795,0.2556484080486794,9.479592727513146e-06,0.04,0.05421686746987952,0.030120481927710843,1.0
2021-10-25,2020-02-19,2.099480786313753e-05,4.148267579414239e-06,0.005716591566346089,1.6975275721821123e-05,2.2342449821114375e-05,0.012495100635593222,2021-10-20,250,47324,165,100.0,1.9362634205754504e-05,1.1536208247256112e-05,1.9362634205754504e-05,1.1536208247256112e-05,0.004400299331381276,0.0033964994107545656,0.22812082656922616,7.826425958498392e-06,0.04,0.05454545454545454,0.04242424242424243,1.0
2021-10-27,2020-02-21,2.806269629405814e-05,5.113685476246585e-06,0.005692472542191268,1.4480700795658509e-05,1.1471817927157769e-05,0.012417273445039035,2021-10-22,250,47381,177,100.0,2.146353463946849e-05,8.20294757103959e-06,2.146353463946849e-05,8.20294757103959e-06,0.004632875418082003,0.0028640788346411816,0.38179239107903706,1.3260587068428901e-05,0.039999999999999994,0.14124293785310735,0.07344632768361582,1.0
2021-10-29,2020-02-24,1.61956691296002e-05,1.5350340419037313e-05,0.0055712132136068685,1.347404204995043e-05,1.54123354919508e-05,0.012353333915168442,2021-10-25,250,47432,159,100.0,1.4877648468386163e-05,1.5380363190196672e-05,1.4877648468386163e-05,1.5380363190196672e-05,0.0038571554892674683,0.003921780614745893,-0.016754607289813483,-5.027147218105095e-07,0.039999999999999994,0.16981132075471697,0.06918238993710692,1.0
2021-11-01,2020-02-26,1.1001920155723923e-05,1.6063484650937524e-05,0.005674232309746328,1.8927808752571278e-05,2.069824062587466e-05,0.012328317909635277,2021-10-27,250,47493,151,100.0,1.4676173147639921e-05,1.821204702342494e-05,1.4676173147639921e-05,1.821204702342494e-05,0.003830949379414967,0.0042675575008926285,-0.11396864803897166,-3.535873875785019e-06,0.04,0.1390728476821192,0.052980132450331126,1.0
2021-11-03,2020-02-28,1.0266535180128924e-05,1.5863401136529847e-05,0.005665911211838419,1.6294824720433852e-05,2.5373361276602414e-05,0.012257588222558995,2021-10-29,250,47529,150,100.0,1.2918982577863094e-05,2.004778359816178e-05,1.2918982577863094e-05,2.004778359816178e-05,0.003594298621130845,0.004477475136520781,-0.24571595420529335,-7.128801020298687e-06,0.04,0.08,0.02,1.0
2021-11-05,2020-03-02,9.067118305202633e-06,1.348028629292095e-05,0.0056306306306306295,1.681004203754224e-05,1.8004302454457024e-05,0.0121260628386627,2021-11-01,250,47563,162,100.0,1.3368742600946857e-05,1.5993628604885437e-05,1.3368742600946857e-05,1.5993628604885437e-05,0.003656329115512833,0.003999203496308413,-0.0937755792663344,-2.6248860039385805e-06,0.039999999999999994,0.16049382716049382,0.18518518518518517,1.0
2021-11-08,2020-03-04,7.090849542773847e-06,1.2097827831994992e-05,0.005717874140666316,1.5333092531564144e-05,1.735905013033387e-05,0.012084135487588842,2021-11-03,250,47593,143,100.0,1.1298428131457006e-05,1.4783626627650497e-05,1.1298428131457006e-05,1.4783626627650497e-05,0.0033613134533180635,0.003844948195704397,-0.14388266643473013,-3.485198496193491e-06,0.04000000000000001,0.02097902097902098,0.07692307692307693,1.0
2021-11-10,2020-03-06,1.112964811323165e-05,7.1801281240727525e-06,0.005735693919501358,1.649401960043179e-05,1.0792182638949997e-05,0.012113868800547739,2021-11-05,250,47634,158,100.0,1.3743930420284883e-05,8.940433172462295e-06,1.3743930420284883e-05,8.940433172462295e-06,0.0037072807312482936,0.002990055713939507,0.19346390772712985,4.803497247822588e-06,0.04,0.08227848101265822,0.03164556962025317,1.0
2021-11-12,2020-03-09,9.823736851967435e-06,1.3068993767078147e-05,0.0058497328734699395,1.0180163090710596e-05,1.3121213132708224e-05,0.012208163529335665,2021-11-08,250,47650,153,100.0,1.0012433096007931e-05,1.3096639313588188e-05,1.0012433096007931e-05,1.3096639313588188e-05,0.003164242894597052,0.0036189279232375143,-0.14369473007803468,-3.0842062175802566e-06,0.039999999999999994,0.1895424836601307,0.09803921568627451,1.0
2021-11-15,2020-03-11,6.7276570265135744e-06,1.0311737126862624e-05,0.005767051136742451,1.1385076713271791e-05,1.4363755098187786e-05,0.012116720525606183,2021-11-10,250,47687,138,0.01,9.09011628791267e-06,1.2367108561592777e-05,9.09011628791267e-06,1.2367108561592777e-05,0.003014981971407569,0.0035166900007809585,-0.16640498488260058,-3.276992273680107e-06,0.039999999999999994,0.13043478260869565,0.12318840579710146,1.0
2021-11-17,2020-03-13,1.795795344511708e-05,7.83623265907211e-06,0.005728476821192053,2.55313987906721e-05,1.9804201111685616e-05,0.012064822707125809,2021-11-12,250,47711,158,100.0,2.1457076927557055e-05,1.3365737070722653e-05,2.1457076927557055e-05,1.3365737070722653e-05,0.00463217842138632,0.0036559180886232465,0.21075620236383252,8.091339856834403e-06,0.04,0.189873417721519,0.17721518987341772,1.0
2021-11-19,2020-03-16,1.527467449886881e-05,5.23901564869951e-06,0.005479191740039272,2.3590314547988238e-05,1.5728519587697275e-05,0.012053264641389734,2021-11-15,250,47761,177,100.0,1.9502966049268518e-05,1.0572661719376339e-05,1.9502966049268518e-05,1.0572661719376339e-05,0.00441621625934108,0.003251562965617664,0.2637219794795981,8.93030432989218e-06,0.039999999999999994,0.14124293785310735,0.062146892655367235,1.0
2021-11-22,2020-03-18,1.869210777717434e-05,4.19466006282758e-06,0.005387729679227652,2.116094431975794e-05,1.0344173978856776e-05,0.012074857642517435,2021-11-17,250,47796,199,100.0,1.99079167277934e-05,7.223063900872109e-06,1.99079167277934e-05,7.223063900872109e-06,0.004461828854605855,0.0026875758409526064,0.3976515172296946,1.268485282692129e-05,0.039999999999999994,0.23618090452261306,0.11557788944723618,1.0
2021-11-24,2020-03-20,3.4455824243797965e-05,6.903243139153392e-06,0.005359023604485472,2.318461398919053e-05,1.3014005863219672e-05,0.012092910997671886,2021-11-19,250,47826,174,100.0,2.8949773257351803e-05,9.88838584918577e-06,2.8949773257351803e-05,9.88838584918577e-06,0.005380499350185985,0.003144580393182176,0.415559748543882,1.9061387408166032e-05,0.039999999999999994,0.16666666666666666,0.05172413793103448,1.0
2021-11-26,2020-03-23,7.26939758941181e-05,2.653828152880823e-05,0.005341484500432259,8.857581914205345e-05,3.077123123163259e-05,0.01206071063394683,2021-11-22,250,47871,152,100.0,8.105284076145249e-05,2.876614979345263e-05,8.105284076145249e-05,2.876614979345263e-05,0.009002935119251525,0.005363408411957142,0.40426001732610084,5.2286690967999865e-05,0.04,0.32894736842105265,0.2236842105263158,1.0
2021-11-29,2020-03-25,2.0662499707623885e-05,5.6275520312914576e-06,0.0055162298322811035,2.4362676080928056e-05,7.002262418186293e-06,0.012335838943721813,2021-11-24,250,47904,195,100.0,2.2616951843266598e-05,6.353681107446165e-06,2.2616951843266598e-05,6.353681107446165e-06,0.004755728318908324,0.0025206509293129353,0.4699758353960073,1.6263270735820434e-05,0.039999999999999994,0.2358974358974359,0.13846153846153847,1.0
2021-12-01,2020-03-27,5.066620180814439e-05,1.974158155462672e-05,0.00523290986085904,5.43481187905999e-05,1.8035363189451826e-05,0.012428176310475018,2021-11-26,250,47907,219,0.01,5.2616440940403946e-05,1.8837831187684767e-05,5.2616440940403946e-05,1.8837831187684767e-05,0.007253719110939157,0.0043402570416606395,0.4016507979864834,3.377860975271918e-05,0.039999999999999994,0.2009132420091324,0.1141552511415525,1.0
2021-12-03,2020-03-30,4.868599869697134e-05,1.7105645646958782e-05,0.005282120175867123,5.978286018842545e-05,2.332462974011197e-05,0.012378181023174468,2021-11-29,250,47835,222,0.01,5.4384387030420746e-05,2.0299178019118537e-05,5.4384387030420746e-05,2.0299178019118537e-05,0.00737457707468169,0.004505460910841258,0.3890550108548797,3.408520901130221e-05,0.039999999999999994,0.13513513513513514,0.05855855855855856,1.0
2021-12-08,2020-04-01,2.550841772430973e-05,9.46136423483751e-06,0.005053160415936438,1.5769371737272147e-05,1.1260402051210296e-05,0.012090586828393276,2021-12-01,250,47785,216,100.0,2.1405393720511488e-05,1.0219292203772344e-05,2.1405393720511488e-05,1.0219292203772344e-05,0.004626596342940616,0.00319676276939224,0.30904653606318044,1.1186101516739143e-05,0.039999999999999994,0.18518518518518517,0.13425925925925927,1.0
2021-12-10,2020-04-03,4.619764019027855e-05,1.9586242369054736e-05,0.00495531622364803,1.4414667623735891e-05,1.3259321142047542e-05,0.012140623994853649,2021-12-03,250,47744,179,1.0,3.146028419573642e-05,1.665253029172738e-05,3.146028419573642e-05,1.665253029172738e-05,0.0056089467991536895,0.0040807511920879684,0.272456784096491,1.4807753904009044e-05,0.039999999999999994,0.27932960893854747,0.2681564245810056,1.0
2021-12-13,2020-04-06,5.6411321282410214e-05,2.967064823654601e-05,0.0048202842017274995,1.4272523176839174e-05,8.827729689911535e-06,0.012027403662318902,2021-12-08,250,47719,158,100.0,3.480851972195924e-05,1.8985354551246064e-05,3.480851972195924e-05,1.8985354551246064e-05,0.005899874551374736,0.004357218671497457,0.26147265784114393,1.5823165170713174e-05,0.04,0.25316455696202533,0.24050632911392406,1.0
2021-12-15,2020-04-08,7.270189439150332e-05,3.096223033500668e-05,0.004961853955142544,2.467797898162155e-05,1.4770946083473307e-05,0.01221896581491713,2021-12-10,250,47699,182,100.0,4.948153968782422e-05,2.3133477510089443e-05,4.948153968782422e-05,2.3133477510089443e-05,0.00703431160013716,0.0048097273841756815,0.31624760778554395,2.6348062177734775e-05,0.039999999999999994,0.15934065934065933,0.14835164835164835,1.0
2021-12-17,2020-04-13,7.49266176811935e-05,4.5247044385708625e-05,0.005021479159410195,2.115018282197792e-05,6.974756184199519e-06,0.012138021224139778,2021-12-13,250,47635,179,100.0,4.7587759736005684e-05,2.5790182786058745e-05,4.7587759736005684e-05,2.5790182786058745e-05,0.00689838819841314,0.005078403566679075,0.2638275172963914,2.179757694994694e-05,0.039999999999999994,0.2122905027932961,0.17318435754189945,1.0
2021-12-20,2020-04-15,5.1559878756163856e-05,2.98770303881157e-05,0.00505434147481594,2.692548528339672e-05,8.946302504328853e-06,0.012434407549959775,2021-12-15,250,47590,199,0.01,3.992353209063566e-05,1.9990153900296786e-05,3.992353209063566e-05,1.9990153900296786e-05,0.006318507109328568,0.004471034992068032,0.29239060513724036,1.9933378190338875e-05,0.039999999999999994,0.1708542713567839,0.1457286432160804,1.0
2021-12-22,2020-04-17,3.0079819589370402e-05,1.4049563745077267e-05,0.005000289034048211,7.134241884868518e-06,8.798676815153633e-06,0.012348747462531855,2021-12-17,250,47512,182,1.0,1.9363478353751386e-05,1.1597226442640407e-05,1.9363478353751386e-05,1.1597226442640407e-05,0.004400395249719209,0.0034054700766032882,0.22609904716613982,7.76625191111098e-06,0.039999999999999994,0.24175824175824176,0.14835164835164835,1.0
2021-12-27,2020-04-20,2.404211055301775e-05,1.021269896324493e-05,0.004906966190152031,5.905886713608185e-06,1.5668526750010685e-05,0.012150894602634936,2021-12-20,250,47478,164,1.0,1.685397305569079e-05,1.2375069732389894e-05,1.685397305569079e-05,1.2375069732389894e-05,0.004105359065379153,0.003517821731183929,0.1431147251284247,4.478903323300897e-06,0.04,0.13414634146341464,0.06707317073170732,1.0
2021-12-29,2020-04-22,2.4636816853322294e-05,1.225137445865413e-05,0.0048245858664733125,4.991693823787736e-06,1.8039619865434837e-05,0.011991131754985637,2021-12-22,250,47411,157,0.01,1.6878870179238582e-05,1.4537178377255427e-05,1.6878870179238582e-05,1.4537178377255427e-05,0.0041083902174986475,0.0038127651877942112,0.07195641456970092,2.3416918019831547e-06,0.039999999999999994,0.17834394904458598,0.16560509554140126,1.0
2021-12-31,2020-04-24,1.9000596196465357e-05,7.615968821155446e-06,0.0048540965207631865,3.7600480555163457e-06,1.1597562280104615e-05,0.01200901167674731,2021-12-27,250,47323,170,0.01,1.1469972409172904e-05,9.583344412636212e-06,1.1469972409172904e-05,9.583344412636212e-06,0.0033867347710107008,0.0030956977263027815,0.08593440714610945,1.8866279965366921e-06,0.039999999999999994,0.35294117647058826,0.25882352941176473,1.0
2022-01-03,2020-04-27,1.9758581693670028e-05,7.591671077763312e-06,0.00487131835332545,4.378784838547673e-06,1.7770928402632086e-05,0.012039352787603168,2021-12-29,250,47240,150,0.01,1.3606662951621088e-05,1.166337400771082e-05,1.3606662951621088e-05,1.166337400771082e-05,0.0036887210455144323,0.0034151682253896103,0.0741592591983794,1.943288943910268e-06,0.04,0.19333333333333333,0.19333333333333333,1.0
2022-01-05,2020-04-29,2.8877238339945885e-05,1.4140415919613376e-05,0.00481357818586533,7.858336357536304e-06,6.405817303157866e-06,0.011974057166788813,2021-12-31,250,47190,157,0.01,1.8300848170453164e-05,1.024848413171538e-05,1.8300848170453164e-05,1.024848413171538e-05,0.004277949061227022,0.0032013253711104376,0.25166818835560945,8.052364038737784e-06,0.039999999999999994,0.35668789808917195,0.3057324840764331,1.0
2022-01-07,2020-05-01,1.408872724490433e-05,7.976071101629556e-06,0.005029069767441861,6.517195762034662e-06,8.076040854085496e-06,0.012219966234987395,2022-01-03,250,47227,150,100.0,1.0605822762784283e-05,8.022057187759288e-06,1.0605822762784283e-05,8.022057187759288e-06,0.003256658220136753,0.002832323637538494,0.13029754856511788,2.583765575024996e-06,0.04,0.34,0.2733333333333333,1.0
2022-01-10,2020-05-04,2.90801841179503e-05,1.3115700014083861e-05,0.0050241040831736075,6.681277632851809e-06,7.432032128316696e-06,0.012268469608873823,2022-01-05,250,47178,150,100.0,1.937399130774095e-05,1.0652777263584755e-05,1.937399130774095e-05,1.0652777263584755e-05,0.004401589634182286,0.0032638592591569806,0.2584817008359457,8.721214044156196e-06,0.04,0.26666666666666666,0.10666666666666667,1.0
2022-01-12,2020-05-06,1.6853121965616388e-05,6.780878795766543e-06,0.004940598583504683,8.844442855473649e-06,1.2074959933938456e-05,0.012172881319850984,2022-01-07,250,47094,168,100.0,1.3230148082456577e-05,9.175820263034788e-06,1.3230148082456577e-05,9.175820263034788e-06,0.003637327051896293,0.003029161643596259,0.1672011891212728,4.054327819421789e-06,0.039999999999999994,0.2916666666666667,0.17261904761904762,1.0
2022-01-14,2020-05-08,2.1245876931955583e-05,7.87305331954869e-06,0.005023520529647483,7.736030399810754e-06,5.442701955894459e-06,0.012309669989021164,2022-01-10,250,47038,163,100.0,1.494680738322548e-05,6.7398833585810735e-06,1.494680738322548e-05,6.7398833585810735e-06,0.0038661101100751745,0.002596128532754315,0.32849079337167797,8.206924024644407e-06,0.04,0.294478527607362,0.2392638036809816,1.0
2022-01-19,2020-05-11,3.982873851738176e-05,2.3122966182601617e-05,0.005094228504122497,3.0837633887083275e-05,5.815786720253893e-06,0.012526475935946023,2022-01-12,250,47027,197,100.0,3.562984701490734e-05,1.5040425519982375e-05,3.562984701490734e-05,1.5040425519982375e-05,0.005969074217574056,0.003878198746838843,0.3502847166113784,2.0589421494924963e-05,0.039999999999999994,0.1065989847715736,0.050761421319796954,1.0
2022-01-21,2020-05-13,6.110344794012602e-05,4.4734280202224625e-05,0.0052580390249832845,5.49420666610545e-05,1.8090562599191207e-05,0.012799576944599886,2022-01-14,250,46997,206,100.0,5.778348035771368e-05,3.037771392097847e-05,5.778348035771368e-05,3.037771392097847e-05,0.007601544603415393,0.005511598127673903,0.2749370798669618,2.740576643673521e-05,0.039999999999999994,0.21844660194174756,0.13106796116504854,1.0
2022-01-24,2020-05-15,8.483789914476087e-05,6.645273116699141e-05,0.005326026722492457,6.060783792861516e-05,2.3976468670310388e-05,0.013055872414265491,2022-01-19,250,47011,164,100.0,6.96202387468157e-05,3.9775566306271006e-05,6.96202387468157e-05,3.9775566306271006e-05,0.008343874324725636,0.006306787320519934,0.24414162113745475,2.9844672440544688e-05,0.04,0.21951219512195122,0.18902439024390244,1.0
2022-01-26,2020-05-18,0.00010648679618770501,9.012731432795624e-05,0.005413693829014896,6.885757499728578e-05,3.047269980930671e-05,0.013161348309434488,2022-01-21,250,47014,194,0.01,8.321098926579623e-05,5.3227552770028695e-05,8.321098926579623e-05,5.3227552770028695e-05,0.00912200576988396,0.007295721538684758,0.20020643236475755,2.9983436495767537e-05,0.039999999999999994,0.21649484536082475,0.20618556701030927,1.0
2022-01-28,2020-05-20,2.779912544381231e-05,1.4438833223246509e-05,0.005432734581082777,4.827429464293086e-05,1.2987218266383475e-05,0.01325992718671737,2022-01-24,250,46997,214,1.0,3.870645856857639e-05,1.3665543012581156e-05,3.870645856857639e-05,1.3665543012581156e-05,0.006221451484065145,0.003696693524297241,0.4058149398471572,2.504091555599524e-05,0.039999999999999994,0.1542056074766355,0.037383177570093455,1.0
2022-01-31,2020-05-22,1.3973115734061544e-05,5.634322726158169e-06,0.005078377267656904,3.2815126220332685e-05,9.361717799537206e-06,0.01293859260097296,2022-01-26,250,46976,162,1.0,2.548767769789391e-05,7.912175271000914e-06,2.548767769789391e-05,7.912175271000914e-06,0.0050485322320347635,0.002812858914165606,0.4428362967919668,1.7575502426892994e-05,0.039999999999999994,0.3148148148148148,0.2222222222222222,1.0
2022-02-02,2020-05-27,1.756268178543269e-05,9.572652409041463e-06,0.0049538972567436,5.4177521964867975e-05,2.8957597676788738e-05,0.012624375758913786,2022-01-28,250,46984,178,100.0,3.504729647785964e-05,1.8829508295325276e-05,3.504729647785964e-05,1.8829508295325276e-05,0.00592007571555125,0.004339298133952688,0.26701982500765487,1.6217788182534366e-05,0.039999999999999994,0.19662921348314608,0.10112359550561797,1.0
2022-02-04,2020-05-29,8.545045769427563e-06,6.505425401330722e-06,0.005002891844997108,1.9183678378729173e-05,5.242016706365539e-06,0.01280387595163458,2022-01-31,250,46941,194,100.0,1.4193391948592854e-05,5.834646558127558e-06,1.4193391948592854e-05,5.834646558127558e-06,0.0037674118368706193,0.0024155013057598537,0.3588433093191433,8.358745390465297e-06,0.039999999999999994,0.29381443298969073,0.18041237113402062,1.0
2022-02-07,2020-06-01,6.003909915858661e-06,2.864622670934327e-06,0.005104704449213994,1.238263114464907e-05,3.8015151796093407e-06,0.012743951415199463,2022-02-02,250,46975,183,100.0,9.559262731905772e-06,3.3868250528187604e-06,9.559262731905772e-06,3.3868250528187604e-06,0.0030918057396779916,0.0018403328646793113,0.40477086219815994,6.172437679087012e-06,0.039999999999999994,0.3442622950819672,0.2896174863387978,1.0
2022-02-09,2020-06-03,2.3326072772051067e-05,1.375443034976399e-05,0.005033461076474289,1.2354459494979364e-05,6.993226003541595e-06,0.012680647092739613,2022-02-04,250,46969,168,100.0,1.8166802242951874e-05,1.0575054496480841e-05,1.8166802242951874e-05,1.0575054496480841e-05,0.004262253188508617,0.0032519308874084086,0.23703948508364547,7.591747746471033e-06,0.039999999999999994,0.2619047619047619,0.19642857142857142,1.0
2022-02-11,2020-06-05,1.1307139080849155e-05,8.73636525700117e-06,0.005112712061352546,2.90982404437836e-05,1.040013696986364e-05,0.01272636650939197,2022-02-07,250,46977,201,100.0,2.1132075654409973e-05,9.65516456111925e-06,2.1132075654409973e-05,9.65516456111925e-06,0.004596963742994932,0.003107276067735091,0.32405904386996676,1.1476911093290723e-05,0.039999999999999994,0.3034825870646766,0.263681592039801,1.0
2022-02-14,2020-06-08,1.2368485740730832e-05,1.3070458229054404e-05,0.005218216318785579,2.8042880677461902e-05,1.02545343504325e-05,0.012982361621940698,2022-02-09,250,46999,180,100.0,2.1773122702769477e-05,1.1380903901881264e-05,2.1773122702769477e-05,1.1380903901881264e-05,0.004666167881974402,0.0033735595299151408,0.2770171122759343,1.0392218800888213e-05,0.039999999999999994,0.4,0.36666666666666664,1.0
2022-02-16,2020-06-09,1.5102163824321578e-05,7.368163087224024e-06,0.005092887319868047,1.7057621815147132e-05,5.3929955066406155e-06,0.012818226854965253,2022-02-11,250,47123,192,100.0,1.6130816204912102e-05,6.32914264118796e-06,1.6130816204912102e-05,6.32914264118796e-06,0.004016318737962925,0.002515778734544825,0.3736107867223638,9.80167356372414e-06,0.039999999999999994,0.23958333333333334,0.19791666666666666,1.0
2022-02-23,2020-06-10,1.680974014313995e-05,2.589823114710274e-05,0.005355404089581305,3.730658664869447e-05,2.1612384589421737e-05,0.013311476592871935,2022-02-14,250,47148,184,100.0,2.895189377958257e-05,2.335933291456345e-05,2.895189377958257e-05,2.335933291456345e-05,0.0053806964028443914,0.004833149378465707,0.10176136756001242,5.592560865019118e-06,0.039999999999999994,0.24456521739130435,0.22826086956521738,1.0
2022-02-25,2020-06-12,9.328538431842961e-06,8.637585647307194e-06,0.0054073983040432575,2.116029211043318e-05,8.786577756872453e-06,0.013350947933691338,2022-02-16,250,47176,206,100.0,1.547415806101361e-05,8.714974752760993e-06,1.547415806101361e-05,8.714974752760993e-06,0.0039337206384050215,0.0029521136076988965,0.24953653828964595,6.759183308252616e-06,0.039999999999999994,0.18446601941747573,0.13106796116504854,1.0
2022-02-28,2020-06-15,8.214863049176792e-06,9.754395500362707e-06,0.005338186229905976,2.5502174920755497e-05,1.3348941834010187e-05,0.013062732153055399,2022-02-23,250,47157,175,100.0,1.838968089359169e-05,1.1870042771023795e-05,1.838968089359169e-05,1.1870042771023795e-05,0.00428831912217266,0.003445292842564155,0.1965866474931065,6.5196381225678935e-06,0.04,0.32,0.3142857142857143,1.0
2022-03-02,2020-06-17,9.199707748921721e-06,8.505529896206833e-06,0.005392156862745097,3.067248947763554e-05,1.699611782608956e-05,0.013298783664356483,2022-02-25,250,47156,208,100.0,2.0142567668362415e-05,1.283246412970476e-05,2.0142567668362415e-05,1.283246412970476e-05,0.004488047199881304,0.0035822428909420365,0.20182593199180787,7.310103538657655e-06,0.039999999999999994,0.14423076923076922,0.08173076923076923,1.0
2022-03-04,2020-06-19,2.3489549677969467e-05,2.383652449847816e-05,0.00529386993924081,4.319310718426007e-05,2.6526950728365317e-05,0.013123892038282346,2022-02-28,250,47090,209,100.0,3.433122007616764e-05,2.5316902567554823e-05,3.433122007616764e-05,2.5316902567554823e-05,0.005859284945807606,0.005031590461032656,0.14126202982621217,9.014317508612815e-06,0.039999999999999994,0.17703349282296652,0.16267942583732056,1.0
2022-03-07,2020-06-22,5.335414147100198e-05,5.37160014958877e-05,0.005393148250291108,7.065764456250614e-05,4.872416818210597e-05,0.013231392738968457,2022-03-02,250,47081,195,100.0,6.347003558603518e-05,5.07976989432153e-05,6.347003558603518e-05,5.07976989432153e-05,0.007966808368853563,0.007127250447628125,0.10538196506743036,1.2672336642819879e-05,0.039999999999999994,0.15384615384615385,0.1282051282051282,1.0
2022-03-09,2020-06-24,2.2518906875802494e-05,1.6993001442453536e-05,0.005589430894308945,3.947551487425829e-05,2.5184768231036824e-05,0.013737443843843842,2022-03-04,250,47071,197,100.0,3.181491532165644e-05,2.1483919275788532e-05,3.181491532165644e-05,2.1483919275788532e-05,0.005640471196775712,0.004635074894301983,0.17824686402945356,1.0330996045867907e-05,0.039999999999999994,0.24873096446700507,0.233502538071066,1.0
2022-03-11,2020-06-26,4.023468922511058e-05,4.165503227842611e-05,0.0055513499873832955,2.860113915624486e-05,1.792572601335188e-05,0.013439435461126255,2022-03-07,250,47068,212,0.01,3.3704536120417084e-05,2.8335280176804255e-05,3.3704536120417084e-05,2.8335280176804255e-05,0.005805560792930954,0.005323089345183327,0.08310505478387209,5.3692559436128296e-06,0.039999999999999994,0.1650943396226415,0.12735849056603774,1.0
2022-03-14,2020-06-29,6.922922513809017e-05,7.590029657552183e-05,0.005687326310347058,2.5869416865850486e-05,1.9066735278461574e-05,0.013612519342014434,2022-03-09,250,47038,220,100.0,4.419879036275181e-05,4.309183164494614e-05,4.419879036275181e-05,4.309183164494614e-05,0.006648217081500258,0.00656443688711729,0.012601904143006881,1.1069587178056704e-06,0.039999999999999994,0.21818181818181817,0.19090909090909092,1.0
2022-03-16,2020-07-01,1.683679725029052e-05,1.3915413475607351e-05,0.005674124701786062,2.1940656995055317e-05,6.8557088091774775e-06,0.013417676044770867,2022-03-11,250,47039,185,0.01,1.9540463493463224e-05,1.0175678030687739e-05,1.9540463493463224e-05,1.0175678030687739e-05,0.004420459647306287,0.0031899338599237037,0.27837055092956997,9.364785462775485e-06,0.039999999999999994,0.22702702702702704,0.1891891891891892,1.0
2022-03-18,2020-07-06,1.4434706682913831e-05,1.429823004940667e-05,0.0054787697671522875,9.00385528249637e-06,5.241775852868304e-06,0.012964407010225134,2022-03-14,250,47050,191,0.01,1.1648196540291258e-05,9.651462974743005e-06,1.1648196540291258e-05,9.651462974743005e-06,0.003412945434707572,0.003106680378594329,0.08973628848522286,1.9967335655482535e-06,0.039999999999999994,0.2670157068062827,0.2513089005235602,1.0
2022-03-21,2020-07-08,1.1154153757880994e-05,9.82445837576634e-06,0.0053665081107452115,8.609215332258684e-06,5.141082161675233e-06,0.013062251417259066,2022-03-16,250,47029,208,100.0,9.979566792209159e-06,7.662900123108904e-06,9.979566792209159e-06,7.662900123108904e-06,0.0031590452342771477,0.00276819437957469,0.1237243615449185,2.3166666691002543e-06,0.039999999999999994,0.18269230769230768,0.15865384615384615,1.0
2022-03-23,2020-07-10,1.0806710313717776e-05,7.0243902648473365e-06,0.005212652529321169,9.024348191392152e-06,4.596783215977945e-06,0.01291494917591583,2022-03-18,250,47002,181,100.0,9.979536732085994e-06,5.897765999073697e-06,9.979536732085994e-06,5.897765999073697e-06,0.0031590404764874403,0.0024285316549457815,0.23124389414405888,4.081770733012297e-06,0.039999999999999994,0.2541436464088398,0.2154696132596685,1.0
2022-03-25,2020-07-13,1.6807856094617282e-05,8.790556466976797e-06,0.005055437467685415,1.2230081626671791e-05,7.668616650237805e-06,0.012889147372860666,2022-03-21,250,46990,176,100.0,1.4596999107257244e-05,8.248710532756261e-06,1.4596999107257244e-05,8.248710532756261e-06,0.0038206019299656495,0.002872056847062095,0.24827111023107362,6.348288574500983e-06,0.039999999999999994,0.2784090909090909,0.2159090909090909,1.0
2022-03-28,2020-07-15,1.3322539979691764e-05,8.807244204436358e-06,0.005036630036630037,1.662901384695591e-05,1.1313305324683263e-05,0.012826508206498928,2022-03-23,250,46968,177,100.0,1.4704907585214627e-05,9.854975972223198e-06,1.4704907585214627e-05,9.854975972223198e-06,0.0038346978479685497,0.0031392636034941693,0.1813530744913292,4.849931612991429e-06,0.039999999999999994,0.3220338983050847,0.2768361581920904,1.0
2022-03-30,2020-07-17,1.3055800551228059e-05,7.66529822544987e-06,0.004917299955297273,1.4459878689205681e-05,9.46066886029007e-06,0.012580288159462683,2022-03-25,250,46899,184,0.01,1.3704423604098159e-05,8.49468139915322e-06,1.3704423604098159e-05,8.49468139915322e-06,0.003701948622563279,0.002914563672173456,0.2126947266611786,5.209742204944938e-06,0.039999999999999994,0.3804347826086957,0.30978260869565216,1.0
2022-04-01,2020-07-20,1.5562929200589574e-05,6.26031440372106e-06,0.005039802989519501,1.8009227331893314e-05,8.925517980765251e-06,0.012856328048888496,2022-03-28,250,46852,185,100.0,1.684558281538127e-05,7.657745468441528e-06,1.684558281538127e-05,7.657745468441528e-06,0.004104337073801477,0.002767263172963773,0.32577097757696905,9.18783734693974e-06,0.039999999999999994,0.2594594594594595,0.21081081081081082,1.0
2022-04-04,2020-07-22,1.0530766629984096e-05,6.123710238878284e-06,0.005048476851586256,2.171124934866239e-05,1.4991931390114435e-05,0.012819994701050956,2022-03-30,250,46831,170,100.0,1.5266029899071374e-05,9.879662726460654e-06,1.5266029899071374e-05,9.879662726460654e-06,0.0039071767171541365,0.0031431930781389574,0.19553342331842116,5.38636717261072e-06,0.039999999999999994,0.19411764705882353,0.19411764705882353,1.0
2022-04-06,2020-07-24,1.3028061504650896e-05,1.7412973580456077e-05,0.0050268479378498794,1.0942978476124596e-05,5.585069311734774e-06,0.012873715717358047,2022-04-01,250,46794,144,100.0,1.1927601017373125e-05,1.1170468549742052e-05,1.1927601017373125e-05,1.1170468549742052e-05,0.003453635912682911,0.0033422250896284725,0.032258994830723364,7.571324676310735e-07,0.04,0.2986111111111111,0.3194444444444444,1.0
2022-04-08,2020-07-27,8.231019727003039e-06,9.329024591562382e-06,0.005112118043453005,1.3331026759794872e-05,7.211564487736848e-06,0.012938547585622923,2022-04-04,250,46759,174,100.0,1.0399988235201865e-05,8.428495581889455e-06,1.0399988235201865e-05,8.428495581889455e-06,0.0032249012752643864,0.0029031871420715292,0.09975937423587711,1.9714926533124103e-06,0.039999999999999994,0.3103448275862069,0.29310344827586204,1.0
2022-04-11,2020-07-29,1.1353303713344885e-05,1.594729478560257e-05,0.005173731553883239,7.699474025901944e-06,3.91757461256608e-06,0.012973237705833729,2022-04-06,250,46697,185,100.0,9.714017961681295e-06,1.0550177086348363e-05,9.714017961681295e-06,1.0550177086348363e-05,0.003116731936128177,0.003248103613856609,-0.04215045772965342,-8.361591246670682e-07,0.039999999999999994,0.2918918918918919,0.2918918918918919,1.0
2022-04-13,2020-07-31,9.43755898952919e-06,6.863822862057058e-06,0.005248717642848622,1.652481225574279e-05,6.618437118773954e-06,0.013247922608318693,2022-04-08,250,46661,199,100.0,1.2892149777583056e-05,6.744212725883887e-06,1.2892149777583056e-05,6.744212725883887e-06,0.003590563991573337,0.0025969622111004786,0.2767258243564893,6.147937051699169e-06,0.039999999999999994,0.20100502512562815,0.1507537688442211,1.0
2022-04-18,2020-08-03,1.0402131932724079e-05,1.2010329751563014e-05,0.005323976042107807,1.1100749136157025e-05,8.102265534381646e-06,0.013263053061970355,2022-04-11,250,46653,195,100.0,1.0731735946651418e-05,1.0166525095251803e-05,1.0731735946651418e-05,1.0166525095251803e-05,0.0032759328361020193,0.003188498878038348,0.0266897895769157,5.652108513996155e-07,0.039999999999999994,0.11282051282051282,0.06666666666666667,1.0
2022-04-20,2020-08-05,1.3319322525853957e-05,1.1333111648827205e-05,0.005256869772998802,1.100978312523319e-05,8.278575353628978e-06,0.013046989034693512,2022-04-13,250,46658,199,100.0,1.2251595767778024e-05,9.920964215871241e-06,1.2251595767778024e-05,9.920964215871241e-06,0.0035002279594017905,0.0031497562153079786,0.10012826254713691,2.3306315519067826e-06,0.039999999999999994,0.21105527638190955,0.22613065326633167,1.0
2022-04-22,2020-08-07,4.653907016912148e-05,5.60833784464783e-05,0.005287825982454032,2.5712789120774005e-05,1.3034156728874247e-05,0.013254878327169789,2022-04-18,250,46636,231,100.0,3.6621793479432205e-05,3.558374905714304e-05,3.6621793479432205e-05,3.558374905714304e-05,0.00605159429236893,0.00596521156851482,0.014274374599605677,1.0380444222891631e-06,0.039999999999999994,0.19047619047619047,0.19913419913419914,1.0
2022-04-25,2020-08-10,3.943371092497178e-05,5.250567123751915e-05,0.005439149514803141,1.2751833185207087e-05,6.588200110968478e-06,0.013628842362219508,2022-04-20,250,46619,232,100.0,2.7012836804736488e-05,3.113029674757315e-05,2.7012836804736488e-05,3.113029674757315e-05,0.005197387498035574,0.005579453086779487,-0.07351108396060901,-4.117459942836663e-06,0.039999999999999994,0.11206896551724138,0.07327586206896551,1.0
2022-04-27,2020-08-12,9.614050979942086e-05,9.987033530539653e-05,0.0056122448979591824,2.7836017384949724e-05,2.853233272207523e-05,0.013954414804133624,2022-04-22,250,46630,211,100.0,6.441614839364752e-05,6.673704500603404e-05,6.441614839364752e-05,6.673704500603404e-05,0.008025967131358534,0.008169274447956442,-0.01785545769780028,-2.320896612386514e-06,0.03999999999999999,0.13270142180094788,0.12796208530805686,1.0
2022-05-02,2020-08-14,2.3791911978098033e-05,3.052343816999086e-05,0.00558198541071995,2.158633714353066e-05,1.785920462335623e-05,0.014093281553398061,2022-04-25,250,46671,219,100.0,2.2603520058102824e-05,2.369978721792289e-05,2.2603520058102824e-05,2.369978721792289e-05,0.004754315940080426,0.004868242723809372,-0.02396281298188585,-1.096267159820065e-06,0.039999999999999994,0.2146118721461187,0.2100456621004566,1.0
2022-05-04,2020-08-17,9.344342533357968e-06,9.881330541302892e-06,0.005517933283170302,1.4358703759271237e-05,3.914885845671398e-06,0.013945030981315141,2022-04-27,250,46649,192,0.01,1.1929872540469497e-05,6.804882495117903e-06,1.1929872540469497e-05,6.804882495117903e-06,0.0034539647566918653,0.0026086169697979622,0.24474707949931707,5.1249900453515935e-06,0.039999999999999994,0.296875,0.34375,1.0
2022-05-06,2020-08-19,1.1868409451136139e-05,3.679059580513104e-05,0.005613318874784716,2.0054119256434783e-05,1.5743387449229233e-05,0.014031637708126923,2022-05-02,250,46663,197,100.0,1.6646869489762253e-05,2.4504154379096994e-05,1.6646869489762253e-05,2.4504154379096994e-05,0.004080057535104408,0.004950167106179042,-0.21325914244794308,-7.857284889334741e-06,0.039999999999999994,0.19796954314720813,0.2639593908629442,1.0
2022-05-09,2020-08-21,3.304204068686573e-05,6.918554028590138e-05,0.005658697863682603,2.8851079078585984e-05,4.465852617549714e-05,0.014115894393932025,2022-05-04,250,46627,209,100.0,3.077611407569055e-05,5.5924523087453156e-05,3.077611407569055e-05,5.5924523087453156e-05,0.005547622380415825,0.007478270059810167,-0.3480135357103431,-2.5148409011762607e-05,0.039999999999999994,0.17703349282296652,0.19617224880382775,1.0
2022-05-11,2020-08-24,4.04953566194114e-05,8.9827974344817e-05,0.005760144974435314,1.7666199964047196e-05,3.382129894937793e-05,0.014549179383096546,2022-05-06,250,46584,188,100.0,2.8230756501369993e-05,5.973928171216091e-05,2.8230756501369993e-05,5.973928171216091e-05,0.0053132623219045,0.007729119077369743,-0.454684261589271,-3.150852521079091e-05,0.04,0.20212765957446807,0.19148936170212766,1.0
2022-05-13,2020-08-26,1.261669726548781e-05,4.243229973691373e-05,0.0062429854096520765,1.419195341903142e-05,1.303011237887308e-05,0.014799490238058823,2022-05-09,250,46562,195,100.0,1.3497225064135263e-05,2.5997230906008952e-05,1.3497225064135263e-05,2.5997230906008952e-05,0.003673856973826725,0.005098747974356935,-0.3878460731273461,-1.250000584187369e-05,0.039999999999999994,0.20512820512820512,0.2923076923076923,1.0
2022-05-16,2020-08-28,9.348201498211067e-06,3.9295985733863095e-05,0.00604989463666644,9.898947196732106e-06,5.35257747717727e-06,0.014453928109130735,2022-05-11,250,46498,215,1.0,9.627416759321734e-06,2.2087467129310748e-05,9.627416759321734e-06,2.2087467129310748e-05,0.003102807883082956,0.004699730537946909,-0.5146701681308246,-1.2460050369989014e-05,0.03999999999999999,0.14418604651162792,0.17674418604651163,1.0
2022-05-18,2020-08-31,1.91076881686508e-05,6.571120413365474e-05,0.005963548646475479,1.999853977056735e-05,1.845194086703217e-05,0.014220297805642636,2022-05-13,250,46461,205,100.0,1.9585706101386514e-05,4.035257506375971e-05,1.9585706101386514e-05,4.035257506375971e-05,0.004425574098508182,0.006352367673848839,-0.4353770906220189,-2.0766868962373195e-05,0.039999999999999994,0.15121951219512195,0.2146341463414634,1.0
2022-05-20,2020-09-02,1.002018811477859e-05,4.92405383589872e-05,0.006479796141244995,1.1620351733435157e-05,1.0214163055864162e-05,0.014908930313767776,2022-05-16,250,46472,221,100.0,1.0910776916112335e-05,2.7519976538697e-05,1.0910776916112335e-05,2.7519976538697e-05,0.0033031465175060483,0.0052459485833066455,-0.5881670872012839,-1.6609199622584667e-05,0.04,0.2081447963800905,0.27601809954751133,1.0
2022-05-23,2020-09-04,9.842167229475208e-06,3.245582852309019e-05,0.006468493349807398,7.919008952234504e-06,6.9156423595697384e-06,0.014902425377922641,2022-05-18,250,46451,232,100.0,8.789403862192583e-06,1.8474778338749256e-05,8.789403862192583e-06,1.8474778338749256e-05,0.0029646928782240804,0.004298229674964945,-0.44980605125603557,-9.685374476556673e-06,0.039999999999999994,0.23706896551724138,0.28448275862068967,1.0
2022-05-25,2020-09-09,1.0609870853835107e-05,4.1146445304266235e-05,0.006340837845540043,1.250788308386392e-05,9.869022199615552e-06,0.014741252633984105,2022-05-20,250,46446,204,100.0,1.156818095036926e-05,2.5354413050447508e-05,1.156818095036926e-05,2.5354413050447508e-05,0.003401202868158449,0.005035316578969738,-0.4804517031634945,-1.3786232100078248e-05,0.039999999999999994,0.17647058823529413,0.29901960784313725,1.0
2022-05-27,2020-09-11,2.635334367689543e-05,1.9027851956870454e-05,0.006190012519126443,1.0855380444160653e-05,2.7428009913147427e-06,0.014325903629320765,2022-05-23,250,46436,213,100.0,1.7622096785213865e-05,9.853175356557376e-06,1.7622096785213865e-05,9.853175356557376e-06,0.004197868123847373,0.0031389768008950585,0.2522450185933506,7.768921428656488e-06,0.04,0.29577464788732394,0.2535211267605634,1.0
2022-06-01,2020-09-14,1.8952123200255134e-05,2.056418657369479e-05,0.005979575382961569,1.5117177484833707e-05,4.531449795109408e-06,0.014061540696970434,2022-05-25,250,46428,199,100.0,1.698647263255169e-05,1.2346401893213838e-05,1.698647263255169e-05,1.2346401893213838e-05,0.004121464864893511,0.003513744710876679,0.14745246506730414,4.640070739337852e-06,0.039999999999999994,0.21105527638190955,0.20100502512562815,1.0
2022-06-03,2020-09-16,1.8029126897388017e-05,2.597752786120728e-05,0.005885854110177902,1.3490831888480952e-05,3.145194668982125e-06,0.013911286806104602,2022-05-27,250,46429,225,100.0,1.5568362492558405e-05,1.3597329419200753e-05,1.5568362492558405e-05,1.3597329419200753e-05,0.0039456764302915675,0.003687455683693128,0.06544397422354231,1.9710330733576515e-06,0.04,0.2577777777777778,0.26666666666666666,1.0
2022-06-06,2020-09-18,2.0743634092084813e-05,2.300360658446684e-05,0.006121887467327005,1.786438091498483e-05,5.092906885497163e-06,0.014143401373800364,2022-06-01,250,46363,185,100.0,1.9156153962008064e-05,1.3128518101791667e-05,1.9156153962008064e-05,1.3128518101791667e-05,0.004376774378695806,0.003623329698190832,0.1721461092836789,6.027635860216397e-06,0.039999999999999994,0.23783783783783785,0.23783783783783785,1.0
2022-06-08,2020-09-21,2.7043800651098424e-05,1.5716699473019727e-05,0.005984802636002959,1.8107948208002043e-05,4.2771124421194445e-06,0.013966498292201859,2022-06-03,250,46334,179,100.0,2.2351230094388594e-05,9.709318574111198e-06,2.2351230094388594e-05,9.709318574111198e-06,0.004727708757356844,0.0031159779482710075,0.34091161105848633,1.2641911520277396e-05,0.039999999999999994,0.3128491620111732,0.22905027932960895,1.0
2022-06-10,2020-09-23,1.066144880442971e-05,5.585531325298083e-05,0.00623948401570387,6.355877851845129e-06,7.558022339631834e-06,0.014464009565563969,2022-06-06,250,46265,231,100.0,8.070650698761931e-06,2.67933070323942e-05,8.070650698761931e-06,2.67933070323942e-05,0.0028408890683660863,0.005176225172110869,-0.8220441022316765,-1.872265633363227e-05,0.039999999999999994,0.21212121212121213,0.3246753246753247,1.0
2022-06-13,2020-09-25,3.1371907566174247e-05,0.00010998312724335318,0.006490191788813535,1.7934456697540172e-05,3.163382548042688e-05,0.014895926115956908,2022-06-08,250,46223,218,100.0,2.3851866254369857e-05,6.613627029345864e-05,2.3851866254369857e-05,6.613627029345864e-05,0.004883837246916594,0.00813242093680957,-0.6651703416087353,-4.2284404039088784e-05,0.039999999999999994,0.1651376146788991,0.18807339449541285,1.0
2022-06-15,2020-09-28,1.4085107019445777e-05,4.580630332822889e-05,0.00670382645375113,1.737994232689493e-05,1.2687681622044962e-05,0.015530617594350982,2022-06-10,250,46222,204,100.0,1.5845582747445566e-05,2.8110569181297285e-05,1.5845582747445566e-05,2.8110569181297285e-05,0.003980651045676519,0.005301940133696088,-0.33192788638297066,-1.226498643385172e-05,0.039999999999999994,0.16176470588235295,0.20588235294117646,1.0
2022-06-17,2020-09-30,1.3510129059462766e-05,4.860923867757096e-05,0.006842995540519763,1.0220161434317273e-05,2.00471109712273e-05,0.015836443474703393,2022-06-13,250,46200,210,100.0,1.1677147096881703e-05,3.269605324117949e-05,1.1677147096881703e-05,3.269605324117949e-05,0.00341718408881958,0.005718046278334891,-0.6733211116847124,-2.1018906144297788e-05,0.039999999999999994,0.14761904761904762,0.18095238095238095,1.0
2022-06-22,2020-10-02,1.9569041854742533e-05,4.577783304948005e-05,0.0065503790387870745,9.765054920724885e-06,1.1952367485691286e-05,0.01601681819393713,2022-06-15,250,46163,191,100.0,1.4025426206188054e-05,2.665139178828013e-05,1.4025426206188054e-05,2.665139178828013e-05,0.0037450535651961047,0.005162498599348975,-0.3784845822568754,-1.2625965582092075e-05,0.039999999999999994,0.15706806282722513,0.16753926701570682,1.0
2022-06-27,2020-10-05,3.1455592776804316e-05,3.1050660495062156e-05,0.006282648595228007,1.8407408321877224e-05,6.267989444324013e-06,0.015400502461033635,2022-06-17,250,46166,200,100.0,2.4540055015692962e-05,1.791584483817094e-05,2.4540055015692962e-05,1.791584483817094e-05,0.00495379198349032,0.0042327112868905835,0.14556135966203432,6.624210177522023e-06,0.039999999999999994,0.16,0.18,1.0
2022-06-29,2020-10-07,1.7959109776207607e-05,3.888506517173883e-05,0.006475552968568099,1.1062047391752437e-05,6.5483725014376525e-06,0.015782025482726916,2022-06-22,250,46140,220,1.0,1.4197075748322968e-05,2.124686916975637e-05,1.4197075748322968e-05,2.124686916975637e-05,0.0037679007083949237,0.00460943262991839,-0.22334238257619798,-7.049793421433402e-06,0.039999999999999994,0.21818181818181817,0.20909090909090908,1.0
2022-07-01,2020-10-09,2.1813716960008624e-05,3.380335106995454e-05,0.0065096547688706825,1.3152904714765071e-05,4.5772443383924605e-06,0.015924262425447318,2022-06-27,250,46124,211,100.0,1.701127604676931e-05,1.759740563112628e-05,1.701127604676931e-05,1.759740563112628e-05,0.004124472820466794,0.004194926177077051,-0.017081784673339984,-5.861295843569718e-07,0.03999999999999999,0.2890995260663507,0.2559241706161137,1.0
2022-07-06,2020-10-12,2.5396861456786692e-05,3.7031022863020096e-05,0.006287086747668833,1.4267841242693116e-05,7.964027691288715e-06,0.015727898209236566,2022-06-29,250,46136,188,100.0,1.9654760601642665e-05,2.2033690247818267e-05,1.9654760601642665e-05,2.2033690247818267e-05,0.004433368990016809,0.004694005778417647,-0.05878978018471903,-2.378929646175602e-06,0.04,0.18085106382978725,0.2127659574468085,1.0
2022-07-08,2020-10-14,5.412556355209178e-05,2.0905549450982715e-05,0.006081311923471132,2.3964905675648057e-05,5.006629387517447e-06,0.01544365664927119,2022-07-01,250,46166,194,100.0,3.920070192251138e-05,1.3038042615453512e-05,3.920070192251138e-05,1.3038042615453512e-05,0.0062610463919788506,0.003610822983123586,0.4232876172664234,2.6162659307057867e-05,0.039999999999999994,0.18556701030927836,0.11855670103092783,1.0
2022-07-11,2020-10-16,2.9202570087612777e-05,3.957590712875986e-05,0.00605277475516866,1.7947530398307244e-05,6.9172436841197096e-06,0.01545637172923045,2022-07-06,250,46131,203,100.0,2.360277201559377e-05,2.3327015464185202e-05,2.360277201559377e-05,2.3327015464185202e-05,0.004858268417409002,0.00482980490953674,0.00585877630191578,2.757565514085668e-07,0.039999999999999994,0.17733990147783252,0.20689655172413793,1.0
2022-07-13,2020-10-19,2.614948757084712e-05,4.61754039195986e-05,0.006101741395859043,1.8153848137447454e-05,4.5312071405239856e-06,0.015774566079352986,2022-07-08,250,46093,233,100.0,2.216882587868248e-05,2.5442670759200937e-05,2.216882587868248e-05,2.5442670759200937e-05,0.004708378264188476,0.005044072834446479,-0.07129728144640968,-3.2738448805184562e-06,0.04,0.16738197424892703,0.18025751072961374,1.0
2022-07-15,2020-10-21,5.460418734661674e-05,1.9962059141044814e-05,0.005994476998720279,3.117240875260692e-05,3.17065389841402e-06,0.01589645153608002,2022-07-11,250,46062,208,100.0,4.243768692280394e-05,1.1243444880448055e-05,4.243768692280394e-05,1.1243444880448055e-05,0.0065144214572595725,0.003353124644335199,0.48527667938976715,3.1194242042355884e-05,0.039999999999999994,0.052884615384615384,0.019230769230769232,1.0
2022-07-18,2020-10-23,3.216083280770479e-05,3.346029698292797e-05,0.005926616501298528,2.3423460266340777e-05,5.393598781504356e-06,0.015598442084490956,2022-07-13,250,46051,216,100.0,2.7792146537022782e-05,1.942694788221616e-05,2.7792146537022782e-05,1.942694788221616e-05,0.005271825730904122,0.004407601148268314,0.1639326917749978,8.365198654806623e-06,0.039999999999999994,0.19444444444444445,0.2037037037037037,1.0
2022-07-20,2020-10-26,6.743040480121441e-05,2.412783053517324e-05,0.005894039735099338,2.952823004729074e-05,2.874753846436305e-06,0.01531452316006832,2022-07-15,250,46012,229,100.0,4.8562073264326646e-05,1.3547696288378433e-05,4.8562073264326646e-05,1.3547696288378433e-05,0.006968649314201903,0.0036807195340555947,0.4718173683163541,3.501437697594821e-05,0.04,0.23580786026200873,0.24017467248908297,1.0
2022-07-22,2020-10-28,5.3539391588844965e-05,1.845359396664503e-05,0.005728999034438366,3.3159428829849816e-05,2.7151793051740924e-06,0.015064139020537125,2022-07-18,250,45970,227,100.0,4.357385913841122e-05,1.075771719385528e-05,4.357385913841122e-05,1.075771719385528e-05,0.006601049851229062,0.0032798959120458808,0.5031251110101538,3.281614194455594e-05,0.039999999999999994,0.27312775330396477,0.22026431718061673,1.0
2022-07-25,2020-10-30,3.478915680114975e-05,2.7542757473879347e-05,0.005775845285222921,2.9779729466073843e-05,5.0081876905105565e-06,0.015205214001872995,2022-07-20,250,45976,221,100.0,3.2431779231702264e-05,1.6938254046411677e-05,3.2431779231702264e-05,1.6938254046411677e-05,0.005694890625086865,0.004115611017383892,0.27731517805557226,1.5493525185290587e-05,0.04,0.19457013574660634,0.19004524886877827,1.0
2022-07-27,2020-11-02,4.031931112204161e-05,2.284791472024083e-05,0.00587071240105541,3.178993351164893e-05,2.4922520436434202e-06,0.015368589628795828,2022-07-22,250,45982,199,100.0,3.6247497689944595e-05,1.3130387311814932e-05,3.6247497689944595e-05,1.3130387311814932e-05,0.006020589480270565,0.0036235876299345834,0.39813407942709633,2.3117110378129663e-05,0.039999999999999994,0.2814070351758794,0.2562814070351759,1.0
2022-07-29,2020-11-04,0.00010193483068208733,1.637009454163821e-05,0.00565618048935494,3.3501569023479204e-05,4.1571794873256905e-06,0.014794069987933115,2022-07-25,250,45966,198,100.0,6.599008718463661e-05,9.95523006866598e-06,6.599008718463661e-05,9.95523006866598e-06,0.008123428290114747,0.0031551909718218296,0.6115936696749913,5.603485711597063e-05,0.039999999999999994,0.25757575757575757,0.18181818181818182,1.0
2022-08-01,2020-11-06,8.618599115834754e-05,1.726228351262512e-05,0.005476586056242694,,,,2022-07-27,250,45943,96,100.0,8.618599115834754e-05,1.726228351262512e-05,8.618599115834754e-05,1.726228351262512e-05,0.009283641050705673,0.004154790429447088,0.5524611080120043,6.892370764572242e-05,0.039999999999999994,0.23958333333333334,0.052083333333333336,1.0
2022-08-03,2020-11-09,6.605986428966683e-05,1.3672180629304805e-05,0.00556215236547716,3.357867987158366e-05,4.067702450075756e-06,0.01472192324658139,2022-07-29,250,45919,197,100.0,5.0561228069870795e-05,9.089333173225971e-06,5.0561228069870795e-05,9.089333173225971e-06,0.0071106418887376685,0.0030148520980681575,0.5760084468825113,4.147189489664482e-05,0.039999999999999994,0.1116751269035533,0.02030456852791878,1.0
2022-08-05,2020-11-11,8.535542132616032e-05,2.004563746926143e-05,0.005367589409565165,2.9257924027465865e-05,5.1823988746866495e-06,0.014504739599681293,2022-08-01,250,45833,206,100.0,5.812362652096884e-05,1.2830473102962995e-05,5.812362652096884e-05,1.2830473102962995e-05,0.0076238852641529724,0.0035819649779084937,0.530165413853922,4.529315341800584e-05,0.039999999999999994,0.19902912621359223,0.08737864077669903,1.0
2022-08-08,2020-11-13,6.241313757706183e-05,2.094471352459378e-05,0.005442999697611126,1.9664816062209514e-05,5.3308752374334445e-06,0.014529295958594337,2022-08-03,250,45806,219,100.0,4.172216917261275e-05,1.3387330609347227e-05,4.172216917261275e-05,1.3387330609347227e-05,0.006459270018555716,0.0036588701274228395,0.43354742611596875,2.8334838563265525e-05,0.039999999999999994,0.2785388127853881,0.2100456621004566,1.0
2022-08-10,2020-11-16,6.993278101698171e-05,2.5563458927692217e-05,0.005457191365510554,2.8755539664273716e-05,8.613755921480557e-06,0.014604176492038408,2022-08-05,250,45809,195,100.0,5.0505569712114336e-05,1.7566675970915433e-05,5.0505569712114336e-05,1.7566675970915433e-05,0.007106727074548054,0.00419126185902473,0.41024021113245446,3.29388937411989e-05,0.039999999999999994,0.21025641025641026,0.1641025641025641,1.0
2022-08-12,2020-11-18,6.854410126768293e-05,3.2421245658300736e-05,0.005341563297525077,2.8444689067077026e-05,9.454665361978177e-06,0.014303740565251551,2022-08-08,250,45921,200,100.0,4.989787459440119e-05,2.174178582051075e-05,4.989787459440119e-05,2.174178582051075e-05,0.007063842763991933,0.004662808790901762,0.3399047874238489,2.8156088773890436e-05,0.039999999999999994,0.17,0.165,1.0
2022-08-15,2020-11-20,6.529423035206142e-05,2.9523521760958025e-05,0.005229517722254507,2.9240449141181046e-05,1.0032012759943062e-05,0.01406562397564973,2022-08-10,250,45907,192,100.0,4.858180051993458e-05,2.048839519277921e-05,4.858180051993458e-05,2.048839519277921e-05,0.006970064599409003,0.004526410851080491,0.3505926973095359,2.809340532715537e-05,0.039999999999999994,0.08333333333333333,0.052083333333333336,1.0
2022-08-17,2020-11-23,2.514763648834057e-05,1.795941770195982e-05,0.005201410160087847,1.6410971138933634e-05,1.1221708490163995e-05,0.01398051663951594,2022-08-12,250,45899,218,100.0,2.0979686046421664e-05,1.4745097711011356e-05,2.0979686046421664e-05,1.4745097711011356e-05,0.004580358724643918,0.003839934597230968,0.16165199538394492,6.234588335410309e-06,0.039999999999999994,0.15137614678899083,0.11009174311926606,1.0
2022-08-19,2020-11-25,2.019948821561178e-05,2.4091485311356884e-05,0.00516795865633075,1.4771374022518674e-05,8.706020200875072e-06,0.014039655051531935,2022-08-15,250,45878,222,100.0,1.7387627259730215e-05,1.612153716853973e-05,1.7387627259730215e-05,1.612153716853973e-05,0.004169847390460497,0.004015163404961213,0.03709583853192322,1.266090091190487e-06,0.039999999999999994,0.23873873873873874,0.15765765765765766,1.0
2022-08-22,2020-11-27,9.977000780351316e-06,2.0096537061242536e-05,0.005247201492537312,9.597263127308919e-06,3.82469271921753e-06,0.014230890225991378,2022-08-17,250,45884,221,100.0,9.793145898561557e-06,1.2218313782524548e-05,9.793145898561557e-06,1.2218313782524548e-05,0.0031294002458237195,0.0034954704665501823,-0.11697775674907507,-2.4251678839629906e-06,0.04,0.1493212669683258,0.09954751131221719,1.0
2022-08-24,2020-11-30,1.5032017104883208e-05,2.3189537158555992e-05,0.0053818094839442705,1.166943669571213e-05,5.40509271610305e-06,0.014568759548926882,2022-08-19,250,45907,222,100.0,1.3411313934697148e-05,1.4617755377734076e-05,1.3411313934697148e-05,1.4617755377734076e-05,0.003662146083200006,0.0038233173263193935,-0.04401005297378924,-1.2064414430369286e-06,0.039999999999999994,0.22522522522522523,0.23423423423423423,1.0
2022-08-26,2020-12-02,1.0726914907430966e-05,1.7496862764270077e-05,0.005293183555843086,1.09103696157133e-05,2.793067175563688e-06,0.014320106791256464,2022-08-22,250,45967,210,100.0,1.0822136636967986e-05,9.864892672989143e-06,1.0822136636967986e-05,9.864892672989143e-06,0.0032897016030284548,0.003140842669251222,0.04524998061836216,9.572439639788434e-07,0.039999999999999994,0.3047619047619048,0.319047619047619,1.0
2022-08-29,2020-12-04,6.262346908462112e-06,1.5275017460130105e-05,0.005500550055005502,8.95062204005511e-06,2.29163143414373e-06,0.014821810466063016,2022-08-24,250,45973,228,100.0,7.606484474258611e-06,8.783324447136916e-06,7.606484474258611e-06,8.783324447136916e-06,0.002757985582677801,0.0029636673981971924,-0.07457682767133589,-1.1768399728783046e-06,0.039999999999999994,0.19298245614035087,0.15350877192982457,1.0
2022-08-31,2020-12-07,5.7707225856693455e-06,1.6794120552943325e-05,0.005663583160279401,7.754303571048076e-06,2.632432118133653e-06,0.015086080208934984,2022-08-26,250,45998,225,100.0,6.731657374141708e-06,9.933569266746641e-06,6.731657374141708e-06,9.933569266746641e-06,0.0025945437699413953,0.0031517565367183173,-0.2147632941222295,-3.2019118926049333e-06,0.04,0.16,0.13777777777777778,1.0
2022-09-02,2020-12-09,6.094108384647466e-06,2.3115468071215127e-05,0.005697644973410991,7.3740396557405495e-06,2.4889625365678673e-06,0.015154200090812774,2022-08-29,250,46033,244,100.0,6.7603021200114895e-06,1.2379541010148726e-05,6.7603021200114895e-06,1.2379541010148726e-05,0.002600058099353068,0.00351845719174594,-0.35322252707406143,-5.619238890137237e-06,0.04,0.11885245901639344,0.10245901639344263,1.0
2022-09-07,2020-12-11,6.307523385993321e-06,2.0257426195146526e-05,0.0058241118229469995,1.245800344904495e-05,4.335197635789402e-06,0.015373702528406188,2022-08-31,250,46062,222,100.0,9.133419631179203e-06,1.2941807667874335e-05,9.133419631179203e-06,1.2941807667874335e-05,0.0030221547993408947,0.00359747239987666,-0.19036668825211644,-3.808388036695132e-06,0.039999999999999994,0.12162162162162163,0.08558558558558559,1.0
2022-09-09,2020-12-16,9.99653612698029e-06,1.3855062248763263e-05,0.005826751262462775,1.3815817290442275e-05,6.062024050321261e-06,0.015004315899895097,2022-09-02,250,46113,223,100.0,1.1657837798979448e-05,1.0465265364239165e-05,1.1657837798979448e-05,1.0465265364239165e-05,0.00341435759682249,0.003235006238670826,0.052528580579425554,1.192572434740283e-06,0.039999999999999994,0.16143497757847533,0.15246636771300448,1.0
2022-09-12,2020-12-18,9.42721093121813e-06,9.385876450502654e-06,0.005719006163817753,8.000006215671444e-06,3.0806415848072714e-06,0.014774786030496801,2022-09-07,250,46133,219,100.0,8.782036196792915e-06,6.535564798886934e-06,8.782036196792915e-06,6.535564798886934e-06,0.002963450049653767,0.0025564750730032427,0.13733147845635973,2.2464713979059804e-06,0.039999999999999994,0.1872146118721461,0.1598173515981735,1.0
2022-09-14,2020-12-21,1.566212179148018e-05,2.0751383723693623e-05,0.005850234009360374,1.5411871410853973e-05,4.734446266199081e-06,0.01528218773848894,2022-09-09,250,46161,222,100.0,1.554150561703422e-05,1.3031508462648956e-05,1.554150561703422e-05,1.3031508462648956e-05,0.003942271631563992,0.0036099180686892268,0.08430508953613447,2.509997154385263e-06,0.039999999999999994,0.10810810810810811,0.0990990990990991,1.0
2022-09-16,2020-12-23,3.5250771374540844e-05,3.5855255232914645e-05,0.005906674542232722,9.693428052676285e-06,7.78402493229766e-06,0.015398923408182094,2022-09-12,250,46175,254,100.0,2.1566524556534622e-05,2.0824990190064602e-05,2.1566524556534622e-05,2.0824990190064602e-05,0.004643977234713217,0.004563440608802157,0.017342166388986002,7.415343664700202e-07,0.04,0.18503937007874016,0.08661417322834646,1.0
2022-09-19,2020-12-28,1.979515444613857e-05,2.5115743526593334e-05,0.0059721300597213025,,,,2022-09-14,250,46193,118,1.0,1.979515444613857e-05,2.5115743526593334e-05,1.979515444613857e-05,2.5115743526593334e-05,0.004449174580316957,0.005011560987017252,-0.1264024138743125,-5.320589080454765e-06,0.04,0.19491525423728814,0.15254237288135594,1.0
2022-09-21,2020-12-30,3.855087610683385e-05,4.707030215571822e-05,0.005736137667304014,1.512350115412599e-05,1.0491716898556393e-05,0.016078807050430886,2022-09-16,250,46240,255,1.0,2.660750848388475e-05,2.8422395946184744e-05,2.660750848388475e-05,2.8422395946184744e-05,0.005158246648221152,0.005331265885902216,-0.03354225756938756,-1.8148874622999943e-06,0.039999999999999994,0.1803921568627451,0.0784313725490196,1.0
2022-09-23,2021-01-04,4.279420085247108e-05,5.05774034492293e-05,0.00589236611234778,2.3948708251122374e-05,1.5992335546236567e-05,0.016502883330661102,2022-09-19,250,46165,261,100.0,3.275771245558421e-05,3.215853586870827e-05,3.275771245558421e-05,3.215853586870827e-05,0.005723435371836063,0.005670849660210388,0.009187788139347064,5.991765868759393e-07,0.04000000000000001,0.15708812260536398,0.0842911877394636,1.0
2022-09-26,2021-01-06,5.7968293264911085e-05,6.168044093153033e-05,0.005982849165724919,3.6473452582415136e-05,2.3838357130914208e-05,0.01678409838293246,2022-09-21,250,46248,237,100.0,4.69034385675925e-05,4.2200549692394605e-05,4.69034385675925e-05,4.2200549692394605e-05,0.006848608513237744,0.006496195016499629,0.05145767874699392,4.7028888751978964e-06,0.04,0.08438818565400844,0.02531645569620253,1.0
2022-09-28,2021-01-08,6.272980515826524e-05,6.752190428655901e-05,0.005930416447021613,2.475882923525687e-05,1.791038229139407e-05,0.01699518135285376,2022-09-23,250,46300,254,100.0,4.2996857040796316e-05,4.1739538525292185e-05,4.2996857040796316e-05,4.1739538525292185e-05,0.006557198871530153,0.006460614407724097,0.014729530962588888,1.2573185155041313e-06,0.04,0.1377952755905512,0.023622047244094488,1.0
2022-09-30,2021-01-11,9.604683147357769e-05,0.0001161121202337276,0.006316676024705221,4.398826821784412e-05,3.963182205861551e-05,0.017022820364398134,2022-09-26,250,46330,219,100.0,7.037411534746251e-05,7.839580880490521e-05,7.037411534746251e-05,7.839580880490521e-05,0.00838892814055899,0.008854140771690115,-0.055455550856599034,-8.021693457442697e-06,0.039999999999999994,0.0684931506849315,0.0228310502283105,1.0
2022-10-03,2021-01-13,5.006975134951817e-05,6.849436747983137e-05,0.006512301013024602,1.9622709886775725e-05,1.7015890887807297e-05,0.01729018702054986,2022-09-28,250,46355,227,100.0,3.397439903441204e-05,4.128107588933406e-05,3.397439903441204e-05,4.128107588933406e-05,0.0058287562167594585,0.006425035088568316,-0.10229950432553236,-7.306676854922026e-06,0.039999999999999994,0.14537444933920704,0.13215859030837004,1.0
2022-10-05,2021-01-15,4.080889801451995e-05,5.629508690393819e-05,0.006160164271047228,1.0688440779996405e-05,1.2135653942834279e-05,0.016339151255390642,2022-09-30,250,46334,226,100.0,2.4815734881144617e-05,3.284760037591841e-05,2.4815734881144617e-05,3.284760037591841e-05,0.004981539408771611,0.005731282611764876,-0.15050432034585515,-8.031865494773796e-06,0.039999999999999994,0.1504424778761062,0.1592920353982301,1.0
2022-10-07,2021-01-20,5.1208243725248664e-05,7.816903452615696e-05,0.006188544316853469,1.6613647400302314e-05,1.3521807405437867e-05,0.01654798767416935,2022-10-03,250,46316,263,100.0,3.397671475730961e-05,4.596832443941095e-05,3.397671475730961e-05,4.596832443941095e-05,0.005828954859776288,0.006779994427682883,-0.1631578200183721,-1.1991609682101341e-05,0.04,0.12167300380228137,0.09505703422053231,1.0
2022-10-10,2021-01-22,5.930158374269189e-05,9.83922793508392e-05,0.006424441430508959,1.8142481005072866e-05,2.1999891966084236e-05,0.017022820364398138,2022-10-05,250,46314,249,100.0,3.880468117456033e-05,6.03494840267042e-05,3.880468117456033e-05,6.03494840267042e-05,0.006229340348268051,0.007768493034476133,-0.24708116753261256,-2.1544802852143872e-05,0.04,0.1285140562248996,0.0963855421686747,1.0
2022-10-12,2021-01-25,8.639302369044393e-05,0.00011617888414105697,0.006475751906749175,3.188157336994415e-05,2.7864368539989073e-05,0.01726312126125118,2022-10-07,250,46349,250,100.0,5.9137298530194034e-05,7.202162634052303e-05,5.9137298530194034e-05,7.202162634052303e-05,0.007690077927446122,0.008486555622896902,-0.10357212280100936,-1.2884327810328999e-05,0.04,0.052,0.016,1.0
2022-10-14,2021-01-27,6.769694361671688e-05,0.00010373251184468765,0.006294146443807256,1.448594516322753e-05,1.7078066076285477e-05,0.016874905046861764,2022-10-10,250,46378,267,100.0,3.999533768025613e-05,5.8620272287354696e-05,3.999533768025613e-05,5.8620272287354696e-05,0.006324186720856377,0.007656387678752604,-0.21065174333053682,-1.8624934607098564e-05,0.04,0.20224719101123595,0.12359550561797752,1.0
2022-10-17,2021-01-29,4.954970607992091e-05,7.009545337195483e-05,0.006503830033241801,2.2430397606427343e-05,2.1522452772025986e-05,0.017268431060034107,2022-10-12,250,46441,242,100.0,3.55417988105544e-05,4.500609355794198e-05,3.55417988105544e-05,4.500609355794198e-05,0.005961694290262996,0.006708658104117543,-0.12529388081413928,-9.464294747387578e-06,0.04,0.08677685950413223,0.09090909090909091,1.0
2022-10-19,2021-02-01,4.0121644080148113e-05,6.58687077798257e-05,0.006260869565217391,1.4101478798154527e-05,1.403054774436913e-05,0.016640285075310537,2022-10-14,250,46447,243,100.0,2.545183896231633e-05,3.664307845942427e-05,2.545183896231633e-05,3.664307845942427e-05,0.005044981562138392,0.006053352662733625,-0.19987607252380513,-1.1191239497107938e-05,0.039999999999999994,0.20164609053497942,0.13580246913580246,1.0
2022-10-24,2021-02-03,3.172739622393568e-05,5.261910593243273e-05,0.0061112242819311435,1.0712745297194969e-05,1.3137867390633248e-05,0.016499796948889894,2022-10-17,250,46445,241,100.0,2.108927417803375e-05,3.2632752811687766e-05,2.108927417803375e-05,3.2632752811687766e-05,0.004592305976090198,0.005712508451782611,-0.24393027849728166,-1.1543478633654017e-05,0.04,0.0912863070539419,0.03734439834024896,1.0
2022-10-26,2021-02-05,3.0055574732446015e-05,5.192204586357949e-05,0.005907837731390311,7.484626235919287e-06,9.770182060831891e-06,0.0160441364439364,2022-10-19,250,46467,243,100.0,1.89094273267538e-05,3.1106310652346115e-05,1.89094273267538e-05,3.1106310652346115e-05,0.004348497134269931,0.005577303170202075,-0.28258177434407994,-1.2196883325592315e-05,0.039999999999999994,0.1728395061728395,0.1934156378600823,1.0
2022-10-28,2021-02-08,5.8570728111513664e-06,1.024492965392435e-05,0.006215469613259669,4.81132719435583e-06,5.973152438431085e-06,0.016252721195852412,2022-10-24,250,46491,241,100.0,5.2929776651620736e-06,7.940651487890638e-06,5.2929776651620736e-06,7.940651487890638e-06,0.0023006472274475446,0.0028179161605503167,-0.22483626647821908,-2.6476738227285646e-06,0.04,0.17012448132780084,0.0954356846473029,1.0
2022-10-31,2021-02-10,8.848402220352413e-06,1.6941131022937382e-05,0.005778862206241171,4.484318680867303e-06,4.272403888965382e-06,0.01587504241427176,2022-10-26,250,46537,241,100.0,6.54865695265694e-06,1.0265079794661681e-05,6.54865695265694e-06,1.0265079794661681e-05,0.0025590343789517445,0.0032039163214200336,-0.25200206287672144,-3.716422842004741e-06,0.04,0.23236514522821577,0.23651452282157676,1.0
2022-11-02,2021-02-12,6.17384153868586e-06,2.4937861332845846e-05,0.005974112180550946,4.713497592641446e-06,2.898716571331771e-06,0.016060826484968264,2022-10-28,250,46553,233,100.0,5.43426820978783e-06,1.3776406045898802e-05,5.43426820978783e-06,1.3776406045898802e-05,0.0023311516917154554,0.0037116581262151287,-0.5921993147875253,-8.342137836110971e-06,0.04,0.21030042918454936,0.1630901287553648,1.0
2022-11-04,2021-02-17,1.2214200332154418e-05,2.0016763760583043e-05,0.006480414746543781,3.6863318680580084e-06,3.1842454079677953e-06,0.016645667232689145,2022-10-31,250,46576,220,100.0,7.175005330642903e-06,1.007027564312858e-05,7.175005330642903e-06,1.007027564312858e-05,0.0026786200422312424,0.0031733697614883425,-0.18470320965902376,-2.8952703124856776e-06,0.039999999999999994,0.39090909090909093,0.38181818181818183,1.0
2022-11-07,2021-02-19,7.412044463512992e-06,3.063273758516504e-05,0.006576094811388929,3.6167239726093137e-06,2.9121524087764725e-06,0.016409483193835527,2022-11-02,250,46591,246,100.0,5.560668614291686e-06,1.711050091375598e-05,5.560668614291686e-06,1.711050091375598e-05,0.0023581069980583335,0.004136484124683181,-0.7541545519729018,-1.1549832299464294e-05,0.04,0.10975609756097561,0.12195121951219512,1.0
2022-11-09,2021-02-22,7.079523433805204e-06,4.168250105751317e-05,0.006523297491039428,3.4386660330168946e-06,3.6831041607745026e-06,0.016166777486910998,2022-11-04,250,46581,246,100.0,5.214694033401436e-06,2.2219395329915317e-05,5.214694033401436e-06,2.2219395329915317e-05,0.0022835704572886375,0.004713745361166141,-1.064199659844494,-1.700470129651388e-05,0.04,0.16260162601626016,0.1991869918699187,1.0
2022-11-11,2021-02-24,6.899567348214551e-05,2.2045378144656613e-05,0.006195955606999384,1.9105953991538517e-05,6.712842539333282e-06,0.01564698624236743,2022-11-07,250,46604,248,100.0,4.4453150184346895e-05,1.4502759822683036e-05,4.4453150184346895e-05,1.4502759822683036e-05,0.006667319565188614,0.0038082489181621303,0.4288186007993757,2.995039036166386e-05,0.04,0.24193548387096775,0.16129032258064516,1.0
2022-11-14,2021-02-26,5.514312861050059e-05,3.0435263488046942e-05,0.006078824315297263,2.0613911722922274e-05,1.0000244549630176e-05,0.015496998820606763,2022-11-09,250,46627,238,100.0,3.932932759896262e-05,2.1076368259948505e-05,3.932932759896262e-05,2.1076368259948505e-05,0.006271309879041429,0.0045909005935598855,0.2679518821255241,1.8252959339014116e-05,0.04,0.12184873949579832,0.1638655462184874,1.0
2022-11-16,2021-03-01,6.62643376944831e-05,3.7159255681294965e-05,0.006065049320181286,2.255163181643908e-05,1.2075794746210798e-05,0.01549777660669025,2022-11-11,250,46677,226,100.0,4.421456570290337e-05,2.4506536448553397e-05,4.421456570290337e-05,2.4506536448553397e-05,0.006649403409547609,0.004950407705285838,0.2555109984487107,1.9708029254349975e-05,0.039999999999999994,0.168141592920354,0.16371681415929204,1.0
2022-11-18,2021-03-03,8.038508971650001e-05,2.5876441665196584e-05,0.006037685774946922,2.4405371931546086e-05,9.3843763959281e-06,0.015664846286525973,2022-11-14,250,46689,213,100.0,5.173819188288509e-05,1.7436840189373743e-05,5.173819188288509e-05,1.7436840189373743e-05,0.007192926517272722,0.004175744267717283,0.4194651846241072,3.4301351693511345e-05,0.04,0.12206572769953052,0.11737089201877934,1.0
2022-11-21,2021-03-05,6.195522612820432e-05,2.0372547153188992e-05,0.00601493819816247,2.2928883543829064e-05,1.0233446632766404e-05,0.015594043380551977,2022-11-16,250,46729,229,100.0,4.20160030610781e-05,1.5192308022667408e-05,4.20160030610781e-05,1.5192308022667408e-05,0.006481975243787815,0.0038977311378117665,0.3986815760292717,2.6823695038410693e-05,0.04,0.10043668122270742,0.14410480349344978,1.0
2022-11-23,2021-03-08,9.706083815248963e-05,2.5475294752129377e-05,0.006059395392196032,2.9366458699039618e-05,1.440928190108207e-05,0.015443133283320835,2022-11-18,250,46718,218,100.0,6.22820743965887e-05,1.9790003746086725e-05,6.22820743965887e-05,1.9790003746086725e-05,0.007891899289561969,0.004448595704948554,0.4363086068733312,4.2492070650501975e-05,0.039999999999999994,0.23853211009174313,0.16055045871559634,1.0
2022-11-25,2021-03-10,6.431581529196997e-05,3.5304468571926776e-05,0.006023697623618193,2.7468116720459116e-05,1.1594827581944886e-05,0.015346426618955323,2022-11-21,250,46718,227,100.0,4.6784751654422973e-05,2.4024110744093982e-05,4.6784751654422973e-05,2.4024110744093982e-05,0.006839937986153308,0.004901439660354291,0.2834087574658266,2.276064091032899e-05,0.039999999999999994,0.3832599118942731,0.3656387665198238,1.0
2022-11-28,2021-03-12,4.179341851077387e-05,1.7932689454166796e-05,0.006144082101141044,1.6892202751744525e-05,6.757544190278215e-06,0.015349859568016305,2022-11-23,250,46695,229,100.0,2.9070963297645344e-05,1.2223117419778309e-05,2.9070963297645344e-05,1.2223117419778309e-05,0.005391749558134664,0.0034961575221631974,0.35157271596777717,1.6847845877867035e-05,0.04,0.10043668122270742,0.11790393013100436,1.0
2022-11-30,2021-03-15,7.871915838315065e-05,1.6945928246768395e-05,0.006446128780902458,2.2660129965857456e-05,8.485525992039237e-06,0.01562560787389621,2022-11-25,250,46717,228,100.0,4.995202537953967e-05,1.2604406037104746e-05,4.995202537953967e-05,1.2604406037104746e-05,0.007067674679803794,0.0035502684457805085,0.4976751751285944,3.734761934243492e-05,0.039999999999999994,0.23684210526315788,0.16666666666666666,1.0
2022-12-02,2021-03-17,9.336330096048034e-05,2.0404445174138722e-05,0.00613579664216843,4.207584447108584e-05,1.5046770549080862e-05,0.015159578280720702,2022-11-28,250,46759,212,100.0,6.989687039693661e-05,1.7953056312673568e-05,6.989687039693661e-05,1.7953056312673568e-05,0.008360434821044694,0.004237104708721932,0.4931956531667002,5.194381408426304e-05,0.039999999999999994,0.18396226415094338,0.13679245283018868,1.0
2022-12-05,2021-03-22,6.664098683422371e-05,1.8585976148236206e-05,0.006156552330694811,2.1532895102410503e-05,6.7573763890243536e-06,0.015177088299623998,2022-11-30,250,46787,224,100.0,4.328143933024902e-05,1.2460451272930067e-05,4.328143933024902e-05,1.2460451272930067e-05,0.0065788630727694145,0.0035299364403527248,0.463442786191509,3.082098805731895e-05,0.039999999999999994,0.16517857142857142,0.16964285714285715,1.0
2022-12-07,2021-03-24,3.52742563516063e-05,3.108230281261781e-05,0.006367643971730463,2.140052221642099e-05,5.052567430632584e-06,0.015681154305157045,2022-12-02,250,46821,219,100.0,2.9065918702071317e-05,1.943429337227739e-05,2.9065918702071317e-05,1.943429337227739e-05,0.00539128173091254,0.00440843434478471,0.18230310252428072,9.631625329793927e-06,0.039999999999999994,0.2054794520547945,0.1872146118721461,1.0
2022-12-09,2021-03-26,3.483181387799409e-05,2.7809424900887906e-05,0.006379249912372943,1.3853325398507577e-05,4.68011359454446e-06,0.015585778820916609,2022-12-05,250,46851,197,100.0,2.428932474363285e-05,1.618606541191328e-05,2.428932474363285e-05,1.618606541191328e-05,0.004928420106244277,0.004023190948974866,0.18367532348195947,8.103259331719571e-06,0.039999999999999994,0.20812182741116753,0.20304568527918782,1.0
2022-12-12,2021-03-29,2.905137227217287e-05,2.472602137971262e-05,0.006401238041643215,1.5754896313518715e-05,7.63420883344094e-06,0.015703084316517492,2022-12-07,250,46930,198,100.0,2.2671749968778198e-05,1.6525404248925704e-05,2.2671749968778198e-05,1.6525404248925704e-05,0.004761486109270739,0.004065145046480593,0.14624448056970107,6.146345719852494e-06,0.039999999999999994,0.2676767676767677,0.21212121212121213,1.0
2022-12-14,2021-03-31,4.381833403286387e-05,2.0923608477780385e-05,0.006255585344057196,2.2006621134246087e-05,1.390183747477446e-05,0.01536360673682116,2022-12-09,250,47047,217,100.0,3.286222018056277e-05,1.7396543780417963e-05,3.286222018056277e-05,1.7396543780417963e-05,0.005732557909045732,0.004170916419735352,0.2724161733885281,1.546567640014481e-05,0.04,0.10138248847926268,0.0967741935483871,1.0
2022-12-16,2021-04-05,2.546203390292755e-05,3.598297375974272e-05,0.006666666666666667,1.4395029012855829e-05,1.0810783520101284e-05,0.015850188640505098,2022-12-12,250,47083,242,100.0,1.9562680056567005e-05,2.256474011960328e-05,1.9562680056567005e-05,2.256474011960328e-05,0.004422971857989491,0.0047502357962108865,-0.07399186536315816,-3.0020600630362734e-06,0.04,0.1446280991735537,0.1322314049586777,1.0
2022-12-19,2021-04-07,2.3432296224593546e-05,2.9869573087903797e-05,0.006765296260501079,1.2738367489879706e-05,9.53897462952801e-06,0.016491449891721233,2022-12-14,250,47135,231,100.0,1.7599244187476902e-05,1.8780155746971546e-05,1.7599244187476902e-05,1.8780155746971546e-05,0.004195145311842833,0.004333607705707976,-0.033005386839465745,-1.1809115594946445e-06,0.039999999999999994,0.14285714285714285,0.13852813852813853,1.0
2022-12-21,2021-04-09,4.30108178921532e-05,2.259132191988891e-05,0.00687830687830688,2.3953885453643464e-05,1.7944436719576585e-05,0.016609759814999733,2022-12-16,250,47206,220,0.01,3.356897409307339e-05,2.0289001525188716e-05,3.356897409307339e-05,2.0289001525188716e-05,0.005793873841660119,0.004504331418222766,0.22256998662364047,1.3279972567884673e-05,0.039999999999999994,0.13636363636363635,0.15,1.0
2022-12-23,2021-04-12,2.95766208855448e-05,2.539763273827544e-05,0.006881948120698782,1.6334876700420258e-05,1.0110086065676748e-05,0.01660190691321706,2022-12-19,250,47264,228,100.0,2.2665359666115762e-05,1.741860618547174e-05,2.2665359666115762e-05,1.741860618547174e-05,0.004760815021203383,0.004173560372807819,0.12335170465142842,5.246753480644021e-06,0.039999999999999994,0.13596491228070176,0.15350877192982457,1.0
2022-12-28,2021-04-14,1.1984847287102357e-05,7.376512123065873e-05,0.0069983849880796735,1.2788822421823179e-05,1.2490087573688368e-05,0.016572307288935495,2022-12-21,250,47320,211,100.0,1.238492970011509e-05,4.327280590373035e-05,1.238492970011509e-05,4.327280590373035e-05,0.003519222882983556,0.00657820689122274,-0.8692214474480269,-3.0887876203615256e-05,0.03999999999999999,0.11848341232227488,0.1990521327014218,1.0
2022-12-30,2021-04-16,1.0255874588439135e-05,3.9315155671499114e-05,0.007021063189568703,7.739092241652227e-06,7.370517560158452e-06,0.016484138326726478,2022-12-23,250,47350,239,100.0,8.918504889518894e-06,2.2340389813171647e-05,8.918504889518894e-06,2.2340389813171647e-05,0.0029863865941165244,0.0047265621558561614,-0.5827027100804545,-1.3421884923652753e-05,0.039999999999999994,0.16736401673640167,0.1506276150627615,1.0
2023-01-04,2021-04-19,9.94629020474049e-06,5.103552498472361e-05,0.00727592548173023,7.4474415002128105e-06,6.446078703189057e-06,0.016597547397720708,2022-12-28,250,47368,222,100.0,8.708121927722271e-06,2.894165520558487e-05,8.708121927722271e-06,2.894165520558487e-05,0.0029509527152637113,0.005379744901534353,-0.823053576462879,-2.0233533277862598e-05,0.039999999999999994,0.08558558558558559,0.07657657657657657,1.0
2023-01-06,2021-04-21,2.2275320131066315e-05,3.4086968463300005e-05,0.007278835386338185,8.062754067719004e-06,6.5343296006263665e-06,0.016660546154251672,2022-12-30,250,47425,229,100.0,1.5013878081233846e-05,2.0009856031278978e-05,1.5013878081233846e-05,2.0009856031278978e-05,0.0038747745845705457,0.004473237757070261,-0.15445109371853816,-4.9959779500451316e-06,0.04,0.18777292576419213,0.17467248908296942,1.0
2023-01-09,2021-04-23,1.900396656514393e-05,3.0322792548369755e-05,0.007020521524456104,6.278074928178048e-06,4.727245972881348e-06,0.016287049062049058,2023-01-04,250,47452,243,100.0,1.2824315482172839e-05,1.7893679396486497e-05,1.2824315482172839e-05,1.7893679396486497e-05,0.0035811053436296506,0.004230092126241047,-0.18122526994796861,-5.069363914313658e-06,0.039999999999999994,0.14814814814814814,0.14814814814814814,1.0
2023-01-11,2021-04-26,3.127411860563779e-05,2.6978908786201377e-05,0.006960911802952651,1.1061719775330382e-05,1.0402044586279741e-05,0.01618279993855292,2023-01-06,250,47492,226,100.0,2.1346789976593003e-05,1.8837174599514205e-05,2.1346789976593003e-05,1.8837174599514205e-05,0.004620258648235291,0.004340181401682907,0.060619386895008565,2.5096153770787985e-06,0.039999999999999994,0.15486725663716813,0.11504424778761062,1.0
2023-01-13,2021-04-28,5.075162986711158e-05,1.5604143082779564e-05,0.006821077880218875,1.6328581039092888e-05,1.7477349706347155e-05,0.01592270757758968,2023-01-09,250,47552,179,100.0,3.4213181826834445e-05,1.6504119449409802e-05,3.4213181826834445e-05,1.6504119449409802e-05,0.005849203520722667,0.004062526239842618,0.3054565078048961,1.7709062377424643e-05,0.039999999999999994,0.20670391061452514,0.12290502793296089,1.0
2023-01-20,2021-04-30,3.534305467599851e-05,1.885388882470533e-05,0.006727286168403932,9.397896308014588e-06,8.73200586072655e-06,0.01626358069164266,2023-01-11,250,47648,215,100.0,2.1344736672807185e-05,1.3392779876698171e-05,2.1344736672807185e-05,1.3392779876698171e-05,0.004620036436307314,0.003659614716974749,0.2078818495423399,7.951956796109014e-06,0.03999999999999999,0.20930232558139536,0.20465116279069767,1.0
2023-01-23,2021-05-03,3.294354665099442e-05,2.199270013637875e-05,0.006600420686153624,9.031058961140607e-06,8.034763703343198e-06,0.015966146306961703,2023-01-13,250,47648,231,100.0,2.1142578700157474e-05,1.5104367870724842e-05,2.1142578700157474e-05,1.5104367870724842e-05,0.004598105990531044,0.0038864338243079404,0.15477506775369299,6.0382108294326325e-06,0.039999999999999994,0.2077922077922078,0.20346320346320346,1.0
2023-01-25,2021-05-05,3.794214585053923e-05,2.2853013058350885e-05,0.006384620781589841,1.2488613003006074e-05,1.3194174825169689e-05,0.01579379810094952,2023-01-20,250,47689,196,100.0,2.456605460923354e-05,1.7777195007240356e-05,2.456605460923354e-05,1.7777195007240356e-05,0.004956415500059851,0.0042163011049070435,0.14932452598937074,6.788859601993183e-06,0.039999999999999994,0.27040816326530615,0.25,1.0
2023-01-27,2021-05-07,2.1501544741117008e-05,1.417078767692971e-05,0.006321200333425953,9.572660152791682e-06,9.863819789034893e-06,0.01561625200741198,2023-01-23,250,47734,219,100.0,1.5183048794789437e-05,1.188947135274798e-05,1.5183048794789437e-05,1.188947135274798e-05,0.003896543185284803,0.0034481112732549658,0.11508454820245007,3.2935774420414574e-06,0.039999999999999994,0.2831050228310502,0.2237442922374429,1.0
2023-01-30,2021-05-10,1.0617947311542778e-05,2.168136916636178e-05,0.0062358665113410525,1.1688099978184098e-05,1.4055899652340796e-05,0.015580452573456912,2023-01-25,250,47749,216,100.0,1.1153023644863438e-05,1.786863440935129e-05,1.1153023644863438e-05,1.786863440935129e-05,0.0033396142958227134,0.00422713075375618,-0.2657541797696812,-6.715610764487853e-06,0.039999999999999994,0.18518518518518517,0.20833333333333334,1.0
2023-02-01,2021-05-14,1.5279922025586032e-05,1.5039536802681647e-05,0.006306743364058493,1.5381555448783885e-05,1.966249399436813e-05,0.015549788427474905,2023-01-27,250,47798,214,100.0,1.533026381464665e-05,1.7329412794825418e-05,1.533026381464665e-05,1.7329412794825418e-05,0.003915388079698697,0.0041628611308600506,-0.06320524201534505,-1.9991489801787683e-06,0.039999999999999994,0.308411214953271,0.29439252336448596,1.0
2023-02-03,2021-05-17,2.573183558033312e-05,9.846214019145461e-06,0.00603368253547275,9.626015427427775e-06,1.0517764265004996e-05,0.015165502183406118,2023-01-30,250,47826,224,100.0,1.746322255540404e-05,1.0190983118582276e-05,1.746322255540404e-05,1.0190983118582276e-05,0.004178902075354727,0.0031923319248759637,0.2360835771426919,7.272239436821763e-06,0.039999999999999994,0.28125,0.19642857142857142,1.0
2023-02-06,2021-05-19,2.212909670337836e-05,7.115178043764239e-06,0.0044660194174757275,7.5738548460961225e-06,8.362351654412775e-06,0.015328429732023759,2023-02-01,250,47870,227,100.0,1.4627055746100735e-05,7.75799439815137e-06,1.4627055746100735e-05,7.75799439815137e-06,0.003824533402403584,0.002785317647621429,0.2717235399562845,6.869061347949364e-06,0.039999999999999994,0.23348017621145375,0.1762114537444934,1.0
2023-02-08,2021-05-21,1.8662128739167146e-05,1.3389059520291673e-05,0.0044616876818622695,7.111702375679192e-06,7.149327713843117e-06,0.015223579565981837,2023-02-03,250,48008,236,100.0,1.3180570464969473e-05,1.0427830866383885e-05,1.3180570464969473e-05,1.0427830866383885e-05,0.0036305055384848917,0.0032292152090537237,0.11053290655456138,2.7527395985855884e-06,0.04,0.2627118644067797,0.2076271186440678,1.0
2023-02-10,2021-05-24,5.476870541313286e-06,7.596193838148068e-06,0.0045734738516603705,5.8325854405298475e-06,3.244105868282445e-06,0.015526488000196523,2023-02-06,250,48056,226,100.0,5.651580071459473e-06,5.458663906045926e-06,5.651580071459473e-06,5.458663906045926e-06,0.00237730521209614,0.00233637837390392,0.017215643150899185,1.9291616541354644e-07,0.039999999999999994,0.25663716814159293,0.3053097345132743,1.0
2023-02-13,2021-05-26,6.759965371847411e-06,7.820772526249857e-06,0.006092311767432622,4.725417819626729e-06,3.701715589760036e-06,0.01549033918243309,2023-02-08,250,48128,229,100.0,5.74713383930087e-06,5.770237632102085e-06,5.74713383930087e-06,5.770237632102085e-06,0.0023973180513442247,0.0024021318931528477,-0.0020080113299625335,-2.3103792801214427e-08,0.04,0.2576419213973799,0.1965065502183406,1.0
2023-02-15,2021-05-27,1.1262066841160343e-05,1.0148792045921114e-05,0.00600522193211488,6.6911209001130876e-06,1.2396993922983228e-05,0.015317657037611478,2023-02-10,250,48274,209,100.0,8.943788038523939e-06,1.1289028404622473e-05,8.943788038523939e-06,1.1289028404622473e-05,0.0029906166652588456,0.0033599149400873937,-0.12348566070622913,-2.3452403660985346e-06,0.039999999999999994,0.2631578947368421,0.24401913875598086,1.0
2023-02-17,2021-05-28,1.233809918487909e-05,1.3686380755731153e-05,0.005985296987834233,6.514009067971655e-06,7.082639962315061e-06,0.015481233467228371,2023-02-13,250,48420,205,100.0,9.212977658733639e-06,1.0142910086093252e-05,9.212977658733639e-06,1.0142910086093252e-05,0.003035288727408587,0.0031847935704050353,-0.049255559000507265,-9.299324273596131e-07,0.039999999999999994,0.16097560975609757,0.08292682926829269,1.0
2023-02-22,2021-06-02,8.284407748527424e-06,1.213664599636327e-05,0.0061961206896551735,7.642642372857868e-06,4.37540891452009e-06,0.01583772582625473,2023-02-15,250,48476,219,100.0,7.979642455972019e-06,8.450944368456006e-06,7.979642455972019e-06,8.450944368456006e-06,0.0028248260930492726,0.002907050802524099,-0.029107883730310702,-4.713019124839872e-07,0.039999999999999994,0.228310502283105,0.2146118721461187,1.0
2023-02-24,2021-06-04,8.597609408747213e-06,8.475202543600069e-06,0.006157965194109776,6.38340154248647e-06,3.2200599590089523e-06,0.01577566515249837,2023-02-17,250,48518,225,100.0,7.465903165991722e-06,5.789240778142386e-06,7.465903165991722e-06,5.789240778142386e-06,0.002732380494365988,0.0024060841170130327,0.11941835261441802,1.6766623878493356e-06,0.04,0.2311111111111111,0.2,1.0
2023-02-27,2021-06-07,7.275751970333858e-06,7.690085354677405e-06,0.006270874514348033,4.940894792897983e-06,3.6746606745041676e-06,0.0159460063575357,2023-02-22,250,48574,218,100.0,6.054771611491244e-06,5.590276118256537e-06,6.054771611491244e-06,5.590276118256537e-06,0.0024606445520414452,0.0023643764755758626,0.03912311365154908,4.644954932347069e-07,0.039999999999999994,0.22477064220183487,0.22018348623853212,1.0
2023-03-01,2021-06-09,7.295933348409522e-06,1.1468523154218992e-05,0.006241096262126044,8.303714871099276e-06,3.431474181433802e-06,0.0159508353101499,2023-02-24,250,48635,181,100.0,7.813743744045695e-06,7.3389897041138915e-06,7.813743744045695e-06,7.3389897041138915e-06,0.0027953074507190965,0.002709056976904305,0.030855451622183283,4.747540399318031e-07,0.039999999999999994,0.15469613259668508,0.143646408839779,1.0
2023-03-03,2021-06-11,1.3839267791644232e-05,9.735804622681745e-06,0.006305256665067511,6.136383346768592e-06,5.768351161849454e-06,0.01588868555340489,2023-02-27,250,48677,202,100.0,9.759027021338821e-06,7.634232739963649e-06,9.759027021338821e-06,7.634232739963649e-06,0.0031239441450414606,0.0027630115345332255,0.11553747242284473,2.1247942813751724e-06,0.039999999999999994,0.3613861386138614,0.28217821782178215,1.0
2023-03-06,2021-06-14,7.375170090990446e-06,1.1705103437187921e-05,0.00609150499900682,6.446588178787485e-06,6.100996689186525e-06,0.015637888121922856,2023-03-01,250,48720,180,100.0,6.952149442097987e-06,9.152121474209506e-06,6.952149442097987e-06,9.152121474209506e-06,0.00263669289870815,0.0030252473409970145,-0.1473643147744803,-2.199972032111519e-06,0.039999999999999994,0.2222222222222222,0.18888888888888888,1.0
2023-03-08,2021-06-15,8.046672997696277e-06,1.049280607421252e-05,0.0060686015831134575,7.69627247169638e-06,5.36453458180801e-06,0.015870334195395082,2023-03-03,250,48842,196,100.0,7.889350312553466e-06,8.190316832724781e-06,7.889350312553466e-06,8.190316832724781e-06,0.002808798731228969,0.00286187295887235,-0.018895703367168393,-3.009665201713148e-07,0.039999999999999994,0.32142857142857145,0.29081632653061223,1.0
2023-03-10,2021-06-16,1.1544316314611167e-05,1.6312803141831536e-05,0.006109303406600703,1.8690033087068054e-05,5.98623338722353e-06,0.016142297476759628,2023-03-06,250,48941,207,100.0,1.5514158965976102e-05,1.057581994482709e-05,1.5514158965976102e-05,1.057581994482709e-05,0.003938801717017004,0.0032520485766401293,0.17435585483012783,4.9383390211490115e-06,0.039999999999999994,0.2995169082125604,0.30917874396135264,1.0
2023-03-13,2021-06-18,1.4504231581287811e-05,1.4809097182269436e-05,0.006195286195286197,2.0889163056225978e-05,7.539490591602148e-06,0.016378632323598766,2023-03-08,250,48973,219,100.0,1.7915359355569848e-05,1.0925334757118418e-05,1.7915359355569848e-05,1.0925334757118418e-05,0.004232653937610521,0.0033053494152840207,0.21908347244896553,6.99002459845143e-06,0.039999999999999994,0.2511415525114155,0.2054794520547945,1.0
2023-03-15,2021-06-21,2.276579960418544e-05,1.6763122551423814e-05,0.006029228651943117,3.1815632049446987e-05,9.72308002673891e-06,0.01613529216552217,2023-03-10,250,49018,210,100.0,2.7247621386600685e-05,1.327662530110367e-05,2.7247621386600685e-05,1.327662530110367e-05,0.005219925419639699,0.003643710375579221,0.30196121924080577,1.3970996085497015e-05,0.039999999999999994,0.24285714285714285,0.20952380952380953,1.0
2023-03-17,2021-06-23,1.8327904754824573e-05,1.0948752547760376e-05,0.0059031119666345866,3.1129248104548014e-05,1.4598267761102537e-05,0.015956875615359363,2023-03-13,250,49072,246,100.0,2.498876633516848e-05,1.284768729291402e-05,2.498876633516848e-05,1.284768729291402e-05,0.004998876507293262,0.0035843670700577,0.28296546937533285,1.2141079042254461e-05,0.04,0.2073170731707317,0.2032520325203252,1.0
2023-03-20,2021-06-25,1.6141091092141944e-05,1.1285002218779059e-05,0.0059354838709677425,2.5445861278607913e-05,1.0906129410114767e-05,0.016566765814508066,2023-03-15,250,49128,208,100.0,2.065927276922398e-05,1.1101030326110342e-05,2.065927276922398e-05,1.1101030326110342e-05,0.004545247272616087,0.0033318208724525305,0.26696598169127783,9.558242443113637e-06,0.039999999999999994,0.1875,0.1971153846153846,1.0
2023-03-22,2021-06-28,1.915489600661986e-05,1.7095740472430935e-05,0.005775991963837268,1.8973221159351777e-05,9.065995514866914e-06,0.01619631746509237,2023-03-17,250,49235,215,1.0,1.9063636083341008e-05,1.3062194168166217e-05,1.9063636083341008e-05,1.3062194168166217e-05,0.004366192401090567,0.003614165763792001,0.1722385475066852,6.0014419151747915e-06,0.03999999999999999,0.2186046511627907,0.22790697674418606,1.0
2023-03-24,2021-06-30,1.3804984112223214e-05,9.457596383374132e-06,0.005788712011577421,1.3134820532544488e-05,7.5627485149571625e-06,0.01643277208332273,2023-03-20,250,49309,237,1.0,1.3457177697453243e-05,8.474194325081783e-06,1.3457177697453243e-05,8.474194325081783e-06,0.0036684026084187167,0.002911046946560942,0.20645380093223642,4.98298337237146e-06,0.04,0.16877637130801687,0.1350210970464135,1.0
2023-03-27,2021-07-02,1.343894346798412e-05,7.901081641472243e-06,0.005741029641185646,1.1833226604104013e-05,9.356249289539305e-06,0.016325642451042323,2023-03-22,250,49357,207,1.0,1.2670991924389285e-05,8.597031386199969e-06,1.2670991924389285e-05,8.597031386199969e-06,0.003559633678398563,0.002932069471584868,0.17630022173967874,4.073960538189316e-06,0.039999999999999994,0.178743961352657,0.0966183574879227,1.0
2023-03-29,2021-07-07,1.3577656924311043e-05,8.706207183119378e-06,0.005835712020298129,9.034802357676434e-06,8.581146617531665e-06,0.016331832659251765,2023-03-24,250,49442,218,0.01,1.1389584770656757e-05,8.64597158960236e-06,1.1389584770656757e-05,8.64597158960236e-06,0.0033748458884305748,0.002940403303902776,0.1287296068887549,2.743613181054396e-06,0.039999999999999994,0.23853211009174313,0.11926605504587157,1.0
2023-03-31,2021-07-09,1.2341210347521091e-05,6.749984475815667e-06,0.005666420300566641,6.955159451374167e-06,8.64010105517596e-06,0.01600414416646024,2023-03-27,250,49500,208,0.01,9.363345669362935e-06,7.795000853827367e-06,9.363345669362935e-06,7.795000853827367e-06,0.003059958442424167,0.0027919528745713757,0.08758470838593191,1.5683448155355683e-06,0.039999999999999994,0.2644230769230769,0.25961538461538464,1.0
2023-04-03,2021-07-12,9.86968717119698e-06,6.651837380970813e-06,0.005579138872043662,7.214725436523723e-06,1.1102304198569906e-05,0.01578170692982242,2023-03-29,250,49571,195,0.01,8.562629086434762e-06,8.842836429634982e-06,8.562629086434762e-06,8.842836429634982e-06,0.0029261970347935836,0.0029736907084690197,-0.016230511175672202,-2.802073432002203e-07,0.039999999999999994,0.18974358974358974,0.14358974358974358,1.0
2023-04-05,2021-07-14,2.074465666690385e-05,8.863067634313002e-06,0.005554549296625008,6.902377368221555e-06,8.098662618889802e-06,0.015809511341669316,2023-03-31,250,49630,215,100.0,1.417762183683132e-05,8.500419673507577e-06,1.417762183683132e-05,8.500419673507577e-06,0.0037653182915699597,0.002915547919947051,0.22568354275000602,5.6772021633237436e-06,0.03999999999999999,0.24186046511627907,0.15348837209302327,1.0
2023-04-10,2021-07-16,2.329167652859675e-05,8.734871754737112e-06,0.00558727073970606,8.223424450569345e-06,1.052560242479545e-05,0.015789420562574843,2023-04-03,250,49664,216,1.0,1.6036592194731702e-05,9.597075410691128e-06,1.6036592194731702e-05,9.597075410691128e-06,0.0040045714121153715,0.0030979146874455933,0.22640543303255678,6.439516784040574e-06,0.039999999999999994,0.24074074074074073,0.18518518518518517,1.0
2023-04-12,2021-07-19,2.9367320227800845e-05,1.2307066106853669e-05,0.005721393034825871,1.3922746623823191e-05,1.3779399941533277e-05,0.01576899589963878,2023-04-05,250,49690,214,1.0,2.1789375235194988e-05,1.3029472894897401e-05,2.1789375235194988e-05,1.3029472894897401e-05,0.004667909086003602,0.0036096361166878584,0.22671242087574095,8.759902340297587e-06,0.039999999999999994,0.2102803738317757,0.20093457943925233,1.0
2023-04-14,2021-07-21,1.5062276383328485e-05,8.561913291648383e-06,0.005556897801401304,7.2186159614654704e-06,1.4087765882100394e-05,0.015625977700921476,2023-04-10,250,49707,193,100.0,1.059179635014231e-05,1.1711362954600306e-05,1.059179635014231e-05,1.1711362954600306e-05,0.003254504009851933,0.0034221868672824262,-0.051523321809679334,-1.1195666044579956e-06,0.039999999999999994,0.2538860103626943,0.18652849740932642,1.0
2023-04-17,2021-07-23,1.0847631380038343e-05,6.634869877417627e-06,0.005568670177350043,1.0664485796551506e-05,1.7569810925806554e-05,0.015664241380982408,2023-04-12,250,49731,205,100.0,1.0756505284840017e-05,1.2075669813689194e-05,1.0756505284840017e-05,1.2075669813689194e-05,0.003279711158751639,0.0034750064480068513,-0.05954649046885829,-1.3191645288491769e-06,0.039999999999999994,0.24878048780487805,0.18048780487804877,1.0
2023-04-19,2021-07-26,1.1509032204912934e-05,7.404198753680917e-06,0.005526521295128249,1.0040064529015563e-05,1.4462152108895701e-05,0.015598061369836555,2023-04-14,250,49740,216,100.0,1.0767747590686946e-05,1.0965851141266156e-05,1.0767747590686946e-05,1.0965851141266156e-05,0.0032814246282197226,0.0033114726544644993,-0.009157006376550259,-1.9810355057921068e-07,0.039999999999999994,0.2638888888888889,0.17592592592592593,1.0
2023-04-21,2021-07-28,1.4523383885541881e-05,5.1422652392595475e-06,0.00552055205520552,9.149546418159687e-06,1.2488257229861505e-05,0.01568629940759444,2023-04-17,250,49770,213,100.0,1.1622016238833186e-05,9.108411149678446e-06,1.1622016238833186e-05,9.108411149678446e-06,0.0034091078361989644,0.0030180144382819718,0.114720160437356,2.5136050891547403e-06,0.04,0.2112676056338028,0.18309859154929578,1.0
2023-04-24,2021-07-30,1.4829992082322165e-05,4.891287165764702e-06,0.005575081808265667,8.527269408106888e-06,1.0709171092777782e-05,0.015674121785541003,2023-04-19,250,49810,214,100.0,1.1501918894535592e-05,7.963347370215534e-06,1.1501918894535592e-05,7.963347370215534e-06,0.0033914479053253335,0.0028219403555382835,0.16792460497264172,3.538571524320058e-06,0.039999999999999994,0.21495327102803738,0.16355140186915887,1.0
2023-04-26,2021-08-02,2.2983417951601378e-05,8.908097791814135e-06,0.005617634487390853,1.3272518722243267e-05,1.0638790435606524e-05,0.01591034525216706,2023-04-21,250,49931,215,100.0,1.8150551823502224e-05,9.76941924709686e-06,1.8150551823502224e-05,9.76941924709686e-06,0.0042603464440702735,0.0031256070205796602,0.26634909587458333,8.381132576405364e-06,0.03999999999999999,0.25116279069767444,0.2,1.0
2023-04-28,2021-08-04,1.2535130112238422e-05,2.9830555172132416e-06,0.005462858500089069,7.8141515662395e-06,1.4856561158893985e-05,0.015666140491258702,2023-04-24,250,49970,216,100.0,1.015278445708156e-05,8.974778271579912e-06,1.015278445708156e-05,8.974778271579912e-06,0.003186343430498596,0.0029957934293906034,0.05980209141428783,1.178006185501648e-06,0.039999999999999994,0.2361111111111111,0.16666666666666666,1.0
2023-05-01,2021-08-06,1.670201185764968e-05,5.177219030648291e-06,0.005421970768505422,9.765219709713671e-06,2.0449007333766237e-05,0.015533558531483664,2023-04-26,250,50014,194,100.0,1.3519669068132644e-05,1.2183348716099304e-05,1.3519669068132644e-05,1.2183348716099304e-05,0.0036769102610932245,0.0034904654010746625,0.05070693783076663,1.3363203520333396e-06,0.039999999999999994,0.23711340206185566,0.18041237113402062,1.0
2023-05-03,2021-08-09,3.151815594901361e-05,9.52676982351087e-06,0.00545864483208734,1.6374366725746503e-05,1.7343541665068488e-05,0.015726007691558765,2023-04-28,250,50081,200,100.0,2.4552012906310736e-05,1.3122484870627377e-05,2.4552012906310736e-05,1.3122484870627377e-05,0.004954998779647755,0.0036224970490847026,0.26892069803048024,1.142952803568336e-05,0.039999999999999994,0.22,0.14,1.0
2023-05-05,2021-08-11,9.892576761738519e-06,8.96303300259633e-06,0.005549188732734182,8.444136876999204e-06,1.139644016623271e-05,0.015947653839508302,2023-05-01,250,50130,193,100.0,9.074545946004916e-06,1.0337340675323614e-05,9.074545946004916e-06,1.0337340675323614e-05,0.0030123987030280233,0.003215173506254929,-0.06731340145083697,-1.2627947293186977e-06,0.039999999999999994,0.23834196891191708,0.22797927461139897,1.0
2023-05-08,2021-08-13,8.594081105397486e-06,1.2418105526109671e-05,0.003975341360834246,7.251488933300998e-06,1.0990193567047795e-05,0.015657787848677985,2023-05-03,250,50186,192,100.0,7.817895005904204e-06,1.1592593924777022e-05,7.817895005904204e-06,1.1592593924777022e-05,0.002796049893314532,0.003404789850310445,-0.21771426842254682,-3.7746989188728176e-06,0.039999999999999994,0.19270833333333334,0.16666666666666666,1.0
2023-05-10,2021-08-16,8.641397663285868e-06,1.4530648138126697e-05,0.004016999476043547,8.984814832332501e-06,1.4796694471996384e-05,0.015722563453629573,2023-05-05,250,50234,186,100.0,8.829723207601766e-06,1.4676544514764912e-05,8.829723207601766e-06,1.4676544514764912e-05,0.0029714850172265325,0.003830997848441697,-0.28925363117509506,-5.846821307163146e-06,0.039999999999999994,0.1881720430107527,0.1881720430107527,1.0
2023-05-12,2021-08-18,9.047909960425676e-06,1.3049819783895445e-05,0.003971223021582734,7.059050205514004e-06,1.2256650721827543e-05,0.0156767840244583,2023-05-08,250,50271,197,100.0,7.98785780679255e-06,1.2627064700052146e-05,7.98785780679255e-06,1.2627064700052146e-05,0.0028262798528794967,0.0035534581325874864,-0.25729167582860524,-4.639206893259595e-06,0.039999999999999994,0.27918781725888325,0.22842639593908629,1.0
2023-05-15,2021-08-20,8.265141148340764e-06,1.5529164059289642e-05,0.00538911745958162,5.952076667571395e-06,1.1376276504462455e-05,0.01569735173352122,2023-05-10,250,50275,200,100.0,7.016086328725306e-06,1.3286604779682959e-05,7.016086328725306e-06,1.3286604779682959e-05,0.0026487895969150334,0.003645079529953079,-0.3761302650079852,-6.270518450957653e-06,0.039999999999999994,0.205,0.145,1.0
2023-05-17,2021-08-23,1.1242295001699872e-05,1.9960821286902075e-05,0.005404777125588421,9.902820787136055e-06,1.8609532031434226e-05,0.015748624009750162,2023-05-12,250,50286,201,100.0,1.0589218021464777e-05,1.9301983739460044e-05,1.0589218021464777e-05,1.9301983739460044e-05,0.0032541078687506313,0.004393402296564707,-0.35010960723053475,-8.712765717995267e-06,0.039999999999999994,0.2736318407960199,0.12935323383084577,1.0
2023-05-19,2021-08-25,1.0309071363392996e-05,2.101819515226589e-05,0.005312767780634103,7.5277443310736765e-06,1.4315844508829733e-05,0.015411284974834823,2023-05-15,250,50307,222,100.0,8.855765346505422e-06,1.7516065987227174e-05,8.855765346505422e-06,1.7516065987227174e-05,0.0029758637983794594,0.004185219944904589,-0.4063882719308922,-8.660300640721751e-06,0.039999999999999994,0.2882882882882883,0.23423423423423423,1.0
2023-05-22,2021-08-27,1.011323404893647e-05,1.6976598198524605e-05,0.00530943137702672,7.564873944356126e-06,1.2501475670996166e-05,0.015433741818355547,2023-05-17,250,50348,219,100.0,8.786690432853551e-06,1.4647082362276923e-05,8.786690432853551e-06,1.4647082362276923e-05,0.002964235218880842,0.003827150684553317,-0.2911089714392747,-5.860391929423372e-06,0.039999999999999994,0.2374429223744292,0.1643835616438356,1.0
2023-05-24,2021-08-30,1.3909215517855181e-05,9.644176060872097e-06,0.005420844019584986,1.2420844536257643e-05,9.064585783146362e-06,0.015602581564394213,2023-05-19,250,50424,206,100.0,1.3208380638170901e-05,9.37126219223425e-06,1.3208380638170901e-05,9.37126219223425e-06,0.0036343335892802826,0.003061251736174967,0.15768553959814258,3.8371184459366515e-06,0.039999999999999994,0.24271844660194175,0.24271844660194175,1.0
2023-05-26,2021-09-01,1.1258437896319916e-05,9.989883880904866e-06,0.005376033296722355,6.5540294786543e-06,1.1206648028521297e-05,0.015581509706981798,2023-05-22,250,50478,220,100.0,8.820698988984097e-06,1.0620388939215199e-05,8.820698988984097e-06,1.0620388939215199e-05,0.002969966159568842,0.003258893821408608,-0.09728314947592209,-1.799689950231102e-06,0.039999999999999994,0.2636363636363636,0.21818181818181817,1.0
2023-05-31,2021-09-03,1.22207888892341e-05,6.6671378776667735e-06,0.005245346869712353,,,,2023-05-24,250,50505,108,100.0,1.22207888892341e-05,6.6671378776667735e-06,1.22207888892341e-05,6.6671378776667735e-06,0.003495824493482775,0.002582080145477048,0.26138164250213647,5.553651011567326e-06,0.039999999999999994,0.3148148148148148,0.21296296296296297,1.0
2023-06-02,2021-09-08,8.502693319771985e-06,5.956662189345549e-06,0.005164084624354489,6.383075649313955e-06,1.7042821192461986e-05,0.015316658764401879,2023-05-26,250,50567,220,100.0,7.519961490741443e-06,1.1096608636244988e-05,7.519961490741443e-06,1.1096608636244988e-05,0.0027422548187105884,0.0033311572518037913,-0.21475117085220607,-3.576647145503545e-06,0.039999999999999994,0.29545454545454547,0.18636363636363637,1.0
2023-06-07,2021-09-10,8.166975761888723e-06,9.856292487977243e-06,0.005189442553428938,6.950729753487588e-06,2.1157414299799285e-05,0.015094439642081164,2023-05-31,250,50509,178,100.0,7.606682656894941e-06,1.5062427255221106e-05,7.606682656894941e-06,1.5062427255221106e-05,0.0027580215113183837,0.0038810343022474183,-0.4071805772073962,-7.455744598326164e-06,0.039999999999999994,0.28651685393258425,0.2696629213483146,1.0
2023-06-09,2021-09-13,6.052004525172338e-06,1.0708580335202606e-05,0.005150357202193055,6.30433818119639e-06,2.0578965349966294e-05,0.015055747675529559,2023-06-02,250,50535,174,100.0,6.173820772908088e-06,1.5473593790605765e-05,6.173820772908088e-06,1.5473593790605765e-05,0.0024847174432735984,0.003933648915524333,-0.5831373205726673,-9.299773017697677e-06,0.039999999999999994,0.3850574712643678,0.3620689655172414,1.0
2023-06-12,2021-09-15,8.844607546657838e-06,1.0234523437653192e-05,0.005139257294429709,8.27737147224104e-06,2.154380312089681e-05,0.015028781111886482,2023-06-07,250,50529,149,100.0,8.608576428444137e-06,1.4940398205177382e-05,8.608576428444137e-06,1.4940398205177382e-05,0.0029340375642523966,0.0038652811288672627,-0.31739319767439667,-6.3318217767332445e-06,0.04,0.37583892617449666,0.33557046979865773,1.0
2023-06-14,2021-09-17,1.1095047773847872e-05,1.3747680768450596e-05,0.005073372974742238,1.2889734063389533e-05,2.5962988415604396e-05,0.014796118261347494,2023-06-09,250,50533,195,100.0,1.1877346925699365e-05,1.9072302050543275e-05,1.1877346925699365e-05,1.9072302050543275e-05,0.0034463526989702265,0.0043671846824405395,-0.2671902918541851,-7.19495512484391e-06,0.039999999999999994,0.24615384615384617,0.14871794871794872,1.0
2023-06-16,2021-09-20,1.2647534739245228e-05,1.6265970221484433e-05,0.004999731197247461,1.0644159463360165e-05,2.0931891957349337e-05,0.014597544057840032,2023-06-12,250,50496,186,100.0,1.1505826248687071e-05,1.892504389891282e-05,1.1505826248687071e-05,1.892504389891282e-05,0.0033920239162905487,0.004350292392347073,-0.28250640316960607,-7.41921765022575e-06,0.039999999999999994,0.23655913978494625,0.15053763440860216,1.0
2023-06-21,2021-09-22,9.93545894330449e-06,9.377147240489639e-06,0.005026755310523756,1.0936103201602161e-05,1.9046850169009774e-05,0.014919184317672361,2023-06-14,250,50501,216,100.0,1.0407985398611723e-05,1.3943395845624148e-05,1.0407985398611723e-05,1.3943395845624148e-05,0.0032261409452489396,0.0037340856773277376,-0.1574465408359904,-3.5354104470124247e-06,0.039999999999999994,0.2361111111111111,0.12962962962962962,1.0
2023-06-23,2021-09-24,1.1680089002762175e-05,1.1465009469309622e-05,0.0049732620320855625,8.753190240117188e-06,1.6044595947986662e-05,0.014942083801058397,2023-06-16,250,50514,223,100.0,1.0262577494395994e-05,1.3682925790821373e-05,1.0262577494395994e-05,1.3682925790821373e-05,0.0032035257911238973,0.003699043902256551,-0.15467898292113036,-3.42034829642538e-06,0.039999999999999994,0.2556053811659193,0.14798206278026907,1.0
2023-06-26,2021-09-27,1.0607301104382335e-05,9.554047085213809e-06,0.0049817870152132,1.093930830201193e-05,1.885878633223075e-05,0.015055905911682554,2023-06-21,250,50580,196,100.0,1.0759753389008168e-05,1.3826631433333832e-05,1.0759753389008168e-05,1.3826631433333832e-05,0.0032802063028120913,0.0037184178669608706,-0.13359268402511892,-3.0668780443256636e-06,0.039999999999999994,0.1836734693877551,0.11734693877551021,1.0
2023-06-28,2021-09-29,1.2259468242651342e-05,1.1875508357495626e-05,0.0049452302456662765,9.186087163201383e-06,1.9258079603599453e-05,0.014953731343283583,2023-06-23,250,50659,202,100.0,1.0783636734202598e-05,1.542060445092172e-05,1.0783636734202598e-05,1.542060445092172e-05,0.0032838448097013656,0.003926907746678259,-0.1958262263420949,-4.636967716719122e-06,0.039999999999999994,0.25742574257425743,0.10396039603960396,1.0
2023-06-30,2021-10-01,1.273251681585266e-05,1.1500959283196985e-05,0.004905322010654571,5.87095630963282e-06,1.4569509387435889e-05,0.014887514551140124,2023-06-26,250,50673,204,100.0,9.234466361701368e-06,1.3065318159867798e-05,9.234466361701368e-06,1.3065318159867798e-05,0.003038826477721518,0.0036145979250627306,-0.1894716435974062,-3.830851798166431e-06,0.039999999999999994,0.30392156862745096,0.2647058823529412,1.0
2023-07-05,2021-10-04,9.851071871608851e-06,5.410082415382092e-06,0.004832172919048113,6.6192552467040605e-06,1.361105876221033e-05,0.014696971540593521,2023-06-28,250,50710,217,100.0,8.406434947112239e-06,9.075956634932042e-06,8.406434947112239e-06,9.075956634932042e-06,0.0028993852705551638,0.0030126328410432033,-0.03905916596808656,-6.695216878198031e-07,0.04,0.2350230414746544,0.1152073732718894,1.0
2023-07-07,2021-10-06,1.3065236619005938e-05,6.809317089147285e-06,0.004848548042333562,9.458574651811611e-06,1.4455626656722707e-05,0.014835029340854294,2023-06-30,250,50738,213,100.0,1.1321170033930746e-05,1.0506828288491269e-05,1.1321170033930746e-05,1.0506828288491269e-05,0.0033646946420040477,0.0032414238057513044,0.03663655973824764,8.143417454394772e-07,0.04,0.27230046948356806,0.19248826291079812,1.0
2023-07-10,2021-10-08,1.3920593887039827e-05,3.998216528341849e-06,0.004877281308999371,8.587778691025095e-06,1.3921178957849302e-05,0.014872577813248201,2023-07-05,250,50789,197,100.0,1.1619633015662915e-05,8.27969777965217e-06,1.1619633015662915e-05,8.27969777965217e-06,0.0034087582806152325,0.002877446399092809,0.1558666933187558,3.339935236010744e-06,0.039999999999999994,0.19289340101522842,0.14213197969543148,1.0
2023-07-12,2021-10-11,1.4902806148548854e-05,6.362220823277488e-06,0.004944704381114417,1.2515642715045132e-05,2.1494078256204998e-05,0.014741149482439092,2023-07-07,250,50847,207,100.0,1.3772651479547094e-05,1.3526095356740754e-05,1.3772651479547094e-05,1.3526095356740754e-05,0.0037111523115532586,0.003677784028017517,0.008991353826104609,2.4655612280633997e-07,0.039999999999999994,0.23671497584541062,0.10628019323671498,1.0
2023-07-14,2021-10-13,1.3406107771759021e-05,4.962717322024967e-06,0.004880864910255065,5.017469478889411e-06,1.3534849244187959e-05,0.014508339265059168,2023-07-10,250,50874,194,100.0,9.384750239610188e-06,9.07203829502063e-06,9.384750239610188e-06,9.07203829502063e-06,0.0030634539721709855,0.003011982452641554,0.016801793007830024,3.1271194458955834e-07,0.039999999999999994,0.3402061855670103,0.21649484536082475,1.0
2023-07-17,2021-10-15,1.381059345383801e-05,5.096085456406829e-06,0.004877025538832658,1.0521952028446703e-05,1.8694371019678804e-05,0.014517381143162394,2023-07-12,250,50903,195,100.0,1.2326488605456291e-05,1.1232747659319313e-05,1.2326488605456291e-05,1.1232747659319313e-05,0.0035109099398099477,0.0033515291523898926,0.045395863224188204,1.0937409461369782e-06,0.039999999999999994,0.26666666666666666,0.18974358974358974,1.0
2023-07-19,2021-10-18,2.150162520377991e-05,4.1090714199628765e-06,0.0048004955350229705,9.733310962705985e-06,1.6180553683311613e-05,0.014360441665382336,2023-07-14,250,50930,216,100.0,1.5998848637351826e-05,9.753607107917612e-06,1.5998848637351826e-05,9.753607107917612e-06,0.003999856077079753,0.003123076545318352,0.21920277001604693,6.245241529434215e-06,0.039999999999999994,0.19907407407407407,0.08796296296296297,1.0
2023-07-21,2021-10-20,2.0033068214114796e-05,4.452193966090076e-06,0.00481540930979133,8.293602348735103e-06,1.4835004442471377e-05,0.01442427573090363,2023-07-17,250,50965,227,100.0,1.4396055970386221e-05,9.437772564881095e-06,1.4396055970386221e-05,9.437772564881095e-06,0.0037942134850830708,0.0030720957935717265,0.19032078567807165,4.958283405505126e-06,0.039999999999999994,0.2422907488986784,0.12334801762114538,1.0
2023-07-24,2021-10-22,1.907095195726852e-05,3.793627681690318e-06,0.004845264145045326,9.75273774548354e-06,1.6085778686805106e-05,0.014424275730903628,2023-07-19,250,51012,211,100.0,1.5052196064982107e-05,9.094981906645037e-06,1.5052196064982107e-05,9.094981906645037e-06,0.0038797159773599544,0.0030157887702299438,0.2226779517293146,5.957214158337069e-06,0.03999999999999999,0.27014218009478674,0.11848341232227488,1.0
2023-07-26,2021-10-25,2.1806835432912442e-05,3.807907574186863e-06,0.004803222807561202,9.873101418833948e-06,1.6283744979404995e-05,0.014321028016862813,2023-07-21,250,51073,219,100.0,1.6521117627590004e-05,9.333735100699003e-06,1.6521117627590004e-05,9.333735100699003e-06,0.004064617771401144,0.0030551162172164584,0.24836321911683534,7.187382526891001e-06,0.039999999999999994,0.2557077625570776,0.1780821917808219,1.0
2023-07-28,2021-10-27,1.6855789158550516e-05,2.2006741655384404e-06,0.004813166338888312,7.247364879334931e-06,1.2363176909999542e-05,0.014414393688258307,2023-07-24,250,51119,224,100.0,1.2351840277668214e-05,6.964347327004582e-06,1.2351840277668214e-05,6.964347327004582e-06,0.0035145184986948375,0.0026390049880598144,0.24911335961388636,5.387492950663631e-06,0.039999999999999994,0.3125,0.20089285714285715,1.0
2023-07-31,2021-10-29,1.915673295398089e-05,2.467265027947523e-06,0.004749017004544761,7.924046249533089e-06,1.4295275186585246e-05,0.014274641075024075,2023-07-26,250,51161,208,100.0,1.435043912371236e-05,7.528288605441549e-06,1.435043912371236e-05,7.528288605441549e-06,0.0037881973448742555,0.0027437726956585796,0.27570492087189413,6.822150518270811e-06,0.039999999999999994,0.2403846153846154,0.14903846153846154,1.0
2023-08-02,2021-11-01,2.7835946367084904e-05,4.073174249190697e-06,0.004754479691214439,1.4256175632883591e-05,9.838365254094837e-06,0.014288400368033648,2023-07-28,250,51226,222,100.0,2.1902442938177118e-05,6.592199147729894e-06,2.1902442938177118e-05,6.592199147729894e-06,0.004680004587409837,0.002567527828034176,0.4513834804903082,1.5310243790447225e-05,0.039999999999999994,0.25675675675675674,0.17117117117117117,1.0
2023-08-04,2021-11-03,2.4552278651363985e-05,2.15792800744128e-06,0.004864780038709002,1.2463909689876428e-05,7.1413944132800874e-06,0.014531612601372425,2023-07-31,250,51283,225,100.0,1.8105148538570617e-05,4.815776757221978e-06,1.8105148538570617e-05,4.815776757221978e-06,0.004255014516846049,0.002194487812046806,0.48425844298330867,1.328937178134864e-05,0.04,0.23555555555555555,0.15555555555555556,1.0
2023-08-07,2021-11-05,1.8612843029902946e-05,5.52594319621573e-06,0.003846365184900269,1.0201810223817262e-05,8.716599188717978e-06,0.014597634341218859,2023-08-02,250,51355,204,100.0,1.4366096073889095e-05,7.136911663018336e-06,1.4366096073889095e-05,7.136911663018336e-06,0.003790263325138386,0.0026714998901400566,0.2951677334865599,7.229184410870759e-06,0.039999999999999994,0.2647058823529412,0.1715686274509804,1.0
2023-08-09,2021-11-08,1.564330872815494e-05,3.2992940484539062e-06,0.003893214682981089,1.4449615133076671e-05,1.0341537182881022e-05,0.014534527019498604,2023-08-04,250,51418,197,100.0,1.5079788401544386e-05,6.6238047667367574e-06,1.5079788401544386e-05,6.6238047667367574e-06,0.0038832703230066777,0.002573675342139478,0.33724023102600464,8.455983634807628e-06,0.039999999999999994,0.29949238578680204,0.16751269035532995,1.0
2023-08-11,2021-11-10,1.1629046407388667e-05,6.035462545188197e-06,0.0039332471764904195,7.9150138317522e-06,7.91145751536906e-06,0.014627097396335585,2023-08-07,250,51479,206,100.0,9.699912982179434e-06,7.009887117078256e-06,9.699912982179434e-06,7.009887117078256e-06,0.0031144683305789826,0.0026476191412433655,0.14989691330360366,2.690025865101178e-06,0.039999999999999994,0.22330097087378642,0.16019417475728157,1.0
2023-08-14,2021-11-12,1.1272633206242277e-05,8.455548650748835e-06,0.005287136509364979,7.380002151266192e-06,8.049930032386758e-06,0.014635631100639515,2023-08-09,250,51518,193,100.0,9.41707850646093e-06,8.262196770493338e-06,9.41707850646093e-06,8.262196770493338e-06,0.003068725876721629,0.0028744037243389,0.06332339876194049,1.1548817359675912e-06,0.039999999999999994,0.29533678756476683,0.15544041450777202,1.0
2023-08-16,2021-11-15,1.752018189621035e-05,6.109083376699507e-06,0.005297266835728377,1.9364986492708047e-05,8.165993996179549e-06,0.014726837363679472,2023-08-11,250,51571,217,100.0,1.842133068528295e-05,7.113841559486993e-06,1.842133068528295e-05,7.113841559486993e-06,0.004292007768548765,0.002667178576602435,0.37857088793101723,1.1307489125795958e-05,0.04,0.17972350230414746,0.1152073732718894,1.0
2023-08-18,2021-11-17,1.7874689884352745e-05,5.731910568641263e-06,0.005402298850574715,1.5707426892699488e-05,5.696947695917744e-06,0.01494961837310046,2023-08-14,250,51626,227,100.0,1.6757642439315605e-05,5.713890057149405e-06,1.6757642439315605e-05,5.713890057149405e-06,0.004093609952024692,0.0023903744596086626,0.4160717587599211,1.10437523821662e-05,0.039999999999999994,0.20704845814977973,0.1145374449339207,1.0
2023-08-21,2021-11-19,1.6614897398341832e-05,6.371755242419996e-06,0.005387128202189237,1.4094248400882357e-05,5.642033188738486e-06,0.01494242611683849,2023-08-16,250,51685,226,100.0,1.5343419585464045e-05,6.003665356934631e-06,1.5343419585464045e-05,6.003665356934631e-06,0.003917067727964892,0.0024502378164036713,0.3744714192938682,9.339754228529414e-06,0.039999999999999994,0.19469026548672566,0.11061946902654868,1.0
2023-08-23,2021-11-22,1.4290334017546195e-05,9.095386708705643e-06,0.005303842464594032,1.2363350650115569e-05,7.700314264150572e-06,0.014886155426223898,2023-08-18,250,51735,206,100.0,1.3373613774787934e-05,8.431711468092066e-06,1.3373613774787934e-05,8.431711468092066e-06,0.0036569951838617363,0.00290374094369523,0.20597627349650482,4.941902306695868e-06,0.039999999999999994,0.33980582524271846,0.2621359223300971,1.0
2023-08-25,2021-11-24,1.3980630390748082e-05,1.0358979996254345e-05,0.0053294024265789774,9.470065136915724e-06,7.021865975252428e-06,0.014929087413307698,2023-08-21,250,51762,207,100.0,1.1649082167752611e-05,8.63399835254804e-06,1.1649082167752611e-05,8.63399835254804e-06,0.00341307517757119,0.0029383666130263666,0.13908529400827185,3.0150838152045707e-06,0.039999999999999994,0.3285024154589372,0.1932367149758454,1.0
2023-08-28,2021-11-26,1.426148439995306e-05,1.0717373368407229e-05,0.005262863221544144,8.03218035117911e-06,8.662685063418343e-06,0.014824576675682436,2023-08-23,250,51794,196,100.0,1.1273961029622696e-05,9.731961630300316e-06,1.1273961029622696e-05,9.731961630300316e-06,0.003357671965755841,0.003119609211151345,0.07090113537964582,1.5419993993223806e-06,0.039999999999999994,0.3112244897959184,0.2193877551020408,1.0
2023-08-30,2021-11-29,1.571153322611627e-05,1.3700736520896344e-05,0.005105366065609386,6.4165656775616316e-06,1.2077542223206567e-05,0.014521259684744854,2023-08-25,250,51849,203,100.0,1.1682187687826573e-05,1.2997085790863335e-05,1.1682187687826573e-05,1.2997085790863335e-05,0.0034179215450075174,0.0036051471247181208,-0.054777611845444385,-1.3148981030367616e-06,0.039999999999999994,0.28078817733990147,0.14285714285714285,1.0
2023-09-01,2021-12-01,7.595879631993634e-06,1.2680650459454212e-05,0.005003459839250545,8.752094490520955e-06,1.565898278382163e-05,0.014482888864216727,2023-08-28,250,51850,195,100.0,8.105800031139016e-06,1.3994171381995738e-05,8.105800031139016e-06,1.3994171381995738e-05,0.002847068673414643,0.0037408784238458937,-0.3139403551370106,-5.888371350856722e-06,0.039999999999999994,0.2358974358974359,0.13333333333333333,1.0
2023-09-06,2021-12-03,1.0270685288297864e-05,4.92885447907798e-06,0.004955192409066946,1.144548025617664e-05,1.2976211063409067e-05,0.014518673760128213,2023-08-30,250,51834,191,100.0,1.075659524883411e-05,8.257342280974084e-06,1.075659524883411e-05,8.257342280974084e-06,0.003279724873954233,0.0028735591660820356,0.12384139630056823,2.4992529678600257e-06,0.039999999999999994,0.24083769633507854,0.13612565445026178,1.0
2023-09-08,2021-12-08,1.1749422747109165e-05,5.616593208984279e-06,0.00529398513178644,7.31021746274228e-06,1.0411043429821897e-05,0.014661951219512203,2023-09-01,250,51807,195,100.0,9.586732993186836e-06,7.952351008879527e-06,9.586732993186836e-06,7.952351008879527e-06,0.00309624498274714,0.0028199913136177437,0.08922216125298021,1.6343819843073085e-06,0.039999999999999994,0.31794871794871793,0.16923076923076924,1.0
2023-09-11,2021-12-10,8.574811058334476e-06,5.645143517945111e-06,0.0052755640363677195,1.0161941225966087e-05,1.529341925181182e-05,0.014639901687915248,2023-09-06,250,51782,172,100.0,9.16537112070903e-06,9.235199604965281e-06,9.16537112070903e-06,9.235199604965281e-06,0.003027436394164051,0.003038947121120287,-0.003802136678552559,-6.982848425625133e-08,0.039999999999999994,0.29651162790697677,0.21511627906976744,1.0
2023-09-13,2021-12-13,1.1022184981678601e-05,6.891075620751874e-06,0.005331820760068065,1.5236230865083575e-05,1.769978940039382e-05,0.014624473642906796,2023-09-08,250,51798,196,100.0,1.282820464599502e-05,1.1523381526312709e-05,1.282820464599502e-05,1.1523381526312709e-05,0.003581648314113911,0.0033946106590171292,0.05222111125755635,1.3048231196823108e-06,0.039999999999999994,0.20918367346938777,0.17857142857142858,1.0
2023-09-15,2021-12-15,1.1608947911670714e-05,7.887280933280122e-06,0.005348810743143279,1.2182154164761126e-05,1.2699063374301065e-05,0.014482567279509723,2023-09-11,250,51812,215,100.0,1.1904882302801112e-05,1.0371503495853726e-05,1.1904882302801112e-05,1.0371503495853726e-05,0.0034503452440011145,0.0032204818732378742,0.06662039723789626,1.5333788069473852e-06,0.03999999999999999,0.2558139534883721,0.20465116279069767,1.0
2023-09-18,2021-12-17,8.099616098064599e-06,6.8952347988457386e-06,0.005371121650191419,1.2651568378348327e-05,1.3822055076575266e-05,0.014681056453977489,2023-09-13,250,51826,201,100.0,1.0296329387554756e-05,1.0238028664217698e-05,1.0296329387554756e-05,1.0238028664217698e-05,0.003208789395949001,0.003199691963958046,0.002835160201676179,5.83007233370574e-08,0.039999999999999994,0.15920398009950248,0.1044776119402985,1.0
2023-09-20,2021-12-20,9.985223877627467e-06,6.264616437549768e-06,0.005249343832020998,1.3997387994683753e-05,1.028921034221386e-05,0.014702943235978403,2023-09-15,250,51862,218,100.0,1.1844070555713179e-05,8.1292218704446e-06,1.1844070555713179e-05,8.1292218704446e-06,0.003441521546600163,0.0028511790316366665,0.1715353244109974,3.7148486852685788e-06,0.039999999999999994,0.1743119266055046,0.0963302752293578,1.0
2023-09-22,2021-12-22,1.0932470902121136e-05,4.180131075606824e-06,0.005404473063876271,1.556268398993215e-05,7.4846937238050285e-06,0.015088759591089275,2023-09-18,250,51864,233,100.0,1.3297257843964531e-05,5.867869080480584e-06,1.3297257843964531e-05,5.867869080480584e-06,0.003646540530964181,0.00242236848569341,0.33570778519417366,7.429388763483947e-06,0.04,0.2446351931330472,0.16738197424892703,1.0
2023-09-25,2021-12-27,1.3126862290287282e-05,4.305700108863581e-06,0.00537788202986441,1.5096780442358945e-05,7.582877338415837e-06,0.015122763812090517,2023-09-20,250,51900,224,100.0,1.405905570153548e-05,5.856507190705273e-06,1.405905570153548e-05,5.856507190705273e-06,0.003749540732081128,0.002420022146738594,0.3545817155597625,8.202548510830206e-06,0.039999999999999994,0.22767857142857142,0.11160714285714286,1.0
2023-09-27,2021-12-29,1.8212068134308204e-05,4.560366382363225e-06,0.00546638753198418,2.0069318637751835e-05,8.108120041654134e-06,0.015283976707053634,2023-09-22,250,51969,212,0.01,1.912317215486546e-05,6.300773837864426e-06,1.912317215486546e-05,6.300773837864426e-06,0.004373004934237493,0.0025101342270612594,0.42599327812125054,1.2822398317001034e-05,0.039999999999999994,0.2358490566037736,0.1650943396226415,1.0
2023-09-29,2021-12-31,1.623188580582318e-05,9.632232891169186e-06,0.005507059581697816,1.3991085792349647e-05,6.012902411726726e-06,0.015189816111266687,2023-09-25,250,52036,214,0.01,1.4996304489982632e-05,7.636527299700914e-06,1.4996304489982632e-05,7.636527299700914e-06,0.003872506228527287,0.002763426731379161,0.2863983765805094,7.359777190281719e-06,0.039999999999999994,0.4158878504672897,0.3411214953271028,1.0
2023-10-02,2022-01-03,1.0534141434467927e-05,3.678315719226891e-06,0.0054903335085567445,1.3660257196202773e-05,5.686345507239843e-06,0.015226770843080382,2023-09-27,250,52078,219,0.01,1.2147160069518322e-05,4.7144224134984145e-06,1.2147160069518322e-05,4.7144224134984145e-06,0.00348527761728077,0.002171272072656583,0.3770160339908246,7.432737656019907e-06,0.039999999999999994,0.273972602739726,0.136986301369863,1.0
2023-10-04,2022-01-05,1.706278032693935e-05,4.983764515162571e-06,0.005452436194895591,1.6346392754565597e-05,5.4643522072972405e-06,0.01543950283450746,2023-09-29,250,52142,210,0.01,1.6701175171360217e-05,5.2263468740495945e-06,1.6701175171360217e-05,5.2263468740495945e-06,0.004086707130607749,0.0022861204854621275,0.440595958457598,1.1474828297310622e-05,0.039999999999999994,0.319047619047619,0.23333333333333334,1.0
2023-10-06,2022-01-07,9.49040429982734e-06,4.213463849812274e-06,0.005374192441827227,1.2867073245496025e-05,6.2790327389356355e-06,0.015333663133097763,2023-10-02,250,52204,212,0.01,1.1338015609721524e-05,5.343680789143925e-06,1.1338015609721524e-05,5.343680789143925e-06,0.003367196995977741,0.0023116402810869872,0.3134823166424955,5.994334820577599e-06,0.039999999999999994,0.2641509433962264,0.12264150943396226,1.0
2023-10-09,2022-01-10,9.33511291660238e-06,5.740403064263921e-06,0.005296073018198206,1.2690523130840103e-05,6.203058493197978e-06,0.015153745867672395,2023-10-04,250,52264,208,0.01,1.101281802372124e-05,5.97173077873095e-06,1.101281802372124e-05,5.97173077873095e-06,0.0033185566175253423,0.0024437124991968573,0.2636218751575373,5.0410872449902906e-06,0.039999999999999994,0.23557692307692307,0.12980769230769232,1.0
2023-10-11,2022-01-12,1.1021548435905376e-05,6.564937339414386e-06,0.005269353663321935,2.112203712120868e-05,1.5056209368125621e-05,0.014979380494315832,2023-10-06,250,52326,206,0.01,1.5973729781612332e-05,1.072813381951067e-05,1.5973729781612332e-05,1.072813381951067e-05,0.003996714873694686,0.003275383003483817,0.1804811934317565,5.245595962101662e-06,0.039999999999999994,0.21359223300970873,0.10679611650485436,1.0
2023-10-13,2022-01-14,1.1943409690840087e-05,5.581659013296677e-06,0.005201704388246363,1.5034736600642967e-05,5.629606333106656e-06,0.015009777244846194,2023-10-09,250,52366,228,100.0,1.3475514694382743e-05,5.6054223779393425e-06,1.3475514694382743e-05,5.6054223779393425e-06,0.003670901073903074,0.002367577322483754,0.35504191618914016,7.8700923164434e-06,0.039999999999999994,0.2149122807017544,0.15789473684210525,1.0
2023-10-16,2022-01-19,1.2392868975610555e-05,3.190226929953321e-06,0.005255800950517189,1.7608299424587482e-05,9.7398240121943e-06,0.01508491309385863,2023-10-11,250,52409,216,100.0,1.4928147666085448e-05,6.374058844931574e-06,1.4928147666085448e-05,6.374058844931574e-06,0.0038636961146142753,0.0025246898512355084,0.34656096744100284,8.554088821153874e-06,0.039999999999999994,0.18055555555555555,0.0787037037037037,1.0
2023-10-18,2022-01-21,1.9442344697413273e-05,5.902625968322e-06,0.005306237651707591,2.7413219157729745e-05,1.0904616904101041e-05,0.014928535388284944,2023-10-13,250,52440,217,0.01,2.326248729590596e-05,8.299893513580158e-06,2.326248729590596e-05,8.299893513580158e-06,0.004823120078943293,0.00288095357713035,0.4026784467365897,1.4962593782325802e-05,0.04,0.1889400921658986,0.06451612903225806,1.0
2023-10-20,2022-01-24,2.4933046930928206e-05,7.986904217563273e-06,0.0053573464037387445,2.5384793749255156e-05,6.2590365557066985e-06,0.015264263771310658,2023-10-16,250,52450,242,100.0,2.5170120674430366e-05,7.080130692539369e-06,2.5170120674430366e-05,7.080130692539369e-06,0.005016983224451758,0.0026608514976487075,0.46963117502959606,1.8089989981891e-05,0.04,0.1487603305785124,0.05785123966942149,1.0
2023-10-23,2022-01-26,2.3447802020013523e-05,7.674209309082492e-06,0.005437297547431744,3.237768607221751e-05,1.3480248186505728e-05,0.015454165578480025,2023-10-18,250,52503,216,100.0,2.7457981432345872e-05,1.0281550841999408e-05,2.7457981432345872e-05,1.0281550841999408e-05,0.0052400363960898085,0.0032064857464207458,0.3880794895215858,1.7176430590346466e-05,0.039999999999999994,0.18518518518518517,0.09259259259259259,1.0
2023-10-25,2022-01-28,3.0604078557104425e-05,1.1262187393723528e-05,0.0054197416974169745,2.7108393590912895e-05,9.249380498224876e-06,0.01536515355380875,2023-10-20,250,52551,203,100.0,2.8761525397584747e-05,1.0201249769002563e-05,2.8761525397584747e-05,1.0201249769002563e-05,0.0053629772885576115,0.0031939395374681974,0.404446566595993,1.8560275628582185e-05,0.039999999999999994,0.27586206896551724,0.18226600985221675,1.0
2023-10-27,2022-01-31,2.6850929067456623e-05,1.0893932799079398e-05,0.005632452513631733,2.1985416049616613e-05,5.031149634521226e-06,0.01577782087019755,2023-10-23,250,52553,240,0.01,2.4296534733090617e-05,7.815971637686359e-06,2.4296534733090617e-05,7.815971637686359e-06,0.004929151522634562,0.0027957059283276486,0.43282207587049726,1.648056309540426e-05,0.04,0.1375,0.0375,1.0
2023-10-30,2022-02-02,2.5206961242415792e-05,9.026530252279117e-06,0.005587920580192605,1.8951997126511163e-05,4.340280195292121e-06,0.01584966397194896,2023-10-25,250,52594,221,0.01,2.198041866679078e-05,6.609188593923835e-06,2.198041866679078e-05,6.609188593923835e-06,0.004688327918009872,0.0025708342214004845,0.45165221666240307,1.5371230072866946e-05,0.04,0.14027149321266968,0.027149321266968326,1.0
2023-11-03,2022-02-04,6.326954805590155e-06,9.223323011882934e-06,0.005293686996677365,6.331754674277889e-06,1.2122247165892008e-05,0.01511082737487232,2023-10-27,250,52656,199,0.01,6.3297527189960715e-06,1.09131481468832e-05,6.3297527189960715e-06,1.09131481468832e-05,0.00251589998191424,0.003303505433154787,-0.313051177273467,-4.583395427887128e-06,0.039999999999999994,0.2562814070351759,0.23115577889447236,1.0
2023-11-06,2022-02-07,5.6915347990350945e-06,1.087633466845869e-05,0.004019247098782903,6.068250353894477e-06,1.4062957744527976e-05,0.014974211507051003,2023-10-30,250,52683,186,0.01,5.873816519128344e-06,1.2418249060105119e-05,5.873816519128344e-06,1.2418249060105119e-05,0.0024235957829490348,0.003523953612081907,-0.4540187092560275,-6.544432540976775e-06,0.039999999999999994,0.23655913978494625,0.13978494623655913,1.0
2023-11-08,2022-02-09,8.702548011760964e-06,1.564299626090999e-05,0.0039049609503904953,,,,2023-11-03,250,52699,93,100.0,8.702548011760964e-06,1.564299626090999e-05,8.702548011760964e-06,1.564299626090999e-05,0.0029500081375753804,0.003955122787083859,-0.3407158904770293,-6.9404482491490275e-06,0.039999999999999994,0.4731182795698925,0.4838709677419355,1.0
2023-11-09,2022-02-11,1.1290061802037465e-05,1.2775025647940163e-05,0.003882114932473072,5.457699818772456e-06,1.072376233745429e-05,0.01488654088050315,2023-11-06,250,52717,170,100.0,7.824952623744724e-06,1.1556333916416206e-05,7.824952623744724e-06,1.1556333916416206e-05,0.002797311677976683,0.0033994608273101496,-0.2152599419200245,-3.731381292671482e-06,0.039999999999999994,0.2823529411764706,0.24705882352941178,1.0
2023-11-10,2022-02-14,1.091346524390143e-05,1.6338866440818576e-05,0.0038923304643385783,4.351509060473338e-06,1.2947660425818296e-05,0.01500354969574036,2023-11-08,250,52609,198,100.0,7.334216416577016e-06,1.4489117705363878e-05,7.334216416577016e-06,1.4489117705363878e-05,0.0027081758466866615,0.003806457369439973,-0.4055429133588251,-7.154901288786862e-06,0.039999999999999994,0.2777777777777778,0.18686868686868688,1.0
2023-11-13,2022-02-16,7.605060381492662e-06,1.2381441175584994e-05,0.005096566523605149,4.400187943420153e-06,1.2180961712504495e-05,0.014773019223349452,2023-11-09,250,52599,194,100.0,6.068704006540377e-06,1.2285335041221661e-05,6.068704006540377e-06,1.2285335041221661e-05,0.0024634739711513853,0.0035050442281405894,-0.4228054646351276,-6.216631034681284e-06,0.039999999999999994,0.2422680412371134,0.12886597938144329,1.0
2023-11-16,2022-02-23,1.2959609432975602e-05,2.0303420482714428e-05,0.005052922716876761,5.8435580020103145e-06,2.3093065247274245e-05,0.014475048923679066,2023-11-10,250,52605,190,100.0,9.663754033370624e-06,2.159546647893161e-05,9.663754033370624e-06,2.159546647893161e-05,0.003108657915141295,0.004647092260643381,-0.4948869857982303,-1.1931712445560985e-05,0.039999999999999994,0.1736842105263158,0.03684210526315789,1.0
2023-11-17,2022-02-25,1.2291221244252366e-05,2.026950974936689e-05,0.005007643244952822,5.898865478195552e-06,2.0727014898659854e-05,0.014457366235035426,2023-11-13,250,52615,198,100.0,9.09504336122396e-06,2.0498262324013375e-05,9.09504336122396e-06,2.0498262324013375e-05,0.003015798959019643,0.004527500670791046,-0.501260771130055,-1.1403218962789414e-05,0.039999999999999994,0.20707070707070707,0.07575757575757576,1.0
2023-11-20,2022-02-28,1.095655498455314e-05,2.0240007828386e-05,0.005008171226738362,5.8687624721732935e-06,1.978510588045279e-05,0.014439406375474171,2023-11-16,250,52599,199,100.0,8.629976498992508e-06,2.0031987339632624e-05,8.629976498992508e-06,2.0031987339632624e-05,0.0029376821643929602,0.0044757108194824905,-0.523551755779321,-1.1402010840640116e-05,0.039999999999999994,0.22613065326633167,0.09045226130653267,1.0
2023-11-21,2022-03-02,1.2604630526624227e-05,2.2645828973645697e-05,0.004962131104727084,8.1823359058696e-06,2.6131475460551177e-05,0.014329106678994407,2023-11-17,250,52622,183,0.01,1.067138697656756e-05,2.4169608858631696e-05,1.067138697656756e-05,2.4169608858631696e-05,0.0032667088906983372,0.004916259641092168,-0.504957988479102,-1.3498221882064136e-05,0.039999999999999994,0.19672131147540983,0.07650273224043716,1.0
2023-11-22,2022-03-04,1.2044791972046454e-05,2.2275313216306406e-05,0.0049832144355853964,6.473002917544499e-06,2.3200926103457178e-05,0.014360403291636323,2023-11-20,250,52613,189,100.0,9.480000185053493e-06,2.270138898975676e-05,9.480000185053493e-06,2.270138898975676e-05,0.0030789608937194205,0.004764597463559409,-0.5474693015031187,-1.3221388804703266e-05,0.039999999999999994,0.2857142857142857,0.15343915343915343,1.0
2023-11-24,2022-03-07,1.2195781470138994e-05,1.9701045938371285e-05,0.00496576237520255,6.235983396635185e-06,2.0494034553447472e-05,0.01430517339897147,2023-11-21,250,52587,191,100.0,9.231483999024534e-06,2.0095464359482476e-05,9.231483999024534e-06,2.0095464359482476e-05,0.003038335728490934,0.004482796488742544,-0.4754118337571067,-1.0863980360457942e-05,0.039999999999999994,0.3769633507853403,0.3403141361256545,1.0
2023-11-27,2022-03-09,8.970894727961173e-06,1.5657975187165916e-05,0.0050007895983576345,5.531447623628863e-06,1.851318230257305e-05,0.01429637601581375,2023-11-22,250,52581,187,100.0,7.352331384745969e-06,1.7001602065004567e-05,7.352331384745969e-06,1.7001602065004567e-05,0.002711518280363599,0.004123299899959324,-0.5206609263229502,-9.649270680258598e-06,0.039999999999999994,0.2994652406417112,0.20320855614973263,1.0
2023-11-29,2022-03-11,8.452816004335608e-06,1.5012412568854308e-05,0.004989495798319326,4.371020873573183e-06,1.6499830464247313e-05,0.014308003429098985,2023-11-24,250,52575,198,100.0,6.5974545812617775e-06,1.5688511612214768e-05,6.5974545812617775e-06,1.5688511612214768e-05,0.002568551066508466,0.003960872582173626,-0.5420649539811557,-9.09105703095299e-06,0.039999999999999994,0.2727272727272727,0.10606060606060606,1.0
2023-12-01,2022-03-14,6.5101693013349425e-06,1.3622659704529507e-05,0.005001316135825217,6.2842401545378495e-06,1.9100565221963556e-05,0.014261919368974585,2023-11-27,250,52550,197,100.0,6.406952939854037e-06,1.6125256133814095e-05,6.406952939854037e-06,1.6125256133814095e-05,0.0025311959505052227,0.004015626493315096,-0.5864542184154424,-9.718303193960058e-06,0.039999999999999994,0.25888324873096447,0.16751269035532995,1.0
2023-12-04,2022-03-16,6.039778175895477e-06,9.192803120862383e-06,0.004967580004183225,8.447615515076528e-06,1.910505919617612e-05,0.014178043999128734,2023-11-29,250,52528,179,100.0,7.089003385147556e-06,1.3512110237479546e-05,7.089003385147556e-06,1.3512110237479546e-05,0.002662518241279777,0.0036758822393378634,-0.38060358886818313,-6.42310685233199e-06,0.039999999999999994,0.2011173184357542,0.11173184357541899,1.0
2023-12-06,2022-03-18,5.7044004220015696e-06,1.051662734258155e-05,0.004911591355599216,7.177762227241725e-06,1.875734126440332e-05,0.014255672360928605,2023-12-01,250,52540,182,100.0,6.327745801141635e-06,1.4003083232583064e-05,6.327745801141635e-06,1.4003083232583064e-05,0.0025155011033870835,0.003742069378376497,-0.4876039502975602,-7.675337431441428e-06,0.039999999999999994,0.3021978021978022,0.1813186813186813,1.0
2023-12-08,2022-03-21,7.252321558088979e-06,1.2539847040877703e-05,0.004890101405260719,1.131258684673815e-05,2.524298539634185e-05,0.014204962573380183,2023-12-04,250,52528,167,100.0,8.929916198309296e-06,1.7788449115889833e-05,8.929916198309296e-06,1.7788449115889833e-05,0.0029882965378806195,0.004217635488741272,-0.4113845246872765,-8.858532917580537e-06,0.04,0.32934131736526945,0.20958083832335328,1.0
2023-12-11,2022-03-23,6.482508588344374e-06,9.644281333091309e-06,0.004854120893158244,1.0500106532606961e-05,2.2561868694045902e-05,0.014144154715341153,2023-12-06,250,52502,168,100.0,8.108679184831612e-06,1.4872828598239598e-05,8.108679184831612e-06,1.4872828598239598e-05,0.002847574263268934,0.0038565306427201635,-0.35432135781876917,-6.764149413407987e-06,0.039999999999999994,0.32142857142857145,0.19047619047619047,1.0
2023-12-13,2022-03-25,1.1760046923431162e-05,1.0065895095946013e-05,0.004879050896204614,9.270297276867373e-06,2.4586820944732737e-05,0.0140252962723551,2023-12-08,250,52488,173,100.0,1.0824591853912976e-05,1.552173428768669e-05,1.0824591853912976e-05,1.552173428768669e-05,0.0032900747489856483,0.00393976322736363,-0.1974692151229347,-4.697142433773715e-06,0.04,0.2138728323699422,0.16184971098265896,1.0
2023-12-15,2022-03-28,2.0735957697626756e-05,1.3282443837241078e-05,0.004795315733683306,1.1323530801865076e-05,2.0590523062246278e-05,0.013790258680960153,2023-12-11,250,52480,180,100.0,1.5506831644425824e-05,1.734248785113285e-05,1.5506831644425824e-05,1.734248785113285e-05,0.003937871461135549,0.004164431275832613,-0.0575335728789208,-1.8356562067070267e-06,0.039999999999999994,0.23333333333333334,0.15555555555555556,1.0
2023-12-18,2022-03-30,1.139373083363625e-05,6.545412269211874e-06,0.004808422331325606,8.177152395025254e-06,1.4959444809373801e-05,0.01413464513242282,2023-12-13,250,52476,207,100.0,9.855367232561427e-06,1.0569514788419754e-05,9.855367232561427e-06,1.0569514788419754e-05,0.0031393259200919914,0.003251079019098083,-0.03559780088166731,-7.141475558583268e-07,0.039999999999999994,0.22705314009661837,0.13043478260869565,1.0
2023-12-20,2022-04-01,1.3379303832780038e-05,6.8545580928517175e-06,0.004823804204326189,9.783029318083185e-06,1.347707558348751e-05,0.013970628001010862,2023-12-15,250,52472,219,100.0,1.16879053167354e-05,9.969258099863073e-06,1.16879053167354e-05,9.969258099863073e-06,0.0034187578616707267,0.0031574131975183536,0.07644433292056996,1.7186472168723263e-06,0.039999999999999994,0.2054794520547945,0.1506849315068493,1.0
2023-12-22,2022-04-04,1.6157311656841347e-05,5.909189878303854e-06,0.004879802753236079,7.433050119560749e-06,1.2587878934566584e-05,0.014033875608208169,2023-12-18,250,52494,221,100.0,1.1893871629573002e-05,9.172983625255776e-06,1.1893871629573002e-05,9.172983625255776e-06,0.0034487492848238478,0.0030286933858110787,0.12179948854537404,2.7208880043172255e-06,0.04,0.2398190045248869,0.1493212669683258,1.0
2023-12-27,2022-04-06,1.4410504001282526e-05,4.442008576686345e-06,0.0049210049210049196,9.135632405445e-06,1.683427478007163e-05,0.013946836959949546,2023-12-20,250,52543,203,100.0,1.204590638935536e-05,9.99716239199699e-06,1.204590638935536e-05,9.99716239199699e-06,0.0034707213067826925,0.0031618289631156504,0.08899946620991617,2.04874399735837e-06,0.039999999999999994,0.20689655172413793,0.11330049261083744,1.0
2023-12-29,2022-04-08,1.1369208729065239e-05,4.947516160840575e-06,0.004907531769810931,7.56462231811253e-06,1.4674147912188959e-05,0.013916408986972667,2023-12-22,250,52620,205,100.0,9.550430835048823e-06,9.59732060782663e-06,9.550430835048823e-06,9.59732060782663e-06,0.003090377134760226,0.0030979542617389673,-0.0024518454053761296,-4.688977277780673e-08,0.039999999999999994,0.36097560975609755,0.28780487804878047,1.0
2024-01-03,2022-04-11,1.4080516435020549e-05,3.507201063431827e-06,0.005117431588019823,9.523953008262788e-06,1.3807721276018477e-05,0.014035360203110123,2023-12-27,250,52649,194,100.0,1.2131058886459241e-05,7.914124659538488e-06,1.2131058886459241e-05,7.914124659538488e-06,0.0034829669660304333,0.0028132054065671225,0.1922962709653958,4.216934226920753e-06,0.039999999999999994,0.16494845360824742,0.030927835051546393,1.0
2024-01-05,2022-04-13,1.7068750537158664e-05,3.991108834533671e-06,0.005222362706833051,7.622678069700209e-06,1.237977063405527e-05,0.014196655110426299,2023-12-29,250,52669,194,0.01,1.1907494446691672e-05,8.57460445695269e-06,1.1907494446691672e-05,8.57460445695269e-06,0.0034507237569373285,0.002928242554323786,0.15141206292249487,3.3328899897389828e-06,0.039999999999999994,0.34536082474226804,0.23711340206185566,1.0
2024-01-08,2022-04-18,1.68089236834416e-05,4.34244241508246e-06,0.005243404349265922,6.6196569966727625e-06,1.4815109004173473e-05,0.014177237561976409,2024-01-03,250,52664,179,0.01,1.1685828701267324e-05,9.608028968256713e-06,1.1685828701267324e-05,9.608028968256713e-06,0.003418454139120097,0.0030996820753517148,0.09325035551023464,2.0777997330106112e-06,0.039999999999999994,0.2681564245810056,0.12290502793296089,1.0
2024-01-10,2022-04-20,1.3826582551423451e-05,4.1939470947745936e-06,0.0051312520254942215,6.529507084894169e-06,1.5750408123651953e-05,0.013998930108888325,2024-01-05,250,52663,194,100.0,1.0591796519869233e-05,9.31691435499858e-06,1.0591796519869233e-05,9.31691435499858e-06,0.00325450403592763,0.003052362094345718,0.062111442895874336,1.2748821648706528e-06,0.039999999999999994,0.2422680412371134,0.15979381443298968,1.0
2024-01-12,2022-04-22,1.4897997969778876e-05,5.6889800590838654e-06,0.005118810280726331,9.415419706682425e-06,1.6956364865159467e-05,0.013926341975438234,2024-01-08,250,52643,186,100.0,1.2127232611009702e-05,1.1383249799788738e-05,1.2127232611009702e-05,1.1383249799788738e-05,0.003482417638797751,0.0033739072008264746,0.031159513081474577,7.439828112209642e-07,0.039999999999999994,0.3279569892473118,0.22580645161290322,1.0
2024-01-17,2022-04-25,2.0627718948990135e-05,3.4069047987121986e-06,0.005173446604585308,1.0149328081592035e-05,1.013746023277378e-05,0.01396798054450129,2024-01-10,250,52606,227,100.0,1.555008460796022e-05,6.668407431957897e-06,1.555008460796022e-05,6.668407431957897e-06,0.003943359558543986,0.002582325973218311,0.34514569749967505,8.881677176002324e-06,0.039999999999999994,0.17180616740088106,0.05286343612334802,1.0
2024-01-19,2022-04-27,1.1337110176531886e-05,2.6540699624836383e-06,0.005036314478078777,8.574635986069353e-06,1.1624915489366172e-05,0.01392225020462129,2024-01-12,250,52560,225,100.0,9.998844902041148e-06,6.999946239951176e-06,9.998844902041148e-06,6.999946239951176e-06,0.003162095017870454,0.0026457411513508226,0.16329486103405433,2.9988986620899716e-06,0.04,0.28,0.1288888888888889,1.0
2024-01-22,2022-05-02,1.055381340963491e-05,2.3449330093117945e-06,0.004959281687199834,8.11678542498404e-06,1.2451082195843178e-05,0.013750830172252973,2024-01-17,250,52576,215,100.0,9.46565207695359e-06,6.857446134460692e-06,9.46565207695359e-06,6.857446134460692e-06,0.003076629987007471,0.0026186725901610327,0.14885033259780356,2.6082059424928982e-06,0.03999999999999999,0.3023255813953488,0.15813953488372093,1.0
2024-01-24,2022-05-04,1.0731489945345568e-05,2.9814030980546044e-06,0.004867301977661643,8.089776218295015e-06,1.2075658855938073e-05,0.013681914367033777,2024-01-19,250,52582,210,100.0,9.561588151937467e-06,7.0088592194029974e-06,9.561588151937467e-06,7.0088592194029974e-06,0.0030921817786051108,0.002647425016766858,0.14383267016044687,2.55272893253447e-06,0.039999999999999994,0.22857142857142856,0.10952380952380952,1.0
2024-01-26,2022-05-06,1.4992356995486481e-05,2.3130598778614435e-06,0.0048926198691867945,6.213948977277505e-06,9.629443421652228e-06,0.013593043460443006,2024-01-22,250,52605,209,100.0,1.0666155914742342e-05,5.9187417200167114e-06,1.0666155914742342e-05,5.9187417200167114e-06,0.003265908130174874,0.002432846423434227,0.2550781202458504,4.74741419472563e-06,0.039999999999999994,0.24401913875598086,0.09569377990430622,1.0
2024-01-29,2022-05-09,1.7517865407046387e-05,3.5298125966124997e-06,0.00493711672383328,6.9875844870378674e-06,9.026474202176136e-06,0.013610334215547491,2024-01-24,250,52618,205,100.0,1.2689346351042481e-05,6.050233040139241e-06,1.2689346351042481e-05,6.050233040139241e-06,0.003562210879642372,0.0024597221469383978,0.30949563907195143,6.63911331090324e-06,0.039999999999999994,0.24390243902439024,0.11219512195121951,1.0
2024-01-31,2022-05-11,2.1278976562030818e-05,5.293461379312278e-06,0.005052116570942353,9.82994660824311e-06,8.583135908457947e-06,0.013513848316323416,2024-01-26,250,52618,206,100.0,1.6110239738233456e-05,6.7786057055770705e-06,1.6110239738233456e-05,6.7786057055770705e-06,0.0040137563127615825,0.0026035755617183592,0.3513369126470405,9.331634032656387e-06,0.039999999999999994,0.2669902912621359,0.19902912621359223,1.0
2024-02-02,2022-05-13,7.940363540734632e-06,4.743991512151444e-06,0.005084020122016483,5.113388588228548e-06,7.543434368525594e-06,0.013560533524121014,2024-01-29,250,52635,195,100.0,6.403648951167222e-06,6.265739936642007e-06,6.403648951167222e-06,6.265739936642007e-06,0.002530543212665459,0.002503146007855316,0.010826610141656201,1.3790901452521534e-07,0.039999999999999994,0.24102564102564103,0.14358974358974358,1.0
2024-02-05,2022-05-16,6.0860014603660415e-06,3.4097709372299333e-06,0.005111649179445788,4.632035629063218e-06,8.00904131382725e-06,0.01341926367957925,2024-01-31,250,52646,195,100.0,5.3254654870691805e-06,5.8155431342193e-06,5.3254654870691805e-06,5.8155431342193e-06,0.00230769700937302,0.00241154372430178,-0.04500015145271341,-4.900776471501193e-07,0.039999999999999994,0.2205128205128205,0.08205128205128205,1.0
2024-02-07,2022-05-18,6.0610713404613705e-06,6.78122527018435e-06,0.005018489170628631,4.745662578731861e-06,1.062513529077588e-05,0.013429314952022351,2024-02-02,250,52626,178,100.0,5.4403166439148605e-06,8.595205279901703e-06,5.4403166439148605e-06,8.595205279901703e-06,0.002332448636929624,0.0029317580527563497,-0.25694431437325926,-3.154888635986842e-06,0.039999999999999994,0.14606741573033707,0.12921348314606743,1.0
2024-02-09,2022-05-20,7.912681955416414e-06,6.84026222587313e-06,0.005044604927782496,3.746387389008052e-06,7.996092994840392e-06,0.01331235551452882,2024-02-05,250,52616,196,100.0,5.765764857420268e-06,7.435868897636873e-06,5.765764857420268e-06,7.435868897636873e-06,0.002401200711606647,0.0027268789664443988,-0.13563141692550973,-1.6701040402166047e-06,0.039999999999999994,0.25,0.22448979591836735,1.0
2024-02-12,2022-05-23,9.644577918432395e-06,5.972449867773741e-06,0.005083399523431294,4.7226938830732985e-06,7.660490338832344e-06,0.013235859936153232,2024-02-07,250,52573,189,100.0,7.483115617190043e-06,6.713758646069319e-06,7.483115617190043e-06,6.713758646069319e-06,0.0027355283981691804,0.00259109217243797,0.05280011928513628,7.693569711207239e-07,0.039999999999999994,0.20634920634920634,0.1164021164021164,1.0
2024-02-14,2022-05-25,1.109600545261511e-05,4.9675757467262295e-06,0.005188067444876783,9.459524257706456e-06,9.203366395914525e-06,0.013426596907383424,2024-02-09,250,52537,209,100.0,1.0313000096199488e-05,6.9942698372469455e-06,1.0313000096199488e-05,6.9942698372469455e-06,0.003211386008594963,0.002644668190387396,0.1764714103788213,3.3187302589525423e-06,0.039999999999999994,0.1722488038277512,0.06698564593301436,1.0
2024-02-16,2022-05-27,1.0861873145746872e-05,2.644043402896571e-06,0.005221364081366256,8.254409507583573e-06,8.811392302465314e-06,0.01321450369514551,2024-02-12,250,52522,207,100.0,9.677807532281413e-06,5.444675270333585e-06,9.677807532281413e-06,5.444675270333585e-06,0.003110917474360484,0.002333382795499612,0.2499374172632821,4.2331322619478275e-06,0.039999999999999994,0.18840579710144928,0.043478260869565216,1.0
2024-02-21,2022-06-01,1.1653423097087874e-05,2.7303670950195647e-06,0.00528750826173166,8.106746141063507e-06,6.876566135915572e-06,0.013354160963040504,2024-02-14,250,52518,204,100.0,1.0071327003959357e-05,4.579897059340824e-06,1.0071327003959357e-05,4.579897059340824e-06,0.0031735354108563775,0.0021400694052625545,0.32565132314529377,5.491429944618534e-06,0.039999999999999994,0.15196078431372548,0.024509803921568627,1.0
2024-02-23,2022-06-03,1.1334646454382324e-05,7.207980176263401e-06,0.005206920865650594,3.9042367737372195e-06,8.804369392991375e-06,0.013071552709359611,2024-02-16,250,52526,192,100.0,7.619441614059772e-06,8.006174784627389e-06,7.619441614059772e-06,8.006174784627389e-06,0.002760333605573749,0.002829518472218796,-0.025063951149001173,-3.8673317056761613e-07,0.039999999999999994,0.22395833333333334,0.11458333333333333,1.0
2024-02-26,2022-06-06,6.537179033872239e-06,4.64625139081017e-06,0.005259697567389873,4.091625036246972e-06,9.798026901755268e-06,0.01306254405828493,2024-02-21,250,52505,176,100.0,5.356087614564582e-06,7.134324790982518e-06,5.356087614564582e-06,7.134324790982518e-06,0.0023143222797537472,0.002671015685274521,-0.15412434501504557,-1.7782371764179366e-06,0.039999999999999994,0.1534090909090909,0.10227272727272728,1.0
2024-02-28,2022-06-08,7.787622426792033e-06,3.4144607033251378e-06,0.005256529595356731,8.002954556289968e-06,1.4390780437130834e-05,0.013086250567139444,2024-02-23,250,52512,183,100.0,7.873519942930555e-06,7.792992618996263e-06,7.873519942930555e-06,7.792992618996263e-06,0.0028059793197617398,0.002791593204425792,0.005126949879719511,8.052732393429219e-08,0.039999999999999994,0.18032786885245902,0.060109289617486336,1.0
2024-03-01,2022-06-10,7.211039105189871e-06,3.616578949362797e-06,0.005311203319502076,4.384888470953645e-06,1.1515016854232937e-05,0.013056630845536137,2024-02-26,250,52509,284,100.0,5.4994267492439884e-06,8.40013993400246e-06,5.4994267492439884e-06,8.40013993400246e-06,0.002345085659255113,0.0028982994900462683,-0.23590346416892793,-2.900713184758471e-06,0.04,0.14788732394366197,0.045774647887323945,1.0
2024-03-04,2022-06-13,1.0930195721490286e-05,3.104945985708518e-06,0.005343426472225313,5.177481188996762e-06,1.0800454757918239e-05,0.012935191576484349,2024-02-28,250,52461,186,100.0,8.610552764839671e-06,6.207973716438246e-06,8.610552764839671e-06,6.207973716438246e-06,0.00293437433958922,0.0024915805659135822,0.1508988705706934,2.402579048401425e-06,0.039999999999999994,0.22043010752688172,0.06989247311827956,1.0
2024-03-06,2022-06-15,1.0851658034416385e-05,2.4999162172331474e-06,0.005643075476134493,5.577083412972579e-06,7.576712784792656e-06,0.013079800070980717,2024-03-01,250,52527,195,100.0,8.579533582102129e-06,4.686843969412628e-06,8.579533582102129e-06,4.686843969412628e-06,0.002929084085870894,0.0021649120003853803,0.2608911397155419,3.892689612689501e-06,0.039999999999999994,0.2358974358974359,0.11282051282051282,1.0
2024-03-08,2022-06-17,1.1119210414456693e-05,2.8658557191624363e-06,0.005680473372781065,4.904231593097259e-06,5.755489558259877e-06,0.012885944328975744,2024-03-04,250,52509,194,100.0,7.78746919063514e-06,4.414937777235291e-06,7.78746919063514e-06,4.414937777235291e-06,0.002790603732283597,0.0021011753323402814,0.24705349310887115,3.3725314133998493e-06,0.039999999999999994,0.3556701030927835,0.1958762886597938,1.0
2024-03-11,2022-06-22,1.134794037611692e-05,3.3309151861053383e-06,0.005622913371990863,6.067663703020787e-06,6.345491381223866e-06,0.012963755569452043,2024-03-06,250,52494,180,100.0,8.94248100281757e-06,4.704222119437112e-06,8.94248100281757e-06,4.704222119437112e-06,0.002990398134499413,0.0021689218795145925,0.27470464400966266,4.238258883380457e-06,0.039999999999999994,0.37777777777777777,0.2722222222222222,1.0
2024-03-13,2022-06-27,2.067698334777133e-05,6.2101724525880915e-06,0.005541765283149569,5.683450513140028e-06,1.0854500822016201e-05,0.012836822245442936,2024-03-08,250,52497,183,100.0,1.4450160968361611e-05,8.13896456229594e-06,1.4450160968361611e-05,8.13896456229594e-06,0.0038013367344082545,0.002852887057402718,0.2495042516019511,6.311196406065671e-06,0.039999999999999994,0.1912568306010929,0.11475409836065574,1.0
2024-03-15,2022-06-29,2.4471367683311095e-05,9.041969838837159e-06,0.005549132947976877,1.1367254451950846e-05,9.335313790139785e-06,0.012882441013690652,2024-03-11,250,52477,193,100.0,1.7410083869521118e-05,9.20004119083443e-06,1.7410083869521118e-05,9.20004119083443e-06,0.004172539259194708,0.0030331569677209966,0.27306688342427,8.210042678686688e-06,0.039999999999999994,0.22797927461139897,0.19689119170984457,1.0
2024-03-18,2022-07-01,1.699912597710726e-05,5.248294376720088e-06,0.005561348627042056,1.1842123709287146e-05,1.0891136615480757e-05,0.013185858031108406,2024-03-13,250,52440,198,100.0,1.4681079503188118e-05,7.784723463839782e-06,1.4681079503188118e-05,7.784723463839782e-06,0.0038315896835632228,0.00279011172963374,0.27181353953353127,6.896356039348336e-06,0.039999999999999994,0.23737373737373738,0.12626262626262627,1.0
2024-03-20,2022-07-06,1.0668098170377818e-05,5.487780429256604e-06,0.005452067242162653,1.1419607993143118e-05,1.3649999091001241e-05,0.013035516084621198,2024-03-15,250,52422,207,100.0,1.0998472053815703e-05,9.076002159782026e-06,1.0998472053815703e-05,9.076002159782026e-06,0.0033163944358015835,0.003012640396692248,0.09159165020608206,1.9224698940336764e-06,0.039999999999999994,0.21256038647342995,0.10628019323671498,1.0
2024-03-22,2022-07-08,9.789349710394172e-06,5.493877219522041e-06,0.005601913987278983,6.742251243407378e-06,1.0448379307920685e-05,0.012873508234392952,2024-03-18,250,52432,219,1.0,8.37015316412635e-06,7.801453534666615e-06,8.37015316412635e-06,7.801453534666615e-06,0.0028931216988101883,0.002793108221080346,0.0345693987815906,5.686996294597352e-07,0.039999999999999994,0.2009132420091324,0.1506849315068493,1.0
2024-03-25,2022-07-11,8.771335459449992e-06,4.759754382165753e-06,0.0055723241235198515,7.963222565794848e-06,1.118315332028969e-05,0.01289796051495558,2024-03-20,250,52445,202,0.01,8.41128516029671e-06,7.621664800141763e-06,8.41128516029671e-06,7.621664800141763e-06,0.002900221570897077,0.0027607362786296274,0.04809470202799204,7.896203601549471e-07,0.039999999999999994,0.21287128712871287,0.13861386138613863,1.0
2024-03-27,2022-07-13,6.8790314512633734e-06,5.63305059900514e-06,0.005656708502739968,7.176818411506829e-06,1.2132606546334294e-05,0.01295762610589618,2024-03-22,250,52461,198,0.01,7.0158931350116274e-06,8.620220251565508e-06,7.0158931350116274e-06,8.620220251565508e-06,0.0026487531283627824,0.0029360211599314995,-0.10845406032470839,-1.6043271165538805e-06,0.039999999999999994,0.2474747474747475,0.16666666666666666,1.0
2024-04-01,2022-07-15,8.804313730561747e-06,3.660440751473657e-06,0.005598320503848847,9.07537426328296e-06,1.1063653293400565e-05,0.01285209627774485,2024-03-25,250,52430,194,0.01,8.930063462236537e-06,7.094920796697482e-06,8.930063462236537e-06,7.094920796697482e-06,0.0029883211778917837,0.0026636292528611186,0.10865362379144616,1.8351426655390548e-06,0.039999999999999994,0.21649484536082475,0.13917525773195877,1.0
2024-04-03,2022-07-18,1.2651734660204665e-05,5.016337433474339e-06,0.005685856432125087,1.1113697176082527e-05,1.0326472716830236e-05,0.012956876879192043,2024-03-27,250,52420,199,1.0,1.1948410986560871e-05,7.444590251491356e-06,1.1948410986560871e-05,7.444590251491356e-06,0.00345664736219373,0.002728477643575508,0.21065779708465715,4.503820735069515e-06,0.039999999999999994,0.22613065326633167,0.1306532663316583,1.0
2024-04-05,2022-07-20,1.3918412956766342e-05,4.711132713363001e-06,0.0056865300319867305,1.0760242212658305e-05,5.901928896747918e-06,0.013102590289823997,2024-04-01,250,52398,200,0.01,1.2276164169830163e-05,5.3303467287231575e-06,1.2276164169830163e-05,5.3303467287231575e-06,0.003503735744862926,0.0023087543673425194,0.34105921922692173,6.945817441107005e-06,0.039999999999999994,0.27,0.195,1.0
2024-04-08,2022-07-22,1.4514942360595758e-05,6.589058992896894e-06,0.0056610449345441665,1.1137415817597953e-05,8.472771297177447e-06,0.01296712381613719,2024-04-03,250,52368,188,0.01,1.2880075789251072e-05,7.5008559061390764e-06,1.2880075789251072e-05,7.5008559061390764e-06,0.0035888822478943316,0.002738769049434267,0.23687408494910722,5.379219883111996e-06,0.04,0.2712765957446808,0.2127659574468085,1.0
2024-04-10,2022-07-25,1.6824476728599465e-05,7.74083694026548e-06,0.005658042081687983,1.0187016469015997e-05,5.647900802549181e-06,0.012944901024416542,2024-04-05,250,52341,177,0.01,1.3411997160113045e-05,6.664807626524332e-06,1.3411997160113045e-05,6.664807626524332e-06,0.0036622393641204073,0.0025816288707954,0.2950682317250847,6.747189533588714e-06,0.039999999999999994,0.23728813559322035,0.11864406779661017,1.0
2024-04-12,2022-07-27,1.7178171494624024e-05,9.701967679855433e-06,0.005484460694698354,1.0741128150149683e-05,4.61423552403046e-06,0.012977888030888033,2024-04-08,250,52308,204,100.0,1.3644108481971444e-05,6.908702966853487e-06,1.3644108481971444e-05,6.908702966853487e-06,0.003693793237577253,0.002628441166709555,0.2884168122973929,6.7354055151179575e-06,0.039999999999999994,0.22549019607843138,0.14215686274509803,1.0
2024-04-15,2022-07-29,1.9561663931180725e-05,1.2109006024892577e-05,0.005437553101104504,1.5134123850080329e-05,4.482698267999341e-06,0.013159530194773419,2024-04-10,250,52286,195,100.0,1.7336541223755908e-05,8.276297511171876e-06,1.7336541223755908e-05,8.276297511171876e-06,0.004163717236287294,0.002876855490144035,0.30906559526379584,9.060243712584032e-06,0.039999999999999994,0.26666666666666666,0.19487179487179487,1.0
2024-04-17,2022-08-01,3.50017292823056e-05,2.0278406476380998e-05,0.0056677293659227745,2.096653203296877e-05,6.794377345666329e-06,0.013350835104164597,2024-04-12,250,52292,222,100.0,2.836346031302466e-05,1.3900825130772711e-05,2.836346031302466e-05,1.3900825130772711e-05,0.0053257356593267614,0.003728381033474544,0.29993126359075484,1.4462635182251948e-05,0.039999999999999994,0.16216216216216217,0.0990990990990991,1.0
2024-04-19,2022-08-03,3.477335894696278e-05,1.7981519020696802e-05,0.005747126436781608,1.8344830336032474e-05,5.2398910769884636e-06,0.013458011691223569,2024-04-15,250,52391,232,0.01,2.63466567715287e-05,1.144594261853606e-05,2.63466567715287e-05,1.144594261853606e-05,0.005132899450751856,0.0033831852770039154,0.3408822227155932,1.490071415299264e-05,0.039999999999999994,0.13793103448275862,0.06896551724137931,1.0
2024-04-22,2022-08-05,2.6452030595910967e-05,1.287046068456005e-05,0.005818181818181819,1.3414079521718556e-05,5.712118735413982e-06,0.013576512642378214,2024-04-17,250,52416,223,100.0,2.0430017319490263e-05,9.564141308945497e-06,2.0430017319490263e-05,9.564141308945497e-06,0.004519957667886975,0.0030925945917539043,0.3157912487265274,1.0865876010544765e-05,0.039999999999999994,0.14798206278026907,0.08071748878923767,1.0
2024-04-24,2022-08-08,2.508838570425394e-05,1.2124851292104188e-05,0.005751947273816656,1.62336512104145e-05,1.1718644480885184e-05,0.013294860081083758,2024-04-19,250,52442,201,100.0,2.1299792836243035e-05,1.1951051362925909e-05,2.1299792836243035e-05,1.1951051362925909e-05,0.004615169859955648,0.003457029268450863,0.2509421379164395,9.348741473317127e-06,0.039999999999999994,0.263681592039801,0.12935323383084577,1.0
2024-04-26,2022-08-10,2.3591946644636816e-05,1.0127983523902462e-05,0.0056507151686385326,8.309388230217823e-06,7.174811382586226e-06,0.013351895767542548,2024-04-22,250,52446,220,100.0,1.6089599786649313e-05,8.678244472710854e-06,1.6089599786649313e-05,8.678244472710854e-06,0.004011184337156461,0.00294588602507138,0.2655819883960441,7.411355313938459e-06,0.039999999999999994,0.17272727272727273,0.09090909090909091,1.0
2024-04-29,2022-08-12,2.8213355352484284e-05,1.4266903674657028e-05,0.0056704075605434135,8.671421401786306e-06,7.506341518947982e-06,0.013226588753787433,2024-04-24,250,52452,211,100.0,1.9414854284634485e-05,1.122304867564111e-05,1.9414854284634485e-05,1.122304867564111e-05,0.0044062290322490595,0.00335008189088582,0.23969410887026754,8.191805608993376e-06,0.03999999999999999,0.16113744075829384,0.0995260663507109,1.0
2024-05-01,2022-08-15,3.0305851327938045e-05,1.7823408120768096e-05,0.005636118123642339,1.0839844591214562e-05,7.372173647228737e-06,0.013392059444599383,2024-04-26,250,52472,208,100.0,2.1602300238922256e-05,1.3150500399425976e-05,2.1602300238922256e-05,1.3150500399425976e-05,0.004647827475167538,0.0036263618682401202,0.2197727029208626,8.45179983949628e-06,0.039999999999999994,0.15865384615384615,0.11538461538461539,1.0
2024-05-03,2022-08-17,7.232010550391716e-06,1.021329388511398e-05,0.0055481708374270355,6.225768554801845e-06,9.04916822123495e-06,0.013311181513969466,2024-04-29,250,52491,192,100.0,6.707926177688658e-06,9.606978435176986e-06,6.707926177688658e-06,9.606978435176986e-06,0.002589966443351855,0.0030995126125210374,-0.19673852164267558,-2.899052257488328e-06,0.039999999999999994,0.17708333333333334,0.171875,1.0
2024-05-06,2022-08-19,9.56429489181083e-06,1.1175961475100747e-05,0.005235031082997056,4.25556493742567e-06,8.922979908762374e-06,0.013148205519372567,2024-05-01,250,52481,181,0.01,7.0125849137361955e-06,1.0093036633822081e-05,7.0125849137361955e-06,1.0093036633822081e-05,0.002648128568203628,0.003176953986733532,-0.1996977884229525,-3.0804517200858855e-06,0.039999999999999994,0.12154696132596685,0.08287292817679558,1.0
2024-05-08,2022-08-22,1.538556977722585e-05,2.0678920634569777e-05,0.005263157894736845,4.3361178174760465e-06,1.0088210548958313e-05,0.01299947016281858,2024-05-03,250,52451,191,100.0,1.0236872267185364e-05,1.574398242713826e-05,1.0236872267185364e-05,1.574398242713826e-05,0.003199511254423926,0.003967868751248995,-0.2401483963410569,-5.5071101599528946e-06,0.039999999999999994,0.11518324607329843,0.09947643979057591,1.0
2024-05-10,2022-08-24,1.8759282071668544e-05,2.1694049533619254e-05,0.005201278647667552,3.1595831133336186e-06,9.742738331304201e-06,0.012923748005459758,2024-05-06,250,52411,188,100.0,1.095943259250108e-05,1.571839393246173e-05,1.095943259250108e-05,1.571839393246173e-05,0.0033105033744887016,0.003964642976670375,-0.1975952077930454,-4.758961339960649e-06,0.04,0.26595744680851063,0.21808510638297873,1.0
2024-05-13,2022-08-26,1.4926346539851193e-05,1.3580075118501126e-05,0.005299098606937996,3.0136741055244117e-06,7.206164752590268e-06,0.01290712310882421,2024-05-08,250,52380,187,100.0,9.001862388020227e-06,1.041016247663102e-05,9.001862388020227e-06,1.041016247663102e-05,0.003000310381947212,0.003226478339712049,-0.0753815202339343,-1.408300088610793e-06,0.039999999999999994,0.2727272727272727,0.23529411764705882,1.0
2024-05-15,2022-08-29,2.7001608595325202e-05,2.1632598358300207e-05,0.0051752654324281055,6.662607505558974e-06,1.8044253889956912e-05,0.012846447544429582,2024-05-10,250,52358,189,100.0,1.839250760494797e-05,2.0113722392863886e-05,1.839250760494797e-05,2.0113722392863886e-05,0.004288648692181252,0.004484832482140652,-0.0457448963625926,-1.7212147879159172e-06,0.039999999999999994,0.20105820105820105,0.12698412698412698,1.0
2024-05-17,2022-08-31,2.8803086900197967e-05,2.2988394711667333e-05,0.005109565950273913,4.9162580406077835e-06,1.527902281504304e-05,0.01271547787928654,2024-05-13,250,52317,198,100.0,1.7583515769178334e-05,1.9367326093555925e-05,1.7583515769178334e-05,1.9367326093555925e-05,0.004193270295268161,0.00440083243188785,-0.0494988689028486,-1.7838103243775916e-06,0.039999999999999994,0.21717171717171718,0.15151515151515152,1.0
2024-05-20,2022-09-02,2.3477824545254268e-05,2.2292434009447297e-05,0.005108758624321905,5.16102621492882e-06,1.3683826559261329e-05,0.012697225422608366,2024-05-15,250,52281,193,100.0,1.5505746515475316e-05,1.8545682580350816e-05,1.5505746515475316e-05,1.8545682580350816e-05,0.003937733677570807,0.004306469851322637,-0.09364172489676936,-3.0399360648755e-06,0.039999999999999994,0.22797927461139897,0.17098445595854922,1.0
2024-05-22,2022-09-07,2.6366167001615893e-05,2.6756131732787004e-05,0.0050428905640759044,5.7770368316374476e-06,1.3565751518051325e-05,0.01265158461306835,2024-05-17,250,52235,185,0.01,1.646112600092356e-05,2.0410489359211457e-05,1.646112600092356e-05,2.0410489359211457e-05,0.004057231322086967,0.004517796958608417,-0.11351722392908647,-3.949363358287898e-06,0.039999999999999994,0.2702702702702703,0.22162162162162163,1.0
2024-05-24,2022-09-09,2.206136161443976e-05,1.8035780911352865e-05,0.005190496575342463,4.286048395872175e-06,1.2278305857659868e-05,0.012781477678910946,2024-05-20,250,52206,209,100.0,1.3556427060101202e-05,1.5281008158389706e-05,1.3556427060101202e-05,1.5281008158389706e-05,0.0036819053572982024,0.00390909300968776,-0.061703827323869254,-1.7245810982885039e-06,0.039999999999999994,0.215311004784689,0.13875598086124402,1.0
2024-05-29,2022-09-12,1.1514641753329384e-05,7.720013999372634e-06,0.005105531870098426,7.106596472277042e-06,1.089436620849162e-05,0.01268859779921104,2024-05-22,250,52168,194,100.0,9.76505677064366e-06,8.979937298868314e-06,9.76505677064366e-06,8.979937298868314e-06,0.003124909081980412,0.0029966543509167545,0.04104270802732479,7.851194717753463e-07,0.039999999999999994,0.27319587628865977,0.18041237113402062,1.0
2024-05-31,2022-09-14,8.574332233132421e-06,8.31718327905775e-06,0.005070834858068902,4.361233139493555e-06,9.484244033755456e-06,0.012863408660377723,2024-05-24,250,52158,202,100.0,6.488639612519121e-06,8.894936127918e-06,6.488639612519121e-06,8.894936127918e-06,0.0025472808271800582,0.0029824379503885744,-0.17083201764222133,-2.4062965153988783e-06,0.039999999999999994,0.3564356435643564,0.22277227722772278,1.0
2024-06-03,2022-09-16,6.489328072906513e-06,4.553064203309396e-06,0.005045513654096229,4.314042599083885e-06,8.404101419553099e-06,0.01274730454898837,2024-05-29,250,52130,204,100.0,5.518980140956223e-06,6.270928843888695e-06,5.518980140956223e-06,6.270928843888695e-06,0.0023492509744504147,0.0025041822705004313,-0.06594923136565312,-7.519487029324725e-07,0.039999999999999994,0.28431372549019607,0.11764705882352941,1.0
2024-06-05,2022-09-19,6.862661169212349e-06,7.679553427588198e-06,0.004990995626447129,4.19048598538965e-06,1.140055975740564e-05,0.01272269725013721,2024-05-31,250,52078,192,100.0,5.832760317114018e-06,9.113691283872004e-06,5.832760317114018e-06,9.113691283872004e-06,0.0024151108291575393,0.0030188890810813177,-0.2500002255111389,-3.280930966757986e-06,0.039999999999999994,0.2760416666666667,0.10416666666666667,1.0
2024-06-07,2022-09-21,1.0395813078409959e-05,7.364912842871685e-06,0.004987659399424103,5.65410010717936e-06,1.3012500979699192e-05,0.012573497175775258,2024-06-03,250,52164,174,100.0,8.351971280465734e-06,9.799218074262852e-06,8.351971280465734e-06,9.799218074262852e-06,0.002889977730098579,0.003130370277501186,-0.0831814532336923,-1.4472467937971174e-06,0.039999999999999994,0.26436781609195403,0.1896551724137931,1.0
2024-06-10,2022-09-23,9.19432007033943e-06,7.735239720774724e-06,0.004926608766316219,6.8039869984745765e-06,1.4622069689048564e-05,0.012588801707833186,2024-06-05,250,52101,161,100.0,8.288665925098709e-06,1.0344535547263572e-05,8.288665925098709e-06,1.0344535547263572e-05,0.0028790043287738746,0.0032162922048942586,-0.11715434837988936,-2.0558696221648633e-06,0.039999999999999994,0.30434782608695654,0.2484472049689441,1.0
2024-06-12,2022-09-26,1.7846722175017786e-05,6.8697960655061194e-06,0.00468259715182235,4.129155483551061e-06,1.4065220743451589e-05,0.012519873358785731,2024-06-07,250,52014,166,100.0,1.2227477988151902e-05,9.817319427556072e-06,1.2227477988151902e-05,9.817319427556072e-06,0.0034967810895381916,0.003133260191486828,0.10395872339248224,2.41015856059583e-06,0.04,0.4036144578313253,0.28313253012048195,1.0
2024-06-14,2022-09-28,1.4804639367049417e-05,8.392603730471246e-06,0.004527632561613143,8.111869998843221e-06,1.3884491111428962e-05,0.012392932067471649,2024-06-10,250,51938,174,100.0,1.2189074326601023e-05,1.0538858569006444e-05,1.2189074326601023e-05,1.0538858569006444e-05,0.0034912854834002077,0.003246360819287721,0.07015314710785303,1.6502157575945784e-06,0.039999999999999994,0.3448275862068966,0.3045977011494253,1.0
2024-06-17,2022-09-30,1.1234757773199827e-05,7.725028877001979e-06,0.004564920702150688,1.2665592204705638e-05,1.4557384056453103e-05,0.00936692398393456,2024-06-12,250,51850,184,1.0,1.1763544410930235e-05,1.0250029704190437e-05,1.1763544410930235e-05,1.0250029704190437e-05,0.003429802386571307,0.0032015667577282277,0.06654483352647067,1.5135147067397983e-06,0.039999999999999994,0.25,0.22826086956521738,1.0
2024-06-21,2022-10-03,1.58894040135843e-05,1.4401688595913418e-05,0.004626096909576496,8.367599333327568e-06,8.909038171885897e-06,0.009294659963436926,2024-06-14,250,51805,201,1.0,1.2072368802707748e-05,1.1614373455362137e-05,1.2072368802707748e-05,1.1614373455362137e-05,0.0034745314508157423,0.003407986715842968,0.01915214638714846,4.5799534734561047e-07,0.039999999999999994,0.32338308457711445,0.31840796019900497,1.0
2024-06-24,2022-10-05,1.2752677652196424e-05,1.3091643415103654e-05,0.004674924092727361,9.372531124423272e-06,1.0122810312888729e-05,0.012567635121485374,2024-06-17,250,51762,216,0.01,1.131298561258934e-05,1.1827140427123225e-05,1.131298561258934e-05,1.1827140427123225e-05,0.0033634782015927113,0.0034390609804310283,-0.022471612511871353,-5.141548145338839e-07,0.039999999999999994,0.23148148148148148,0.18055555555555555,1.0
2024-06-26,2022-10-07,1.2992248950160554e-05,9.92873803891306e-06,0.00463959439422203,8.008624064326161e-06,1.1094106209846794e-05,0.012560253657104054,2024-06-21,250,51737,213,100.0,1.0956683855946507e-05,1.0404733489012752e-05,1.0956683855946507e-05,1.0404733489012752e-05,0.0033100881945873446,0.0032256369121481656,0.025513302810865834,5.519503669337553e-07,0.04,0.22535211267605634,0.15492957746478872,1.0
2024-06-28,2022-10-10,1.3117431212029959e-05,2.3675602065856303e-05,0.0045305931807566565,1.1310757044921805e-05,1.310146755523709e-05,0.012524851291249516,2024-06-24,250,51690,173,100.0,1.2167099713724513e-05,1.811348506894099e-05,1.2167099713724513e-05,1.811348506894099e-05,0.003488136997556792,0.0042559940165537114,-0.22013384782041312,-5.946385355216479e-06,0.04,0.31213872832369943,0.3063583815028902,1.0
2024-07-01,2022-10-12,1.2484098215294073e-05,1.098643643739286e-05,0.004605450574494351,1.104933549122426e-05,1.5212386378791118e-05,0.012574332071588694,2024-06-26,250,51654,188,100.0,1.1881192602520055e-05,1.2762234551065532e-05,1.1881192602520055e-05,1.2762234551065532e-05,0.0034469105881238136,0.0035724269833077808,-0.03641417204624586,-8.810419485454763e-07,0.04,0.21808510638297873,0.1595744680851064,1.0
2024-07-03,2022-10-14,1.3355976235972266e-05,1.4476689310677433e-05,0.004403686384891268,8.518809737984362e-06,1.1842234368250296e-05,0.012464623595198633,2024-06-28,250,51577,191,100.0,1.112733407983124e-05,1.3262909023067026e-05,1.112733407983124e-05,1.3262909023067026e-05,0.0033357658910408024,0.0036418277036492303,-0.0917515864738736,-2.135574943235786e-06,0.039999999999999994,0.2513089005235602,0.14136125654450263,1.0
2024-07-05,2022-10-17,8.457168468267894e-06,7.528304966183165e-06,0.004378244188670728,6.539142755179609e-06,9.418913372400286e-06,0.012409246364196857,2024-07-01,250,51498,210,100.0,7.571223257936638e-06,8.401585991912026e-06,7.571223257936638e-06,8.401585991912026e-06,0.002751585589789392,0.0028985489459231193,-0.05341042513054295,-8.30362733975388e-07,0.039999999999999994,0.3,0.2619047619047619,1.0
2024-07-08,2022-10-19,7.169531154138977e-06,5.179368085708852e-06,0.004285588053371036,7.835884608152067e-06,1.0075489464155839e-05,0.012338098586470503,2024-07-03,250,51447,205,100.0,7.475078591588881e-06,7.424418864118689e-06,7.475078591588881e-06,7.424418864118689e-06,0.0027340589956306506,0.002724778681676493,0.0033943356631983557,5.0659727470191715e-08,0.039999999999999994,0.2731707317073171,0.24390243902439024,1.0
2024-07-10,2022-10-24,7.4263081385401995e-06,5.6886329568010075e-06,0.004241735175791498,7.76796933179095e-06,9.267467945791907e-06,0.012311904933251771,2024-07-05,250,51414,183,100.0,7.586870229357492e-06,7.370489836873234e-06,7.586870229357492e-06,7.370489836873234e-06,0.002754427386836961,0.002714864607466316,0.014363340837994287,2.163803924842574e-07,0.039999999999999994,0.273224043715847,0.20218579234972678,1.0
2024-07-12,2022-10-26,6.106090282226202e-06,1.0237430261971514e-05,0.004262424748429055,6.292351032949764e-06,8.090098669228487e-06,0.012297302688326626,2024-07-08,250,51378,210,100.0,6.190351098029718e-06,9.266018350968717e-06,6.190351098029718e-06,9.266018350968717e-06,0.002488041619030863,0.0030440135267387884,-0.2234576397176533,-3.075667252938999e-06,0.039999999999999994,0.30952380952380953,0.3619047619047619,1.0
2024-07-15,2022-10-28,4.842668856340617e-06,6.2733197613040795e-06,0.00420751279604407,7.471507901451314e-06,7.402855024793031e-06,0.01222022357542099,2024-07-10,250,51318,204,100.0,5.938018458470075e-06,6.743959454424477e-06,5.938018458470075e-06,6.743959454424477e-06,0.002436804969313317,0.0025969134476190145,-0.06570426452750366,-8.059409959544019e-07,0.039999999999999994,0.27941176470588236,0.25,1.0
2024-07-17,2022-10-31,6.694355333217867e-06,1.8325488992234157e-05,0.00413082360957329,1.4992686558902977e-05,7.797559036945264e-06,0.012114865630421693,2024-07-12,250,51287,243,100.0,1.0519100589500717e-05,1.3473109753582487e-05,1.0519100589500717e-05,1.3473109753582487e-05,0.0032433162950135956,0.00367057349110224,-0.13173466823002333,-2.95400916408177e-06,0.039999999999999994,0.1728395061728395,0.13991769547325103,1.0
2024-07-19,2022-11-02,9.836262080240589e-06,1.4987834443107709e-05,0.004326880185565171,1.730752707006369e-05,6.84655054335713e-06,0.012382301957804072,2024-07-15,250,51250,244,100.0,1.3265695190323323e-05,1.1250851669451706e-05,1.3265695190323323e-05,1.1250851669451706e-05,0.003642210206773261,0.003354228923232835,0.07906772733898759,2.0148435208716173e-06,0.04,0.22950819672131148,0.24180327868852458,1.0
2024-07-22,2022-11-04,7.235097294478631e-06,1.3231839312997562e-05,0.004324372520172972,1.5540661637434585e-05,8.025685287567251e-06,0.01246507768811818,2024-07-17,250,51260,223,1.0,1.0847831560248709e-05,1.0967279041846262e-05,1.0847831560248709e-05,1.0967279041846262e-05,0.0032936046454073247,0.0033116882464758455,-0.005490519663231996,-1.1944748159755278e-07,0.039999999999999994,0.18385650224215247,0.19282511210762332,1.0
2024-07-24,2022-11-07,8.832604635065304e-06,2.1004613839625073e-05,0.004310919514688234,3.062174772573958e-05,1.0703381592385908e-05,0.012357259200404494,2024-07-19,250,51284,214,1.0,1.799626294422738e-05,1.6672319903870283e-05,1.799626294422738e-05,1.6672319903870283e-05,0.004242200248011329,0.004083175223263176,0.037486449354365514,1.3239430403570985e-06,0.039999999999999994,0.22897196261682243,0.2570093457943925,1.0
2024-07-26,2022-11-09,7.026834814580245e-06,2.2798921747822743e-05,0.00445997517127224,1.4703467305931382e-05,5.602681894116484e-06,0.012710022102115488,2024-07-22,250,51261,238,0.01,1.0349074926383468e-05,1.53568515590339e-05,1.0349074926383468e-05,1.53568515590339e-05,0.0032169978126171408,0.003918781897354572,-0.2181487603084522,-5.007776632650432e-06,0.04,0.19747899159663865,0.21428571428571427,1.0
2024-07-29,2022-11-11,6.684257194518776e-06,2.2814799840031154e-05,0.004450357863828226,1.6109117600373058e-05,5.482354180506323e-06,0.012569250973477336,2024-07-24,250,51229,231,100.0,1.0437881252261608e-05,1.5911834469138145e-05,1.0437881252261608e-05,1.5911834469138145e-05,0.0032307709996627133,0.003988964084713993,-0.2346786835496646,-5.473953216876537e-06,0.039999999999999994,0.18614718614718614,0.1774891774891775,1.0
2024-08-12,2022-11-14,9.540486266572667e-06,1.2598758627982733e-05,0.0033758786533481322,1.1404254842279833e-05,4.413565942352982e-06,0.012839270905645508,2024-07-26,250,51219,207,100.0,1.0422850133332579e-05,8.723643250244976e-06,1.0422850133332579e-05,8.723643250244976e-06,0.003228443918257305,0.002953581427732267,0.08513776218030356,1.699206883087603e-06,0.039999999999999994,0.28019323671497587,0.2318840579710145,1.0
2024-08-14,2022-11-16,1.863474426676148e-05,1.3502861677707594e-05,0.0044289781714647244,8.129908313268913e-06,8.60065769786899e-06,0.012624904066120584,2024-07-29,250,51212,214,0.01,1.4069558548654899e-05,1.1372464621048763e-05,1.4069558548654899e-05,1.1372464621048763e-05,0.0037509410217510617,0.003372308500278224,0.10094334175803166,2.6970939276061356e-06,0.039999999999999994,0.2523364485981308,0.102803738317757,1.0
2024-08-16,2022-11-18,2.0435607181780152e-05,1.2317565099712691e-05,0.004360982556069775,6.0909190485103035e-06,8.3702240632876e-06,0.012373122751188815,2024-08-12,250,51193,236,0.01,1.3871088883504121e-05,1.051115479490799e-05,1.3871088883504121e-05,1.051115479490799e-05,0.0037243910755322303,0.0032420911145290146,0.12949766853747846,3.3599340885961323e-06,0.04,0.23728813559322035,0.1483050847457627,1.0
2024-08-19,2022-11-21,2.0759599841856374e-05,1.2398118074118873e-05,0.00433532404335324,6.216696720687655e-06,9.810845298132073e-06,0.012345443885190602,2024-08-14,250,51194,221,100.0,1.4573930640997284e-05,1.1297649110576976e-05,1.4573930640997284e-05,1.1297649110576976e-05,0.0038175817792153823,0.003361197570892996,0.11954798474970352,3.276281530420308e-06,0.04,0.28054298642533937,0.19909502262443438,1.0
2024-08-21,2022-11-23,1.810661094154876e-05,1.1451935194493339e-05,0.004326519800450311,6.538414703276897e-06,7.761095983190834e-06,0.012248439233935924,2024-08-16,250,51201,230,100.0,1.30266638977859e-05,9.831175366921367e-06,1.30266638977859e-05,9.831175366921367e-06,0.003609246998722296,0.0031354705176291115,0.13126740321759778,3.1954885308645325e-06,0.039999999999999994,0.2608695652173913,0.15217391304347827,1.0
2024-08-23,2022-11-25,1.739211655444084e-05,9.718419150650565e-06,0.004364672872221974,5.244116618065839e-06,7.3475895739048615e-06,0.012303050951062525,2024-08-19,250,51204,236,0.01,1.1524014890259695e-05,8.573187914425947e-06,1.1524014890259695e-05,8.573187914425947e-06,0.003394703947365616,0.0029280006684469775,0.13747981743174187,2.950826975833748e-06,0.04,0.2330508474576271,0.1016949152542373,1.0
2024-08-26,2022-11-28,1.266134320669759e-05,9.158768631943613e-06,0.004320225709751366,5.665068262229817e-06,7.97754964159201e-06,0.012173701812747937,2024-08-21,250,51207,217,100.0,9.598457862345338e-06,8.641645110821944e-06,9.598457862345338e-06,8.641645110821944e-06,0.0030981378055769788,0.0029396675170539175,0.05115017422330215,9.568127515233944e-07,0.04,0.2626728110599078,0.1382488479262673,1.0
2024-08-28,2022-11-30,1.2355755956048645e-05,1.1118198573631343e-05,0.0042976801298074815,6.84399658408009e-06,7.679983209841455e-06,0.012186058479948718,2024-08-23,250,51214,208,100.0,1.0050356603350258e-05,9.680098878199997e-06,1.0050356603350258e-05,9.680098878199997e-06,0.003170229739837518,0.0031112857275088055,0.018592978164331364,3.702577251502606e-07,0.039999999999999994,0.38461538461538464,0.1778846153846154,1.0
2024-08-30,2022-12-02,1.3004450279569444e-05,1.1708436047095159e-05,0.004264763479698855,5.2698742814796455e-06,1.0002783566043433e-05,0.012256117130831915,2024-08-26,250,51203,218,100.0,9.491959344657103e-06,1.0933850746067083e-05,9.491959344657103e-06,1.0933850746067083e-05,0.0030809023588320847,0.003306637377467793,-0.07326912454352508,-1.4418914014099802e-06,0.039999999999999994,0.24770642201834864,0.13761467889908258,1.0
2024-09-04,2022-12-05,7.593582115207976e-06,8.850225318014687e-06,0.004399156080262153,8.472252821087668e-06,4.15071561882357e-06,0.012395310462251842,2024-08-28,250,51199,224,100.0,7.946619452391783e-06,6.962029456732543e-06,7.946619452391783e-06,6.962029456732543e-06,0.002818974893891711,0.0026385657954147252,0.06399812175266428,9.8458999565924e-07,0.039999999999999994,0.1875,0.09821428571428571,1.0
2024-09-06,2022-12-07,8.555883553844848e-06,1.360715685180805e-05,0.004406871121503731,1.0850595780080224e-05,4.218484394361497e-06,0.012451016175105984,2024-08-30,250,51193,222,100.0,9.713576208522155e-06,8.870529305708887e-06,9.713576208522155e-06,8.870529305708887e-06,0.003116661067315815,0.0029783433827731964,0.044380085468113784,8.43046902813268e-07,0.039999999999999994,0.3063063063063063,0.3063063063063063,1.0
2024-09-09,2022-12-09,1.4872795470543749e-05,1.3744165873563024e-05,0.004438003804003262,6.8241469337748085e-06,3.422327625575117e-06,0.012664155377896221,2024-09-04,250,51198,185,100.0,1.1000742931233287e-05,8.77852477047695e-06,1.1000742931233287e-05,8.77852477047695e-06,0.003316736789561886,0.0029628575346237877,0.10669500698752854,2.2222181607563364e-06,0.039999999999999994,0.35135135135135137,0.2810810810810811,1.0
2024-09-11,2022-12-12,1.6726833001977538e-05,1.828247324174529e-05,0.004452319294898004,5.611081659495466e-06,5.211576726941054e-06,0.012469620437690192,2024-09-06,250,51223,210,100.0,1.2227600315734793e-05,1.2991872271467387e-05,1.2227600315734793e-05,1.2991872271467387e-05,0.003496798580950123,0.0036044239860853478,-0.030778268362823935,-7.642719557325933e-07,0.039999999999999994,0.319047619047619,0.2,1.0
2024-09-12,2022-12-14,9.321324753409639e-06,4.877122171561998e-06,0.004401329381119195,7.631408206649481e-06,1.0004211536096803e-05,0.01234299448071859,2024-09-09,250,51210,139,100.0,8.61617971950972e-06,7.016483201367887e-06,8.61617971950972e-06,7.016483201367887e-06,0.002935332982731213,0.0026488645117045692,0.09759317689405578,1.5996965181418327e-06,0.04,0.35251798561151076,0.3237410071942446,1.0
2024-09-13,2022-12-16,1.0617434607633681e-05,1.0780303430918922e-05,0.004399156080262152,1.009628414247346e-05,9.09523738590359e-06,0.012239895186821443,2024-09-11,250,51203,184,1.0,1.0379518090930104e-05,1.001103414949888e-05,1.0379518090930104e-05,1.001103414949888e-05,0.003221725949072966,0.003164021831387843,0.01791093302077007,3.6848394143122366e-07,0.039999999999999994,0.1793478260869565,0.10326086956521739,1.0
2024-09-16,2022-12-19,1.7752759068281862e-05,1.7060500202052175e-05,0.004404494382022471,1.03441507033751e-05,8.560147724478267e-06,0.009359324567178516,2024-09-12,250,51100,174,1.0,1.4176189512809633e-05,1.2956881764602704e-05,1.4176189512809633e-05,1.2956881764602704e-05,0.003765128087171754,0.0035995668856964864,0.04397226273373134,1.2193077482069294e-06,0.039999999999999994,0.1839080459770115,0.14942528735632185,1.0
2024-09-17,2022-12-21,1.2540510736535048e-05,1.1719397209988777e-05,0.004530325443786983,1.0282991558087583e-05,7.856076977800123e-06,0.009345522706275316,2024-09-13,250,51053,190,1.0,1.148304122663071e-05,9.909736680174092e-06,1.148304122663071e-05,9.909736680174092e-06,0.0033886636343300157,0.0031479734243119164,0.07102806179394872,1.5733045464566177e-06,0.039999999999999994,0.14736842105263157,0.06842105263157895,1.0
2024-09-18,2022-12-23,1.226582795700592e-05,1.1546223797391856e-05,0.004520503713270908,9.149088104361199e-06,5.926786939698386e-06,0.009341705294190773,2024-09-16,250,51007,183,1.0,1.080113053991605e-05,8.905395547328256e-06,1.080113053991605e-05,8.905395547328256e-06,0.0032865073467004528,0.002984190936808209,0.0919871395375883,1.8957349925877945e-06,0.039999999999999994,0.2786885245901639,0.15300546448087432,1.0
2024-09-19,2022-12-28,7.570664974226641e-06,6.536734344388039e-06,0.004440618061534279,1.1765030471926694e-05,1.2292572257886706e-05,0.009369494121838264,2024-09-17,250,50969,173,1.0,9.413276406742271e-06,9.065310537601325e-06,9.413276406742271e-06,9.065310537601325e-06,0.003068106322594162,0.003010865413398833,0.018656755397880143,3.479658691409459e-07,0.04,0.3179190751445087,0.2254335260115607,1.0
2024-09-20,2022-12-30,7.756421646812475e-06,6.7417514226440014e-06,0.004281906759295671,8.439204900883588e-06,7.776700146467451e-06,0.009212291148551613,2024-09-18,250,50941,183,1.0,8.095947745831443e-06,7.2563980558021105e-06,8.095947745831443e-06,7.2563980558021105e-06,0.0028453378966005853,0.0026937702306993653,0.053268775593332096,8.395496900293325e-07,0.039999999999999994,0.28415300546448086,0.25136612021857924,1.0
2024-09-23,2023-01-04,5.596940170663135e-06,5.414132779871806e-06,0.004294478527607363,9.11581685806306e-06,9.206900459419342e-06,0.012328315002199735,2024-09-19,250,50875,180,1.0,7.2195333098531e-06,7.163020098774282e-06,7.2195333098531e-06,7.163020098774282e-06,0.002686918925061398,0.00267638190450733,0.003921599738565762,5.651321107881808e-08,0.039999999999999994,0.2,0.11666666666666667,1.0
2024-09-24,2023-01-06,5.661622802407124e-06,4.055337960508737e-06,0.004327283966971344,9.561226640130407e-06,1.0195891934881655e-05,0.012297584566503414,2024-09-20,250,50836,181,0.01,7.492928472056179e-06,6.939023528584416e-06,7.492928472056179e-06,6.939023528584416e-06,0.0027373214045954084,0.0026342026362040595,0.03767141418550024,5.539049434717632e-07,0.039999999999999994,0.23756906077348067,0.16022099447513813,1.0
2024-09-25,2023-01-09,6.645131282602134e-06,5.529844492324253e-06,0.0043101552535514814,1.0532120055948417e-05,1.037156467783985e-05,0.012262497812007705,2024-09-23,250,50787,181,0.01,8.427562598556508e-06,7.750080820488863e-06,8.427562598556508e-06,7.750080820488863e-06,0.002903026455021812,0.002783896697165479,0.04103640104631345,6.774817780676445e-07,0.039999999999999994,0.20994475138121546,0.16022099447513813,1.0
2024-09-26,2023-01-11,8.796050697416183e-06,7.890439139914777e-06,0.004329195564783321,9.273867026828745e-06,9.239487465521398e-06,0.012289602484036209,2024-09-24,250,50725,176,0.01,9.03767372763049e-06,8.57262835002267e-06,9.03767372763049e-06,8.57262835002267e-06,0.003006272397443467,0.0029279051128789455,0.026067925391978775,4.6504537760781937e-07,0.039999999999999994,0.24431818181818182,0.17613636363636365,1.0
2024-09-27,2023-01-13,1.0371996474744278e-05,8.392477489126004e-06,0.0043073136427566805,7.355352705872328e-06,6.0583146581232176e-06,0.012241071116547266,2024-09-25,250,50680,195,0.01,8.886879542376547e-06,7.243351172324632e-06,8.886879542376547e-06,7.243351172324632e-06,0.0029810869732995963,0.002691347464064169,0.09719257164601647,1.6435283700519153e-06,0.039999999999999994,0.20512820512820512,0.1076923076923077,1.0
2024-09-30,2023-01-20,7.80820489455276e-06,6.458107082041325e-06,0.004302208174195531,8.805411608677217e-06,7.1719399925526984e-06,0.012258849983376206,2024-09-26,250,50677,188,0.01,8.301503960582411e-06,6.811226553730463e-06,8.301503960582411e-06,6.811226553730463e-06,0.0028812330625241707,0.0026098326677644417,0.09419591850787745,1.4902774068519486e-06,0.04,0.2393617021276596,0.17553191489361702,1.0
2024-10-01,2023-01-23,1.3444564162125152e-05,1.2066592007540078e-05,0.004206008583690987,1.3089263234860107e-05,8.01586889786802e-06,0.012209922267150028,2024-09-27,250,50657,192,0.01,1.32798673781325e-05,1.018891306607751e-05,1.32798673781325e-05,1.018891306607751e-05,0.0036441552351858587,0.0031920076857798307,0.1240747224597768,3.0909543120549902e-06,0.039999999999999994,0.140625,0.0625,1.0
2024-10-02,2023-01-25,9.945265900273946e-06,1.0253396941448501e-05,0.004332257636709253,1.170466517372388e-05,7.602928366108125e-06,0.01232029299004608,2024-09-30,250,50614,195,0.01,1.0784364015303913e-05,8.989327313209244e-06,1.0784364015303913e-05,8.989327313209244e-06,0.0032839555440510935,0.00299822069121158,0.0870093547268398,1.7950367020946688e-06,0.039999999999999994,0.12307692307692308,0.06153846153846154,1.0
2024-10-03,2023-01-27,1.0141057318141034e-05,1.0370768361715188e-05,0.0043213687274010065,1.171219583435139e-05,6.713563604265917e-06,0.012315095102485678,2024-10-01,250,50610,196,0.01,1.0902578537732788e-05,8.598143606829063e-06,1.0902578537732788e-05,8.598143606829063e-06,0.003301905289031287,0.0029322591302320235,0.11194935240184023,2.3044349309037246e-06,0.039999999999999994,0.15306122448979592,0.08163265306122448,1.0
2024-10-04,2023-01-30,8.349493031416678e-06,8.37040424605076e-06,0.004342624185757966,9.623726227249041e-06,6.827427070808371e-06,0.01233765101616709,2024-10-02,250,50586,186,0.01,9.000311061546111e-06,7.582324506007603e-06,9.000311061546111e-06,7.582324506007603e-06,0.0030000518431430668,0.0027536020965287637,0.08214849592602536,1.4179865555385082e-06,0.039999999999999994,0.20430107526881722,0.17204301075268819,1.0
2024-10-07,2023-02-01,1.9976982819674135e-05,1.7177643000687903e-05,0.004320987654320986,1.2454754996612752e-05,6.90487916994261e-06,0.012226543683898217,2024-10-03,250,50566,191,0.01,1.6196177212271552e-05,1.2014369033402309e-05,1.6196177212271552e-05,1.2014369033402309e-05,0.004024447441857273,0.0034661749859755072,0.1387202750060328,4.181808178869243e-06,0.039999999999999994,0.2094240837696335,0.17801047120418848,1.0
2024-10-08,2023-02-03,1.575211169815805e-05,1.494992435908379e-05,0.004420587306599305,1.1016673548405788e-05,6.327764901478071e-06,0.012338085593518849,2024-10-04,250,50538,181,0.01,1.3345148660714913e-05,1.0567390270135025e-05,1.3345148660714913e-05,1.0567390270135025e-05,0.0036531012387716433,0.0032507522621902495,0.1101390162175423,2.777758390579888e-06,0.039999999999999994,0.23204419889502761,0.14917127071823205,1.0
2024-10-09,2023-02-06,9.779040482880112e-06,9.493819357491135e-06,0.004340700713115117,8.681363359745401e-06,5.588954604120952e-06,0.012222490709562613,2024-10-07,250,50505,186,0.01,9.24200490113141e-06,7.583374773853035e-06,9.24200490113141e-06,7.583374773853035e-06,0.003040066594851404,0.002753792797915819,0.09416694930973302,1.658630127278375e-06,0.039999999999999994,0.24731182795698925,0.14516129032258066,1.0
2024-10-10,2023-02-08,1.21153485889627e-05,1.1183219432234025e-05,0.004269408381981354,9.112566434790824e-06,5.908208362155113e-06,0.012138415289184601,2024-10-08,250,50459,173,0.01,1.0553207583902186e-05,8.438994020054244e-06,1.0553207583902186e-05,8.438994020054244e-06,0.0032485700829599146,0.0029049946678185562,0.10576204495127028,2.114213563847942e-06,0.04,0.27167630057803466,0.17341040462427745,1.0
2024-10-11,2023-02-10,8.80252951445543e-06,7.75190492856364e-06,0.004278728606356968,7.1802733718234115e-06,4.96744384258178e-06,0.01215969486053495,2024-10-09,250,50409,182,0.01,7.982487947850234e-06,6.3443751488365465e-06,7.982487947850234e-06,6.3443751488365465e-06,0.002825329706043214,0.002518804309357229,0.10849190309730761,1.6381127990136872e-06,0.039999999999999994,0.2802197802197802,0.26373626373626374,1.0
2024-10-14,2023-02-13,8.36887652849391e-06,6.450914532795795e-06,0.004306745770160403,6.90755270262128e-06,5.2496129883715804e-06,0.012087313226819413,2024-10-10,250,50356,174,0.01,7.587824138803366e-06,5.808839569396646e-06,7.587824138803366e-06,5.808839569396646e-06,0.002754600540696122,0.0024101534327500077,0.12504430419485368,1.7789845694067203e-06,0.039999999999999994,0.25862068965517243,0.1781609195402299,1.0
2024-10-15,2023-02-15,9.790564170251268e-06,9.25876263701956e-06,0.004236921746649372,1.3608332725375544e-05,8.052481834685315e-06,0.011989261021358158,2024-10-11,250,50309,187,0.01,1.1505497638863242e-05,8.71690388089081e-06,1.1505497638863242e-05,8.71690388089081e-06,0.003391975477338131,0.0029524403263894786,0.12958087518179218,2.788593757972432e-06,0.039999999999999994,0.18181818181818182,0.13903743315508021,1.0
2024-10-16,2023-02-17,7.768955800529758e-06,6.787590108144408e-06,0.0041907205473594175,1.1069712962618583e-05,7.242130467176071e-06,0.012083143606195454,2024-10-14,250,50274,196,0.01,9.351971990511133e-06,7.00558395380245e-06,9.351971990511133e-06,7.00558395380245e-06,0.003058099408212744,0.0026468063687777486,0.134493024762517,2.346388036708683e-06,0.039999999999999994,0.14285714285714285,0.09693877551020408,1.0
2024-10-17,2023-02-22,7.49127844978515e-06,5.734073305273242e-06,0.004228147381137285,1.134276607602866e-05,8.45548528736039e-06,0.012030851794607592,2024-10-15,250,50256,193,100.0,9.427000210125152e-06,7.101829586425852e-06,9.427000210125152e-06,7.101829586425852e-06,0.003070342034712933,0.0026649258125557365,0.13204269021939807,2.3251706236993003e-06,0.039999999999999994,0.10880829015544041,0.10362694300518134,1.0
2024-10-18,2023-02-24,6.409356425950276e-06,3.7657859569194376e-06,0.004221408572043937,9.023179514592712e-06,7.237056516952231e-06,0.012029818837468871,2024-10-16,250,50233,203,100.0,7.658326079143952e-06,5.424471889545945e-06,7.658326079143952e-06,5.424471889545945e-06,0.002767368078001904,0.002329049567859376,0.15838822223424753,2.2338541895980066e-06,0.039999999999999994,0.11330049261083744,0.04926108374384237,1.0
2024-10-21,2023-02-27,7.211498311407282e-06,4.30526634073798e-06,0.004170212765957446,8.97536337851549e-06,6.356910465025533e-06,0.011983723635368376,2024-10-17,250,50201,194,100.0,8.057062493062248e-06,5.2887864621747966e-06,8.057062493062248e-06,5.2887864621747966e-06,0.0028384965198256363,0.0022997361722977695,0.1898048293400627,2.7682760308874516e-06,0.039999999999999994,0.14948453608247422,0.07731958762886598,1.0
2024-10-22,2023-03-01,7.937754460802018e-06,5.032180486596711e-06,0.004144113667117729,1.0034987621406239e-05,7.245305851172071e-06,0.012003435395713037,2024-10-18,250,50186,186,1.0,8.873616570103904e-06,6.019757934229802e-06,8.873616570103904e-06,6.019757934229802e-06,0.002978861623188278,0.0024535194994598684,0.1763566725083845,2.8538586358741015e-06,0.039999999999999994,0.16129032258064516,0.08602150537634409,1.0
2024-10-23,2023-03-03,1.5064250679140794e-05,1.2263454078676982e-05,0.004155007207665564,1.1047678779807062e-05,6.148212267910719e-06,0.012009814510045947,2024-10-21,250,50199,194,1.0,1.311807666606156e-05,9.300398768305702e-06,1.311807666606156e-05,9.300398768305702e-06,0.0036218885496466565,0.0030496555163338863,0.15799299880958406,3.817677897755858e-06,0.039999999999999994,0.13917525773195877,0.12886597938144329,1.0
2024-10-24,2023-03-06,1.3741299567881456e-05,1.2313524580373171e-05,0.004246836540128271,1.2492543667931571e-05,7.184015761337222e-06,0.012120564369625773,2024-10-22,250,50183,192,100.0,1.3155945239779945e-05,9.90906732145007e-06,1.3155945239779945e-05,9.90906732145007e-06,0.003627112520970358,0.0031478671067009913,0.13212863165909028,3.2468779183298752e-06,0.039999999999999994,0.19791666666666666,0.13020833333333334,1.0
2024-10-25,2023-03-08,1.4877593440121628e-05,1.371597579545308e-05,0.004250336123519973,1.1707047593005081e-05,5.0399365999951105e-06,0.012094408190042124,2024-10-23,250,50197,199,1.0,1.3332151494542207e-05,9.486951665003719e-06,1.3332151494542207e-05,9.486951665003719e-06,0.003651321883173573,0.003080089554705142,0.1564453495871857,3.845199829538489e-06,0.039999999999999994,0.18592964824120603,0.1306532663316583,1.0
2024-10-28,2023-03-10,1.868165985621996e-05,1.4141348345420176e-05,0.0042349077395099615,,,,2024-10-24,250,50193,94,1.0,1.868165985621996e-05,1.4141348345420176e-05,1.868165985621996e-05,1.4141348345420176e-05,0.004322228575193584,0.003760498417154324,0.1299630846140758,4.540311510799785e-06,0.04,0.2765957446808511,0.23404255319148937,1.0
2024-10-29,2023-03-13,1.3796646208740277e-05,1.0989759402364567e-05,0.004198800342759212,1.6990096376885268e-05,8.207044353396515e-06,0.012061300208322571,2024-10-25,250,50185,184,1.0,1.5219814218457066e-05,9.749636391411413e-06,1.5219814218457066e-05,9.749636391411413e-06,0.0039012580302329484,0.0031224407746843516,0.19963233641895073,5.470177827045652e-06,0.039999999999999994,0.21739130434782608,0.1358695652173913,1.0
2024-10-30,2023-03-15,4.2193010021546575e-05,2.5428621393046594e-05,0.004193948731116534,1.6817200933822998e-05,5.2836633314423214e-06,0.012041812056310911,2024-10-28,250,50060,201,0.01,2.9820724993701252e-05,1.5606701542115157e-05,2.9820724993701252e-05,1.5606701542115157e-05,0.0054608355581999765,0.00395053180497451,0.27657008476616707,1.4214023451586095e-05,0.039999999999999994,0.19900497512437812,0.13930348258706468,1.0
2024-10-31,2023-03-17,6.240811918385258e-05,4.0950289059600745e-05,0.004259017818339853,3.136062994751791e-05,1.1577480806466023e-05,0.012078352097377634,2024-10-29,250,50034,191,0.01,4.6477993816518564e-05,2.5879424092023767e-05,4.6477993816518564e-05,2.5879424092023767e-05,0.006817477085881445,0.005087182333278783,0.25380279695930197,2.0598569724494796e-05,0.039999999999999994,0.225130890052356,0.18324607329842932,1.0
2024-11-01,2023-03-20,1.4117972582959819e-05,6.072149213144444e-06,0.004338010712230536,2.018174639461062e-05,6.689009878234331e-06,0.012319859665166006,2024-10-30,250,49989,201,0.01,1.7134775474328373e-05,6.379045066422995e-06,1.7134775474328373e-05,6.379045066422995e-06,0.004139417286808419,0.00252567715007738,0.3898471753195166,1.0755730407905378e-05,0.039999999999999994,0.19900497512437812,0.13930348258706468,1.0
2024-11-04,2023-03-22,1.1272128115892674e-05,3.9289343871552655e-06,0.00439639316316002,2.0783198497865006e-05,6.472356201773957e-06,0.012268081045110672,2024-10-31,250,49972,200,0.01,1.602766330687884e-05,5.20064529446461e-06,1.602766330687884e-05,5.20064529446461e-06,0.004003456420004948,0.0022804923359802396,0.4303691368826188,1.0827018012414229e-05,0.039999999999999994,0.16,0.085,1.0
2024-11-05,2023-03-24,9.563874149517631e-06,2.6821838489309813e-06,0.00441421557587496,1.6892004779251732e-05,5.6264635383526214e-06,0.012294563099980694,2024-11-01,250,49958,193,0.01,1.3170985081252034e-05,4.131440690874274e-06,1.3170985081252034e-05,4.131440690874274e-06,0.0036291851814494163,0.00203259457120063,0.43993087440391876,9.03954439037776e-06,0.039999999999999994,0.18134715025906736,0.08290155440414508,1.0
2024-11-06,2023-03-27,6.286528283143942e-06,2.984609198620615e-06,0.0043857686283284856,6.0526006923168046e-06,5.78509985659715e-06,0.01214767643488816,2024-11-04,250,49921,184,0.01,6.167021796525731e-06,4.415294643456454e-06,6.167021796525731e-06,4.415294643456454e-06,0.002483348907529051,0.002101260251243633,0.15386023894064838,1.7517271530692765e-06,0.039999999999999994,0.22826086956521738,0.14673913043478262,1.0
2024-11-07,2023-03-29,4.833577035391946e-06,4.122446122781402e-06,0.00440014367816092,5.278372456590854e-06,7.393914663643693e-06,0.011852945655116407,2024-11-05,250,49907,177,0.01,5.062257167194774e-06,5.804387575993088e-06,5.062257167194774e-06,5.804387575993088e-06,0.0022499460365072704,0.0024092296644348974,-0.0707944214408327,-7.421304087983136e-07,0.039999999999999994,0.2033898305084746,0.2033898305084746,1.0
2024-11-08,2023-03-31,5.928342568122936e-06,5.207464683956629e-06,0.004308071039212237,3.930390702920743e-06,7.153461076787957e-06,0.01176200030221118,2024-11-06,250,49873,166,100.0,4.857151507863929e-06,6.250800099390293e-06,4.857151507863929e-06,6.250800099390293e-06,0.0022038946226768485,0.0025001600147571143,-0.13442811150399847,-1.3936485915263643e-06,0.04,0.23493975903614459,0.16265060240963855,1.0
2024-11-11,2023-04-03,4.572494564636997e-06,2.589212206546168e-06,0.0043620021149101155,3.866596989323406e-06,6.08068140528297e-06,0.011711270666510638,2024-11-07,250,49842,176,100.0,4.219545776980202e-06,4.3349468059145695e-06,4.219545776980202e-06,4.3349468059145695e-06,0.0020541532992890774,0.002082053506976843,-0.013582339593360082,-1.1540102893436767e-07,0.039999999999999994,0.23863636363636365,0.13068181818181818,1.0
2024-11-13,2023-04-05,5.983432470940884e-06,4.786788514995191e-06,0.0044151094857958345,5.620610399293712e-06,9.761389367096914e-06,0.011736580666778353,2024-11-08,250,49813,170,100.0,5.8297666523609066e-06,6.893678287650039e-06,5.8297666523609066e-06,6.893678287650039e-06,0.002414490971687595,0.0026255815141888166,-0.08742651969979454,-1.0639116352891322e-06,0.039999999999999994,0.18823529411764706,0.11176470588235295,1.0
2024-11-14,2023-04-10,4.681647967968173e-06,4.2310646187397564e-06,0.004397654584221748,6.955379921818234e-06,9.471133307286974e-06,0.011730881294060512,2024-11-11,250,49774,186,100.0,5.781840848863364e-06,6.766581726101313e-06,5.781840848863364e-06,6.766581726101313e-06,0.0024045458716488157,0.002601265408623525,-0.08181151347294402,-9.847408772379494e-07,0.039999999999999994,0.1935483870967742,0.12903225806451613,1.0
2024-11-15,2023-04-12,5.945687106005694e-06,3.0533200559822237e-06,0.004337919551310139,8.725671865541451e-06,6.6130999141572785e-06,0.011806800370776102,2024-11-13,250,49728,176,100.0,7.462042429388833e-06,4.995018160441343e-06,7.462042429388833e-06,4.995018160441343e-06,0.0027316739244259798,0.0022349537266890657,0.18183729518203473,2.46702426894749e-06,0.039999999999999994,0.26704545454545453,0.20454545454545456,1.0
2024-11-18,2023-04-14,6.193004821353826e-06,3.594731837312899e-06,0.004400000000000001,6.4724953081581485e-06,6.188922746719831e-06,0.011959991463935131,2024-11-14,250,49700,168,0.01,6.3443955017061666e-06,4.999918579908321e-06,6.3443955017061666e-06,4.999918579908321e-06,0.002518808349538759,0.002236049771339699,0.11225886965589837,1.3444769217978458e-06,0.039999999999999994,0.23809523809523808,0.18452380952380953,1.0
2024-11-19,2023-04-17,4.716261626390899e-06,3.383237286431024e-06,0.004341724410139462,8.939670019891303e-06,6.9458018859144386e-06,0.01191118762220522,2024-11-15,250,49683,183,0.01,6.6317965808200436e-06,4.999045274174869e-06,6.6317965808200436e-06,4.999045274174869e-06,0.002575227481373256,0.0022358544841234343,0.1317836966654492,1.6327513066451749e-06,0.039999999999999994,0.1912568306010929,0.12021857923497267,1.0
2024-11-20,2023-04-19,6.169583691396288e-06,3.363786390368277e-06,0.004336779393727002,7.887080394027431e-06,5.064684473584634e-06,0.011867804506183298,2024-11-18,250,49646,194,0.01,7.001772815351584e-06,4.187932884297852e-06,7.001772815351584e-06,4.187932884297852e-06,0.002646086320464921,0.002046443960703017,0.22661481415940576,2.8138399310537317e-06,0.039999999999999994,0.17010309278350516,0.1134020618556701,1.0
2024-11-21,2023-04-21,5.619364461361129e-06,2.526947668699751e-06,0.004323144104803493,7.47833837922488e-06,5.545576251804189e-06,0.011863784928027093,2024-11-19,250,49613,194,0.01,6.5392690805102025e-06,4.0207020191019465e-06,6.5392690805102025e-06,4.0207020191019465e-06,0.0025571994604469558,0.002005168825586002,0.21587312346940202,2.518567061408256e-06,0.039999999999999994,0.21649484536082475,0.13402061855670103,1.0
2024-11-22,2023-04-24,7.295413621723694e-06,4.632046053593647e-06,0.004332224750568879,5.721746285147447e-06,7.35529221738924e-06,0.011800436269307862,2024-11-20,250,49594,179,0.01,6.477809921714805e-06,6.046916965509794e-06,6.477809921714805e-06,6.046916965509794e-06,0.002545154203916691,0.0024590479795054414,0.03383143712029002,4.3089295620501145e-07,0.039999999999999994,0.2681564245810056,0.2011173184357542,1.0
2024-11-25,2023-04-26,5.885817959052577e-06,4.932772272509509e-06,0.004306782094227171,5.781686252156187e-06,8.095360251257185e-06,0.011763975416029956,2024-11-21,250,49574,188,0.01,5.834859889720302e-06,6.480421708917946e-06,5.834859889720302e-06,6.480421708917946e-06,0.0024155454642213426,0.0025456672423783016,-0.053868486469951016,-6.45561819197644e-07,0.04,0.26595744680851063,0.1595744680851064,1.0
2024-11-26,2023-04-28,7.1421237502438715e-06,6.964759738441459e-06,0.00425129900803023,6.056395382486997e-06,1.1461806423565665e-05,0.01172420631600087,2024-11-22,250,49538,174,0.01,6.667897566625928e-06,8.92898702619686e-06,6.667897566625928e-06,8.92898702619686e-06,0.002582227249222254,0.0029881410653108164,-0.15719523376992495,-2.2610894595709326e-06,0.039999999999999994,0.2413793103448276,0.13793103448275862,1.0
2024-11-27,2023-05-01,7.203569838050669e-06,7.008308847215223e-06,0.004211690632179019,4.748891873343544e-06,1.0148635275322603e-05,0.011663306418047118,2024-11-25,250,49510,179,100.0,6.120220345246965e-06,8.394262969117364e-06,6.120220345246965e-06,8.394262969117364e-06,0.002473907909613243,0.0028972854483321738,-0.17113714583867412,-2.274042623870399e-06,0.039999999999999994,0.27932960893854747,0.12849162011173185,1.0
2024-11-29,2023-05-03,5.356401286044621e-06,6.1884873945887564e-06,0.0042140211978036,4.201485001714035e-06,8.915078574792587e-06,0.011698754237429651,2024-11-26,250,49490,178,100.0,4.778943143879327e-06,7.551782984690669e-06,4.778943143879327e-06,7.551782984690669e-06,0.0021860794001772503,0.002748050760937772,-0.25706813792534544,-2.772839840811342e-06,0.039999999999999994,0.34831460674157305,0.2696629213483146,1.0
2024-12-02,2023-05-05,4.614688477104087e-06,5.48038924836375e-06,0.004171406901782329,6.22447151105469e-06,9.258048784547604e-06,0.011626528918761926,2024-11-27,250,49469,185,100.0,5.38042310946978e-06,7.277330000710663e-06,5.38042310946978e-06,7.277330000710663e-06,0.00231957390687811,0.0026976526834844145,-0.16299492569958973,-1.8969068912408836e-06,0.039999999999999994,0.22162162162162163,0.11351351351351352,1.0
2024-12-03,2023-05-08,5.347810847782832e-06,6.396830376158086e-06,0.00413205893401227,4.855098473935328e-06,8.190699024008305e-06,0.011605727018206525,2024-11-29,250,49454,188,100.0,5.0988338503598916e-06,7.303306554593037e-06,5.0988338503598916e-06,7.303306554593037e-06,0.0022580597534963267,0.002702463053326176,-0.19680759073879495,-2.2044727042331457e-06,0.04,0.25,0.11170212765957446,1.0
2024-12-04,2023-05-10,6.27827934269516e-06,6.755458102115084e-06,0.004079950546053986,4.905817049350464e-06,8.823337448341671e-06,0.011600346078057993,2024-12-02,250,49447,185,100.0,5.588338838473231e-06,7.794986638326286e-06,5.588338838473231e-06,7.794986638326286e-06,0.002363966759172648,0.002791950328771321,-0.1810446648363453,-2.206647799853055e-06,0.039999999999999994,0.2864864864864865,0.1891891891891892,1.0
2024-12-05,2023-05-12,6.589589813843171e-06,7.768565659579618e-06,0.004073906423603966,5.571277277162257e-06,8.851422068564833e-06,0.011528757858012705,2024-12-03,250,49449,182,100.0,6.091623793158549e-06,8.298094343094368e-06,6.091623793158549e-06,8.298094343094368e-06,0.0024681215110197775,0.0028806413076074514,-0.16713917639218234,-2.2064705499358187e-06,0.039999999999999994,0.27472527472527475,0.17032967032967034,1.0
2024-12-06,2023-05-15,8.383544215604252e-06,1.012509054576684e-05,0.004073403554970376,5.646371713060974e-06,9.578010992841622e-06,0.011547761513862791,2024-12-04,250,49437,175,100.0,7.054060428654661e-06,9.859366191488877e-06,7.054060428654661e-06,9.859366191488877e-06,0.0026559481223575624,0.00313996276912464,-0.18223798977573402,-2.805305762834216e-06,0.04,0.2742857142857143,0.2,1.0
2024-12-09,2023-05-17,7.540484498805195e-06,6.007717770948214e-06,0.004076758359413606,8.296665219867802e-06,8.943144975893238e-06,0.01152591270298284,2024-12-05,250,49419,156,100.0,7.928269483965509e-06,7.5130650555354045e-06,7.928269483965509e-06,7.5130650555354045e-06,0.002815718289169836,0.0027409970914861266,0.026537170984438085,4.152044284301041e-07,0.04,0.33974358974358976,0.16666666666666666,1.0
2024-12-10,2023-05-19,5.899719446550151e-06,5.7915805593907186e-06,0.004012158054711243,6.300067157967261e-06,7.759732208207819e-06,0.011585574188000264,2024-12-06,250,49393,170,100.0,6.099893302258705e-06,6.775656383799269e-06,6.099893302258705e-06,6.775656383799269e-06,0.002469796206624892,0.0026030091017511386,-0.05393679639191329,-6.757630815405635e-07,0.039999999999999994,0.29411764705882354,0.17647058823529413,1.0
2024-12-11,2023-05-22,6.091382040950561e-06,5.769051507457565e-06,0.003995641118779516,6.7063376681643755e-06,1.1167705327352718e-05,0.011621707033842072,2024-12-09,250,49327,154,100.0,6.358927670972154e-06,8.117816481048314e-06,6.358927670972154e-06,8.117816481048314e-06,0.0025216914305624615,0.002849178211528425,-0.12986790413643812,-1.7588888100761602e-06,0.04,0.3116883116883117,0.2792207792207792,1.0
2024-12-12,2023-05-24,8.263821381045404e-06,6.4344208491347785e-06,0.0040163901172461354,7.698445709425027e-06,9.559487766973953e-06,0.011532553583775059,2024-12-10,250,49278,157,100.0,7.97213074791642e-06,8.046716520121868e-06,7.97213074791642e-06,8.046716520121868e-06,0.002823496192297135,0.0028366734955087565,-0.0046670164626292365,-7.458577220544842e-08,0.039999999999999994,0.33121019108280253,0.18471337579617833,1.0
2024-12-13,2023-05-26,7.748689715837589e-06,5.588678957231116e-06,0.003992579448298113,9.64842422752734e-06,1.1947198724097873e-05,0.011592284017010573,2024-12-11,250,49226,158,100.0,8.650462427082725e-06,8.606963656693183e-06,8.650462427082725e-06,8.606963656693183e-06,0.0029411668478824394,0.002933762713085907,0.0025174140670948253,4.349877038954206e-08,0.04,0.3227848101265823,0.2088607594936709,1.0
2024-12-16,2023-05-31,9.222116976519196e-06,4.005466208032531e-06,0.003989844033369605,1.0629733683932628e-05,1.0797514722667304e-05,0.008439933135830259,2024-12-12,250,49163,163,1.0,9.86115769031425e-06,7.088972895658134e-06,9.86115769031425e-06,7.088972895658134e-06,0.0031402480300629517,0.002662512515587135,0.1521330512438024,2.772184794656115e-06,0.04,0.27607361963190186,0.17791411042944785,1.0
2024-12-17,2023-06-02,1.7325072934071815e-05,6.6516570653526814e-06,0.00394359464627151,2.0352417650244336e-05,1.2691536724278924e-05,0.00840404752879909,2024-12-13,250,49213,194,0.01,1.8698301465119147e-05,9.39139629208211e-06,1.8698301465119147e-05,9.39139629208211e-06,0.004324153265683254,0.003064538512089889,0.2912974347116105,9.306905173037036e-06,0.039999999999999994,0.17525773195876287,0.07731958762886598,1.0
2024-12-18,2023-06-07,3.0174515370893632e-05,1.1390512118627682e-05,0.003905633580558623,7.443247821086827e-05,4.375770081279031e-05,0.008438815800360754,2024-12-16,250,49156,158,0.01,4.6981336702529576e-05,2.368184959742362e-05,4.6981336702529576e-05,2.368184959742362e-05,0.006854293304384455,0.004866400065492316,0.29002161865768894,2.3299487105105957e-05,0.04,0.2721518987341772,0.11392405063291139,1.0
2024-12-19,2023-06-09,3.329220308512121e-05,1.362388960201114e-05,0.003991130820399111,3.184601685041615e-05,1.3020129448114275e-05,0.008698048713925087,2024-12-17,250,49172,177,1.0,3.2491489802629144e-05,1.3289604319062593e-05,3.2491489802629144e-05,1.3289604319062593e-05,0.00570013068294308,0.0036454909572048856,0.3604548456908968,1.920188548356655e-05,0.039999999999999994,0.24858757062146894,0.13559322033898305,1.0
2024-12-20,2023-06-12,2.130470652036337e-05,7.303647299107751e-06,0.0039633291965250825,1.6003080809947878e-05,7.126253626888066e-06,0.008700720013649547,2024-12-18,250,49156,184,1.0,1.8481014565902946e-05,7.209165886729875e-06,1.8481014565902946e-05,7.209165886729875e-06,0.004298955055115481,0.002684988991919683,0.37543217886757896,1.1271848679173071e-05,0.039999999999999994,0.34782608695652173,0.28804347826086957,1.0
2024-12-23,2023-06-14,1.2721622473938682e-05,5.194416083209361e-06,0.003890133207591653,1.1961413155065196e-05,7.5365100319726185e-06,0.011951349065381039,2024-12-19,250,49184,191,1.0,1.2351468198256829e-05,6.334807377633355e-06,1.2351468198256829e-05,6.334807377633355e-06,0.0035144655636749136,0.0025169043242907257,0.2838443630504902,6.016660820623474e-06,0.039999999999999994,0.2356020942408377,0.17277486910994763,1.0
2024-12-24,2023-06-16,1.061015263276115e-05,5.216629456866005e-06,0.0038782465624632727,9.500155078853597e-06,1.0909780202738392e-05,0.011880206494139801,2024-12-20,250,49173,178,1.0,1.0123749210262333e-05,7.711380907304468e-06,1.0123749210262333e-05,7.711380907304468e-06,0.0031817839666234936,0.002776937325058754,0.1272388841642076,2.4123683029578642e-06,0.039999999999999994,0.2640449438202247,0.1404494382022472,1.0
2024-12-26,2023-06-21,,,,1.0203927656405851e-05,1.1476972208346898e-05,0.011749609180109767,2024-12-23,250,49178,83,1.0,1.0203927656405851e-05,1.1476972208346898e-05,1.0203927656405851e-05,1.1476972208346898e-05,0.0031943587238138817,0.003387768027528877,-0.06054714590228483,-1.2730445519410475e-06,0.04,0.07228915662650602,0.04819277108433735,1.0
2024-12-27,2023-06-23,2.0060424435210093e-05,5.054395630599885e-06,0.0038220986796386387,7.936834324242248e-06,6.578146062581439e-06,0.011748827618319085,2024-12-24,250,49140,183,1.0,1.3965504816581448e-05,5.82043409913706e-06,1.3965504816581448e-05,5.82043409913706e-06,0.0037370449310359447,0.0024125575846261284,0.3544210387758586,8.14507071744439e-06,0.039999999999999994,0.22404371584699453,0.17486338797814208,1.0
2024-12-30,2023-06-26,2.2330052366966027e-05,6.392128028368637e-06,0.0038733909777377822,8.579041048823878e-06,4.9973592161762795e-06,0.01187381724676896,2024-12-26,250,49000,179,0.01,1.5646599938595265e-05,5.7142236336159276e-06,1.5646599938595265e-05,5.7142236336159276e-06,0.003955578331748123,0.0023904442335298116,0.3956776903281848,9.932376304979337e-06,0.039999999999999994,0.2346368715083799,0.10614525139664804,1.0
2024-12-31,2023-06-28,2.5460338791296477e-05,7.000731955206532e-06,0.0039254559873116565,1.198180791353224e-05,6.8963944904048105e-06,0.012010880282887354,2024-12-27,250,48987,177,0.01,1.9216047650185362e-05,6.952394824620425e-06,1.9216047650185362e-05,6.952394824620425e-06,0.004383611256736318,0.0026367394305506233,0.3985006251412617,1.2263652825564937e-05,0.039999999999999994,0.24293785310734464,0.15819209039548024,1.0
2025-01-02,2023-06-30,2.755901061212141e-05,8.452412866650559e-06,0.00395335835795863,1.0470267235615489e-05,4.755993846338125e-06,0.012054736554736553,2024-12-30,250,48964,202,0.01,1.926843214233141e-05,6.659100668677201e-06,1.926843214233141e-05,6.659100668677201e-06,0.0043895822286786484,0.002580523332325674,0.4121255286058366,1.2609331473654208e-05,0.039999999999999994,0.16336633663366337,0.07920792079207921,1.0
2025-01-03,2023-07-05,2.09909981136536e-05,6.154071978409963e-06,0.004059872872667624,7.039760154231852e-06,5.332267139061326e-06,0.012084428024083197,2024-12-31,250,48937,195,0.01,1.41226963490152e-05,5.749491134422942e-06,1.41226963490152e-05,5.749491134422942e-06,0.003758017608928303,0.0023978096535010743,0.36194826554182313,8.373205214592257e-06,0.039999999999999994,0.2205128205128205,0.13333333333333333,1.0
2025-01-06,2023-07-07,2.020200786457561e-05,5.2300225982894506e-06,0.0040680473372781065,7.2908800017883705e-06,5.7597787092402914e-06,0.011935197229495733,2025-01-02,250,48922,188,0.01,1.4021148781326398e-05,5.483629247148895e-06,1.4021148781326398e-05,5.483629247148895e-06,0.003744482445055177,0.0023417150226167347,0.3746225127295988,8.537519534177502e-06,0.04,0.25,0.17553191489361702,1.0
2025-01-07,2023-07-10,2.8509867094893927e-05,8.349481221907582e-06,0.0040408163265306125,9.998657895236822e-06,4.767491098770804e-06,0.011866836871808655,2025-01-03,250,48904,197,0.01,1.9301245259531505e-05,6.567577505829388e-06,1.9301245259531505e-05,6.567577505829388e-06,0.004393318251564699,0.002562728527532596,0.4166758744099931,1.2733667753702117e-05,0.039999999999999994,0.17766497461928935,0.06091370558375635,1.0
2025-01-08,2023-07-12,2.5663700911417073e-05,7.641007350529153e-06,0.004087362206349862,9.11078787703952e-06,4.9874685043390285e-06,0.01200251431289605,2025-01-06,250,48895,190,0.01,1.77357267738994e-05,6.370101903143357e-06,1.77357267738994e-05,6.370101903143357e-06,0.004211380625626162,0.0025239060804917754,0.40069390424274154,1.1365624870756042e-05,0.039999999999999994,0.2,0.1,1.0
2025-01-10,2023-07-14,3.723487579908491e-05,1.4426472295671426e-05,0.004079110012360941,1.0889421553350365e-05,3.744952866828486e-06,0.0119850039864968,2025-01-07,250,48885,178,0.01,2.2730075146938918e-05,8.5456357561961e-06,2.2730075146938918e-05,8.5456357561961e-06,0.004767606857422172,0.002923291938242929,0.3868429118286103,1.4184439390742818e-05,0.039999999999999994,0.28651685393258425,0.19662921348314608,1.0
2025-01-13,2023-07-17,3.696505010128804e-05,1.4927058697687432e-05,0.004179860671310957,9.852748631618624e-06,3.6790558959643888e-06,0.012170821202776958,2025-01-08,250,48881,191,0.01,2.3479873977630474e-05,9.332502330338273e-06,2.3479873977630474e-05,9.332502330338273e-06,0.0048456035720672065,0.0030549144554861555,0.3695492398312552,1.41473716472922e-05,0.039999999999999994,0.193717277486911,0.10471204188481675,1.0
2025-01-14,2023-07-19,4.993928613491687e-05,1.952679595715609e-05,0.0042235494880546055,1.792577648435581e-05,7.303298925766134e-06,0.012151980598221507,2025-01-10,250,48864,186,0.01,3.4965225169331844e-05,1.38093537973124e-05,3.4965225169331844e-05,1.38093537973124e-05,0.005913140043101621,0.0037160938897331966,0.3715532081692432,2.1155871372019445e-05,0.039999999999999994,0.10215053763440861,0.026881720430107527,1.0
2025-01-15,2023-07-21,2.8699317997267642e-05,7.705009640717432e-06,0.004243827160493825,8.825815657877052e-06,6.7214443935562475e-06,0.012135282296157608,2025-01-13,250,48839,193,0.01,1.9328910158487625e-05,7.241256078584438e-06,1.9328910158487625e-05,7.241256078584438e-06,0.004396465643956248,0.002690958208256761,0.387926933545818,1.2087654079903186e-05,0.039999999999999994,0.20207253886010362,0.09326424870466321,1.0
2025-01-16,2023-07-24,5.5838301343695016e-05,2.5531385055507695e-05,0.004161937192584184,7.331900169673084e-06,6.45227964841942e-06,0.011918485778872426,2025-01-14,250,48798,191,1.0,3.2727921726752635e-05,1.644134007097873e-05,3.2727921726752635e-05,1.644134007097873e-05,0.005720832258225427,0.00405479223524199,0.2912233653745048,1.6286581655773906e-05,0.039999999999999994,0.13089005235602094,0.04712041884816754,1.0
2025-01-17,2023-07-26,2.807298227578551e-05,1.3672678955085004e-05,0.00433715937965478,6.783973621444188e-06,5.88784356031355e-06,0.011941450882293286,2025-01-15,250,48780,198,1.0,1.775103868580184e-05,9.89821330913521e-06,1.775103868580184e-05,9.89821330913521e-06,0.004213198154110704,0.00314614260788274,0.2532649799978828,7.85282537666663e-06,0.039999999999999994,0.17676767676767677,0.10101010101010101,1.0
2025-01-21,2023-07-28,3.681939040016635e-05,2.07926267813919e-05,0.004304722149752152,6.189084697053886e-06,7.8716051821831e-06,0.011822751765453995,2025-01-16,250,48752,202,1.0,2.2110778255602443e-05,1.4587977795633221e-05,2.2110778255602443e-05,1.4587977795633221e-05,0.004702209933169982,0.0038194211335794356,0.18773912950233096,7.522800459969221e-06,0.039999999999999994,0.10891089108910891,0.06435643564356436,1.0
2025-01-22,2023-07-31,3.793563347179962e-05,2.727206094034217e-05,0.004446640316205535,7.118205504379408e-06,9.272742493775343e-06,0.011715512809883094,2025-01-17,250,48726,192,1.0,2.5095038485374534e-05,1.9772344920939327e-05,2.5095038485374534e-05,1.9772344920939327e-05,0.005009494833351416,0.004446610498001745,0.11236349254263911,5.322693564435207e-06,0.039999999999999994,0.09375,0.057291666666666664,1.0
2025-01-23,2023-08-02,3.671431986715053e-05,2.422250266453399e-05,0.004422999597909128,6.2846108856646756e-06,9.476731034013414e-06,0.011650023085548444,2025-01-21,250,48720,195,1.0,2.376218732631296e-05,1.794609730385087e-05,2.376218732631296e-05,1.794609730385087e-05,0.0048746474053323035,0.0042362834305380076,0.1309559280320458,5.81609002246209e-06,0.039999999999999994,0.09743589743589744,0.041025641025641026,1.0
2025-01-24,2023-08-04,3.9909279802354314e-05,2.661520224420455e-05,0.004426361441473666,5.993023038984324e-06,8.82748840609758e-06,0.011586781467814678,2025-01-22,250,48690,200,1.0,2.4986126826471523e-05,1.878860815543748e-05,2.4986126826471523e-05,1.878860815543748e-05,0.004998612490128788,0.0043345828121559155,0.13284279973376445,6.1975186710340414e-06,0.039999999999999994,0.115,0.065,1.0
2025-01-27,2023-08-07,4.480232485490961e-05,3.0664969898427194e-05,0.0044438459466738505,8.248419430674579e-06,5.240915223519088e-06,0.01162070496899518,2025-01-23,250,48660,205,100.0,2.821933361367128e-05,1.9131130460542055e-05,2.821933361367128e-05,1.9131130460542055e-05,0.00531218727208212,0.004373914775180474,0.1766263967824856,9.088203153129225e-06,0.039999999999999994,0.12195121951219512,0.11219512195121951,1.0
2025-01-28,2023-08-09,3.405697620455905e-05,2.639647615506056e-05,0.004306969459671104,5.535606035081351e-06,5.586962943361736e-06,0.011787443482323103,2025-01-24,250,48656,200,100.0,2.0937145926599305e-05,1.68241000776791e-05,2.0937145926599305e-05,1.68241000776791e-05,0.00457571261407437,0.004101719161239479,0.10358899100807628,4.113045848920204e-06,0.039999999999999994,0.145,0.065,1.0
2025-01-29,2023-08-11,2.88175886252641e-05,2.878290881014913e-05,0.004155124653739614,7.787128895272526e-06,6.820012334225008e-06,0.01168702441606564,2025-01-27,250,48664,166,0.01,2.1469596671411624e-05,2.110912570410335e-05,2.1469596671411624e-05,2.110912570410335e-05,0.004633529612661564,0.004594466857438777,0.00843045334512238,3.6047096730827384e-07,0.04,0.3192771084337349,0.26506024096385544,1.0
2025-01-30,2023-08-14,2.4758256826772003e-05,2.2840246730434326e-05,0.004136029411764706,5.33679345446583e-06,6.542290688111905e-06,0.01173965204965022,2025-01-28,250,48658,193,0.01,1.5399727844261775e-05,1.4986827497605386e-05,1.5399727844261775e-05,1.4986827497605386e-05,0.003924248698064609,0.0038712824099522095,0.013497179253323388,4.1290034665638964e-07,0.039999999999999994,0.21761658031088082,0.17616580310880828,1.0
2025-01-31,2023-08-16,6.016601739888848e-06,3.841074482525838e-06,0.004166842038806346,5.23776536092922e-06,4.983758984305001e-06,0.011676980034377893,2025-01-29,250,48631,193,100.0,5.641307526193276e-06,4.391694475611134e-06,5.641307526193276e-06,4.391694475611134e-06,0.0023751436853784815,0.002095637009505972,0.1176799018910597,1.2496130505821424e-06,0.039999999999999994,0.24352331606217617,0.20207253886010362,1.0
2025-02-03,2023-08-18,1.0999729614059427e-05,6.833649627862991e-06,0.004194915254237288,7.671178057019988e-06,3.5680320027987324e-06,0.011739456980492504,2025-01-30,250,48607,194,100.0,9.40408376455083e-06,5.268173137497134e-06,9.40408376455083e-06,5.268173137497134e-06,0.0030666078595984244,0.0022952501252580587,0.2515345194613099,4.135910627053695e-06,0.039999999999999994,0.14948453608247422,0.11855670103092783,1.0
2025-02-04,2023-08-21,3.25179752858204e-06,2.015101911350415e-06,0.004341914828297003,5.521843838941246e-06,5.726561654435779e-06,0.011818993927430282,2025-01-31,250,48573,198,100.0,4.3409611623402455e-06,3.795852798184302e-06,4.3409611623402455e-06,3.795852798184302e-06,0.002083497339172826,0.001948294843750376,0.0648920893156153,5.451083641559434e-07,0.039999999999999994,0.2777777777777778,0.16161616161616163,1.0
2025-02-05,2023-08-23,3.475051651870956e-06,2.021563326824123e-06,0.004252577319587628,5.276380834443656e-06,6.757184584721583e-06,0.011740237296021803,2025-02-03,250,48541,183,0.01,4.262517961192355e-06,4.091780270167275e-06,4.262517961192355e-06,4.091780270167275e-06,0.0020645866320385675,0.0020228149372019367,0.020232473749665636,1.7073769102508016e-07,0.039999999999999994,0.2677595628415301,0.1366120218579235,1.0
2025-02-06,2023-08-25,4.877064931367779e-06,2.1932143451856407e-06,0.004258614014711574,7.151979233208328e-06,9.135530023960968e-06,0.01169282711595114,2025-02-04,250,48533,161,100.0,6.063976741023719e-06,5.815292090633638e-06,6.063976741023719e-06,5.815292090633638e-06,0.0024625143128566215,0.002411491673349431,0.020719733177104738,2.4868465039008054e-07,0.039999999999999994,0.35403726708074534,0.2670807453416149,1.0
2025-02-07,2023-08-28,3.548630593946753e-06,2.5595444321822853e-06,0.004244918960638025,5.307164790318359e-06,4.949978863043592e-06,0.011652328803272199,2025-02-05,250,48509,182,100.0,4.447222243741035e-06,3.781030157842184e-06,4.447222243741035e-06,3.781030157842184e-06,0.002108843816820258,0.0019444871194847714,0.07793687518467152,6.661920858988511e-07,0.039999999999999994,0.3626373626373626,0.2692307692307692,1.0
2025-02-10,2023-08-30,4.424400854550271e-06,2.3139275704680796e-06,0.0032948205421078056,4.308172207831419e-06,5.960130801779488e-06,0.011759974699136106,2025-02-06,250,48474,187,100.0,4.369083477234881e-06,4.04928632761629e-06,4.369083477234881e-06,4.04928632761629e-06,0.002090235268393221,0.002012283858608494,0.03729312722038647,3.1979714961859115e-07,0.039999999999999994,0.24598930481283424,0.10695187165775401,1.0
2025-02-11,2023-09-01,5.421644742968825e-06,2.9045355120614298e-06,0.004392708104546452,4.887424043461043e-06,7.261647499570427e-06,0.011680648094568901,2025-02-07,250,48453,182,1.0,5.189757736039622e-06,4.795809396749401e-06,5.189757736039622e-06,4.795809396749401e-06,0.0022781039783204855,0.002189933651220831,0.03870338138150187,3.939483392902213e-07,0.039999999999999994,0.3131868131868132,0.15384615384615385,1.0
2025-02-12,2023-09-06,5.064703274841211e-06,2.4138699548780474e-06,0.004298856504169891,8.410155706687565e-06,8.299781200684776e-06,0.011671771488989112,2025-02-10,250,48445,180,1.0,6.495813481797706e-06,4.931731987806482e-06,6.495813481797706e-06,4.931731987806482e-06,0.0025486885807798694,0.002220750320906536,0.1286694115343775,1.5640814939912239e-06,0.039999999999999994,0.29444444444444445,0.1388888888888889,1.0
2025-02-13,2023-09-08,5.84581834250753e-06,1.663269944004411e-06,0.004221724996833707,5.716594805116682e-06,8.056207941154532e-06,0.011709493503049583,2025-02-11,250,48436,185,1.0,5.780857321008348e-06,4.8770171533825784e-06,5.780857321008348e-06,4.8770171533825784e-06,0.0024043413486874838,0.0022083969646289996,0.081496075490882,9.038401676257696e-07,0.039999999999999994,0.33513513513513515,0.17297297297297298,1.0
2025-02-14,2023-09-11,5.789027451018817e-06,2.2075198792435705e-06,0.004140272429925887,5.449148511095704e-06,8.152007996352037e-06,0.011587161530513503,2025-02-12,250,48421,188,1.0,5.626319447864136e-06,5.053285467221028e-06,5.626319447864136e-06,5.053285467221028e-06,0.002371986392849701,0.0022479513934293657,0.05229161507597013,5.730339806431084e-07,0.04,0.2765957446808511,0.1595744680851064,1.0
2025-02-18,2023-09-13,5.1449553919976925e-06,1.793551203043759e-06,0.004088307440719543,5.460065375107769e-06,7.383887417228205e-06,0.01158773167131376,2025-02-13,250,48434,203,0.01,5.292420655029502e-06,4.409718396873918e-06,5.292420655029502e-06,4.409718396873918e-06,0.0023005261691685886,0.00209993295056626,0.08719449545528235,8.827022581555834e-07,0.039999999999999994,0.270935960591133,0.10344827586206896,1.0
2025-02-19,2023-09-15,6.595570718000006e-06,2.0783879476041576e-06,0.004090481449666625,6.297883336556195e-06,9.785947421999815e-06,0.011553811182521384,2025-02-14,250,48426,188,0.01,6.464144905979599e-06,5.481193460236282e-06,6.464144905979599e-06,5.481193460236282e-06,0.0025424682703978035,0.002341194878739547,0.0791645638223697,9.829514457433168e-07,0.04,0.2553191489361702,0.1276595744680851,1.0
2025-02-20,2023-09-18,7.382849698554314e-06,2.237776710744803e-06,0.004083799567117246,4.984214278625163e-06,7.260073633757079e-06,0.011526666992968195,2025-02-18,250,48414,199,0.01,6.249825932356625e-06,4.610117970861154e-06,6.249825932356625e-06,4.610117970861154e-06,0.0024999651862289253,0.0021471185274365163,0.1411406289719822,1.6397079614954712e-06,0.039999999999999994,0.24623115577889448,0.06532663316582915,1.0
2025-02-21,2023-09-20,6.110007801146511e-06,2.0752057465144386e-06,0.004067851767481592,8.569111568901006e-06,4.335883993178853e-06,0.011574822241882108,2025-02-19,250,48401,198,100.0,7.302300537027478e-06,3.171292169139609e-06,7.302300537027478e-06,3.171292169139609e-06,0.0027022769171621695,0.0017808122217515268,0.3409956579795421,4.131008367887869e-06,0.039999999999999994,0.2676767676767677,0.19696969696969696,1.0
2025-02-24,2023-09-22,5.561676972703945e-06,2.7852960752963253e-06,0.004072490327835471,8.246666715373424e-06,3.3767686055136712e-06,0.011776244291095778,2025-02-20,250,48382,201,100.0,6.830701975458175e-06,3.064847768682634e-06,6.830701975458175e-06,3.064847768682634e-06,0.002613561167345845,0.0017506706625412542,0.3301589094549042,3.765854206775541e-06,0.039999999999999994,0.22885572139303484,0.16417910447761194,1.0
2025-02-25,2023-09-25,6.7352671189674515e-06,4.6702215946018355e-06,0.004046944556859569,1.1630752396773056e-05,4.656133765156063e-06,0.011830076522496274,2025-02-21,250,48347,192,0.01,8.90253924716264e-06,4.663984795107613e-06,8.90253924716264e-06,4.663984795107613e-06,0.0029837123264756338,0.0021596260776133476,0.2761949406281061,4.238554452055027e-06,0.039999999999999994,0.20833333333333334,0.17708333333333334,1.0
2025-02-26,2023-09-27,8.60571383643144e-06,5.90532568601614e-06,0.004047927461139898,8.531783836248892e-06,2.937913431304448e-06,0.011889203015616584,2025-02-24,250,48324,198,0.01,8.572109290893918e-06,4.556501933874462e-06,8.572109290893918e-06,4.556501933874462e-06,0.0029278164715183085,0.00213459643349146,0.2709254646741911,4.015607357019456e-06,0.039999999999999994,0.21717171717171718,0.14646464646464646,1.0
2025-02-27,2023-09-29,1.0021988253677014e-05,1.1055897066608008e-05,0.004160426027625229,1.5129265177873758e-05,3.7865080878423085e-06,0.011883203821441788,2025-02-25,250,48304,199,0.01,1.258845906985628e-05,7.402937780796097e-06,1.258845906985628e-05,7.402937780796097e-06,0.003548021853069155,0.0027208340230150197,0.23314056798680394,5.185521289060184e-06,0.039999999999999994,0.23115577889447236,0.19095477386934673,1.0
2025-02-28,2023-10-02,6.735485383296555e-06,5.64204084633901e-06,0.004214075010535186,1.0747869743105709e-05,3.790629147508815e-06,0.012075959319716263,2025-02-26,250,48288,176,0.01,8.76447520160914e-06,4.705815612271468e-06,8.76447520160914e-06,4.705815612271468e-06,0.0029604856361092413,0.0021692891951677323,0.2672522478377308,4.058659589337671e-06,0.039999999999999994,0.32954545454545453,0.26704545454545453,1.0
2025-03-03,2023-10-04,1.1276615460149059e-05,1.2875960829830701e-05,0.004134965266291763,1.914784191871443e-05,6.5915115442770194e-06,0.011890403581406306,2025-02-27,250,48268,191,0.01,1.5067991555374264e-05,9.848896252495943e-06,1.5067991555374264e-05,9.848896252495943e-06,0.0038817510939490006,0.0031382951187700534,0.191525926620558,5.219095302878321e-06,0.039999999999999994,0.16230366492146597,0.12041884816753927,1.0
2025-03-04,2023-10-06,1.856992401525284e-05,2.2129674808564304e-05,0.004201151115405623,2.738501335189721e-05,1.2275715886108076e-05,0.012102437603850831,2025-02-28,250,48234,190,0.01,2.237433099212041e-05,1.7876913589398983e-05,2.237433099212041e-05,1.7876913589398983e-05,0.0047301512652472765,0.004228109931092022,0.10613642270677137,4.497417402721427e-06,0.039999999999999994,0.17894736842105263,0.1368421052631579,1.0
2025-03-05,2023-10-09,1.1483034297594257e-05,1.3151712979681269e-05,0.004238545331242315,1.2036734135247398e-05,3.473125811877394e-06,0.012247408383316578,2025-03-03,250,48213,195,0.01,1.174426704151266e-05,8.585405187691748e-06,1.174426704151266e-05,8.585405187691748e-06,0.0034269909602321186,0.002930086208235476,0.144997392103709,3.1588618538209112e-06,0.039999999999999994,0.21025641025641026,0.13846153846153847,1.0
2025-03-06,2023-10-11,2.0646010837725203e-05,2.5701469303498234e-05,0.004241961482989733,2.7651178064895558e-05,1.266951049377417e-05,0.012117174904812544,2025-03-04,250,48195,187,100.0,2.4204785632276984e-05,1.9080955469681195e-05,2.4204785632276984e-05,1.9080955469681195e-05,0.0049198359355040475,0.004368175302077653,0.11212988413807257,5.123830162595789e-06,0.039999999999999994,0.1711229946524064,0.1497326203208556,1.0
2025-03-07,2023-10-13,1.467215267495128e-05,1.695569877205305e-05,0.00424935197382399,1.751745033821208e-05,7.047615810103729e-06,0.012336156169789248,2025-03-05,250,48184,190,100.0,1.6109776757440948e-05,1.1949509486015499e-05,1.6109776757440948e-05,1.1949509486015499e-05,0.004013698638094414,0.0034568062552037104,0.1387479312983746,4.16026727142545e-06,0.039999999999999994,0.1736842105263158,0.12105263157894737,1.0
2025-03-10,2023-10-16,5.221021321161969e-05,5.782625943686309e-05,0.004182875308487055,3.401314977091821e-05,1.846931601250646e-05,0.012267398249756914,2025-03-06,250,48143,189,100.0,4.248585655812313e-05,3.679424205136034e-05,4.248585655812313e-05,3.679424205136034e-05,0.006518117562465648,0.006065825751813214,0.06938994369431772,5.691614506762787e-06,0.039999999999999994,0.09523809523809523,0.031746031746031744,1.0
2025-03-11,2023-10-18,4.650733165749461e-05,7.766514244268882e-05,0.004395990856339018,3.46323119712009e-05,2.1021380221566482e-05,0.012603089657140817,2025-03-07,250,48117,203,100.0,4.0891558800922213e-05,5.087794454501521e-05,4.0891558800922213e-05,5.087794454501521e-05,0.006394650795854471,0.0071328777183557,-0.11544444662714137,-9.986385744092995e-06,0.039999999999999994,0.10837438423645321,0.07881773399014778,1.0
2025-03-12,2023-10-20,2.837493001656703e-05,5.6678892153953776e-05,0.004528165187466037,1.976296296755633e-05,1.0407647290150579e-05,0.01270873506979422,2025-03-10,250,48089,200,100.0,2.441342517402211e-05,3.539411951660431e-05,2.441342517402211e-05,3.539411951660431e-05,0.004940994350737725,0.00594929571601583,-0.20406851206530097,-1.09806943425822e-05,0.039999999999999994,0.13,0.115,1.0
2025-03-13,2023-10-23,4.387773930929775e-05,7.85665402553408e-05,0.004608719697667989,2.8783054300552667e-05,1.578583924121918e-05,0.012641651904736342,2025-03-11,250,48050,208,100.0,3.640296740592878e-05,4.747802004161712e-05,3.640296740592878e-05,4.747802004161712e-05,0.006033487167959237,0.006890429597754926,-0.14203103544273232,-1.1075052635688334e-05,0.039999999999999994,0.09615384615384616,0.07211538461538461,1.0
2025-03-14,2023-10-25,1.2440388072234454e-05,3.150376394038942e-05,0.004769172071728347,1.8643700897084872e-05,1.0338457828795147e-05,0.012812447861883864,2025-03-12,250,48034,191,100.0,1.5330936980149048e-05,2.164139617111251e-05,1.5330936980149048e-05,2.164139617111251e-05,0.003915474042839391,0.004652031402636112,-0.18811447904851653,-6.3104591909634605e-06,0.039999999999999994,0.1518324607329843,0.12041884816753927,1.0
2025-03-17,2023-10-27,8.851195003568013e-06,2.5829939985045702e-05,0.004684060143332239,1.2260962582309941e-05,6.895903753265084e-06,0.009719271157228905,2025-03-13,250,48039,186,100.0,1.0446086290398915e-05,1.6973697231470897e-05,1.0446086290398915e-05,1.6973697231470897e-05,0.003232040576849077,0.0041199147116743684,-0.27471008290709076,-6.527610941071982e-06,0.039999999999999994,0.1935483870967742,0.20430107526881722,1.0
2025-03-18,2023-10-30,1.3297714319262071e-05,3.262202975471068e-05,0.004672897196261682,1.2071935083141592e-05,5.313489229880675e-06,0.009644896411883982,2025-03-14,250,47990,201,100.0,1.2730562732400359e-05,1.9986734885013216e-05,1.2730562732400359e-05,1.9986734885013216e-05,0.003567991414283442,0.004470652624059849,-0.2529886159935415,-7.256172152612857e-06,0.039999999999999994,0.13432835820895522,0.09950248756218906,1.0
2025-03-19,2023-11-03,8.018920622145691e-06,1.9131193530941642e-05,0.0047016784992242235,9.100595639593833e-06,4.495563456272244e-06,0.009750281629888419,2025-03-17,250,47955,188,0.01,8.513729406723033e-06,1.2436171262741811e-05,8.513729406723033e-06,1.2436171262741811e-05,0.002917829571226365,0.0035264956065110603,-0.20860232595040595,-3.922441856018778e-06,0.04,0.1595744680851064,0.1276595744680851,1.0
2025-03-20,2023-11-06,7.760086306017827e-06,1.934540373975306e-05,0.004645976584278016,1.0563853619451378e-05,4.885610801430245e-06,0.00964523654188634,2025-03-18,250,47957,183,1.0,9.0623825991427e-06,1.2629106473318967e-05,9.0623825991427e-06,1.2629106473318967e-05,0.003010379145413863,0.0035537454148150465,-0.1804976194540049,-3.5667238741762676e-06,0.039999999999999994,0.20218579234972678,0.1366120218579235,1.0
2025-03-21,2023-11-08,6.485599949853308e-06,1.1429190816610981e-05,0.004670714619336758,8.62239889739034e-06,3.429084249461036e-06,0.009673209075315213,2025-03-19,250,47959,200,1.0,7.5219474394087685e-06,7.549139131543259e-06,7.5219474394087685e-06,7.549139131543259e-06,0.002742616896215869,0.0027475696772863213,-0.0018058596070364974,-2.719169213449048e-08,0.039999999999999994,0.25,0.17,1.0
2025-03-24,2023-11-09,4.97087884246372e-05,6.0008483630426063e-05,0.0045814816511659875,0.00014275864112438887,0.0001279347594908575,0.012705470052129509,2025-03-20,250,48049,144,1.0,9.49413557092387e-05,9.302820106258026e-05,9.49413557092387e-05,9.302820106258026e-05,0.009743785491750047,0.009645112807146439,0.010126729974418325,1.9131546466584417e-06,0.04,0.034722222222222224,0.020833333333333332,1.0
2025-03-25,2023-11-10,8.385193927018972e-05,8.241446960731514e-05,0.00453042178226793,7.012594689570674e-06,4.757149526561425e-06,0.0124819380574136,2025-03-21,250,48079,159,1.0,4.567390013893875e-05,4.383001497599726e-05,4.567390013893875e-05,4.383001497599726e-05,0.006758246824357538,0.0066204240782594325,0.020393269094785893,1.8438851629414886e-06,0.039999999999999994,0.11949685534591195,0.05660377358490566,1.0
2025-03-26,2023-11-13,5.378095772756819e-05,4.663011352420833e-05,0.004469273743016759,8.349721453539291e-05,6.811605950469721e-05,0.012452005352239939,2025-03-24,250,48025,137,0.01,6.571084184749783e-05,5.525585826090094e-05,6.571084184749783e-05,5.525585826090094e-05,0.008106222415373133,0.00743342843248665,0.08299722711907775,1.0454983586596893e-05,0.04,0.021897810218978103,0.0072992700729927005,1.0
2025-03-27,2023-11-16,4.132494447082425e-05,4.0637739499347754e-05,0.004514061300952465,1.6346380553367253e-05,1.0901383347837357e-05,0.012602456954923588,2025-03-25,250,47990,172,100.0,2.869043830327332e-05,2.5596675632014003e-05,2.869043830327332e-05,2.5596675632014003e-05,0.005356345610887456,0.0050593157276467736,0.05545383080526611,3.0937626712593163e-06,0.039999999999999994,0.05232558139534884,0.03488372093023256,1.0
2025-03-28,2023-11-17,0.00028953399983392265,0.00029104215918438094,0.004467277194549923,0.0002101950930522876,0.0001865073781007117,0.01263601431896734,2025-03-26,250,47937,156,0.01,0.0002513902946504442,0.00024078505289415534,0.0002513902946504442,0.00024078505289415534,0.01585529232308393,0.015517250171797687,0.021320461609785957,1.0605241756288881e-05,0.04,0.00641025641025641,0.02564102564102564,1.0
2025-03-31,2023-11-20,0.00012830777725161735,0.00013964048642128317,0.004589261128958237,3.0648025283901616e-05,2.08337165304961e-05,0.012895711406255618,2025-03-27,250,47911,163,0.01,7.977747105907146e-05,8.060153942033991e-05,7.977747105907146e-05,8.060153942033991e-05,0.008931823501338988,0.008977836009882332,-0.00515152460597168,-8.240683612684461e-07,0.04,0.024539877300613498,0.0,1.0
2025-04-01,2023-11-21,8.088381395109924e-06,1.5215187969114086e-05,0.004501868275334263,1.2317152927016403e-05,4.887994573245105e-06,0.012809723091224362,2025-03-28,250,47868,199,0.01,1.0107141674160755e-05,1.0285120770081155e-05,1.0107141674160755e-05,1.0285120770081155e-05,0.003179173111700707,0.0032070423711078647,-0.008766197507328988,-1.7797909592039946e-07,0.039999999999999994,0.20100502512562815,0.11055276381909548,1.0
2025-04-02,2023-11-22,7.84765141933103e-06,1.419942464364239e-05,0.0044804874770375,9.924322686919423e-06,3.6950520615743977e-06,0.012773643866873453,2025-03-31,250,47848,204,100.0,8.865627530893969e-06,9.05022239753063e-06,8.865627530893969e-06,9.05022239753063e-06,0.0029775203661593936,0.003008358754791494,-0.01035707059558355,-1.84594866636661e-07,0.039999999999999994,0.23039215686274508,0.1568627450980392,1.0
2025-04-03,2023-11-24,9.672694664854102e-05,0.0001336534190687264,0.004466479074545539,5.808433001939439e-05,3.772205232380714e-05,0.012693316445830079,2025-04-01,250,47858,200,100.0,7.779206450025915e-05,8.664704936371597e-05,7.779206450025915e-05,8.664704936371597e-05,0.008819980980719809,0.009308439684700975,-0.055380924862414194,-8.854984863456813e-06,0.039999999999999994,0.13,0.105,1.0
2025-04-04,2023-11-27,0.0002386191188783902,0.0002386191188783902,0.004921502042423347,0.0001960007865914747,0.00018048449089060054,0.013351278181479402,2025-04-02,250,47871,183,100.0,0.0002127686550322284,0.00020335713141038663,0.0002127686550322284,0.00020335713141038663,0.014586591618065832,0.01426033419700908,0.022366940104957433,9.411523621841763e-06,0.039999999999999994,0.1092896174863388,0.08196721311475409,0.6065573770491803
2025-04-07,2023-11-29,0.000307281794540262,0.000307281794540262,0.0053084191527763055,0.0002543475401492126,0.0002689676551620026,0.014181505303989867,2025-04-03,250,47884,200,100.0,0.00028107933861669257,0.00028831629554802366,0.00028107933861669257,0.00028831629554802366,0.016765420919758994,0.016979879138204243,-0.012791699025730852,-7.2369569313310875e-06,0.039999999999999994,0.03,0.03,0.495
2025-04-08,2023-12-01,0.0005349204989233523,0.0005349204989233523,0.005510856387082552,0.0002759138327779295,0.00028169747197894754,0.01420681034140925,2025-04-04,250,47869,185,100.0,0.0003865166794021911,0.00038983054834980146,0.0003865166794021911,0.00038983054834980146,0.019660027451715092,0.019744126933085734,-0.0042776889084814584,-3.313868947610386e-06,0.039999999999999994,0.07567567567567568,0.07567567567567568,0.572972972972973
2025-04-09,2023-12-04,3.0122181684293563e-05,9.825620283392323e-05,0.005799791207516529,3.180978414346124e-05,2.4474107122377547e-05,0.014432869400580072,2025-04-07,250,47872,169,100.0,3.09110609403542e-05,6.37663474421356e-05,3.09110609403542e-05,6.37663474421356e-05,0.005559771662609373,0.007985383362252284,-0.4362790141105355,-3.2855286501781395e-05,0.04,0.1952662721893491,0.2485207100591716,1.0
2025-04-10,2023-12-06,6.460142860032339e-05,6.460142860032339e-05,0.005028916268544128,7.019909299052438e-05,7.691038221318212e-05,0.013061191717400025,2025-04-08,250,47878,193,100.0,6.7414762516642e-05,7.078779388761507e-05,6.7414762516642e-05,7.078779388761507e-05,0.008210649335871189,0.00841354823410522,-0.024711675037392355,-3.3730313709730628e-06,0.039999999999999994,0.17616580310880828,0.16062176165803108,0.5025906735751295
2025-04-11,2023-12-08,3.4575732349311626e-05,3.4575732349311626e-05,0.005251549207016071,3.333333838514545e-05,2.6995040800086286e-05,0.01365974875138206,2025-04-09,250,47865,208,100.0,3.3924670127705316e-05,3.060315841245796e-05,3.3924670127705316e-05,3.060315841245796e-05,0.005824488829734788,0.005532012148618074,0.05021499562735565,3.3215117152473553e-06,0.039999999999999994,0.15384615384615385,0.16346153846153846,0.5240384615384616
2025-04-14,2023-12-11,7.147570834215823e-05,4.721624257259123e-05,0.005046681806712085,3.145048112544451e-05,8.015765076299379e-06,0.013420292542233207,2025-04-10,250,47891,210,100.0,5.1272498413721786e-05,2.7429334883986774e-05,5.1272498413721786e-05,2.7429334883986774e-05,0.00716048171659713,0.005237302252494768,0.2685824138960742,2.3843163529735013e-05,0.039999999999999994,0.19047619047619047,0.12380952380952381,1.0
2025-04-15,2023-12-13,0.0001795684717876795,4.046705835838847e-05,0.0049377839225755475,6.215598569365558e-05,1.585930646007742e-05,0.013291347009942129,2025-04-11,250,47931,212,100.0,0.00012030839625909197,2.8047108107825817e-05,0.00012030839625909197,2.8047108107825817e-05,0.01096851841677316,0.0052959520492377775,0.5171679667201763,9.226128815126616e-05,0.039999999999999994,0.07075471698113207,0.07075471698113207,1.0
2025-04-16,2023-12-15,0.00011941560287936174,5.71691708755942e-05,0.00494706638963095,3.632878662104088e-05,9.021150525637243e-06,0.0133286787820167,2025-04-14,250,47968,213,100.0,7.76771552754165e-05,3.2982137178667457e-05,7.76771552754165e-05,3.2982137178667457e-05,0.00881346443093841,0.005743007677051064,0.3483824979322484,4.4695018096749046e-05,0.04,0.0892018779342723,0.07042253521126761,1.0
2025-04-17,2023-12-18,0.00014561574114216872,3.473544045749232e-05,0.005147475163432337,4.8756964524327444e-05,1.019809673977568e-05,0.013631683978236884,2025-04-15,250,48000,204,0.01,9.576195905945628e-05,2.2105925308667574e-05,9.576195905945628e-05,2.2105925308667574e-05,0.009785803955703195,0.0047016938765372185,0.5195393349570366,7.36560337507887e-05,0.039999999999999994,0.06862745098039216,0.06372549019607843,1.0
2025-04-21,2023-12-20,8.049854938195341e-05,5.7901488248482836e-05,0.005076657528683116,2.1754292595719174e-05,8.389349045494599e-06,0.013612262305047394,2025-04-16,250,48006,216,0.01,5.112642098883629e-05,3.314541864698872e-05,5.112642098883629e-05,3.314541864698872e-05,0.007150274189766172,0.005757205802035282,0.1948272682640224,1.798100234184757e-05,0.039999999999999994,0.12037037037037036,0.10185185185185185,1.0
2025-04-22,2023-12-22,0.00013446976911211586,4.217432592609335e-05,0.0051770552909505075,3.730264230074601e-05,7.460326582210409e-06,0.013944171791079624,2025-04-17,250,47991,203,1.0,8.37322546194794e-05,2.404780410120866e-05,8.37322546194794e-05,2.404780410120866e-05,0.009150533023790439,0.004903856044095163,0.4640906675768892,5.968445051827073e-05,0.039999999999999994,0.20689655172413793,0.17733990147783252,1.0
2025-04-23,2023-12-27,0.0001883088115010943,3.088838646484236e-05,0.0050065084609993,5.665958466123056e-05,1.3273854352025535e-05,0.013590575628259835,2025-04-21,250,47986,206,100.0,0.00012120605024776571,2.191010553355223e-05,0.00012120605024776571,2.191010553355223e-05,0.011009361936450527,0.004680823168370306,0.5748324748164808,9.929594471421348e-05,0.039999999999999994,0.1407766990291262,0.13106796116504854,1.0
2025-04-24,2023-12-29,0.00019871463934026918,0.00018948013324949006,0.004887585532746824,7.651782617773592e-05,3.5705535850179005e-05,0.013383196369205484,2025-04-22,250,47986,223,100.0,0.00013953411996110506,0.00011500633719959948,0.00013953411996110506,0.00011500633719959948,0.01181245613583835,0.010724100764147988,0.09213624661753039,2.4527782761505588e-05,0.039999999999999994,0.11659192825112108,0.09865470852017937,1.0
2025-04-25,2024-01-03,0.00021269738499026292,0.00012626856783262043,0.004799155348658636,8.191410692870022e-05,3.244787923107449e-05,0.013107302127348222,2025-04-23,250,47987,223,1.0,0.00014759898200894698,7.956858382019174e-05,0.00014759898200894698,7.956858382019174e-05,0.012149032142888871,0.008920122410605795,0.26577505881182784,6.803039818875524e-05,0.039999999999999994,0.18385650224215247,0.1210762331838565,1.0
2025-04-28,2024-01-05,0.00017896428384375833,0.00022528264064483846,0.004778287461773699,6.918720398307738e-05,2.6870182156167288e-05,0.013013277277349987,2025-04-24,250,48016,229,0.01,0.0001262329354390644,0.00012997534617429772,0.0001262329354390644,0.00012997534617429772,0.011235343138465527,0.011400673057951347,-0.01471516423203778,-3.7424107352333335e-06,0.04,0.10043668122270742,0.13973799126637554,1.0
2025-04-29,2024-01-08,0.00020537242461636385,0.00020709766312151638,0.004758732273722281,8.316383368942381e-05,4.556607739906685e-05,0.013008316238540431,2025-04-25,250,48045,235,0.01,0.00014660829366000544,0.00012942502828476409,0.00014660829366000544,0.00012942502828476409,0.012108191180354127,0.011376512131789958,0.060428435400932456,1.7183265375241355e-05,0.039999999999999994,0.12340425531914893,0.12340425531914893,1.0
2025-04-30,2024-01-10,0.0001852743798750302,0.00013851551581840556,0.004734624307561195,9.314765209421669e-05,3.4784770155849235e-05,0.012926885192668493,2025-04-28,250,48095,216,1.0,0.00014390265489938709,9.193272725697979e-05,0.00014390265489938709,9.193272725697979e-05,0.011995943268429836,0.00958815557117112,0.20071682929639878,5.1969927642407296e-05,0.039999999999999994,0.12962962962962962,0.12037037037037036,1.0
2025-05-01,2024-01-12,0.00019159136261785885,8.468274541367329e-05,0.004705882352941177,0.00010336848345253037,4.0475499366847076e-05,0.012921756771378077,2025-04-29,250,48136,218,100.0,0.00014869399935398353,6.318747898723485e-05,0.00014869399935398353,6.318747898723485e-05,0.01219401489887492,0.007949055226077804,0.3481182947536645,8.550652036674868e-05,0.039999999999999994,0.23394495412844038,0.12844036697247707,1.0
2025-05-02,2024-01-17,0.0002408003397348489,0.00011215117909682201,0.004687792987061691,0.00011066175490016181,4.2901471906521416e-05,0.012830825290525897,2025-04-30,250,48166,230,100.0,0.00017573104731750534,7.752632550167172e-05,0.00017573104731750534,7.752632550167172e-05,0.013256358750332058,0.008804903491899939,0.3357977361860862,9.820472181583362e-05,0.039999999999999994,0.09130434782608696,0.1391304347826087,1.0
2025-05-05,2024-01-19,0.00016333313145938173,0.00017713116495865434,0.00486973459946433,9.619948293393856e-05,3.4795172640148184e-05,0.012643148775495805,2025-05-01,250,48157,228,100.0,0.00013064964467725807,0.00010783601080359214,0.00013064964467725807,0.00010783601080359214,0.011430207551801413,0.010384411914191007,0.09149401993541117,2.281363387366593e-05,0.039999999999999994,0.17543859649122806,0.17105263157894737,1.0
2025-05-06,2024-01-22,0.0001923470375819184,0.00019799070794875023,0.00502790487203982,9.298872273187361e-05,2.1966180849878336e-05,0.012716067150538588,2025-05-02,250,48162,232,100.0,0.0001443809545508623,0.00011301335003895001,0.0001443809545508623,0.00011301335003895001,0.01201586262200356,0.01063077372720114,0.11527169861829423,3.1367604511912275e-05,0.039999999999999994,0.21120689655172414,0.16810344827586207,1.0
2025-05-07,2024-01-24,0.00017372435917087297,0.00012834793769659042,0.005037529595486374,0.00010011777204043778,2.4027450091940656e-05,0.012823248031496062,2025-05-05,250,48175,226,100.0,0.0001375724513324734,7.711088405005892e-05,0.0001375724513324734,7.711088405005892e-05,0.01172912832790542,0.008781280319523965,0.2513271170687139,6.0461567282414487e-05,0.039999999999999994,0.20353982300884957,0.17256637168141592,1.0
2025-05-08,2024-01-26,0.00021070429593245238,7.783211729748135e-05,0.005095541401273885,0.00011205243501863097,2.6274554533059282e-05,0.012769546467076539,2025-05-06,250,48197,221,100.0,0.00016294072526376962,5.286985840248966e-05,0.00016294072526376962,5.286985840248966e-05,0.012764823745895187,0.007271166234001919,0.43037472520213027,0.00011007086686127996,0.04,0.2081447963800905,0.13574660633484162,1.0
2025-05-09,2024-01-29,0.00022091115686116868,0.00013788568426710448,0.005063547521393487,0.00011065779300543062,2.487268214754352e-05,0.012681186068736064,2025-05-07,250,48214,220,100.0,0.00016829023320274827,8.394766052822312e-05,0.00016829023320274827,8.394766052822312e-05,0.012972672554363972,0.00916229559271164,0.2937233592911842,8.434257267452515e-05,0.039999999999999994,0.17727272727272728,0.16363636363636364,1.0
2025-05-12,2024-01-31,0.0002891640539623621,0.00012669998016366093,0.0037777665843953057,0.00014268245293043048,3.5114838952157083e-05,0.012697365063614133,2025-05-08,250,48230,211,100.0,0.00022112994542620431,8.416280557253591e-05,0.00022112994542620431,8.416280557253591e-05,0.0148704386426966,0.009174028862639136,0.38306938463144613,0.0001369671398536684,0.03999999999999999,0.13744075829383887,0.1848341232227488,1.0
2025-05-13,2024-02-02,0.000516236120188747,9.843789797075722e-05,0.004791498647943454,0.0001690777620845846,3.818328840035274e-05,0.012291173090447523,2025-05-09,250,48244,225,100.0,0.0003526859603707861,7.005128190647777e-05,0.0003526859603707861,7.005128190647777e-05,0.018779935047033205,0.0083696643843393,0.5543294285428578,0.0002826346784643083,0.04,0.09333333333333334,0.1288888888888889,1.0
2025-05-14,2024-02-05,0.00044666845376994604,9.582950049551861e-05,0.004743342882637486,0.00016915294387173676,3.4584291300507634e-05,0.012210536091609301,2025-05-12,250,48260,219,100.0,0.00032628501340314285,6.92619439953997e-05,0.00032628501340314285,6.92619439953997e-05,0.01806336107714018,0.008322376102736508,0.5392675777671981,0.00025702306940774317,0.039999999999999994,0.1095890410958904,0.1415525114155251,1.0
2025-05-15,2024-02-07,0.00046861730977574,0.00010832604891933852,0.004756746573729573,0.0002031895174708717,3.99558237186482e-05,0.012194950560765158,2025-05-13,250,48290,223,100.0,0.0003448303573106893,7.644038335489101e-05,0.0003448303573106893,7.644038335489101e-05,0.018569608431808392,0.008743019121269895,0.5291759030150718,0.0002683899739557983,0.039999999999999994,0.1210762331838565,0.13901345291479822,1.0
2025-05-16,2024-02-09,0.0004610061141757432,0.00011487975774299596,0.004776542917947505,0.000207631419923828,3.7158100832416336e-05,0.012135675574975444,2025-05-14,250,48331,215,0.01,0.0003419789322248435,7.836865379895624e-05,0.0003419789322248435,7.836865379895624e-05,0.018492672392730142,0.008852607175231274,0.5212910829096058,0.0002636102784258872,0.03999999999999999,0.11162790697674418,0.13953488372093023,1.0
2025-05-19,2024-02-12,0.000404505142923708,7.752202242456879e-05,0.004780838776862633,0.00019341215956266222,3.194859384217415e-05,0.012059291484348702,2025-05-15,250,48358,205,0.01,0.000308741009008697,5.684724750670195e-05,0.000308741009008697,5.684724750670195e-05,0.017571027545613176,0.007539711367599024,0.5709009420179638,0.0002518937615019951,0.039999999999999994,0.11219512195121951,0.12682926829268293,1.0
2025-05-20,2024-02-14,0.0004856437030777091,5.870365028652e-05,0.004837628125299357,0.00019624277760125634,3.489507472166073e-05,0.012046114146423467,2025-05-16,250,48384,205,0.01,0.0003472959435816487,4.732198977258728e-05,0.0003472959435816487,4.732198977258728e-05,0.018635877859163187,0.0068790980348143954,0.6308680445964626,0.00029997395380906145,0.039999999999999994,0.13170731707317074,0.08292682926829269,1.0
2025-05-21,2024-02-16,0.000313861879558227,0.00012066202808443143,0.004882529246833607,0.00015308022671057497,2.4791869708890402e-05,0.01208675212954373,2025-05-19,250,48380,225,100.0,0.00024025961181019074,7.677480002807266e-05,0.00024025961181019074,7.677480002807266e-05,0.015500310055292144,0.008762123032009574,0.434713047625909,0.00016348481178211807,0.04,0.18222222222222223,0.14222222222222222,1.0
2025-05-22,2024-02-21,0.00031008941350249775,5.4200119450843174e-05,0.004997773269335445,0.0001496076099709185,2.3084145017510185e-05,0.012293914490615246,2025-05-20,250,48378,230,0.01,0.0002340349935679667,3.945385330635059e-05,0.0002340349935679667,3.945385330635059e-05,0.015298202298569813,0.006281230238285378,0.5894138333578847,0.0001945811402616161,0.039999999999999994,0.20869565217391303,0.14347826086956522,1.0
2025-05-23,2024-02-23,0.00022625813494320195,9.803261500387236e-05,0.005015891934843067,0.00013408353479716698,1.7362757269710694e-05,0.012289065152892355,2025-05-21,250,48399,225,0.01,0.0001840626513207948,6.110374679667836e-05,0.0001840626513207948,6.110374679667836e-05,0.013566969128025418,0.007816888562380709,0.42382941328927426,0.00012295890452411644,0.04,0.1511111111111111,0.12,1.0
2025-05-27,2024-02-26,0.0002973277535949287,6.792897486638453e-05,0.005172325498028372,0.00016816299958607287,2.2126593694466393e-05,0.012373523164856423,2025-05-22,250,48437,222,100.0,0.00023739996232054964,4.6678320538872974e-05,0.00023739996232054964,4.6678320538872974e-05,0.015407789014668835,0.006832153433499058,0.5565779472321062,0.00019072164178167666,0.039999999999999994,0.22522522522522523,0.12162162162162163,1.0
2025-05-28,2024-02-28,0.00029802360527212936,6.337383339778877e-05,0.005044703061785128,0.00016089872297634682,1.9974011689926227e-05,0.012121510614903153,2025-05-23,250,48486,217,100.0,0.00023546432717405345,4.357391473844134e-05,0.00023546432717405345,4.357391473844134e-05,0.015344846925728958,0.006601054062681303,0.5698194908928542,0.00019189041243561212,0.04,0.2488479262672811,0.14746543778801843,1.0
2025-05-29,2024-03-01,0.0002895603332205697,6.84761621757044e-05,0.005039417223829957,0.00016687527695819813,1.996385669054813e-05,0.012192045667228152,2025-05-27,250,48525,209,100.0,0.00023555542807158318,4.712146311046813e-05,0.00023555542807158318,4.712146311046813e-05,0.01534781509113213,0.006864507492199869,0.5527371517418047,0.00018843396496111503,0.039999999999999994,0.20574162679425836,0.11483253588516747,1.0
2025-05-30,2024-03-04,0.00028876608753227524,5.314336966001542e-05,0.005051262815703926,0.00018431991378333346,1.9279104406355014e-05,0.012144108126429963,2025-05-28,250,48458,214,100.0,0.00024044753051757794,3.747719087444356e-05,0.00024044753051757794,3.747719087444356e-05,0.015506370642983417,0.006121861716377098,0.6052034446147319,0.00020297033964313438,0.039999999999999994,0.26635514018691586,0.1542056074766355,1.0
2025-06-02,2024-03-06,0.0002767962800876095,4.3280417312368844e-05,0.005028628329599203,0.00017490873213387998,1.8434463594568956e-05,0.012157707120921625,2025-05-29,250,48481,212,100.0,0.00022873611595849186,3.15606278228406e-05,0.00022873611595849186,3.15606278228406e-05,0.015124024463035355,0.005617884639509839,0.6285456524326235,0.00019717548813565127,0.039999999999999994,0.25,0.17452830188679244,1.0
2025-06-03,2024-03-08,0.00033405107799038816,7.613591250688467e-05,0.005007436787307883,0.0001902518733987405,2.2753577956809222e-05,0.012089607059101417,2025-05-30,250,48500,209,100.0,0.00027075190659119395,5.2637468590105064e-05,0.00027075190659119395,5.2637468590105064e-05,0.016454540607114924,0.007255168405358008,0.5590780333167806,0.0002181144380010889,0.039999999999999994,0.19617224880382775,0.13875598086124402,1.0
2025-06-04,2024-03-11,0.00031566209456051255,7.557410265989192e-05,0.004968760761548681,0.00018384571033100615,2.0550617146441262e-05,0.012021055545303555,2025-06-02,250,48518,210,100.0,0.0002560308731233549,5.0682525879997575e-05,0.0002560308731233549,5.0682525879997575e-05,0.01600096475601877,0.0071191660944240915,0.5550789466150026,0.00020534834724335733,0.039999999999999994,0.21428571428571427,0.15714285714285714,1.0
2025-06-05,2024-03-13,0.0002393705773075774,4.426287177997811e-05,0.004979785031062025,0.00015131884304676044,1.8372343927115157e-05,0.012024283053378753,2025-06-03,250,48547,198,100.0,0.000192676475805629,3.0533046403459885e-05,0.000192676475805629,3.0533046403459885e-05,0.013880795215175138,0.005525671579406424,0.6019196671552722,0.0001621434294021691,0.039999999999999994,0.41919191919191917,0.2222222222222222,1.0
2025-06-06,2024-03-15,0.00028790865960549926,4.865072593018097e-05,0.005034142451278472,0.00017272228221316851,2.5422759717041692e-05,0.01208267599696484,2025-06-04,250,48574,207,100.0,0.0002356018022389336,3.8102760596678104e-05,0.0002356018022389336,3.8102760596678104e-05,0.015349325791022014,0.006172743360668586,0.5978492186100388,0.0001974990416422555,0.039999999999999994,0.20772946859903382,0.14492753623188406,1.0
2025-06-09,2024-03-18,0.000249514850532844,3.064592399016518e-05,0.004952922714790113,0.00018535357841926417,2.5610917520123335e-05,0.011959860800480688,2025-06-05,250,48579,197,100.0,0.00022150536118376854,2.844790086111138e-05,0.00022150536118376854,2.844790086111138e-05,0.014883056177538555,0.005333657362552583,0.6416288899989429,0.00019305746032265717,0.039999999999999994,0.24873096446700507,0.14720812182741116,1.0
2025-06-10,2024-03-20,0.00036204355990951723,6.591643003309724e-05,0.005013651030032267,0.00020239040625680624,2.6390910673673203e-05,0.011949091181963715,2025-06-06,250,48588,199,100.0,0.00029786138758681937,5.002677400920816e-05,0.00029786138758681937,5.002677400920816e-05,0.017258661233908595,0.0070729607668364855,0.5901790601845738,0.0002478346135776112,0.039999999999999994,0.1407035175879397,0.10050251256281408,1.0
2025-06-11,2024-03-22,0.00032127856093202195,6.66380416951115e-05,0.004983470666600877,0.00016244112777112063,1.9881554947942957e-05,0.011881725475890427,2025-06-09,250,48578,207,100.0,0.0002514514767888238,4.6083257666163e-05,0.0002514514767888238,4.6083257666163e-05,0.015857221597392897,0.006788465044924589,0.5719007265408533,0.0002053682191226608,0.039999999999999994,0.178743961352657,0.12560386473429952,1.0
2025-06-12,2024-03-25,0.00024830700246156466,6.130637035843738e-05,0.005080994063789111,0.00016160608600287486,1.9493486577291582e-05,0.011915709392044699,2025-06-10,250,48558,181,100.0,0.00020711209187898277,4.143947530220236e-05,0.00020711209187898277,4.143947530220236e-05,0.014391389504804002,0.006437350021724962,0.552694337153747,0.00016567261657678042,0.039999999999999994,0.23204419889502761,0.16022099447513813,1.0
2025-06-13,2024-03-27,0.00030494565090268216,4.6229405210815633e-05,0.005070281124497995,0.00013090556521385023,1.0786740638764805e-05,0.011868539958592132,2025-06-11,250,48563,198,100.0,0.00022847349203940754,3.065611320188421e-05,0.00022847349203940754,3.065611320188421e-05,0.015115339626995072,0.00553679629405708,0.6336968648611309,0.00019781737883752334,0.039999999999999994,0.2222222222222222,0.14646464646464646,1.0
2025-06-16,2024-04-01,0.00029962298900463485,7.083143469654533e-05,0.005141257317383559,0.00016527783646525914,1.682937786382981e-05,0.012002731993299832,2025-06-12,250,48546,205,100.0,0.00023933150591379305,4.65963652886925e-05,0.00023933150591379305,4.65963652886925e-05,0.01547034278591761,0.006826153037303845,0.558758772719789,0.00019273514062510054,0.039999999999999994,0.18536585365853658,0.15609756097560976,1.0
2025-06-17,2024-04-03,0.000303113314313307,5.361974540073821e-05,0.005090212680173371,0.00014086388826603006,1.10410266523029e-05,0.0118896114024026,2025-06-13,250,48550,214,100.0,0.0002272958255061682,3.372314785474041e-05,0.0002272958255061682,3.372314785474041e-05,0.015076333291160957,0.005807163494748568,0.6148159248938052,0.0001935726776514278,0.039999999999999994,0.19158878504672897,0.11682242990654206,1.0
2025-06-18,2024-04-05,0.00031366677503487844,4.393755222470528e-05,0.0051625434471478234,0.00015170258881805386,1.3059425394457767e-05,0.01199208575301659,2025-06-16,250,48556,207,100.0,0.0002393353852252246,2.9766431215654485e-05,0.0002393353852252246,2.9766431215654485e-05,0.015470468164384186,0.00545586209646601,0.6473369752942324,0.0002095689540095701,0.039999999999999994,0.2222222222222222,0.15458937198067632,1.0
2025-06-20,2024-04-08,0.00032699770529336536,3.713079767170371e-05,0.005137857360870893,0.00012662705666187707,1.3991624866334445e-05,0.011993892273701123,2025-06-17,250,48570,213,100.0,0.00022916414915404718,2.5832797804293372e-05,0.00022916414915404718,2.5832797804293372e-05,0.015138168619553924,0.005082597544985573,0.664252812032996,0.0002033313513497538,0.04,0.20187793427230047,0.1267605633802817,1.0
2025-06-23,2024-04-10,0.00033066184707705775,3.4018231676766115e-05,0.00502487562189055,0.00012517563329498215,1.3120216478478196e-05,0.01206119001144242,2025-06-18,250,48589,215,100.0,0.0002293523649333367,2.3715024183656724e-05,0.0002293523649333367,2.3715024183656724e-05,0.015144383940369998,0.0048698074072448415,0.6784413663560444,0.00020563734074967996,0.03999999999999999,0.19534883720930232,0.12558139534883722,1.0
2025-06-24,2024-04-12,0.00036229539792353874,4.646544091613608e-05,0.005012406947890821,0.0001557322179242722,1.7347623381162193e-05,0.011943220861451307,2025-06-20,250,48625,211,100.0,0.00026439815621772517,3.266552739245177e-05,0.00026439815621772517,3.266552739245177e-05,0.016260324603701033,0.005715376399892816,0.6485078533677038,0.00023173262882527338,0.03999999999999999,0.25118483412322273,0.14691943127962084,1.0
2025-06-25,2024-04-15,0.00036548833169414906,3.6664023538168424e-05,0.005042436345481776,0.00015585729504067873,1.7667502390003485e-05,0.011812722897920168,2025-06-23,250,48636,205,100.0,0.00026527447026956317,2.7582759769777377e-05,0.00026527447026956317,2.7582759769777377e-05,0.01628724870165502,0.005251929147444525,0.6775435039000262,0.0002376917104997858,0.039999999999999994,0.28292682926829266,0.18536585365853658,1.0
2025-06-26,2024-04-17,0.00032900780305318236,3.190669557189572e-05,0.005010914864060331,0.0001477521440006113,1.735452870479909e-05,0.011806107524047963,2025-06-24,250,48652,209,100.0,0.00024314985929143823,2.5013563898007847e-05,0.00024314985929143823,2.5013563898007847e-05,0.015593263266277467,0.005001356205871348,0.6792617349899136,0.00021813629539343038,0.039999999999999994,0.23923444976076555,0.15789473684210525,1.0
2025-06-27,2024-04-19,0.00030776474518871805,3.1349724213485135e-05,0.00502487562189055,0.00015400615709474586,1.834416860753924e-05,0.011714455685031124,2025-06-25,250,48635,202,100.0,0.0002362137190459786,2.5297633981015267e-05,0.0002362137190459786,2.5297633981015267e-05,0.01536924588410175,0.005029675335547541,0.6727441688762144,0.00021091608506496333,0.039999999999999994,0.26732673267326734,0.16831683168316833,1.0
2025-06-30,2024-04-22,0.00023713594413966922,3.4048728215090324e-05,0.005022876467077781,0.00018043445986685555,1.7239220870427015e-05,0.011656541607714956,2025-06-26,250,48612,208,100.0,0.0002115112349009938,2.645212393432902e-05,0.0002115112349009938,2.645212393432902e-05,0.01454342583097235,0.005143162833736554,0.6463582313058979,0.0001850591109666648,0.039999999999999994,0.23557692307692307,0.15384615384615385,1.0
2025-07-01,2024-04-24,0.00026340081426295465,4.3991049092898495e-05,0.004922746990300726,0.00017374147807424988,1.679064479291671e-05,0.01160107469450514,2025-06-27,250,48591,217,100.0,0.00022332267780993917,3.183234302332138e-05,0.00022332267780993917,3.183234302332138e-05,0.014943984669757233,0.005642015865213548,0.6224557245008735,0.0001914903347866178,0.04,0.22119815668202766,0.1382488479262673,1.0
2025-07-02,2024-04-26,0.00017531857247838828,3.390184099410336e-05,0.0048599749783466446,0.00013320814392849404,1.5427838274586278e-05,0.01160483121508945,2025-06-30,250,48598,214,100.0,0.00015701824605249964,2.5873419251509494e-05,0.00015701824605249964,2.5873419251509494e-05,0.012530692161748274,0.005086592105871032,0.594069342681757,0.00013114482680099014,0.039999999999999994,0.21495327102803738,0.19626168224299065,1.0
2025-07-03,2024-04-29,0.00016460101081055707,5.228668556635483e-05,0.004754283562417624,7.973796932867317e-05,1.2838533099263016e-05,0.01155246031106455,2025-07-01,250,48595,202,100.0,0.00012258960413635709,3.2757897216309384e-05,0.00012258960413635709,3.2757897216309384e-05,0.011072018972904494,0.005723451512532397,0.4830706552672228,8.98317069200477e-05,0.039999999999999994,0.31683168316831684,0.1782178217821782,1.0
2025-07-07,2024-05-01,9.532961274495202e-05,4.9846590195122006e-05,0.004729571528915943,6.268242879083088e-05,8.827298218093742e-06,0.011462123005085235,2025-07-02,250,48598,199,100.0,7.990832987215109e-05,3.0470643231098608e-05,7.990832987215109e-05,3.0470643231098608e-05,0.008939145925207346,0.0055200220317584425,0.38248887780289764,4.943768664105248e-05,0.039999999999999994,0.2613065326633166,0.18090452261306533,1.0
2025-07-08,2024-05-03,0.00010019673664465206,5.172359769926295e-05,0.004810669206954039,7.416704773020825e-05,1.1608263786168315e-05,0.011548179416124255,2025-07-03,250,48592,193,100.0,8.738419546914861e-05,3.197770794929409e-05,8.738419546914861e-05,3.197770794929409e-05,0.009347951404941546,0.005654883548694358,0.3950670790067379,5.540648751985452e-05,0.039999999999999994,0.3160621761658031,0.21761658031088082,1.0
2025-07-09,2024-05-06,5.588710484451256e-06,2.5753552760802227e-05,0.004809294795485934,1.1568785965711635e-05,8.675657777931767e-06,0.011554508817745108,2025-07-07,250,48599,204,100.0,8.314921365614075e-06,1.7968041812728926e-05,8.314921365614075e-06,1.7968041812728926e-05,0.002883560536145214,0.004238872705416963,-0.470013426901573,-9.653120447114851e-06,0.039999999999999994,0.3088235294117647,0.31862745098039214,1.0
2025-07-10,2024-05-08,5.776922183716971e-06,1.870192085727481e-05,0.004783555934451076,5.7437201300720695e-06,7.26681483350904e-06,0.011485632791718743,2025-07-08,250,48611,202,100.0,5.761142989905534e-06,1.3267415024198009e-05,5.761142989905534e-06,1.3267415024198009e-05,0.0024002381110851344,0.0036424462966800223,-0.5175353977832193,-7.506272034292475e-06,0.039999999999999994,0.297029702970297,0.3118811881188119,1.0
2025-07-11,2024-05-10,5.105668971013634e-06,2.0909679558943272e-05,0.0047549550397815565,5.295963769694548e-06,6.226398198009338e-06,0.011453331628902884,2025-07-09,250,48624,194,100.0,5.197873667281706e-06,1.3795099930449511e-05,5.197873667281706e-06,1.3795099930449511e-05,0.002279884573236484,0.003714175538453926,-0.6291068337645478,-8.597226263167805e-06,0.039999999999999994,0.28865979381443296,0.27835051546391754,1.0
2025-07-14,2024-05-13,6.294456548056473e-06,1.9614997288068888e-05,0.004783102860390227,4.861517701087848e-06,4.892141478876099e-06,0.011493736570347328,2025-07-10,250,48638,202,100.0,5.599268394576646e-06,1.2472225657866447e-05,5.599268394576646e-06,1.2472225657866447e-05,0.002366277328331708,0.003531603836483708,-0.49247249855264763,-6.872957263289801e-06,0.039999999999999994,0.22277227722772278,0.19306930693069307,1.0
2025-07-15,2024-05-15,7.873741463944935e-06,2.2029363941454754e-05,0.00484133831847378,9.837094347147303e-06,6.857520505198813e-06,0.011471845841135713,2025-07-11,250,48645,219,100.0,8.788179793107681e-06,1.4963025902650617e-05,8.788179793107681e-06,1.4963025902650617e-05,0.0029644864299078317,0.003868207065637854,-0.304848970335182,-6.1748461095429354e-06,0.039999999999999994,0.1872146118721461,0.136986301369863,1.0
2025-07-16,2024-05-17,1.2320279817622947e-05,2.721676166155582e-05,0.0048299937831763175,9.079910738040856e-06,5.907153525690226e-06,0.011521078856848941,2025-07-14,250,48658,223,100.0,1.0780014694592894e-05,1.7087530888453794e-05,1.0780014694592894e-05,1.7087530888453794e-05,0.003283293269659732,0.004133706676634639,-0.25901231998780316,-6.3075161938609005e-06,0.039999999999999994,0.16591928251121077,0.11659192825112108,1.0
2025-07-17,2024-05-20,1.3929114809138289e-05,3.190133770200021e-05,0.004805862200228397,9.049720915100004e-06,7.191066357205923e-06,0.011482688795616928,2025-07-15,250,48679,218,100.0,1.1578948025312509e-05,1.9999601503819476e-05,1.1578948025312509e-05,1.9999601503819476e-05,0.0034027853334162163,0.004472091401550227,-0.3142443508361088,-8.420653478506968e-06,0.039999999999999994,0.1834862385321101,0.14678899082568808,1.0
2025-07-18,2024-05-22,1.0858460467350097e-05,2.002129078353484e-05,0.004809065803256832,9.126794711528624e-06,6.317293454098671e-06,0.011412846315521297,2025-07-16,250,48709,223,100.0,1.0058632786410133e-05,1.3691641792808719e-05,1.0058632786410133e-05,1.3691641792808719e-05,0.0031715347682801987,0.0037002218572416328,-0.16669755420910004,-3.6330090063985854e-06,0.039999999999999994,0.17040358744394618,0.14349775784753363,1.0
2025-07-21,2024-05-24,1.446739467053784e-05,1.6442485462507033e-05,0.004782649872146982,9.506510193951456e-06,5.837105583077056e-06,0.011421211638356864,2025-07-17,250,48742,227,1.0,1.223827477356951e-05,1.1677072477036293e-05,1.223827477356951e-05,1.1677072477036293e-05,0.003498324566641796,0.003417173170478238,0.02319721758734894,5.612022965332171e-07,0.039999999999999994,0.2026431718061674,0.11013215859030837,1.0
2025-07-22,2024-05-29,1.9043335889271655e-05,2.7302694576643787e-05,0.004753388554216867,9.892245091366369e-06,6.240660510449054e-06,0.011399596036706585,2025-07-18,250,48756,212,100.0,1.4813114671372038e-05,1.7566471281893394e-05,1.4813114671372038e-05,1.7566471281893394e-05,0.0038487809331490975,0.00419123744040986,-0.08897791617891904,-2.753356610521356e-06,0.039999999999999994,0.2783018867924528,0.22641509433962265,1.0
2025-07-23,2024-05-31,2.1430907897955143e-05,2.440336490113721e-05,0.004710820895522391,8.385961534943784e-06,7.006087585771268e-06,0.011397964570810673,2025-07-21,250,48789,205,100.0,1.5385688851681584e-05,1.6341211998894458e-05,1.5385688851681584e-05,1.6341211998894458e-05,0.00392245954111468,0.004042426498885843,-0.030584625925057063,-9.555231472128736e-07,0.039999999999999994,0.3024390243902439,0.22439024390243903,1.0
2025-07-24,2024-06-03,1.7294483303782734e-05,2.072433259916364e-05,0.004716320336212934,8.377418283521958e-06,7.278447217690904e-06,0.011301814856277887,2025-07-22,250,48799,216,100.0,1.3331343294777943e-05,1.4748383540731315e-05,1.3331343294777943e-05,1.4748383540731315e-05,0.003651211209280825,0.00384036242309646,-0.051805059464881564,-1.4170402459533715e-06,0.039999999999999994,0.2222222222222222,0.18518518518518517,1.0
2025-07-25,2024-06-05,1.4544317962704963e-05,1.7940234952688284e-05,0.004724925149700597,7.320662701583521e-06,7.465771701870952e-06,0.011298073831215916,2025-07-23,250,48800,211,100.0,1.1257725995559662e-05,1.317460238359604e-05,1.1257725995559662e-05,1.317460238359604e-05,0.0033552534919972384,0.0036296835101143512,-0.08179114298566947,-1.9168763880363772e-06,0.03999999999999999,0.27488151658767773,0.15165876777251186,1.0
2025-07-28,2024-06-07,1.7333823498586428e-05,1.885276516189037e-05,0.004722274172433141,6.7887049171083066e-06,7.393792681306698e-06,0.01125054779469471,2025-07-24,250,48824,202,100.0,1.237448555185167e-05,1.3463644440823792e-05,1.237448555185167e-05,1.3463644440823792e-05,0.0035177386986317886,0.0036692839139025194,-0.043080293408283454,-1.0891588889721232e-06,0.039999999999999994,0.19801980198019803,0.14356435643564355,1.0
2025-07-29,2024-06-10,2.5709829982378738e-05,2.6002147141663518e-05,0.004718523709413689,8.471737968339795e-06,7.015524611106249e-06,0.01125337394417056,2025-07-25,250,48861,218,100.0,1.8118743590875345e-05,1.76410656603172e-05,1.8118743590875345e-05,1.76410656603172e-05,0.004256611750074858,0.004200126862407515,0.013269917714799573,4.776779305581455e-07,0.039999999999999994,0.2018348623853211,0.14678899082568808,1.0
2025-07-30,2024-06-12,2.785264650223388e-05,2.508746591325e-05,0.00478061248639182,2.5575035366454707e-05,2.1005296031380195e-05,0.011283134464628657,2025-07-28,250,48902,188,0.01,2.6956139991342073e-05,2.3480654364003374e-05,2.6956139991342073e-05,2.3480654364003374e-05,0.005191930276047828,0.004845684096595998,0.06668929685924008,3.4754856273386993e-06,0.04,0.16489361702127658,0.11170212765957446,1.0
2025-07-31,2024-06-14,5.7788419522733396e-05,4.604107447477435e-05,0.0048313800526189905,1.0118131606854792e-05,6.951510815234815e-06,0.01129736153579422,2025-07-29,250,48954,199,1.0,3.407305015754755e-05,2.659450762907378e-05,3.407305015754755e-05,2.659450762907378e-05,0.005837212533182902,0.00515698629327961,0.11653271763472683,7.478542528473774e-06,0.039999999999999994,0.32663316582914576,0.2613065326633166,1.0
2025-08-01,2024-06-17,2.6937608411210243e-05,1.8396809820131992e-05,0.004865828395240163,1.7158735699031827e-05,4.852559929542376e-06,0.011339900012656622,2025-07-30,250,48968,218,100.0,2.213788648367313e-05,1.1748944048145345e-05,2.213788648367313e-05,1.1748944048145345e-05,0.004705091548915189,0.0034276732703315445,0.27149700814603017,1.0388942435527787e-05,0.039999999999999994,0.1743119266055046,0.14678899082568808,1.0
2025-08-04,2024-06-21,2.036468105896843e-05,1.759938523400126e-05,0.004990611720525742,9.442056695008956e-06,6.236514222547627e-06,0.011528861867078423,2025-07-31,250,48983,187,100.0,1.4406885951354172e-05,1.140145559139019e-05,1.4406885951354172e-05,1.140145559139019e-05,0.003795640387517523,0.003376604150828194,0.11039935133670364,3.0054303599639817e-06,0.039999999999999994,0.28342245989304815,0.25133689839572193,1.0
2025-08-05,2024-06-24,1.9924422498264663e-05,1.5813208383592844e-05,0.004966805999508239,1.0200306057937204e-05,5.695729622476944e-06,0.011356249504887752,2025-08-01,250,49000,208,100.0,1.5202615957528734e-05,1.0900394177474067e-05,1.5202615957528734e-05,1.0900394177474067e-05,0.003899053212964493,0.003301574499761298,0.15323687073994174,4.302221780054667e-06,0.039999999999999994,0.2644230769230769,0.20192307692307693,1.0
2025-08-06,2024-06-26,1.631103999184948e-05,8.267675120518828e-06,0.004977330967869112,7.513212674804654e-06,6.739946405304803e-06,0.011414118508845961,2025-08-04,250,48971,213,0.01,1.2180604631734537e-05,7.550431592249332e-06,1.2180604631734537e-05,7.550431592249332e-06,0.0034900722960612917,0.002747804867935373,0.21267967112417763,4.630173039485205e-06,0.04,0.25821596244131456,0.18779342723004694,1.0
2025-08-07,2024-06-28,5.305953793938698e-06,9.3448326650921e-06,0.0047362250879249695,7.823429225601587e-06,6.498103154001364e-06,0.011327355478997438,2025-08-05,250,48966,208,100.0,6.528381767967313e-06,7.962526508264387e-06,6.528381767967313e-06,7.962526508264387e-06,0.0025550698166522403,0.002821794908965637,-0.10439052998671916,-1.4341447402970736e-06,0.039999999999999994,0.27884615384615385,0.22115384615384615,1.0
2025-08-08,2024-07-01,1.4103876484327053e-05,1.0496095377765187e-05,0.004590283143207745,7.64864819271913e-06,7.381143260468482e-06,0.01133685092922104,2025-08-06,250,49006,199,100.0,1.0957358171332235e-05,8.977751883404484e-06,1.0957358171332235e-05,8.977751883404484e-06,0.0033101900506364037,0.0029962896861626185,0.09482850219232453,1.979606287927751e-06,0.039999999999999994,0.3165829145728643,0.18090452261306533,1.0
2025-08-11,2024-07-03,8.004028157707867e-06,9.010214318182291e-06,0.004403749727490734,7.484665930270555e-06,5.725490302891317e-06,0.011249135252205028,2025-08-07,250,49026,205,100.0,7.753214203969849e-06,7.423932964456407e-06,7.753214203969849e-06,7.423932964456407e-06,0.0027844594096466642,0.0027246895170746346,0.02146552841278948,3.2928123951344235e-07,0.039999999999999994,0.36097560975609755,0.24878048780487805,1.0
2025-08-12,2024-07-05,7.690759802471615e-06,9.60653242343037e-06,0.005590280834580505,5.567803811889265e-06,8.134793534816423e-06,0.011271424078500443,2025-08-08,250,49034,214,100.0,6.738405713238411e-06,8.946313108911964e-06,6.738405713238411e-06,8.946313108911964e-06,0.0025958439308322086,0.002991038800970653,-0.15224138302172419,-2.2079073956735524e-06,0.039999999999999994,0.37383177570093457,0.24766355140186916,1.0
2025-08-13,2024-07-08,7.3066127846491545e-06,1.1623936980057604e-05,0.004441541476159372,5.33281558190387e-06,8.926918861085424e-06,0.011152692588962022,2025-08-11,250,49029,200,100.0,6.418404043413779e-06,1.0410278826520122e-05,6.418404043413779e-06,1.0410278826520122e-05,0.002533456935377781,0.003226496370138997,-0.2735548511140853,-3.991874783106344e-06,0.039999999999999994,0.425,0.285,1.0
2025-08-14,2024-07-10,5.686789291035124e-06,1.1511953429666179e-05,0.004371491021300306,8.055871148351753e-06,8.170249942571107e-06,0.011114645908604573,2025-08-12,250,49038,214,100.0,6.771695935974515e-06,9.981640617818904e-06,6.771695935974515e-06,9.981640617818904e-06,0.0026022482464158787,0.003159373453363642,-0.2140937966679779,-3.2099446818443887e-06,0.039999999999999994,0.32710280373831774,0.2523364485981308,1.0
2025-08-15,2024-07-12,5.642211799789852e-06,6.331673206372715e-06,0.004381819743964258,8.53748351339462e-06,8.184761708886383e-06,0.011113611907899836,2025-08-13,250,49055,202,100.0,6.960850402025686e-06,7.175654108507652e-06,6.960850402025686e-06,7.175654108507652e-06,0.002638342358759698,0.0026787411424972836,-0.015312184032316933,-2.148037064819657e-07,0.039999999999999994,0.32673267326732675,0.20297029702970298,1.0
2025-08-18,2024-07-15,5.881405949442466e-06,8.624855244149559e-06,0.004404335247635907,6.953029163255355e-06,7.1839569095406285e-06,0.011139692900658952,2025-08-14,250,49059,206,100.0,6.375601120861032e-06,7.96036329372311e-06,6.375601120861032e-06,7.96036329372311e-06,0.0025249952714532027,0.002821411578221637,-0.11739281658053913,-1.5847621728620772e-06,0.039999999999999994,0.2961165048543689,0.23300970873786409,1.0
2025-08-19,2024-07-17,6.522547823233497e-06,7.7231964745872e-06,0.004417688076573259,1.1300461081235365e-05,8.639332237506327e-06,0.011142117208145497,2025-08-15,250,49057,247,100.0,8.824457449558284e-06,8.164573623523945e-06,8.824457449558284e-06,8.164573623523945e-06,0.0029705988368607236,0.002857371803515242,0.0381158949975009,6.598838260343385e-07,0.039999999999999994,0.25101214574898784,0.17408906882591094,1.0
2025-08-20,2024-07-19,7.5821169213115816e-06,9.094131260609732e-06,0.004424011103400416,1.1578014202419858e-05,7.705322984740791e-06,0.011202894609337153,2025-08-18,250,49020,249,100.0,9.443659429779691e-06,8.447136240526211e-06,9.443659429779691e-06,8.447136240526211e-06,0.003073053762917221,0.0029063957474036828,0.054232053316024986,9.965231892534804e-07,0.04,0.24096385542168675,0.1566265060240964,1.0
2025-08-21,2024-07-22,9.42210475508011e-06,5.271610881668331e-06,0.004513074642714925,1.3811091777634997e-05,5.082827429541738e-06,0.011232740436601843,2025-08-19,250,49023,258,100.0,1.1565563533537146e-05,5.179414312025111e-06,1.1565563533537146e-05,5.179414312025111e-06,0.003400818068279623,0.002275832663449822,0.33079846738137897,6.386149221512035e-06,0.04,0.26356589147286824,0.15891472868217055,1.0
2025-08-22,2024-07-24,8.020551279832959e-06,5.153459231748813e-06,0.004535349044019564,8.083403761993929e-06,9.693171791427812e-06,0.01127798599638109,2025-08-20,250,49049,250,100.0,8.050971881198869e-06,7.350680110633448e-06,8.050971881198869e-06,7.350680110633448e-06,0.002837423458209731,0.002711213770736909,0.04448038487440076,7.002917705654202e-07,0.04,0.32,0.192,1.0
2025-08-25,2024-07-26,9.037322068894896e-06,6.276850144071634e-06,0.004478398314014752,7.91288996232797e-06,8.130170833439065e-06,0.011107411941547473,2025-08-21,250,49093,245,100.0,8.481990293814901e-06,7.1921636273918745e-06,8.481990293814901e-06,7.1921636273918745e-06,0.0029123856705139347,0.002681820953641737,0.0791669589664995,1.2898266664230268e-06,0.04,0.3183673469387755,0.17551020408163265,1.0
2025-08-27,2024-07-29,8.603581787093492e-06,8.14836004043594e-06,0.004448126989664647,7.255486248574257e-06,9.559986402232824e-06,0.011109994419988837,2025-08-22,250,49105,236,100.0,7.975232171681983e-06,8.806321480256522e-06,7.975232171681983e-06,8.806321480256522e-06,0.0028240453558117623,0.002967544688838994,-0.050813395306104514,-8.310893085745392e-07,0.04,0.3305084745762712,0.2033898305084746,1.0
2025-08-28,2024-08-12,6.78247899869644e-06,4.858980946790339e-06,0.004425354679161789,5.867462020158207e-06,9.85398176995534e-06,0.01108473779441102,2025-08-25,250,49119,244,100.0,6.336220718179843e-06,7.295067413825729e-06,6.336220718179843e-06,7.295067413825729e-06,0.002517185078253056,0.0027009382469478506,-0.07299946685776515,-9.58846695645886e-07,0.04,0.38524590163934425,0.29508196721311475,1.0
2025-08-29,2024-08-14,8.443094774024664e-06,6.457186547715763e-06,0.0043859649122807015,1.1580469723798519e-05,8.383792094454119e-06,0.011045620415459537,2025-08-27,250,49148,229,100.0,1.0032332739848974e-05,7.43310900807231e-06,1.0032332739848974e-05,7.43310900807231e-06,0.0031673857895508995,0.002726372866662282,0.13923561958997988,2.5992237317766642e-06,0.04,0.2925764192139738,0.27074235807860264,1.0
2025-09-02,2024-08-16,1.0607299201063812e-05,9.717533453149123e-06,0.004393900232618247,1.8100263154833227e-05,6.833910747972767e-06,0.011111889000852642,2025-08-28,250,49178,244,100.0,1.4261654571959548e-05,8.311176478083604e-06,1.4261654571959548e-05,8.311176478083604e-06,0.0037764605878996735,0.0028829111117208597,0.2366103009367755,5.950478093875945e-06,0.04,0.3073770491803279,0.21311475409836064,1.0
2025-09-03,2024-08-19,5.729727832785978e-06,9.084485574969212e-06,0.004440188055023506,1.2898350219044682e-05,7.445879322472585e-06,0.01119484592437565,2025-08-29,250,49171,223,100.0,9.233673304096284e-06,8.283552473973103e-06,9.233673304096284e-06,8.283552473973103e-06,0.0030386959874420284,0.002878116132815544,0.052844988537882776,9.501208301231806e-07,0.039999999999999994,0.2914798206278027,0.21524663677130046,1.0
2025-09-04,2024-08-21,5.387359012958158e-06,8.163143029640874e-06,0.004277267580827777,1.0447265821993803e-05,7.976962617189515e-06,0.011134501506819529,2025-09-02,250,49194,222,100.0,8.076859028571699e-06,8.06418226986943e-06,8.076859028571699e-06,8.06418226986943e-06,0.0028419815320602803,0.0028397503886555646,0.0007850661165620387,1.2676758702267893e-08,0.039999999999999994,0.34684684684684686,0.26126126126126126,1.0
2025-09-05,2024-08-23,4.958114990168837e-06,9.793617123212672e-06,0.004253899407790474,1.1352540275712087e-05,9.66036935821914e-06,0.011042217155533642,2025-09-03,250,49187,215,100.0,8.170198389418469e-06,9.726683362192665e-06,8.170198389418469e-06,9.726683362192665e-06,0.0028583558892164686,0.0031187631141516127,-0.09110384956525719,-1.5564849727741961e-06,0.03999999999999999,0.2651162790697674,0.2372093023255814,1.0
2025-09-08,2024-08-26,4.61863377642865e-06,1.0128897284469951e-05,0.004255496683215821,8.887435495287604e-06,7.839209766268902e-06,0.01107429083492986,2025-09-04,250,49173,227,100.0,6.781242576731645e-06,8.96892343163682e-06,6.781242576731645e-06,8.96892343163682e-06,0.0026040819066864324,0.0029948160931243875,-0.15004681129064235,-2.1876808549051754e-06,0.039999999999999994,0.3436123348017621,0.22026431718061673,1.0
2025-09-09,2024-08-28,6.89715772084052e-06,1.1839203653749144e-05,0.00428787624012107,9.001808603130787e-06,8.566126955374804e-06,0.011047152566928163,2025-09-05,250,49171,218,100.0,7.978446247521756e-06,1.015762296467609e-05,7.978446247521756e-06,1.015762296467609e-05,0.0028246143537696885,0.003187102597136793,-0.1283319412730921,-2.179176717154335e-06,0.039999999999999994,0.3486238532110092,0.2981651376146789,1.0
2025-09-10,2024-08-30,5.7532426082851255e-06,9.66203902240751e-06,0.004352464262854705,,,,2025-09-08,250,49190,126,100.0,5.7532426082851255e-06,9.66203902240751e-06,5.7532426082851255e-06,9.66203902240751e-06,0.002398591796926923,0.0031083820586291365,-0.2959195735646212,-3.908796414122384e-06,0.04,0.373015873015873,0.2857142857142857,1.0
2025-09-11,2024-09-04,6.68993393296271e-06,1.096512853754453e-05,0.00449755280215177,1.0137831058316385e-05,1.0595579582172389e-05,0.010989902025421256,2025-09-09,250,49190,217,100.0,8.43771588590697e-06,1.0777799573991829e-05,8.43771588590697e-06,1.0777799573991829e-05,0.0029047746704188556,0.003282955920202376,-0.13019297284391018,-2.3400836880848583e-06,0.04,0.3087557603686636,0.29493087557603687,1.0
2025-09-12,2024-09-06,5.268315119564913e-06,1.3905845572778536e-05,0.004434204234230318,1.0882219972622217e-05,1.1078734893168873e-05,0.010899326368930854,2025-09-10,250,49092,209,100.0,8.11555872924948e-06,1.2471999964938228e-05,8.11555872924948e-06,1.2471999964938228e-05,0.0028487819729227227,0.003531571883020113,-0.23967784006891835,-4.356441235688749e-06,0.039999999999999994,0.2535885167464115,0.23923444976076555,1.0
2025-09-15,2024-09-09,5.7597024621434865e-06,1.2451493326577036e-05,0.004357670782244627,1.3179654067483057e-05,9.624500920119985e-06,0.010902973791089277,2025-09-11,250,49087,218,100.0,9.299495888544015e-06,1.1102836398725966e-05,9.299495888544015e-06,1.1102836398725966e-05,0.0030495074829460602,0.003332091895300303,-0.09266559073376812,-1.8033405101819502e-06,0.039999999999999994,0.25688073394495414,0.1834862385321101,1.0
2025-09-16,2024-09-11,6.737708747767554e-06,1.0993127494888388e-05,0.004309252217997467,2.267483561805964e-05,8.806698427856609e-06,0.010845234600777715,2025-09-12,250,49111,242,100.0,1.4508704494438898e-05,9.927017453939005e-06,1.4508704494438898e-05,9.927017453939005e-06,0.0038090293375660548,0.003150716974585151,0.17282942835025816,4.581687040499893e-06,0.04,0.19421487603305784,0.09090909090909091,1.0
2025-09-17,2024-09-12,6.60728343966267e-06,9.343362285395573e-06,0.004283014906571488,1.9171840483645487e-05,8.837794763001787e-06,0.010860187878787878,2025-09-15,250,49119,241,100.0,1.2863494415919676e-05,9.091627419473357e-06,1.2863494415919676e-05,9.091627419473357e-06,0.003586571401201944,0.003015232564740796,0.15929944577979938,3.771866996446319e-06,0.04,0.2033195020746888,0.12863070539419086,1.0
2025-09-18,2024-09-13,6.451434108244774e-06,1.0268615040892368e-05,0.0042679610025524095,2.0567328200639142e-05,9.206673996642133e-06,0.010873697624321128,2025-09-16,250,49222,236,100.0,1.3329941822758982e-05,9.751143769329756e-06,1.3329941822758982e-05,9.751143769329756e-06,0.0036510192854542663,0.00312268214349936,0.14470949087007345,3.5787980534292254e-06,0.04,0.2330508474576271,0.1483050847457627,1.0
2025-09-19,2024-09-16,5.4454924197752735e-06,1.1214882541432417e-05,0.00428787624012107,1.889616107495357e-05,7.312924633090295e-06,0.010823126868601455,2025-09-17,250,49279,250,100.0,1.2332234771226563e-05,9.21708009236125e-06,1.2332234771226563e-05,9.21708009236125e-06,0.00351172817445009,0.003035964441880249,0.13547851910387176,3.1151546788653123e-06,0.04,0.208,0.172,1.0
2025-09-22,2024-09-17,5.375893962539197e-06,1.0085732027560778e-05,0.004154786150712832,1.9617872014871958e-05,5.709528124320565e-06,0.010928592737682687,2025-09-18,250,49341,255,100.0,1.2301404858575521e-05,7.957695619710634e-06,1.2301404858575521e-05,7.957695619710634e-06,0.00350733586338342,0.002820938783403609,0.19570326501827073,4.343709238864887e-06,0.039999999999999994,0.22745098039215686,0.1843137254901961,1.0
2025-09-23,2024-09-18,4.863524175909604e-06,1.0830573355834601e-05,0.003983130271790065,2.438551306054416e-05,6.38272782702199e-06,0.010877132445564151,2025-09-19,250,49401,252,100.0,1.4469582198507562e-05,8.641950952768078e-06,1.4469582198507562e-05,8.641950952768078e-06,0.0038038904030620498,0.0029397195364129682,0.2271808004650825,5.827631245739484e-06,0.04,0.27380952380952384,0.2261904761904762,1.0
2025-09-24,2024-09-19,5.123671208738941e-06,9.442321182196706e-06,0.004008961207404787,2.2731330402241824e-05,6.956584318625139e-06,0.01093666711901208,2025-09-22,250,49473,252,0.01,1.3787757478557823e-05,8.21918082075673e-06,1.3787757478557823e-05,8.21918082075673e-06,0.0037131869705897954,0.0028669113730209255,0.22791084970182607,5.568576657801093e-06,0.04,0.23809523809523808,0.18253968253968253,1.0
2025-09-25,2024-09-20,4.681091864650823e-06,6.86386414208517e-06,0.004042645951408982,2.239915819634885e-05,5.792725810315126e-06,0.010971573135682951,2025-09-23,250,49552,254,0.01,1.3609881197160064e-05,6.32407789615381e-06,1.3609881197160064e-05,6.32407789615381e-06,0.00368915724755127,0.0025147719372050044,0.31833430551809094,7.285803301006254e-06,0.04,0.2637795275590551,0.20078740157480315,1.0
2025-09-26,2024-09-23,5.020309890710799e-06,8.318539740675487e-06,0.003970880211780277,1.6648985666110266e-05,7.5807325893830805e-06,0.011022425347617961,2025-09-24,250,49621,243,0.01,1.085857509482082e-05,7.948118043318807e-06,1.085857509482082e-05,7.948118043318807e-06,0.003295235210849268,0.002819240685595823,0.14444933207993027,2.9104570515020132e-06,0.039999999999999994,0.21810699588477367,0.24691358024691357,1.0
2025-09-29,2024-09-24,4.180658822076613e-06,8.497268976876894e-06,0.0039927973068190695,1.5857874129708966e-05,6.384160625336341e-06,0.010959637061436647,2025-09-25,250,49695,247,0.01,9.948352212890972e-06,7.453547442917592e-06,9.948352212890972e-06,7.453547442917592e-06,0.003154100856486833,0.0027301185767137645,0.1344225499007401,2.49480476997338e-06,0.039999999999999994,0.21862348178137653,0.19838056680161945,1.0
2025-09-30,2024-09-25,4.379867640471523e-06,9.067675264288333e-06,0.004008961207404787,1.9850261377698678e-05,7.138856892394293e-06,0.01092892207087753,2025-09-26,250,49757,248,0.01,1.149125831000336e-05,8.18104101269188e-06,1.149125831000336e-05,8.18104101269188e-06,0.003389875854659483,0.0028602519142012436,0.15623697243374146,3.3102172973114807e-06,0.04,0.2056451612903226,0.1774193548387097,1.0
2025-10-01,2024-09-26,5.276769374754103e-06,8.797704499526245e-06,0.004005812355182028,1.8632427420468024e-05,6.271547607273557e-06,0.010887908673331533,2025-09-29,250,49823,249,100.0,1.1766868264438377e-05,7.570134282809076e-06,1.1766868264438377e-05,7.570134282809076e-06,0.003430286907014977,0.0027513877012898557,0.19791324286512724,4.196733981629301e-06,0.04,0.21285140562248997,0.1566265060240964,1.0
2025-10-02,2024-09-27,4.815093994891688e-06,8.40718387335576e-06,0.003992953611274222,2.0233993513065695e-05,6.369860476999483e-06,0.010850934250878899,2025-09-30,250,49895,247,100.0,1.2306057323559223e-05,7.417391130186719e-06,1.2306057323559223e-05,7.417391130186719e-06,0.0035079990483977076,0.0027234887791556476,0.2236346870163457,4.888666193372504e-06,0.039999999999999994,0.23481781376518218,0.21052631578947367,1.0
2025-10-03,2024-09-30,4.4342169363150135e-06,7.466148158913883e-06,0.003966865009917163,1.8065511499875266e-05,5.616526896398123e-06,0.01083844923941305,2025-10-01,250,49949,248,0.01,1.1304829115528848e-05,6.533879377403923e-06,1.1304829115528848e-05,6.533879377403923e-06,0.0033622654736842014,0.0025561454139786184,0.23975503005783694,4.770949738124925e-06,0.04,0.2217741935483871,0.1935483870967742,1.0
2025-10-06,2024-10-01,5.762103648162901e-06,9.323923009993852e-06,0.003953181923881873,1.662190202770747e-05,5.60015824438476e-06,0.010838611198278562,2025-10-02,250,50008,248,0.01,1.1148213328340248e-05,7.477055807695795e-06,1.1148213328340248e-05,7.477055807695795e-06,0.0033388940277193956,0.002734420561599074,0.18104002735696356,3.6711575206444538e-06,0.04,0.2056451612903226,0.12903225806451613,1.0
2025-10-07,2024-10-02,5.1102151065308205e-06,8.683107602281977e-06,0.0039736647317776316,2.2395723359621342e-05,6.140057970911408e-06,0.010799879394291332,2025-10-03,250,50064,247,0.01,1.357801469610148e-05,7.43732215533526e-06,1.357801469610148e-05,7.43732215533526e-06,0.003684835776001623,0.0027271454224766342,0.2599004166650185,6.140692540766221e-06,0.039999999999999994,0.21052631578947367,0.13360323886639677,1.0
2025-10-08,2024-10-03,5.247484090174683e-06,7.054177883350246e-06,0.0039769182782283235,1.7653127961773693e-05,6.328598136482998e-06,0.010840069045911048,2025-10-06,250,50117,249,100.0,1.1325751368628815e-05,6.698672947134165e-06,1.1325751368628815e-05,6.698672947134165e-06,0.0033653753681615987,0.0025881794657894503,0.23093884555193223,4.62707842149465e-06,0.04,0.21285140562248997,0.14457831325301204,1.0
2025-10-09,2024-10-04,5.775991085685688e-06,1.6986152866670592e-05,0.003952569169960472,1.7241825610402608e-05,5.567997412239241e-06,0.010775812274368227,2025-10-07,250,50168,255,100.0,1.1261606034765938e-05,1.1523349080628925e-05,1.1261606034765938e-05,1.1523349080628925e-05,0.003355831645772168,0.0033946058800144864,-0.011554284700535433,-2.617430458629874e-07,0.039999999999999994,0.21568627450980393,0.1568627450980392,1.0
2025-10-10,2024-10-07,1.9387436328294204e-05,5.2731934506234766e-05,0.004015115729806329,4.130221693381497e-05,8.493072785765885e-06,0.010807120507777575,2025-10-08,250,50231,236,100.0,3.053054511076239e-05,3.023759803819974e-05,3.053054511076239e-05,3.023759803819974e-05,0.0055254452409522975,0.005498872433344834,0.004809170383323513,2.9294707256264995e-07,0.04,0.23728813559322035,0.23728813559322035,1.0
2025-10-13,2024-10-08,9.312154609313713e-06,1.5366636829059594e-05,0.004158682268520404,1.9866594237458562e-05,3.446724946623593e-06,0.01110732749379805,2025-10-09,250,50295,221,100.0,1.5138587345212681e-05,8.786413979932029e-06,1.5138587345212681e-05,8.786413979932029e-06,0.0038908337596474975,0.0029641885871064325,0.238161080576472,6.352173365280652e-06,0.04,0.26244343891402716,0.24434389140271492,1.0
2025-10-14,2024-10-09,1.2921374248424169e-05,2.1761845846683033e-05,0.0041185496244851814,3.3412072548537644e-05,6.355034950323147e-06,0.010939471223455597,2025-10-10,250,50350,263,1.0,2.258238789562596e-05,1.4497798123684456e-05,2.258238789562596e-05,1.4497798123684456e-05,0.004752093001575828,0.0038075974214305344,0.19875359758996547,8.084589771941505e-06,0.04,0.1482889733840304,0.11406844106463879,1.0
2025-10-15,2024-10-10,1.3176479754507514e-05,2.2790059238220795e-05,0.004116721152681923,3.252130534897984e-05,6.699786733138077e-06,0.010952851728251512,2025-10-13,250,50385,262,100.0,2.2701222127358396e-05,1.4867749493351823e-05,2.2701222127358396e-05,1.4867749493351823e-05,0.004764579952877105,0.00385587207948498,0.19072150795651965,7.833472634006572e-06,0.04,0.1450381679389313,0.13358778625954199,1.0
2025-10-16,2024-10-11,1.9922897718699284e-05,2.759999820659512e-05,0.004090799711237668,5.82679038048098e-05,1.396043538470741e-05,0.010904440969977598,2025-10-14,250,50475,266,100.0,3.895124660353608e-05,2.0831493347613248e-05,3.895124660353608e-05,2.0831493347613248e-05,0.0062410933820554295,0.004564153081088895,0.2686933519995265,1.8119753255922833e-05,0.04,0.14661654135338345,0.10526315789473684,1.0
2025-10-17,2024-10-14,6.040901641628608e-05,5.616333227429809e-05,0.004122044857546981,4.482507562457955e-05,8.96843157188033e-06,0.010979212581738923,2025-10-15,250,50555,240,100.0,5.216251441400804e-05,3.1189363985935355e-05,5.216251441400804e-05,3.1189363985935355e-05,0.007222362107649273,0.005584743860369548,0.2267427502070698,2.0973150428072685e-05,0.04,0.09166666666666666,0.03333333333333333,1.0
2025-10-20,2024-10-15,1.1470415524478748e-05,1.463896179232293e-05,0.00404296642752388,1.7974715790784363e-05,5.556714865251871e-06,0.010917242884450397,2025-10-16,250,50647,263,100.0,1.4586544169172694e-05,1.0287771249315502e-05,1.4586544169172694e-05,1.0287771249315502e-05,0.003819233453086194,0.0032074555724616828,0.16018342113393302,4.298772919857191e-06,0.04,0.1596958174904943,0.1482889733840304,1.0
2025-10-21,2024-10-16,5.352069365332392e-06,1.2730240578347227e-05,0.003889566809029897,1.7097064301973925e-05,6.111875493941787e-06,0.010804866676597644,2025-10-17,250,50700,265,1.0,1.080351984535846e-05,9.658320180679797e-06,1.080351984535846e-05,9.658320180679797e-06,0.0032868708288216106,0.0031077838053313483,0.054485567829407944,1.145199664678664e-06,0.04000000000000001,0.13962264150943396,0.13962264150943396,1.0
2025-10-22,2024-10-17,6.537677098888391e-06,1.7108802969592076e-05,0.003881721657723485,2.032590867072276e-05,6.354555616400565e-06,0.010805027633362633,2025-10-20,250,50767,263,1.0,1.298616562868165e-05,1.2079250024943575e-05,1.298616562868165e-05,1.2079250024943575e-05,0.0036036322826672605,0.003475521547184476,0.03555044617037395,9.069156037380754e-07,0.04,0.18250950570342206,0.20532319391634982,1.0
2025-10-23,2024-10-18,4.129894627132728e-06,1.0090764369149698e-05,0.003946604759141034,1.4337645163764753e-05,6.429610604818359e-06,0.010861495956873312,2025-10-21,250,50839,267,1.0,9.023497880649204e-06,8.335604512091977e-06,9.023497880649204e-06,8.335604512091977e-06,0.003003913760521298,0.0028871446988490163,0.0388723082556196,6.878933685572269e-07,0.04,0.14232209737827714,0.16853932584269662,1.0
2025-10-24,2024-10-21,4.629891784542364e-06,8.392078263877662e-06,0.003929424454888667,1.0725715585560262e-05,7.0126368791864794e-06,0.010797467845659166,2025-10-22,250,50899,264,100.0,7.539262235028178e-06,7.733708512093235e-06,7.539262235028178e-06,7.733708512093235e-06,0.0027457717011849653,0.0027809546044646675,-0.01281348455318354,-1.9444627706505747e-07,0.039999999999999994,0.20454545454545456,0.20833333333333334,1.0
2025-10-27,2024-10-22,5.298363455316214e-06,1.2908033516727665e-05,0.0038809831824062097,9.219104438501381e-06,6.278663558376304e-06,0.010709940199335547,2025-10-23,250,50972,259,100.0,7.160336972427317e-06,9.759722687085897e-06,7.160336972427317e-06,9.759722687085897e-06,0.002675880597565466,0.003124055487197034,-0.16748687891355107,-2.5993857146585805e-06,0.04,0.17374517374517376,0.19305019305019305,1.0
2025-10-28,2024-10-23,3.0064828819818145e-06,1.3870131141774287e-05,0.003794501692645362,1.2459914184714878e-05,5.0499066704932785e-06,0.010585060708656818,2025-10-24,250,51050,259,100.0,7.605449461689792e-06,9.57921112871866e-06,7.605449461689792e-06,9.57921112871866e-06,0.0027577979370667807,0.003095030069113814,-0.1222831185397566,-1.973761667028868e-06,0.04,0.21621621621621623,0.22007722007722008,1.0
2025-10-29,2024-10-24,5.638452257693618e-06,1.4165646781781586e-05,0.003791821561338289,1.6796534631068044e-05,4.835075819731948e-06,0.010557021220854076,2025-10-27,250,51115,242,100.0,1.1033062330771335e-05,9.654585614179073e-06,1.1033062330771335e-05,9.654585614179073e-06,0.00332160538456502,0.003107182906457081,0.06455386877210845,1.3784767165922618e-06,0.04,0.23140495867768596,0.256198347107438,1.0
2025-10-30,2024-10-25,4.3378994541359805e-06,1.4193401079648022e-05,0.0037819799777530573,2.789390764522197e-05,9.22876910137332e-06,0.010551953039759088,2025-10-28,250,51182,219,100.0,1.6062122709060056e-05,1.1722419866716778e-05,1.6062122709060056e-05,1.1722419866716778e-05,0.004007757815669512,0.0034238019607910706,0.14570637292385624,4.339702842343277e-06,0.039999999999999994,0.2511415525114155,0.273972602739726,1.0
2025-10-31,2024-10-28,2.357262442639892e-06,8.550171912648203e-06,0.003758290346352248,2.116783291046371e-05,4.7568669957239954e-06,0.010669295264992718,2025-10-29,250,51225,244,100.0,1.153127017079987e-05,6.700158449066316e-06,1.153127017079987e-05,6.700158449066316e-06,0.003395772396789848,0.002588466428035395,0.23773853910751785,4.831111721733553e-06,0.04,0.10655737704918032,0.14754098360655737,1.0
2025-11-03,2024-10-29,3.371998911752593e-06,9.357418775314602e-06,0.0037726079076820657,1.5782747476091794e-05,4.249170922513163e-06,0.010634411928569332,2025-10-30,250,51350,229,100.0,9.929643349678545e-06,6.658300914227379e-06,9.929643349678545e-06,6.658300914227379e-06,0.003151133661030351,0.0025803683679326444,0.18113014378167602,3.2713424354511655e-06,0.04,0.28820960698689957,0.29694323144104806,1.0
2025-11-04,2024-10-30,3.23096548052874e-06,7.486550843681717e-06,0.00379111689277086,2.233875361819691e-05,3.6783183267093755e-06,0.010614492053736057,2025-10-31,250,51410,244,100.0,1.3254723192092371e-05,5.488789523302783e-06,1.3254723192092371e-05,5.488789523302783e-06,0.0036407036671627603,0.0023428165790993502,0.3564934712400989,7.765933668789588e-06,0.04,0.3401639344262295,0.26639344262295084,1.0
2025-11-05,2024-10-31,2.5438953120064157e-06,7.548163164498298e-06,0.0037772181898977912,1.6809621842114772e-05,4.394794278550075e-06,0.01074182068597832,2025-11-03,250,51438,239,100.0,9.46784626385817e-06,6.017657763787026e-06,9.46784626385817e-06,6.017657763787026e-06,0.0030769865556836886,0.002453091470733822,0.2027617195133441,3.450188500071144e-06,0.039999999999999994,0.26778242677824265,0.2217573221757322,1.0
2025-11-06,2024-11-01,4.598077753817122e-06,5.276121080774004e-06,0.0037758199452135937,2.4238292377233204e-05,4.09439477480308e-06,0.010704724165412198,2025-11-04,250,51491,236,100.0,1.541684004637683e-05,4.625170149518833e-06,1.541684004637683e-05,4.625170149518833e-06,0.0039264284084109865,0.0021506208753564243,0.45227044742507505,1.0791669896857996e-05,0.04,0.3474576271186441,0.2542372881355932,1.0
2025-11-07,2024-11-04,5.443746639356119e-06,8.035715691934016e-06,0.0037809986284612833,1.933779411752441e-05,3.3762781983974923e-06,0.010820824693052464,2025-11-05,250,51529,240,100.0,1.2853905294379207e-05,5.5506823620478695e-06,1.2853905294379207e-05,5.5506823620478695e-06,0.003585234343021277,0.002355988616705919,0.34286342501100575,7.303222932331338e-06,0.04,0.31666666666666665,0.26666666666666666,1.0
2025-11-10,2024-11-05,3.7151164904083217e-06,6.696523563528749e-06,0.0028681044436994836,1.0882013960934038e-05,3.967741661055326e-06,0.010810180783045437,2025-11-06,250,51565,241,100.0,7.4323869626726984e-06,5.281180253117222e-06,7.4323869626726984e-06,5.281180253117222e-06,0.002726240444765043,0.0022980818638850143,0.1570509239939505,2.151206709555476e-06,0.04,0.33195020746887965,0.3278008298755187,1.0
2025-11-11,2024-11-06,6.27098004776987e-06,9.788392974357728e-06,0.0038228853505548744,1.0369421746839322e-05,4.871549047122482e-06,0.010644087520544724,2025-11-07,250,51612,246,100.0,8.270219900974482e-06,7.389932522047851e-06,8.270219900974482e-06,7.389932522047851e-06,0.0028757990021860847,0.002718443032702332,0.054717304430572544,8.802873789266308e-07,0.04,0.3048780487804878,0.23577235772357724,1.0
2025-11-12,2024-11-07,5.789744044406033e-06,8.251825401767777e-06,0.0037420526793823803,1.2256672402389479e-05,4.574231583961459e-06,0.010619775988286968,2025-11-10,250,51669,318,100.0,9.002871970699695e-06,6.424593253297972e-06,9.002871970699695e-06,6.424593253297972e-06,0.0030004786236031904,0.002534678136035811,0.15524206168414978,2.5782787174017233e-06,0.039999999999999994,0.3270440251572327,0.24842767295597484,1.0
2025-11-13,2024-11-08,7.382300492331925e-06,7.358636753236844e-06,0.003766409478187735,2.4570810019332158e-05,6.051400495424663e-06,0.01061387076004565,2025-11-11,250,51738,332,100.0,1.587301001771758e-05,6.7128935415464895e-06,1.587301001771758e-05,6.7128935415464895e-06,0.003984094629613807,0.0025909252288606266,0.3496828088363517,9.160116476171092e-06,0.039999999999999994,0.25301204819277107,0.21385542168674698,1.0
2025-11-14,2024-11-11,5.951261574711051e-06,8.054974649936799e-06,0.0037735849056603774,2.209888182511074e-05,3.888778219020334e-06,0.010792969168501879,2025-11-12,250,51890,321,100.0,1.455326488567163e-05,5.835598981130832e-06,1.455326488567163e-05,5.835598981130832e-06,0.0038148741638056203,0.0024156984458186897,0.3667685113343684,8.7176659045408e-06,0.04,0.3052959501557632,0.26479750778816197,1.0
2025-11-17,2024-11-13,9.136412257463917e-06,8.80680688958938e-06,0.0037810653059726146,3.237435801517311e-05,5.619889172609412e-06,0.010794736058815648,2025-11-13,250,52046,337,1.0,2.1272550101252692e-05,7.142422562620613e-06,2.1272550101252692e-05,7.142422562620613e-06,0.0046122174819985115,0.002672531115369962,0.42055396871443007,1.4130127538632079e-05,0.039999999999999994,0.27299703264094954,0.19287833827893175,1.0
2025-11-18,2024-11-14,1.0814306580905206e-05,1.033398825200231e-05,0.003851043146638749,4.6350939395097126e-05,9.648688837915463e-06,0.010896250394339542,2025-11-14,250,52197,348,100.0,2.939955707568373e-05,9.97558453543965e-06,2.939955707568373e-05,9.97558453543965e-06,0.0054221358407627275,0.003158414877029243,0.417496173134432,1.942397254024408e-05,0.039999999999999994,0.27873563218390807,0.1839080459770115,1.0
2025-11-19,2024-11-15,2.8871402042249897e-05,1.9336570013921344e-05,0.003851331139694885,4.026249643227444e-05,7.775578766305944e-06,0.010988527148224457,2025-11-17,250,52348,325,1.0,3.5145266337063416e-05,1.2969131757542403e-05,3.5145266337063416e-05,1.2969131757542403e-05,0.005928344316675898,0.0036012680763228945,0.39253392111641483,2.2176134579521015e-05,0.04,0.08923076923076922,0.055384615384615386,1.0
2025-11-20,2024-11-18,1.779467189850256e-05,1.0707449598390682e-05,0.0038352695859398276,5.778368918572792e-05,1.4985776684903066e-05,0.010946239983097657,2025-11-18,250,52520,340,0.01,3.9435787136295106e-05,1.30227795510915e-05,3.9435787136295106e-05,1.30227795510915e-05,0.006279791966004535,0.003608708848202013,0.4253457968452379,2.6413007585203606e-05,0.039999999999999994,0.24705882352941178,0.15,1.0
2025-11-21,2024-11-19,4.629501194855325e-05,2.6311369883428417e-05,0.003868544600938968,9.084693798616952e-05,4.292982055501454e-05,0.011115668245138153,2025-11-19,250,52677,293,0.01,6.986343698551749e-05,3.510270044348251e-05,6.986343698551749e-05,3.510270044348251e-05,0.008358435079936763,0.00592475319684141,0.2911647766382801,3.476073654203498e-05,0.039999999999999994,0.06484641638225255,0.030716723549488054,1.0
2025-11-24,2024-11-20,4.5629915718400375e-06,8.453326532876037e-06,0.003793878227559027,1.7837698880166997e-05,3.882730808335197e-06,0.011006034626648259,2025-11-20,250,52834,332,0.01,1.1440249574949187e-05,6.085427543053674e-06,1.1440249574949187e-05,6.085427543053674e-06,0.0033823437990466295,0.002466865935362859,0.27066375214187666,5.354822031895513e-06,0.039999999999999994,0.24096385542168675,0.21084337349397592,1.0
2025-11-25,2024-11-21,5.3988139023180335e-06,1.0164051891737145e-05,0.003732966077123804,9.170495374864423e-06,4.769651472300755e-06,0.010846390920102283,2025-11-21,250,52933,338,0.01,7.3181311013653096e-06,7.418972388355313e-06,7.3181311013653096e-06,7.418972388355313e-06,0.002705204447239674,0.0027237790637926773,-0.006866252409113205,-1.0084128699000364e-07,0.039999999999999994,0.31952662721893493,0.2455621301775148,1.0
2025-11-26,2024-11-22,6.865207556903884e-06,1.0183017797404227e-05,0.0037188143120193526,6.756185507028534e-06,6.387710594456014e-06,0.010745321620100143,2025-11-24,250,53071,312,100.0,6.806503376201773e-06,8.139390841970573e-06,6.806503376201773e-06,8.139390841970573e-06,0.002608927629544709,0.0028529617666506807,-0.09353810138020524,-1.3328874657688003e-06,0.04,0.3814102564102564,0.2980769230769231,1.0
2025-11-28,2024-11-25,5.812267339528865e-06,1.3303362404864593e-05,0.003711043055305351,6.024894676323083e-06,7.087926929238816e-06,0.010671649894067797,2025-11-25,250,53230,295,100.0,5.929032182107385e-06,9.890140211470098e-06,5.929032182107385e-06,9.890140211470098e-06,0.0024349604066816743,0.0031448593309510837,-0.29154433982639105,-3.961108029362713e-06,0.04,0.33559322033898303,0.31864406779661014,1.0
2025-12-01,2024-11-26,4.999440109055299e-06,1.1321591430272677e-05,0.0036937421552806168,8.755693622606227e-06,4.838286577677607e-06,0.010613715447987242,2025-11-26,250,53354,313,100.0,7.003575370278958e-06,7.862447946619717e-06,7.003575370278958e-06,7.862447946619717e-06,0.002646426906279287,0.0028040056966097122,-0.059543979830514626,-8.588725763407588e-07,0.04,0.34185303514376997,0.26198083067092653,1.0
2025-12-02,2024-11-27,4.655678123865556e-06,9.107161327838473e-06,0.003638290356764393,8.101147467696717e-06,6.3786183802251096e-06,0.010662394343422461,2025-11-28,250,53475,282,100.0,6.696080182091811e-06,7.491322064535522e-06,6.696080182091811e-06,7.491322064535522e-06,0.0025876785314431563,0.0027370279619571888,-0.0577156044304854,-7.952418824437111e-07,0.04,0.3617021276595745,0.3120567375886525,1.0
2025-12-03,2024-11-29,4.0587994946207355e-06,1.1139051866265095e-05,0.003599007652258991,7.296313940163097e-06,7.185078013759024e-06,0.010642681906885975,2025-12-01,250,53609,287,100.0,5.953929901767484e-06,8.824530586749344e-06,5.953929901767484e-06,8.824530586749344e-06,0.002440067601884727,0.002970611147011561,-0.21742985510607893,-2.87060068498186e-06,0.04,0.30313588850174217,0.27177700348432055,1.0
2025-12-04,2024-12-02,1.1217295897411507e-05,1.2281621387604937e-05,0.0036248460320253396,1.2583693506972589e-05,1.011055879625469e-05,0.010605955636140313,2025-12-02,250,53713,249,100.0,1.2023964365706604e-05,1.099990973728973e-05,1.2023964365706604e-05,1.099990973728973e-05,0.0034675588481966105,0.003316611182711915,0.04353139257123184,1.0240546284168743e-06,0.04,0.0963855421686747,0.08835341365461848,1.0
2025-12-05,2024-12-03,5.412276876083495e-06,1.0064747769667764e-05,0.0036693979337370864,5.645927599738931e-06,8.64534971497162e-06,0.010598207162582737,2025-12-03,250,53815,309,100.0,5.5408225816544465e-06,9.283849163524254e-06,5.5408225816544465e-06,9.283849163524254e-06,0.0023538951934303377,0.003046940951761989,-0.2944250705239233,-3.7430265818698073e-06,0.04,0.3268608414239482,0.3268608414239482,1.0
2025-12-08,2024-12-04,5.911992733665731e-06,8.785174362894904e-06,0.0036946696319678602,7.966235102393326e-06,6.70784550804139e-06,0.010578114016538086,2025-12-04,250,53876,306,100.0,7.012959231938036e-06,7.671834715195635e-06,7.012959231938036e-06,7.671834715195635e-06,0.002648199243247765,0.002769807703649413,-0.045921189922442096,-6.588754832575987e-07,0.04,0.2908496732026144,0.24183006535947713,1.0
2025-12-09,2024-12-05,4.660147413965908e-06,9.368868743438277e-06,0.0037065025729605245,8.985788837837373e-06,7.314705543015839e-06,0.010609989321709111,2025-12-05,250,54000,267,100.0,7.171287566400653e-06,8.17637699787469e-06,7.171287566400653e-06,8.17637699787469e-06,0.002677925982248324,0.002859436482573916,-0.06778025290049272,-1.0050894314740371e-06,0.04,0.27715355805243447,0.2696629213483146,1.0
2025-12-10,2024-12-06,3.9831827384966985e-06,1.256684066647336e-05,0.0037159968251677606,7.47501950354553e-06,1.0968665536083254e-05,0.010619154075895991,2025-12-08,250,54124,255,100.0,6.023510887486016e-06,1.1633005002049336e-05,6.023510887486016e-06,1.1633005002049336e-05,0.0024542841904486154,0.003410719132682921,-0.38970016021636034,-5.60949411456332e-06,0.039999999999999994,0.2196078431372549,0.25098039215686274,1.0
2025-12-11,2024-12-09,7.671256984289824e-06,1.359188087202045e-05,0.003694669631967859,5.454356577869999e-06,1.3106538314511757e-05,0.010549190627863343,2025-12-09,250,54216,282,100.0,6.452747895654815e-06,1.3325114572680565e-05,6.452747895654815e-06,1.3325114572680565e-05,0.0025402259536613696,0.0036503581430704255,-0.4370210405137229,-6.87236667702575e-06,0.04,0.29432624113475175,0.30141843971631205,1.0
2025-12-12,2024-12-10,5.92485231120146e-06,1.2008329594049464e-05,0.003704636190339173,7.187834811641544e-06,1.2260139258078869e-05,0.010524699275940625,2025-12-10,250,54315,281,100.0,6.594547658409902e-06,1.2141851444371105e-05,6.594547658409902e-06,1.2141851444371105e-05,0.0025679851359402183,0.0034845159555340114,-0.35690659060540986,-5.547303785961203e-06,0.039999999999999994,0.2846975088967972,0.28825622775800713,1.0
2025-12-15,2024-12-11,5.9673677103413016e-06,1.0515613363445941e-05,0.0037013080350725897,6.545645320132401e-06,1.0140431055601877e-05,0.010639091469138702,2025-12-11,250,54427,298,100.0,6.270090217480267e-06,1.0319209202292671e-05,6.270090217480267e-06,1.0319209202292671e-05,0.0025040148197405434,0.0032123525961968544,-0.2828808243753551,-4.049118984812405e-06,0.04,0.2986577181208054,0.2953020134228188,1.0
2025-12-16,2024-12-12,1.083153916396403e-05,1.0465877101723642e-05,0.003757615555798768,1.1339178112371356e-05,1.1974317748706784e-05,0.01065518928209422,2025-12-12,250,54554,315,100.0,1.1089387518710607e-05,1.1232069176381745e-05,1.1089387518710607e-05,1.1232069176381745e-05,0.0033300732002030536,0.0033514279309544677,-0.006412691093430567,-1.4268165767113828e-07,0.04,0.2507936507936508,0.17142857142857143,1.0
2025-12-17,2024-12-13,2.255007384577973e-05,7.021077028569571e-06,0.0037507738246968436,1.2082987076260284e-05,6.911947732706806e-06,0.010684382871536524,2025-12-15,250,54695,329,100.0,1.695065964688787e-05,6.9626978307828035e-06,1.695065964688787e-05,6.9626978307828035e-06,0.004117117881101763,0.002638692447175836,0.3590923254134011,9.987961816105065e-06,0.04,0.3343465045592705,0.2553191489361702,1.0
2025-12-18,2024-12-16,1.9942682944677834e-05,6.92125531068386e-06,0.0037889935256032966,1.2158512000622473e-05,1.2774960927438755e-05,0.010803257372654156,2025-12-16,250,54852,316,100.0,1.6099864377359364e-05,9.811059349335013e-06,1.6099864377359364e-05,9.811059349335013e-06,0.004012463629412654,0.003132261060214332,0.2193671146938636,6.288805028024351e-06,0.04,0.27848101265822783,0.18354430379746836,1.0
2025-12-19,2024-12-17,1.63825717696853e-05,8.237991284363387e-06,0.003784121385796687,6.70891899341092e-06,1.4785995417217107e-05,0.010722289236773246,2025-12-17,250,55018,296,0.01,1.0957482712720615e-05,1.1910182791301622e-05,1.0957482712720615e-05,1.1910182791301622e-05,0.0033102088624013767,0.0034511132683963915,-0.04256662097532904,-9.527000785810069e-07,0.04,0.38513513513513514,0.27364864864864863,1.0
2025-12-22,2024-12-18,1.466390904666365e-05,8.670615456059722e-06,0.0037636569591113387,6.001990687528855e-06,1.6260127982307047e-05,0.010698257394319633,2025-12-18,250,55140,318,0.01,1.0223994919182606e-05,1.2560837285551278e-05,1.0223994919182606e-05,1.2560837285551278e-05,0.0031974982281750535,0.003544127154258334,-0.10840629184057948,-2.336842366368671e-06,0.039999999999999994,0.3333333333333333,0.2358490566037736,1.0
2025-12-23,2024-12-19,1.2987698031784897e-05,1.1448449406213628e-05,0.0038011587998671432,5.707868545422745e-06,1.6454606675838952e-05,0.01063202108552487,2025-12-19,250,55278,321,100.0,9.223051007684844e-06,1.4037303321346973e-05,9.223051007684844e-06,1.4037303321346973e-05,0.0030369476465169506,0.0037466389366133178,-0.23368571760211476,-4.814252313662129e-06,0.04,0.3395638629283489,0.308411214953271,1.0
2025-12-24,2024-12-20,1.2694373101264042e-05,1.0389606077990494e-05,0.0037817594360405335,5.182146345680017e-06,1.6568475404452995e-05,0.01058364875864876,2025-12-22,250,55419,310,100.0,8.69592982813061e-06,1.3678359106591502e-05,8.69592982813061e-06,1.3678359106591502e-05,0.0029488862012852597,0.0036984265717452743,-0.25417744846624823,-4.982429278460893e-06,0.04,0.3741935483870968,0.34516129032258064,1.0
2025-12-26,2024-12-23,1.3653402173274792e-05,1.0244376298560765e-05,0.0037617325882911517,4.706417480438319e-06,1.5474746697055727e-05,0.010546549726237722,2025-12-23,250,55556,306,100.0,8.770570657903251e-06,1.3098859489896252e-05,8.770570657903251e-06,1.3098859489896252e-05,0.002961514926165872,0.003619234655268466,-0.22208894619825914,-4.328288831993001e-06,0.04,0.38562091503267976,0.33986928104575165,1.0
2025-12-29,2024-12-24,1.2596165217834466e-05,7.711202900767571e-06,0.003767373811265546,4.428846020861259e-06,1.3138996958492373e-05,0.010547619185583293,2025-12-24,250,55675,313,100.0,8.29070941112335e-06,1.05725000877471e-05,8.29070941112335e-06,1.05725000877471e-05,0.002879359201475799,0.0032515381110709896,-0.1292575477920339,-2.2817906766237504e-06,0.04,0.35782747603833864,0.28753993610223644,1.0
2025-12-30,2024-12-26,1.4442062253820915e-05,6.432483016388526e-06,0.0037624196376388076,5.345183813385124e-06,1.4048639344548103e-05,0.010585341280802501,2025-12-26,250,55803,312,100.0,9.864466371934958e-06,1.0264971937930363e-05,9.864466371934958e-06,1.0264971937930363e-05,0.003140774804396991,0.0032038994893614195,-0.020098443503830943,-4.005055659954056e-07,0.04,0.3076923076923077,0.23717948717948717,1.0
2025-12-31,2024-12-27,1.5154332502338652e-05,6.484262703431783e-06,0.0037717884868902897,5.542065082834677e-06,1.1350103398701952e-05,0.01059828386777485,2025-12-29,250,56033,308,100.0,9.94248620669851e-06,9.12255944404905e-06,9.94248620669851e-06,9.12255944404905e-06,0.003153170817875002,0.003020357502688887,0.042120558275247855,8.199267626494598e-07,0.04,0.42857142857142855,0.30844155844155846,1.0
2026-01-02,2024-12-30,1.946502857636293e-05,5.5098285043555135e-06,0.0037887147796660044,5.0553594653177735e-06,1.2096921277413863e-05,0.010677391776161425,2025-12-30,250,56162,302,100.0,1.1544481978901021e-05,9.130548372990235e-06,1.1544481978901021e-05,9.130548372990235e-06,0.003397717171705294,0.003021679727070729,0.11067355687107827,2.4139336059107863e-06,0.04,0.30132450331125826,0.22185430463576158,1.0
2026-01-05,2024-12-31,2.027198865877594e-05,4.4425602984407335e-06,0.0038005977639201517,4.313567116646404e-06,1.0365550894386898e-05,0.010657855292240587,2025-12-31,250,56291,313,100.0,1.1808416850489988e-05,7.583826876482469e-06,1.1808416850489988e-05,7.583826876482469e-06,0.0034363377090283176,0.0027538748839557813,0.19860179145940637,4.224589974007519e-06,0.04,0.3258785942492013,0.2012779552715655,1.0
2026-01-06,2025-01-02,2.0694108596204483e-05,5.574114574488142e-06,0.0038539250168375364,5.3394807036353605e-06,1.2103122865291118e-05,0.010587342232303844,2026-01-02,250,56416,307,100.0,1.179142532298851e-05,9.359663355474883e-06,1.179142532298851e-05,9.359663355474883e-06,0.0034338644881515795,0.003059356689808314,0.10906306863170945,2.431761967513627e-06,0.04,0.2703583061889251,0.18241042345276873,1.0
2026-01-07,2025-01-03,2.6096270589060794e-05,7.760909923793899e-06,0.003925903338923618,5.670665927078777e-06,1.1272765454033743e-05,0.010524749569968631,2026-01-05,250,56527,288,100.0,1.4252256774647613e-05,9.797298373620478e-06,1.4252256774647613e-05,9.797298373620478e-06,0.003775216122905762,0.0031300636373116247,0.1708915369585695,4.454958401027135e-06,0.04,0.23958333333333334,0.1875,1.0
2026-01-08,2025-01-06,4.1553401591445896e-05,9.092833625925485e-06,0.003956516728767334,6.919753645888334e-06,1.003252777381574e-05,0.01055878505757127,2026-01-06,250,56639,319,100.0,2.2553751464572628e-05,9.608339819909168e-06,2.2553751464572628e-05,9.608339819909168e-06,0.004749079012247809,0.003099732217451883,0.34729824257340924,1.294541164466346e-05,0.04,0.2884012539184953,0.21630094043887146,1.0
2026-01-09,2025-01-07,3.766061198795106e-05,8.025577563130738e-06,0.003976219888820259,5.7405777047763414e-06,1.1676224301107801e-05,0.010559856999898476,2026-01-07,250,56739,308,100.0,1.9938774772292375e-05,1.0052397667656965e-05,1.9938774772292375e-05,1.0052397667656965e-05,0.00446528551968319,0.003170551634598775,0.2899554528769026,9.88637710463541e-06,0.04,0.2792207792207792,0.21428571428571427,1.0
2026-01-12,2025-01-08,4.138474420545503e-05,1.0512465176269319e-05,0.00397116088984848,5.712984171025649e-06,9.441104250225943e-06,0.01049047934646361,2026-01-08,250,56861,323,1.0,2.261013366101851e-05,9.948591004667541e-06,2.261013366101851e-05,9.948591004667541e-06,0.0047550114259608785,0.003154138710435472,0.33667063485592086,1.266154265635097e-05,0.039999999999999994,0.3065015479876161,0.23839009287925697,1.0
2026-01-13,2025-01-10,6.21523414886671e-05,1.1426578759563717e-05,0.0039577329490874166,1.252976825742521e-05,1.0144437679907508e-05,0.01047403043903562,2026-01-09,250,56979,338,0.01,3.61665560983422e-05,1.0755161685305879e-05,3.61665560983422e-05,1.0755161685305879e-05,0.0060138636581105,0.003279506317314525,0.45467564551589523,2.541139441303632e-05,0.039999999999999994,0.22781065088757396,0.15680473372781065,1.0
2026-01-14,2025-01-13,6.280201153116223e-05,1.2680621709251382e-05,0.003945604290365831,1.5355588324657418e-05,9.048102444135894e-06,0.01049501563918878,2026-01-12,250,57124,328,1.0,3.878949246933357e-05,1.084221256897952e-05,3.878949246933357e-05,1.084221256897952e-05,0.006228121102654763,0.0032927515194711428,0.47130900873658454,2.7947279900354053e-05,0.039999999999999994,0.18902439024390244,0.11890243902439024,1.0
2026-01-15,2025-01-14,6.173351644200537e-05,1.1289835405285034e-05,0.003962148022772735,1.179253578637296e-05,9.319076658731036e-06,0.010546855263920272,2026-01-13,250,57271,342,1.0,3.55948160403732e-05,1.0258356412205603e-05,3.55948160403732e-05,1.0258356412205603e-05,0.005966139123451045,0.0032028669051656837,0.4631591991249071,2.5336459628167594e-05,0.039999999999999994,0.2631578947368421,0.17543859649122806,1.0
2026-01-16,2025-01-15,7.77973692141542e-05,1.1859258289921136e-05,0.003989001200573176,1.2022532348616465e-05,8.82357150740698e-06,0.01051821189182942,2026-01-14,250,57413,342,1.0,4.375600627497239e-05,1.028815723581293e-05,4.375600627497239e-05,1.028815723581293e-05,0.006614832293790402,0.003207515742099005,0.5151024848944359,3.346784903915946e-05,0.039999999999999994,0.2309941520467836,0.16374269005847952,1.0
2026-01-20,2025-01-16,0.00015352794669210243,4.7319227743536586e-05,0.0040308378663953355,2.7096650427947717e-05,5.737671556743933e-06,0.010527032067778967,2026-01-15,250,57562,352,1.0,8.815721964643153e-05,2.581967312422902e-05,8.815721964643153e-05,2.581967312422902e-05,0.009389207615471688,0.0050813062419253,0.4588141566331708,6.23375465222025e-05,0.039999999999999994,0.1875,0.09943181818181818,1.0
2026-01-21,2025-01-17,0.0001006050640744635,2.7607093555991217e-05,0.004175111471422781,1.1966414525313989e-05,6.69206526405372e-06,0.010745782047876266,2026-01-16,250,57713,349,1.0,5.565079195354814e-05,1.6999758290452715e-05,5.565079195354814e-05,1.6999758290452715e-05,0.007459945841194033,0.004123076313925406,0.4473047925954553,3.865103366309543e-05,0.039999999999999994,0.1977077363896848,0.1489971346704871,1.0
2026-01-22,2025-01-21,9.501948709494202e-05,2.3816522321848398e-05,0.004159095497678175,8.568320210520114e-06,8.030587049205259e-06,0.010623179165450834,2026-01-20,250,57867,345,1.0,5.116744592168453e-05,1.580916385021782e-05,5.116744592168453e-05,1.580916385021782e-05,0.007153142380917951,0.003976073924138964,0.4441500375071912,3.535828207146671e-05,0.039999999999999994,0.24347826086956523,0.19710144927536233,1.0
2026-01-23,2025-01-22,9.92605691900888e-05,2.454777694226631e-05,0.004147372659553049,1.0478701848588599e-05,8.253203194546897e-06,0.010567980202618362,2026-01-21,250,58014,335,1.0,5.500214576910213e-05,1.6424810327731562e-05,5.500214576910213e-05,1.6424810327731562e-05,0.007416343153408028,0.004052753425478974,0.45353749932450005,3.857733544137057e-05,0.039999999999999994,0.23582089552238805,0.14328358208955225,1.0
2026-01-26,2025-01-23,9.467482739526619e-05,2.202250442313923e-05,0.0041525560393484914,8.944531216168716e-06,7.3147906944226755e-06,0.010564146946592577,2026-01-22,250,58167,342,0.01,5.130833254443618e-05,1.4582637536975591e-05,5.130833254443618e-05,1.4582637536975591e-05,0.007162983494636587,0.00381872197691526,0.4668810866624785,3.6725695007460584e-05,0.039999999999999994,0.24269005847953215,0.18128654970760233,1.0
2026-01-27,2025-01-24,6.866227412529663e-05,1.606760827264464e-05,0.004032731686308289,9.336167964300165e-06,7.5832586391423095e-06,0.010510771873601549,2026-01-23,250,58307,334,0.01,3.7400613393753584e-05,1.1596813256188321e-05,3.7400613393753584e-05,1.1596813256188321e-05,0.006115604090664599,0.0034054094109502195,0.4431605838990561,2.5803800137565264e-05,0.04,0.281437125748503,0.20359281437125748,1.0
2026-01-28,2025-01-27,8.077101090734794e-05,2.09354005469897e-05,0.003988074495682814,1.0240703191131065e-05,7.404989842132444e-06,0.010469060662266895,2026-01-26,250,58449,329,0.01,4.4326778956719164e-05,1.3944002918340055e-05,4.4326778956719164e-05,1.3944002918340055e-05,0.006657835906412771,0.0037341669644433487,0.4391320217359772,3.0382776038379108e-05,0.04,0.3282674772036474,0.24924012158054712,1.0
2026-01-29,2025-01-28,9.654618007820386e-05,3.2787741374415766e-05,0.004016534082046483,1.1758478105671674e-05,7.024281811631898e-06,0.010470114463202092,2026-01-27,250,58578,276,0.01,4.186425634229542e-05,1.6172176873779793e-05,4.186425634229542e-05,1.6172176873779793e-05,0.006470259372103673,0.004021464518528019,0.3784693491784207,2.5692079468515624e-05,0.039999999999999994,0.358695652173913,0.2644927536231884,1.0
2026-01-30,2025-01-29,4.416291255155045e-05,6.509509340408249e-06,0.003987920086727583,1.468424779907901e-05,6.745249456620851e-06,0.010490932799262288,2026-01-28,250,58707,318,0.01,2.821847752820111e-05,6.637016573076701e-06,2.821847752820111e-05,6.637016573076701e-06,0.005312106693977551,0.0025762407832104323,0.51502465375344,2.1581460955124408e-05,0.039999999999999994,0.3050314465408805,0.15723270440251572,1.0
2026-02-02,2025-01-30,2.330088088246925e-05,2.8506657699049004e-06,0.003969477416371203,1.0105081076252454e-05,7.856098544141176e-06,0.010522315996358222,2026-01-29,250,58817,301,0.01,1.567274411741369e-05,5.744171758998295e-06,1.567274411741369e-05,5.744171758998295e-06,0.003958881675096351,0.002396700181290579,0.39460171382054543,9.928572358415397e-06,0.039999999999999994,0.4219269102990033,0.23588039867109634,1.0
2026-02-03,2025-01-31,2.3855136913493202e-05,4.3704588887897564e-06,0.0038146735306099785,1.7184323285696987e-05,5.906113508125088e-06,0.01047026502351131,2026-01-30,250,58942,272,0.01,1.946515294520084e-05,5.381055127249406e-06,1.946515294520084e-05,5.381055127249406e-06,0.004411933016853366,0.00231971013862711,0.4742190940420147,1.4084097817951434e-05,0.039999999999999994,0.3088235294117647,0.20220588235294118,1.0
2026-02-04,2025-02-03,2.1897188217738498e-05,4.3501733181977045e-06,0.0038221760427489967,2.1276937934674475e-05,5.500629674571807e-06,0.010559550708453587,2026-02-02,250,59050,297,100.0,2.153798603360714e-05,5.016430871384054e-06,2.153798603360714e-05,5.016430871384054e-06,0.004640903579434413,0.002239739018587669,0.5173916069894677,1.6521555162223087e-05,0.039999999999999994,0.2828282828282828,0.20875420875420875,1.0
2026-02-05,2025-02-04,3.939797204697702e-05,9.69108696119824e-06,0.0037252703533581684,3.696477355796751e-05,6.709352307968585e-06,0.010610948862559933,2026-02-03,250,59128,327,100.0,3.808091965384343e-05,8.077120497523473e-06,3.808091965384343e-05,8.077120497523473e-06,0.006170973963147424,0.0028420275328580953,0.5394523539022427,3.0003799156319957e-05,0.039999999999999994,0.2996941896024465,0.1651376146788991,1.0
2026-02-06,2025-02-05,1.8657253803662692e-05,3.221389809021737e-06,0.00373310137363633,1.3577104456104103e-05,5.257041303771888e-06,0.010745147722912548,2026-02-04,250,59227,344,100.0,1.6072875501852362e-05,4.256968331060331e-06,1.6072875501852362e-05,4.256968331060331e-06,0.004009099088554979,0.0020632421891431775,0.48536014112665815,1.1815907170792031e-05,0.039999999999999994,0.3081395348837209,0.21220930232558138,1.0
2026-02-09,2025-02-06,1.6903962885072505e-05,3.801498605550295e-06,0.0037034373651661143,1.0023620447793129e-05,5.860684672733634e-06,0.010542884654368537,2026-02-05,250,59371,316,0.01,1.3115419897456648e-05,4.935354224822134e-06,1.3115419897456648e-05,4.935354224822134e-06,0.0036215217654263308,0.0022215657147206186,0.38656568740541786,8.180065672634514e-06,0.04,0.370253164556962,0.24367088607594936,1.0
2026-02-10,2025-02-07,2.0422007287974097e-05,4.180314821480151e-06,0.004697400043696745,1.1742698472272456e-05,6.243235566451332e-06,0.010492293392895742,2026-02-06,250,59554,338,0.01,1.5825568595635058e-05,5.272808352100984e-06,1.5825568595635058e-05,5.272808352100984e-06,0.003978136321901885,0.002296259643877622,0.42278005124273466,1.0552760243534074e-05,0.039999999999999994,0.3698224852071006,0.23668639053254437,1.0
2026-02-11,2025-02-10,2.501297288403892e-05,5.571345014293583e-06,0.003800058462437883,1.1548385506394824e-05,6.533566608683278e-06,0.01052003554296943,2026-02-09,250,59688,314,100.0,1.768034727392064e-05,6.09535741123829e-06,1.768034727392064e-05,6.09535741123829e-06,0.004204800503462755,0.0024688777635270423,0.41284306794249526,1.158498986268235e-05,0.039999999999999994,0.3885350318471338,0.23248407643312102,1.0
2026-02-12,2025-02-11,5.6744503309791194e-05,1.472435652458259e-05,0.0037749546279491836,3.0056468088938573e-05,5.166992381722235e-06,0.010522468061737672,2026-02-10,250,59839,344,100.0,4.254708922427947e-05,9.640061064863274e-06,4.254708922427947e-05,9.640061064863274e-06,0.006522812984003103,0.003104844773070511,0.5240021780963214,3.29070281594162e-05,0.039999999999999994,0.26453488372093026,0.17151162790697674,1.0
2026-02-13,2025-02-12,3.289964867608783e-05,1.4503003869954497e-05,0.003973560539487259,2.6230324365552844e-05,4.623808472380584e-06,0.010687579080247185,2026-02-11,250,59971,345,1.0,2.9497326708974333e-05,9.463182449742877e-06,2.9497326708974333e-05,9.463182449742877e-06,0.005431144143638091,0.0030762286081731437,0.43359474047902735,2.0034144259231458e-05,0.039999999999999994,0.23478260869565218,0.14202898550724638,1.0
2026-02-17,2025-02-13,2.7963054739713084e-05,1.1496251463600673e-05,0.004065994213777465,2.3926485836730158e-05,4.197063836427546e-06,0.010680054272093871,2026-02-12,250,60135,315,1.0,2.5643629433554643e-05,7.302115081002782e-06,2.5643629433554643e-05,7.302115081002782e-06,0.005063953932803363,0.002702242602173754,0.4663769382519214,1.8341514352551862e-05,0.04,0.30793650793650795,0.19365079365079366,1.0
2026-02-18,2025-02-14,1.6986023399780966e-05,9.315403983013313e-06,0.0039411853872972575,2.188120170837445e-05,4.522476066165439e-06,0.01066284982060482,2026-02-13,250,60295,316,1.0,1.9665978613029932e-05,6.691427623473179e-06,1.9665978613029932e-05,6.691427623473179e-06,0.0044346339886206995,0.0025867793921154503,0.4166870594612445,1.2974550989556753e-05,0.04,0.2911392405063291,0.20569620253164558,1.0
2026-02-19,2025-02-18,8.285999390080523e-05,5.6234727985863923e-05,0.003934178172876869,,,,2026-02-17,250,60422,124,1.0,8.285999390080523e-05,5.6234727985863923e-05,8.285999390080523e-05,5.6234727985863923e-05,0.009102746503160748,0.007498981796608385,0.17618470491246652,2.6625265914941308e-05,0.04,0.056451612903225805,0.008064516129032258,1.0
2026-02-20,2025-02-19,1.202374009881749e-05,6.415861194388912e-06,0.003991096784097016,,,,2026-02-18,250,60535,159,0.01,1.202374009881749e-05,6.415861194388912e-06,1.202374009881749e-05,6.415861194388912e-06,0.003467526510182365,0.002532955032050295,0.269521076590967,5.607878904428578e-06,0.039999999999999994,0.4339622641509434,0.37735849056603776,1.0
2026-02-23,2025-02-20,1.9121482024386462e-05,8.802514295310542e-06,0.003930758182780256,2.84524134004159e-05,4.3699275971951025e-06,0.010561082343385113,2026-02-19,250,60471,329,0.01,2.416982787524737e-05,6.404336689643223e-06,2.416982787524737e-05,6.404336689643223e-06,0.004916281915761887,0.002530679096535794,0.48524532565508716,1.776549118560415e-05,0.04,0.3525835866261398,0.2613981762917933,1.0
2026-02-24,2025-02-21,4.2697779137174295e-05,2.3639398964194603e-05,0.003907130513186565,5.520900507309083e-05,2.544699473750928e-05,0.01067003766174768,2026-02-20,250,60431,286,0.01,4.925961092174591e-05,2.4587438705443562e-05,4.925961092174591e-05,2.4587438705443562e-05,0.007018519140227938,0.0049585722446530475,0.2935016425000432,2.4672172216302346e-05,0.04,0.06993006993006994,0.02097902097902098,1.0
2026-02-25,2025-02-24,1.0250904916846317e-05,5.5790595146420425e-06,0.0038215624311016406,1.3252451688861614e-05,5.001634908489661e-06,0.010593041390848908,2026-02-23,250,60562,317,100.0,1.1945784639845491e-05,5.25300587268218e-06,1.1945784639845491e-05,5.25300587268218e-06,0.003456267443333269,0.0022919436888113503,0.33687316552073,6.692778767163312e-06,0.04,0.416403785488959,0.3249211356466877,1.0
2026-02-26,2025-02-25,9.058430594732959e-06,4.890903051195885e-06,0.0037924370054333956,1.62782174545761e-05,4.805250136339229e-06,0.010504403087354827,2026-02-24,250,60647,338,0.01,1.2796485921574822e-05,4.846556127823356e-06,1.2796485921574822e-05,4.846556127823356e-06,0.003577217622898392,0.0022014895248043667,0.3845804877197715,7.949929793751467e-06,0.039999999999999994,0.3224852071005917,0.22189349112426035,1.0
2026-02-27,2025-02-26,0.0002711532378232305,0.0002257290537632688,0.003810221652317273,3.065575432507224e-05,5.570603392172115e-06,0.010563074133178587,2026-02-25,250,60772,277,0.01,0.0001261601701546658,9.299814686083865e-05,0.0001261601701546658,9.299814686083865e-05,0.01123210444016017,0.009643554679724622,0.1414293972156917,3.3162023293827145e-05,0.04,0.07581227436823104,0.036101083032490974,1.0
2026-03-02,2025-02-27,1.834712383627646e-05,9.052977907587976e-06,0.0039367098190627595,4.650499144605269e-05,1.4966175888402068e-05,0.010614042478753334,2026-02-26,250,60912,307,100.0,3.247191736039873e-05,1.2019207513598954e-05,3.247191736039873e-05,1.2019207513598954e-05,0.005698413582778871,0.0034668728724311414,0.39160736193168755,2.045270984679978e-05,0.04,0.1758957654723127,0.11400651465798045,1.0
2026-03-03,2025-02-28,2.385893509487981e-05,1.4714696296709552e-05,0.003928679359323059,4.5872905327775235e-05,7.784346311489631e-06,0.010608011597074503,2026-02-27,250,60990,267,0.01,3.7875320636423715e-05,1.0302113909116342e-05,3.7875320636423715e-05,1.0302113909116342e-05,0.006154292862419184,0.003209690625140738,0.47846313185053,2.7573206727307373e-05,0.04,0.2397003745318352,0.1647940074906367,1.0
2026-03-04,2025-03-03,1.6195831250045955e-05,9.12001857764394e-06,0.003943127962085307,3.002673517961828e-05,4.7359535416666835e-06,0.010702345920362174,2026-03-02,250,61121,295,0.01,2.4025529406786897e-05,6.638191930158511e-06,2.4025529406786897e-05,6.638191930158511e-06,0.00490158437719753,0.002576468887869308,0.4743599845276154,1.7387337476628387e-05,0.04,0.2847457627118644,0.21694915254237288,1.0
2026-03-05,2025-03-04,2.5202184261186276e-05,1.2945619393145335e-05,0.003961602925491394,4.0226476440259204e-05,9.084847491497464e-06,0.010627365609446382,2026-03-03,250,61197,279,100.0,3.3818265797572185e-05,1.0731556653849068e-05,3.3818265797572185e-05,1.0731556653849068e-05,0.005815347435671594,0.003275905470835364,0.4366793201828634,2.3086709143723116e-05,0.04,0.15412186379928317,0.08602150537634409,1.0
2026-03-06,2025-03-05,3.2941185308849945e-05,1.6499319605677412e-05,0.003995543432325483,6.517110373822776e-05,1.703406944177516e-05,0.010686951607931776,2026-03-04,250,61302,323,100.0,5.020364935925973e-05,1.678573360457806e-05,5.020364935925973e-05,1.678573360457806e-05,0.007085453363000827,0.0040970396147191526,0.4217674713500652,3.341791575468167e-05,0.039999999999999994,0.20743034055727555,0.0804953560371517,1.0
2026-03-09,2025-03-06,0.00015668589757755443,0.00010877168056457406,0.004039462440767499,0.00034603373939358535,0.00025640541451129407,0.010828886938933344,2026-03-05,250,61386,249,100.0,0.0002646673977296685,0.0001929644123735469,0.0002646673977296685,0.0001929644123735469,0.01626860159109161,0.013891163103698225,0.146136622381559,7.170298535612158e-05,0.04,0.04819277108433735,0.07630522088353414,1.0
2026-03-10,2025-03-07,3.8661169924251287e-05,1.9293142917063885e-05,0.004001847006310606,3.974705910647983e-05,7.68315028250645e-06,0.010734850428295516,2026-03-06,250,61522,314,0.01,3.930094539785728e-05,1.24528606323724e-05,3.930094539785728e-05,1.24528606323724e-05,0.0062690466099605035,0.003528861095647206,0.43709764575040555,2.684808476548488e-05,0.039999999999999994,0.27388535031847133,0.16878980891719744,1.0
2026-03-11,2025-03-10,3.194295567091714e-05,1.7951451041966944e-05,0.00398727140282943,4.701377420353505e-05,9.536493921071864e-06,0.010752129419061403,2026-03-09,250,61581,320,0.01,3.999642432428483e-05,1.3454708330488634e-05,3.999642432428483e-05,1.3454708330488634e-05,0.006324272632033254,0.003668066020464822,0.4200019142303265,2.6541715993796196e-05,0.039999999999999994,0.25,0.20625,1.0
2026-03-12,2025-03-11,4.8341674366633516e-05,2.761096109780553e-05,0.003987577163452321,6.984320545218237e-05,1.920351260674178e-05,0.01076564251179158,2026-03-10,250,61706,338,0.01,5.9919421874236744e-05,2.3083873448771205e-05,5.9919421874236744e-05,2.3083873448771205e-05,0.007740763649294348,0.004804567977328576,0.3793160216477398,3.683554842546554e-05,0.039999999999999994,0.21893491124260356,0.1390532544378698,1.0
2026-03-13,2025-03-12,0.0002478995517306618,0.00020708471542074574,0.004066312167657179,0.00012348100310787013,6.2086641522171e-05,0.010931638290844668,2026-03-11,250,61823,278,1.0,0.0001821098875308403,0.0001304130720283339,0.0001821098875308403,0.0001304130720283339,0.013494809651523073,0.01141985429102902,0.15375951303321023,5.16968155025064e-05,0.039999999999999994,0.03597122302158273,0.0,1.0
2026-03-16,2025-03-13,2.2525153119452168e-05,1.4898868242720413e-05,0.004158004158004158,5.136211155939299e-05,9.933709582392374e-06,0.01099386522520346,2026-03-12,250,61961,329,1.0,3.7601009811457705e-05,1.2303101405102108e-05,3.7601009811457705e-05,1.2303101405102108e-05,0.006131966227194806,0.003507577711912041,0.42798482869064103,2.5297908406355595e-05,0.04,0.24924012158054712,0.17325227963525835,1.0
2026-03-17,2025-03-14,1.8924146116061613e-05,1.169254079516721e-05,0.004113598607705088,4.117053412083872e-05,7.747643472564693e-06,0.01088310987549138,2026-03-13,250,62031,319,1.0,3.1058539573212756e-05,9.540778619202203e-06,3.1058539573212756e-05,9.540778619202203e-06,0.005573018892235406,0.0030888150833616123,0.44575549749793675,2.1517760954010555e-05,0.04,0.29780564263322884,0.23197492163009403,1.0
2026-03-18,2025-03-17,0.00013854194715071845,0.00010716061507302201,0.004090783935806161,0.0001062950993183605,4.9919377842488655e-05,0.010854555076849683,2026-03-16,250,62169,260,1.0,0.00012055812816728804,7.523761738676304e-05,0.00012055812816728804,7.523761738676304e-05,0.010979896546292594,0.008673962035123455,0.21001422931874048,4.5320510780525006e-05,0.04,0.0,0.011538461538461539,1.0
2026-03-19,2025-03-18,6.814469439251348e-05,5.004053187929195e-05,0.004160998639673521,7.939824674227216e-05,2.4261744114572515e-05,0.01100815959360779,2026-03-17,250,62302,308,1.0,7.424645816657095e-05,3.6063072279590174e-05,7.424645816657095e-05,3.6063072279590174e-05,0.008616638449335735,0.006005253723165256,0.30306304964806696,3.818338588698077e-05,0.04,0.04220779220779221,0.04220779220779221,1.0
2026-03-20,2025-03-19,3.4344592570607006e-05,2.1100311608349985e-05,0.004177377892030849,8.415881812105932e-05,2.7220960706273147e-05,0.01103535465292513,2026-03-18,250,62361,343,0.01,6.121232355262939e-05,2.4401536340465976e-05,6.121232355262939e-05,2.4401536340465976e-05,0.00782383049104653,0.004939791123161583,0.3686224249343588,3.681078721216341e-05,0.039999999999999994,0.2478134110787172,0.17201166180758018,1.0
2026-03-23,2025-03-20,2.7885867978207038e-05,1.6875672429344482e-05,0.004193717488608411,6.304558769082064e-05,1.8485024670042512e-05,0.011382885424857764,2026-03-19,250,62481,329,0.01,4.754966258951676e-05,1.7775735688579855e-05,4.754966258951676e-05,1.7775735688579855e-05,0.00689562633772428,0.004216128044613903,0.3885793924841169,2.977392690093691e-05,0.04,0.2613981762917933,0.16717325227963525,1.0
2026-03-24,2025-03-21,8.144129330000273e-05,5.6495630393348376e-05,0.004135353294365581,9.07013323355273e-05,3.832319715107174e-05,0.011264606793005585,2026-03-20,250,62641,263,0.01,8.6757893658802e-05,4.606202803751655e-05,8.6757893658802e-05,4.606202803751655e-05,0.0093143917492664,0.006786901210237007,0.27135325709576885,4.069586562128545e-05,0.04,0.04182509505703422,0.019011406844106463,1.0
2026-03-25,2025-03-24,2.6632735148063347e-05,1.8978698711990535e-05,0.004132888253059927,5.261749466755065e-05,1.4394760939255493e-05,0.011302547536666768,2026-03-23,250,62770,333,0.01,4.09906803480203e-05,1.6445832194923723e-05,4.09906803480203e-05,1.6445832194923723e-05,0.006402396453518034,0.004055346125169061,0.3665893459408155,2.4544848153096574e-05,0.04,0.3153153153153153,0.24924924924924924,1.0
2026-03-26,2025-03-25,3.143136652584407e-05,2.194258896445778e-05,0.004116855355870477,7.885419406905369e-05,2.8109793594077234e-05,0.011239910477756463,2026-03-24,250,62889,325,0.01,5.842589912736339e-05,2.5453151599779623e-05,5.842589912736339e-05,2.5453151599779623e-05,0.007643683609841748,0.005045111653846684,0.3399633067817238,3.297274752758376e-05,0.04,0.28,0.21846153846153846,1.0
2026-03-27,2025-03-26,5.153916993794452e-05,4.1634051283772735e-05,0.004112459962829689,0.00011232911692193396,4.4185779432934676e-05,0.011444291494210111,2026-03-25,250,63063,300,0.01,8.254204289977913e-05,4.2935432639845324e-05,8.254204289977913e-05,4.2935432639845324e-05,0.009085265152970447,0.006552513459722561,0.2787757594966612,3.960661025993381e-05,0.04,0.22333333333333333,0.2,1.0
2026-03-30,2025-03-27,7.97476642450041e-05,5.6781958466447144e-05,0.004180064308681673,0.00016062504048796917,8.672853714932047e-05,0.011642823573940609,2026-03-26,250,63251,272,0.01,0.00012583587497169376,7.384710440705509e-05,0.00012583587497169376,7.384710440705509e-05,0.011217659068259018,0.008593433796047718,0.23393697885120157,5.198877056463867e-05,0.039999999999999994,0.09558823529411764,0.07720588235294118,1.0
2026-03-31,2025-03-28,0.00023145434034452667,0.00017850177135137399,0.004216843044236306,0.0001420440662571041,8.158428144135844e-05,0.011681880469009602,2026-03-27,250,63379,236,0.01,0.00017273149083795673,0.00011484833518166039,0.00017273149083795673,0.00011484833518166039,0.013142735287525072,0.010716731553121054,0.1845889520963533,5.788315565629634e-05,0.04,0.025423728813559324,0.01694915254237288,1.0
2026-04-01,2025-03-31,1.9567803987439718e-05,1.4245831245393068e-05,0.004097876196855668,3.29722341028574e-05,9.005114418614236e-06,0.011351905157302333,2026-03-30,250,63495,293,0.01,2.8031352012532797e-05,1.0936846218246026e-05,2.8031352012532797e-05,1.0936846218246026e-05,0.005294464280031814,0.003307090294843191,0.3753682865864346,1.7094505794286773e-05,0.039999999999999994,0.2696245733788396,0.24914675767918087,1.0
2026-04-02,2025-04-01,5.048619184320067e-05,3.5767474620036244e-05,0.0040683800805852224,3.287824435475102e-05,8.63811411314453e-06,0.011267013613332518,2026-03-31,250,63568,317,0.01,4.0265805919305603e-05,2.0020464104994996e-05,4.0265805919305603e-05,2.0020464104994996e-05,0.006345534328904509,0.0044744233265299116,0.2948705192329526,2.0245341814310607e-05,0.04,0.1640378548895899,0.12302839116719243,1.0
2026-04-06,2025-04-02,8.218319018415735e-05,6.37979746555189e-05,0.004063769928102533,2.490823168896264e-05,6.345393843347484e-06,0.011256877544485613,2026-04-01,250,63662,284,0.01,4.5277142984788926e-05,2.6777473639225352e-05,4.5277142984788926e-05,2.6777473639225352e-05,0.006728829243247961,0.005174695511740314,0.23096643937979866,1.8499669345563574e-05,0.04,0.1443661971830986,0.09507042253521127,1.0
2026-04-07,2025-04-03,3.303809191653186e-05,2.8205821329501587e-05,0.004017615699605965,3.781352828194104e-05,1.183971669834523e-05,0.011203918473889489,2026-04-02,250,63775,278,0.01,3.621599021725379e-05,1.7314708535386745e-05,3.621599021725379e-05,1.7314708535386745e-05,0.0060179722679033505,0.0041610946318711315,0.30855536605507683,1.8901281681867048e-05,0.039999999999999994,0.302158273381295,0.24100719424460432,1.0
2026-04-08,2025-04-04,1.587326498323715e-05,1.4112206172931725e-05,0.004102564102564102,1.5448076127183166e-05,6.767133841208965e-06,0.011198989715117864,2026-04-06,250,63859,258,0.01,1.5588157727045912e-05,9.187022012512974e-06,1.5588157727045912e-05,9.187022012512974e-06,0.0039481841050090245,0.0030310100647330377,0.23230275384381815,6.401135714532938e-06,0.04,0.2868217054263566,0.26744186046511625,1.0
2026-04-09,2025-04-07,0.00010703202446655014,7.69566576240875e-05,0.004016994978756279,3.448593177368988e-05,2.414027877645154e-05,0.010920841407671482,2026-04-07,250,63954,239,0.01,6.059038353764797e-05,4.314533560028707e-05,6.059038353764797e-05,4.314533560028707e-05,0.007783982498544557,0.00656851091194093,0.1561503493656229,1.74450479373609e-05,0.039999999999999994,0.08368200836820083,0.02510460251046025,1.0
2026-04-10,2025-04-08,8.84796321955917e-06,1.0042447910846066e-05,0.003992475718837576,7.552717065941402e-06,5.73554278712675e-06,0.01085819887926343,2026-04-08,250,64012,326,0.01,8.136769779382545e-06,7.677613502423496e-06,8.136769779382545e-06,7.677613502423496e-06,0.00285250237149464,0.0027708506820872713,0.028624582480043737,4.591562769590488e-07,0.04,0.3834355828220859,0.34355828220858897,1.0
2026-04-13,2025-04-09,9.619916512879139e-06,9.886610056527091e-06,0.003992628992628991,6.6380984863366565e-06,5.906876645793951e-06,0.010865390162776321,2026-04-09,250,64066,324,0.01,7.9449446584633e-06,7.651080794942427e-06,7.9449446584633e-06,7.651080794942427e-06,0.0028186778209762287,0.0027660587114055313,0.01866801135593188,2.938638635208733e-07,0.039999999999999994,0.3271604938271605,0.2932098765432099,1.0
2026-04-14,2025-04-10,1.1885478762065124e-05,1.169215778395597e-05,0.004012345679012346,8.728737766077861e-06,8.709154872770437e-06,0.010760236117184086,2026-04-10,250,64223,321,0.01,1.0164514044626585e-05,1.0065910090942052e-05,1.0164514044626585e-05,1.0065910090942052e-05,0.003188183502345275,0.003172681845212667,0.004862222366185942,9.860395368453353e-08,0.04,0.27102803738317754,0.23052959501557632,1.0
2026-04-15,2025-04-11,1.2844541812077155e-05,1.3245904229264503e-05,0.004018081366147666,8.08021162621452e-06,8.176434231579334e-06,0.010630702992252973,2026-04-13,250,64354,322,100.0,1.0255231928456159e-05,1.049075749139213e-05,1.0255231928456159e-05,1.049075749139213e-05,0.0032023791044247336,0.0032389438851872887,-0.011418005042574064,-2.3552556293597044e-07,0.039999999999999994,0.3198757763975155,0.2236024844720497,1.0
2026-04-16,2025-04-14,9.257441024174042e-06,1.3568851921349349e-05,0.0039034643245880714,7.588950849566587e-06,7.682920503338443e-06,0.010547472640512045,2026-04-14,250,64467,342,1.0,8.389045553179518e-06,1.0505413931858294e-05,8.389045553179518e-06,1.0505413931858294e-05,0.0028963849110882206,0.003241205629369771,-0.11905210421497325,-2.116368378678776e-06,0.039999999999999994,0.32456140350877194,0.27485380116959063,1.0
2026-04-17,2025-04-15,1.084541737896953e-05,1.1731789964347952e-05,0.003948367501898253,6.3729837315040195e-06,7.613643136572331e-06,0.010521617307527863,2026-04-15,250,64579,345,1.0,8.511973736813612e-06,9.583191619421539e-06,8.511973736813612e-06,9.583191619421539e-06,0.002917528703682898,0.0030956730478882196,-0.06106001424439933,-1.0712178826079268e-06,0.039999999999999994,0.2927536231884058,0.25217391304347825,1.0
2026-04-20,2025-04-16,1.1904217140129462e-05,1.316384564265229e-05,0.00384857343744218,7.222961281892649e-06,5.238565308639953e-06,0.010395975441462244,2026-04-16,250,64709,352,100.0,9.523692144037448e-06,9.133660472799426e-06,9.523692144037448e-06,9.133660472799426e-06,0.0030860479814865884,0.0030221946450881398,0.0206909733035614,3.900316712380212e-07,0.039999999999999994,0.25,0.22727272727272727,1.0
2026-04-21,2025-04-17,1.2487653926634841e-05,1.6669107217355836e-05,0.0038088262223036073,1.1043611889602317e-05,4.344128755064712e-06,0.010416804944124617,2026-04-17,250,64841,325,100.0,1.1701206417235591e-05,9.956734331738823e-06,1.1701206417235591e-05,9.956734331738823e-06,0.0034207026204035322,0.0031554293419024334,0.07754935401832885,1.7444720854967681e-06,0.04,0.28,0.24,1.0
2026-04-22,2025-04-21,7.0330515508111495e-06,1.0094093878367325e-05,0.00390727730397866,7.727916299708129e-06,5.661034574773079e-06,0.010485453357573003,2026-04-20,250,64989,322,100.0,7.399905610787815e-06,7.75365884230825e-06,7.399905610787815e-06,7.75365884230825e-06,0.0027202767526095235,0.002784539251349898,-0.02362351502608262,-3.53753231520435e-07,0.039999999999999994,0.2888198757763975,0.2981366459627329,1.0
2026-04-23,2025-04-22,1.1648214623452795e-05,1.6963596793846343e-05,0.0038071530548742555,1.2284309914795554e-05,8.368772764122014e-06,0.010380334922174887,2026-04-21,250,65098,305,100.0,1.1977732839951667e-05,1.2511196148939967e-05,1.1977732839951667e-05,1.2511196148939967e-05,0.0034608861350746093,0.0035371169261052098,-0.022026379388224715,-5.334633089882998e-07,0.04,0.24262295081967214,0.25245901639344265,1.0
2026-04-24,2025-04-23,5.0331152343335355e-06,8.887625081800123e-06,0.0038035328969023164,2.5890469469913727e-05,1.960119128082471e-05,0.010420774931187801,2026-04-22,250,65217,301,100.0,1.5427145584290442e-05,1.4226611559719352e-05,1.5427145584290442e-05,1.4226611559719352e-05,0.003927740518961308,0.0037718180708670654,0.03969774666669579,1.2005340245710903e-06,0.039999999999999994,0.26578073089701,0.2823920265780731,1.0
2026-04-27,2025-04-24,8.844855626164186e-06,1.696213303806456e-05,0.003836788902825943,9.229221399723745e-06,5.8941951393087855e-06,0.010340642070762246,2026-04-23,250,65316,306,100.0,9.050855583235324e-06,1.103029704003859e-05,9.050855583235324e-06,1.103029704003859e-05,0.0030084639906828407,0.0033211891003131076,-0.10394843036139734,-1.9794414568032664e-06,0.04,0.27124183006535946,0.2647058823529412,1.0
2026-04-28,2025-04-25,6.101210363985739e-06,8.612621159406246e-06,0.0038862523821979744,5.976835037086036e-06,5.522459984643897e-06,0.010322857502412014,2026-04-24,250,65394,313,100.0,6.030876712671849e-06,6.865149824157251e-06,6.030876712671849e-06,6.865149824157251e-06,0.0024557843375736087,0.0026201430923056953,-0.06692719397928815,-8.342731114854017e-07,0.04,0.3610223642172524,0.34824281150159747,1.0
2026-04-29,2025-04-28,8.260834367326216e-06,1.2676247150414055e-05,0.003841749473606443,7.603927677791652e-06,6.19126635723071e-06,0.010373333895375796,2026-04-27,250,65477,325,100.0,7.901051626596516e-06,9.124473054455176e-06,7.901051626596516e-06,9.124473054455176e-06,0.0028108809342618046,0.0030206742714922402,-0.07463615220170539,-1.2234214278586592e-06,0.04,0.37846153846153846,0.37538461538461537,1.0
2026-04-30,2025-04-29,1.1090006366164435e-05,1.5036938683861871e-05,0.0038494281378391383,5.237962130976925e-05,4.6991456687475615e-05,0.010374937463110261,2026-04-28,250,65561,293,100.0,3.0396072056518902e-05,2.9978129695790484e-05,3.0396072056518902e-05,2.9978129695790484e-05,0.005513263285615779,0.0054752287345635605,0.0068987365706716375,4.1794236072841803e-07,0.039999999999999994,0.22184300341296928,0.18088737201365188,1.0
2026-05-04,2025-04-30,4.870399248856133e-06,7.673877125629101e-06,0.003712429499535946,7.0583460151077566e-06,5.85825393560881e-06,0.010244359952820371,2026-04-29,250,65651,305,100.0,6.097084157148026e-06,6.655937566634118e-06,6.097084157148026e-06,6.655937566634118e-06,0.0024692274413565117,0.0025799103795740887,-0.0448249263570355,-5.588534094860916e-07,0.04,0.3836065573770492,0.33114754098360655,1.0
2026-05-05,2025-05-01,7.001518402033197e-06,7.47258657581624e-06,0.0037568182639164836,6.897900144249234e-06,7.5660767120422505e-06,0.010282026712719878,2026-04-30,250,65728,243,100.0,6.932013150927081e-06,7.535298066371135e-06,6.932013150927081e-06,7.535298066371135e-06,0.0026328716548527542,0.0027450497384147953,-0.04260674209290882,-6.032849154440539e-07,0.039999999999999994,0.4074074074074074,0.2674897119341564,1.0
2026-05-06,2025-05-02,2.6589331516880285e-05,1.8755681131914393e-05,0.0036596523330283607,2.2977103072104705e-05,2.1998537795100176e-05,0.010200198958232586,2026-05-04,250,65815,228,100.0,2.4307924078074653e-05,2.080380112971594e-05,2.4307924078074653e-05,2.080380112971594e-05,0.004930306692090732,0.004561118407771929,0.07488140340459137,3.504122948358714e-06,0.039999999999999994,0.12280701754385964,0.06578947368421052,1.0
2026-05-07,2025-05-05,6.718233294223482e-06,7.297693538279418e-06,0.003617265486417865,5.346019646959964e-06,6.494191061139342e-06,0.010060365479743262,2026-05-05,250,65828,315,100.0,5.942823677674573e-06,6.843650868657406e-06,5.942823677674573e-06,6.843650868657406e-06,0.0024377907370557,0.0026160372452733553,-0.07311805131925997,-9.008271909828332e-07,0.04,0.3396825396825397,0.26666666666666666,1.0
2026-05-08,2025-05-06,5.997206861338712e-06,7.052811676848748e-06,0.0036181463957695535,4.506055388247096e-06,6.045314091102095e-06,0.010091306487328797,2026-05-06,250,65828,336,100.0,5.21168956747795e-06,6.522076341500065e-06,5.21168956747795e-06,6.522076341500065e-06,0.002282912518577519,0.0025538356136407966,-0.11867432188426119,-1.310386774022115e-06,0.039999999999999994,0.38095238095238093,0.33035714285714285,1.0
2026-05-11,2025-05-07,6.731470816026372e-06,7.122129197073772e-06,0.003545615709804992,4.522886984998617e-06,3.9071715993121075e-06,0.010008673842900136,2026-05-07,250,65911,266,100.0,5.278455137718639e-06,5.007025514335835e-06,5.278455137718639e-06,5.007025514335835e-06,0.002297488876516846,0.0022376383788127686,0.026050397160057193,2.7142962338280473e-07,0.04,0.39849624060150374,0.3157894736842105,1.0
2026-05-12,2025-05-08,5.396535547916532e-06,7.072403015921516e-06,0.0044758780921142554,6.652461095125166e-06,5.96833858266733e-06,0.009985929933721088,2026-05-08,250,66021,313,100.0,6.082680175944252e-06,6.469224044399261e-06,6.082680175944252e-06,6.469224044399261e-06,0.002466309018745269,0.0025434669340094166,-0.03128477197208701,-3.865438684550091e-07,0.04,0.3546325878594249,0.33865814696485624,1.0
2026-05-15,2025-05-09,6.797637546708647e-06,7.041099929882962e-06,0.0035210086851547575,1.3220277258413465e-05,9.33232766718975e-06,0.009867540799550902,2026-05-11,250,66066,303,100.0,9.998358987195205e-06,8.182932894679416e-06,9.998358987195205e-06,8.182932894679416e-06,0.0031620181826161604,0.002860582614552395,0.09533011850500062,1.8154260925157887e-06,0.04,0.3069306930693069,0.2079207920792079,1.0
2026-05-18,2025-05-12,8.411813038685318e-06,5.174029969674752e-06,0.0034973187223128937,8.24820734910591e-06,5.509484313101457e-06,0.009987686188562848,2026-05-12,250,66159,322,100.0,8.32696164067364e-06,5.348007843439534e-06,8.32696164067364e-06,5.348007843439534e-06,0.0028856475253699367,0.002312576018953655,0.19859373030765937,2.9789537972341053e-06,0.039999999999999994,0.36024844720496896,0.21739130434782608,1.0
2026-05-19,2025-05-13,6.475062934104899e-06,7.860056327307948e-06,0.0035253827558420644,6.094145943259522e-06,4.869434961139695e-06,0.009994717389832803,2026-05-15,250,66251,318,0.01,6.264240951750224e-06,6.204869659239985e-06,6.264240951750224e-06,6.204869659239985e-06,0.0025028465697581673,0.0024909575787716628,0.004750187698342678,5.937129251023937e-08,0.039999999999999994,0.4276729559748428,0.3553459119496855,1.0
2026-05-20,2025-05-14,4.1628302531387754e-05,2.448194408963819e-05,0.003512058066026689,4.368950398518204e-05,3.6028831605549425e-05,0.010061736606108516,2026-05-18,250,66348,258,100.0,4.276276224626678e-05,3.0837207761186235e-05,4.276276224626678e-05,3.0837207761186235e-05,0.006539324295847911,0.005553125945013874,0.1508104364024606,1.1925554485080543e-05,0.04,0.06201550387596899,0.003875968992248062,1.0
2026-05-21,2025-05-15,4.53093537083708e-06,9.729214582369309e-06,0.0034739454094292804,4.59277965808811e-06,6.77746156009453e-06,0.00995966003372681,2026-05-19,250,66447,319,100.0,4.5648624876675815e-06,8.109914335039886e-06,4.5648624876675815e-06,8.109914335039886e-06,0.0021365538812928592,0.002847791132621893,-0.33288992033220066,-3.5450518473723045e-06,0.04,0.438871473354232,0.3949843260188088,1.0
2026-05-22,2025-05-16,3.930163396428224e-06,9.53282375770442e-06,0.0034427358274041783,4.10463682793729e-06,6.370704677500373e-06,0.009939947759586384,2026-05-20,250,66482,330,100.0,4.023744600601268e-06,7.83677806923134e-06,4.023744600601268e-06,7.83677806923134e-06,0.0020059273667312255,0.00279942459609673,-0.3955762519250905,-3.8130334686300727e-06,0.04,0.3575757575757576,0.4,1.0
2026-05-26,2025-05-19,4.884790586958906e-06,7.3914551721386465e-06,0.003400038857586945,4.103796155628663e-06,5.994371892412823e-06,0.009901021940883,2026-05-21,250,66586,299,100.0,4.432910865821341e-06,6.583109328016349e-06,4.432910865821341e-06,6.583109328016349e-06,0.002105447901474017,0.0025657570672252563,-0.21862766845428871,-2.150198462195008e-06,0.039999999999999994,0.4013377926421405,0.42474916387959866,1.0
2026-05-27,2025-05-20,7.062531835389148e-06,5.460015473213569e-06,0.003405442220996983,3.544592673944927e-06,7.763902535365991e-06,0.009835726561771407,2026-05-22,250,66711,293,100.0,5.165486144234927e-06,6.70238460570532e-06,5.165486144234927e-06,6.70238460570532e-06,0.0022727705876825596,0.0025888964069088046,-0.1390927095499701,-1.5368984614703928e-06,0.039999999999999994,0.4334470989761092,0.3378839590443686,1.0
2026-05-28,2025-05-21,1.4671395341508574e-05,9.060476590239814e-06,0.0033778349686343894,1.1018799009000976e-05,1.4410566955044201e-05,0.00983743037603603,2026-05-26,250,66805,267,100.0,1.274249615467872e-05,1.1885805209855615e-05,1.274249615467872e-05,1.1885805209855615e-05,0.0035696633111091474,0.0034475796161735866,0.03420033888227614,8.566909448231051e-07,0.04,0.21722846441947566,0.19101123595505617,1.0
2026-05-29,2025-05-22,4.173092683728981e-06,7.750955343417307e-06,0.0033598924834405304,3.8116199768129506e-06,1.067357083550104e-05,0.009783458786111851,2026-05-27,250,66873,314,100.0,3.980844460623958e-06,9.305340015958656e-06,3.980844460623958e-06,9.305340015958656e-06,0.0019952053680320626,0.003050465540857437,-0.5288980220949449,-5.324495555334698e-06,0.039999999999999994,0.3821656050955414,0.445859872611465,1.0
2026-06-01,2025-05-23,7.745658208542652e-05,5.507277267070671e-05,0.0033647375504710637,1.2292434274963004e-05,1.5928030796802917e-05,0.009759144987309648,2026-05-28,250,66910,226,100.0,3.708941087540487e-05,3.082381752758047e-05,3.708941087540487e-05,3.082381752758047e-05,0.0060901076242875106,0.005551920165814749,0.08837076315801962,6.2655933478244005e-06,0.039999999999999994,0.04424778761061947,0.04424778761061947,1.0
2026-06-02,2025-05-27,9.447526787321975e-06,4.402187865836118e-06,0.0034278998400313404,4.0122518208125755e-06,9.005747283189165e-06,0.009732641653703165,2026-05-29,250,66999,269,100.0,6.073211101793834e-06,7.260159697427044e-06,6.073211101793834e-06,7.260159697427044e-06,0.0024643885857944226,0.002694468351535613,-0.09336180465509725,-1.1869485956332094e-06,0.04000000000000001,0.4275092936802974,0.30855018587360594,1.0
2026-06-03,2025-05-28,0.0001650886306413203,0.0001340584519829542,0.0033312182741116756,7.891671728740254e-06,1.1100672741063727e-05,0.00971944389588846,2026-06-01,250,67003,227,100.0,6.121398818807359e-05,5.280881812267416e-05,6.121398818807359e-05,5.280881812267416e-05,0.007823936872705044,0.007266967601597943,0.0711878534002709,8.40517006539943e-06,0.039999999999999994,0.04405286343612335,0.05726872246696035,1.0
2026-06-04,2025-05-29,5.105238447859653e-06,4.594991772195818e-06,0.003384258363952814,4.647315068582526e-06,9.661736185239185e-06,0.009788128447178619,2026-06-02,250,67055,280,0.01,4.843567945415581e-06,7.490274293934885e-06,4.843567945415581e-06,7.490274293934885e-06,0.0022008107472964553,0.002736836548633273,-0.24355833503416346,-2.646706348519304e-06,0.04,0.3392857142857143,0.20714285714285716,1.0
2026-06-05,2025-05-30,0.00021693094539433126,0.00018113700478764578,0.003373710760530798,0.000112034245444765,9.659652117652134e-05,0.009751281881942703,2026-06-03,250,67073,247,0.01,0.00015959874096845494,0.0001349306675912822,0.00015959874096845494,0.0001349306675912822,0.012633239527866751,0.011615966063624765,0.08052356341364819,2.4668073377172734e-05,0.039999999999999994,0.008097165991902834,0.008097165991902834,1.0
2026-06-08,2025-06-02,9.182929762687e-06,6.196594283233926e-06,0.0034164117915012684,4.76349610648281e-06,3.0337751717908204e-06,0.010009623754321743,2026-06-04,250,67139,299,100.0,6.625866142207653e-06,4.366601954539421e-06,6.625866142207653e-06,4.366601954539421e-06,0.002574075784083999,0.0020896415851861822,0.1881973335412911,2.2592641876682322e-06,0.039999999999999994,0.45484949832775917,0.38127090301003347,1.0
2026-06-09,2025-06-03,9.123904812292386e-06,1.0307352163677944e-05,0.003482125091198513,8.309299988821088e-06,3.426593977813501e-06,0.0099870106328292,2026-06-05,250,67174,268,0.01,8.619336152978073e-06,6.045390003776834e-06,8.619336152978073e-06,6.045390003776834e-06,0.002935870595407446,0.0024587374816716066,0.16251844154242157,2.5739461492012386e-06,0.039999999999999994,0.43283582089552236,0.23507462686567165,1.0
2026-06-10,2025-06-04,9.97803532648327e-06,1.2701816987362339e-05,0.0036138358286009293,1.574755745050848e-05,4.262492681260692e-06,0.010016414083169393,2026-06-08,250,67264,248,0.01,1.3863157079355087e-05,7.018884894140665e-06,1.3863157079355087e-05,7.018884894140665e-06,0.0037233260774951053,0.0026493178167484297,0.28845398936136757,6.844272185214421e-06,0.04,0.3911290322580645,0.20161290322580644,1.0
2026-06-11,2025-06-05,0.0001897075509107981,0.00013643881888569085,0.0036010700322381514,0.00010294038849930768,8.418766300586688e-05,0.010176857863611926,2026-06-09,250,67322,220,100.0,0.00013528087630722686,0.00010366309383380126,0.00013528087630722686,0.00010366309383380126,0.011631030749990598,0.01018150744407729,0.12462552434696983,3.1617782473425605e-05,0.039999999999999994,0.013636363636363636,0.0,1.0
2026-06-12,2025-06-06,6.971323664939856e-06,1.0415917232586016e-05,0.0035517369685079325,5.367357535721746e-06,5.492831612628209e-06,0.010006774560832791,2026-06-10,250,67372,310,100.0,6.081381167438195e-06,7.684398759577168e-06,6.081381167438195e-06,7.684398759577168e-06,0.002466045653964702,0.002772074811324032,-0.12409711753199781,-1.6030175921389736e-06,0.04,0.4129032258064516,0.4129032258064516,1.0
2026-06-15,2025-06-09,6.188344628344837e-06,8.369391893725124e-06,0.0036066362106275543,1.1745358867759387e-05,1.4345966350249857e-05,0.009952946410515673,2026-06-11,250,67385,280,0.01,9.026391186331554e-06,1.1421713848307398e-05,9.026391186331554e-06,1.1421713848307398e-05,0.0030043953112617442,0.0033796026169222023,-0.12488613074784882,-2.3953226619758443e-06,0.04,0.26785714285714285,0.24642857142857144,1.0
2026-06-16,2025-06-10,2.8617220478425197e-05,1.8694061564692608e-05,0.0035422711018149927,1.6631173564970438e-05,1.8718833578631887e-05,0.00978047772346091,2026-06-12,250,67498,268,0.01,2.186388807569509e-05,1.870801893075541e-05,2.186388807569509e-05,1.870801893075541e-05,0.004675883667895844,0.004325276746146471,0.07498195991414525,3.15586914493968e-06,0.039999999999999994,0.1455223880597015,0.11194029850746269,1.0
2026-06-17,2025-06-11,1.0548902357518626e-05,7.910537149122862e-06,0.0035088891859377104,8.63909228644223e-06,5.957144793869888e-06,0.009839134780696493,2026-06-15,250,67579,315,100.0,9.475770984247128e-06,6.812916682837857e-06,9.475770984247128e-06,6.812916682837857e-06,0.003078274026828529,0.0026101564479620483,0.152071444837798,2.6628543014092707e-06,0.04,0.35873015873015873,0.23174603174603176,1.0
2026-06-18,2025-06-12,1.3039625843896155e-05,1.162510537565954e-05,0.003547896604156108,9.145930479597909e-06,8.863513884923619e-06,0.009963558086806304,2026-06-16,250,67640,316,100.0,1.0944916312469883e-05,1.013943906735224e-05,1.0944916312469883e-05,1.013943906735224e-05,0.003308310189880913,0.003184248587555978,0.0374999909937106,8.054772451176432e-07,0.04,0.2468354430379747,0.14556962025316456,1.0
2026-06-22,2025-06-13,0.00011740122636340995,9.99082934548438e-05,0.0035233716989362795,2.848356291958256e-05,2.6620012702071273e-05,0.010077131263893724,2026-06-17,250,67774,259,0.01,7.002424738561775e-05,6.085893923135882e-05,7.002424738561775e-05,6.085893923135882e-05,0.008368049198326797,0.0078012139588245375,0.06773803858796612,9.16530815425893e-06,0.04,0.0,0.003861003861003861,1.0
2026-06-23,2025-06-16,1.3526015353673305e-05,1.8391160734491493e-05,0.0035352345038887575,1.1745474010254572e-05,7.139488691358464e-06,0.01010894423622026,2026-06-18,250,67892,291,1.0,1.2443005670562943e-05,1.1547360213410576e-05,1.2443005670562943e-05,1.1547360213410576e-05,0.003527464481828689,0.003398140699472371,0.03666196584615211,8.956454571523672e-07,0.04,0.3470790378006873,0.3024054982817869,1.0
2026-06-24,2025-06-17,1.3164397361254841e-05,1.2058420181216496e-05,0.0035677879714576945,2.4975652196977753e-05,2.0043049008997223e-05,0.01025790915782873,2026-06-22,250,67946,290,1.0,1.9151481709017835e-05,1.6105801000815693e-05,1.9151481709017835e-05,1.6105801000815693e-05,0.004376240590851677,0.004013203334098049,0.08295642097752587,3.045680708202142e-06,0.04,0.27586206896551724,0.21724137931034482,1.0
2026-06-25,2025-06-18,3.537849793440638e-05,2.7714651793273697e-05,0.0035826395523406588,1.0542136020447017e-05,5.787503920358137e-06,0.01026266570290764,2026-06-23,250,68023,309,1.0,2.1232220598300077e-05,1.5225402519380048e-05,2.1232220598300077e-05,1.5225402519380048e-05,0.004607843378230219,0.003901974182305676,0.15318862599788563,6.006818078920029e-06,0.04,0.28802588996763756,0.18770226537216828,1.0
2026-06-26,2025-06-20,3.233640182413785e-05,3.599174151438e-05,0.0038161003089224074,1.7413303798018406e-05,1.297967916757138e-05,0.0102478510145717,2026-06-24,250,68106,198,1.0,2.2990623262325673e-05,2.1580146913348335e-05,2.2990623262325673e-05,2.1580146913348335e-05,0.004794853831174176,0.004645443672390005,0.031160524187988314,1.4104763489773376e-06,0.039999999999999994,0.19696969696969696,0.21212121212121213,1.0
2026-06-29,2025-06-23,8.16532956023157e-06,1.766759760803206e-05,0.00370004933399112,5.280539013951902e-05,4.0236024755626604e-05,0.010322496879243885,2026-06-25,250,68202,277,1.0,3.056593757655271e-05,2.899254841494774e-05,3.056593757655271e-05,2.899254841494774e-05,0.005528646993302494,0.005384472900381962,0.02607764487318276,1.5733891616049662e-06,0.04,0.22743682310469315,0.23465703971119134,1.0
2026-06-30,2025-06-24,6.17519599280048e-06,1.5348412278957856e-05,0.0037268403492581813,6.0297229814047304e-06,8.728100155916233e-06,0.010155191632928471,2026-06-26,250,68185,311,0.01,6.0938059478395135e-06,1.1644443438413668e-05,6.0938059478395135e-06,1.1644443438413668e-05,0.0024685635393563426,0.0034123955571436423,-0.38234058096531554,-5.550637490574155e-06,0.04,0.3890675241157556,0.41479099678456594,1.0
2026-07-01,2025-06-25,2.2853426278563124e-05,2.688593652354538e-05,0.003628697815869504,6.389499799987519e-06,9.475703154391527e-06,0.010076726435180846,2026-06-29,250,68251,284,0.01,1.3172173736583807e-05,1.664822887337392e-05,1.3172173736583807e-05,1.664822887337392e-05,0.003629348941144101,0.004080224120483325,-0.12423031972150134,-3.4760551367901144e-06,0.04,0.22535211267605634,0.15140845070422534,1.0
2026-07-02,2025-06-26,3.699085451166351e-06,1.3583493211874232e-05,0.003566818397988995,5.651108445541186e-06,9.142855671253252e-06,0.010090373578631196,2026-06-30,250,68357,318,0.01,4.748758193424517e-06,1.1195603213615782e-05,4.748758193424517e-06,1.1195603213615782e-05,0.0021791645631811557,0.0033459831460447885,-0.5354430787734108,-6.446845020191264e-06,0.039999999999999994,0.4056603773584906,0.39622641509433965,1.0
2026-07-06,2025-06-27,2.0049643891992842e-05,2.01633495888241e-05,0.0034021320027217065,6.363660430985049e-06,1.102554074662617e-05,0.010103650742501143,2026-07-01,250,68432,263,100.0,1.2191911942897112e-05,1.4916927021630611e-05,1.2191911942897112e-05,1.4916927021630611e-05,0.003491691845351922,0.003862243780709681,-0.10612389402318856,-2.725015078733499e-06,0.04,0.19391634980988592,0.17110266159695817,1.0
2026-07-07,2025-06-30,1.2011131522157134e-05,1.7623605059205088e-05,0.0033582805603530985,7.658366603494188e-06,1.0739338746653247e-05,0.010016234959003301,2026-07-02,250,68548,255,0.01,9.160497242091596e-06,1.3115085552553491e-05,9.160497242091596e-06,1.3115085552553491e-05,0.003026631335675291,0.003621475604301856,-0.1965367442063588,-3.954588310461895e-06,0.039999999999999994,0.29411764705882354,0.2235294117647059,1.0
2026-07-08,2025-07-01,7.776554006822262e-05,6.389744391543292e-05,0.0033799008562415507,8.564844061924067e-06,8.347585085131138e-06,0.01006405825788073,2026-07-06,250,68603,253,0.01,3.2634651368462693e-05,2.76692751130622e-05,3.2634651368462693e-05,2.76692751130622e-05,0.005712674624767517,0.005260159228869616,0.07921252751487073,4.965376255400494e-06,0.04,0.17786561264822134,0.08695652173913043,1.0
2026-07-09,2025-07-02,0.000125502550464542,0.00010801067678743683,0.0033504578959124417,1.9811083067895784e-05,2.0116600279230116e-05,0.010095246847330293,2026-07-07,250,68641,249,100.0,6.565316531222424e-05,5.8239332258693285e-05,6.565316531222424e-05,5.8239332258693285e-05,0.008102664087337216,0.007631469862267248,0.05815300004924884,7.4138330535309546e-06,0.04,0.0321285140562249,0.028112449799196786,1.0
2026-07-10,2025-07-03,3.0854002202015215e-05,2.0923976741024703e-05,0.0033204730883562078,9.654938790437193e-06,1.521096207024796e-05,0.010010505381064504,2026-07-08,250,68680,269,100.0,1.958461161519121e-05,1.7886946637228892e-05,1.958461161519121e-05,1.7886946637228892e-05,0.004425450442067023,0.004229296234272186,0.04432412256394347,1.6976649779623169e-06,0.04000000000000001,0.1412639405204461,0.11524163568773234,1.0
2026-07-13,2025-07-07,3.931685714408057e-05,4.157104237731988e-05,0.00332995052644932,2.2143881578210133e-05,2.1271723253970735e-05,0.009967543545930196,2026-07-09,250,68727,256,100.0,3.0394959682124446e-05,3.102491173901739e-05,3.0394959682124446e-05,3.102491173901739e-05,0.005513162403024642,0.005570001053771659,-0.010309627504503371,-6.299520568929477e-07,0.04,0.07421875,0.03515625,1.0
2026-07-14,2025-07-08,4.326274722390336e-06,9.36430346851703e-06,0.003309066843150232,6.512114573205812e-06,9.494568208186907e-06,0.01004444518600585,2026-07-10,250,68797,306,100.0,5.519200392606626e-06,9.435395663042748e-06,5.519200392606626e-06,9.435395663042748e-06,0.002349297850977314,0.0030717089157409998,-0.3075008409270714,-3.916195270436123e-06,0.04,0.35294117647058826,0.369281045751634,1.0
2026-07-15,2025-07-09,5.1644947098359654e-05,4.635987016202185e-05,0.0033348154735437976,1.2039631117119795e-05,1.3470096829408166e-05,0.010008907598792277,2026-07-13,250,68860,272,100.0,2.878452574154106e-05,2.7375699525182328e-05,2.878452574154106e-05,2.7375699525182328e-05,0.0053651212233780015,0.005232179232899264,0.024778935077823694,1.4088262163587305e-06,0.039999999999999994,0.14705882352941177,0.04779411764705882,1.0
2026-07-16,2025-07-10,4.031608843834514e-06,1.6978119034078037e-05,0.0032061068702290076,1.0042242637622315e-05,9.917838812183724e-06,0.009969392297399347,2026-07-14,250,68962,294,1.0,7.404923728103179e-06,1.301571686872919e-05,7.404923728103179e-06,1.301571686872919e-05,0.0027211989504817872,0.0036077301546442175,-0.32578698591864086,-5.6107931406260105e-06,0.04,0.41156462585034015,0.45918367346938777,1.0
2026-07-17,2025-07-11,9.21977535049494e-06,2.3657893334268468e-05,0.003150693152493549,1.3671916346697847e-05,6.584598091881924e-06,0.010023706575021314,2026-07-15,250,69032,330,100.0,1.1499811194004914e-05,1.491429667983415e-05,1.1499811194004914e-05,1.491429667983415e-05,0.0033911371535231237,0.0038619032457888106,-0.1388224866625043,-3.4144854858292366e-06,0.04,0.23636363636363636,0.22727272727272727,1.0
2026-07-20,2025-07-14,1.1027593493484702e-05,2.179717630203213e-05,0.0031461616827470488,1.1792437483795384e-05,5.9780089653113985e-06,0.010123904532551225,2026-07-16,250,69132,334,100.0,1.1421465248974035e-05,1.3650778751385524e-05,1.1421465248974035e-05,1.3650778751385524e-05,0.0033795658373486433,0.0036946960296329553,-0.09324576216320724,-2.2293135024114887e-06,0.04,0.25748502994011974,0.281437125748503,1.0
2026-07-21,2025-07-15,6.167025824761526e-06,2.311942510764598e-05,0.0032150402645518853,8.40130553859909e-06,8.171031677591596e-06,0.010140275438289156,2026-07-17,250,69260,342,100.0,7.297231644919123e-06,1.5557810887179872e-05,7.297231644919123e-06,1.5557810887179872e-05,0.0027013388615497913,0.003944339093838139,-0.4601422835101938,-8.26057924226075e-06,0.039999999999999994,0.3508771929824561,0.3333333333333333,1.0
2026-07-22,2025-07-16,5.349240186412027e-06,1.8063031823285882e-05,0.003203759077317386,8.62003874532945e-06,8.901328332012408e-06,0.010056391992302348,2026-07-20,250,69375,334,100.0,7.014017896040654e-06,1.3399889327727525e-05,7.014017896040654e-06,1.3399889327727525e-05,0.002648399119475887,0.0036605859268329607,-0.3821881679062722,-6.385871431686871e-06,0.04,0.32335329341317365,0.38323353293413176,1.0
2026-07-23,2025-07-17,1.547399900390498e-05,2.7644804829201363e-05,0.0032219460554174725,1.948009146849414e-05,1.0611686681211667e-05,0.010068097831177,2026-07-21,250,69494,305,100.0,1.756242097724818e-05,1.8765244876642798e-05,1.756242097724818e-05,1.8765244876642798e-05,0.004190754225345144,0.004331886987981427,-0.03367717481085619,-1.2028238993946175e-06,0.04,0.15737704918032788,0.20655737704918034,1.0
2026-07-24,2025-07-18,5.341800845202621e-06,1.6249751075562936e-05,0.003264316358888266,1.1582808375539884e-05,5.934777406457609e-06,0.010193986561543257,2026-07-22,250,69610,331,100.0,8.66028219063875e-06,1.0765052085343789e-05,8.66028219063875e-06,1.0765052085343789e-05,0.0029428357396631484,0.003281013880699652,-0.11491573806807609,-2.104769894705038e-06,0.039999999999999994,0.31722054380664655,0.3202416918429003,1.0
2026-07-27,2025-07-21,4.739304484646997e-06,2.126920585671533e-05,0.0031529637859588006,1.0668533361834913e-05,5.4019380616645674e-06,0.01018363985763198,2026-07-23,250,69692,333,100.0,7.8552656062923e-06,1.2930551610067029e-05,7.8552656062923e-06,1.2930551610067029e-05,0.002802724675435013,0.0035959076197904513,-0.2830042320272961,-5.07528600377473e-06,0.04,0.24924924924924924,0.30930930930930933,1.0
2026-07-28,2025-07-22,2.2502632233924345e-05,2.851072677653606e-05,0.003116559318512363,1.7726714396427912e-05,1.0969377683366484e-05,0.010181435278518176,2026-07-24,250,69796,290,100.0,1.9966455175391758e-05,1.9195665533956357e-05,1.9966455175391758e-05,1.9195665533956357e-05,0.00446838395568149,0.004381285831118116,0.019492086048834345,7.707896414354007e-07,0.04,0.15172413793103448,0.09655172413793103,1.0
2026-07-29,2025-07-23,4.576162690366453e-06,1.6799910822905223e-05,0.0030875088214537753,1.9504832868261413e-05,5.225643473294781e-06,0.010157110655184516,2026-07-27,250,69917,281,100.0,1.3448361692887655e-05,9.921253714773749e-06,1.3448361692887655e-05,9.921253714773749e-06,0.0036672007980048838,0.0031498021707360843,0.1410881639070014,3.527107978113906e-06,0.039999999999999994,0.398576512455516,0.3594306049822064,1.0
2026-07-30,2025-07-24,1.2777402845860096e-05,1.5154174605256837e-05,0.003104763594429168,2.183824273935481e-05,1.7405960156139465e-05,0.010315845968250486,2026-07-28,250,70002,255,100.0,1.807177596009818e-05,1.646992380949806e-05,1.807177596009818e-05,1.646992380949806e-05,0.004251091149351915,0.0040583153905898025,0.04534735953415192,1.6018521506001213e-06,0.039999999999999994,0.20784313725490197,0.20784313725490197,1.0
2026-07-31,2025-07-25,0.00017670274718267897,0.00013808491699843396,0.003149086764838196,4.347292884973934e-05,3.884339587511352e-05,0.010145744178834822,2026-07-29,250,70067,268,0.01,0.00010809933326497124,8.698293970358987e-05,0.00010809933326497124,8.698293970358987e-05,0.010397082920943318,0.009326464480369282,0.10297296354321084,2.1116393561381366e-05,0.039999999999999994,0.03731343283582089,0.0,1.0
2026-08-03,2025-07-28,1.2935858625280248e-05,1.2935858625280248e-05,0.003399048266485384,4.207184366608597e-06,1.1493828124310098e-05,0.01007321928168882,2026-07-30,250,70111,319,0.01,8.31157665125044e-06,1.2171898892791362e-05,8.31157665125044e-06,1.2171898892791362e-05,0.0028829805152394703,0.0034888248584288898,-0.21014513972152038,-3.860322241540921e-06,0.04,0.34796238244514105,0.322884012539185,0.5297805642633229
2026-08-04,2025-07-29,1.859554120847145e-05,1.859554120847145e-05,0.0034605497330433077,4.92880059429536e-06,8.857980042895662e-06,0.009931760528990193,2026-07-31,250,70177,266,0.01,1.0169430453866645e-05,1.2591932068793146e-05,1.0169430453866645e-05,1.2591932068793146e-05,0.0031889544452479474,0.0035485112468179028,-0.11275068607698446,-2.422501614926501e-06,0.04,0.3533834586466165,0.2894736842105263,0.6165413533834586
2026-08-05,2025-07-30,2.47842154515813e-05,2.4522440951686426e-05,0.003393884543280108,4.176880426908837e-06,9.823090900242234e-06,0.009755872324426639,2026-08-03,250,70278,286,100.0,1.2174832132288711e-05,1.5528083402725818e-05,1.2174832132288711e-05,1.5528083402725818e-05,0.003489245209538692,0.003940568918662103,-0.12934708855932775,-3.3532512704371065e-06,0.04,0.42657342657342656,0.32517482517482516,1.0
2026-08-06,2025-07-31,2.9679529172574688e-05,1.82460450712479e-05,0.003376205787781351,4.554732198056491e-06,1.2033699510811767e-05,0.00977538939191208,2026-08-04,250,70356,282,100.0,1.4355184918613234e-05,1.445695487126558e-05,1.4355184918613234e-05,1.445695487126558e-05,0.00378882368534262,0.003802230249638438,-0.0035384502973001553,-1.0176995265234653e-07,0.04,0.3475177304964539,0.20567375886524822,1.0
2026-08-07,2025-08-01,3.7924261273340045e-05,1.4802686120193433e-05,0.0033609679587721267,5.757923344835508e-06,1.3416970661105334e-05,0.009791033881544706,2026-08-05,250,70443,310,100.0,2.1322280407015126e-05,1.4087478141309253e-05,2.1322280407015126e-05,1.4087478141309253e-05,0.004617605484124334,0.003753328941261244,0.18716985369030248,7.234802265705873e-06,0.04,0.3032258064516129,0.23225806451612904,1.0
2026-08-10,2025-08-04,4.446650528934612e-05,1.6626720218049214e-05,0.003351099479781699,3.542982627567885e-06,9.642532167625873e-06,0.009731522385743475,2026-08-06,250,70507,290,100.0,2.0053507287664616e-05,1.2460290794865634e-05,2.0053507287664616e-05,1.2460290794865634e-05,0.004478114255762644,0.0035299137092662243,0.21174103480638784,7.593216492798982e-06,0.04,0.40344827586206894,0.296551724137931,1.0
2026-08-11,2025-08-05,6.441372062775917e-05,2.2134164927934454e-05,0.00428209952637384,1.088071691955803e-05,1.7097933202387774e-05,0.009734417810434267,2026-08-07,250,70630,274,100.0,3.686571506988925e-05,1.9542527434131235e-05,3.686571506988925e-05,1.9542527434131235e-05,0.006071714343567988,0.004420693094315781,0.2719201128098526,1.7323187635758012e-05,0.039999999999999994,0.17518248175182483,0.12408759124087591,1.0
2026-08-12,2025-08-06,6.528572084769467e-05,3.2062591085826016e-05,0.003476435669541832,4.066700991988454e-06,1.227835313612868e-05,0.009765621106727577,2026-08-10,250,70712,304,1.0,3.165553559801395e-05,2.1194276159512017e-05,3.165553559801395e-05,2.1194276159512017e-05,0.005626325230380301,0.004603724161970612,0.18175292513983732,1.0461259438501935e-05,0.04,0.3782894736842105,0.2993421052631579,1.0
2026-08-13,2025-08-07,5.0525099726942296e-05,2.018937649612454e-05,0.0035070306038047987,3.596758700863814e-06,1.2627556196832495e-05,0.009741222540097605,2026-08-11,250,70773,271,0.01,2.1606158947034153e-05,1.5529509374420583e-05,2.1606158947034153e-05,1.5529509374420583e-05,0.004648242565425577,0.003940749849257192,0.15220649658665353,6.0766495726135706e-06,0.04,0.44649446494464945,0.3062730627306273,1.0
2026-08-14,2025-08-08,6.77539829681526e-05,2.702032401492372e-05,0.003472449714997051,3.5930958912583772e-06,1.1841718561027792e-05,0.009673724739034299,2026-08-12,250,70869,314,0.01,3.342586504166142e-05,1.8899286702011253e-05,3.342586504166142e-05,1.8899286702011253e-05,0.005781510619350398,0.004347330986020187,0.2480631322426513,1.452657833965017e-05,0.039999999999999994,0.2770700636942675,0.21656050955414013,1.0
2026-08-17,2025-08-11,5.0546996928214426e-05,1.3822487634435436e-05,0.0034648448991599383,5.261192132837556e-06,1.2666658296173324e-05,0.009692914187082978,2026-08-13,250,70941,310,100.0,2.6151095635221084e-05,1.3199831184468426e-05,2.6151095635221084e-05,1.3199831184468426e-05,0.005113814196392071,0.0036331571923698025,0.2895406338906311,1.2951264450752658e-05,0.04,0.4,0.2838709677419355,1.0
2026-08-18,2025-08-12,5.1222069849925945e-05,1.7861155072057775e-05,0.003468699892012174,5.418480637348379e-06,9.938410848126223e-06,0.009738953240063674,2026-08-14,250,71050,307,0.01,2.556012410216262e-05,1.3422353747900682e-05,2.556012410216262e-05,1.3422353747900682e-05,0.005055702137405112,0.003663653060525885,0.27534238351979134,1.2137770354261939e-05,0.04,0.3713355048859935,0.23452768729641693,1.0
2026-08-19,2025-08-13,4.624399049976139e-05,1.2851045018613433e-05,0.003419023965422701,4.869822635928816e-06,1.3280679864375063e-05,0.00980519512671835,2026-08-17,250,71146,311,0.01,2.376092178918999e-05,1.3084512185602872e-05,2.376092178918999e-05,1.3084512185602872e-05,0.004874517595535992,0.0036172520213005443,0.2579261536335067,1.067640960358712e-05,0.04,0.3987138263665595,0.2829581993569132,1.0
2026-08-20,2025-08-14,0.00013731066358016862,0.00010533295202974169,0.0033456427737272353,1.5098421536010725e-05,1.9954224772578546e-05,0.009784668296361794,2026-08-18,250,71253,266,0.01,7.896120967186768e-05,6.456942435432921e-05,7.896120967186768e-05,6.456942435432921e-05,0.008886012022941881,0.00803551021120185,0.09571243090198478,1.4391785317538475e-05,0.04,0.03007518796992481,0.041353383458646614,1.0
2026-08-21,2025-08-15,6.300498263338003e-05,2.114658676904423e-05,0.0034050754898811435,7.082572217558787e-06,1.3130279213631465e-05,0.009867554419092579,2026-08-19,250,71350,298,0.01,3.4105481948693884e-05,1.7003931186716826e-05,3.4105481948693884e-05,1.7003931186716826e-05,0.005839989892858881,0.004123582324474294,0.29390591420087964,1.710155076197706e-05,0.04,0.10067114093959731,0.11409395973154363,1.0
2026-08-24,2025-08-18,4.450772215472412e-05,1.59644350324481e-05,0.0034265395183449157,4.698343340014828e-06,8.610794297590067e-06,0.009827348116805096,2026-08-20,250,71414,325,100.0,2.3806845171075292e-05,1.2140541850321923e-05,2.3806845171075292e-05,1.2140541850321923e-05,0.004879225878259306,0.0034843280342588185,0.28588507251033957,1.166630332075337e-05,0.04,0.31384615384615383,0.26461538461538464,1.0
2026-08-25,2025-08-19,4.706701818121123e-05,1.9693305476533086e-05,0.0034156086872462466,3.978924913832309e-06,1.0264993748752307e-05,0.00985631000563218,2026-08-21,250,71506,306,100.0,2.2425134776664465e-05,1.4301297135481988e-05,2.2425134776664465e-05,1.4301297135481988e-05,0.004735518427444293,0.003781705585510589,0.2014167733792277,8.123837641182477e-06,0.04,0.40522875816993464,0.35294117647058826,1.0
2026-08-26,2025-08-20,5.579816629396936e-05,1.53946588829992e-05,0.0034204582123265586,3.445899535360716e-06,9.36888506634409e-06,0.009824910237495267,2026-08-24,250,71584,298,100.0,2.5581421721886516e-05,1.1916695472043905e-05,2.5581421721886516e-05,1.1916695472043905e-05,0.005057807995751372,0.003452056701742297,0.31747968593468323,1.3664726249842611e-05,0.04,0.4161073825503356,0.2483221476510067,1.0
2026-08-27,2025-08-21,8.590708703355226e-05,3.828202877050288e-05,0.0033817195724996016,1.0993896327331155e-05,1.8253185824393666e-05,0.009822730002088553,2026-08-25,250,71641,264,1.0,4.5612870820357565e-05,2.7508939004035045e-05,4.5612870820357565e-05,2.7508939004035045e-05,0.006753730141215117,0.005244896472194189,0.2234074559498852,1.810393181632252e-05,0.039999999999999994,0.06818181818181818,0.08712121212121213,1.0
2026-08-28,2025-08-22,4.26783486202684e-05,1.8256312239477254e-05,0.0033695721279165887,5.100669225918453e-06,1.55200934450143e-05,0.009758782259110364,2026-08-26,250,71681,321,100.0,2.3713912290409552e-05,1.6875416773112777e-05,2.3713912290409552e-05,1.6875416773112777e-05,0.004869693243974363,0.004107969908983363,0.1564212152240878,6.838495517296775e-06,0.04,0.37383177570093457,0.2897196261682243,1.0
2026-08-31,2025-08-25,4.129044420478274e-05,1.2502735606775413e-05,0.00331560838285893,4.454735532851159e-06,1.4515272427171468e-05,0.009780980048092547,2026-08-27,250,71695,276,100.0,2.073718646754555e-05,1.3625672818155821e-05,2.073718646754555e-05,1.3625672818155821e-05,0.004553810104466979,0.0036912969019242846,0.18940473641986677,7.11151364938973e-06,0.039999999999999994,0.4891304347826087,0.38405797101449274,1.0
2026-09-01,2025-08-27,3.481257716721945e-05,9.45134272790279e-06,0.003345431592236075,5.785526682225911e-06,1.122548880951214e-05,0.009810308324098821,2026-08-28,250,71771,265,100.0,1.805356311361941e-05,1.0475661031624416e-05,1.805356311361941e-05,1.0475661031624416e-05,0.004248948471518501,0.003236612585964594,0.23825562779586162,7.577902081994993e-06,0.04000000000000001,0.3283018867924528,0.2528301886792453,1.0
2026-09-02,2025-08-28,3.430865044083204e-05,7.077038317036325e-06,0.0032602343677913454,1.5287825392248386e-05,1.90601123866826e-05,0.00987817611383864,2026-08-31,250,71811,248,0.01,2.4261359790168897e-05,1.340680728124464e-05,2.4261359790168897e-05,1.340680728124464e-05,0.0049255821777906515,0.0036615307292503555,0.2566298567182328,1.0854552508924257e-05,0.04,0.23387096774193547,0.125,1.0
2026-09-03,2025-08-29,4.9307770538834426e-05,1.7404216010131994e-05,0.0032619399310684387,1.9488849482553772e-05,2.3785220663527286e-05,0.009834540488263894,2026-09-01,250,71832,264,0.01,3.3381755883775444e-05,2.0812252586377205e-05,3.3381755883775444e-05,2.0812252586377205e-05,0.005777694685925819,0.004562044781277054,0.21040397091421748,1.2569503297398239e-05,0.039999999999999994,0.1553030303030303,0.07196969696969698,1.0
2026-09-04,2025-09-02,9.747796144266337e-05,7.698263983710965e-05,0.0032296395600377808,4.340017815513617e-06,1.3491582911517759e-05,0.009732655172859789,2026-09-02,250,71851,280,1.0,4.3258372831144055e-05,4.00217745554258e-05,4.3258372831144055e-05,4.00217745554258e-05,0.006577109762741082,0.006326276515884031,0.03813730588441844,3.2365982757182537e-06,0.04,0.17857142857142858,0.1357142857142857,1.0
