evaluated_session,train_start,baseline_loss_AAPL,model_loss_AAPL,q_effective_AAPL,baseline_loss_SPY,model_loss_SPY,q_effective_SPY,train_end,train_sessions,train_rows,evaluation_rows,alpha,baseline_loss,model_loss,baseline_mse,model_mse,baseline_rmse,model_rmse,rho,d,r_effective,model_within_spread,baseline_within_spread,learned_coverage
2020-10-23,2019-05-10,0.062624780776265,0.0003272042202133022,0.006868250539956802,3.416362806770983e-05,2.722655324944056e-06,0.016485351556832367,2020-10-19,120,22383,247,0.01,0.033736803630943175,0.0001774434979571369,0.033736803630943175,0.0001774434979571369,0.18367581122984913,0.013320791941815506,0.9274766129920827,0.033559360132986035,0.0008995952428360928,0.0728744939271255,0.008097165991902834,1.0
2020-10-26,2019-05-10,0.054287520407789655,0.0002191388069878832,0.006910639777468705,7.278925447477777e-05,1.4583478581906336e-05,0.0164295708253803,2020-10-21,121,22627,258,0.01,0.02907136638299204,0.00012399679377580095,0.02907136638299204,0.00012399679377580095,0.17050327381898578,0.011135384761013018,0.9346910794637594,0.02894736958921624,0.0009995003330835331,0.06976744186046512,0.023255813953488372,1.0
2020-10-28,2019-05-10,0.06326526299691053,0.00019732220137729794,0.0068181818181818205,0.00016885148096611448,7.021767085962189e-05,0.01679680976878955,2020-10-23,122,22874,223,0.01,0.02874614997025036,0.00012778519365013884,0.02874614997025036,0.00012778519365013884,0.16954689607966983,0.011304211323667778,0.933326934405476,0.028618364776600222,0.0009995003330835334,0.12556053811659193,0.04035874439461883,1.0
2020-10-30,2019-05-10,0.05966217407350439,0.0003051620405944171,0.00689386056191467,0.0001309919336518006,3.9895208280419736e-05,0.017216246439178125,2020-10-26,123,23132,221,0.01,0.028415037746703935,0.00016592696118978493,0.028415037746703935,0.00016592696118978493,0.16856760586394984,0.012881263959324214,0.923583989383342,0.02824911078551415,0.0008995952428360927,0.03167420814479638,0.027149321266968326,1.0
2020-11-02,2019-05-10,0.05586196291063265,0.00029211064224292073,0.0073029579276134475,7.893352277416049e-05,1.7102025106679834e-05,0.017397614381086543,2020-10-28,124,23355,237,0.01,0.025499048180532453,0.00014242240759914407,0.025499048180532453,0.00014242240759914407,0.15968421393654555,0.011934085955746425,0.9252644600142583,0.02535662577293331,0.0008995952428360929,0.11814345991561181,0.046413502109704644,1.0
2020-11-04,2019-05-10,0.06249258061762882,0.0005040510487416164,0.007198478812024627,2.764345839445572e-05,5.6392388416736105e-06,0.016906279201261785,2020-10-30,125,23576,222,0.01,0.030134617674782187,0.00024586475082047485,0.030134617674782187,0.00024586475082047485,0.1735932535405169,0.015680074962208402,0.9096734772670837,0.029888752923961714,0.0009995003330835331,0.07657657657657657,0.06756756756756757,1.0
2020-11-06,2019-05-10,0.06319507680273799,0.0006440781237957858,0.006678988490296563,1.4844614153044749e-05,1.0380457885235418e-05,0.016220354613978978,2020-11-02,126,23813,222,0.01,0.032174151989423756,0.0003329382788216868,0.032174151989423756,0.0003329382788216868,0.17937154732404959,0.01824659636265588,0.8982748566600036,0.03184121371060207,0.0009995003330835331,0.05405405405405406,0.036036036036036036,1.0
2020-11-09,2019-05-10,0.04935791331781415,0.0004187221027500187,0.006803437526329095,1.3701649470641296e-05,9.949434772964358e-06,0.016224060429517934,2020-11-04,127,24035,182,0.01,0.01899224459883353,0.00016716969168721605,0.01899224459883353,0.00016716969168721605,0.13781235285283222,0.012929411884815799,0.9061810380770225,0.018825074907146314,0.0009995003330835331,0.17582417582417584,0.04395604395604396,1.0
2020-11-11,2019-05-10,0.07676157357488987,0.000832076224600018,0.006963007674398551,1.226925526874067e-05,1.5662538836111926e-05,0.016046257485029938,2020-11-06,128,24257,224,0.01,0.04078533717506748,0.00044938230939818694,0.04078533717506748,0.00044938230939818694,0.2019537996054233,0.021198639328933046,0.8950322332615139,0.04033595486566929,0.0009995003330835331,0.044642857142857144,0.03125,1.0
2020-11-13,2019-05-10,0.07622944053727855,0.0008528831211779991,0.006773760590554482,1.1474751285650039e-05,2.7672301900634116e-05,0.01608396421392372,2020-11-09,129,24439,203,1.0,0.04168730825988275,0.0004788959518503264,0.04168730825988275,0.0004788959518503264,0.20417470034233612,0.021883691458488588,0.8928187898804475,0.04120841230803242,0.0009995003330835334,0.054187192118226604,0.019704433497536946,1.0
2020-11-16,2019-05-10,0.07084633642986678,0.0008285891468401865,0.006770920677511319,,,,2020-11-11,130,24663,107,100.0,0.07084633642986678,0.0008285891468401865,0.07084633642986678,0.0008285891468401865,0.2661697511549101,0.028785224453531478,0.8918538852419088,0.0700177472830266,0.0008995952428360928,0.0,0.0,1.0
2020-11-18,2019-05-10,0.07347966838206352,0.0007932108288001056,0.0067635480358489,1.0161345027589717e-05,1.6515406882110778e-05,0.01575347179856913,2020-11-13,131,24866,209,100.0,0.04113902413609554,0.00045131619331467254,0.04113902413609554,0.00045131619331467254,0.20282757242568264,0.02124420375807652,0.895259783943524,0.04068770794278087,0.0008995952428360929,0.06698564593301436,0.014354066985645933,1.0
2020-11-20,2019-05-10,0.07383587931156191,0.0008245223502678826,0.006806304787592717,1.0441567285273509e-05,1.8787608886830717e-05,0.015878520319749567,2020-11-16,132,24973,208,100.0,0.03763302041773394,0.00042940242901371285,0.03763302041773394,0.00042940242901371285,0.19399232051226653,0.020722027627954578,0.8931811961770709,0.037203617988720225,0.0006997551142733422,0.009615384615384616,0.0,1.0
2020-11-23,2019-05-10,0.06634096554978766,0.0006708060995862761,0.0068817112664053175,9.536055171736935e-06,1.8403569950525438e-05,0.0159880027017139,2020-11-18,133,25182,213,100.0,0.0351994493551323,0.00036451383215165136,0.0351994493551323,0.00036451383215165136,0.18761516291369496,0.019092245340756844,0.8982371944556555,0.03483493552298065,0.0006997551142733421,0.056338028169014086,0.009389671361502348,1.0
2020-11-25,2019-05-10,0.00012669557616452713,1.8932483076942286e-05,0.00701137448988452,9.767696664733116e-06,2.0553643165694725e-05,0.015640705357634486,2020-11-20,134,25390,212,100.0,6.933472961745837e-05,1.9727769158217064e-05,6.933472961745837e-05,1.9727769158217064e-05,0.00832674784159208,0.004441595339314137,0.46658702487321857,4.96069604592413e-05,0.0008995952428360928,0.08962264150943396,0.03773584905660377,1.0
2020-11-27,2019-05-10,0.0001018751646095316,1.9120148226821286e-05,0.006959407049900888,9.272179704896822e-06,2.141725738869403e-05,0.015664856890751665,2020-11-23,135,25603,199,100.0,5.813305113699054e-05,2.020521486609786e-05,5.813305113699054e-05,2.020521486609786e-05,0.007624503337069932,0.004495021119649813,0.4104506325290387,3.792783627089268e-05,0.0008995952428360928,0.08542713567839195,0.05527638190954774,1.0
2020-11-30,2019-05-10,5.628995496160409e-05,1.3938136207447635e-05,0.00692597992966807,1.0716052574632409e-05,1.6796496144944823e-05,0.015621351774960818,2020-11-25,136,25815,161,100.0,2.37371675423386e-05,1.597982187708848e-05,2.37371675423386e-05,1.597982187708848e-05,0.004872080412137981,0.0039974769389064,0.1795133493800002,7.75734566525012e-06,0.0008995952428360929,0.2546583850931677,0.19875776397515527,1.0
2020-12-02,2019-05-10,2.8140946619048428e-05,9.906635944182734e-06,0.0065800195567144735,6.050660173919715e-06,1.3634614103441154e-05,0.01552105622643571,2020-11-27,137,26014,216,100.0,1.7402612930444196e-05,1.1718847549377801e-05,1.7402612930444196e-05,1.1718847549377801e-05,0.004171643912229829,0.003423280232376222,0.17939299125212038,5.683765381066395e-06,0.000899595242836093,0.11574074074074074,0.0787037037037037,1.0
2020-12-04,2019-05-10,2.3347007394693594e-05,1.4603771221395581e-05,0.006568244672197823,1.0705121479658911e-05,2.519342074078872e-05,0.015492696828383652,2020-11-30,138,26175,185,100.0,1.699189717794643e-05,1.992721665546889e-05,1.699189717794643e-05,1.992721665546889e-05,0.004122122896996938,0.004463991112834891,-0.08293498868920479,-2.9353194775224583e-06,0.0007996801705643323,0.15135135135135136,0.13513513513513514,1.0
2020-12-07,2019-05-10,1.3274087622609582e-05,1.428227399082741e-05,0.006605316973415133,6.844806979017401e-06,1.9405051675814904e-05,0.015360327159659327,2020-12-02,139,26391,193,100.0,1.010941580322483e-05,1.680384849898188e-05,1.010941580322483e-05,1.680384849898188e-05,0.003179530752048929,0.0040992497483053995,-0.28926249436769624,-6.69443269575705e-06,0.0008995952428360929,0.14507772020725387,0.17616580310880828,1.0
2020-12-09,2019-05-10,5.256672334069878e-06,1.1064557270040897e-05,0.00649220131853996,6.2014128631682455e-06,1.3193058636933713e-05,0.015347048653321444,2020-12-04,140,26576,196,100.0,5.738682808099658e-06,1.215052735519029e-05,5.738682808099658e-06,1.215052735519029e-05,0.002395554801731669,0.003485760656612885,-0.45509535164594905,-6.411844547090633e-06,0.0008995952428360928,0.1989795918367347,0.27040816326530615,1.0
2020-12-11,2019-05-10,6.796028157907179e-06,1.72425259165655e-05,0.006552255761116523,8.99713239446861e-06,1.461830287012543e-05,0.015491007007880454,2020-12-07,141,26769,193,100.0,7.90228261876966e-06,1.5923615888043808e-05,7.90228261876966e-06,1.5923615888043808e-05,0.002811099894840036,0.003990440563151368,-0.41952997489562427,-8.021333269274148e-06,0.0007996801705643322,0.17616580310880828,0.18652849740932642,1.0
2020-12-16,2019-05-10,9.718583703254657e-06,3.7626569547878486e-05,0.006314513606506104,1.1147771995506485e-05,2.8215364781677822e-05,0.015371132876971776,2020-12-09,142,26965,202,100.0,1.0433177849380571e-05,3.292096716477815e-05,1.0433177849380571e-05,3.292096716477815e-05,0.0032300430104536646,0.005737679597605477,-0.7763477387255011,-2.248778931539758e-05,0.0007996801705643323,0.10891089108910891,0.0891089108910891,1.0
2020-12-18,2019-05-10,1.4137452655849924e-05,3.601449969218504e-05,0.006274281274281272,3.125043269383124e-05,3.0310847328409066e-05,0.01526170481409843,2020-12-11,143,27158,195,100.0,2.2123510006907875e-05,3.335279525575625e-05,2.2123510006907875e-05,3.335279525575625e-05,0.004703563543411301,0.005775187897874514,-0.22783243908001016,-1.1229285248848373e-05,0.0007996801705643322,0.18461538461538463,0.15897435897435896,1.0
2020-12-21,2019-05-10,1.7714673993079677e-05,4.3067942850774756e-05,0.0063755872251391585,2.460651947196341e-05,1.5048780116655067e-05,0.015415312313776477,2020-12-16,144,27360,205,100.0,2.1076549836437593e-05,2.940005859022856e-05,2.1076549836437593e-05,2.940005859022856e-05,0.004590920369211123,0.005422182087520536,-0.18106646411997174,-8.323508753790969e-06,0.0007996801705643322,0.13658536585365855,0.13658536585365855,1.0
2020-12-23,2019-05-10,1.3354476122425312e-05,3.399445121626784e-05,0.006122990597512891,1.6642507769867048e-05,1.8526630549417898e-05,0.015496745997168057,2020-12-18,145,27555,204,100.0,1.482119612201942e-05,2.7094590036447522e-05,1.482119612201942e-05,2.7094590036447522e-05,0.0038498306614732315,0.00520524639536377,-0.35207152030210476,-1.2273393914428102e-05,0.0008995952428360928,0.15196078431372548,0.16176470588235295,1.0
2020-12-28,2019-05-10,1.3260176373966777e-05,2.879164000996288e-05,0.006118814882170187,1.4590290654881601e-05,2.1229401927078153e-05,0.015422831978319783,2020-12-21,146,27760,207,100.0,1.3838486930886266e-05,2.550371040870865e-05,1.3838486930886266e-05,2.550371040870865e-05,0.003720011684240557,0.005050119841024434,-0.35755483307182656,-1.1665223477822383e-05,0.0008995952428360928,0.10628019323671498,0.0966183574879227,1.0
2020-12-30,2019-05-10,1.727321457138615e-05,3.255012001801893e-05,0.0059872469785719595,1.2151556230900386e-05,1.5259929327516208e-05,0.015320694018198465,2020-12-23,147,27964,193,100.0,1.4911413574996342e-05,2.457692327473011e-05,1.4911413574996342e-05,2.457692327473011e-05,0.003861529952621932,0.004957511802782734,-0.28382062643762307,-9.665509699733767e-06,0.0009995003330835331,0.27979274611398963,0.22279792746113988,1.0
2021-01-04,2019-05-10,3.457693627773156e-05,3.3845798086600305e-05,0.006085613083126086,2.7168700893003478e-05,6.384459300995103e-06,0.015221528297849575,2020-12-28,148,28171,172,100.0,3.0528249497705756e-05,1.8837857122374205e-05,3.0528249497705756e-05,1.8837857122374205e-05,0.0055252375059996976,0.004340260029350109,0.2144663420102495,1.1690392375331551e-05,0.0008995952428360928,0.22093023255813954,0.20930232558139536,1.0
2021-01-06,2019-05-10,3.353921625784972e-05,3.918950122637339e-05,0.006163651629646593,2.428353809562962e-05,1.0683032580479233e-05,0.015326057684539355,2020-12-30,149,28364,209,100.0,2.946494644481503e-05,2.6641199238707053e-05,2.946494644481503e-05,2.6641199238707053e-05,0.005428162345104928,0.005161511332808158,0.04912362515045887,2.823747206107978e-06,0.0008995952428360929,0.17703349282296652,0.07655502392344497,1.0
2021-01-08,2019-05-10,3.451617609239042e-05,4.238207809169326e-05,0.006167888787045524,1.7731749276605276e-05,1.6847499382847743e-05,0.015011936164600368,2021-01-04,150,28536,207,1.0,2.713751502844623e-05,3.115673189601721e-05,2.713751502844623e-05,3.115673189601721e-05,0.005209368006624818,0.005581821557163684,-0.07149687832865959,-4.019216867570983e-06,0.0008995952428360928,0.15458937198067632,0.178743961352657,1.0
2021-01-11,2019-05-10,5.969234278181308e-05,5.6614203457966766e-05,0.006115107913669065,2.253472388173041e-05,1.0520250130486132e-05,0.014926887163615383,2021-01-06,151,28745,229,0.01,4.460213073942142e-05,3.789482503239604e-05,4.460213073942142e-05,3.789482503239604e-05,0.006678482667449353,0.006155877275611985,0.07825211471829141,6.707305707025384e-06,0.0007996801705643323,0.14847161572052403,0.043668122270742356,1.0
2021-01-13,2019-05-10,5.696251481961077e-05,6.378668485406644e-05,0.0062694099378882,2.5367890982645315e-05,2.2219923492782234e-05,0.01502501518071653,2021-01-08,152,28952,240,0.01,4.419302101883724e-05,4.69867854705474e-05,4.419302101883724e-05,4.69867854705474e-05,0.006647783165750613,0.006854690764035049,-0.03112430010509737,-2.7937644517101636e-06,0.0008995952428360929,0.0375,0.008333333333333333,1.0
2021-01-15,2019-05-10,6.191695672062547e-05,6.745570255543058e-05,0.0062640601970366935,2.7159551365229734e-05,1.1164657710007324e-05,0.015037322306188235,2021-01-11,153,29181,245,0.01,4.70209258540273e-05,4.3330969050249184e-05,4.70209258540273e-05,4.3330969050249184e-05,0.006857180605323685,0.006582626303402707,0.04003894861801127,3.6899568037781187e-06,0.0008995952428360928,0.07755102040816327,0.0163265306122449,1.0
2021-01-20,2019-05-10,5.184174119966482e-05,5.516533039429351e-05,0.006316983493702575,1.9429951321805887e-05,1.8805969771754887e-05,0.015029776838769314,2021-01-13,154,29421,228,0.01,3.8763299670002444e-05,4.049400944133933e-05,3.8763299670002444e-05,4.049400944133933e-05,0.006226017962550578,0.006363490350534,-0.022080306997235954,-1.7307097713368838e-06,0.0008995952428360928,0.06578947368421052,0.043859649122807015,1.0
2021-01-22,2019-05-10,6.587143848621337e-05,7.994675911786782e-05,0.005899758895302109,1.8252882454682207e-05,1.5695299904898805e-05,0.014811120653758066,2021-01-15,155,29666,228,0.01,4.5821520157147613e-05,5.289351313345981e-05,4.5821520157147613e-05,5.289351313345981e-05,0.006769159486756654,0.007272792663995022,-0.07440113919958424,-7.071992976312199e-06,0.0008995952428360928,0.15350877192982457,0.11403508771929824,1.0
2021-01-25,2019-05-10,0.00013016776128874753,0.00013679798043311596,0.005806428417343786,2.1406308516866485e-05,1.2384563262697115e-05,0.014863730150438785,2021-01-20,156,29894,220,0.01,8.468569922050636e-05,8.477055143457719e-05,8.468569922050636e-05,8.477055143457719e-05,0.009202483318132467,0.009207092452809257,-0.0005008577051921481,-8.485221407083176e-08,0.0007996801705643322,0.08636363636363636,0.045454545454545456,1.0
2021-01-27,2019-05-10,0.00020149115019787002,0.00020815186565540134,0.005640542050852194,0.00014862371222867598,4.472376721581293e-05,0.014828486932958124,2021-01-22,157,30122,187,0.01,0.00017124079799089802,0.00011463953125413953,0.00017124079799089802,0.00011463953125413953,0.013085900732884154,0.010706985161759566,0.18179226785256763,5.660126673675849e-05,0.0006997551142733422,0.21390374331550802,0.1925133689839572,1.0
2021-01-29,2019-05-10,0.00013100444913155358,9.699876734763171e-05,0.005890291049675396,9.942418488841643e-05,1.4672422021725518e-05,0.015070373116542642,2021-01-25,158,30342,261,0.01,0.000116484787410571,5.914757409434151e-05,0.000116484787410571,5.914757409434151e-05,0.010792811839857627,0.007690746003759422,0.2874196161413971,5.7337213316229484e-05,0.0006997551142733422,0.15708812260536398,0.10344827586206896,1.0
2021-02-01,2019-05-10,3.4622724425024655e-05,2.511421051304674e-05,0.006119278569263413,5.764492236189365e-05,5.190827475830413e-06,0.015378239252033401,2021-01-27,159,30529,244,0.01,4.5284643961361525e-05,1.5887397876958853e-05,4.5284643961361525e-05,1.5887397876958853e-05,0.006729386596218226,0.0039858998829572796,0.4076874874156775,2.9397246084402672e-05,0.0005998200719676153,0.0942622950819672,0.03278688524590164,1.0
2021-02-03,2019-05-10,1.188940490392908e-05,1.030790039437642e-05,0.005981924587006442,3.8012392715852596e-05,1.758403912576347e-05,0.014915541868693484,2021-01-29,160,30790,221,0.01,2.3000539991353566e-05,1.3402728633065931e-05,2.3000539991353566e-05,1.3402728633065931e-05,0.004795887820972626,0.003660973727448195,0.23664316929211782,9.597811358287635e-06,0.0006997551142733421,0.06334841628959276,0.004524886877828055,1.0
2021-02-05,2019-05-10,6.188958524214479e-06,1.3323282212882404e-05,0.005877429216100153,2.1270107408888798e-05,1.8384042145392633e-05,0.014736334446774897,2021-02-01,161,31034,217,0.01,1.2791304810131806e-05,1.553882227550209e-05,1.2791304810131806e-05,1.553882227550209e-05,0.003576493367829976,0.003941931287516576,-0.10217771490188099,-2.7475174653702827e-06,0.00039992002132693545,0.07834101382488479,0.1336405529953917,1.0
2021-02-08,2019-05-10,4.428594411064792e-06,1.2131982347305358e-05,0.0059959052354489634,2.0070176731591302e-05,1.8533130367161382e-05,0.014678561295813882,2021-02-03,162,31255,197,100.0,1.0859904908337113e-05,1.4763926456992351e-05,1.0859904908337113e-05,1.4763926456992351e-05,0.003295436982910933,0.003842385516445786,-0.16597147400212808,-3.9040215486552385e-06,0.00029995500899797546,0.116751269035533,0.17258883248730963,1.0
2021-02-10,2019-05-10,1.4313210000551396e-05,1.2562073254082807e-05,0.0060289684582016,2.194984401030805e-05,1.2949279315489848e-05,0.014583023702754643,2021-02-05,163,31472,225,100.0,1.7673328964844323e-05,1.2732443921101906e-05,1.7673328964844323e-05,1.2732443921101906e-05,0.004203965861522227,0.0035682550246726908,0.15121693605269904,4.940885043742417e-06,0.00039992002132693545,0.09777777777777778,0.09333333333333334,1.0
2021-02-12,2019-05-10,7.659001185226985e-06,1.4991252386052713e-05,0.006068230592762526,2.708431335522491e-05,2.254647175595654e-05,0.01456585447006731,2021-02-08,164,31669,218,100.0,1.585683934871235e-05,1.8179693588030474e-05,1.585683934871235e-05,1.8179693588030474e-05,0.0039820647092572905,0.00426376518912926,-0.07074231596917224,-2.322854239318126e-06,0.0004998750416510477,0.06422018348623854,0.09174311926605505,1.0
2021-02-17,2019-05-10,8.221562368584719e-06,8.548544645384938e-06,0.006156618364742098,2.4809875193286958e-05,1.8107841929858355e-05,0.014506818761152172,2021-02-10,165,31894,218,100.0,1.4765575684751658e-05,1.2319643574122154e-05,1.4765575684751658e-05,1.2319643574122154e-05,0.0038426001203288977,0.0035099349814664877,0.08657292678009298,2.4459321106295034e-06,0.00039992002132693545,0.11467889908256881,0.0871559633027523,1.0
2021-02-19,2019-05-10,7.3418454259162005e-06,1.0916486228828781e-05,0.006321794772955053,2.3868555740712783e-05,1.2937432272477623e-05,0.014565481674856667,2021-02-12,166,32112,230,100.0,1.4671082174217291e-05,1.1812731865577396e-05,1.4671082174217291e-05,1.1812731865577396e-05,0.003830284868546632,0.0034369655025294327,0.1026867137864973,2.8583503086398946e-06,0.00029995500899797535,0.24347826086956523,0.20869565217391303,1.0
2021-02-22,2019-05-10,1.745882217921053e-05,6.067084741396941e-06,0.0063140063140063145,3.0293785370373532e-05,8.12536891420761e-06,0.014591249391072482,2021-02-17,167,32330,223,100.0,2.3387078720420348e-05,7.0177720499148715e-06,2.3387078720420348e-05,7.0177720499148715e-06,0.004836018891652549,0.0026491077837481193,0.45221310274020154,1.6369306670505476e-05,0.0003999200213269355,0.2600896860986547,0.17040358744394618,1.0
2021-02-24,2019-05-10,1.815420944723614e-05,6.846036882753086e-06,0.006515175591927536,2.216314914883758e-05,1.3166169913934138e-05,0.014686516129032252,2021-02-19,168,32560,223,100.0,2.000587217936595e-05,9.765201466661823e-06,2.000587217936595e-05,9.765201466661823e-06,0.004472792436427824,0.003124932233931133,0.30134646792891506,1.0240670712704126e-05,0.0003999200213269355,0.21524663677130046,0.10762331838565023,1.0
2021-02-26,2019-05-10,5.131128851919075e-05,1.5247858893083307e-05,0.006777419621456316,4.3425712018540365e-05,5.1107186085147375e-06,0.01488511233750948,2021-02-22,169,32783,198,100.0,4.685076039761075e-05,9.513718934135428e-06,4.685076039761075e-05,9.513718934135428e-06,0.006844761529637884,0.003084431703593942,0.5493733871898498,3.7337041463475325e-05,0.00039992002132693545,0.3383838383838384,0.1414141414141414,1.0
2021-03-01,2019-05-10,7.01917886018441e-06,5.606531602351269e-06,0.00676232888009236,1.6864989351735227e-05,8.93769685410229e-06,0.01496220685666211,2021-02-24,170,33006,226,100.0,1.1724256440217544e-05,7.198415881949101e-06,1.1724256440217544e-05,7.198415881949101e-06,0.0034240701570232967,0.0026829863737911717,0.2164335861261627,4.525840558268443e-06,0.00039992002132693545,0.15486725663716813,0.19911504424778761,1.0
2021-03-03,2019-05-10,1.9381237924416357e-05,7.544816857770014e-06,0.006553708439897696,2.2121118571953234e-05,3.4734380270332194e-06,0.014722991152274021,2021-02-26,171,33204,186,0.01,2.0279800932479525e-05,6.209579714356335e-06,2.0279800932479525e-05,6.209579714356335e-06,0.004503309997377432,0.0024919028300389914,0.44665083427741215,1.4070221218123192e-05,0.00039992002132693545,0.1881720430107527,0.12365591397849462,1.0
2021-03-05,2019-05-10,1.1229985553564327e-05,5.4418221089636265e-06,0.006825938566552901,2.1080405158097893e-05,7.077346125723769e-06,0.015107578975311921,2021-03-01,172,33430,224,0.01,1.5979295005750152e-05,6.230378331330123e-06,1.5979295005750152e-05,6.230378331330123e-06,0.003997411037878161,0.0024960725813425624,0.37557770324577733,9.748916674420028e-06,0.0003999200213269354,0.3169642857142857,0.23214285714285715,1.0
2021-03-08,2019-05-10,4.0583151738023053e-05,2.6152797530392878e-05,0.006753417888321526,2.810956566039251e-05,8.158411883521414e-06,0.014834671428199052,2021-03-03,173,33616,229,100.0,3.486382187710076e-05,1.7902096687940897e-05,3.486382187710076e-05,1.7902096687940897e-05,0.005904559414308638,0.004231086939303056,0.2834203803505174,1.6961725189159864e-05,0.0003999200213269355,0.13973799126637554,0.12663755458515283,1.0
2021-03-10,2019-05-10,6.205483876041674e-06,6.884430285551802e-06,0.006772102242226535,1.1945800720003872e-05,9.20677815410714e-06,0.014699034016065291,2021-03-05,174,33840,241,100.0,8.944639216521558e-06,7.99260457967572e-06,8.944639216521558e-06,7.99260457967572e-06,0.0029907589699809576,0.0028271194845063976,0.05471503625569729,9.52034636845838e-07,0.0004998750416510477,0.12448132780082988,0.15352697095435686,1.0
2021-03-12,2019-05-10,7.337493969524401e-06,1.1424554636471016e-05,0.006723515906854706,7.846278560991747e-06,1.65907339300293e-05,0.014461476888674303,2021-03-08,175,34069,205,100.0,7.555899062446968e-06,1.3642231601510669e-05,7.555899062446968e-06,1.3642231601510669e-05,0.002748799567528882,0.003693539170160602,-0.343691702294985,-6.0863325390637e-06,0.00039992002132693545,0.13658536585365855,0.15121951219512195,1.0
2021-03-15,2019-05-10,5.323758558631965e-06,1.155367307375894e-05,0.006775179707510532,5.949130731819549e-06,2.043784660509894e-05,0.01444202659493478,2021-03-10,176,34310,187,100.0,5.608018637353594e-06,1.5591933769822573e-05,5.608018637353594e-06,1.5591933769822573e-05,0.002368125553545165,0.003948662275989499,-0.6674209988901207,-9.983915132468979e-06,0.00039992002132693545,0.15508021390374332,0.17647058823529413,1.0
2021-03-17,2019-05-10,7.640554430807066e-06,1.3817353266684099e-05,0.006530222186828066,9.101035736195471e-06,3.369013416240551e-05,0.014374542193932964,2021-03-12,177,34515,200,100.0,8.319678237812673e-06,2.3058196383194556e-05,8.319678237812673e-06,2.3058196383194556e-05,0.002884385244348035,0.004801895082485097,-0.6647897821188868,-1.4738518145381883e-05,0.00019998000266626675,0.215,0.185,1.0
2021-03-22,2019-05-10,6.62224861195756e-06,1.6874191180397093e-05,0.0068339028252354375,1.3551355484948403e-05,3.543811404822994e-05,0.014283798911369008,2021-03-15,178,34702,178,100.0,9.892164214942005e-06,2.5634694106790123e-05,9.892164214942005e-06,2.5634694106790123e-05,0.00314518111003834,0.00506307160790662,-0.60978698229715,-1.574252989184812e-05,9.999500033330834e-05,0.02247191011235955,0.06741573033707865,1.0
2021-03-24,2019-05-10,5.358201585860837e-06,1.0673827280948918e-05,0.006691692508568628,1.739290693271523e-05,2.2535256488075384e-05,0.014283065468549426,2021-03-17,179,34902,194,100.0,1.1003346877426557e-05,1.623769355851855e-05,1.1003346877426557e-05,1.623769355851855e-05,0.003317129312738133,0.0040296021588388286,-0.21478597272790156,-5.234346681091992e-06,9.999500033330834e-05,0.020618556701030927,0.07216494845360824,1.0
2021-03-26,2019-05-10,1.7875029686748273e-05,1.6384836263351665e-05,0.006799900489261132,1.0451570791427541e-05,3.639952517819686e-05,0.014275735180908387,2021-03-22,180,35080,140,100.0,1.3951201413507313e-05,2.6964028975484126e-05,1.3951201413507313e-05,2.6964028975484126e-05,0.003735130709025765,0.005192689955647663,-0.39022978315050016,-1.3012827561976813e-05,0.00019998000266626675,0.25,0.19285714285714287,1.0
2021-03-29,2019-05-10,7.526964187856547e-06,1.5008783817403594e-05,0.006765118389571818,,,,2021-03-24,181,35274,80,100.0,7.526964187856547e-06,1.5008783817403594e-05,7.526964187856547e-06,1.5008783817403594e-05,0.002743531335315226,0.003874117166194589,-0.4120914590353899,-7.481819629547047e-06,0.00019998000266626678,0.2375,0.35,1.0
2021-03-31,2019-05-10,1.3673956954088084e-05,1.4066688535004488e-05,0.006839032527105923,6.527617450861544e-06,2.887395572057004e-05,0.01409382109289894,2021-03-26,182,35414,162,100.0,1.0321353236525015e-05,2.1013307708479685e-05,1.0321353236525015e-05,2.1013307708479685e-05,0.003212686296002928,0.0045840274550311855,-0.4268518718227843,-1.069195447195467e-05,0.00019998000266626675,0.29012345679012347,0.2345679012345679,1.0
2021-04-05,2019-05-10,6.829056552930158e-06,1.1976797997473887e-05,0.006666666666666667,5.9793568905933135e-06,3.409499601046394e-05,0.013886957389980276,2021-03-29,183,35494,165,100.0,6.478877298148913e-06,2.1092176572524333e-05,6.478877298148913e-06,2.1092176572524333e-05,0.002545363883249095,0.004592621971436832,-0.8043086105136612,-1.461329927437542e-05,0.00019998000266626672,0.18181818181818182,0.15151515151515152,1.0
2021-04-07,2019-05-10,6.489871142890587e-06,1.9503275845019308e-05,0.006497107994612152,7.144111887319252e-06,2.7748913632010174e-05,0.013698547227420466,2021-03-31,184,35656,171,100.0,6.7997746534094286e-06,2.3409104270436038e-05,6.7997746534094286e-06,2.3409104270436038e-05,0.0026076377534867507,0.004838295595603481,-0.8554324077928579,-1.660932961702661e-05,0.00019998000266626675,0.0935672514619883,0.07017543859649122,1.0
2021-04-09,2019-05-10,6.01199959699011e-06,1.8519363822893474e-05,0.006290273089904877,4.1303023681392e-06,3.6032957096264686e-05,0.013618070106726722,2021-04-05,185,35821,173,100.0,5.20711176499608e-06,2.6010727419595608e-05,5.20711176499608e-06,2.6010727419595608e-05,0.0022819096750301224,0.005100071315148016,-1.235001398589842,-2.080361565459953e-05,9.999500033330834e-05,0.12138728323699421,0.1907514450867052,1.0
2021-04-12,2019-05-10,3.327643204736844e-06,1.2521259652160112e-05,0.006165645325012215,6.987303341359555e-06,3.709544803263651e-05,0.013519779338501545,2021-04-07,186,35992,164,100.0,4.711173256386894e-06,2.18115016008768e-05,4.711173256386894e-06,2.18115016008768e-05,0.0021705237285933763,0.0046702785356846546,-1.1516827824366898,-1.7100328344489905e-05,0.00019998000266626672,0.04878048780487805,0.08536585365853659,1.0
2021-04-14,2019-05-10,5.619805399940826e-06,8.784146632310224e-06,0.006099828907237967,9.769360617715433e-06,3.550797241928364e-05,0.01347491643656445,2021-04-09,187,36165,198,100.0,7.4011801146420485e-06,2.0256496086313966e-05,7.4011801146420485e-06,2.0256496086313966e-05,0.00272051100248502,0.004500721729491167,-0.6543663030144093,-1.2855315971671917e-05,0.00029995500899797546,0.0707070707070707,0.045454545454545456,1.0
2021-04-16,2019-05-10,4.4674308944286404e-06,9.390869405860267e-06,0.006096654275092937,5.649561967164107e-06,4.0539401238853814e-05,0.013377387164258054,2021-04-12,188,36329,193,100.0,4.951308380159739e-06,2.214078658102343e-05,4.951308380159739e-06,2.214078658102343e-05,0.0022251535632759685,0.004705399725955642,-1.1146404471195894,-1.718947820086369e-05,0.00019998000266626675,0.08290155440414508,0.05699481865284974,1.0
2021-04-19,2019-05-10,5.787834850090986e-06,7.936080459777728e-06,0.006112104949314251,9.388931077152928e-06,3.1684497506875774e-05,0.013332823659109427,2021-04-14,189,36527,182,100.0,7.23223058951693e-06,1.7461544440207165e-05,7.23223058951693e-06,1.7461544440207165e-05,0.002689280682546344,0.004178701286309799,-0.5538360549086299,-1.0229313850690235e-05,0.00019998000266626672,0.08241758241758242,0.054945054945054944,1.0
2021-04-21,2019-05-10,3.4951577498062834e-06,8.251356873789422e-06,0.006160318533543686,5.548615447327676e-06,2.6968024690855622e-05,0.013497474343110853,2021-04-16,190,36720,195,100.0,4.37972414258473e-06,1.6313921471910245e-05,4.37972414258473e-06,1.6313921471910245e-05,0.0020927790477221265,0.004039049575322176,-0.9299933166468082,-1.1934197329325516e-05,0.0002999550089979754,0.07179487179487179,0.10256410256410256,1.0
2021-04-23,2019-05-10,2.5232739779385616e-06,9.198898596790716e-06,0.0062149461876610575,6.208098563069602e-06,2.666441295250003e-05,0.013494200402648749,2021-04-19,191,36902,189,100.0,4.082988088046939e-06,1.6591708906085666e-05,4.082988088046939e-06,1.6591708906085666e-05,0.002020640514304051,0.0040732921459288515,-1.0158420644811108,-1.2508720818038727e-05,0.00029995500899797546,0.10582010582010581,0.10052910052910052,1.0
2021-04-26,2019-05-10,3.5374116425800887e-06,6.6206904193972306e-06,0.006104824300178678,5.933718457042373e-06,2.380224715524307e-05,0.013349460095023273,2021-04-21,192,37097,183,100.0,4.558788317596799e-06,1.3943976896970862e-05,4.558788317596799e-06,1.3943976896970862e-05,0.002135131920420094,0.0037341634802149277,-0.7489146429323295,-9.385188579374063e-06,0.00029995500899797546,0.10382513661202186,0.09836065573770492,1.0
2021-04-28,2019-05-10,7.607861486514867e-06,1.3363087141639123e-05,0.006101644467594315,7.662021372083111e-06,2.4057404884332896e-05,0.013324520981030848,2021-04-23,193,37286,130,100.0,7.638274345333957e-06,1.936835787407486e-05,7.638274345333957e-06,1.936835787407486e-05,0.0027637428146146227,0.004400949655935052,-0.5923875523666344,-1.1730083528740902e-05,9.999500033330834e-05,0.3153846153846154,0.34615384615384615,1.0
2021-04-30,2019-05-10,7.545552074156735e-06,3.322306165812849e-05,0.006143242433323343,1.4458840931387495e-05,2.062450290225281e-05,0.013243950864162263,2021-04-26,194,37469,179,100.0,1.094426391458303e-05,2.70293567949047e-05,1.094426391458303e-05,2.70293567949047e-05,0.003308211588544939,0.005198976514171294,-0.571536878769588,-1.608509288032167e-05,9.999500033330834e-05,0.055865921787709494,0.0893854748603352,1.0
2021-05-03,2019-05-10,1.045681474559166e-05,3.5234053617911355e-05,0.006237638825498249,8.840019309782943e-06,2.247065373469743e-05,0.01333154565061107,2021-04-28,195,37599,174,100.0,9.685584738855317e-06,2.9145765167872527e-05,9.685584738855317e-06,2.9145765167872527e-05,0.0031121672093342473,0.005398681799094343,-0.7347017161874232,-1.946018042901721e-05,9.999500033330834e-05,0.10919540229885058,0.09195402298850575,1.0
2021-05-05,2019-05-10,5.982281290873588e-06,2.026431524246668e-05,0.006413766132186153,1.2266210807516353e-05,1.7004486371223178e-05,0.01338543380973004,2021-04-30,196,37778,186,100.0,8.752615808963406e-06,1.8827186385251804e-05,8.752615808963406e-06,1.8827186385251804e-05,0.002958482010924421,0.004339030581276399,-0.4666408534019124,-1.0074570576288398e-05,0.00019998000266626678,0.10215053763440861,0.14516129032258066,1.0
2021-05-07,2019-05-10,1.907208996948593e-05,3.7008303396536696e-05,0.0063203329736395844,7.173162518114621e-06,2.3906082701315978e-05,0.013275238027059922,2021-05-03,197,37952,181,100.0,1.3484195862488354e-05,3.085532682695791e-05,1.3484195862488354e-05,3.085532682695791e-05,0.003672083313663833,0.0055547571348311805,-0.5126991030301282,-1.7371130964469555e-05,0.00019998000266626672,0.055248618784530384,0.1270718232044199,1.0
2021-05-10,2019-05-10,1.0476052773634115e-05,1.9293166779584168e-05,0.006412717917210658,1.057671882711238e-05,1.3890631239281162e-05,0.013179318677153414,2021-05-05,198,38138,170,100.0,1.0524609340605982e-05,1.66872378719086e-05,1.0524609340605982e-05,1.66872378719086e-05,0.0032441654305238477,0.0040850015755087045,-0.25918411467971403,-6.162628531302618e-06,0.00019998000266626672,0.1411764705882353,0.1,1.0
2021-05-14,2019-05-10,1.605595305228308e-05,2.3386484375387946e-05,0.006681603584860364,1.040234434646486e-05,1.512492555431948e-05,0.01355965194501316,2021-05-07,199,38319,188,100.0,1.3349438246306273e-05,1.9431482812110496e-05,1.3349438246306273e-05,1.9431482812110496e-05,0.0036536883072186485,0.004408115562472302,-0.20648374787830703,-6.082044565804223e-06,0.00019998000266626675,0.03723404255319149,0.06382978723404255,1.0
2021-05-17,2019-05-10,1.2296603446546583e-05,1.7734698275972932e-05,0.006551588858375833,1.2041300316811951e-05,1.83979092454806e-05,0.013354587354169663,2021-05-10,200,38489,170,100.0,1.2168951881679267e-05,1.8066303760726766e-05,1.2168951881679267e-05,1.8066303760726766e-05,0.003488402482753283,0.004250447477704761,-0.21845099546828117,-5.897351879047499e-06,9.999500033330835e-05,0.06470588235294118,0.08235294117647059,1.0
2021-05-19,2019-05-10,9.281329709817399e-06,1.0520941531699039e-05,0.006688025630756904,,,,2021-05-14,201,38677,86,100.0,9.281329709817399e-06,1.0520941531699039e-05,9.281329709817399e-06,1.0520941531699039e-05,0.0030465274838440896,0.00324360008812724,-0.06468761740317053,-1.2396118218816397e-06,0.00019998000266626667,0.011627906976744186,0.023255813953488372,1.0
2021-05-21,2019-05-10,1.6246175915190594e-05,2.5652232285668125e-05,0.0065587934961904,1.2063436569921186e-05,1.3567953149410779e-05,0.013396392795222506,2021-05-17,202,38847,179,100.0,1.3886082765066512e-05,1.88337284154894e-05,1.3886082765066512e-05,1.88337284154894e-05,0.003726403462464379,0.004339784374308175,-0.16460399900931533,-4.947645650422886e-06,9.999500033330834e-05,0.1005586592178771,0.10614525139664804,1.0
2021-05-24,2019-05-10,2.2827501821852498e-05,4.101894669804326e-05,0.006657099577453559,7.535325534332206e-06,1.7796953880763806e-05,0.013407369740203408,2021-05-19,203,38933,164,100.0,1.4248963904463066e-05,2.7991975117618196e-05,1.4248963904463066e-05,2.7991975117618196e-05,0.0037747799809343943,0.005290744287679967,-0.401603355533934,-1.374301121315513e-05,9.999500033330835e-05,0.11585365853658537,0.09146341463414634,1.0
2021-05-26,2019-05-10,1.4836701261888715e-05,4.2293463316050764e-05,0.006579984239558705,,,,2021-05-21,204,39112,80,100.0,1.4836701261888715e-05,4.2293463316050764e-05,1.4836701261888715e-05,4.2293463316050764e-05,0.0038518438781820733,0.006503342472609816,-0.6883712523881294,-2.745676205416205e-05,0.00019998000266626678,0.0,0.0125,1.0
2021-05-27,2019-05-10,,,,1.2859829294999352e-05,2.4672286092145515e-05,0.01327523802705992,2021-05-24,205,39276,83,100.0,1.2859829294999352e-05,2.4672286092145515e-05,1.2859829294999352e-05,2.4672286092145515e-05,0.0035860604142985866,0.004967120503082799,-0.3851190245645484,-1.1812456797146163e-05,0.00019998000266626672,0.0,0.0,1.0
2021-05-28,2019-05-10,1.5062663006650758e-05,4.151880856584984e-05,0.006665070242656447,4.840147616177463e-06,2.4836077244286977e-05,0.013268272555987497,2021-05-26,206,39356,153,100.0,9.784370746210299e-06,3.290484925602326e-05,9.784370746210299e-06,3.290484925602326e-05,0.00312799788142676,0.005736274858828093,-0.8338487033154993,-2.3120478509812963e-05,0.00019998000266626675,0.19607843137254902,0.1830065359477124,1.0
2021-06-02,2019-05-10,8.065272438420346e-06,3.3866469834482406e-05,0.006718699710331507,5.378841234309324e-06,1.8682932615022022e-05,0.01325625848881264,2021-05-27,207,39439,163,100.0,6.746778595911868e-06,2.6414427027385286e-05,6.746778595911868e-06,2.6414427027385286e-05,0.0025974561778616917,0.005139496767912719,-0.9786654387923941,-1.966764843147342e-05,0.00019998000266626675,0.03067484662576687,0.03680981595092025,1.0
2021-06-04,2019-05-10,3.241661753672313e-06,3.7477337901348836e-05,0.006758944471426257,6.67893260446084e-06,2.2546942375803495e-05,0.013284748191131167,2021-05-28,208,39592,163,100.0,4.991928505914324e-06,2.9874743860733724e-05,4.991928505914324e-06,2.9874743860733724e-05,0.002234262407577571,0.005465779346143945,-1.446346198014424,-2.48828153548194e-05,0.00019998000266626675,0.04294478527607362,0.09202453987730061,1.0
2021-06-07,2019-05-10,2.4540955534351905e-06,3.0013270206052786e-05,0.006632774644530938,4.690300434529095e-06,2.1066742442615092e-05,0.013164349266445812,2021-06-02,209,39755,164,100.0,3.5585625983657164e-06,2.559455832289148e-05,3.5585625983657164e-06,2.559455832289148e-05,0.00188641527728274,0.005059106474753371,-1.6818625440951096,-2.2035995724525762e-05,0.00019998000266626672,0.06707317073170732,0.1402439024390244,1.0
2021-06-09,2019-05-10,3.6280005154461828e-06,3.6331516559632696e-05,0.006588290989427173,5.8549245582212755e-06,1.4144079275589266e-05,0.013174325092355776,2021-06-04,210,39918,176,100.0,4.779421469381031e-06,2.4859602963905697e-05,4.779421469381031e-06,2.4859602963905697e-05,0.002186188800031011,0.004985940529519551,-1.2806541362982125,-2.0080181494524665e-05,0.00019998000266626675,0.06818181818181818,0.07386363636363637,1.0
2021-06-11,2019-05-10,7.01164671780465e-06,5.100612592116633e-05,0.0066212037110459105,4.774223610372973e-06,2.7570339444210775e-05,0.013132961922523074,2021-06-07,211,40082,138,100.0,5.795655898548303e-06,3.8269285444560054e-05,5.795655898548303e-06,3.8269285444560054e-05,0.00240741685184521,0.00618621737773254,-1.5696494452097052,-3.247362954601175e-05,0.00029995500899797546,0.10869565217391304,0.14492753623188406,1.0
2021-06-14,2019-05-10,5.566285223346718e-06,2.674579984167151e-05,0.006556733411857087,,,,2021-06-09,212,40258,80,100.0,5.566285223346718e-06,2.674579984167151e-05,5.566285223346718e-06,2.674579984167151e-05,0.0023592976122877585,0.005171634155822656,-1.1920227990261205,-2.1179514618324793e-05,0.0002999550089979754,0.125,0.1875,1.0
2021-06-15,2019-05-10,,,,9.630838038407193e-06,2.7894736471318274e-05,0.013082006302026996,2021-06-11,213,40396,81,100.0,9.630838038407193e-06,2.7894736471318274e-05,9.630838038407193e-06,2.7894736471318274e-05,0.0031033591539503112,0.0052815467877619215,-0.7018806157318154,-1.826389843291108e-05,0.00029995500899797546,0.13580246913580246,0.1111111111111111,1.0
2021-06-16,2019-05-10,7.194784017635671e-06,1.7440072835160516e-05,0.006440913298364701,1.2133490755397138e-05,2.1581039282700708e-05,0.013106045043347152,2021-06-14,214,40476,164,100.0,9.874935844835491e-06,1.9687304626813425e-05,9.874935844835491e-06,1.9687304626813425e-05,0.003142441064655866,0.004437037821206105,-0.4119716901331969,-9.812368781977934e-06,0.00029995500899797546,0.09146341463414634,0.15853658536585366,1.0
2021-06-18,2019-05-10,8.432107071118129e-06,1.4516003541897767e-05,0.006335837316943623,2.7166775001836256e-05,1.102040575097105e-05,0.013184003602151809,2021-06-15,215,40557,162,100.0,1.849331762650379e-05,1.2638738061585272e-05,1.849331762650379e-05,1.2638738061585272e-05,0.004300385753220726,0.0035551002885411366,0.17330665373947352,5.854579564918518e-06,0.00039992002132693534,0.11728395061728394,0.15432098765432098,1.0
2021-06-21,2019-05-10,5.365796837945127e-06,2.2029316356052827e-05,0.006400429250344933,1.8226478614063544e-05,1.9693253939695348e-05,0.013431232526752136,2021-06-16,216,40721,165,100.0,1.2068940066709877e-05,2.081173230873923e-05,1.2068940066709877e-05,2.081173230873923e-05,0.0034740380059391806,0.004561987758503877,-0.3131657600477451,-8.742792242029353e-06,0.0004998750416510478,0.05454545454545454,0.07272727272727272,1.0
2021-06-23,2019-05-10,4.975594561527456e-06,2.7623341967271445e-05,0.006232273473652785,1.2374717266600395e-05,2.649262332263225e-05,0.013171248611472192,2021-06-18,217,40883,154,100.0,8.531017160069e-06,2.7080009631535727e-05,8.531017160069e-06,2.7080009631535727e-05,0.0029207905025983977,0.005203845657927964,-0.7816565937538182,-1.8548992471466727e-05,0.0003999200213269354,0.045454545454545456,0.025974025974025976,1.0
2021-06-25,2019-05-10,5.044431467601969e-06,3.291225644517644e-05,0.006258901131849188,8.834128572210379e-06,3.742079433378253e-05,0.013109590684544807,2021-06-21,218,41048,139,100.0,6.707535952358179e-06,3.489082343226256e-05,6.707535952358179e-06,3.489082343226256e-05,0.002589891108204779,0.005906845472184164,-1.2807312066021885,-2.818328747990438e-05,0.0004998750416510478,0.07913669064748201,0.03597122302158273,1.0
2021-06-28,2019-05-10,4.377434544026115e-06,2.844225080899646e-05,0.00627300728720607,8.786661572535234e-06,3.418912118067054e-05,0.013063188861020605,2021-06-23,219,41202,134,100.0,6.285905944425585e-06,3.0929702163900166e-05,6.285905944425585e-06,3.0929702163900166e-05,0.0025071709045108165,0.005561447847809073,-1.2182164916652094,-2.464379621947458e-05,0.0005998200719676154,0.05970149253731343,0.06716417910447761,1.0
2021-06-30,2019-05-10,9.39864327601028e-06,1.5092451841245716e-05,0.006124844128218296,1.1792516176176044e-05,2.102370786806616e-05,0.01302989712415244,2021-06-25,220,41341,167,100.0,1.0559743305431998e-05,1.7969288596769404e-05,1.0559743305431998e-05,1.7969288596769404e-05,0.003249575865467984,0.004239019768386249,-0.3044840138778453,-7.409545291337406e-06,0.00039992002132693545,0.15568862275449102,0.08383233532934131,1.0
2021-07-02,2019-05-10,6.4844309168056275e-06,1.4240548467826309e-05,0.0060829023093174036,5.251615506579404e-06,2.8302638708435575e-05,0.012947255070510881,2021-06-28,221,41475,152,100.0,5.949129488681084e-06,2.0346456072301383e-05,5.949129488681084e-06,2.0346456072301383e-05,0.002439083739579493,0.004510704609293473,-0.8493438893045695,-1.43973265836203e-05,0.0004998750416510478,0.09868421052631579,0.14473684210526316,1.0
2021-07-07,2019-05-10,2.357827618936512e-05,6.575071521768047e-06,0.005879453598084775,7.749854408914399e-06,2.165877764645447e-05,0.012872489778948094,2021-06-30,222,41642,149,100.0,1.7204415069720534e-05,1.2649047142447142e-05,1.7204415069720534e-05,1.2649047142447142e-05,0.0041478205204324515,0.0035565498931474505,0.14254971360799262,4.555367927273392e-06,0.000499875041651048,0.10738255033557047,0.013422818791946308,1.0
2021-07-09,2019-05-10,3.943077325061646e-05,8.66204013085327e-06,0.005829377268919295,9.534080022744958e-06,2.333990563509859e-05,0.012932532720690615,2021-07-02,223,41794,147,100.0,2.7228041320872994e-05,1.4653005642790134e-05,2.7228041320872994e-05,1.4653005642790134e-05,0.005218049570564944,0.0038279244562543467,0.26640703494890183,1.257503567808286e-05,0.0005998200719676154,0.14965986394557823,0.061224489795918366,1.0
2021-07-12,2019-05-10,2.5609998649808395e-05,5.565865138146204e-06,0.005754255392460891,9.029010620679579e-06,2.1596815713096564e-05,0.012795938188831738,2021-07-07,224,41943,149,100.0,1.893309071861558e-05,1.2021281477052389e-05,1.893309071861558e-05,1.2021281477052389e-05,0.004351217153695685,0.003467171971081387,0.2031719290000129,6.91180924156319e-06,0.0005998200719676154,0.06040268456375839,0.020134228187919462,1.0
2021-07-14,2019-05-10,4.385520670573089e-05,7.630598797120854e-06,0.005733315023345236,1.661069127033804e-05,2.1215998501695747e-05,0.012793881861383413,2021-07-09,225,42090,161,100.0,3.200976521208183e-05,1.3537294320849067e-05,3.200976521208183e-05,1.3537294320849067e-05,0.005657717314613892,0.003679306228196977,0.34968362263464026,1.847247089123276e-05,0.000499875041651048,0.22981366459627328,0.16770186335403728,1.0
2021-07-16,2019-05-10,3.296442429677032e-05,3.7508138832020498e-06,0.0056236530172413795,2.000142037609048e-05,1.0533551426561357e-05,0.012818601495112134,2021-07-12,226,42239,189,100.0,2.7271676543244248e-05,6.729476402243439e-06,2.7271676543244248e-05,6.729476402243439e-06,0.0052222290780129755,0.002594123436200259,0.5032536111596035,2.054220014100081e-05,0.0004998750416510478,0.14285714285714285,0.0582010582010582,1.0
2021-07-19,2019-05-10,5.006990701906903e-05,8.464551305742483e-06,0.005703941526060527,3.842660380482155e-05,7.091863443380667e-06,0.012919940186395888,2021-07-14,227,42400,199,100.0,4.492110961779377e-05,7.857533557562384e-06,4.492110961779377e-05,7.857533557562384e-06,0.006702321211177048,0.002803129243820624,0.5817673973688372,3.7063576060231384e-05,0.0004998750416510477,0.12562814070351758,0.05025125628140704,1.0
2021-07-21,2019-05-10,2.6085718889783065e-05,3.5037443345245447e-06,0.005713308244953814,1.6379634740153027e-05,1.4262972225897365e-05,0.012928332482717023,2021-07-16,228,42589,190,100.0,2.2101115923092835e-05,7.920690521509176e-06,2.2101115923092835e-05,7.920690521509176e-06,0.004701182396279986,0.002814372136287093,0.40134802289013793,1.4180425401583659e-05,0.0004998750416510478,0.07368421052631578,0.042105263157894736,1.0
2021-07-23,2019-05-10,1.4973101822584959e-05,2.5267089102374973e-06,0.005688010899182561,1.0723020051355813e-05,1.5351783638267865e-05,0.012797701281403574,2021-07-19,229,42788,184,100.0,1.3171436723911737e-05,7.96342537103298e-06,1.3171436723911737e-05,7.96342537103298e-06,0.003629247404615968,0.002821954175927203,0.22244094675441095,5.208011352878757e-06,0.0004998750416510478,0.08695652173913043,0.03804347826086957,1.0
2021-07-26,2019-05-10,1.7329774279125874e-05,2.851548293366504e-06,0.005620624663435647,1.1287752184887791e-05,1.4896531733109405e-05,0.012667379642678544,2021-07-21,230,42978,175,100.0,1.4809387919815128e-05,7.876027099659255e-06,1.4809387919815128e-05,7.876027099659255e-06,0.0038482967556849263,0.0028064260367341334,0.2707355448645381,6.933360820155873e-06,0.0004998750416510478,0.09714285714285714,0.05142857142857143,1.0
2021-07-28,2019-05-10,6.414753619295613e-06,6.4209071313292395e-06,0.005689173536826325,1.2133375499875934e-05,1.1987074454216274e-05,0.012694214254800574,2021-07-23,231,43162,176,100.0,8.916650692049505e-06,8.856105335092317e-06,8.916650692049505e-06,8.856105335092317e-06,0.0029860761363450705,0.0029759209221839745,0.0034008557375653226,6.054535695718734e-08,0.0004998750416510478,0.09659090909090909,0.03977272727272727,1.0
2021-07-30,2019-05-10,3.9331966382935695e-06,1.29829973873571e-05,0.0057333150233452364,,,,2021-07-26,232,43337,92,100.0,3.9331966382935695e-06,1.29829973873571e-05,3.9331966382935695e-06,1.29829973873571e-05,0.001983228841635168,0.0036031926658669114,-0.8168315174844305,-9.04980074906353e-06,0.0005998200719676153,0.1956521739130435,0.03260869565217391,1.0
2021-08-02,2019-05-10,3.501482295129042e-06,1.4031702767763611e-05,0.005724667489373373,1.8441193242425105e-05,1.0662085742803701e-05,0.012708688513374837,2021-07-28,233,43513,175,100.0,1.1099392434039612e-05,1.231801182364114e-05,1.1099392434039612e-05,1.231801182364114e-05,0.0033315750680480865,0.0035097025263747268,-0.05346643995358091,-1.2186193896015276e-06,0.0005998200719676153,0.10285714285714286,0.09142857142857143,1.0
2021-08-04,2019-05-10,4.0579901793967765e-06,1.289843954472054e-05,0.0056663952225841484,1.416947772550928e-05,1.1917490017720178e-05,0.012632635158109484,2021-07-30,234,43605,171,100.0,9.025036693276602e-06,1.2416569601632645e-05,9.025036693276602e-06,1.2416569601632645e-05,0.003004169884223694,0.0035237153122283653,-0.172941427424943,-3.3915329083560427e-06,0.0004998750416510478,0.10526315789473684,0.07602339181286549,1.0
2021-08-06,2019-05-10,7.113970046957297e-06,2.347751415635064e-05,0.005677954576363388,1.0698456777992541e-05,1.8466125362842685e-05,0.012615191506700468,2021-08-02,235,43780,149,100.0,8.773900143879658e-06,2.1156803909692594e-05,8.773900143879658e-06,2.1156803909692594e-05,0.0029620769983036664,0.004599652585760428,-0.5528470692674683,-1.2382903765812936e-05,0.000499875041651048,0.1610738255033557,0.2348993288590604,1.0
2021-08-09,2019-05-10,6.1233147307400715e-06,2.1480239176270655e-05,0.005816340495415356,1.278273547251723e-05,1.4680344153415588e-05,0.012594379534000768,2021-08-04,236,43951,145,100.0,9.384134542230955e-06,1.8150635406458864e-05,9.384134542230955e-06,1.8150635406458864e-05,0.0030633534798046006,0.00426035625346741,-0.39074915172347713,-8.766500864227909e-06,0.0005998200719676154,0.05517241379310345,0.11724137931034483,1.0
2021-08-11,2019-05-10,1.3536411444749592e-05,1.641178211613361e-05,0.005837912087912086,1.1224283823842837e-05,1.5605097332431547e-05,0.012588973976687446,2021-08-06,237,44100,144,100.0,1.2460629843355479e-05,1.6036449612605566e-05,1.2460629843355479e-05,1.6036449612605566e-05,0.003529961733978922,0.004004553609655584,-0.13444674799398149,-3.575819769250087e-06,0.000499875041651048,0.041666666666666664,0.0625,1.0
2021-08-13,2019-05-10,1.0037137686685235e-05,1.779696410683824e-05,0.005708912620055074,8.424342423183337e-06,1.5514295536812807e-05,0.012520246680595804,2021-08-09,238,44245,145,100.0,9.236301417911878e-06,1.6663501092756647e-05,9.236301417911878e-06,1.6663501092756647e-05,0.0030391283977337777,0.004082095184186259,-0.3431795732059899,-7.427199674844769e-06,0.0005998200719676154,0.1103448275862069,0.11724137931034483,1.0
2021-08-16,2019-05-10,1.8449877492939285e-05,5.808741954215601e-06,0.0057008718980549955,1.501671672160212e-05,1.5211428584819997e-05,0.012497504036598493,2021-08-11,239,44389,155,100.0,1.683296951676114e-05,1.0237104044758317e-05,1.683296951676114e-05,1.0237104044758317e-05,0.004102800204343509,0.003199547474996787,0.22015518288959723,6.595865472002825e-06,0.0005998200719676154,0.10967741935483871,0.04516129032258064,1.0
2021-08-18,2019-05-10,3.908797748890702e-05,3.2835199147807992e-06,0.005659497969238963,3.4484087998094655e-05,5.845396643040799e-06,0.012550416629132508,2021-08-13,240,44534,182,100.0,3.6836624935707564e-05,4.536305787391458e-06,3.6836624935707564e-05,4.536305787391458e-06,0.006069318325455303,0.0021298605089046228,0.6490774754766473,3.2300319148316104e-05,0.000699755114273342,0.25824175824175827,0.13736263736263737,1.0
2021-08-20,2019-05-10,2.2138934099755343e-05,3.402553748956559e-06,0.005794137695978185,1.8334129055584634e-05,7.498762442478284e-06,0.012669683535670445,2021-08-16,241,44689,186,100.0,2.023653157766999e-05,5.4506580957174194e-06,2.023653157766999e-05,5.4506580957174194e-06,0.00449850325971539,0.0023346644503477194,0.48101305799755534,1.4785873481952568e-05,0.0005998200719676154,0.11290322580645161,0.08064516129032258,1.0
2021-08-23,2019-05-10,1.306586446798392e-05,6.861225558264039e-06,0.005735879614009042,1.2043680495445458e-05,1.1014304057332104e-05,0.012569665734391914,2021-08-18,242,44871,179,100.0,1.257475931916656e-05,8.856559362285568e-06,1.257475931916656e-05,8.856559362285568e-06,0.0035460907093821724,0.0029759972046837628,0.1607667573731456,3.718199956880991e-06,0.0004998750416510478,0.1564245810055866,0.09497206703910614,1.0
2021-08-25,2019-05-10,1.149812432770515e-05,1.0246482336408856e-05,0.0056810586819943856,1.0083928638377572e-05,1.2939558199247014e-05,0.01244031296738621,2021-08-20,243,45057,160,100.0,1.0817542652216251e-05,1.154252509539972e-05,1.0817542652216251e-05,1.154252509539972e-05,0.003289003291609215,0.003397429189166379,-0.032966187000717406,-7.249824431834688e-07,0.0004998750416510478,0.09375,0.05625,1.0
2021-08-27,2019-05-10,1.0499406879163658e-05,1.7674828957163672e-05,0.005761149518774568,8.41332304898127e-06,1.512982315186085e-05,0.01248798234213239,2021-08-23,244,45236,146,100.0,9.427788473248048e-06,1.6367462961288935e-05,9.427788473248048e-06,1.6367462961288935e-05,0.003070470399344056,0.004045672127260059,-0.3176066208370989,-6.939674488040887e-06,0.000499875041651048,0.1506849315068493,0.14383561643835616,1.0
2021-08-30,2019-05-10,1.1715120479867779e-05,5.3139676646434264e-06,0.005720053835800806,7.096928088515039e-06,1.4075186994411351e-05,0.012377317046085506,2021-08-25,245,45396,165,100.0,9.643931164958065e-06,9.243241788296918e-06,9.643931164958065e-06,9.243241788296918e-06,0.00310546794621327,0.0030402700189780707,0.020994558103457406,4.006893766611463e-07,0.0004998750416510478,0.15151515151515152,0.06060606060606061,1.0
2021-09-01,2019-05-10,9.596914723058662e-06,5.757643907940747e-06,0.005598366594217216,6.001940060135429e-06,1.1743337325154879e-05,0.012341409779431304,2021-08-27,246,45542,179,100.0,7.889803849603498e-06,8.600012290416732e-06,7.889803849603498e-06,8.600012290416732e-06,0.0028088794651254614,0.0029325777552209474,-0.04403830482272442,-7.102084408132343e-07,0.0003999200213269354,0.1452513966480447,0.055865921787709494,1.0
2021-09-03,2019-05-10,1.3330785328215836e-05,6.696697936774828e-06,0.005532053368044255,9.203174868070492e-06,1.590829422921817e-05,0.012297021116970808,2021-08-30,247,45707,158,100.0,1.142372479916134e-05,1.0952688628853084e-05,1.142372479916134e-05,1.0952688628853084e-05,0.003379900116743295,0.00330948464701879,0.02083359486739922,4.7103617030825556e-07,0.0004998750416510478,0.21518987341772153,0.08227848101265822,1.0
2021-09-08,2019-05-10,2.285158360666523e-05,1.42927674584625e-06,0.00542472397727998,1.2049863534288278e-05,1.1989598372746285e-05,0.012344143445709473,2021-09-01,248,45886,166,100.0,1.8556923818852708e-05,5.627958838469155e-06,1.8556923818852708e-05,5.627958838469155e-06,0.004307774810601491,0.0023723319410380063,0.44929063255589263,1.2928964980383552e-05,0.0004998750416510478,0.18674698795180722,0.04819277108433735,1.0
2021-09-10,2019-05-10,5.555245952523147e-05,9.01697224099744e-06,0.0055169728045693514,1.9791202476660815e-05,5.560490455330387e-06,0.012412327943338231,2021-09-03,249,46044,194,100.0,3.767183100094614e-05,7.288731348163913e-06,3.767183100094614e-05,7.288731348163913e-06,0.006137738264291346,0.002699765054252668,0.5601368227186242,3.038309965278223e-05,0.0003999200213269354,0.27319587628865977,0.13402061855670103,1.0
2021-09-13,2019-05-10,3.0130490686291964e-05,4.345239352682708e-06,0.005705846814794925,1.3175346754155486e-05,6.27150292798744e-06,0.012510971174568964,2021-09-08,250,46210,184,100.0,2.1560771198853415e-05,5.318839964113903e-06,2.1560771198853415e-05,5.318839964113903e-06,0.004643357750470387,0.002306261035553847,0.5033204074529438,1.624193123473951e-05,0.0004998750416510478,0.18478260869565216,0.08152173913043478,1.0
2021-09-15,2020-01-06,2.639392508550962e-05,7.184646078017973e-06,0.005738590332163111,2.0845902175119043e-05,1.0525219686459779e-05,0.012546743364027292,2021-09-10,250,46293,170,0.01,2.355464277254503e-05,8.894233748220544e-06,2.355464277254503e-05,8.894233748220544e-06,0.004853312556650872,0.002982320195455301,0.38550831815511344,1.4660409024324486e-05,0.00039992002132693534,0.11176470588235295,0.09411764705882353,1.0
2021-09-17,2020-01-08,2.7710242394430022e-05,6.883275251325652e-06,0.0057127495127360685,3.607622474177109e-05,6.038098309888148e-06,0.012462569045329514,2021-09-13,250,46372,186,0.01,3.180327676866678e-05,6.469774704708379e-06,3.180327676866678e-05,6.469774704708379e-06,0.005639439401985518,0.002543575181650501,0.5489666613396066,2.5333502063958404e-05,0.00039992002132693545,0.15053763440860216,0.1827956989247312,1.0
2021-09-20,2020-01-10,5.635537149564711e-05,1.3492845814066337e-05,0.005819526222100506,6.588160468659711e-05,1.0750027214394001e-05,0.012826869053013142,2021-09-15,250,46444,190,100.0,6.121876422997421e-05,1.2092564739496775e-05,6.121876422997421e-05,1.2092564739496775e-05,0.00782424208661607,0.003477436518399261,0.5555561190587819,4.912619949047743e-05,0.0003999200213269355,0.15263157894736842,0.1,1.0
2021-09-22,2020-01-13,2.600315744563296e-05,6.5220934269925975e-06,0.005926235794464197,3.8939744016733444e-05,7.24601585039349e-06,0.013056707331134839,2021-09-17,250,46517,173,100.0,3.19853940103037e-05,6.856855241282027e-06,3.19853940103037e-05,6.856855241282027e-06,0.005655563102848708,0.002618559764695476,0.5369939797194541,2.5128538769021673e-05,0.0002999550089979755,0.046242774566473986,0.08092485549132948,1.0
2021-09-24,2020-01-15,1.5207435747840732e-05,1.089609423620274e-05,0.005789007695974937,2.1659509557884166e-05,1.2472711670508195e-05,0.012775350873234352,2021-09-20,250,46605,150,0.01,1.8046348224259845e-05,1.1589805907297138e-05,1.8046348224259845e-05,1.1589805907297138e-05,0.004248099366100073,0.003404380399910847,0.19861093008372688,6.456542316962707e-06,0.0002999550089979755,0.07333333333333333,0.04666666666666667,1.0
2021-09-27,2020-01-17,1.638508805765187e-05,9.553603930402585e-06,0.0057854614756329996,2.2696836618723166e-05,1.0384057472055958e-05,0.012754342096370887,2021-09-22,250,46669,144,0.01,1.9321804402039204e-05,9.939995508810751e-06,1.9321804402039204e-05,9.939995508810751e-06,0.004395657448213999,0.0031527758418274446,0.28275215278468746,9.381808893228453e-06,0.00029995500899797546,0.027777777777777776,0.041666666666666664,1.0
2021-09-29,2020-01-22,4.074150750528095e-05,6.476580180849784e-06,0.005989711789162148,4.227821918953288e-05,9.420932521936206e-06,0.013053997971041228,2021-09-24,250,46719,182,0.01,4.149297640582173e-05,7.916400831161275e-06,4.149297640582173e-05,7.916400831161275e-06,0.006441504203664058,0.0028136099287501236,0.5632060711611916,3.3576575574660455e-05,0.00039992002132693545,0.06593406593406594,0.038461538461538464,1.0
2021-10-01,2020-01-24,2.7776749976258925e-05,4.17641560469135e-06,0.006007067137809186,3.183901094359659e-05,5.689965268037575e-06,0.013193316866290722,2021-09-27,250,46751,165,0.01,2.9623232234139685e-05,4.8643927243941785e-06,2.9623232234139685e-05,4.8643927243941785e-06,0.005442722869496451,0.002205536833606317,0.5947732621171711,2.4758839509745506e-05,0.0003999200213269354,0.2545454545454545,0.17575757575757575,1.0
2021-10-04,2020-01-27,5.528010230097243e-05,1.1149751246629056e-05,0.0059586400280406595,3.698286736113742e-05,6.387741755223578e-06,0.013038365880619017,2021-09-29,250,46814,176,0.01,4.6131484831054924e-05,8.768746500926317e-06,4.6131484831054924e-05,8.768746500926317e-06,0.006792016256683645,0.0029612069331484275,0.564016512735159,3.736273833012861e-05,0.00039992002132693534,0.0625,0.028409090909090908,1.0
2021-10-06,2020-01-29,2.6981814827350935e-05,3.828974445181998e-06,0.006023669477712419,2.679679975896115e-05,4.971219382311211e-06,0.013072685292080352,2021-10-01,250,46860,166,0.01,2.690268187641314e-05,4.317524990580637e-06,2.690268187641314e-05,4.317524990580637e-06,0.005186779528417719,0.002077865489048951,0.5993919776877763,2.2585156885832502e-05,0.00039992002132693545,0.12048192771084337,0.0963855421686747,1.0
2021-10-08,2020-01-31,2.5384740372562563e-05,5.111811250490897e-06,0.005932025961337148,1.6653931189457507e-05,7.864415444666439e-06,0.012906989467925041,2021-10-04,250,46920,155,0.01,2.1667105494595252e-05,6.283887875107579e-06,2.1667105494595252e-05,6.283887875107579e-06,0.00465479381869866,0.002506768412739314,0.4614652097651597,1.538321761948767e-05,0.0004998750416510478,0.4129032258064516,0.22580645161290322,1.0
2021-10-11,2020-02-03,2.1012628406520503e-05,2.3250108600464354e-06,0.005948215535339399,1.790221367538257e-05,5.113170401926329e-06,0.012930571415520939,2021-10-06,250,46975,170,0.01,1.9640386613371412e-05,3.555081246169918e-06,1.9640386613371412e-05,3.555081246169918e-06,0.004431747580060422,0.001885492308700812,0.5745488039110961,1.6085305367201495e-05,0.0004998750416510478,0.18823529411764706,0.10588235294117647,1.0
2021-10-13,2020-02-05,2.995675053645095e-05,1.412090574351506e-06,0.006006642640096106,2.2105502421959206e-05,7.283093954498632e-06,0.013057008440570088,2021-10-08,250,47018,178,0.01,2.6207559021103772e-05,4.215659604197045e-06,2.6207559021103772e-05,4.215659604197045e-06,0.005119331892064019,0.0020532071508245447,0.5989306428818527,2.199189941690673e-05,0.0005998200719676154,0.3258426966292135,0.0898876404494382,1.0
2021-10-15,2020-02-07,1.1017766950598246e-05,3.6240740396408674e-06,0.005912632164718974,1.429566993486857e-05,1.5680942211385585e-05,0.01279498305084746,2021-10-11,250,47080,167,0.01,1.2450622746117609e-05,8.894441563816702e-06,1.2450622746117609e-05,8.894441563816702e-06,0.0035285439980419133,0.0029823550365133764,0.15479159727968028,3.5561811823009073e-06,0.0004998750416510478,0.18562874251497005,0.11976047904191617,1.0
2021-10-18,2020-02-10,1.1945541398800616e-05,2.979161492590426e-06,0.005868544600938968,1.359957288300234e-05,1.4973271000191863e-05,0.012698275282032885,2021-10-13,250,47142,160,100.0,1.266918017313887e-05,8.226584402166056e-06,1.266918017313887e-05,8.226584402166056e-06,0.0035593791836693754,0.0028682022944984294,0.19418467477196666,4.442595770972814e-06,0.0004998750416510478,0.24375,0.0875,1.0
2021-10-20,2020-02-12,1.011093665493785e-05,3.2126566020189812e-06,0.00571390158644797,9.17518714232907e-06,1.5875492714825584e-05,0.012563864725723418,2021-10-15,250,47202,169,100.0,9.706737161325772e-06,8.682402378556743e-06,9.706737161325772e-06,8.682402378556743e-06,0.0031155636988072916,0.0029465916545318494,0.054234822526699866,1.0243347827690295e-06,0.0004998750416510478,0.1301775147928994,0.05325443786982249,1.0
2021-10-22,2020-02-14,1.2513600180969307e-05,2.6099782191498544e-06,0.005686379448755687,1.036081293220417e-05,1.6046602014680387e-05,0.012482153486628894,2021-10-18,250,47254,166,100.0,1.1644704122732778e-05,8.033193847466396e-06,1.1644704122732778e-05,8.033193847466396e-06,0.003412433753603545,0.002834288949183974,0.16942301189262576,3.611510275266382e-06,0.0005998200719676154,0.09036144578313253,0.0,1.0
2021-10-25,2020-02-19,1.2450416796319318e-05,2.2464503209697187e-06,0.005716591566346089,8.629182712968297e-06,1.6301851566004413e-05,0.012495100635593222,2021-10-20,250,47324,165,100.0,1.0898764168534359e-05,7.953795068953501e-06,1.0898764168534359e-05,7.953795068953501e-06,0.0033013276372596463,0.0028202473418041723,0.14572328115085464,2.9449690995808575e-06,0.0005998200719676154,0.06666666666666667,0.0,1.0
2021-10-27,2020-02-21,1.822195249638624e-05,3.1504055832016213e-06,0.005692472542191268,1.2455280185104501e-05,8.703308932310487e-06,0.012417273445039035,2021-10-22,250,47381,177,100.0,1.542006651463353e-05,5.848426419491805e-06,1.542006651463353e-05,5.848426419491805e-06,0.003926839252456552,0.0024183520048768345,0.38414794968651644,9.571640095141727e-06,0.0005998200719676154,0.12994350282485875,0.0903954802259887,1.0
2021-10-29,2020-02-24,4.816008669718785e-06,1.2850756564662797e-05,0.0055712132136068685,9.638559958244454e-06,1.1519836726847335e-05,0.012353333915168442,2021-10-25,250,47432,159,100.0,7.151458035860148e-06,1.2206223058299334e-05,7.151458035860148e-06,1.2206223058299334e-05,0.0026742210147742366,0.003493740553947779,-0.30645168617176854,-5.054765022439186e-06,0.0005998200719676154,0.18867924528301888,0.1761006289308176,1.0
2021-11-01,2020-02-26,2.2144188485490663e-06,1.3007528254222855e-05,0.005674232309746328,1.2001614855120037e-05,1.4615526605639742e-05,0.012328317909635277,2021-10-27,250,47493,151,100.0,6.751529580072032e-06,1.3752957953555185e-05,6.751529580072032e-06,1.3752957953555185e-05,0.002598370562501052,0.0037084980724755925,-0.4272398733250702,-7.001428373483153e-06,0.0004998750416510478,0.18543046357615894,0.2052980132450331,1.0
2021-11-03,2020-02-28,1.8032669494714198e-06,1.3612884216380908e-05,0.005665911211838419,8.20460911601614e-06,1.8743310121871488e-05,0.012257588222558995,2021-10-29,250,47529,150,100.0,4.619857502751097e-06,1.5870271614796764e-05,4.619857502751097e-06,1.5870271614796764e-05,0.0021493853779048317,0.003983750947887777,-0.8534372611071916,-1.1250414112045667e-05,0.0004998750416510478,0.2,0.12,1.0
2021-11-05,2020-03-02,3.7634522739202975e-06,1.1189996529775697e-05,0.0056306306306306295,6.366798461222915e-06,1.1057517898602522e-05,0.0121260628386627,2021-11-01,250,47563,162,100.0,5.2097557113106405e-06,1.1116397290235046e-05,5.2097557113106405e-06,1.1116397290235046e-05,0.002282488929066391,0.0033341261659143983,-0.46074144038812914,-5.906641578924405e-06,0.00039992002132693534,0.21604938271604937,0.32098765432098764,1.0
2021-11-08,2020-03-04,5.062663788173541e-06,1.027114297342406e-05,0.005717874140666316,8.77184030294492e-06,1.2278248720870004e-05,0.012084135487588842,2021-11-03,250,47593,143,100.0,6.956159491518371e-06,1.1295749403938425e-05,6.956159491518371e-06,1.1295749403938425e-05,0.00263745322072608,0.003360914965294187,-0.27430315687985596,-4.339589912420054e-06,0.0004998750416510478,0.06993006993006994,0.055944055944055944,1.0
2021-11-10,2020-03-06,9.338379406024333e-06,4.977467728580713e-06,0.005735693919501358,1.3514894470683099e-05,6.941882139105458e-06,0.012113868800547739,2021-11-05,250,47634,158,100.0,1.1373769659054237e-05,5.934808928646569e-06,1.1373769659054237e-05,5.934808928646569e-06,0.0033725019879985597,0.002436146327429157,0.27764421308023934,5.438960730407668e-06,0.00039992002132693545,0.16455696202531644,0.06329113924050633,1.0
2021-11-12,2020-03-09,8.7960851646992e-06,1.0966394827585661e-05,0.0058497328734699395,8.332391576144369e-06,1.0440757141430525e-05,0.012208163529335665,2021-11-08,250,47650,153,100.0,8.550600323699583e-06,1.0688116052562356e-05,8.550600323699583e-06,1.0688116052562356e-05,0.002924140954827517,0.003269268427731555,-0.11802696184472938,-2.137515728862773e-06,0.000499875041651048,0.1895424836601307,0.1895424836601307,1.0
2021-11-15,2020-03-11,7.399206620504822e-06,9.131545267748757e-06,0.005767051136742451,7.925876009076221e-06,1.1239301177034403e-05,0.012116720525606183,2021-11-10,250,47687,138,100.0,7.666357759635241e-06,1.0200696815937129e-05,7.666357759635241e-06,1.0200696815937129e-05,0.002768818838356031,0.0031938529734377454,-0.153507383435052,-2.5343390563018875e-06,0.000499875041651048,0.14492753623188406,0.13768115942028986,1.0
2021-11-17,2020-03-13,1.313060292493663e-05,6.373238046023875e-06,0.005728476821192053,1.420879029981043e-05,1.1825864266914503e-05,0.012064822707125809,2021-11-12,250,47711,158,100.0,1.3628752788011232e-05,8.892489401245492e-06,1.3628752788011232e-05,8.892489401245492e-06,0.0036917140718115255,0.0029820277331449306,0.19223762319121085,4.73626338676574e-06,0.0004998750416510478,0.3037974683544304,0.18354430379746836,1.0
2021-11-19,2020-03-16,1.1054412469973088e-05,4.34401946151382e-06,0.005479191740039272,1.3868747417231557e-05,8.697897636027657e-06,0.012053264641389734,2021-11-15,250,47761,177,100.0,1.2485430239765531e-05,6.557855821436111e-06,1.2485430239765531e-05,6.557855821436111e-06,0.003533472829917549,0.0025608310802230027,0.2752650993830458,5.92757441832942e-06,0.0004998750416510478,0.192090395480226,0.12994350282485875,1.0
2021-11-22,2020-03-18,1.5012568412060236e-05,2.961923777189801e-06,0.005387729679227652,1.5630321439750716e-05,6.202759053907708e-06,0.012074857642517435,2021-11-17,250,47796,199,100.0,1.531678849604851e-05,4.557913008940328e-06,1.531678849604851e-05,4.557913008940328e-06,0.0039136668861885155,0.002134926932927759,0.4544944689947935,1.0758875487108182e-05,0.0004998750416510477,0.25125628140703515,0.1457286432160804,1.0
2021-11-24,2020-03-20,2.8213852577528446e-05,5.41754120184361e-06,0.005359023604485472,1.3724296932735064e-05,7.289152314663867e-06,0.012092910997671886,2021-11-19,250,47826,174,100.0,2.1135621371738578e-05,6.331833986842011e-06,2.1135621371738578e-05,6.331833986842011e-06,0.004597349385432717,0.002516313570849629,0.45265992207969075,1.4803787384896567e-05,0.0005998200719676153,0.2471264367816092,0.09195402298850575,1.0
2021-11-26,2020-03-23,7.879295846369704e-05,2.4418928558210797e-05,0.005341484500432259,6.947505949795974e-05,1.830111974516398e-05,0.01206071063394683,2021-11-22,250,47871,152,100.0,7.388880111330899e-05,2.1199029182923e-05,7.388880111330899e-05,2.1199029182923e-05,0.008595859533130412,0.004604240348083819,0.4643653342242249,5.268977193038598e-05,0.0005998200719676154,0.3684210526315789,0.17105263157894737,1.0
2021-11-29,2020-03-25,2.0643039240958978e-05,3.849344335932071e-06,0.0055162298322811035,2.115129175053049e-05,4.594994190078245e-06,0.012335838943721813,2021-11-24,250,47904,195,100.0,2.0911500822937775e-05,4.243200412737486e-06,2.0911500822937775e-05,4.243200412737486e-06,0.004572909448364113,0.002059903010517118,0.5495421385931847,1.666830041020029e-05,0.0005998200719676153,0.2512820512820513,0.1641025641025641,1.0
2021-12-01,2020-03-27,5.0043033699813605e-05,1.8068900381944794e-05,0.00523290986085904,5.744427347541776e-05,1.9989770550879876e-05,0.012428176310475018,2021-11-26,250,47907,219,0.01,5.396332508780485e-05,1.9086347594714056e-05,5.396332508780485e-05,1.9086347594714056e-05,0.007345973392805398,0.0043687924641385815,0.40528065777949174,3.487697749309079e-05,0.0004998750416510477,0.2694063926940639,0.1963470319634703,1.0
2021-12-03,2020-03-30,5.005771625926397e-05,1.5719339324901415e-05,0.005282120175867123,5.0532287859513105e-05,1.837917810236938e-05,0.012378181023174468,2021-11-29,250,47835,222,0.01,5.0301415189121634e-05,1.7085202480898476e-05,5.0301415189121634e-05,1.7085202480898476e-05,0.007092349060016831,0.004133425030274346,0.41719943628034906,3.321621270822316e-05,0.0004998750416510477,0.0945945945945946,0.06306306306306306,1.0
2021-12-08,2020-04-01,2.375709896127821e-05,7.2561102721260434e-06,0.005053160415936438,6.176125257118725e-06,6.724803138280418e-06,0.012090586828393276,2021-12-01,250,47785,216,0.01,1.6350299854433243e-05,7.032272544441081e-06,1.6350299854433243e-05,7.032272544441081e-06,0.004043550402113623,0.002651843235268835,0.3441795027749184,9.318027309992161e-06,0.0005998200719676154,0.19907407407407407,0.1574074074074074,1.0
2021-12-10,2020-04-03,3.652832048210729e-05,1.359224384756597e-05,0.00495531622364803,7.242156312468835e-06,9.727192982462083e-06,0.012140623994853649,2021-12-03,250,47744,179,0.01,2.2948702459314042e-05,1.1800069424082044e-05,2.2948702459314042e-05,1.1800069424082044e-05,0.004790480399637811,0.0034351229125144916,0.28292725865777324,1.1148633035231999e-05,0.0005998200719676154,0.27932960893854747,0.2569832402234637,1.0
2021-12-13,2020-04-06,5.591955855809098e-05,2.5149091949246786e-05,0.0048202842017274995,8.517254321234761e-06,6.086646909951677e-06,0.012027403662318902,2021-12-08,250,47719,158,0.01,3.161837727210772e-05,1.537657265694993e-05,3.161837727210772e-05,1.537657265694993e-05,0.005623022076437876,0.0039212973181014885,0.30263526182248457,1.624180461515779e-05,0.0005998200719676154,0.2848101265822785,0.23417721518987342,1.0
2021-12-15,2020-04-08,6.321067425173661e-05,2.6288020888454086e-05,0.004961853955142544,1.2762618531187463e-05,7.436198236634992e-06,0.01221896581491713,2021-12-10,250,47699,182,100.0,3.881820774949307e-05,1.7172853891970133e-05,3.881820774949307e-05,1.7172853891970133e-05,0.006230425968542847,0.004144014224392833,0.3348746545876987,2.1645353857522938e-05,0.0004998750416510478,0.25274725274725274,0.21428571428571427,1.0
2021-12-17,2020-04-13,6.455025568731003e-05,4.090802627088269e-05,0.005021479159410195,3.5540269257413466e-05,1.124363142522748e-05,0.012138021224139778,2021-12-13,250,47635,179,100.0,4.980216202741847e-05,2.582724453370602e-05,4.980216202741847e-05,2.582724453370602e-05,0.007057064689190433,0.005082051213211651,0.2798633090332845,2.397491749371245e-05,0.0004998750416510478,0.2346368715083799,0.20670391061452514,1.0
2021-12-20,2020-04-15,5.0793466076017054e-05,2.7110252170314526e-05,0.00505434147481594,4.281278788841854e-05,1.4372202854566096e-05,0.012434407549959775,2021-12-15,250,47590,199,0.01,4.702369848991524e-05,2.109328415182029e-05,4.702369848991524e-05,2.109328415182029e-05,0.006857382772597374,0.004592742552312321,0.33024847750000597,2.593041433809495e-05,0.0004998750416510477,0.17587939698492464,0.1507537688442211,1.0
2021-12-22,2020-04-17,2.412952730401063e-05,8.568379225384932e-06,0.005000289034048211,1.4524071021850896e-05,9.874028293691394e-06,0.012348747462531855,2021-12-17,250,47512,182,0.01,1.9643462556848115e-05,9.178160383659928e-06,1.9643462556848115e-05,9.178160383659928e-06,0.004432094601522864,0.0030295478843649143,0.3164523421219474,1.0465302173188187e-05,0.000699755114273342,0.15384615384615385,0.054945054945054944,1.0
2021-12-27,2020-04-20,1.8330374562875307e-05,6.387100264239237e-06,0.004906966190152031,1.0230559948022654e-05,1.688356672941141e-05,0.012150894602634936,2021-12-20,250,47478,164,0.01,1.5120082185037365e-05,1.0547285143728208e-05,1.5120082185037365e-05,1.0547285143728208e-05,0.003888454986885841,0.003247658409335595,0.16479464972884839,4.572797041309156e-06,0.0006997551142733422,0.15853658536585366,0.04878048780487805,1.0
2021-12-29,2020-04-22,1.8898177432159583e-05,8.535057350920962e-06,0.0048245858664733125,8.470762991703635e-06,1.7968947074785473e-05,0.011991131754985637,2021-12-22,250,47411,157,0.01,1.4780344977966787e-05,1.2260542464803762e-05,1.4780344977966787e-05,1.2260542464803762e-05,0.003844521423788244,0.003501505742506181,0.08922194558720098,2.519802513163025e-06,0.0005998200719676154,0.2229299363057325,0.16560509554140126,1.0
2021-12-31,2020-04-24,1.7648332066406034e-05,6.025299388855796e-06,0.0048540965207631865,9.581244341339623e-06,1.1624873002515336e-05,0.01200901167674731,2021-12-27,250,47323,170,0.01,1.3662241661079103e-05,8.79214752736992e-06,1.3662241661079103e-05,8.79214752736992e-06,0.0036962469697084774,0.002965155565458568,0.1977928991870287,4.870094133709183e-06,0.0004998750416510478,0.2411764705882353,0.20588235294117646,1.0
2022-01-03,2020-04-27,1.278505626440209e-05,5.515040871614543e-06,0.00487131835332545,7.115037209275054e-06,1.800650079793095e-05,0.012039352787603168,2021-12-29,250,47240,150,0.01,1.0517048642351275e-05,1.0511624842141105e-05,1.0517048642351275e-05,1.0511624842141105e-05,0.003242999944858352,0.0032421636050855153,0.00025789077615090417,5.423800210169969e-09,0.0005998200719676154,0.18666666666666668,0.14666666666666667,1.0
2022-01-05,2020-04-29,2.5056165444024046e-05,8.257652631508264e-06,0.00481357818586533,1.574610930616473e-05,9.180629962291386e-06,0.011974057166788813,2021-12-31,250,47190,157,0.01,2.0371487514782733e-05,8.722080715150726e-06,2.0371487514782733e-05,8.722080715150726e-06,0.0045134784274196696,0.002953316900562946,0.34566721696921,1.1649406799632006e-05,0.0007996801705643324,0.3184713375796178,0.25477707006369427,1.0
2022-01-07,2020-05-01,1.2814259858093156e-05,4.473893178287282e-06,0.005029069767441861,1.0965146048180124e-05,1.2471123672330594e-05,0.012219966234987395,2022-01-03,250,47227,150,1.0,1.1963667505533163e-05,8.152619205547208e-06,1.1963667505533163e-05,8.152619205547208e-06,0.0034588534958181105,0.0028552791817171236,0.17450126604978555,3.8110482999859552e-06,0.0009995003330835331,0.34,0.24,1.0
2022-01-10,2020-05-04,1.848850516531429e-05,6.766642465985507e-06,0.0050241040831736075,1.0538026041670324e-05,1.1404795058144847e-05,0.012268469608873823,2022-01-05,250,47178,150,1.0,1.504329754506857e-05,8.776508589254551e-06,1.504329754506857e-05,8.776508589254551e-06,0.0038785690073877208,0.0029625172723976734,0.23618291520537438,6.266788955814019e-06,0.0009995003330835331,0.30666666666666664,0.16,1.0
2022-01-12,2020-05-06,9.144510642536625e-06,1.415377346405658e-05,0.004940598583504683,1.546833846953769e-05,2.2328739366363053e-05,0.012172881319850984,2022-01-07,250,47094,168,100.0,1.2005289897608532e-05,1.7851972324623793e-05,1.2005289897608532e-05,1.7851972324623793e-05,0.0034648650619625194,0.0042251594436924856,-0.2194297232745137,-5.84668242701526e-06,0.0010993954433009634,0.25595238095238093,0.15476190476190477,1.0
2022-01-14,2020-05-08,1.47129088827373e-05,5.120838339255123e-06,0.005023520529647483,1.3644059130715842e-05,1.04032170328202e-05,0.012309669989021164,2022-01-10,250,47038,163,100.0,1.4214549489156743e-05,7.583787914168901e-06,1.4214549489156743e-05,7.583787914168901e-06,0.0037702187587932805,0.0027538678098574195,0.2695734687981767,6.630761574987842e-06,0.0011992805754820971,0.32515337423312884,0.17791411042944785,1.0
2022-01-19,2020-05-11,3.3597265708030336e-05,1.829197145082442e-05,0.005094228504122497,3.198072135431729e-05,7.263822793425556e-06,0.012526475935946023,2022-01-12,250,47027,197,100.0,3.284233128903743e-05,1.3141770047369114e-05,3.284233128903743e-05,1.3141770047369114e-05,0.0057308229155189775,0.003625157934127714,0.3674280312674042,1.9700561241668318e-05,0.0015987213636970278,0.14720812182741116,0.06598984771573604,1.0
2022-01-21,2020-05-13,6.274935236506871e-05,2.0869688047310376e-05,0.0052580390249832845,5.604682963498153e-05,6.569937647212854e-06,0.012799576944599886,2022-01-14,250,46997,206,100.0,5.9137798855167367e-05,1.3164482734636471e-05,5.9137798855167367e-05,1.3164482734636471e-05,0.0076901104579301955,0.00362828922973851,0.5281876314277195,4.59733161205309e-05,0.0016985566355814767,0.2669902912621359,0.14563106796116504,1.0
2022-01-24,2020-05-15,9.490503196225824e-05,3.326543953267626e-05,0.005326026722492457,6.508056055046554e-05,1.1299379742183587e-05,0.013055872414265491,2022-01-19,250,47011,164,100.0,7.617380906338843e-05,1.9469682469135132e-05,7.617380906338843e-05,1.9469682469135132e-05,0.00872776082757705,0.0044124463134564175,0.49443546854372555,5.67041265942533e-05,0.0016985566355814767,0.25609756097560976,0.23170731707317074,1.0
2022-01-26,2020-05-18,0.00010575660428149318,4.097205878334982e-05,0.005413693829014896,6.332980186948122e-05,1.0780252541517695e-05,0.013161348309434488,2022-01-21,250,47014,194,100.0,7.951322134622804e-05,2.229671471623716e-05,7.951322134622804e-05,2.229671471623716e-05,0.008917018635520958,0.004721939719674231,0.4704575696562552,5.7216506629990885e-05,0.001898197283080252,0.34536082474226804,0.21649484536082475,1.0
2022-01-28,2020-05-20,2.328017122016758e-05,1.7732327963861464e-05,0.005432734581082777,3.6904022057799426e-05,1.1463430958265041e-05,0.01325992718671737,2022-01-24,250,46997,214,100.0,3.0537736619653704e-05,1.439282208237552e-05,3.0537736619653704e-05,1.439282208237552e-05,0.005526095965476324,0.0037937873006239453,0.313477846869614,1.6144914537278182e-05,0.0019980026626730566,0.21495327102803738,0.11214953271028037,1.0
2022-01-31,2020-05-22,6.887148870316096e-06,3.37415398008169e-05,0.005078377267656904,1.96910539559912e-05,1.4396381385026022e-05,0.01293859260097296,2022-01-26,250,46976,162,100.0,1.4711757533784213e-05,2.1919498546722475e-05,1.4711757533784213e-05,2.1919498546722475e-05,0.0038355908976042026,0.004681826411425618,-0.22062715665270582,-7.2077410129382615e-06,0.0018981972830802523,0.22839506172839505,0.20987654320987653,1.0
2022-02-02,2020-05-27,1.0189222463331553e-05,3.676833790432571e-05,0.0049538972567436,2.47809638113321e-05,3.371354332321676e-05,0.012624375758913786,2022-01-28,250,46984,178,100.0,1.7157188837376758e-05,3.530958768300964e-05,1.7157188837376758e-05,3.530958768300964e-05,0.004142123711017907,0.0059421871127565175,-0.4345749975913331,-1.8152398845632884e-05,0.001898197283080252,0.12359550561797752,0.1797752808988764,1.0
2022-02-04,2020-05-29,1.2215536477100735e-05,3.253882785727763e-05,0.005002891844997108,1.2563464413734265e-05,1.26386670543807e-05,0.01280387595163458,2022-01-31,250,46941,194,100.0,1.2400261103251526e-05,2.197327856501792e-05,1.2400261103251526e-05,2.197327856501792e-05,0.003521400446307055,0.004687566379798575,-0.33116538470212764,-9.573017461766394e-06,0.0019980026626730566,0.25773195876288657,0.26804123711340205,1.0
2022-02-07,2020-06-01,8.194812215662165e-06,8.194812215662165e-06,0.005104704449213994,1.4832304155723922e-05,1.4832304155723922e-05,0.012743951415199463,2022-02-02,250,46975,183,100.0,1.1894397887171998e-05,1.1894397887171998e-05,1.1894397887171998e-05,1.1894397887171998e-05,0.0034488255808567646,0.0034488255808567646,0.0,0.0,0.00229735904868349,0.13114754098360656,0.13114754098360656,0.0
2022-02-09,2020-06-03,2.0940691420270328e-05,2.0940691420270328e-05,0.005033461076474289,7.356731668071808e-06,7.356731668071808e-06,0.012680647092739613,2022-02-04,250,46969,168,100.0,1.4552996060605548e-05,1.4552996060605548e-05,1.4552996060605548e-05,1.4552996060605548e-05,0.0038148389298377394,0.0038148389298377394,0.0,0.0,0.002496880198587199,0.17857142857142858,0.17857142857142858,0.0
2022-02-11,2020-06-05,1.2841303828973961e-05,1.2841303828973961e-05,0.005112712061352546,3.1652795633394185e-05,3.1652795633394185e-05,0.01272636650939197,2022-02-07,250,46977,201,100.0,2.3229739601564228e-05,2.3229739601564228e-05,2.3229739601564228e-05,2.3229739601564228e-05,0.004819724017157438,0.004819724017157438,0.0,0.0,0.003992021269537453,0.22885572139303484,0.22885572139303484,0.0
2022-02-14,2020-06-08,9.631738788620148e-06,9.631738788620148e-06,0.005218216318785579,2.8934553112385704e-05,2.8934553112385704e-05,0.012982361621940698,2022-02-09,250,46999,180,0.01,2.121342738287948e-05,2.121342738287948e-05,2.121342738287948e-05,2.121342738287948e-05,0.004605803663084162,0.004605803663084162,0.0,0.0,0.0035935355101301704,0.35,0.35,0.0
2022-02-16,2020-06-09,1.5832487837096847e-05,0.00016865109414325165,0.005092887319868047,1.028131581770531e-05,6.112141863153001e-05,0.012818226854965253,2022-02-11,250,47123,192,100.0,1.2912340056062755e-05,0.00011208600442093974,1.2912340056062755e-05,0.00011208600442093974,0.0035933744664399725,0.010587067791458585,-1.9462745645731165,-9.917366436487699e-05,0.003992021269537453,0.16666666666666666,0.22395833333333334,1.0
2022-02-23,2020-06-10,2.620084039275621e-05,3.59066753605597e-05,0.005355404089581305,3.505655917766679e-05,8.315051934768278e-06,0.013311476592871935,2022-02-14,250,47148,184,0.01,3.144689119468693e-05,1.9561637570281083e-05,3.144689119468693e-05,1.9561637570281083e-05,0.005607752775817327,0.004422854007344249,0.2112965417417817,1.1885253624405849e-05,0.0036931718376175702,0.28804347826086957,0.2554347826086957,1.0
2022-02-25,2020-06-12,1.165067952433399e-05,2.422342751430771e-05,0.0054073983040432575,1.543798401218654e-05,4.429236601176512e-06,0.013350947933691338,2022-02-16,250,47176,206,100.0,1.3617871661228277e-05,1.3941978836127913e-05,1.3617871661228277e-05,1.3941978836127913e-05,0.0036902400546886213,0.003733895932685847,-0.011830091633675321,-3.2410717489963536e-07,0.0031948908965191976,0.15048543689320387,0.13106796116504854,1.0
2022-02-28,2020-06-15,9.246686056992526e-06,1.5148785180805913e-05,0.005338186229905976,2.174565170085896e-05,4.45720732279883e-06,0.013062732153055399,2022-02-23,250,47157,175,100.0,1.6603220121668204e-05,8.85602792723603e-06,1.6603220121668204e-05,8.85602792723603e-06,0.004074704912219804,0.0029759079164577706,0.2696629619648787,7.747192194432174e-06,0.003294566949430031,0.4228571428571429,0.33714285714285713,1.0
2022-03-02,2020-06-17,1.0421525010867689e-05,1.2579691551563364e-05,0.005392156862745097,2.5784707050136378e-05,6.624718169805679e-06,0.013298783664356483,2022-02-25,250,47156,208,100.0,1.825083893472577e-05,9.544945501244544e-06,1.825083893472577e-05,9.544945501244544e-06,0.004272100061413095,0.0030894895211417282,0.276821826097442,8.705893433481225e-06,0.0031948908965191976,0.1971153846153846,0.15384615384615385,1.0
2022-03-04,2020-06-19,2.7923872924319824e-05,9.676188808262375e-06,0.00529386993924081,3.588573807625432e-05,1.0447136273236324e-05,0.013123892038282346,2022-02-28,250,47090,209,100.0,3.230480351031249e-05,1.0100394351190623e-05,3.230480351031249e-05,1.0100394351190623e-05,0.005683731477674899,0.003178111758763468,0.4408406218262144,2.220440915912187e-05,0.0037927982386962373,0.3014354066985646,0.18660287081339713,1.0
2022-03-07,2020-06-22,6.015214580838155e-05,2.2520901482686427e-05,0.005393148250291108,6.423718199690061e-05,2.5712934552629583e-05,0.013231392738968457,2022-03-02,250,47081,195,100.0,6.254032081090038e-05,2.4387013123576274e-05,6.254032081090038e-05,2.4387013123576274e-05,0.007908243851254233,0.004938320880985386,0.37554772287374805,3.8153307687324104e-05,0.0033942330680155476,0.24615384615384617,0.12307692307692308,1.0
2022-03-09,2020-06-24,2.47635563987959e-05,1.032756486742451e-05,0.005589430894308945,3.341803076317664e-05,1.015353534769482e-05,0.013737443843843842,2022-03-04,250,47071,197,100.0,2.950814132952239e-05,1.0232157821075239e-05,2.950814132952239e-05,1.0232157821075239e-05,0.0054321396640294875,0.0031987744248501235,0.41113914172130916,1.9275983508447153e-05,0.0035935355101301704,0.3756345177664975,0.22842639593908629,1.0
2022-03-11,2020-06-26,4.798684040496455e-05,1.3795785118549988e-05,0.0055513499873832955,2.3667474690741215e-05,5.799493420337488e-06,0.013439435461126255,2022-03-07,250,47068,212,100.0,3.433587568801844e-05,9.307300627572214e-06,3.433587568801844e-05,9.307300627572214e-06,0.0058596822173236016,0.0030507868866199448,0.47935966943726416,2.5028575060446224e-05,0.0038924147153438387,0.2641509433962264,0.14622641509433962,1.0
2022-03-14,2020-06-29,7.503082658117761e-05,2.8788728714257393e-05,0.005687326310347058,2.703971280048622e-05,6.538582017972425e-06,0.013612519342014434,2022-03-09,250,47038,220,100.0,4.732686544414212e-05,1.5944325848674705e-05,4.732686544414212e-05,1.5944325848674705e-05,0.00687945240874171,0.003993034666600667,0.41957085690036544,3.1382539595467414e-05,0.003992021269537453,0.31363636363636366,0.24545454545454545,1.0
2022-03-16,2020-07-01,2.0419793527034774e-05,2.0419793527034774e-05,0.005674124701786062,1.4457905968724929e-05,1.4457905968724929e-05,0.013417676044770867,2022-03-11,250,47039,185,100.0,1.726160444209226e-05,1.726160444209226e-05,1.726160444209226e-05,1.726160444209226e-05,0.004154708707249193,0.004154708707249193,0.0,0.0,0.004589452333807287,0.1945945945945946,0.1945945945945946,0.0
2022-03-18,2020-07-06,1.3784799705230448e-05,6.935061142982591e-05,0.0054787697671522875,1.6405570558945562e-05,4.16893922809986e-05,0.012964407010225134,2022-03-14,250,47050,191,100.0,1.5129488415513595e-05,5.5157944013150115e-05,1.5129488415513595e-05,5.5157944013150115e-05,0.003889664306275491,0.0074268394363383216,-0.9093779955139156,-4.002845559763652e-05,0.003992021269537453,0.1099476439790576,0.13612565445026178,1.0
2022-03-21,2020-07-08,1.1099275911365935e-05,3.999029773953265e-05,0.0053665081107452115,1.5982822538271053e-05,3.11622734870226e-05,0.013062251417259066,2022-03-16,250,47029,208,100.0,1.3353220508399066e-05,3.591582500760493e-05,1.3353220508399066e-05,3.591582500760493e-05,0.0036542058656292295,0.005992981312135466,-0.6400229030620077,-2.256260449920586e-05,0.0041912046184680715,0.125,0.08653846153846154,1.0
2022-03-23,2020-07-10,1.5656415417796385e-05,1.5656415417796385e-05,0.005212652529321169,1.4590248560947132e-05,1.4590248560947132e-05,0.01291494917591583,2022-03-18,250,47002,181,100.0,1.5161619749424356e-05,1.5161619749424356e-05,1.5161619749424356e-05,1.5161619749424356e-05,0.0038937924635789665,0.0038937924635789665,0.0,0.0,0.005087039048557105,0.09944751381215469,0.09944751381215469,0.0
2022-03-25,2020-07-13,1.3940896116489027e-05,1.3940896116489027e-05,0.005055437467685415,1.5046589258762617e-05,1.5046589258762617e-05,0.012889147372860666,2022-03-21,250,46990,176,100.0,1.4474895645427976e-05,1.4474895645427976e-05,1.4474895645427976e-05,1.4474895645427976e-05,0.003804588761670304,0.003804588761670304,0.0,0.0,0.005186526687300061,0.2215909090909091,0.2215909090909091,0.0
2022-03-28,2020-07-15,1.0750056912946304e-05,3.9255683619345725e-05,0.005036630036630037,1.9762714077349058e-05,4.635458119894517e-05,0.012826508206498928,2022-03-23,250,46968,177,100.0,1.451806047320508e-05,4.2223584302342105e-05,1.451806047320508e-05,4.2223584302342105e-05,0.003810257271262018,0.006497967705547798,-0.7053881779997409,-2.7705523829137025e-05,0.0054849302305696864,0.192090395480226,0.23728813559322035,1.0
2022-03-30,2020-07-17,9.069231963592764e-06,2.725279532450854e-05,0.004917299955297273,1.776713230402385e-05,2.9481006604884795e-05,0.012580288159462683,2022-03-25,250,46899,184,0.01,1.3087283751291908e-05,2.828213205729105e-05,1.3087283751291908e-05,2.828213205729105e-05,0.003617635104773823,0.005318094777012821,-0.47004731626887275,-1.5194848305999143e-05,0.0054849302305696864,0.20652173913043478,0.1956521739130435,1.0
2022-04-01,2020-07-20,9.590489590710363e-06,1.6512496251314022e-05,0.005039802989519501,1.4184681332615337e-05,1.9537126576142867e-05,0.012856328048888496,2022-03-28,250,46852,185,100.0,1.1999336071601078e-05,1.8098383502710764e-05,1.1999336071601078e-05,1.8098383502710764e-05,0.003464005784002255,0.004254219493950772,-0.22812135984239523,-6.099047431109686e-06,0.005186526687300061,0.24324324324324326,0.2756756756756757,1.0
2022-04-04,2020-07-22,7.199674713926983e-06,1.326084869198487e-05,0.005048476851586256,2.2514252322210992e-05,2.8092902098512265e-05,0.012819994701050956,2022-03-30,250,46831,170,100.0,1.3685848759788445e-05,1.954265954651412e-05,1.3685848759788445e-05,1.954265954651412e-05,0.0036994389790599934,0.004420708036787107,-0.19496714550766403,-5.8568107867256755e-06,0.005286004429237357,0.18823529411764706,0.2235294117647059,1.0
2022-04-06,2020-07-24,9.917607113947311e-06,9.917607113947311e-06,0.0050268479378498794,1.3514980311787124e-05,1.3514980311787124e-05,0.012873715717358047,2022-04-01,250,46794,144,100.0,1.1816220746140544e-05,1.1816220746140544e-05,1.1816220746140544e-05,1.1816220746140544e-05,0.003437473017514544,0.003437473017514544,0.0,0.0,0.006478966097709122,0.2777777777777778,0.2777777777777778,0.0
2022-04-08,2020-07-27,9.019521422039341e-06,9.019521422039341e-06,0.005112118043453005,1.6251887855993333e-05,1.6251887855993333e-05,0.012938547585622923,2022-04-04,250,46759,174,100.0,1.209535542268644e-05,1.209535542268644e-05,1.209535542268644e-05,1.209535542268644e-05,0.0034778377510583268,0.0034778377510583268,0.0,0.0,0.00677698427902375,0.2471264367816092,0.2471264367816092,0.0
2022-04-11,2020-07-29,1.0772933915597832e-05,8.878722321665333e-06,0.005173731553883239,1.1655666529730193e-05,5.427022271612364e-06,0.012973237705833729,2022-04-06,250,46697,185,100.0,1.1168970710046406e-05,7.330121758668595e-06,1.1168970710046406e-05,7.330121758668595e-06,0.0033420010038966784,0.0027074197603379857,0.18988062625319047,3.83884895137781e-06,0.006975613736425242,0.35135135135135137,0.22702702702702704,1.0
2022-04-13,2020-07-31,6.759564337989025e-06,1.3939836558436869e-05,0.005248717642848622,1.3520483774409165e-05,1.9524879752353355e-05,0.013247922608318693,2022-04-08,250,46661,199,0.01,1.005508788237472e-05,1.6662194296175056e-05,1.005508788237472e-05,1.6662194296175056e-05,0.003170975856479314,0.004081935116605243,-0.2872804150383388,-6.607106413800336e-06,0.007372754329413086,0.20100502512562815,0.11557788944723618,1.0
2022-04-18,2020-08-03,8.55980767527738e-06,8.55980767527738e-06,0.005323976042107807,2.014567458891779e-05,2.014567458891779e-05,0.013263053061970355,2022-04-11,250,46653,195,100.0,1.4025960270430806e-05,1.4025960270430806e-05,1.4025960270430806e-05,1.4025960270430806e-05,0.0037451248671347137,0.0037451248671347137,0.0,0.0,0.007868958378695182,0.09230769230769231,0.09230769230769231,0.0
2022-04-20,2020-08-05,1.0471038563377159e-05,8.745749020822058e-06,0.005256869772998802,1.816018966063064e-05,1.4350994072977706e-05,0.013046989034693512,2022-04-13,250,46658,199,100.0,1.4025821985222987e-05,1.1337118592672908e-05,1.4025821985222987e-05,1.1337118592672908e-05,0.003745106405060207,0.0033670637939713748,0.10094308951490383,2.688703392550079e-06,0.0080673710777588,0.271356783919598,0.20603015075376885,1.0
2022-04-22,2020-08-07,4.546471656614267e-05,3.7476717897832596e-05,0.005287825982454032,1.6197417592272913e-05,6.514735973855867e-06,0.013254878327169789,2022-04-18,250,46636,231,100.0,3.15279075309666e-05,2.27329169816532e-05,3.15279075309666e-05,2.27329169816532e-05,0.0056149717302019075,0.004767904883872286,0.15085861283564506,8.794990549313401e-06,0.00826574441703262,0.23809523809523808,0.2077922077922078,1.0
2022-04-25,2020-08-10,3.8632475281155976e-05,3.92721466417245e-05,0.005439149514803141,1.1800926203966857e-05,3.255481346669492e-06,0.013628842362219508,2022-04-20,250,46619,232,100.0,2.6141926572809313e-05,2.2505767969888544e-05,2.6141926572809313e-05,2.2505767969888544e-05,0.005112917618425835,0.004744024448702657,0.07214924965615865,3.6361586029207684e-06,0.008265744417032619,0.16810344827586207,0.09051724137931035,1.0
2022-04-27,2020-08-12,9.459151354566947e-05,7.518250405029681e-05,0.0056122448979591824,3.841943025323332e-05,2.0205671954183072e-05,0.013954414804133624,2022-04-22,250,46630,211,100.0,6.850210993117308e-05,4.964824080186484e-05,6.850210993117308e-05,4.964824080186484e-05,0.0082766001432456,0.0070461507791037825,0.14866603953870683,1.885386912930824e-05,0.008265744417032619,0.16587677725118483,0.13270142180094788,1.0
2022-05-02,2020-08-14,2.0426011153071235e-05,1.9677565224842203e-05,0.00558198541071995,1.8207455056537533e-05,8.978446036114872e-06,0.014093281553398061,2022-04-25,250,46671,219,100.0,1.92306247631581e-05,1.3912743013564461e-05,1.92306247631581e-05,1.3912743013564461e-05,0.004385273624662217,0.0037299789561825226,0.1494307367263017,5.317881749593638e-06,0.008464078412129412,0.2876712328767123,0.2374429223744292,1.0
2022-05-04,2020-08-17,7.188566903545968e-06,6.5766269965838886e-06,0.005517933283170302,8.787689037853088e-06,4.801097132429273e-06,0.013945030981315141,2022-04-27,250,46649,192,100.0,8.013114254048077e-06,5.661119410379164e-06,8.013114254048077e-06,5.661119410379164e-06,0.0028307444699315547,0.0023793107006818514,0.15947528081212448,2.3519948436689135e-06,0.009058844488346039,0.390625,0.2604166666666667,1.0
2022-05-06,2020-08-19,1.7614850593218105e-05,1.7670482896036748e-05,0.005613318874784716,1.0598534719252335e-05,7.486208494301903e-06,0.014031637708126923,2022-05-02,250,46663,197,100.0,1.3519031682019815e-05,1.1725348092993568e-05,1.3519031682019815e-05,1.1725348092993568e-05,0.0036768235859257394,0.0034242295619589477,0.06869897836101768,1.793683589026247e-06,0.008464078412129412,0.2182741116751269,0.25380710659898476,1.0
2022-05-09,2020-08-21,3.6149700383465284e-05,4.4984015258236455e-05,0.005658697863682603,3.765865393053282e-05,2.974860733696733e-05,0.014115894393932025,2022-05-04,250,46627,209,100.0,3.696554608116209e-05,3.6746689444344534e-05,3.696554608116209e-05,3.6746689444344534e-05,0.006079929776005813,0.006061904770313085,0.002964673336172896,2.1885663681755574e-07,0.008464078412129412,0.20095693779904306,0.19617224880382775,1.0
2022-05-11,2020-08-24,4.395628430663171e-05,4.609017833575666e-05,0.005760144974435314,2.2542387314208675e-05,1.959495924021833e-05,0.014549179383096546,2022-05-06,250,46584,188,100.0,3.245200985857465e-05,3.185604467272809e-05,3.245200985857465e-05,3.185604467272809e-05,0.0056966665567307565,0.005644115933671818,0.009224802353377859,5.959651858465604e-07,0.008860628432196555,0.23404255319148937,0.22340425531914893,1.0
2022-05-13,2020-08-26,1.2284711072727045e-05,2.23306772704882e-05,0.0062429854096520765,7.176005873328263e-06,5.6926398552917094e-06,0.014799490238058823,2022-05-09,250,46562,195,100.0,9.429075858704134e-06,1.3030440971737342e-05,9.429075858704134e-06,1.3030440971737342e-05,0.0030706800319642773,0.00360977021037868,-0.1755605184528306,-3.601365113033208e-06,0.009554212804811654,0.2512820512820513,0.3076923076923077,1.0
2022-05-16,2020-08-28,1.2324248899112998e-05,1.2324248899112998e-05,0.00604989463666644,7.210990568336377e-06,7.210990568336377e-06,0.014453928109130735,2022-05-11,250,46498,215,1.0,9.731945838393688e-06,9.731945838393688e-06,9.731945838393688e-06,9.731945838393688e-06,0.003119606680079027,0.003119606680079027,0.0,0.0,0.010247316451549525,0.14418604651162792,0.14418604651162792,0.0
2022-05-18,2020-08-31,2.435800478281064e-05,2.435800478281064e-05,0.005963548646475479,1.1027592096151816e-05,1.1027592096151816e-05,0.014220297805642636,2022-05-13,250,46461,205,0.01,1.7205100414359565e-05,1.7205100414359565e-05,1.7205100414359565e-05,1.7205100414359565e-05,0.004147903134640389,0.004147903134640389,0.0,0.0,0.010544213875671152,0.18536585365853658,0.18536585365853658,0.0
2022-05-20,2020-09-02,1.2201955318813704e-05,2.88795271528945e-05,0.006479796141244995,6.982805711926589e-06,6.028816074859219e-06,0.014908930313767776,2022-05-16,250,46472,221,100.0,9.297179745749835e-06,1.6161710580051336e-05,9.297179745749835e-06,1.6161710580051336e-05,0.0030491277024339,0.004020163004164301,-0.31846331032816133,-6.8645308343015005e-06,0.010445257861538647,0.2669683257918552,0.24434389140271492,1.0
2022-05-23,2020-09-04,1.2798948848895408e-05,1.7414314370151374e-05,0.006468493349807398,7.270451655785346e-06,3.4506797178273766e-06,0.014902425377922641,2022-05-18,250,46451,232,100.0,9.772573230253262e-06,9.770428159611945e-06,9.772573230253262e-06,9.770428159611945e-06,0.0031261115191645455,0.0031257684110650207,0.00010975555331971254,2.1450706413171915e-09,0.010247316451549525,0.22844827586206898,0.16379310344827586,1.0
2022-05-25,2020-09-09,1.3400359709994757e-05,2.3904782878340907e-05,0.006340837845540043,5.8207535949237e-06,5.071444574578657e-06,0.014741252633984105,2022-05-20,250,46446,204,100.0,9.573401720522605e-06,1.4395793440657025e-05,9.573401720522605e-06,1.4395793440657025e-05,0.0030940914208411174,0.003794178888858171,-0.22626592844071092,-4.82239172013442e-06,0.010544213875671152,0.20098039215686275,0.2647058823529412,1.0
2022-05-27,2020-09-11,2.867109909419227e-05,1.2884120134110463e-05,0.006190012519126443,9.613004669768071e-06,3.8059373136460706e-06,0.014325903629320765,2022-05-23,250,46436,213,100.0,1.7934144488882862e-05,7.769650939482635e-06,1.7934144488882862e-05,7.769650939482635e-06,0.0042348724288793944,0.0027874093598685206,0.34179614458749885,1.0164493549400227e-05,0.010643160098479829,0.3192488262910798,0.15492957746478872,1.0
2022-06-01,2020-09-14,2.0928882305651296e-05,1.5804209744384224e-05,0.005979575382961569,1.0055120787226432e-05,4.2122486832715145e-06,0.014061540696970434,2022-05-25,250,46428,199,100.0,1.5355396502237545e-05,9.862601562306353e-06,1.5355396502237545e-05,9.862601562306353e-06,0.00391859624128814,0.0031404779194107307,0.19857068040815118,5.492794939931192e-06,0.011533235813673031,0.271356783919598,0.23618090452261306,1.0
2022-06-03,2020-09-16,2.0782057578015925e-05,1.4736388529937185e-05,0.005885854110177902,1.0020146326079772e-05,5.330863679791864e-06,0.013911286806104602,2022-05-27,250,46429,225,100.0,1.4946710143632767e-05,9.636503944525057e-06,1.4946710143632767e-05,9.636503944525057e-06,0.003866097534159319,0.003104271886372883,0.19705287853067432,5.31020619910771e-06,0.011632084229707655,0.3111111111111111,0.2088888888888889,1.0
2022-06-06,2020-09-18,1.9749604619885205e-05,1.1184734026646513e-05,0.006121887467327005,1.122872188074029e-05,6.981901479904301e-06,0.014143401373800364,2022-06-01,250,46363,185,100.0,1.5051604406951253e-05,8.867496622496753e-06,1.5051604406951253e-05,8.867496622496753e-06,0.0038796397264373988,0.0029778342167583395,0.23244568394683662,6.1841077844545e-06,0.012027380212718456,0.2702702702702703,0.24864864864864866,1.0
2022-06-08,2020-09-21,3.0376730048264075e-05,1.2175871941761897e-05,0.005984802636002959,1.2244497112036966e-05,6.967004110439732e-06,0.013966498292201859,2022-06-03,250,46334,179,100.0,2.0854775321977214e-05,9.440488834810593e-06,2.0854775321977214e-05,9.440488834810593e-06,0.004566702893990062,0.0030725378492071653,0.3271868302948434,1.141428648716662e-05,0.012521280553671748,0.3743016759776536,0.2681564245810056,1.0
2022-06-10,2020-09-23,1.5572689649377756e-05,2.297780685262231e-05,0.00623948401570387,4.927763481057228e-06,3.475217933075749e-06,0.014464009565563969,2022-06-06,250,46265,231,100.0,9.167301175799602e-06,1.1242482784150567e-05,9.167301175799602e-06,1.1242482784150567e-05,0.0030277551380188594,0.0033529811786156163,-0.1074149083302558,-2.075181608350965e-06,0.012916225266546328,0.3116883116883117,0.27705627705627706,1.0
2022-06-13,2020-09-25,3.391495829408778e-05,3.391495829408778e-05,0.006490191788813535,1.4357854202565987e-05,1.4357854202565987e-05,0.014895926115956908,2022-06-08,250,46223,218,100.0,2.2970156921768245e-05,2.2970156921768245e-05,2.2970156921768245e-05,2.2970156921768245e-05,0.004792719157406184,0.004792719157406184,0.0,0.0,0.013804280976397049,0.18807339449541285,0.18807339449541285,0.0
2022-06-15,2020-09-28,1.631390866385843e-05,1.631390866385843e-05,0.00670382645375113,1.0478492997357551e-05,1.0478492997357551e-05,0.015530617594350982,2022-06-10,250,46222,204,100.0,1.3195965979306491e-05,1.3195965979306491e-05,1.3195965979306491e-05,1.3195965979306491e-05,0.003632625218668517,0.003632625218668517,0.0,0.0,0.018134570195482695,0.1568627450980392,0.1568627450980392,0.0
2022-06-17,2020-09-30,1.5399443343786514e-05,1.5399443343786514e-05,0.006842995540519763,1.7829344939437468e-05,1.7829344939437468e-05,0.015836443474703393,2022-06-13,250,46200,210,100.0,1.6753245661363475e-05,1.6753245661363475e-05,1.6753245661363475e-05,1.6753245661363475e-05,0.004093072887374897,0.004093072887374897,0.0,0.0,0.015774919115362215,0.1523809523809524,0.1523809523809524,0.0
2022-06-22,2020-10-02,2.34659455424211e-05,2.7914548067151305e-05,0.0065503790387870745,1.582665325628401e-05,1.4052865785565525e-05,0.01601681819393713,2022-06-15,250,46163,191,100.0,1.9146345715704835e-05,2.0076528766568768e-05,1.9146345715704835e-05,2.0076528766568768e-05,0.004375653747236501,0.004480683961915722,-0.02400331944582068,-9.301830508639322e-07,0.0168571170664229,0.18848167539267016,0.14136125654450263,1.0
2022-06-27,2020-10-05,3.439589259227523e-05,3.158237155587727e-05,0.006282648595228007,2.322410247435369e-05,1.3184868747876708e-05,0.015400502461033635,2022-06-17,250,46166,200,0.01,2.847484382977681e-05,2.1831695067636973e-05,2.847484382977681e-05,2.1831695067636973e-05,0.005336182514661282,0.004672439947996868,0.12438528195779786,6.643148762139838e-06,0.01715205881756557,0.24,0.15,1.0
2022-06-29,2020-10-07,2.0185702390185003e-05,2.648796960027304e-05,0.006475552968568099,1.3941510553049632e-05,8.390474981936352e-06,0.015782025482726916,2022-06-22,250,46140,220,100.0,1.6779779569929345e-05,1.6616608899362116e-05,1.6779779569929345e-05,1.6616608899362116e-05,0.004096312923829104,0.004076347494922644,0.004873999930600337,1.6317067056722926e-07,0.0177416814761571,0.14545454545454545,0.12727272727272726,1.0
2022-07-01,2020-10-09,2.1979035749121295e-05,2.1453510396169433e-05,0.0065096547688706825,1.3654483146699721e-05,6.242003346136717e-06,0.015924262425447318,2022-06-27,250,46124,211,100.0,1.7363051604650565e-05,1.3018693690701055e-05,1.7363051604650565e-05,1.3018693690701055e-05,0.004166899519384954,0.003608142692674592,0.13409414460582825,4.34435791394951e-06,0.01705375456582752,0.3033175355450237,0.27014218009478674,1.0
2022-07-06,2020-10-12,2.756940674047182e-05,2.2418342129500902e-05,0.006287086747668833,1.7694806497083235e-05,5.089812485809803e-06,0.015727898209236566,2022-06-29,250,46136,188,100.0,2.2474533210638344e-05,1.3477558217596453e-05,2.2474533210638344e-05,1.3477558217596453e-05,0.004740731294920473,0.003671179404169245,0.22560905147634402,8.99697499304189e-06,0.018821754240587765,0.2553191489361702,0.18085106382978725,1.0
2022-07-08,2020-10-14,5.563074617801198e-05,1.6377547398348383e-05,0.006081311923471132,2.7196008033636854e-05,1.0807058487959173e-05,0.01544365664927119,2022-07-01,250,46166,194,100.0,4.155994792100161e-05,1.3621016803516609e-05,4.155994792100161e-05,1.3621016803516609e-05,0.006446700545317861,0.0036906661734050954,0.42751084101687187,2.7938931117484997e-05,0.01931231103237282,0.17010309278350516,0.10824742268041238,1.0
2022-07-11,2020-10-16,2.9289931631253446e-05,2.5132850560797083e-05,0.00605277475516866,2.149913499636926e-05,6.0414933924631714e-06,0.01545637172923045,2022-07-06,250,46131,203,100.0,2.5413722468084468e-05,1.563419502384277e-05,2.5413722468084468e-05,1.563419502384277e-05,0.00504120248235324,0.003954009992886053,0.21566134137101423,9.779527444241697e-06,0.019606529638918315,0.3054187192118227,0.21182266009852216,1.0
2022-07-13,2020-10-19,2.766627771553596e-05,2.766627771553596e-05,0.006101741395859043,1.9618466019192783e-05,1.9618466019192783e-05,0.015774566079352986,2022-07-08,250,46093,233,100.0,2.3659641849545367e-05,2.3659641849545367e-05,2.3659641849545367e-05,2.3659641849545367e-05,0.004864117787383994,0.004864117787383994,0.0,0.0,0.021957167352042135,0.15021459227467812,0.15021459227467812,0.0
2022-07-15,2020-10-21,5.082491254232633e-05,5.082491254232633e-05,0.005994476998720279,2.882838030151303e-05,2.882838030151303e-05,0.01589645153608002,2022-07-11,250,46062,208,100.0,3.9403636186519415e-05,3.9403636186519415e-05,3.9403636186519415e-05,3.9403636186519415e-05,0.006277231570248099,0.006277231570248099,0.0,0.0,0.023716526617316044,0.04326923076923077,0.04326923076923077,0.0
2022-07-18,2020-10-23,3.423833138973618e-05,4.840614535818636e-05,0.005926616501298528,2.6043614765016137e-05,2.17231654735153e-05,0.015598442084490956,2022-07-13,250,46051,216,100.0,3.0140973077376163e-05,3.5064655415850826e-05,3.0140973077376163e-05,3.5064655415850826e-05,0.005490079514667903,0.005921541641823591,-0.07858941314109313,-4.923682338474663e-06,0.023423514943588068,0.1574074074074074,0.16203703703703703,1.0
2022-07-20,2020-10-26,6.917904609911402e-05,5.2585366836879414e-05,0.005894039735099338,3.0506477351452144e-05,2.1897679256664208e-05,0.01531452316006832,2022-07-15,250,46012,229,0.01,4.992719964831291e-05,3.730852673144477e-05,4.992719964831291e-05,3.730852673144477e-05,0.0070659181744705275,0.006108070622663491,0.13555882309361877,1.2618672916868135e-05,0.024887715507778997,0.17903930131004367,0.24017467248908297,1.0
2022-07-22,2020-10-28,5.475033456463809e-05,3.5050349953530006e-05,0.005728999034438366,3.221789243482763e-05,1.8376558302120313e-05,0.015064139020537125,2022-07-18,250,45970,227,100.0,4.3732268148739576e-05,2.6897086194470635e-05,4.3732268148739576e-05,2.6897086194470635e-05,0.006613037739854474,0.005186240082610006,0.21575525701988008,1.683518195426894e-05,0.024497471600387438,0.19383259911894274,0.1894273127753304,1.0
2022-07-25,2020-10-30,3.547458762840245e-05,2.966356066549609e-05,0.005775845285222921,3.177685555202121e-05,1.2573253393885904e-05,0.015205214001872995,2022-07-20,250,45976,221,100.0,3.3734478415987754e-05,2.1621063125914826e-05,3.3734478415987754e-05,2.1621063125914826e-05,0.005808138980429769,0.004649845494843332,0.1994259244637996,1.2113415290072927e-05,0.024595046855380213,0.19909502262443438,0.2081447963800905,1.0
2022-07-27,2020-11-02,4.027861284937274e-05,2.6518519531270173e-05,0.00587071240105541,2.957052498347852e-05,1.2609241147058889e-05,0.015368589628795828,2022-07-22,250,45982,199,100.0,3.516671160686043e-05,1.987841175991303e-05,3.516671160686043e-05,1.987841175991303e-05,0.0059301527473464314,0.004458521252603045,0.24816080756130576,1.5288299846947398e-05,0.02518029853029825,0.2964824120603015,0.271356783919598,1.0
2022-07-29,2020-11-04,0.00010258356242130482,4.1197471603831486e-05,0.00565618048935494,3.290495625596618e-05,1.2469910772440688e-05,0.014794069987933115,2022-07-25,250,45966,198,100.0,6.598469857688453e-05,2.6108247732797934e-05,6.598469857688453e-05,2.6108247732797934e-05,0.008123096612553893,0.005109623051928384,0.3709759595827429,3.9876450844086594e-05,0.02391182004631288,0.16666666666666666,0.15656565656565657,1.0
2022-08-01,2020-11-06,8.638808244876854e-05,2.45476372193077e-05,0.005476586056242694,,,,2022-07-27,250,45943,96,100.0,8.638808244876854e-05,2.45476372193077e-05,8.638808244876854e-05,2.45476372193077e-05,0.009294518946603344,0.004954557217280642,0.46693774624115736,6.184044522946085e-05,0.023814178099254877,0.14583333333333334,0.11458333333333333,1.0
2022-08-03,2020-11-09,6.560543314175175e-05,2.1733126582256355e-05,0.00556215236547716,3.183315873693754e-05,1.4521306602190954e-05,0.01472192324658139,2022-07-29,250,45919,197,100.0,4.9490743831840396e-05,1.8291953596844434e-05,4.9490743831840396e-05,1.8291953596844434e-05,0.007034965801753439,0.004276909351020247,0.39204973107982366,3.1198790234995965e-05,0.02527780718426854,0.09137055837563451,0.06598984771573604,1.0
2022-08-05,2020-11-11,8.556002221544856e-05,2.7534801385732396e-05,0.005367589409565165,2.6715930866236948e-05,1.226066903740645e-05,0.014504739599681293,2022-08-01,250,45833,206,100.0,5.699492932748177e-05,2.012017403217611e-05,5.699492932748177e-05,2.012017403217611e-05,0.007549498614310871,0.004485551697637216,0.4058477354861183,3.6874755295305655e-05,0.024692612590371504,0.10679611650485436,0.11650485436893204,1.0
2022-08-08,2020-11-13,6.372036946107639e-05,1.8423933452116987e-05,0.005442999697611126,2.0151257991147245e-05,7.230102016225915e-06,0.014529295958594337,2022-08-03,250,45806,219,100.0,4.263212372677277e-05,1.3005914583603502e-05,4.263212372677277e-05,1.3005914583603502e-05,0.0065293279690005444,0.0036063713873647984,0.4476657621600785,2.9626209143169272e-05,0.025472795973031037,0.2648401826484018,0.2191780821917808,1.0
2022-08-10,2020-11-16,6.992625776693381e-05,2.3294007785443284e-05,0.005457191365510554,2.6903211155712723e-05,1.2160152976886415e-05,0.014604176492038408,2022-08-05,250,45809,195,100.0,4.962820500676796e-05,1.8041112183457482e-05,4.962820500676796e-05,1.8041112183457482e-05,0.007044728880998045,0.0042474830409852705,0.39706933897170515,3.158709282331048e-05,0.02634977532278202,0.14358974358974358,0.18974358974358974,1.0
2022-08-12,2020-11-18,6.808147649904924e-05,2.5970001708698223e-05,0.005341563297525077,2.6401313787203652e-05,1.0808007158669649e-05,0.014303740565251551,2022-08-08,250,45921,200,100.0,4.8700200838041054e-05,1.891967424293494e-05,4.8700200838041054e-05,1.891967424293494e-05,0.006978552918624394,0.004349675188210602,0.3767081458102626,2.9780526595106113e-05,0.025862659525727364,0.17,0.2,1.0
2022-08-15,2020-11-20,6.493778566275949e-05,1.8450999155486298e-05,0.005229517722254507,2.7061661350672086e-05,9.393728093452131e-06,0.01406562397564973,2022-08-10,250,45907,192,100.0,4.7380623872260646e-05,1.4252576631939212e-05,4.7380623872260646e-05,1.4252576631939212e-05,0.006883358473322499,0.003775258485446952,0.451538300659694,3.3128047240321435e-05,0.025960101669531627,0.10416666666666667,0.08854166666666667,1.0
2022-08-17,2020-11-23,2.6112689376695557e-05,4.63062618168114e-06,0.005201410160087847,1.5674761216046332e-05,4.0123297780749285e-06,0.01398051663951594,2022-08-12,250,45899,218,100.0,2.1133127318404184e-05,4.335659090052489e-06,2.1133127318404184e-05,4.335659090052489e-06,0.004597078128377218,0.002082224553224865,0.54705478239068,1.6797468228351696e-05,0.026641930946421182,0.15137614678899083,0.08256880733944955,1.0
2022-08-19,2020-11-25,1.9869042270669142e-05,7.774746826016797e-06,0.00516795865633075,1.2505586685170148e-05,3.6637432587413298e-06,0.014039655051531935,2022-08-15,250,45878,222,100.0,1.605463960250525e-05,5.645172906031757e-06,1.605463960250525e-05,5.645172906031757e-06,0.0040068241292207036,0.0023759572609859288,0.4070223238253199,1.0409466696473491e-05,0.026739297189621602,0.2072072072072072,0.11261261261261261,1.0
2022-08-22,2020-11-27,1.0436509002295394e-05,8.397819285742243e-06,0.005247201492537312,8.312716505841457e-06,3.864604862396283e-06,0.014230890225991378,2022-08-17,250,45884,221,0.01,9.408247476862945e-06,6.203005062674289e-06,9.408247476862945e-06,6.203005062674289e-06,0.0030672866636268195,0.002490583277602716,0.18801743992920372,3.2052424141886564e-06,0.02703133905103044,0.18099547511312217,0.08144796380090498,1.0
2022-08-24,2020-11-30,1.5366179655812042e-05,7.332228284637059e-06,0.0053818094839442705,1.0048374377453976e-05,3.29310472482313e-06,0.014568759548926882,2022-08-19,250,45907,222,0.01,1.2803093327954776e-05,5.385443505807823e-06,1.2803093327954776e-05,5.385443505807823e-06,0.0035781410436083673,0.002320655835277567,0.35143533835175267,7.417649822146953e-06,0.027615167032973353,0.2882882882882883,0.22972972972972974,1.0
2022-08-26,2020-12-02,1.2778487312660355e-05,1.4684637186747981e-05,0.005293183555843086,7.92542447184027e-06,8.857564951389581e-06,0.014320106791256464,2022-08-22,250,45967,210,0.01,1.0259516600044216e-05,1.1660109216966717e-05,1.0259516600044216e-05,1.1660109216966717e-05,0.0032030480171305917,0.003414690208052074,-0.0660752476358688,-1.4005926169225011e-06,0.02839307450121788,0.3,0.2619047619047619,1.0
2022-08-29,2020-12-04,6.336016586753872e-06,1.3999528391878704e-05,0.005500550055005502,6.859165059772614e-06,6.832556289632794e-06,0.014821810466063016,2022-08-24,250,45973,228,0.01,6.597590823263242e-06,1.0416042340755749e-05,6.597590823263242e-06,1.0416042340755749e-05,0.0025685775875498177,0.0032273894002360095,-0.2564889672321078,-3.818451517492507e-06,0.028490270399627496,0.20614035087719298,0.11403508771929824,1.0
2022-08-31,2020-12-07,5.756469957301535e-06,1.4901866973831122e-05,0.005663583160279401,6.393123756486188e-06,6.174265675209912e-06,0.015086080208934984,2022-08-26,250,45998,225,0.01,6.064893353350988e-06,1.0673829011387959e-05,6.064893353350988e-06,1.0673829011387959e-05,0.0024627004189204556,0.0032670826453256364,-0.32662609720015734,-4.608935658036971e-06,0.029267497680568084,0.11555555555555555,0.08444444444444445,1.0
2022-09-02,2020-12-09,6.332615194439174e-06,1.619478681517106e-05,0.005697644973410991,5.7645857878536585e-06,5.426923444802213e-06,0.015154200090812774,2022-08-29,250,46033,244,0.01,6.036960544290155e-06,1.0590202192069242e-05,6.036960544290155e-06,1.0590202192069242e-05,0.0024570226991808917,0.003254259084963771,-0.3244725358250282,-4.553241647779086e-06,0.029267497680568084,0.14754098360655737,0.0942622950819672,1.0
2022-09-07,2020-12-11,6.316751635949306e-06,1.3054484413354194e-05,0.0058241118229469995,9.45451060210016e-06,9.32877205229349e-06,0.015373702528406188,2022-08-31,250,46062,222,1.0,7.758424674451049e-06,1.1342670625839817e-05,7.758424674451049e-06,1.1342670625839817e-05,0.0027853948866275765,0.0033678881551856524,-0.20912412504042854,-3.5842459513887685e-06,0.02994707636795212,0.08108108108108109,0.0945945945945946,1.0
2022-09-09,2020-12-16,1.0392320664119867e-05,1.4392048614303667e-05,0.005826751262462775,1.0613011399828264e-05,9.35975856863192e-06,0.015004315899895097,2022-09-02,250,46113,223,100.0,1.0488316185930245e-05,1.2203115276051833e-05,1.0488316185930245e-05,1.2203115276051833e-05,0.003238566995745224,0.003493295761319364,-0.07865477722362946,-1.7147990901215881e-06,0.030141156911986842,0.20179372197309417,0.13901345291479822,1.0
2022-09-12,2020-12-18,9.589768928212582e-06,1.3969045101414299e-05,0.005719006163817753,6.002592023288323e-06,5.962819848426284e-06,0.014774786030496801,2022-09-07,250,46133,219,100.0,7.968168409548192e-06,1.034979258978958e-05,7.968168409548192e-06,1.034979258978958e-05,0.0028227944327471302,0.0032171093530978367,-0.13968956285880196,-2.3816241802413877e-06,0.03033519979607295,0.1415525114155251,0.1598173515981735,1.0
2022-09-14,2020-12-21,1.5789623449912377e-05,3.99777049323136e-05,0.005850234009360374,1.2608992584568915e-05,1.696133904881089e-05,0.01528218773848894,2022-09-09,250,46161,222,100.0,1.4256616681481066e-05,2.8884231285760495e-05,1.4256616681481066e-05,2.8884231285760495e-05,0.0037757935167963127,0.005374405202974604,-0.4233842976494864,-1.4627614604279429e-05,0.03227356055029568,0.11261261261261261,0.12612612612612611,1.0
2022-09-16,2020-12-23,3.399184593107495e-05,6.146460016512001e-05,0.005906674542232722,1.0543717179736404e-05,1.0973462232059726e-05,0.015398923408182094,2022-09-12,250,46175,254,0.01,2.1436942347681085e-05,3.4429975130095606e-05,2.1436942347681085e-05,3.4429975130095606e-05,0.004630004573181444,0.0058677061216539815,-0.2673218846568153,-1.2993032782414521e-05,0.03169244673248972,0.16535433070866143,0.07086614173228346,1.0
2022-09-19,2020-12-28,2.0133176697018388e-05,3.340192300238883e-05,0.0059721300597213025,,,,2022-09-14,250,46193,118,0.01,2.0133176697018388e-05,3.340192300238883e-05,2.0133176697018388e-05,3.340192300238883e-05,0.004487000857701989,0.005779439678929855,-0.2880406895865375,-1.326874630537044e-05,0.03149866705937098,0.16101694915254236,0.17796610169491525,1.0
2022-09-21,2020-12-30,3.881077261660852e-05,5.8107899058415855e-05,0.005736137667304014,1.5584584515753025e-05,1.5443254275261722e-05,0.016078807050430886,2022-09-16,250,46240,255,0.01,2.6969970839701795e-05,3.635729583563139e-05,2.6969970839701795e-05,3.635729583563139e-05,0.00519326206152759,0.00602970113982703,-0.1610623666569606,-9.387324995929592e-06,0.03295110013968589,0.12941176470588237,0.08627450980392157,1.0
2022-09-23,2021-01-04,4.355689302112297e-05,5.78311312841901e-05,0.00589236611234778,2.4462068031454108e-05,2.1598763850692227e-05,0.016502883330661102,2022-09-19,250,46165,261,0.01,3.338761840976676e-05,3.853496625255713e-05,3.338761840976676e-05,3.853496625255713e-05,0.005778202004929108,0.006207653844453404,-0.07432274592649257,-5.1473478427903685e-06,0.03237038003045073,0.1417624521072797,0.10344827586206896,1.0
2022-09-26,2021-01-06,5.852050457711438e-05,6.988592895635581e-05,0.005982849165724919,3.583104622346048e-05,3.275436220943949e-05,0.01678409838293246,2022-09-21,250,46248,237,0.01,4.684069901109845e-05,5.077178911195164e-05,4.684069901109845e-05,5.077178911195164e-05,0.006844026520338627,0.0071254325561296026,-0.04111702883598012,-3.9310901008531905e-06,0.03188618886232176,0.04219409282700422,0.02531645569620253,1.0
2022-09-28,2021-01-08,6.274103372443287e-05,7.374717697995597e-05,0.005930416447021613,2.5713395110515604e-05,1.9773848772605865e-05,0.01699518135285376,2022-09-23,250,46300,254,0.01,4.3498323893578234e-05,4.569804578558505e-05,4.3498323893578234e-05,4.569804578558505e-05,0.006595325912612525,0.006760032972226175,-0.02497330106138862,-2.199721892006815e-06,0.03295110013968589,0.09055118110236221,0.07086614173228346,1.0
2022-09-30,2021-01-11,9.642494222723848e-05,0.00012071383941877244,0.006316676024705221,4.689078754924014e-05,3.714594939124592e-05,0.017022820364398134,2022-09-26,250,46330,219,0.01,7.199713992028038e-05,7.950227721341688e-05,7.199713992028038e-05,7.950227721341688e-05,0.00848511284075117,0.008916404948936365,-0.05082927195898246,-7.5051372931364985e-06,0.03304785404620036,0.0593607305936073,0.0273972602739726,1.0
2022-10-03,2021-01-13,5.0313537240331504e-05,6.551385473393893e-05,0.006512301013024602,2.0955910632764028e-05,1.5054110092091737e-05,0.01729018702054986,2022-09-28,250,46355,227,1.0,3.479408705130905e-05,3.8839099857191525e-05,3.479408705130905e-05,3.8839099857191525e-05,0.005898651290872266,0.006232102362541193,-0.05653005326572158,-4.045012805882473e-06,0.03275756423817221,0.19383259911894274,0.14537444933920704,1.0
2022-10-05,2021-01-15,4.184214692796568e-05,4.798562688912414e-05,0.006160164271047228,1.1746752074961268e-05,7.663672308552738e-06,0.016339151255390642,2022-09-30,250,46334,226,100.0,2.5862291253804034e-05,2.6575739501210114e-05,2.5862291253804034e-05,2.6575739501210114e-05,0.005085498132317427,0.005155166292294567,-0.013699377753068287,-7.134482474060795e-07,0.03391821820346068,0.1902654867256637,0.17699115044247787,1.0
2022-10-07,2021-01-20,5.136186326556115e-05,7.663569474525768e-05,0.006188544316853469,1.6408519414243766e-05,1.3395077573592245e-05,0.01654798767416935,2022-10-03,250,46316,263,100.0,3.395164256395439e-05,4.513561546963726e-05,3.395164256395439e-05,4.513561546963726e-05,0.00582680380345472,0.00671830450855253,-0.152999952490118,-1.1183972905682867e-05,0.03401487858727765,0.11406844106463879,0.08365019011406843,1.0
2022-10-10,2021-01-22,5.902422367227617e-05,9.173210161411218e-05,0.006424441430508959,1.904893721969037e-05,1.652794942790453e-05,0.017022820364398138,2022-10-05,250,46314,249,100.0,3.9116852105526604e-05,5.428103787479591e-05,3.9116852105526604e-05,5.428103787479591e-05,0.006254346656967984,0.007367566618280143,-0.17799140699563187,-1.5164185769269304e-05,0.03391821820346068,0.12048192771084337,0.09236947791164658,1.0
2022-10-12,2021-01-25,8.634151059112699e-05,0.00011166473285052459,0.006475751906749175,3.2538230416463144e-05,2.483980708326685e-05,0.01726312126125118,2022-10-07,250,46349,250,100.0,5.943987050379506e-05,6.825226996689573e-05,5.943987050379506e-05,6.825226996689573e-05,0.007709725708726288,0.008261493204433187,-0.07156772063659522,-8.812399463100669e-06,0.036042591346929345,0.068,0.02,1.0
2022-10-14,2021-01-27,6.808294048426633e-05,9.108858295765225e-05,0.006294146443807256,1.4677796262062828e-05,1.280662030372029e-05,0.016874905046861764,2022-10-10,250,46378,267,100.0,4.028026240604054e-05,5.0335051838189555e-05,4.028026240604054e-05,5.0335051838189555e-05,0.0063466733338057146,0.007094719997166171,-0.11786437146149731,-1.0054789432149014e-05,0.03719944098910626,0.18726591760299627,0.13108614232209737,1.0
2022-10-17,2021-01-29,4.940681958067622e-05,6.130010132088282e-05,0.006503830033241801,2.2904839678959718e-05,1.4294493314307876e-05,0.017268431060034107,2022-10-12,250,46441,242,0.01,3.5717780375244145e-05,3.702034511913956e-05,3.5717780375244145e-05,3.702034511913956e-05,0.00597643542383285,0.0060844346589588386,-0.018070844486214765,-1.3025647438954152e-06,0.03739211921706266,0.11983471074380166,0.09917355371900827,1.0
2022-10-19,2021-02-01,4.013193363467959e-05,5.404110518639228e-05,0.006260869565217391,1.41198164690104e-05,9.56742277306412e-06,0.016640285075310537,2022-10-14,250,46447,243,0.01,2.5466665932224118e-05,2.8967465307273105e-05,2.5466665932224118e-05,2.8967465307273105e-05,0.005046450825305258,0.005382143189034746,-0.0665204864468647,-3.500799375048987e-06,0.039605254592359425,0.19753086419753085,0.13991769547325103,1.0
2022-10-24,2021-02-03,3.1728615725121685e-05,4.062869859746894e-05,0.0061112242819311435,1.0717552014131163e-05,1.0494424014995158e-05,0.016499796948889894,2022-10-17,250,46445,241,1.0,2.1092309614163823e-05,2.5374003580614996e-05,2.1092309614163823e-05,2.5374003580614996e-05,0.004592636455693377,0.005037261516004008,-0.09681259655539254,-4.281693966451173e-06,0.04008572353928564,0.05394190871369295,0.03734439834024896,1.0
2022-10-26,2021-02-05,3.006059840629592e-05,3.8494660007271425e-05,0.005907837731390311,7.440924643831209e-06,4.374509550760076e-06,0.0160441364439364,2022-10-19,250,46467,243,0.01,1.889038914088124e-05,2.164520299171027e-05,1.889038914088124e-05,2.164520299171027e-05,0.004346307529487673,0.0046524405414481405,-0.07043519352542305,-2.7548138508290288e-06,0.040565961746661654,0.2345679012345679,0.19753086419753085,1.0
2022-10-28,2021-02-08,5.876427068547446e-06,7.818728546987355e-06,0.006215469613259669,4.801373525161168e-06,2.45187540219061e-06,0.016252721195852412,2022-10-24,250,46491,241,1.0,5.296522667550698e-06,4.923745522823137e-06,5.296522667550698e-06,4.923745522823137e-06,0.0023014175343797783,0.0022189514467025042,0.03583273632244155,3.727771447275608e-07,0.04046993255371322,0.12448132780082988,0.0954356846473029,1.0
2022-10-31,2021-02-10,8.875574482743408e-06,1.0205789109425396e-05,0.005778862206241171,4.484264660069426e-06,2.796689349181962e-06,0.01587504241427176,2022-10-26,250,46537,241,100.0,6.561481754612306e-06,6.301408737844832e-06,6.561481754612306e-06,6.301408737844832e-06,0.0025615389426304467,0.002510260691212136,0.020018532829976454,2.600730167674743e-07,0.040949986328954094,0.2697095435684647,0.24066390041493776,1.0
2022-11-02,2021-02-12,6.226680229313366e-06,1.3725828669323427e-05,0.005974112180550946,4.90892443036336e-06,4.7979822752046625e-06,0.016060826484968264,2022-10-28,250,46553,233,100.0,5.559318923407354e-06,9.204430066293323e-06,5.559318923407354e-06,9.204430066293323e-06,0.0023578207996807887,0.0030338803645320826,-0.28673068154408576,-3.6451111428859694e-06,0.04142980976313955,0.055793991416309016,0.1630901287553648,1.0
2022-11-04,2021-02-17,1.242350629430503e-05,1.75825224544111e-05,0.006480414746543781,3.853564268180009e-06,4.165532814501598e-06,0.016645667232689145,2022-10-31,250,46576,220,100.0,7.359449642503882e-06,9.654301303555483e-06,7.359449642503882e-06,9.654301303555483e-06,0.0027128305591215757,0.0031071371555751255,-0.14534877422688264,-2.294851661051601e-06,0.04162167469081946,0.32272727272727275,0.37272727272727274,1.0
2022-11-07,2021-02-19,7.3071745474766045e-06,1.5267614339893164e-05,0.006576094811388929,3.6835045380508975e-06,3.35005414360484e-06,0.016409483193835527,2022-11-02,250,46591,246,100.0,5.539530640439675e-06,9.454170341703736e-06,5.539530640439675e-06,9.454170341703736e-06,0.0023536207511915923,0.0030747634610980624,-0.30639715831081515,-3.914639701264061e-06,0.04123790801624474,0.15447154471544716,0.10975609756097561,1.0
2022-11-09,2021-02-22,6.979112691189148e-06,2.538673938255123e-05,0.006523297491039428,3.4675622577283685e-06,2.1610011036106837e-06,0.016166777486910998,2022-11-04,250,46581,246,100.0,5.180513688684847e-06,1.349062953236217e-05,5.180513688684847e-06,1.349062953236217e-05,0.0022760741834757597,0.0036729592336918427,-0.6137256247434433,-8.310115843677323e-06,0.04190940307720961,0.18292682926829268,0.18292682926829268,1.0
2022-11-11,2021-02-24,6.891586076026036e-05,1.6227922130768454e-05,0.006195955606999384,1.925085529428802e-05,9.401500222613684e-06,0.01564698624236743,2022-11-07,250,46604,248,100.0,4.4483882264902995e-05,1.2869762966272963e-05,4.4483882264902995e-05,1.2869762966272963e-05,0.006669623847332246,0.0035874451865182504,0.46212181246875317,3.161411929863003e-05,0.04190940307720962,0.15725806451612903,0.16129032258064516,1.0
2022-11-14,2021-02-26,5.4987099935359305e-05,1.6247091578416215e-05,0.006078824315297263,2.045892777964639e-05,7.247959328465011e-06,0.015496998820606763,2022-11-09,250,46627,238,100.0,3.9173777393457176e-05,1.2125640253858733e-05,3.9173777393457176e-05,1.2125640253858733e-05,0.006258895860569752,0.003482189003178709,0.44364164530743244,2.7048137139598444e-05,0.04190940307720962,0.23529411764705882,0.15966386554621848,1.0
2022-11-16,2021-03-01,6.581646242622808e-05,2.121305624391593e-05,0.006065049320181286,2.2466736415596602e-05,1.2309542021277953e-05,0.01549777660669025,2022-11-11,250,46677,226,100.0,4.3949786473962645e-05,1.67219030519658e-05,4.3949786473962645e-05,1.67219030519658e-05,0.0066294635132839105,0.004089242356716682,0.38317145142698394,2.7227883421996843e-05,0.04219704869978835,0.23008849557522124,0.1592920353982301,1.0
2022-11-18,2021-03-03,7.999903788456608e-05,2.176788995871774e-05,0.006037685774946922,2.500550086464574e-05,1.761287608376715e-05,0.015664846286525973,2022-11-14,250,46689,213,100.0,5.185680532507633e-05,1.9641615252757114e-05,5.185680532507633e-05,1.9641615252757114e-05,0.0072011669418974265,0.004431886195826458,0.3845599981801414,3.2215190072319214e-05,0.04229291219025145,0.07981220657276995,0.1267605633802817,1.0
2022-11-21,2021-03-05,6.150574907207825e-05,1.3809523452313529e-05,0.00601493819816247,2.324801770898432e-05,1.4231465047278503e-05,0.015594043380551977,2022-11-16,250,46729,229,100.0,4.195922256779009e-05,1.4025100599086025e-05,4.195922256779009e-05,1.4025100599086025e-05,0.006477593887223102,0.0037450100933223165,0.4218516692271711,2.7934121968704065e-05,0.04248461160615529,0.10480349344978165,0.12663755458515283,1.0
2022-11-23,2021-03-08,9.66713468541551e-05,2.1008948446282418e-05,0.006059395392196032,2.992367207278713e-05,2.0708155074433853e-05,0.015443133283320835,2022-11-18,250,46718,218,100.0,6.237896348024129e-05,2.0854412402029942e-05,6.237896348024129e-05,2.0854412402029942e-05,0.007898035419029297,0.0045666631583717605,0.4217975843247075,4.152455107821135e-05,0.04305948946044698,0.17889908256880735,0.1743119266055046,1.0
2022-11-25,2021-03-10,6.390728276952501e-05,1.8336996560482487e-05,0.006023697623618193,2.8216738828846182e-05,1.8818388386497464e-05,0.015346426618955323,2022-11-21,250,46718,227,100.0,4.692675966118442e-05,1.8566028794886087e-05,4.692675966118442e-05,1.8566028794886087e-05,0.006850310917117881,0.00430883148833719,0.37100205516656504,2.8360730866298332e-05,0.04305948946044698,0.3392070484581498,0.36123348017621143,1.0
2022-11-28,2021-03-12,4.127954736441706e-05,7.669099099455363e-06,0.006144082101141044,1.721557821287224e-05,9.110569805002726e-06,0.015349859568016305,2022-11-23,250,46695,229,100.0,2.8984855701837393e-05,8.405571031983927e-06,2.8984855701837393e-05,8.405571031983927e-06,0.005383758510728113,0.002899236284262448,0.4614847084085969,2.0579284669853466e-05,0.04315527031392761,0.18340611353711792,0.14410480349344978,1.0
2022-11-30,2021-03-15,7.85066143602535e-05,1.3709654329053553e-05,0.006446128780902458,2.3161352036571386e-05,1.2285098663950096e-05,0.01562560787389621,2022-11-25,250,46717,228,100.0,5.010575606257453e-05,1.2978632343013621e-05,5.010575606257453e-05,1.2978632343013621e-05,0.007078541944678616,0.003602586895969842,0.4910552308476278,3.712712371956091e-05,0.0428679002271758,0.24561403508771928,0.16666666666666666,1.0
2022-12-02,2021-03-17,9.314004182333979e-05,1.6945962247474095e-05,0.00613579664216843,4.295874524902401e-05,2.347191318733771e-05,0.015159578280720702,2022-11-28,250,46759,212,100.0,7.017973159829908e-05,1.993189263033622e-05,7.017973159829908e-05,1.993189263033622e-05,0.008377334396948655,0.004464514825861397,0.4670721479749521,5.024783896796286e-05,0.04238876649178661,0.09433962264150944,0.1320754716981132,1.0
2022-12-05,2021-03-22,6.636685984874758e-05,9.316610615396715e-06,0.006156552330694811,2.204686887959481e-05,1.0958366093507979e-05,0.015177088299623998,2022-11-30,250,46787,224,100.0,4.3415435954007754e-05,1.0166805416561477e-05,4.3415435954007754e-05,1.0166805416561477e-05,0.006589039076679373,0.003188542835930149,0.5160837872072457,3.3248630537446275e-05,0.04248461160615529,0.22767857142857142,0.18303571428571427,1.0
2022-12-07,2021-03-24,3.498333923672359e-05,1.3524826203962441e-05,0.006367643971730463,2.226069389049877e-05,1.1345844754744148e-05,0.015681154305157045,2022-12-02,250,46821,219,100.0,2.929010067996546e-05,1.2549756879654713e-05,2.929010067996546e-05,1.2549756879654713e-05,0.005412032952594197,0.003542563602767735,0.3454283013798637,1.6740343800310746e-05,0.04277209184386899,0.2146118721461187,0.1917808219178082,1.0
2022-12-09,2021-03-26,3.445260507179487e-05,1.0277505555685323e-05,0.006379249912372943,1.4200876883796682e-05,8.356169463703903e-06,0.015585778820916609,2022-12-05,250,46851,197,100.0,2.427534065244553e-05,9.311961022151512e-06,2.427534065244553e-05,9.311961022151512e-06,0.0049270011825090455,0.003051550593084033,0.380647481085026,1.4963379630294017e-05,0.041909403077209625,0.20812182741116753,0.19289340101522842,1.0
2022-12-12,2021-03-29,2.910267074274453e-05,1.6715984539034227e-05,0.006401238041643215,1.6323421537462626e-05,1.3742636137497123e-05,0.015703084316517492,2022-12-07,250,46930,198,100.0,2.2971212790715337e-05,1.5289377982741175e-05,2.2971212790715337e-05,1.5289377982741175e-05,0.0047928293095743915,0.0039101634214878,0.18416384792242335,7.681834807974162e-06,0.042197048699788346,0.2222222222222222,0.21212121212121213,1.0
2022-12-14,2021-03-31,4.327146899486561e-05,9.39801954725121e-06,0.006255585344057196,2.2050319908474877e-05,1.2510961298664584e-05,0.01536360673682116,2022-12-09,250,47047,217,100.0,3.261199779478915e-05,1.096166309980447e-05,3.261199779478915e-05,1.096166309980447e-05,0.00571069153385027,0.0033108402407552784,0.42023829843895644,2.1650334694984683e-05,0.04258044753511838,0.17511520737327188,0.09216589861751152,1.0
2022-12-16,2021-04-05,2.4966716551622946e-05,1.7565740622939068e-05,0.006666666666666667,1.4209000051281913e-05,5.632716835614762e-06,0.015850188640505098,2022-12-12,250,47083,242,100.0,1.9232231309705617e-05,1.120474860407611e-05,1.9232231309705617e-05,1.120474860407611e-05,0.0043854567960140275,0.0033473494893835197,0.2367158895680037,8.027482705629507e-06,0.042484611606155284,0.2603305785123967,0.13636363636363635,1.0
2022-12-19,2021-04-07,2.3037274915873994e-05,1.6295716618373673e-05,0.006765296260501079,1.2611624589553143e-05,4.961713217770007e-06,0.016491449891721233,2022-12-14,250,47135,231,100.0,1.7350556556062618e-05,1.0113532945317128e-05,1.7350556556062618e-05,1.0113532945317128e-05,0.004165399927505475,0.003180178131067052,0.23652513890267468,7.23702361074549e-06,0.042197048699788346,0.24242424242424243,0.1471861471861472,1.0
2022-12-21,2021-04-09,4.270491110818547e-05,1.1358928076886306e-05,0.00687830687830688,2.3576814159901273e-05,1.1160386300043221e-05,0.016609759814999733,2022-12-16,250,47206,220,100.0,3.322780852926284e-05,1.1260559651086777e-05,3.322780852926284e-05,1.1260559651086777e-05,0.0057643567316104614,0.0033556757368802454,0.41785772582767833,2.1967248878176065e-05,0.042580447535118374,0.19545454545454546,0.16818181818181818,1.0
2022-12-23,2021-04-12,2.940256174114706e-05,1.538559663366896e-05,0.006881948120698782,1.6386057428200242e-05,7.527838083681587e-06,0.01660190691321706,2022-12-19,250,47264,228,100.0,2.2608859928687978e-05,1.1284398092228179e-05,2.2608859928687978e-05,1.1284398092228179e-05,0.004754877488294307,0.0033592258173912896,0.2935200064226413,1.1324461836459799e-05,0.042580447535118374,0.15350877192982457,0.14035087719298245,1.0
2022-12-28,2021-04-14,1.1551255208837157e-05,5.5242944054387084e-05,0.0069983849880796735,1.217393317528401e-05,4.623371937261291e-06,0.016572307288935495,2022-12-21,250,47320,211,100.0,1.1861118651855731e-05,3.0053109588518803e-05,1.1861118651855731e-05,3.0053109588518803e-05,0.003443997481395091,0.005482071651166081,-0.5917757433856801,-1.819199093666307e-05,0.04363403702006131,0.15639810426540285,0.2037914691943128,1.0
2022-12-30,2021-04-16,1.0081551051364254e-05,2.588439055756768e-05,0.007021063189568703,7.479121939106568e-06,2.920325183764357e-06,0.016484138326726478,2022-12-23,250,47350,239,0.01,8.698670309704312e-06,1.3681728204124073e-05,8.698670309704312e-06,1.3681728204124073e-05,0.002949350828522153,0.003698882020844146,-0.2541342945957923,-4.9830578944197604e-06,0.04353830201448343,0.23430962343096234,0.13807531380753138,1.0
2023-01-04,2021-04-19,9.498126019064593e-06,3.448534667542698e-05,0.00727592548173023,7.3578271431125436e-06,3.1736527076178414e-06,0.016597547397720708,2022-12-28,250,47368,222,100.0,8.437617567016283e-06,1.897054335804407e-05,8.437617567016283e-06,1.897054335804407e-05,0.002904757746700451,0.004355518724336296,-0.4994430187108654,-1.0532925791027788e-05,0.0443039255565244,0.18468468468468469,0.08558558558558559,1.0
2023-01-06,2021-04-21,2.21184858869965e-05,2.1191563797599824e-05,0.007278835386338185,8.359330198300998e-06,5.5020789527570265e-06,0.016660546154251672,2022-12-30,250,47425,229,100.0,1.5088698919409715e-05,1.3175538789536036e-05,1.5088698919409715e-05,1.3175538789536036e-05,0.0038844174491691435,0.0036298125006033076,0.06554520771713002,1.913160129873679e-06,0.045546814955970384,0.17903930131004367,0.17467248908296942,1.0
2023-01-09,2021-04-23,1.8595357701025013e-05,1.8529844532628253e-05,0.007020521524456104,6.498507059922858e-06,3.4720688940244617e-06,0.016287049062049058,2023-01-04,250,47452,243,100.0,1.2721166854728489e-05,1.1217838255446165e-05,1.2721166854728489e-05,1.1217838255446165e-05,0.0035666744811839067,0.0033493041449599893,0.06094482055221484,1.5033285992823234e-06,0.04564235787870107,0.1646090534979424,0.14814814814814814,1.0
2023-01-11,2021-04-26,3.098160325349018e-05,1.6262930693787298e-05,0.006960911802952651,1.1138988733228828e-05,7.674818310950356e-06,0.01618279993855292,2023-01-06,250,47492,226,100.0,2.123589435194589e-05,1.2044875496907207e-05,2.123589435194589e-05,1.2044875496907207e-05,0.004608242002319962,0.003470572790895936,0.24687705438457463,9.191018855038684e-06,0.04621542379696298,0.1415929203539823,0.13716814159292035,1.0
2023-01-13,2021-04-28,5.086353804856403e-05,1.1558024259753352e-05,0.006821077880218875,1.629341108258936e-05,1.6222251248709305e-05,0.01592270757758968,2023-01-09,250,47552,179,100.0,3.425442676882201e-05,1.379893778517353e-05,3.425442676882201e-05,1.379893778517353e-05,0.005852728147524197,0.0037146921521404074,0.3653058781293669,2.045548898364848e-05,0.04554681495597039,0.18435754189944134,0.11731843575418995,1.0
2023-01-20,2021-04-30,3.53532824290287e-05,1.3203293622450158e-05,0.006727286168403932,9.996897138561984e-06,8.642969400053482e-06,0.01626358069164266,2023-01-11,250,47648,215,100.0,2.1672628039753634e-05,1.0742839623389629e-05,2.1672628039753634e-05,1.0742839623389629e-05,0.004655386991406153,0.003277627133062824,0.2959495871957959,1.0929788416364006e-05,0.04602443831127935,0.19069767441860466,0.22790697674418606,1.0
2023-01-23,2021-05-03,3.277003293003407e-05,1.3857808333596564e-05,0.006600420686153624,9.423530432066813e-06,7.207608165041673e-06,0.015966146306961703,2023-01-13,250,47648,231,100.0,2.124838234662166e-05,1.0575891367296746e-05,2.124838234662166e-05,1.0575891367296746e-05,0.004609596766163138,0.0032520595577720814,0.2945023778123268,1.0672490979324914e-05,0.046119935613553105,0.24675324675324675,0.21212121212121213,1.0
2023-01-25,2021-05-05,3.806903632495007e-05,1.673370370911236e-05,0.006384620781589841,1.2011427354629151e-05,8.856461463619486e-06,0.01579379810094952,2023-01-20,250,47689,196,100.0,2.437549691707734e-05,1.2594132529082943e-05,2.437549691707734e-05,1.2594132529082943e-05,0.004937154739025033,0.003548821287284405,0.2812011219269157,1.1781364387994397e-05,0.046119935613553105,0.2755102040816326,0.24489795918367346,1.0
2023-01-27,2021-05-07,2.1881683639220947e-05,1.122719306151782e-05,0.006321200333425953,9.875383802922149e-06,9.076501425183405e-06,0.01561625200741198,2023-01-23,250,47734,219,100.0,1.5522182356067246e-05,1.0088013929943425e-05,1.5522182356067246e-05,1.0088013929943425e-05,0.00393982009184014,0.0031761633978659577,0.19383034660791,5.434168426123821e-06,0.04602443831127934,0.2876712328767123,0.2648401826484018,1.0
2023-01-30,2021-05-10,1.0303281821546657e-05,1.6581820511301202e-05,0.0062358665113410525,1.0810844587498788e-05,7.566284595592255e-06,0.015580452573456912,2023-01-25,250,47749,216,100.0,1.055706320452272e-05,1.2074052553446729e-05,1.055706320452272e-05,1.2074052553446729e-05,0.0032491634622657446,0.003474773741331474,-0.06943642007730944,-1.5169893489240087e-06,0.04621542379696298,0.2037037037037037,0.21296296296296297,1.0
2023-02-01,2021-05-14,1.5576067051144992e-05,9.40921921417157e-06,0.006306743364058493,1.4485838371067635e-05,1.2958447506344163e-05,0.015549788427474905,2023-01-27,250,47798,214,100.0,1.5036047237648729e-05,1.1167248181322483e-05,1.5036047237648729e-05,1.1167248181322483e-05,0.0038776342320606685,0.0033417432847725574,0.13820048906555216,3.868799056326246e-06,0.04592893188839981,0.35514018691588783,0.2803738317757009,1.0
2023-02-03,2021-05-17,2.5520253879499647e-05,4.847006750322942e-06,0.00603368253547275,1.0299278390824549e-05,1.0544767561727515e-05,0.015165502183406118,2023-01-30,250,47826,224,100.0,1.770591378486734e-05,7.77219645260654e-06,1.770591378486734e-05,7.77219645260654e-06,0.004207839562633935,0.002787865931605489,0.337459071310124,9.9337173322608e-06,0.04554681495597039,0.26785714285714285,0.20089285714285715,1.0
2023-02-06,2021-05-19,2.2349760644936715e-05,5.914071729624292e-06,0.0044660194174757275,7.611428074583763e-06,6.026861363789971e-06,0.015328429732023759,2023-02-01,250,47870,227,100.0,1.4753351346560962e-05,5.97220559392995e-06,1.4753351346560962e-05,5.97220559392995e-06,0.0038410091573128228,0.002443809647646467,0.3637584427535807,8.781145752631011e-06,0.0459289318883998,0.2422907488986784,0.16740088105726872,1.0
2023-02-08,2021-05-21,1.9307826550449124e-05,9.048139598225363e-06,0.0044616876818622695,7.495432757898463e-06,6.154548748961098e-06,0.015223579565981837,2023-02-03,250,48008,236,100.0,1.3701944750594574e-05,7.674910042642324e-06,1.3701944750594574e-05,7.674910042642324e-06,0.0037016138035449583,0.0027703627998228544,0.25157973066511263,6.0270347079522495e-06,0.04602443831127934,0.3008474576271186,0.2245762711864407,1.0
2023-02-10,2021-05-24,5.910125642613369e-06,6.938722045553985e-06,0.0045734738516603705,6.534934021180478e-06,3.4841011493520384e-06,0.015526488000196523,2023-02-06,250,48056,226,100.0,6.2170005542104886e-06,5.241983463791082e-06,6.2170005542104886e-06,5.241983463791082e-06,0.002493391376060022,0.002289537827551902,0.08175754134124058,9.750170904194066e-07,0.046597285376782184,0.3407079646017699,0.30973451327433627,1.0
2023-02-13,2021-05-26,6.828061522981432e-06,5.337957750952772e-06,0.006092311767432622,4.96142297410604e-06,2.6726944752057954e-06,0.01549033918243309,2023-02-08,250,48128,229,100.0,5.898817878563115e-06,4.011145465209735e-06,5.898817878563115e-06,4.011145465209735e-06,0.0024287482122614347,0.002002784428042553,0.17538408554185292,1.88767241335338e-06,0.046788161498758925,0.27074235807860264,0.2096069868995633,1.0
2023-02-15,2021-05-27,1.14716776703645e-05,6.174181817956752e-06,0.00600522193211488,7.3790663343543235e-06,9.523072457265092e-06,0.015317657037611478,2023-02-10,250,48274,209,100.0,9.39599919372776e-06,7.87266223789304e-06,9.39599919372776e-06,7.87266223789304e-06,0.00306528941435026,0.002805826480360651,0.08464549310578118,1.5233369558347203e-06,0.04688358589885044,0.2535885167464115,0.23444976076555024,1.0
2023-02-17,2021-05-28,1.297870511818093e-05,7.093344673461091e-06,0.005985296987834233,8.054208951191405e-06,7.721719183340098e-06,0.015481233467228371,2023-02-13,250,48420,205,100.0,1.0336292540771916e-05,7.430521239737632e-06,1.0336292540771916e-05,7.430521239737632e-06,0.003215010503990915,0.0027258982445677667,0.1521339537821088,2.9057713010342847e-06,0.04726519246711424,0.15121951219512195,0.11219512195121951,1.0
2023-02-22,2021-06-02,8.540042348345775e-06,6.624514446412147e-06,0.0061961206896551735,8.632600818454597e-06,4.428232399285688e-06,0.01583772582625473,2023-02-15,250,48476,219,100.0,8.583997055612066e-06,5.5815311911557465e-06,8.583997055612066e-06,5.5815311911557465e-06,0.0029298459098751365,0.0023625264424246657,0.1936345749577829,3.00246586445632e-06,0.04745594115629536,0.2968036529680365,0.2374429223744292,1.0
2023-02-24,2021-06-04,8.880615977051995e-06,5.063433402159454e-06,0.006157965194109776,7.792987621255669e-06,4.8690258230096905e-06,0.01577566515249837,2023-02-17,250,48518,225,100.0,8.324717039644984e-06,4.9640695283717975e-06,8.324717039644984e-06,4.9640695283717975e-06,0.0028852585741394104,0.0022280191938966317,0.22779219378589466,3.3606475112731865e-06,0.04726519246711424,0.28,0.20444444444444446,1.0
2023-02-27,2021-06-07,7.135349324662281e-06,3.5594578780833225e-06,0.006270874514348033,5.835911241456514e-06,3.944092173818776e-06,0.0159460063575357,2023-02-22,250,48574,218,100.0,6.455826657297798e-06,3.7605969134679173e-06,6.455826657297798e-06,3.7605969134679173e-06,0.0025408318829268886,0.0019392258541665324,0.23677522027444864,2.6952297438298806e-06,0.04745594115629536,0.28440366972477066,0.22018348623853212,1.0
2023-03-01,2021-06-09,6.4784306754151055e-06,4.186292875765097e-06,0.006241096262126044,1.0407212004057132e-05,6.057025350927938e-06,0.0159508353101499,2023-02-24,250,48635,181,100.0,8.4970862752146e-06,5.147497959688546e-06,8.4970862752146e-06,5.147497959688546e-06,0.0029149762049139613,0.002268809811264167,0.22167124128166482,3.349588315526054e-06,0.04764665346735304,0.20441988950276244,0.15469613259668508,1.0
2023-03-03,2021-06-11,1.542982715620112e-05,1.071208962836938e-05,0.006305256665067511,8.258021327045913e-06,8.386511638168033e-06,0.01588868555340489,2023-02-27,250,48677,202,100.0,1.1630900306104054e-05,9.48022405930233e-06,1.1630900306104054e-05,9.48022405930233e-06,0.003410410577350483,0.003078997248992329,0.09717695885626354,2.1506762468017235e-06,0.0479326537553028,0.30198019801980197,0.3069306930693069,1.0
2023-03-06,2021-06-14,6.778201258236599e-06,3.5891167051311745e-06,0.00609150499900682,8.723082121576482e-06,8.946111818974423e-06,0.015637888121922856,2023-03-01,250,48720,180,100.0,7.664202540424768e-06,6.029525590326433e-06,7.664202540424768e-06,6.029525590326433e-06,0.0027684296163032153,0.002455509232384687,0.11303172819556173,1.6346769500983348e-06,0.047932653755302805,0.23333333333333334,0.2111111111111111,1.0
2023-03-08,2021-06-15,8.49715088926963e-06,4.575684945394599e-06,0.0060686015831134575,1.0455821534587928e-05,9.022448531117911e-06,0.015870334195395082,2023-03-03,250,48842,196,100.0,9.376554036147233e-06,6.572191045107106e-06,9.376554036147233e-06,6.572191045107106e-06,0.0030621159410034156,0.0025636284920220217,0.1627918271501,2.8043629910401272e-06,0.04917104400644939,0.3520408163265306,0.3010204081632653,1.0
2023-03-10,2021-06-16,1.1977184512294953e-05,1.1676159631586019e-05,0.006109303406600703,2.136933111609994e-05,1.0897582277932504e-05,0.016142297476759628,2023-03-06,250,48941,207,100.0,1.719504373663105e-05,1.1243616657334068e-05,1.719504373663105e-05,1.1243616657334068e-05,0.004146690697005391,0.003353150258687205,0.1913671639148914,5.9514270792969824e-06,0.04926624130291806,0.32367149758454106,0.3285024154589372,1.0
2023-03-13,2021-06-18,1.3914455473021234e-05,1.0409472176212392e-05,0.006195286195286197,2.1592188567281397e-05,8.51478224444558e-06,0.016378632323598766,2023-03-08,250,48973,219,100.0,1.8016258085023244e-05,9.39724056883012e-06,1.8016258085023244e-05,9.39724056883012e-06,0.004244556288356092,0.0030654918967157815,0.27778272015729577,8.619017516193123e-06,0.04888539772981063,0.228310502283105,0.2054794520547945,1.0
2023-03-15,2021-06-21,2.3150043480346768e-05,1.6346494796349606e-05,0.006029228651943117,3.4458979476329716e-05,1.5480542746893748e-05,0.01613529216552217,2023-03-10,250,49018,210,100.0,2.8750659402166893e-05,1.591764235280956e-05,2.8750659402166893e-05,1.591764235280956e-05,0.00536196413659835,0.003989692012274827,0.2559271359084653,1.2833017049357332e-05,0.04764665346735303,0.29523809523809524,0.20476190476190476,1.0
2023-03-17,2021-06-23,1.818576455196592e-05,1.011662993720807e-05,0.0059031119666345866,2.9888588456746512e-05,1.021296267292858e-05,0.015956875615359363,2023-03-13,250,49072,246,100.0,2.427503877884362e-05,1.0166754287501671e-05,2.427503877884362e-05,1.0166754287501671e-05,0.004926970547795432,0.003188534818298472,0.3528406984845528,1.410828449134195e-05,0.046310902863250236,0.2073170731707317,0.16260162601626016,1.0
2023-03-20,2021-06-25,1.6053387911169563e-05,6.813781391783848e-06,0.0059354838709677425,2.499105040935863e-05,7.03284240411243e-06,0.016566765814508066,2023-03-15,250,49128,208,0.01,2.0393310566540214e-05,6.920152364116476e-06,2.0393310566540214e-05,6.920152364116476e-06,0.004515895322805901,0.0026306182475069385,0.4174758138830301,1.3473158202423737e-05,0.044208254664320365,0.19230769230769232,0.1971153846153846,1.0
2023-03-22,2021-06-28,1.7814799015146624e-05,7.390219104821351e-06,0.005775991963837268,1.853968244772132e-05,5.423941864759808e-06,0.01619631746509237,2023-03-17,250,49235,215,0.01,1.817892650685856e-05,6.402507747022994e-06,1.817892650685856e-05,6.402507747022994e-06,0.004263675234684105,0.002530317716616432,0.40654070084118343,1.1776418759835566e-05,0.046692727991982305,0.28837209302325584,0.25116279069767444,1.0
2023-03-24,2021-06-30,1.3960169763159093e-05,5.562846561763641e-06,0.005788712011577421,1.2776181506040798e-05,4.283147179660583e-06,0.01643277208332273,2023-03-20,250,49309,237,0.01,1.3345694844907828e-05,4.89869878117851e-06,1.3345694844907828e-05,4.89869878117851e-06,0.003653175994242247,0.002213300427230454,0.39414349850135166,8.446996063729317e-06,0.04621542379696299,0.20675105485232068,0.12658227848101267,1.0
2023-03-27,2021-07-02,1.3450981385402766e-05,4.8051012106358404e-06,0.005741029641185646,1.1402216994249352e-05,5.521630236573896e-06,0.016325642451042323,2023-03-22,250,49357,207,0.01,1.247113754615548e-05,5.147789005649694e-06,1.247113754615548e-05,5.147789005649694e-06,0.003531449779645108,0.0022688739510271817,0.3575233706834161,7.323348540505786e-06,0.046310902863250236,0.20772946859903382,0.08695652173913043,1.0
2023-03-29,2021-07-07,1.3700968773488574e-05,4.518772801403678e-06,0.005835712020298129,8.936010778990756e-06,5.794934855200518e-06,0.016331832659251765,2023-03-24,250,49442,218,0.01,1.140592019815706e-05,5.13343801080124e-06,1.140592019815706e-05,5.13343801080124e-06,0.0033772651951182423,0.002265709162889456,0.32912903429541585,6.2724821873558194e-06,0.046883585898850444,0.26605504587155965,0.13761467889908258,1.0
2023-03-31,2021-07-09,1.4163120198960902e-05,7.770896474706682e-06,0.005666420300566641,6.810053867623697e-06,6.054842516318143e-06,0.01600414416646024,2023-03-27,250,49500,208,0.01,1.0097722948461965e-05,6.822116641943789e-06,1.0097722948461965e-05,6.822116641943789e-06,0.003177691449537221,0.0026119181920465635,0.17804537239543927,3.275606306518176e-06,0.048504409059614964,0.2692307692307692,0.2644230769230769,1.0
2023-04-03,2021-07-12,1.0250721876954099e-05,4.370527599342206e-06,0.005579138872043662,6.89190312243886e-06,7.945478222786697e-06,0.01578170692982242,2023-03-29,250,49571,195,0.01,8.597149567038907e-06,6.130503290884111e-06,8.597149567038907e-06,6.130503290884111e-06,0.002932089624660015,0.0024759853171786197,0.15555605928460725,2.466646276154796e-06,0.04736057135983759,0.2153846153846154,0.15384615384615385,1.0
2023-04-05,2021-07-14,2.1272928633448136e-05,6.712611726514906e-06,0.005554549296625008,6.787486742468449e-06,5.670411869671502e-06,0.015809511341669316,2023-03-31,250,49630,215,0.01,1.4400765503774052e-05,6.218172724663616e-06,1.4400765503774052e-05,6.218172724663616e-06,0.0037948340548400864,0.002493626420429415,0.3428892055901781,8.182592779110436e-06,0.047646653467353035,0.20930232558139536,0.13953488372093023,1.0
2023-04-10,2021-07-16,2.3890978731819826e-05,8.613849292775516e-06,0.00558727073970606,6.6836231480550075e-06,5.73795951432249e-06,0.015789420562574843,2023-04-03,250,49664,216,0.01,1.56059556729701e-05,7.2291616216685036e-06,1.56059556729701e-05,7.2291616216685036e-06,0.0039504374027403725,0.0026887100293018777,0.3193892839722632,8.376794051301595e-06,0.04831386027855063,0.2175925925925926,0.12962962962962962,1.0
2023-04-12,2021-07-19,2.9898142444006403e-05,1.0146850886668371e-05,0.005721393034825871,1.4048705909672155e-05,1.0722894205368014e-05,0.01576899589963878,2023-04-05,250,49690,214,0.01,2.212154975192651e-05,1.0429488963600439e-05,2.212154975192651e-05,1.0429488963600439e-05,0.004703355159024939,0.0032294719326231088,0.3133684734765775,1.1692060788326073e-05,0.04917104400644938,0.24299065420560748,0.16822429906542055,1.0
2023-04-14,2021-07-21,1.698164893496289e-05,8.827010204033946e-06,0.005556897801401304,6.268870479541221e-06,1.0133717444002862e-05,0.015625977700921476,2023-04-10,250,49707,193,100.0,1.0875920281613754e-05,9.571765625777889e-06,1.0875920281613754e-05,9.571765625777889e-06,0.0032978660193546,0.0030938270193690354,0.06187000890518146,1.3041546558358653e-06,0.04974209189481406,0.2694300518134715,0.19689119170984457,1.0
2023-04-17,2021-07-23,1.1150963079723392e-05,4.7982890338641885e-06,0.005568670177350043,1.0324925228433724e-05,1.3451061825999465e-05,0.015664241380982408,2023-04-12,250,49731,205,100.0,1.0739958880545119e-05,9.103571106048568e-06,1.0739958880545119e-05,9.103571106048568e-06,0.0032771876480520794,0.0030172124728047524,0.07932874255822764,1.6363877744965502e-06,0.05012260940321061,0.24878048780487805,0.2097560975609756,1.0
2023-04-19,2021-07-26,1.2626399797947981e-05,5.350134318517272e-06,0.005526521295128249,1.1344604001621662e-05,1.368505586009047e-05,0.015598061369836555,2023-04-14,250,49740,216,100.0,1.1979567659987015e-05,9.556182689033378e-06,1.1979567659987015e-05,9.556182689033378e-06,0.0034611512044386353,0.0030913076018140575,0.10685566182439077,2.423384970953636e-06,0.050693114315518144,0.2962962962962963,0.18981481481481483,1.0
2023-04-21,2021-07-28,1.606947305744623e-05,5.1624471127096575e-06,0.00552055205520552,9.685640345272427e-06,1.0924631212393595e-05,0.01568629940759444,2023-04-17,250,49770,213,100.0,1.2622802813784318e-05,8.273485476388777e-06,1.2622802813784318e-05,8.273485476388777e-06,0.0035528584004691655,0.002876366714518296,0.1904077251886922,4.349317337395541e-06,0.04993236874820901,0.23943661971830985,0.16901408450704225,1.0
2023-04-24,2021-07-30,1.5960098273071938e-05,4.767195537670408e-06,0.005575081808265667,9.189373355092066e-06,9.738344234286394e-06,0.015674121785541003,2023-04-19,250,49810,214,100.0,1.2384902405166678e-05,7.392147886818101e-06,1.2384902405166678e-05,7.392147886818101e-06,0.0035192190050019165,0.002718850471581345,0.22742788450590778,4.992754518348577e-06,0.05012260940321061,0.2616822429906542,0.17757009345794392,1.0
2023-04-26,2021-08-02,2.3774744942431786e-05,7.020821280922559e-06,0.005617634487390853,1.2503239635115059e-05,7.156538553325248e-06,0.01591034525216706,2023-04-21,250,49931,215,100.0,1.8165205091813693e-05,7.088364295560178e-06,1.8165205091813693e-05,7.088364295560178e-06,0.004262065824434636,0.002662398222573058,0.37532681750023755,1.1076840796253515e-05,0.04993236874820901,0.24186046511627907,0.1813953488372093,1.0
2023-04-28,2021-08-04,1.3857502697357087e-05,3.490095077279564e-06,0.005462858500089069,7.611283895959188e-06,1.2336575468492012e-05,0.015666140491258702,2023-04-24,250,49970,216,100.0,1.0705475617022036e-05,7.954291200622882e-06,1.0705475617022036e-05,7.954291200622882e-06,0.003271922312192335,0.0028203352993257528,0.1380188677413916,2.7511844163991535e-06,0.05050298217310677,0.2361111111111111,0.16203703703703703,1.0
2023-05-01,2021-08-06,1.745137552639118e-05,4.795326982151827e-06,0.005421970768505422,1.0383248779853084e-05,1.8006541434645592e-05,0.015533558531483664,2023-04-26,250,50014,194,100.0,1.4208781297309269e-05,1.0856141859842264e-05,1.4208781297309269e-05,1.0856141859842264e-05,0.0037694537133793364,0.0032948659851111187,0.1259035829472348,3.3526394374670054e-06,0.04974209189481406,0.2422680412371134,0.15463917525773196,1.0
2023-05-03,2021-08-09,3.266734735590275e-05,9.280718987755867e-06,0.00545864483208734,1.4468652942266108e-05,1.0904564363722902e-05,0.015726007691558765,2023-04-28,250,50081,200,100.0,2.4295947925629894e-05,1.0027687860700703e-05,2.4295947925629894e-05,1.0027687860700703e-05,0.004929091998089496,0.003166652469201618,0.35755865980407653,1.4268260064929191e-05,0.05107327018400062,0.21,0.135,1.0
2023-05-05,2021-08-11,1.2743412458462753e-05,1.0361959938227047e-05,0.005549188732734182,1.0268664014428504e-05,1.2268863464774033e-05,0.015947653839508302,2023-05-01,250,50130,193,100.0,1.1345756601469316e-05,1.1438915815914206e-05,1.1345756601469316e-05,1.1438915815914206e-05,0.0033683462710162853,0.003382146628387688,-0.004097072052879902,-9.315921444489037e-08,0.05126329393754153,0.27979274611398963,0.24352331606217617,1.0
2023-05-08,2021-08-13,1.1133972708046391e-05,1.275700091038488e-05,0.003975341360834246,8.152272397756111e-06,1.0574262303559655e-05,0.015657787848677985,2023-05-03,250,50186,192,100.0,9.410177216159825e-06,1.1495105153314047e-05,9.410177216159825e-06,1.1495105153314047e-05,0.003067601215308115,0.0033904432089793286,-0.10524249112307982,-2.084927937154222e-06,0.05126329393754153,0.20833333333333334,0.19791666666666666,1.0
2023-05-10,2021-08-16,1.1742263309627105e-05,1.6288798583125806e-05,0.004016999476043547,8.854681708024325e-06,1.2322896526272406e-05,0.015722563453629573,2023-05-05,250,50234,186,100.0,1.015875081842558e-05,1.4113949068077169e-05,1.015875081842558e-05,1.4113949068077169e-05,0.0031872795325207327,0.0037568536128091507,-0.1787022677104062,-3.955198249651589e-06,0.05154826188057661,0.1827956989247312,0.1881720430107527,1.0
2023-05-12,2021-08-18,1.0765083639860403e-05,1.2083029637775139e-05,0.003971223021582734,8.757976538478451e-06,1.3333388944407081e-05,0.0156767840244583,2023-05-08,250,50271,197,100.0,9.695305743184742e-06,1.2749464801208406e-05,9.695305743184742e-06,1.2749464801208406e-05,0.0031137285917665885,0.003570639270664065,-0.14674068899442716,-3.0541590580236642e-06,0.05069311431551813,0.3147208121827411,0.29441624365482233,1.0
2023-05-15,2021-08-20,8.634099652367667e-06,1.1029697720332064e-05,0.00538911745958162,6.786118089207976e-06,1.1112872841687205e-05,0.01569735173352122,2023-05-10,250,50275,200,100.0,7.636189608261434e-06,1.1074612285863842e-05,7.636189608261434e-06,1.1074612285863842e-05,0.002763365630578305,0.0033278540060921904,-0.20427567357264675,-3.438422677602408e-06,0.05116828657439943,0.27,0.16,1.0
2023-05-17,2021-08-23,1.2687496099172619e-05,1.5461635208066695e-05,0.005404777125588421,1.2596601031643579e-05,1.917173980101021e-05,0.015748624009750162,2023-05-12,250,50286,201,100.0,1.2643179101073884e-05,1.727054192502423e-05,1.2643179101073884e-05,1.727054192502423e-05,0.0035557248348366166,0.004155784152843387,-0.16875864862426648,-4.627362823950346e-06,0.05097824476462943,0.22885572139303484,0.14427860696517414,1.0
2023-05-19,2021-08-25,1.210978326161449e-05,1.686285526573825e-05,0.005312767780634103,9.871626386068244e-06,1.4979629402473628e-05,0.015411284974834823,2023-05-15,250,50307,222,100.0,1.0940295885202938e-05,1.5878827337185566e-05,1.0940295885202938e-05,1.5878827337185566e-05,0.003307611809932196,0.003984824630668904,-0.20474374251027672,-4.938531451982629e-06,0.05173819540441445,0.28378378378378377,0.22072072072072071,1.0
2023-05-22,2021-08-27,1.0807205131565344e-05,1.2658130659215492e-05,0.00530943137702672,8.792597945990502e-06,1.1806692101394616e-05,0.015433741818355547,2023-05-17,250,50348,219,100.0,9.758505500718164e-06,1.2214916067473118e-05,9.758505500718164e-06,1.2214916067473118e-05,0.003123860672424134,0.0034949844159127687,-0.11880291165503243,-2.456410566754954e-06,0.0515482618805766,0.2465753424657534,0.1689497716894977,1.0
2023-05-24,2021-08-30,1.5134892343209544e-05,6.84031334161428e-06,0.005420844019584986,1.3674623564088063e-05,8.8449380554915e-06,0.015602581564394213,2023-05-19,250,50424,206,100.0,1.4447290054011565e-05,7.784238570964233e-06,1.4447290054011565e-05,7.784238570964233e-06,0.0038009590965980633,0.002790024833395616,0.2659682036850264,6.6630514830473314e-06,0.052023028067151915,0.35436893203883496,0.2524271844660194,1.0
2023-05-26,2021-09-01,1.3810461140253082e-05,9.499455578855717e-06,0.005376033296722355,7.974389365691365e-06,1.124314281545522e-05,0.015581509706981798,2023-05-22,250,50478,220,100.0,1.0786314857071101e-05,1.0403002601457278e-05,1.0786314857071101e-05,1.0403002601457278e-05,0.0032842525568340664,0.0032253685993165614,0.017929180688304847,3.8331225561382306e-07,0.05240267879304836,0.30454545454545456,0.2318181818181818,1.0
2023-05-31,2021-09-03,1.1863154951578698e-05,2.8624535589222478e-06,0.005245346869712353,,,,2023-05-24,250,50505,108,100.0,1.1863154951578698e-05,2.8624535589222478e-06,1.1863154951578698e-05,2.8624535589222478e-06,0.0034442930989651123,0.0016918787069179185,0.5087878242922277,9.00070139265645e-06,0.05401458830623824,0.5,0.24074074074074073,1.0
2023-06-02,2021-09-08,1.0494841322486585e-05,6.155701667649953e-06,0.005164084624354489,1.032559412594955e-05,1.9977555851638882e-05,0.015316658764401879,2023-05-26,250,50567,220,100.0,1.0416372167728505e-05,1.2564015880226637e-05,1.0416372167728505e-05,1.2564015880226637e-05,0.0032274404979377243,0.003544575557133271,-0.09826209325878832,-2.147643712498132e-06,0.0535407669280298,0.24545454545454545,0.19545454545454546,1.0
2023-06-07,2021-09-10,9.765937856703787e-06,8.701975980538275e-06,0.005189442553428938,1.0861465477659657e-05,2.403291337594505e-05,0.015094439642081164,2023-05-31,250,50509,178,100.0,1.02706191202902e-05,1.5764542645838024e-05,1.02706191202902e-05,1.5764542645838024e-05,0.003204780666487209,0.003970458745011466,-0.23891746681170667,-5.493923525547824e-06,0.05297188476610572,0.2640449438202247,0.29213483146067415,1.0
2023-06-09,2021-09-13,7.788884702234886e-06,1.0957389136543964e-05,0.005150357202193055,8.982688321816833e-06,2.190045640394295e-05,0.015055747675529559,2023-06-02,250,50535,174,100.0,8.365203690998585e-06,1.624024919666761e-05,8.365203690998585e-06,1.624024919666761e-05,0.0028922661860552503,0.004029919254360763,-0.3933431417172404,-7.875045505669027e-06,0.05240267879304834,0.367816091954023,0.4425287356321839,1.0
2023-06-12,2021-09-15,1.1390073208097561e-05,1.1838234392883916e-05,0.005139257294429709,1.1594048002777268e-05,2.3758474475100538e-05,0.015028781111886482,2023-06-07,250,50529,149,100.0,1.1474948626017977e-05,1.679833429286667e-05,1.1474948626017977e-05,1.679833429286667e-05,0.0033874693542551757,0.004098577105882805,-0.20992300660502505,-5.323385666848693e-06,0.052307779623344874,0.38926174496644295,0.3691275167785235,1.0
2023-06-14,2021-09-17,1.4189592800504506e-05,1.3475387672276026e-05,0.005073372974742238,1.845814084956725e-05,2.9252318855804634e-05,0.014796118261347494,2023-06-09,250,50533,195,100.0,1.6050241950095962e-05,2.035251152150644e-05,1.6050241950095962e-05,2.035251152150644e-05,0.00400627532130481,0.004511375790322332,-0.1260773233260999,-4.302269571410479e-06,0.052212871446934206,0.20512820512820512,0.18974358974358974,1.0
2023-06-16,2021-09-20,1.4303887138199712e-05,1.4050891505163e-05,0.004999731197247461,9.517781710233139e-06,1.6008385344786225e-05,0.014597544057840032,2023-06-12,250,50496,186,100.0,1.1576321679251022e-05,1.516645251053968e-05,1.1576321679251022e-05,1.516645251053968e-05,0.0034023994003131116,0.003894412986643774,-0.14460782772457104,-3.590130831288658e-06,0.051928092860359196,0.1881720430107527,0.1774193548387097,1.0
2023-06-21,2021-09-22,1.2067007620054235e-05,9.17645785016323e-06,0.005026755310523756,1.1039478599941242e-05,1.613134056916465e-05,0.014919184317672361,2023-06-14,250,50501,216,100.0,1.1581785582778658e-05,1.2460708023025013e-05,1.1581785582778658e-05,1.2460708023025013e-05,0.0034032022541686615,0.0035299728076891774,-0.0372503730465128,-8.789224402463547e-07,0.052497568957754,0.18981481481481483,0.12037037037037036,1.0
2023-06-23,2021-09-24,1.4596908950801347e-05,1.2352707571336256e-05,0.0049732620320855625,9.886107004299427e-06,1.4949062430528299e-05,0.014942083801058397,2023-06-16,250,50514,223,100.0,1.231544433097082e-05,1.3610135036774555e-05,1.231544433097082e-05,1.3610135036774555e-05,0.003509336736617166,0.0036891916508599216,-0.051250400785456396,-1.2946907058037344e-06,0.052592450119170596,0.18834080717488788,0.16143497757847533,1.0
2023-06-26,2021-09-27,1.2144458789507435e-05,9.081469009621494e-06,0.0049817870152132,1.0743380747120381e-05,1.5751341137716093e-05,0.015055905911682554,2023-06-21,250,50580,196,100.0,1.1501106627186849e-05,1.2144165394971056e-05,1.1501106627186849e-05,1.2144165394971056e-05,0.003391328150914749,0.0034848479730070084,-0.02757616424321374,-6.430587677842067e-07,0.05268732227900647,0.22448979591836735,0.11734693877551021,1.0
2023-06-28,2021-09-29,1.5492310512381226e-05,1.372109182023718e-05,0.0049452302456662765,8.698049795603727e-06,1.596433792385039e-05,0.014953731343283583,2023-06-23,250,50659,202,100.0,1.2229719970166287e-05,1.479829415712075e-05,1.2229719970166287e-05,1.479829415712075e-05,0.003497101652821417,0.003846855099574294,-0.1000123763833689,-2.5685741869544626e-06,0.05297188476610571,0.15346534653465346,0.15346534653465346,1.0
2023-06-30,2021-10-01,1.6481377596632435e-05,1.4809803571530294e-05,0.004905322010654571,6.616928066707906e-06,1.355684145841067e-05,0.014887514551140124,2023-06-26,250,50673,204,100.0,1.1452442542161106e-05,1.4171038572684992e-05,1.1452442542161106e-05,1.4171038572684992e-05,0.0033841457625464516,0.003764443992502079,-0.11237643312073708,-2.7185960305238864e-06,0.053161548114232356,0.3235294117647059,0.30392156862745096,1.0
2023-07-05,2021-10-04,1.1671293117012581e-05,5.756855052430402e-06,0.004832172919048113,6.524516495947552e-06,1.1750315592475729e-05,0.014696971540593521,2023-06-28,250,50710,217,100.0,9.370660249531899e-06,8.435959533464489e-06,9.370660249531899e-06,8.435959533464489e-06,0.003061153418163144,0.0029044723330519935,0.051183676120737376,9.347007160674096e-07,0.05297188476610571,0.2672811059907834,0.14746543778801843,1.0
2023-07-07,2021-10-06,1.5645493813850024e-05,7.705350244885154e-06,0.004848548042333562,7.3209624528978495e-06,1.019451723889806e-05,0.014835029340854294,2023-06-30,250,50738,213,100.0,1.1620016207380192e-05,8.909031936825667e-06,1.1620016207380192e-05,8.909031936825667e-06,0.003408814487087878,0.002984800150232117,0.12438762463075337,2.7109842705545252e-06,0.05316154811423236,0.25821596244131456,0.1784037558685446,1.0
2023-07-10,2021-10-08,1.5566734103963293e-05,5.107101122019265e-06,0.004877281308999371,7.05881701347688e-06,1.0384075578375007e-05,0.014872577813248201,2023-07-05,250,50789,197,0.01,1.1895805410098597e-05,7.3839682732387485e-06,1.1895805410098597e-05,7.3839682732387485e-06,0.003449029633114015,0.0027173458140690794,0.21214193465317444,4.511837136859848e-06,0.05316154811423236,0.2639593908629442,0.14213197969543148,1.0
2023-07-12,2021-10-11,1.6672261270267295e-05,6.849482822675155e-06,0.004944704381114417,1.2929653960085493e-05,1.9408931368632287e-05,0.014741149482439092,2023-07-07,250,50847,207,0.01,1.490039887221021e-05,1.2795501941050996e-05,1.490039887221021e-05,1.2795501941050996e-05,0.003860103479469198,0.0035770800859151863,0.07332015710442308,2.104896931159214e-06,0.05344597570562601,0.2463768115942029,0.12560386473429952,1.0
2023-07-14,2021-10-13,1.632969864417262e-05,7.208397407587273e-06,0.004880864910255065,4.966565429679806e-06,1.1977921609625913e-05,0.014508339265059168,2023-07-10,250,50874,194,0.01,1.08824234434106e-05,9.494818803409917e-06,1.08824234434106e-05,9.494818803409917e-06,0.0032988518371413105,0.0030813663857791915,0.0659276203051864,1.3876046400006827e-06,0.0532563663004315,0.42783505154639173,0.27835051546391754,1.0
2023-07-17,2021-10-15,1.526683272067139e-05,5.808021167901744e-06,0.004877025538832658,1.3271710872870287e-05,1.9453665141222077e-05,0.014517381143162394,2023-07-12,250,50903,195,100.0,1.4366470040638073e-05,1.1966055371246305e-05,1.4366470040638073e-05,1.1966055371246305e-05,0.0037903126573724855,0.0034591986602747035,0.08735796411246888,2.4004146693917676e-06,0.053445975705626016,0.30256410256410254,0.2,1.0
2023-07-19,2021-10-18,2.2962561784712735e-05,5.311608117908306e-06,0.0048004955350229705,1.0798810295559494e-05,1.5194145749332265e-05,0.014360441665382336,2023-07-14,250,50930,216,100.0,1.7274881690247563e-05,9.932609510379694e-06,1.7274881690247563e-05,9.932609510379694e-06,0.004156306255588917,0.0031516042756633794,0.24172953534752906,7.342272179867869e-06,0.05344597570562603,0.2175925925925926,0.08796296296296297,1.0
2023-07-21,2021-10-20,2.3464294904819648e-05,7.674351650800602e-06,0.00481540930979133,9.267180883832822e-06,1.4035474464048281e-05,0.01442427573090363,2023-07-17,250,50965,227,100.0,1.6647178480645358e-05,1.0728811503857857e-05,1.6647178480645358e-05,1.0728811503857857e-05,0.004080095400924512,0.0032754864530108894,0.19720346434333513,5.918366976787501e-06,0.053445975705626016,0.20704845814977973,0.13215859030837004,1.0
2023-07-24,2021-10-22,2.1684746063173142e-05,6.090306447735998e-06,0.004845264145045326,1.037870460873585e-05,1.4909859761800368e-05,0.014424275730903628,2023-07-19,250,51012,211,100.0,1.6808680791354215e-05,9.894000057119212e-06,1.6808680791354215e-05,9.894000057119212e-06,0.00409983911774038,0.003145472946492977,0.23278137113180197,6.914680734235003e-06,0.053540766928029816,0.24170616113744076,0.14691943127962084,1.0
2023-07-26,2021-10-25,2.470413791464842e-05,6.28175281545379e-06,0.004803222807561202,9.442645465233935e-06,1.4031219943240058e-05,0.014321028016862813,2023-07-21,250,51073,219,100.0,1.7944481441620087e-05,9.7141651962541e-06,1.7944481441620087e-05,9.7141651962541e-06,0.00423609270928058,0.003116755556063725,0.2642381151773595,8.230316245365987e-06,0.0536355491659094,0.3059360730593607,0.1461187214611872,1.0
2023-07-28,2021-10-27,1.907732340883485e-05,4.200297468774528e-06,0.004813166338888312,7.989193420937325e-06,1.1909868545024497e-05,0.014414393688258307,2023-07-24,250,51119,224,100.0,1.3879762477007885e-05,7.814158910766702e-06,1.3879762477007885e-05,7.814158910766702e-06,0.003725555324647305,0.0027953817111025644,0.24967381571035974,6.065603566241183e-06,0.05363554916590941,0.33482142857142855,0.20982142857142858,1.0
2023-07-31,2021-10-29,2.1102101552042456e-05,4.229802777354317e-06,0.004749017004544761,7.675842682464168e-06,1.2194754709294063e-05,0.014274641075024075,2023-07-26,250,51161,208,100.0,1.5357211939578665e-05,7.637883171309305e-06,1.5357211939578665e-05,7.637883171309305e-06,0.003918827878279252,0.002763672044818145,0.2947707501683726,7.71932876826936e-06,0.05373032242096779,0.2644230769230769,0.13942307692307693,1.0
2023-08-02,2021-11-01,2.950527579864316e-05,5.862671932765153e-06,0.004754479691214439,1.3866304772911873e-05,8.251937663942775e-06,0.014288400368033648,2023-07-28,250,51226,222,100.0,2.2672031701814628e-05,6.906630382874294e-06,2.2672031701814628e-05,6.906630382874294e-06,0.004761515693748644,0.002628046876080085,0.4480650605582531,1.5765401318940335e-05,0.05391984198943045,0.26576576576576577,0.14414414414414414,1.0
2023-08-04,2021-11-03,2.5961731866308084e-05,3.4616800579865653e-06,0.004864780038709002,1.2044028887191049e-05,6.017464436617874e-06,0.014531612601372425,2023-07-31,250,51283,225,100.0,1.853895694411233e-05,4.824765059923264e-06,1.853895694411233e-05,4.824765059923264e-06,0.004305688904706462,0.0021965347845921456,0.4898528822667245,1.3714191884189068e-05,0.05391984198943045,0.24,0.16,1.0
2023-08-07,2021-11-05,2.234335322823533e-05,8.930409620625538e-06,0.003846365184900269,9.95620122601307e-06,7.5671192662784444e-06,0.014597634341218859,2023-08-02,250,51355,204,100.0,1.608905589377997e-05,8.242081647597346e-06,1.608905589377997e-05,8.242081647597346e-06,0.004011116539541075,0.002870902584135753,0.28426348229108744,7.846974246182623e-06,0.05391984198943044,0.2647058823529412,0.13725490196078433,1.0
2023-08-09,2021-11-08,1.820934704543835e-05,5.774439323772975e-06,0.003893214682981089,1.2895835760249264e-05,7.7051667467414e-06,0.014534527019498604,2023-08-04,250,51418,197,100.0,1.570093816461305e-05,6.685899477763145e-06,1.570093816461305e-05,6.685899477763145e-06,0.003962440935157652,0.002585710633029757,0.3474450028800542,9.015038686849904e-06,0.05420405401351213,0.29441624365482233,0.16243654822335024,1.0
2023-08-11,2021-11-10,1.2857743215360058e-05,5.8176682122751295e-06,0.0039332471764904195,8.16277955952025e-06,7.4374746726844034e-06,0.014627097396335585,2023-08-07,250,51479,206,100.0,1.0419097044608313e-05,6.659023995109072e-06,1.0419097044608313e-05,6.659023995109072e-06,0.003227862612412169,0.0025805084760777424,0.2005519484767232,3.760073049499241e-06,0.05391984198943045,0.32524271844660196,0.1650485436893204,1.0
2023-08-14,2021-11-12,1.360677178924948e-05,9.189418331858777e-06,0.005287136509364979,7.928753738560067e-06,8.030167857505108e-06,0.014635631100639515,2023-08-09,250,51518,193,100.0,1.0900151785812039e-05,8.636822250819722e-06,1.0900151785812039e-05,8.636822250819722e-06,0.0033015377910622255,0.0029388470955154715,0.10985507920842641,2.2633295349923167e-06,0.05391984198943045,0.3471502590673575,0.14507772020725387,1.0
2023-08-16,2021-11-15,1.9200335780996157e-05,6.297531824685742e-06,0.005297266835728377,2.076145478592367e-05,8.976121428615698e-06,0.014726837363679472,2023-08-11,250,51571,217,0.01,1.996291004146766e-05,7.605967299416504e-06,1.996291004146766e-05,7.605967299416504e-06,0.004467987247236462,0.002757891821558,0.3827440256764809,1.2356942742051155e-05,0.05410932564703196,0.2350230414746544,0.08755760368663594,1.0
2023-08-18,2021-11-17,1.901143565398894e-05,5.915341908516152e-06,0.005402298850574715,1.8494017421157327e-05,8.108988398501641e-06,0.01494961837310046,2023-08-14,250,51626,227,100.0,1.8744748723410533e-05,7.045987896746557e-06,1.8744748723410533e-05,7.045987896746557e-06,0.004329520611269859,0.0026544279791975065,0.38690025581863297,1.1698760826663976e-05,0.054109325647031956,0.31277533039647576,0.14537444933920704,1.0
2023-08-21,2021-11-19,1.8801888656540466e-05,7.4406070829272965e-06,0.005387128202189237,1.7466793036040545e-05,8.728126166876634e-06,0.01494242611683849,2023-08-16,250,51685,226,100.0,1.8128433343544933e-05,8.090063611999086e-06,1.8128433343544933e-05,8.090063611999086e-06,0.0042577497981380885,0.002844303713037531,0.33197020776529806,1.0038369731545847e-05,0.05401458830623825,0.3053097345132743,0.1504424778761062,1.0
2023-08-23,2021-11-22,1.5939047855666723e-05,8.586750615039788e-06,0.005303842464594032,1.5230956340012596e-05,1.0050125774130005e-05,0.014886155426223898,2023-08-18,250,51735,206,100.0,1.5602188785112818e-05,9.28291938004387e-06,1.5602188785112818e-05,9.28291938004387e-06,0.003949960605514037,0.0030467883713910736,0.22865347893904553,6.319269405068947e-06,0.05420405401351213,0.3883495145631068,0.2815533980582524,1.0
2023-08-25,2021-11-24,1.6441751159704984e-05,1.1434815310586897e-05,0.0053294024265789774,1.2486821943668523e-05,9.600237798847968e-06,0.014929087413307698,2023-08-21,250,51762,207,100.0,1.4397415767840728e-05,1.0486507128190445e-05,1.4397415767840728e-05,1.0486507128190445e-05,0.0037943926744395773,0.003238287684593579,0.1465596836068459,3.910908639650283e-06,0.05429877340737882,0.28019323671497587,0.20772946859903382,1.0
2023-08-28,2021-11-26,1.6338443475372583e-05,1.0857483106946794e-05,0.005262863221544144,1.099699879639355e-05,1.1050112391159987e-05,0.014824576675682436,2023-08-23,250,51794,196,100.0,1.3776730210964272e-05,1.0949866539171488e-05,1.3776730210964272e-05,1.0949866539171488e-05,0.0037117017944555126,0.0033090582556327846,0.10847949569229709,2.8268636717927847e-06,0.05458287777029171,0.3112244897959184,0.25,1.0
2023-08-30,2021-11-29,1.7696895565895817e-05,1.3463155240843461e-05,0.005105366065609386,9.908026477309749e-06,1.4997912390294883e-05,0.014521259684744854,2023-08-25,250,51849,203,100.0,1.4320440000400378e-05,1.4128468684940627e-05,1.4320440000400378e-05,1.4128468684940627e-05,0.00378423572209771,0.003758785533246161,0.006725318061698737,1.9197131545975026e-07,0.054109325647031956,0.26108374384236455,0.14285714285714285,1.0
2023-09-01,2021-12-01,1.0043392055253835e-05,1.2945464899202912e-05,0.005003459839250545,1.443830903517633e-05,2.081904113525053e-05,0.014482888864216727,2023-08-28,250,51850,195,100.0,1.1981663133578627e-05,1.6417913905870065e-05,1.1981663133578627e-05,1.6417913905870065e-05,0.0034614539045867165,0.004051902504487252,-0.1705782067813013,-4.436250772291438e-06,0.054109325647031956,0.18461538461538463,0.1641025641025641,1.0
2023-09-06,2021-12-03,1.2042443024476882e-05,4.7817360740026805e-06,0.004955192409066946,1.6975494175182328e-05,1.8474096188315406e-05,0.014518673760128213,2023-08-30,250,51834,191,100.0,1.4082814966391699e-05,1.0445068267880717e-05,1.4082814966391699e-05,1.0445068267880717e-05,0.0037527076846447416,0.0032318830838817046,0.1387863496254017,3.6377466985109816e-06,0.05401458830623823,0.2513089005235602,0.1099476439790576,1.0
2023-09-08,2021-12-08,1.35419246428732e-05,6.649526555368467e-06,0.00529398513178644,1.0028406386659014e-05,1.3017145280184912e-05,0.014661951219512203,2023-09-01,250,51807,195,100.0,1.1830210620615006e-05,9.751699780279042e-06,1.1830210620615006e-05,9.751699780279042e-06,0.003439507322366825,0.0031227711700153506,0.09208765170865207,2.0785108403359638e-06,0.05382508669490747,0.3076923076923077,0.2358974358974359,1.0
2023-09-11,2021-12-10,1.0756111156867602e-05,5.865697185489337e-06,0.0052755640363677195,1.4592350860350732e-05,1.9695190743248772e-05,0.014639901687915248,2023-09-06,250,51782,172,100.0,1.2183549186070626e-05,1.1011555253492848e-05,1.2183549186070626e-05,1.1011555253492848e-05,0.0034904941177533342,0.0033183663531160703,0.049313294573908206,1.1719939325777785e-06,0.054014588306238245,0.3023255813953488,0.22093023255813954,1.0
2023-09-13,2021-12-13,1.3109875442418694e-05,7.759370068836176e-06,0.005331820760068065,2.0186557127668838e-05,2.2003395659843585e-05,0.014624473642906796,2023-09-08,250,51798,196,100.0,1.614273902181161e-05,1.386395246498221e-05,1.614273902181161e-05,1.386395246498221e-05,0.004017802760441534,0.0037234328871328147,0.07326638236376992,2.278786556829401e-06,0.05410932564703195,0.30612244897959184,0.18877551020408162,1.0
2023-09-15,2021-12-15,1.347139261730211e-05,8.708209440618782e-06,0.005348810743143279,1.2556566359489012e-05,1.2407915667523255e-05,0.014482567279509723,2023-09-11,250,51812,215,100.0,1.2999086967919535e-05,1.0618290329857836e-05,1.2999086967919535e-05,1.0618290329857836e-05,0.0036054246584722215,0.0032585718236457263,0.09620304615475506,2.3807966380616996e-06,0.054014588306238245,0.2372093023255814,0.20930232558139536,1.0
2023-09-18,2021-12-17,9.37481539039291e-06,6.319472902500077e-06,0.005371121650191419,1.2838306574326111e-05,1.333834090611235e-05,0.014681056453977489,2023-09-13,250,51826,201,100.0,1.1046251434380575e-05,9.706687809715948e-06,1.1046251434380575e-05,9.706687809715948e-06,0.0033235901423581964,0.003115555778623767,0.06259326656529984,1.339563624664627e-06,0.054109325647031956,0.1691542288557214,0.0945273631840796,1.0
2023-09-20,2021-12-20,1.0858236094043934e-05,4.9865548398935605e-06,0.005249343832020998,1.584912156529913e-05,1.1773654669762482e-05,0.014702943235978403,2023-09-15,250,51862,218,100.0,1.3170527069258497e-05,8.131036871163107e-06,1.3170527069258497e-05,8.131036871163107e-06,0.0036291220796851814,0.0028514973033764396,0.21427352379840559,5.0394901980953895e-06,0.05391984198943044,0.22935779816513763,0.10091743119266056,1.0
2023-09-22,2021-12-22,1.1538240454680749e-05,4.217286542435065e-06,0.005404473063876271,1.5536770601275477e-05,6.966867925856466e-06,0.015088759591089275,2023-09-18,250,51864,233,100.0,1.3580408211954448e-05,5.621579180319814e-06,1.3580408211954448e-05,5.621579180319814e-06,0.003685160540865818,0.002370986963338224,0.3566123003202548,7.958829031634634e-06,0.05420405401351214,0.2532188841201717,0.16738197424892703,1.0
2023-09-25,2021-12-27,1.4468445649459563e-05,4.8692013602124305e-06,0.00537788202986441,1.5588882973696648e-05,7.676350340159256e-06,0.015122763812090517,2023-09-20,250,51900,224,100.0,1.499865259753604e-05,6.1975843596515524e-06,1.499865259753604e-05,6.1975843596515524e-06,0.003872809393390803,0.0024894948000852607,0.3571863349810753,8.801068237884487e-06,0.05410932564703196,0.22321428571428573,0.13392857142857142,1.0
2023-09-27,2021-12-29,1.9615688620310833e-05,5.881179593829693e-06,0.00546638753198418,1.9466519392775042e-05,7.023718789378021e-06,0.015283976707053634,2023-09-22,250,51969,212,0.01,1.9542511263406486e-05,6.441670519947741e-06,1.9542511263406486e-05,6.441670519947741e-06,0.004420691265334697,0.002538044625286904,0.4258715497304142,1.3100840743458746e-05,0.054298773407378806,0.2688679245283019,0.12735849056603774,1.0
2023-09-29,2021-12-31,1.563200525666118e-05,6.447648933701126e-06,0.005507059581697816,1.3981386461434483e-05,5.62926568947977e-06,0.015189816111266687,2023-09-25,250,52036,214,0.01,1.4721850967704404e-05,5.9963908831491625e-06,1.4721850967704404e-05,5.9963908831491625e-06,0.0038369064319715178,0.00244875292407159,0.36178977322276085,8.72546008455524e-06,0.05410932564703195,0.3925233644859813,0.3317757009345794,1.0
2023-10-02,2022-01-03,1.1778596156988016e-05,4.323988485641423e-06,0.0054903335085567445,1.3543036000400658e-05,5.20836063681009e-06,0.015226770843080382,2023-09-27,250,52078,219,0.01,1.2689014888977187e-05,4.780308362728452e-06,1.2689014888977187e-05,4.780308362728452e-06,0.0035621643545711346,0.00218639163068478,0.38621820526638506,7.908706526248735e-06,0.054014588306238245,0.2465753424657534,0.1415525114155251,1.0
2023-10-04,2022-01-05,1.8781927695450433e-05,6.3218966010951e-06,0.005452436194895591,1.6819115785361424e-05,5.656025868222566e-06,0.01543950283450746,2023-09-29,250,52142,210,0.01,1.7791175017024554e-05,5.985790421645155e-06,1.7791175017024554e-05,5.985790421645155e-06,0.004217958631497535,0.002446587505413439,0.4199593407238307,1.18053845953794e-05,0.05467756129069573,0.2761904761904762,0.21904761904761905,1.0
2023-10-06,2022-01-07,1.1087168254885751e-05,4.504493000790977e-06,0.005374192441827227,1.2047732167188375e-05,5.142008745536557e-06,0.015333663133097763,2023-10-02,250,52204,212,0.01,1.1612759829541901e-05,4.853322370557427e-06,1.1612759829541901e-05,4.853322370557427e-06,0.0034077499658193675,0.0022030257307978558,0.3535248322515484,6.759437458984474e-06,0.05458287777029171,0.25471698113207547,0.12264150943396226,1.0
2023-10-09,2022-01-10,1.0981725803507494e-05,4.970919239764826e-06,0.005296073018198206,1.2204330072459884e-05,5.483347505770309e-06,0.015153745867672395,2023-10-04,250,52264,208,0.01,1.1593027937983689e-05,5.227133372767568e-06,1.1593027937983689e-05,5.227133372767568e-06,0.003404853585395955,0.0022862924950162364,0.32851958603372355,6.3658945652161204e-06,0.05477223584697944,0.23557692307692307,0.10576923076923077,1.0
2023-10-11,2022-01-12,1.4183242183625274e-05,7.355972194376924e-06,0.005269353663321935,1.902787993532316e-05,1.2259752116594039e-05,0.014979380494315832,2023-10-06,250,52326,206,100.0,1.655852574149657e-05,9.760252641677548e-06,1.655852574149657e-05,9.760252641677548e-06,0.004069216846212127,0.003124140304416168,0.23225022836413678,6.798273099819023e-06,0.05458287777029171,0.16019417475728157,0.05339805825242718,1.0
2023-10-13,2022-01-14,1.3817828096622354e-05,5.508982093014653e-06,0.005201704388246363,1.605783580808291e-05,6.585906962057038e-06,0.015009777244846194,2023-10-09,250,52366,228,100.0,1.4928007357126927e-05,6.042721172847063e-06,1.4928007357126927e-05,6.042721172847063e-06,0.0038636779572224864,0.0024581946979128936,0.36376822159369726,8.885286184279864e-06,0.054772235846979433,0.29385964912280704,0.13157894736842105,1.0
2023-10-16,2022-01-19,1.4534394451711295e-05,5.200543580583054e-06,0.005255800950517189,1.7674563189683746e-05,9.454757722526197e-06,0.01508491309385863,2023-10-11,250,52409,216,100.0,1.6060865366003457e-05,7.2685643440276366e-06,1.6060865366003457e-05,7.2685643440276366e-06,0.004007600948947319,0.0026960275117341877,0.32727146587727096,8.792301021975819e-06,0.05467756129069574,0.1574074074074074,0.05092592592592592,1.0
2023-10-18,2022-01-21,2.1663145552134912e-05,6.8609561197891025e-06,0.005306237651707591,2.581328502328855e-05,8.926041510528175e-06,0.014928535388284944,2023-10-13,250,52440,217,100.0,2.365215248761868e-05,7.850674463737782e-06,2.365215248761868e-05,7.850674463737782e-06,0.004863347868250705,0.0028019055058545036,0.423873105161544,1.5801478023880895e-05,0.05467756129069574,0.14746543778801843,0.03686635944700461,1.0
2023-10-20,2022-01-24,2.633408836834206e-05,8.94512454035543e-06,0.0053573464037387445,2.6334487667358693e-05,7.018282568506823e-06,0.015264263771310658,2023-10-16,250,52450,242,100.0,2.6334297917825997e-05,7.933930612980335e-06,2.6334297917825997e-05,7.933930612980335e-06,0.005131695423329993,0.0028167233824038054,0.4511125173956614,1.8400367304845664e-05,0.05448818528406973,0.1487603305785124,0.06611570247933884,1.0
2023-10-23,2022-01-26,2.4451016730060215e-05,8.02301306901584e-06,0.005437297547431744,2.893261681095766e-05,9.699714441981105e-06,0.015454165578480025,2023-10-18,250,52503,216,100.0,2.646358713675953e-05,8.775976185578943e-06,2.646358713675953e-05,8.775976185578943e-06,0.005144277124801844,0.0029624274143983586,0.4241314488840897,1.7687610951180585e-05,0.0542987734073788,0.1527777777777778,0.046296296296296294,1.0
2023-10-25,2022-01-28,3.1957493924761686e-05,1.1786979585926186e-05,0.0054197416974169745,2.5646485367744163e-05,7.3682504668742396e-06,0.01536515355380875,2023-10-20,250,52551,203,100.0,2.863100172968348e-05,9.457895764553979e-06,2.863100172968348e-05,9.457895764553979e-06,0.005350794495183261,0.0030753692078438286,0.42524998659315927,1.91731059651295e-05,0.05429877340737881,0.24630541871921183,0.15270935960591134,1.0
2023-10-27,2022-01-31,2.7897347312582798e-05,1.0613933936528931e-05,0.005632452513631733,2.2173899549888353e-05,5.0064376721275745e-06,0.01577782087019755,2023-10-23,250,52553,240,100.0,2.4892537237168213e-05,7.669998397718219e-06,2.4892537237168213e-05,7.669998397718219e-06,0.004989242150584416,0.002769476195550021,0.44491044692516724,1.7222538839449994e-05,0.05439348383033163,0.10416666666666667,0.004166666666666667,1.0
2023-10-30,2022-02-02,2.6493801645676912e-05,9.821346692740718e-06,0.005587920580192605,2.058104988590895e-05,5.591650437889109e-06,0.01584966397194896,2023-10-25,250,52594,221,100.0,2.3443784900819225e-05,7.639512425532195e-06,2.3443784900819225e-05,7.639512425532195e-06,0.004841878241015487,0.0027639667916840452,0.42915400716388963,1.580427247528703e-05,0.054393483830331636,0.09502262443438914,0.01809954751131222,1.0
2023-11-03,2022-02-04,9.250306187739516e-06,1.0043514982811105e-05,0.005293686996677365,6.575806896348181e-06,1.1907932894071237e-05,0.01511082737487232,2023-10-27,250,52656,199,100.0,7.691301575672205e-06,1.1130311353193899e-05,7.691301575672205e-06,1.1130311353193899e-05,0.0027733195949389256,0.0033362121265282127,-0.2029670625111215,-3.4390097775216933e-06,0.05391984198943044,0.20603015075376885,0.19597989949748743,1.0
2023-11-06,2022-02-07,7.79451509699495e-06,1.0065023856309338e-05,0.004019247098782903,8.454924950572396e-06,1.591014358685691e-05,0.014974211507051003,2023-10-30,250,52683,186,100.0,8.114068251951778e-06,1.2893307596896874e-05,8.114068251951778e-06,1.2893307596896874e-05,0.0028485203618636426,0.0035907252187959014,-0.2605580310637736,-4.779239344945096e-06,0.05382508669490747,0.21505376344086022,0.1935483870967742,1.0
2023-11-08,2022-02-09,1.1891506297533949e-05,1.5924064436889288e-05,0.0039049609503904953,,,,2023-11-03,250,52699,93,100.0,1.1891506297533949e-05,1.5924064436889288e-05,1.1891506297533949e-05,1.5924064436889288e-05,0.0034484063417082895,0.00399049676567834,-0.1572002746351251,-4.032558139355339e-06,0.05401458830623823,0.4731182795698925,0.40860215053763443,1.0
2023-11-09,2022-02-11,1.5836240330163203e-05,1.5705199148637288e-05,0.003882114932473072,6.376587729612271e-06,1.1506334952497797e-05,0.01488654088050315,2023-11-06,250,52717,170,100.0,1.021609378513e-05,1.3210579832107357e-05,1.021609378513e-05,1.3210579832107357e-05,0.0031962624712513835,0.003634636134760584,-0.13715196028240162,-2.994486046977357e-06,0.05391984198943044,0.27058823529411763,0.2647058823529412,1.0
2023-11-10,2022-02-14,1.319043208551441e-05,1.6830040087579255e-05,0.0038923304643385783,5.184329621214267e-06,1.3757897467192819e-05,0.01500354969574036,2023-11-08,250,52609,198,100.0,8.82346710498706e-06,1.5154325931004836e-05,8.82346710498706e-06,1.5154325931004836e-05,0.0029704321411180325,0.00389285575522711,-0.31053515794570186,-6.330858826017776e-06,0.05391984198943045,0.2777777777777778,0.22727272727272727,1.0
2023-11-13,2022-02-16,9.227681881160714e-06,1.234700437785951e-05,0.005096566523605149,4.974395297702792e-06,1.270774352524826e-05,0.014773019223349452,2023-11-09,250,52599,194,100.0,7.188735220018515e-06,1.251993603098917e-05,7.188735220018515e-06,1.251993603098917e-05,0.0026811816835154074,0.003538352163223606,-0.3196987675166896,-5.331200810970655e-06,0.05382508669490747,0.211340206185567,0.15979381443298968,1.0
2023-11-16,2022-02-23,1.4295743161079165e-05,1.8595252647458436e-05,0.005052922716876761,7.779038871728882e-06,2.391641044533814e-05,0.014475048923679066,2023-11-10,250,52605,190,100.0,1.1277480121801138e-05,2.105978889068693e-05,1.1277480121801138e-05,2.105978889068693e-05,0.0033581959623883084,0.004589094561096658,-0.36653566751147815,-9.782308768885792e-06,0.053825086694907466,0.18947368421052632,0.10526315789473684,1.0
2023-11-17,2022-02-25,1.3776680787764473e-05,1.9270352089326048e-05,0.005007643244952822,9.050609770540174e-06,2.2783024447736402e-05,0.014457366235035426,2023-11-13,250,52615,198,100.0,1.1413645279152325e-05,2.1026688268531223e-05,1.1413645279152325e-05,2.1026688268531223e-05,0.0033784086903677485,0.004585486699199031,-0.357291884866626,-9.613042989378898e-06,0.0536355491659094,0.21212121212121213,0.13131313131313133,1.0
2023-11-20,2022-02-28,1.2322957326424161e-05,1.9436189665074443e-05,0.005008171226738362,9.742695879551064e-06,2.264987236978305e-05,0.014439406375474171,2023-11-16,250,52599,199,100.0,1.1143038775341492e-05,2.0905763163207526e-05,1.1143038775341492e-05,2.0905763163207526e-05,0.003338119047508865,0.004572282052018174,-0.36971809181890225,-9.762724387866034e-06,0.0535407669280298,0.2562814070351759,0.16080402010050251,1.0
2023-11-21,2022-03-02,1.5171122552159458e-05,2.1324791212015428e-05,0.004962131104727084,1.458802232441596e-05,3.0316728672627322e-05,0.014329106678994407,2023-11-17,250,52622,183,100.0,1.4916215348774321e-05,2.5255692834140842e-05,1.4916215348774321e-05,2.5255692834140842e-05,0.0038621516475630937,0.005025504236804586,-0.30121877528437646,-1.0339477485366522e-05,0.05391984198943044,0.15300546448087432,0.10382513661202186,1.0
2023-11-22,2022-03-04,1.4908576547588824e-05,2.203614985090042e-05,0.0049832144355853964,1.1139391225952065e-05,2.6640885461984072e-05,0.014360403291636323,2023-11-20,250,52613,189,100.0,1.317355473286714e-05,2.4155790052827818e-05,1.317355473286714e-05,2.4155790052827818e-05,0.0036295391901544666,0.0049148540215176095,-0.35412617525930123,-1.0982235319960677e-05,0.053825086694907466,0.19047619047619047,0.2328042328042328,1.0
2023-11-24,2022-03-07,1.458195315632788e-05,2.015165985289616e-05,0.00496576237520255,1.0638139627210044e-05,2.375250097216908e-05,0.01430517339897147,2023-11-21,250,52587,191,100.0,1.2620370510955136e-05,2.1942654126880074e-05,1.2620370510955136e-05,2.1942654126880074e-05,0.0035525160817306846,0.004684298680366152,-0.31858619992061943,-9.322283615924938e-06,0.05391984198943046,0.3298429319371728,0.3298429319371728,1.0
2023-11-27,2022-03-09,1.0636537989746513e-05,1.594209110908766e-05,0.0050007895983576345,9.260683584679978e-06,2.154872184011953e-05,0.01429637601581375,2023-11-22,250,52581,187,100.0,9.989077093244615e-06,1.8580505570749716e-05,9.989077093244615e-06,1.8580505570749716e-05,0.003160550125096043,0.004310511056794741,-0.36384834480793216,-8.5914284775051e-06,0.05391984198943045,0.24598930481283424,0.20855614973262032,1.0
2023-11-29,2022-03-11,1.032434911211669e-05,1.5602040847970183e-05,0.004989495798319326,6.547323292921883e-06,1.840668182982389e-05,0.014308003429098985,2023-11-24,250,52575,198,100.0,8.60751919430087e-06,1.6876877657903685e-05,8.60751919430087e-06,1.6876877657903685e-05,0.0029338573916093584,0.00410814771617376,-0.40025473900769537,-8.269358463602815e-06,0.05325636630043149,0.23737373737373738,0.17676767676767677,1.0
2023-12-01,2022-03-14,8.65916779290122e-06,1.4510398284081285e-05,0.005001316135825217,9.553827653214794e-06,2.1804884787708872e-05,0.014261919368974585,2023-11-27,250,52550,197,100.0,9.067895647866812e-06,1.78429048085812e-05,9.067895647866812e-06,1.78429048085812e-05,0.0030112946796796245,0.004224086269074201,-0.40274756156498315,-8.77500916071439e-06,0.05306672093669222,0.24873096446700507,0.2131979695431472,1.0
2023-12-04,2022-03-16,7.416432225971195e-06,1.001381147520027e-05,0.004967580004183225,1.2651602114207688e-05,2.2641012797949304e-05,0.014178043999128734,2023-11-29,250,52528,179,100.0,9.697679439839611e-06,1.551616735885627e-05,9.697679439839611e-06,1.551616735885627e-05,0.0031141097347138573,0.003939056658497853,-0.2649061831662771,-5.81848791901666e-06,0.05287703960076691,0.2122905027932961,0.1340782122905028,1.0
2023-12-06,2022-03-18,7.079283163861735e-06,1.1032947218709409e-05,0.004911591355599216,1.1198870887014452e-05,2.226491259632866e-05,0.014255672360928605,2023-12-01,250,52540,182,100.0,8.822185662118652e-06,1.578493257077909e-05,8.822185662118652e-06,1.578493257077909e-05,0.0029702164335480086,0.003973025619194909,-0.33762158687170674,-6.962746908660438e-06,0.05306672093669223,0.24725274725274726,0.19230769230769232,1.0
2023-12-08,2022-03-21,9.653425703128304e-06,1.3940664671262982e-05,0.004890101405260719,1.6394170743036354e-05,2.9635634669132932e-05,0.014204962573380183,2023-12-04,250,52528,167,100.0,1.2438523953150195e-05,2.0425412754215235e-05,1.2438523953150195e-05,2.0425412754215235e-05,0.00352682916415726,0.004519448279847357,-0.2814480286649452,-7.98688880106504e-06,0.052971884766105724,0.23353293413173654,0.23952095808383234,1.0
2023-12-11,2022-03-23,7.886022113266663e-06,1.0477791100750353e-05,0.004854120893158244,1.4936254794894905e-05,2.638472562769411e-05,0.014144154715341153,2023-12-06,250,52502,168,100.0,1.0739687722497141e-05,1.6916312218799017e-05,1.0739687722497141e-05,1.6916312218799017e-05,0.0032771462772505505,0.004112944470668066,-0.25503841534920135,-6.176624496301876e-06,0.05297188476610572,0.25,0.2261904761904762,1.0
2023-12-13,2022-03-25,1.5018571544841419e-05,1.2447742391296747e-05,0.004879050896204614,1.346490624542272e-05,2.8096077351922014e-05,0.0140252962723551,2023-12-08,250,52488,173,100.0,1.4434824467025144e-05,1.8327174601936295e-05,1.4434824467025144e-05,1.8327174601936295e-05,0.0037993189477885567,0.004281024947595645,-0.1267874601808494,-3.892350134911151e-06,0.053161548114232356,0.2138728323699422,0.18497109826589594,1.0
2023-12-15,2022-03-28,2.814393660292918e-05,1.8701721229419357e-05,0.004795315733683306,9.053963591769096e-06,1.866458383747944e-05,0.013790258680960153,2023-12-11,250,52480,180,100.0,1.7538396041173577e-05,1.868108934500829e-05,1.7538396041173577e-05,1.868108934500829e-05,0.004187886822870644,0.004322162577345777,-0.03206288998590745,-1.142693303834712e-06,0.05287703960076691,0.2722222222222222,0.2,1.0
2023-12-18,2022-03-30,1.344287916776131e-05,7.804317987034816e-06,0.004808422331325606,7.839109580564516e-06,1.4831182852875073e-05,0.01413464513242282,2023-12-13,250,52476,207,100.0,1.0762815452145451e-05,1.116499248808885e-05,1.0762815452145451e-05,1.116499248808885e-05,0.0032806730181695115,0.003341405765256421,-0.018512282921995027,-4.02177035943399e-07,0.052971884766105724,0.2753623188405797,0.1497584541062802,1.0
2023-12-20,2022-04-01,1.4737972148381685e-05,7.440478774629405e-06,0.004823804204326189,1.1432084135182804e-05,1.5016070559132889e-05,0.013970628001010862,2023-12-15,250,52472,219,100.0,1.3183148105644313e-05,1.1003428335377617e-05,1.3183148105644313e-05,1.1003428335377617e-05,0.0036308605186159814,0.0033171415910958064,0.08640346438859048,2.179719770266696e-06,0.05287703960076691,0.3059360730593607,0.1598173515981735,1.0
2023-12-22,2022-04-04,1.8585501663378572e-05,7.882237364035111e-06,0.004879802753236079,8.549580584458475e-06,1.368658281249416e-05,0.014033875608208169,2023-12-18,250,52494,221,100.0,1.3681069642910835e-05,1.0718750071879354e-05,1.3681069642910835e-05,1.0718750071879354e-05,0.0036987929981158493,0.003273950224404665,0.11485984047433795,2.9623195710314803e-06,0.05278218543896945,0.26244343891402716,0.1493212669683258,1.0
2023-12-27,2022-04-06,1.5954528363138696e-05,5.4556598434081516e-06,0.0049210049210049196,8.138549366630826e-06,1.6319840769565833e-05,0.013946836959949546,2023-12-20,250,52543,203,100.0,1.2450813640566202e-05,1.03258099137547e-05,1.2450813640566202e-05,1.03258099137547e-05,0.0035285710479691637,0.003213379827184253,0.08932545682091786,2.1250037268115018e-06,0.05306672093669222,0.2019704433497537,0.09852216748768473,1.0
2023-12-29,2022-04-08,1.2862729010487548e-05,5.918034485323116e-06,0.004907531769810931,6.77172936093025e-06,1.4124010066807038e-05,0.013916408986972667,2023-12-22,250,52620,205,100.0,9.950934056065032e-06,9.84089110476421e-06,9.950934056065032e-06,9.84089110476421e-06,0.003154510113482763,0.0031370194619677145,0.005544649053522144,1.1004295130082318e-07,0.05306672093669223,0.3951219512195122,0.32682926829268294,1.0
2024-01-03,2022-04-11,1.5269705539054818e-05,3.740846709368059e-06,0.005117431588019823,8.531913928771077e-06,1.3469412039015017e-05,0.014035360203110123,2023-12-27,250,52649,194,0.01,1.2387042118160229e-05,7.903067958650004e-06,1.2387042118160229e-05,7.903067958650004e-06,0.0035195229958277343,0.002811239576885969,0.20124415148911068,4.483974159510224e-06,0.053161548114232356,0.18556701030927836,0.08247422680412371,1.0
2024-01-05,2022-04-13,1.9475904676390037e-05,5.360138316120883e-06,0.005222362706833051,6.218044416025064e-06,1.120015755112645e-05,0.014196655110426299,2023-12-29,250,52669,194,100.0,1.2231919173304024e-05,8.551076661020832e-06,1.2231919173304024e-05,8.551076661020832e-06,0.003497416070944952,0.002924222402797166,0.16389061424794027,3.6808425122831924e-06,0.05335117549699457,0.30927835051546393,0.1958762886597938,1.0
2024-01-08,2022-04-18,1.980335494491475e-05,6.0466182578308575e-06,0.005243404349265922,5.7641043418996455e-06,1.4110607110545464e-05,0.014177237561976409,2024-01-03,250,52664,179,100.0,1.2744513859599893e-05,1.0101137792715294e-05,1.2744513859599893e-05,1.0101137792715294e-05,0.0035699459183018297,0.0031782287193836906,0.10972636781693124,2.643376066884598e-06,0.05325636630043149,0.2681564245810056,0.1005586592178771,1.0
2024-01-10,2022-04-20,1.5968850801386293e-05,5.5306230684046915e-06,0.0051312520254942215,5.409172914630082e-06,1.5226163063165467e-05,0.013998930108888325,2024-01-05,250,52663,194,100.0,1.1287756480453127e-05,9.828645952680086e-06,1.1287756480453127e-05,9.828645952680086e-06,0.0033597256555339644,0.0031350671368696533,0.0668681141551738,1.4591105277730411e-06,0.0532563663004315,0.26288659793814434,0.15463917525773196,1.0
2024-01-12,2022-04-22,1.862382464024867e-05,8.00392901340575e-06,0.005118810280726331,1.2178260432543213e-05,1.9114703397532193e-05,0.013926341975438234,2024-01-08,250,52643,186,100.0,1.5366388965386774e-05,1.3619051551620189e-05,1.5366388965386774e-05,1.3619051551620189e-05,0.00391999859252357,0.0036903999175726455,0.058571111578669344,1.7473374137665846e-06,0.05316154811423236,0.3172043010752688,0.22580645161290322,1.0
2024-01-17,2022-04-25,2.253769708078509e-05,4.367394989274971e-06,0.005173446604585308,1.1446410002687598e-05,1.1387276419128143e-05,0.01396798054450129,2024-01-10,250,52606,227,100.0,1.7163064575980137e-05,7.769099646913074e-06,1.7163064575980137e-05,7.769099646913074e-06,0.004142832916734651,0.002787310468339161,0.32719698709546363,9.393964929067063e-06,0.05306672093669223,0.1762114537444934,0.0881057268722467,1.0
2024-01-19,2022-04-27,1.3932420937731858e-05,3.524250849825482e-06,0.005036314478078777,8.912411781251438e-06,1.2135345071813996e-05,0.01392225020462129,2024-01-12,250,52560,225,100.0,1.1500505390814678e-05,7.695847606255472e-06,1.1500505390814678e-05,7.695847606255472e-06,0.0033912395065543036,0.002774139074786171,0.18196899115366305,3.8046577845592056e-06,0.05306672093669222,0.27111111111111114,0.1111111111111111,1.0
2024-01-22,2022-05-02,1.2055835310300074e-05,2.794613814234144e-06,0.004959281687199834,9.157516473082457e-06,1.3573592126932012e-05,0.013750830172252973,2024-01-17,250,52576,215,100.0,1.0761702248100581e-05,7.607552967810866e-06,1.0761702248100581e-05,7.607552967810866e-06,0.003280503352856171,0.002758179284928894,0.15922070845393754,3.154149280289715e-06,0.05306672093669223,0.2930232558139535,0.15813953488372093,1.0
2024-01-24,2022-05-04,1.3314760872917607e-05,3.6309845307498173e-06,0.004867301977661643,1.0590119774397957e-05,1.4516849420065259e-05,0.013681914367033777,2024-01-19,250,52582,210,100.0,1.210813410071605e-05,8.451867553160942e-06,1.210813410071605e-05,8.451867553160942e-06,0.0034796744245282557,0.0029072095819119995,0.1645167831165314,3.656266547555107e-06,0.05306672093669223,0.26666666666666666,0.0761904761904762,1.0
2024-01-26,2022-05-06,1.7895068172372025e-05,3.351276114705867e-06,0.0048926198691867945,6.590051225666744e-06,1.032692705534923e-05,0.013593043460443006,2024-01-22,250,52605,209,100.0,1.232369618428282e-05,6.789037104592309e-06,1.232369618428282e-05,6.789037104592309e-06,0.003510512239585958,0.002605578074936982,0.25777838186819924,5.5346590796905115e-06,0.05297188476610571,0.2583732057416268,0.09569377990430622,1.0
2024-01-29,2022-05-09,1.9191816868860792e-05,3.7752552718440384e-06,0.00493711672383328,8.117845809414644e-06,1.0399355071926703e-05,0.013610334215547491,2024-01-24,250,52618,205,100.0,1.4113995992822071e-05,6.812647375296578e-06,1.4113995992822071e-05,6.812647375296578e-06,0.003756859858022664,0.002610104859061524,0.3052429535033836,7.301348617525494e-06,0.05297188476610572,0.2682926829268293,0.08780487804878048,1.0
2024-01-31,2022-05-11,2.241142579537663e-05,5.072463565031239e-06,0.005052116570942353,9.234120450520458e-06,8.554840647280746e-06,0.013513848316323416,2024-01-26,250,52618,206,100.0,1.646244813968913e-05,6.644604674978832e-06,1.646244813968913e-05,6.644604674978832e-06,0.004057394254899212,0.002577713070723511,0.36468755344369586,9.817843464710298e-06,0.05278218543896945,0.27184466019417475,0.1650485436893204,1.0
2024-02-02,2022-05-13,1.0860580988576258e-05,5.266679841825082e-06,0.005084020122016483,5.6137909546740345e-06,8.347434037287072e-06,0.013560533524121014,2024-01-29,250,52635,195,100.0,8.008479739378125e-06,6.941346224999292e-06,8.008479739378125e-06,6.941346224999292e-06,0.002829925748032645,0.002634643472084846,0.06900614833571472,1.0671335143788327e-06,0.05278218543896945,0.2358974358974359,0.08205128205128205,1.0
2024-02-05,2022-05-16,8.480263896040952e-06,4.191243917418496e-06,0.005111649179445788,4.73959497943553e-06,8.459682230479722e-06,0.01341926367957925,2024-01-31,250,52646,195,100.0,6.5236063088935e-06,6.423965496558213e-06,6.5236063088935e-06,6.423965496558213e-06,0.0025541351391211663,0.0025345542993903706,0.007666328782248044,9.964081233528623e-08,0.052877039600766916,0.18461538461538463,0.05641025641025641,1.0
2024-02-07,2022-05-18,9.37295624038372e-06,8.339597567137384e-06,0.005018489170628631,5.0956312674353444e-06,1.1423174341751363e-05,0.013429314952022351,2024-02-02,250,52626,178,100.0,7.35444333180134e-06,9.794768629314767e-06,7.35444333180134e-06,9.794768629314767e-06,0.00271190769234525,0.0031296595069295902,-0.15404352285422718,-2.4403252975134272e-06,0.05297188476610572,0.11797752808988764,0.11235955056179775,1.0
2024-02-09,2022-05-20,1.0423001273457937e-05,8.154054912600199e-06,0.005044604927782496,4.291671445079164e-06,8.8452103749446e-06,0.01331235551452882,2024-02-05,250,52616,196,100.0,7.263489474140305e-06,8.510211553910323e-06,7.263489474140305e-06,8.510211553910323e-06,0.002695086171932227,0.0029172266888108514,-0.08242427243777595,-1.2467220797700186e-06,0.05297188476610572,0.29081632653061223,0.2602040816326531,1.0
2024-02-12,2022-05-23,1.2072639760128135e-05,6.708190686301172e-06,0.005083399523431294,6.2275661516510575e-06,9.210388072960758e-06,0.013235859936153232,2024-02-07,250,52573,189,100.0,9.505755582860423e-06,7.807039274093478e-06,9.505755582860423e-06,7.807039274093478e-06,0.0030831405389408414,0.0027941079567714413,0.09374615867127878,1.698716308766945e-06,0.052971884766105724,0.2275132275132275,0.10052910052910052,1.0
2024-02-14,2022-05-25,1.4052761150675137e-05,6.206105043421328e-06,0.005188067444876783,9.832560876473478e-06,9.845729073781276e-06,0.013426596907383424,2024-02-09,250,52537,209,100.0,1.2033526569717407e-05,7.947551947899771e-06,1.2033526569717407e-05,7.947551947899771e-06,0.0034689373833664693,0.0028191402852465095,0.18731877411098063,4.0859746218176355e-06,0.05306672093669223,0.20095693779904306,0.06220095693779904,1.0
2024-02-16,2022-05-27,1.3000845676031863e-05,3.66183221022108e-06,0.005221364081366256,1.145372555957532e-05,1.1556630671715907e-05,0.01321450369514551,2024-02-12,250,52522,207,100.0,1.2298288714935655e-05,7.246909772445784e-06,1.2298288714935655e-05,7.246909772445784e-06,0.003506891602963464,0.0026920085015552575,0.2323662073614131,5.051378942489871e-06,0.0528770396007669,0.21739130434782608,0.1111111111111111,1.0
2024-02-21,2022-06-01,1.3112674083712821e-05,3.319998610393248e-06,0.00528750826173166,1.0234917508315164e-05,8.875176829918108e-06,0.013354160963040504,2024-02-14,250,52518,204,100.0,1.1828968944687398e-05,5.798043796553848e-06,1.1828968944687398e-05,5.798043796553848e-06,0.003439326815626482,0.002407912746873077,0.29988835724107543,6.03092514813355e-06,0.052971884766105724,0.22549019607843138,0.11274509803921569,1.0
2024-02-23,2022-06-03,1.4331175225428704e-05,8.690612204042192e-06,0.005206920865650594,5.8364362348100105e-06,1.0548441733279393e-05,0.013071552709359611,2024-02-16,250,52526,192,100.0,1.0083805730119356e-05,9.619526968660793e-06,1.0083805730119356e-05,9.619526968660793e-06,0.003175500862874919,0.0031015362272043176,0.02329227383790977,4.642787614585636e-07,0.053066720936692235,0.2760416666666667,0.1875,1.0
2024-02-26,2022-06-06,9.161545894924971e-06,5.654761911491548e-06,0.005259697567389873,6.007138858285162e-06,1.1609948239793904e-05,0.01306254405828493,2024-02-21,250,52505,176,100.0,7.638110678365971e-06,8.530846217773935e-06,7.638110678365971e-06,8.530846217773935e-06,0.002763713204796397,0.0029207612394329557,-0.056825011496852706,-8.927355394079635e-07,0.053161548114232356,0.1534090909090909,0.09090909090909091,1.0
2024-02-28,2022-06-08,9.256440163782739e-06,3.909401946643286e-06,0.005256529595356731,1.2742445318973296e-05,1.8000634042864947e-05,0.013086250567139444,2024-02-23,250,52512,183,100.0,1.06470323841593e-05,9.530494531474878e-06,1.06470323841593e-05,9.530494531474878e-06,0.0032629790658475423,0.0030871499042765768,0.053886083245616834,1.116537852684422e-06,0.053066720936692235,0.2185792349726776,0.08743169398907104,1.0
2024-03-01,2022-06-10,9.152805224732781e-06,4.209078128524578e-06,0.005311203319502076,6.632713545314803e-06,1.328484898936724e-05,0.013056630845536137,2024-02-26,250,52509,284,100.0,7.6265525174796404e-06,9.705671748471543e-06,7.6265525174796404e-06,9.705671748471543e-06,0.0027616213566453384,0.003115392711757467,-0.12810277348878496,-2.0791192309919025e-06,0.053066720936692235,0.1619718309859155,0.11267605633802817,1.0
2024-03-04,2022-06-13,1.2363077983616636e-05,3.3442503479191357e-06,0.005343426472225313,7.520581308182266e-06,1.2610673241622586e-05,0.012935191576484349,2024-02-28,250,52461,186,100.0,1.0410458356425359e-05,7.080711192154397e-06,1.0410458356425359e-05,7.080711192154397e-06,0.0032265241912041135,0.0026609605769635893,0.175285719469365,3.3297471642709617e-06,0.05278218543896946,0.22043010752688172,0.10752688172043011,1.0
2024-03-06,2022-06-15,1.1797454644269065e-05,2.5580030124868473e-06,0.005643075476134493,6.976140466265749e-06,8.819442247007276e-06,0.013079800070980717,2024-03-01,250,52527,195,100.0,9.72058084451379e-06,5.255238375049494e-06,9.72058084451379e-06,5.255238375049494e-06,0.003117784605214701,0.002292430669627654,0.26472448873042354,4.465342469464296e-06,0.0532563663004315,0.27692307692307694,0.11282051282051282,1.0
2024-03-08,2022-06-17,1.154112423501314e-05,2.634853566587574e-06,0.005680473372781065,5.281867941194425e-06,6.273392456279519e-06,0.012885944328975744,2024-03-04,250,52509,194,100.0,8.185646634203106e-06,4.585410497144082e-06,8.185646634203106e-06,4.585410497144082e-06,0.0028610569085921913,0.0021413571624425668,0.25155030785590327,3.6002361370590246e-06,0.0532563663004315,0.4020618556701031,0.20618556701030927,1.0
2024-03-11,2022-06-22,1.2630964454229085e-05,3.6609879629221096e-06,0.005622913371990863,7.569284146011948e-06,7.6116204994969255e-06,0.012963755569452043,2024-03-06,250,52494,180,100.0,1.0325087869374612e-05,5.460720562917304e-06,1.0325087869374612e-05,5.460720562917304e-06,0.003213267475541775,0.002336818470253371,0.27275943006911674,4.864367306457307e-06,0.05316154811423236,0.4166666666666667,0.25555555555555554,1.0
2024-03-13,2022-06-27,2.214445863430436e-05,6.884654614236666e-06,0.005541765283149569,7.977872544760582e-06,1.2759429647614776e-05,0.012836822245442936,2024-03-08,250,52497,183,100.0,1.6261067690012957e-05,9.324451895858176e-06,1.6261067690012957e-05,9.324451895858176e-06,0.004032501418476248,0.003053596550931078,0.24275375652938191,6.936615794154781e-06,0.053351175496994585,0.2185792349726776,0.09289617486338798,1.0
2024-03-15,2022-06-29,2.8164101177388574e-05,1.0456409197784892e-05,0.005549132947976877,1.0887681716036992e-05,9.330124278914825e-06,0.012882441013690652,2024-03-11,250,52477,193,100.0,1.8854527996142124e-05,9.849499189689102e-06,1.8854527996142124e-05,9.849499189689102e-06,0.0043421800971565104,0.0031383911785641226,0.2772314578524029,9.005028806453023e-06,0.05335117549699457,0.21761658031088082,0.18134715025906736,1.0
2024-03-18,2022-07-01,1.908341635364677e-05,5.624995176301484e-06,0.005561348627042056,1.0518852482691034e-05,1.0549739243464793e-05,0.013185858031108406,2024-03-13,250,52440,198,0.01,1.5233688149025256e-05,7.838642762046608e-06,1.5233688149025256e-05,7.838642762046608e-06,0.003903035760664416,0.0027997576255895094,0.2826717977308758,7.395045386978648e-06,0.05335117549699458,0.2474747474747475,0.10606060606060606,1.0
2024-03-20,2022-07-06,1.2656727676954087e-05,6.032061435132091e-06,0.005452067242162653,9.330186865765361e-06,1.2804660941856963e-05,0.013035516084621198,2024-03-15,250,52422,207,0.01,1.1194335339668224e-05,9.009387788329983e-06,1.1194335339668224e-05,9.009387788329983e-06,0.0033457936785863266,0.0030015642235890912,0.10288424453676415,2.1849475513382417e-06,0.05335117549699458,0.19806763285024154,0.12560386473429952,1.0
2024-03-22,2022-07-08,1.1767371743148062e-05,6.031962391421881e-06,0.005601913987278983,6.71073312975939e-06,1.0799583728115128e-05,0.012873508234392952,2024-03-18,250,52432,219,0.01,9.412224991706764e-06,8.252498356457091e-06,9.412224991706764e-06,8.252498356457091e-06,0.003067934971883655,0.0028727161983838727,0.06363197893334804,1.1597266352496734e-06,0.053351175496994564,0.2146118721461187,0.1643835616438356,1.0
2024-03-25,2022-07-11,9.612684600361256e-06,4.993125525589713e-06,0.0055723241235198515,7.221331837884872e-06,1.1012060237858613e-05,0.01289796051495558,2024-03-20,250,52445,202,0.01,8.547230399257916e-06,7.674829110263975e-06,8.547230399257916e-06,7.674829110263975e-06,0.002923564673349628,0.002770348192964916,0.052407419538684774,8.724012889939414e-07,0.053161548114232356,0.23267326732673269,0.12871287128712872,1.0
2024-03-27,2022-07-13,8.52772489660821e-06,6.006475671455113e-06,0.005656708502739968,5.998672492631862e-06,1.1539737936781563e-05,0.01295762610589618,2024-03-22,250,52461,198,0.01,7.3653826301342316e-06,8.549540651983934e-06,7.3653826301342316e-06,8.549540651983934e-06,0.002713923843834648,0.002923959755534254,-0.07739196962978712,-1.1841580218497025e-06,0.05316154811423236,0.21212121212121213,0.18181818181818182,1.0
2024-04-01,2022-07-15,1.0228425703052308e-05,4.182874544931281e-06,0.005598320503848847,7.713698658847032e-06,1.06352831178881e-05,0.01285209627774485,2024-03-25,250,52430,194,0.01,9.061799754709655e-06,7.176259965375167e-06,9.061799754709655e-06,7.176259965375167e-06,0.0030102823380390178,0.0026788542262271694,0.11009867998885114,1.8855397893344885e-06,0.053161548114232356,0.1958762886597938,0.12371134020618557,1.0
2024-04-03,2022-07-18,1.349729665075243e-05,5.246392047101001e-06,0.005685856432125087,9.28219340210182e-06,9.529896109103762e-06,0.012956876879192043,2024-03-27,250,52420,199,0.01,1.1569787124987579e-05,7.205180336760556e-06,1.1569787124987579e-05,7.205180336760556e-06,0.0034014389785776812,0.002684246698193099,0.21084966830258334,4.364606788227023e-06,0.05278218543896946,0.23115577889447236,0.08542713567839195,1.0
2024-04-05,2022-07-20,1.503361161591297e-05,5.132075114757684e-06,0.0056865300319867305,9.985138863698191e-06,5.6440660009067126e-06,0.013102590289823997,2024-04-01,250,52398,200,100.0,1.2408405784761286e-05,5.398310375555179e-06,1.2408405784761286e-05,5.398310375555179e-06,0.003522556711361974,0.002323426429985503,0.34041475542712696,7.010095409206107e-06,0.052687322279006465,0.28,0.13,1.0
2024-04-08,2022-07-22,1.5673188083878517e-05,6.811695482358448e-06,0.0056610449345441665,9.4089078643632e-06,7.606124543315165e-06,0.01296712381613719,2024-04-03,250,52368,188,100.0,1.2641009892517381e-05,7.196232953353455e-06,1.2641009892517381e-05,7.196232953353455e-06,0.0035554197913210445,0.0026825795334627926,0.2454956964544378,5.444776939163926e-06,0.05287703960076691,0.2872340425531915,0.18617021276595744,1.0
2024-04-10,2022-07-25,1.8910355949361193e-05,8.255003539461106e-06,0.005658042081687983,1.0738891277719927e-05,6.284551135378161e-06,0.012944901024416542,2024-04-05,250,52341,177,100.0,1.4709207445862013e-05,7.241946088774395e-06,1.4709207445862013e-05,7.241946088774395e-06,0.003835258458808482,0.0026910864142153435,0.2983298405783593,7.467261357087618e-06,0.0528770396007669,0.23163841807909605,0.10734463276836158,1.0
2024-04-12,2022-07-27,2.0287876504188437e-05,1.0691138183779774e-05,0.005484460694698354,9.633409999575146e-06,4.111494013454379e-06,0.012977888030888033,2024-04-08,250,52308,204,100.0,1.4438365482047804e-05,7.078784521640342e-06,1.4438365482047804e-05,7.078784521640342e-06,0.003799784925761957,0.002660598526955982,0.2998028628100676,7.359580960407462e-06,0.05306672093669223,0.21568627450980393,0.12254901960784313,1.0
2024-04-15,2022-07-29,1.9726674007833226e-05,1.2124700718164041e-05,0.005437553101104504,1.4755360700922203e-05,4.537600898517236e-06,0.013159530194773419,2024-04-10,250,52286,195,100.0,1.722827039718051e-05,8.31169670623898e-06,1.722827039718051e-05,8.31169670623898e-06,0.00415069517035165,0.002883001336496218,0.3054172329759479,8.91657369094153e-06,0.053066720936692235,0.24102564102564103,0.2,1.0
2024-04-17,2022-08-01,3.6952396177098825e-05,2.0961474265911487e-05,0.0056677293659227745,2.1660007814468158e-05,7.470174267167885e-06,0.013350835104164597,2024-04-12,250,52292,222,100.0,2.971950978936811e-05,1.4580453996235462e-05,2.971950978936811e-05,1.4580453996235462e-05,0.005451560307780527,0.0038184360667995296,0.29957005862159947,1.5139055793132648e-05,0.05306672093669222,0.14414414414414414,0.08558558558558559,1.0
2024-04-19,2022-08-03,3.708016682627258e-05,1.8524666829554645e-05,0.005747126436781608,1.9647923040526544e-05,6.174047663224893e-06,0.013458011691223569,2024-04-15,250,52391,232,100.0,2.8138627987894227e-05,1.218965096406654e-05,2.8138627987894227e-05,1.218965096406654e-05,0.005304585562312501,0.0034913680648230917,0.3418207654848249,1.5948977023827687e-05,0.053161548114232356,0.12931034482758622,0.08620689655172414,1.0
2024-04-22,2022-08-05,2.7966442938100914e-05,1.3254830058700147e-05,0.005818181818181819,1.5336009633477186e-05,7.317050606118261e-06,0.013576512642378214,2024-04-17,250,52416,223,0.01,2.213265535793839e-05,1.0512268248763223e-05,2.213265535793839e-05,1.0512268248763223e-05,0.004704535615545746,0.003242262828452256,0.3108219188014075,1.1620387109175167e-05,0.053066720936692215,0.15695067264573992,0.08520179372197309,1.0
2024-04-24,2022-08-08,2.738387923199087e-05,1.2766741930393786e-05,0.005751947273816656,2.2728225158640677e-05,1.6369219387992208e-05,0.013294860081083758,2024-04-19,250,52442,201,0.01,2.5391907837423124e-05,1.4308100444590124e-05,2.5391907837423124e-05,1.4308100444590124e-05,0.005039038384198231,0.003782604981304567,0.24933991509841957,1.1083807392833e-05,0.053066720936692235,0.22388059701492538,0.15422885572139303,1.0
2024-04-26,2022-08-10,2.625206942264492e-05,1.102726569361801e-05,0.0056507151686385326,9.144313176403348e-06,7.986975028746743e-06,0.013351895767542548,2024-04-22,250,52446,220,0.01,1.7853716356308152e-05,9.534759367226662e-06,1.7853716356308152e-05,9.534759367226662e-06,0.004225365825145576,0.0030878405670025553,0.2692134374196653,8.31895698908149e-06,0.0532563663004315,0.17272727272727273,0.1,1.0
2024-04-29,2022-08-12,2.994789559563266e-05,1.4764464133827821e-05,0.0056704075605434135,9.524905386998288e-06,8.160978371047094e-06,0.013226588753787433,2024-04-24,250,52452,211,100.0,2.0752710430607704e-05,1.17913307335237e-05,2.0752710430607704e-05,1.17913307335237e-05,0.00455551428826732,0.0034338507150899413,0.2462210635726051,8.961379697084003e-06,0.053161548114232356,0.14691943127962084,0.10426540284360189,1.0
2024-05-01,2022-08-15,3.220304991578283e-05,1.8331247907154306e-05,0.005636118123642339,9.390798288186263e-06,6.8337741381640945e-06,0.013392059444599383,2024-04-26,250,52472,208,100.0,2.2003341255367053e-05,1.3190550500826953e-05,2.2003341255367053e-05,1.3190550500826953e-05,0.004690771925319654,0.003631879747572454,0.22573942937441827,8.8127907545401e-06,0.053161548114232356,0.14423076923076922,0.10576923076923077,1.0
2024-05-03,2022-08-17,1.0964945533460665e-05,1.0729115145738534e-05,0.0055481708374270355,5.055155077581759e-06,8.52303764555954e-06,0.013311181513969466,2024-04-29,250,52491,192,100.0,7.886929671023736e-06,9.580116447728641e-06,7.886929671023736e-06,9.580116447728641e-06,0.002808367794827404,0.00309517631932797,-0.10212641130154854,-1.6931867767049055e-06,0.053161548114232356,0.16666666666666666,0.15104166666666666,1.0
2024-05-06,2022-08-19,1.1915639785473464e-05,1.0240986908377786e-05,0.005235031082997056,4.950929084191382e-06,9.364204555745493e-06,0.013148205519372567,2024-05-01,250,52481,181,100.0,8.567961161100308e-06,9.819550086946795e-06,8.567961161100308e-06,9.819550086946795e-06,0.0029271079858967123,0.0031336161358639313,-0.07055023284491346,-1.251588925846487e-06,0.05306672093669223,0.11049723756906077,0.10497237569060773,1.0
2024-05-08,2022-08-22,1.8083455209392637e-05,1.9906588222444165e-05,0.005263157894736845,4.800316340399506e-06,1.0651632987509876e-05,0.01299947016281858,2024-05-03,250,52451,191,100.0,1.1893929767819921e-05,1.5594069814542846e-05,1.1893929767819921e-05,1.5594069814542846e-05,0.0034487577137021267,0.003948932743735052,-0.14503049258743217,-3.700140046722925e-06,0.05306672093669222,0.1099476439790576,0.09947643979057591,1.0
2024-05-10,2022-08-24,2.0869160020142668e-05,1.996700480603472e-05,0.005201278647667552,3.4867112539001856e-06,1.0312608741821085e-05,0.012923748005459758,2024-05-06,250,52411,188,0.01,1.2177935637021428e-05,1.5139806773927905e-05,1.2177935637021428e-05,1.5139806773927905e-05,0.0034896899055677465,0.003890990461814049,-0.11499605039577676,-2.9618711369064776e-06,0.05316154811423236,0.30319148936170215,0.18085106382978725,1.0
2024-05-13,2022-08-26,1.6006557985953258e-05,1.239308002096995e-05,0.005299098606937996,3.5212561994937733e-06,7.877007635699682e-06,0.01290712310882421,2024-05-08,250,52380,187,0.01,9.797290252580357e-06,1.014711888818848e-05,9.797290252580357e-06,1.014711888818848e-05,0.003130062340046977,0.0031854542671632376,-0.017696748849874044,-3.4982863560812246e-07,0.0532563663004315,0.33689839572192515,0.24598930481283424,1.0
2024-05-15,2022-08-29,2.8697334947513705e-05,1.8804223598102922e-05,0.0051752654324281055,1.079693572312259e-05,2.1020414905363246e-05,0.012846447544429582,2024-05-10,250,52358,189,0.01,2.112044638692487e-05,1.9742293992710468e-05,2.112044638692487e-05,1.9742293992710468e-05,0.004595698683217262,0.004443230130514338,0.033176359725173854,1.378152394214404e-06,0.052971884766105724,0.2328042328042328,0.1746031746031746,1.0
2024-05-17,2022-08-31,3.071144076110057e-05,2.0120349806040434e-05,0.005109565950273913,7.419142907716536e-06,1.711040651211152e-05,0.01271547787928654,2024-05-13,250,52317,198,0.01,1.9771119042086858e-05,1.870658856192231e-05,1.9771119042086858e-05,1.870658856192231e-05,0.00444647265167423,0.004325111393007388,0.02729382775381417,1.0645304801645482e-06,0.05306672093669223,0.25252525252525254,0.19696969696969696,1.0
2024-05-20,2022-09-02,2.52368304771683e-05,1.914855525551765e-05,0.005108758624321905,7.470231974727169e-06,1.5300125824464335e-05,0.012697225422608366,2024-05-15,250,52281,193,100.0,1.7504217657452985e-05,1.7473591150810513e-05,1.7504217657452985e-05,1.7473591150810513e-05,0.004183804208785706,0.004180142479726081,0.0008752152053231876,3.062650664247151e-08,0.053161548114232356,0.22797927461139897,0.20725388601036268,1.0
2024-05-22,2022-09-07,2.750370592053616e-05,2.3778785537447493e-05,0.0050428905640759044,7.489099721329881e-06,1.4698603289633767e-05,0.01265158461306835,2024-05-17,250,52235,185,100.0,1.7875057532809894e-05,1.941048164525603e-05,1.7875057532809894e-05,1.941048164525603e-05,0.004227890435289199,0.004405732815917918,-0.042064093985102025,-1.5354241124461356e-06,0.05306672093669224,0.2918918918918919,0.2648648648648649,1.0
2024-05-24,2022-09-09,2.3426600009894158e-05,1.5460595632419873e-05,0.005190496575342463,6.4122986611057475e-06,1.377086859961473e-05,0.012781477678910946,2024-05-20,250,52206,209,100.0,1.5285785967411668e-05,1.4652113798541812e-05,1.5285785967411668e-05,1.4652113798541812e-05,0.003909704076706019,0.003827807962599719,0.02094688306315462,6.336721688698556e-07,0.053161548114232356,0.22009569377990432,0.1722488038277512,1.0
2024-05-29,2022-09-12,1.2151121137964085e-05,6.390406678133191e-06,0.005105531870098426,1.1191689505487497e-05,1.3896674733453907e-05,0.01268859779921104,2024-05-22,250,52168,194,100.0,1.1770315799300695e-05,9.369698638234713e-06,1.1770315799300695e-05,9.369698638234713e-06,0.0034307893842818005,0.003060996347308293,0.10778657491121968,2.4006171610659816e-06,0.053161548114232356,0.26804123711340205,0.18556701030927836,1.0
2024-05-31,2022-09-14,9.368302989664168e-06,7.16752065737545e-06,0.005070834858068902,6.391418637858916e-06,1.1205421918653632e-05,0.012863408660377723,2024-05-24,250,52158,202,0.01,7.8945978650081e-06,9.166481677810195e-06,7.8945978650081e-06,9.166481677810195e-06,0.0028097327034805465,0.003027619804039172,-0.07754726999074268,-1.271883812802095e-06,0.053161548114232356,0.3465346534653465,0.3069306930693069,1.0
2024-06-03,2022-09-16,7.413377623209272e-06,4.072252052721447e-06,0.005045513654096229,5.6320506348700664e-06,9.735382161517949e-06,0.01274730454898837,2024-05-29,250,52130,204,0.01,6.618766074489332e-06,6.598452248312043e-06,6.618766074489332e-06,6.598452248312043e-06,0.0025726962654944972,0.0025687452673069868,0.0015357421863210208,2.031382617728951e-08,0.053161548114232356,0.31862745098039214,0.16666666666666666,1.0
2024-06-05,2022-09-19,8.361398849451954e-06,6.8087281002651895e-06,0.004990995626447129,6.658931536199386e-06,1.3241645032739338e-05,0.01272269725013721,2024-05-31,250,52078,192,0.01,7.705239572469193e-06,9.288081501322934e-06,7.705239572469193e-06,9.288081501322934e-06,0.0027758313299747145,0.0030476353950764736,-0.09791807670973829,-1.5828419288537414e-06,0.05373032242096779,0.21354166666666666,0.15625,1.0
2024-06-07,2022-09-21,1.4642197385759831e-05,8.167681172598197e-06,0.004987659399424103,9.383852905663665e-06,1.557749488625419e-05,0.012573497175775258,2024-06-03,250,52164,174,0.01,1.2375669592614936e-05,1.136156639400164e-05,1.2375669592614936e-05,1.136156639400164e-05,0.0035179069903303207,0.0033706922722197053,0.04184724568195375,1.014103198613296e-06,0.053635549165909395,0.25862068965517243,0.22413793103448276,1.0
2024-06-10,2022-09-23,1.1030741396755843e-05,7.121845745610415e-06,0.004926608766316219,1.107346940322974e-05,1.7462311715183386e-05,0.012588801707833186,2024-06-05,250,52101,161,0.01,1.1046930268773905e-05,1.1039662044641169e-05,1.1046930268773905e-05,1.1039662044641169e-05,0.0033236922644513745,0.0033225986884727996,0.0003290244377529561,7.2682241327358345e-09,0.053730322420967806,0.2857142857142857,0.2360248447204969,1.0
2024-06-12,2022-09-26,1.6292236092808158e-05,5.178625747479026e-06,0.00468259715182235,6.688496667865186e-06,1.615912371810048e-05,0.012519873358785731,2024-06-07,250,52014,166,0.01,1.2358174159698989e-05,9.676661060745647e-06,1.2358174159698989e-05,9.676661060745647e-06,0.003515419485594712,0.0031107332030802072,0.11511749427708573,2.681513098953342e-06,0.053730322420967806,0.3493975903614458,0.29518072289156627,1.0
2024-06-14,2022-09-28,1.660597423748692e-05,6.561987243574606e-06,0.004527632561613143,1.1978012143659843e-05,1.656288088982886e-05,0.012392932067471649,2024-06-10,250,51938,174,0.01,1.4797345373232659e-05,1.0470382461650982e-05,1.4797345373232659e-05,1.0470382461650982e-05,0.0038467317781764637,0.0032357970365353545,0.15881916828906684,4.326962911581676e-06,0.053635549165909395,0.3563218390804598,0.3103448275862069,1.0
2024-06-17,2022-09-30,1.1368923461270713e-05,6.6336303746910524e-06,0.004564920702150688,1.8359459535586133e-05,1.8774263395440363e-05,0.00936692398393456,2024-06-12,250,51850,184,0.01,1.3952382445256844e-05,1.1120386056272322e-05,1.3952382445256844e-05,1.1120386056272322e-05,0.003735288803460429,0.0033347242848955775,0.10723789769448677,2.8319963889845227e-06,0.053635549165909416,0.2717391304347826,0.24456521739130435,1.0
2024-06-21,2022-10-03,1.625043449603367e-05,1.308256272048256e-05,0.004626096909576496,8.18161482141697e-06,9.434450111269605e-06,0.009294659963436926,2024-06-14,250,51805,201,0.01,1.2155809586526688e-05,1.1231281694911808e-05,1.2155809586526688e-05,1.1231281694911808e-05,0.0034865182613212694,0.003351310444424958,0.0387801831977419,9.245278916148797e-07,0.053540766928029816,0.3482587064676617,0.30845771144278605,1.0
2024-06-24,2022-10-05,1.387294028014215e-05,1.0460747889775182e-05,0.004674924092727361,8.529015572048028e-06,1.0177123440716912e-05,0.012567635121485374,2024-06-17,250,51762,216,0.01,1.1596824200768727e-05,1.0339944883694808e-05,1.1596824200768727e-05,1.0339944883694808e-05,0.0034054110178903113,0.003215578467973501,0.05574438707090745,1.2568793170739197e-06,0.05344597570562603,0.2361111111111111,0.17592592592592593,1.0
2024-06-26,2022-10-07,1.4511672396092483e-05,8.243602264421374e-06,0.00463959439422203,8.218566673723975e-06,1.203235643262293e-05,0.012560253657104054,2024-06-21,250,51737,213,0.01,1.1941248932026469e-05,9.791121572560038e-06,1.1941248932026469e-05,9.791121572560038e-06,0.0034556112240856133,0.0031290767923718393,0.09449397242312119,2.150127359466431e-06,0.05344597570562602,0.24413145539906103,0.1643192488262911,1.0
2024-06-28,2022-10-10,1.4856203654448097e-05,2.1837606979352198e-05,0.0045305931807566565,8.629961385506772e-06,1.2102917777890162e-05,0.012524851291249516,2024-06-24,250,51690,173,0.01,1.1581128241305551e-05,1.671704791962361e-05,1.1581128241305551e-05,1.671704791962361e-05,0.003403105675894528,0.0040886486666897185,-0.20144628350836946,-5.13591967831806e-06,0.053445975705626016,0.2947976878612717,0.2947976878612717,1.0
2024-07-01,2022-10-12,1.5063746194912085e-05,1.046225163690704e-05,0.004605450574494351,9.731638259874273e-06,1.5315721391514214e-05,0.012574332071588694,2024-06-26,250,51654,188,0.01,1.2823126371146197e-05,1.2501741586981327e-05,1.2823126371146197e-05,1.2501741586981327e-05,0.0035809393140831354,0.003535780194947266,0.012610970244110953,3.213847841648706e-07,0.05335117549699458,0.19680851063829788,0.16489361702127658,1.0
2024-07-03,2022-10-14,1.71917747355628e-05,1.587246404343501e-05,0.004403686384891268,7.995734331694546e-06,1.2374255995115973e-05,0.012464623595198633,2024-06-28,250,51577,191,0.01,1.2954855596607794e-05,1.4260724209654511e-05,1.2954855596607794e-05,1.4260724209654511e-05,0.0035992854286104894,0.00377633740675466,-0.04919086903661385,-1.3058686130467173e-06,0.053256366300431485,0.24083769633507854,0.14659685863874344,1.0
2024-07-05,2022-10-17,9.766895074236066e-06,8.569085686527708e-06,0.004378244188670728,6.250187885656843e-06,9.962963995259496e-06,0.012409246364196857,2024-07-01,250,51498,210,0.01,8.142511277606618e-06,9.212924714846676e-06,8.142511277606618e-06,9.212924714846676e-06,0.0028535085907714763,0.003035280006003841,-0.063701022600819,-1.0704134372400588e-06,0.0532563663004315,0.3047619047619048,0.2714285714285714,1.0
2024-07-08,2022-10-19,8.375405853386307e-06,6.130483975859999e-06,0.004285588053371036,6.213440615525324e-06,9.793854332467078e-06,0.012338098586470503,2024-07-03,250,51447,205,0.01,7.3840656955378565e-06,7.810273310109097e-06,7.3840656955378565e-06,7.810273310109097e-06,0.002717363740013077,0.0027946866210917277,-0.028455108876325408,-4.2620761457124085e-07,0.053161548114232356,0.24390243902439024,0.22926829268292684,1.0
2024-07-10,2022-10-24,9.827162154916892e-06,6.371956759346472e-06,0.004241735175791498,7.080959749635815e-06,9.23698592565173e-06,0.012311904933251771,2024-07-05,250,51414,183,100.0,8.536597090139992e-06,7.718363908539109e-06,8.536597090139992e-06,7.718363908539109e-06,0.002921745555338451,0.002778194361188416,0.04913199709938676,8.182331816008827e-07,0.05316154811423236,0.25136612021857924,0.22404371584699453,1.0
2024-07-12,2022-10-26,6.665764317328408e-06,1.1947822217036402e-05,0.004262424748429055,5.994073233402967e-06,8.340455843531585e-06,0.012297302688326626,2024-07-08,250,51378,210,100.0,6.3619040650764225e-06,1.0315918381403273e-05,6.3619040650764225e-06,1.0315918381403273e-05,0.00252228151979045,0.003211840341829474,-0.27338693822579807,-3.95401431632685e-06,0.05297188476610572,0.35714285714285715,0.36666666666666664,1.0
2024-07-15,2022-10-28,5.68181848947355e-06,6.956314890710658e-06,0.00420751279604407,6.835185227297556e-06,7.396573230813328e-06,0.01222022357542099,2024-07-10,250,51318,204,100.0,6.162387963566885e-06,7.139755865753438e-06,6.162387963566885e-06,7.139755865753438e-06,0.0024824157515547,0.0026720321603142124,-0.07638382436171631,-9.773679021865522e-07,0.05287703960076691,0.28431372549019607,0.27450980392156865,1.0
2024-07-17,2022-10-31,7.770731888140284e-06,1.899293676433365e-05,0.00413082360957329,1.605193994311085e-05,8.852612863647993e-06,0.012114865630421693,2024-07-12,250,51287,243,100.0,1.1587584983435359e-05,1.431920722986125e-05,1.1587584983435359e-05,1.431920722986125e-05,0.003404054198075489,0.003784072836225705,-0.11163707039831006,-2.7316222464258905e-06,0.05287703960076692,0.18106995884773663,0.16872427983539096,1.0
2024-07-19,2022-11-02,1.0928273688932748e-05,1.5862324112957916e-05,0.004326880185565171,1.8936157015164762e-05,8.201595342796125e-06,0.012382301957804072,2024-07-15,250,51250,244,100.0,1.4604023412449081e-05,1.234592402173611e-05,1.4604023412449081e-05,1.234592402173611e-05,0.00382152108622327,0.0035136767099060366,0.08055545668111685,2.2580993907129715e-06,0.052877039600766916,0.25,0.24180327868852458,1.0
2024-07-22,2022-11-04,8.869008311834486e-06,1.4263669002243547e-05,0.004324372520172972,1.5722770333802782e-05,8.41780058950418e-06,0.01246507768811818,2024-07-17,250,51260,223,100.0,1.1850241119596483e-05,1.1720847315984718e-05,1.1850241119596483e-05,1.1720847315984718e-05,0.0034424179176265747,0.003423572303309033,0.005474528302053194,1.2939380361176494e-07,0.05287703960076691,0.21076233183856502,0.19730941704035873,1.0
2024-07-24,2022-11-07,1.1856087546674155e-05,2.3031842081827432e-05,0.004310919514688234,2.9056125783422497e-05,9.928469353348927e-06,0.012357259200404494,2024-07-19,250,51284,214,1.0,1.908974848736271e-05,1.752107785022432e-05,1.908974848736271e-05,1.752107785022432e-05,0.004369181672506044,0.00418581865950071,0.04196735836350829,1.5686706371383883e-06,0.05268732227900648,0.205607476635514,0.26635514018691586,1.0
2024-07-26,2022-11-09,7.5406361145707916e-06,2.402643481642451e-05,0.00445997517127224,1.5459380732296333e-05,6.18867021621098e-06,0.012710022102115488,2024-07-22,250,51261,238,100.0,1.0967655844090668e-05,1.630672996843294e-05,1.0967655844090668e-05,1.630672996843294e-05,0.003311745135738961,0.004038159230197955,-0.21934480604193807,-5.33907412434227e-06,0.052497568957753996,0.22268907563025211,0.24369747899159663,1.0
2024-07-29,2022-11-11,7.498838786277957e-06,2.3809267216761012e-05,0.004450357863828226,1.6991795778485686e-05,6.13910263897362e-06,0.012569250973477336,2024-07-24,250,51229,231,100.0,1.1279583562395321e-05,1.6771799073226644e-05,1.1279583562395321e-05,1.6771799073226644e-05,0.003358509127930922,0.004095338700672588,-0.21939186248262632,-5.4922155108313224e-06,0.05240267879304836,0.1774891774891775,0.17316017316017315,1.0
2024-08-12,2022-11-14,9.889315283270669e-06,1.4691205522570901e-05,0.0033758786533481322,1.1264728771043296e-05,4.713514254658905e-06,0.012839270905645508,2024-07-26,250,51219,207,100.0,1.0540477224341769e-05,9.967467627617396e-06,1.0540477224341769e-05,9.967467627617396e-06,0.003246610112770206,0.0031571296501121705,0.027561197541421167,5.730095967243732e-07,0.0519280928603592,0.2946859903381642,0.22705314009661837,1.0
2024-08-14,2022-11-16,1.9078613459278594e-05,1.4996630095092825e-05,0.0044289781714647244,6.797772808155658e-06,8.31944069888703e-06,0.012624904066120584,2024-07-29,250,51212,214,0.01,1.374161261556629e-05,1.2094860871508063e-05,1.374161261556629e-05,1.2094860871508063e-05,0.0037069681163406695,0.0034777666499505202,0.06182989958284435,1.646751744058227e-06,0.05183314864001729,0.24766355140186916,0.11682242990654206,1.0
2024-08-16,2022-11-18,2.0594283357914904e-05,1.338133031531517e-05,0.004360982556069775,6.894286931341614e-06,9.333834172788125e-06,0.012373122751188815,2024-08-12,250,51193,236,0.01,1.4324793467788146e-05,1.152908631788754e-05,1.4324793467788146e-05,1.152908631788754e-05,0.0037848108893032088,0.00339545082689877,0.10287437702762503,2.7957071499006067e-06,0.0520230280671519,0.2669491525423729,0.18220338983050846,1.0
2024-08-19,2022-11-21,2.0586015485814338e-05,1.3740541504087447e-05,0.00433532404335324,8.286207375136411e-06,1.1317782791863502e-05,0.012345443885190602,2024-08-14,250,51194,221,0.01,1.535442289575223e-05,1.271004684820939e-05,1.535442289575223e-05,1.271004684820939e-05,0.003918472010331607,0.0035651152643651498,0.09017717749030296,2.6443760475428385e-06,0.051928092860359196,0.2850678733031674,0.23076923076923078,1.0
2024-08-21,2022-11-23,1.891050529541333e-05,1.3728462256113044e-05,0.004326519800450311,7.860143562043209e-06,8.916677743783979e-06,0.012248439233935924,2024-08-16,250,51201,230,0.01,1.4057955142933408e-05,1.161546123113376e-05,1.4057955142933408e-05,1.161546123113376e-05,0.003749393970088154,0.003408146304244253,0.0910140861606703,2.4424939117996478e-06,0.051548261880576596,0.26956521739130435,0.1782608695652174,1.0
2024-08-23,2022-11-25,1.8329640650050744e-05,1.097855884928895e-05,0.004364672872221974,6.034069331387948e-06,8.048490725299852e-06,0.012303050951062525,2024-08-19,250,51204,236,0.01,1.2390254504594987e-05,9.563186958887436e-06,1.2390254504594987e-05,9.563186958887436e-06,0.0035199793329783896,0.0030924402918872072,0.12146066798904331,2.827067545707551e-06,0.0514532815889157,0.2288135593220339,0.11864406779661017,1.0
2024-08-26,2022-11-28,1.2509641524207944e-05,1.0694362044657328e-05,0.004320225709751366,7.539397489057212e-06,9.244122577202317e-06,0.012173701812747937,2024-08-21,250,51207,217,0.01,1.0333728236929971e-05,1.005946458194661e-05,1.0333728236929971e-05,1.005946458194661e-05,0.003214611677470542,0.003171665900114104,0.013359553708281902,2.742636549833618e-07,0.05116828657439944,0.2672811059907834,0.17050691244239632,1.0
2024-08-28,2022-11-30,1.2194113065954862e-05,1.4095321328614048e-05,0.0042976801298074815,9.025656085864382e-06,9.148256638140956e-06,0.012186058479948718,2024-08-23,250,51214,208,0.01,1.0868845002167015e-05,1.2026116385964246e-05,1.0868845002167015e-05,1.2026116385964246e-05,0.0032967931391227772,0.003467869141989681,-0.05189164004157831,-1.1572713837972308e-06,0.05097824476462943,0.3557692307692308,0.22115384615384615,1.0
2024-08-30,2022-12-02,1.4310605039257538e-05,1.355303219430768e-05,0.004264763479698855,6.024889789544555e-06,1.1070582950260977e-05,0.012256117130831915,2024-08-26,250,51203,218,0.01,1.0547826095580542e-05,1.2425681390818583e-05,1.0547826095580542e-05,1.2425681390818583e-05,0.0032477416916344413,0.0035250079986885964,-0.08537203182394082,-1.8778552952380412e-06,0.05088321031456978,0.26146788990825687,0.19724770642201836,1.0
2024-09-04,2022-12-05,8.066276374627721e-06,1.0176418625757068e-05,0.004399156080262153,9.117810281067248e-06,4.711319586521891e-06,0.012395310462251842,2024-08-28,250,51199,224,100.0,8.488767676322175e-06,7.980619904635792e-06,8.488767676322175e-06,7.980619904635792e-06,0.0029135489829968837,0.002824999098165483,0.0303924476122307,5.08147771686383e-07,0.05059805276309138,0.20982142857142858,0.13839285714285715,1.0
2024-09-06,2022-12-07,9.450858915689167e-06,1.5422443090569338e-05,0.004406871121503731,1.2196674712269787e-05,4.902682300303268e-06,0.012451016175105984,2024-08-30,250,51193,222,100.0,1.0836135353603716e-05,1.0115176385570236e-05,1.0836135353603716e-05,1.0115176385570236e-05,0.003291828572936889,0.0031804365086525836,0.03383896269693176,7.209589680334796e-07,0.05021771616061741,0.3153153153153153,0.32882882882882886,1.0
2024-09-09,2022-12-09,1.596541590438443e-05,1.5044141483099772e-05,0.004438003804003262,7.568600357455565e-06,4.003591096687942e-06,0.012664155377896221,2024-09-04,250,51198,185,100.0,1.1925866803429462e-05,9.732741567474622e-06,1.1925866803429462e-05,9.732741567474622e-06,0.003453384832802371,0.0031197342142359856,0.09661553366342701,2.1931252359548403e-06,0.050027493599648164,0.35135135135135137,0.2756756756756757,1.0
2024-09-11,2022-12-12,1.7962545532711793e-05,1.9689252164355407e-05,0.004452319294898004,6.779012911566286e-06,5.973740805375037e-06,0.012469620437690192,2024-09-06,250,51223,210,100.0,1.343587756701004e-05,1.413773566191097e-05,1.343587756701004e-05,1.413773566191097e-05,0.0036654982699504905,0.003760018040104458,-0.02578633604299707,-7.018580949009303e-07,0.04936142953772411,0.3476190476190476,0.20952380952380953,1.0
2024-09-12,2022-12-14,8.429199637495718e-06,5.373161134249931e-06,0.004401329381119195,9.230970805558524e-06,1.0668592717803029e-05,0.01234299448071859,2024-09-09,250,51210,139,100.0,8.763751635680199e-06,7.582765679905179e-06,8.763751635680199e-06,7.582765679905179e-06,0.0029603634296620066,0.002753682203869063,0.06981616639432042,1.1809859557750192e-06,0.04974209189481407,0.3237410071942446,0.2949640287769784,1.0
2024-09-13,2022-12-16,1.0460977838117245e-05,8.61293935360755e-06,0.004399156080262152,1.2154618611607575e-05,1.0566758537160597e-05,0.012239895186821443,2024-09-11,250,51203,184,0.01,1.1234161669493266e-05,9.504900285229593e-06,1.1234161669493266e-05,9.504900285229593e-06,0.003351740095755228,0.0030830018302345514,0.08017873040365431,1.729261384263673e-06,0.049361429537724114,0.16304347826086957,0.09239130434782608,1.0
2024-09-16,2022-12-19,1.680561482954254e-05,1.3875657187840172e-05,0.004404494382022471,1.2311650042464803e-05,9.672328694419867e-06,0.009359324567178516,2024-09-12,250,51100,174,0.01,1.4636114587505012e-05,1.184646412205106e-05,1.4636114587505012e-05,1.184646412205106e-05,0.0038257175258381284,0.003441869277304276,0.10033366184027392,2.789650465453952e-06,0.04850440905961497,0.19540229885057472,0.14367816091954022,1.0
2024-09-17,2022-12-21,1.1968278525277914e-05,9.17632310719835e-06,0.004530325443786983,1.1938600358790996e-05,8.877245823792647e-06,0.009345522706275316,2024-09-13,250,51053,190,0.01,1.1954376647291936e-05,9.036229011287257e-06,1.1954376647291936e-05,9.036229011287257e-06,0.0034575101803598404,0.003006032104167761,0.13057895787456275,2.9181476360046787e-06,0.04840913920768753,0.19473684210526315,0.09473684210526316,1.0
2024-09-18,2022-12-23,1.1911545627347779e-05,8.792385812979436e-06,0.004520503713270908,9.535269198835802e-06,6.6685956665161e-06,0.009341705294190773,2024-09-16,250,51007,183,0.01,1.0794825557118107e-05,7.794320498248031e-06,1.0794825557118107e-05,7.794320498248031e-06,0.003285547984297004,0.002791831029673542,0.15026928749272261,3.0005050588700755e-06,0.04831386027855063,0.3114754098360656,0.16393442622950818,1.0
2024-09-19,2022-12-28,7.5092067084587406e-06,4.179914173595578e-06,0.004440618061534279,1.395419415591306e-05,1.4059398812467582e-05,0.009369494121838264,2024-09-17,250,50969,173,0.01,1.0340530673814395e-05,8.520034592984435e-06,1.0340530673814395e-05,8.520034592984435e-06,0.003215669552956957,0.0029189098295398634,0.09228551582491096,1.82049608082996e-06,0.047265192467114234,0.31213872832369943,0.2138728323699422,1.0
2024-09-20,2022-12-30,6.879284827863199e-06,5.3946507160954646e-06,0.004281906759295671,8.92015742237766e-06,9.377463775540546e-06,0.009212291148551613,2024-09-18,250,50941,183,0.01,7.89414497049061e-06,7.375175242923346e-06,7.89414497049061e-06,7.375175242923346e-06,0.002809652108445209,0.0027157273874458287,0.03342930632481611,5.189697275672635e-07,0.04688358589885044,0.3005464480874317,0.2786885245901639,1.0
2024-09-23,2023-01-04,5.492675284435225e-06,4.346139294059899e-06,0.004294478527607363,8.976869036216126e-06,1.1361370503914214e-05,0.012328315002199735,2024-09-19,250,50875,180,0.01,7.099275736645307e-06,7.580940351937167e-06,7.099275736645307e-06,7.580940351937167e-06,0.002664446609832013,0.002753350749893149,-0.03336683112098138,-4.816646152918597e-07,0.04640637281415574,0.23333333333333334,0.1388888888888889,1.0
2024-09-24,2023-01-06,5.320608806176656e-06,3.943798098682952e-06,0.004327283966971344,9.546036326271645e-06,1.2623058748900788e-05,0.012297584566503414,2024-09-20,250,50836,181,0.01,7.3049255973814856e-06,8.019693984144366e-06,7.3049255973814856e-06,8.019693984144366e-06,0.00270276258620351,0.002831906422208256,-0.04778216061742624,-7.1476838676288e-07,0.0461199356135531,0.2541436464088398,0.16022099447513813,1.0
2024-09-25,2023-01-09,6.470489248927265e-06,4.50849703376383e-06,0.0043101552535514814,9.898452175604067e-06,1.2922874774069619e-05,0.012262497812007705,2024-09-23,250,50787,181,0.01,8.042428049558062e-06,8.367023842854331e-06,8.042428049558062e-06,8.367023842854331e-06,0.0028359174969589756,0.0028925808273675487,-0.01998059903693772,-3.2459579329626896e-07,0.045833416343172236,0.26519337016574585,0.14917127071823205,1.0
2024-09-26,2023-01-11,8.98975768338261e-06,5.988141263302673e-06,0.004329195564783321,8.707165088582602e-06,1.1356257016994287e-05,0.012289602484036209,2024-09-24,250,50725,176,1.0,8.846855746239423e-06,8.70269979783991e-06,8.846855746239423e-06,8.70269979783991e-06,0.0029743664445120786,0.002950033863846297,0.008180760884616944,1.4415594839951252e-07,0.04583341634317222,0.23295454545454544,0.18181818181818182,1.0
2024-09-27,2023-01-13,1.0052041985017401e-05,6.782028303935942e-06,0.0043073136427566805,7.176237786825018e-06,7.432389032063461e-06,0.012241071116547266,2024-09-25,250,50680,195,1.0,8.636261456676537e-06,7.102205893167952e-06,8.636261456676537e-06,7.102205893167952e-06,0.002938751683398333,0.0026649964152260976,0.09315358957299458,1.534055563508585e-06,0.04573789167385373,0.20512820512820512,0.11794871794871795,1.0
2024-09-30,2023-01-20,7.780372869103501e-06,4.923332069764631e-06,0.004302208174195531,8.578701188188355e-06,9.37835877245689e-06,0.012258849983376206,2024-09-26,250,50677,188,0.01,8.175290601416754e-06,7.127148470564525e-06,8.175290601416754e-06,7.127148470564525e-06,0.00285924650938263,0.0026696719780835484,0.06630226903381431,1.048142130852229e-06,0.04573789167385373,0.24468085106382978,0.16489361702127658,1.0
2024-10-01,2023-01-23,1.3327417670925999e-05,9.255553539450606e-06,0.004206008583690987,1.1962253019299528e-05,9.198157577643746e-06,0.012209922267150028,2024-09-27,250,50657,192,0.01,1.2694606973036647e-05,9.228948119654719e-06,1.2694606973036647e-05,9.228948119654719e-06,0.003562949195966264,0.0030379183859436908,0.14735848903402238,3.4656588533819283e-06,0.04621542379696298,0.14583333333333334,0.052083333333333336,1.0
2024-10-02,2023-01-25,9.81094947618332e-06,7.842250920652597e-06,0.004332257636709253,1.059011967933483e-05,9.055202347553766e-06,0.01232029299004608,2024-09-30,250,50614,195,0.01,1.0182553726917115e-05,8.420735447328538e-06,1.0182553726917115e-05,8.420735447328538e-06,0.0031910113956106637,0.0029018503488857823,0.09061736574260792,1.7618182795885775e-06,0.04602443831127934,0.1794871794871795,0.05641025641025641,1.0
2024-10-03,2023-01-27,1.0081944892630302e-05,7.795146583301296e-06,0.0043213687274010065,1.0907309842520922e-05,7.70601446462916e-06,0.012315095102485678,2024-10-01,250,50610,196,0.01,1.048199423058749e-05,7.751944791087761e-06,1.048199423058749e-05,7.751944791087761e-06,0.0032375908065392527,0.002784231454295379,0.14002984914838013,2.7300494394997295e-06,0.04583341634317222,0.17857142857142858,0.07653061224489796,1.0
2024-10-04,2023-01-30,8.51948906722742e-06,5.513609793094784e-06,0.004342624185757966,8.990737369711833e-06,8.597757863344157e-06,0.01233765101616709,2024-10-02,250,50586,186,0.01,8.760180404517845e-06,7.088846710695271e-06,8.760180404517845e-06,7.088846710695271e-06,0.002959760193751826,0.002662488818886433,0.10043765555498219,1.6713336938225737e-06,0.04573789167385373,0.22580645161290322,0.17204301075268819,1.0
2024-10-07,2023-02-01,1.9480931278053916e-05,1.3385012063475432e-05,0.004320987654320986,1.1494694881980285e-05,7.269849338134371e-06,0.012226543683898217,2024-10-03,250,50566,191,0.01,1.5466906702016904e-05,1.031142242141919e-05,1.5466906702016904e-05,1.031142242141919e-05,0.00393279883823428,0.003211140361525667,0.18349742928438673,5.155484280597714e-06,0.04621542379696298,0.225130890052356,0.16753926701570682,1.0
2024-10-08,2023-02-03,1.5827121955862617e-05,1.1473706274118715e-05,0.004420587306599305,1.0295677806102075e-05,7.050715363047524e-06,0.012338085593518849,2024-10-04,250,50538,181,0.01,1.301555918360864e-05,9.225556197773137e-06,1.301555918360864e-05,9.225556197773137e-06,0.0036077083007927126,0.003037360070484423,0.15809155917150197,3.7900029858355043e-06,0.04659728537678218,0.2265193370165746,0.16574585635359115,1.0
2024-10-09,2023-02-06,9.866142586645033e-06,6.75239569780798e-06,0.004340700713115117,8.16481576882535e-06,6.708294713703769e-06,0.012222490709562613,2024-10-07,250,50505,186,0.01,9.033773014485941e-06,6.730819409886027e-06,9.033773014485941e-06,6.730819409886027e-06,0.0030056235650004377,0.0025943822790571993,0.13682394919044982,2.302953604599914e-06,0.04640637281415574,0.2849462365591398,0.13440860215053763,1.0
2024-10-10,2023-02-08,1.2081710648023148e-05,8.54776975145652e-06,0.004269408381981354,8.363657659658009e-06,7.058425016393069e-06,0.012138415289184601,2024-10-08,250,50459,173,0.01,1.0147463428642439e-05,7.77296613205935e-06,1.0147463428642439e-05,7.77296613205935e-06,0.0031855083469742216,0.0027880039691613335,0.1247852256266917,2.3744972965830884e-06,0.04640637281415574,0.3236994219653179,0.17341040462427745,1.0
2024-10-11,2023-02-10,8.134070789154366e-06,6.14102231201711e-06,0.004278728606356968,6.75594776661873e-06,6.083828123530629e-06,0.01215969486053495,2024-10-09,250,50409,182,0.01,7.437437173367122e-06,6.112110963990977e-06,7.437437173367122e-06,6.112110963990977e-06,0.002727166510018617,0.0024722683842962876,0.09346628626668974,1.3253262093761448e-06,0.04640637281415574,0.31868131868131866,0.27472527472527475,1.0
2024-10-14,2023-02-13,8.536019151232238e-06,4.739666921868485e-06,0.004306745770160403,6.370995423811392e-06,6.5229840636000775e-06,0.012087313226819413,2024-10-10,250,50356,174,0.01,7.378851296921096e-06,5.69281918727675e-06,7.378851296921096e-06,5.69281918727675e-06,0.0027164041114902428,0.00238596294759092,0.12164654091840554,1.6860321096443455e-06,0.04621542379696298,0.29310344827586204,0.1724137931034483,1.0
2024-10-15,2023-02-15,1.0061138205993634e-05,4.882808733579288e-06,0.004236921746649372,1.30199647481794e-05,1.026574961511499e-05,0.011989261021358158,2024-10-11,250,50309,187,0.01,1.139023675970275e-05,7.3008142632530776e-06,1.139023675970275e-05,7.3008142632530776e-06,0.0033749424824288114,0.0027020018991949428,0.19939320054710385,4.089422496449672e-06,0.04621542379696298,0.20320855614973263,0.11764705882352941,1.0
2024-10-16,2023-02-17,7.928041251778058e-06,3.399785358831163e-06,0.0041907205473594175,1.0612964951017995e-05,9.850683057256302e-06,0.012083143606195454,2024-10-14,250,50274,196,0.01,9.21570874018905e-06,6.493583234606485e-06,9.21570874018905e-06,6.493583234606485e-06,0.0030357385823204623,0.0025482510148347797,0.16058285463864153,2.722125505582566e-06,0.04621542379696298,0.22448979591836735,0.11224489795918367,1.0
2024-10-17,2023-02-22,7.354202721212262e-06,3.953075323580425e-06,0.004228147381137285,1.0484082006075147e-05,1.1575397902461243e-05,0.012030851794607592,2024-10-15,250,50256,193,1.0,8.927250859200343e-06,7.783983562707055e-06,8.927250859200343e-06,7.783983562707055e-06,0.002987850541643665,0.002789979133023589,0.06622533686414711,1.143267296493288e-06,0.0461199356135531,0.15544041450777202,0.08808290155440414,1.0
2024-10-18,2023-02-24,6.620633351340046e-06,2.3822740255529483e-06,0.004221408572043937,8.651411462584713e-06,1.0206181607117926e-05,0.012029818837468871,2024-10-16,250,50233,203,1.0,7.591005158190947e-06,6.120791441374636e-06,7.591005158190947e-06,6.120791441374636e-06,0.00275517788140638,0.002474023330806449,0.10204587968614764,1.4702137168163103e-06,0.046310902863250236,0.13793103448275862,0.034482758620689655,1.0
2024-10-21,2023-02-27,7.229920059761425e-06,3.5656820841946433e-06,0.004170212765957446,8.525456584500592e-06,7.4300303340565735e-06,0.011983723635368376,2024-10-17,250,50201,194,100.0,7.85097622883742e-06,5.418178925623301e-06,7.85097622883742e-06,5.418178925623301e-06,0.00280195935531503,0.002327698203295114,0.16926053945796593,2.4327973032141196e-06,0.04621542379696298,0.13917525773195877,0.08247422680412371,1.0
2024-10-22,2023-03-01,7.941753135125198e-06,4.032268465215016e-06,0.004144113667117729,9.714279406784478e-06,8.444518524870968e-06,0.012003435395713037,2024-10-18,250,50186,186,100.0,8.732719159575307e-06,6.001175749900198e-06,8.732719159575307e-06,6.001175749900198e-06,0.00295511745275468,0.0024497297299702673,0.1710211965731866,2.7315434096751092e-06,0.04621542379696298,0.16129032258064516,0.0967741935483871,1.0
2024-10-23,2023-03-03,1.5314933379873323e-05,1.0014851587800483e-05,0.004155007207665564,1.0451240108898413e-05,6.897221090820858e-06,0.012009814510045947,2024-10-21,250,50199,194,100.0,1.295829849599888e-05,8.5042471201918e-06,1.295829849599888e-05,8.5042471201918e-06,0.0035997636722427877,0.002916204231564003,0.18989008804928054,4.4540513758070815e-06,0.046119935613553105,0.14948453608247422,0.12886597938144329,1.0
2024-10-24,2023-03-06,1.3696893869438477e-05,1.05805460788987e-05,0.004246836540128271,1.1476696258528754e-05,8.117946924374594e-06,0.012120564369625773,2024-10-22,250,50183,192,100.0,1.2656176239324541e-05,9.426202725215523e-06,1.2656176239324541e-05,9.426202725215523e-06,0.003557552000930491,0.003070212162899418,0.1369874109791248,3.229973514109018e-06,0.04621542379696298,0.20833333333333334,0.13020833333333334,1.0
2024-10-25,2023-03-08,1.5237309942139587e-05,8.876314121886474e-06,0.004250336123519973,1.1483701901556844e-05,5.800929070037534e-06,0.012094408190042124,2024-10-23,250,50197,199,1.0,1.340766180175503e-05,7.377257086563123e-06,1.340766180175503e-05,7.377257086563123e-06,0.003661647416362617,0.0027161106543296654,0.25822714601293395,6.030404715191907e-06,0.04592893188839981,0.21608040201005024,0.16080402010050251,1.0
2024-10-28,2023-03-10,1.849520587715678e-05,1.0182337861036511e-05,0.0042349077395099615,,,,2024-10-24,250,50193,94,0.01,1.849520587715678e-05,1.0182337861036511e-05,1.849520587715678e-05,1.0182337861036511e-05,0.004300605291950981,0.0031909775713778545,0.2580166384136454,8.312868016120267e-06,0.04621542379696298,0.3723404255319149,0.23404255319148937,1.0
2024-10-29,2023-03-13,1.398346831610223e-05,6.944993538280241e-06,0.004198800342759212,1.5661778683159153e-05,9.472994625460754e-06,0.012061300208322571,2024-10-25,250,50185,184,0.01,1.4731410979681946e-05,8.071602718436772e-06,1.4731410979681946e-05,8.071602718436772e-06,0.003838152026650579,0.0028410566200688034,0.25978528199465456,6.659808261245173e-06,0.045928931888399804,0.22282608695652173,0.1358695652173913,1.0
2024-10-30,2023-03-15,4.2528432901793565e-05,1.723256361242351e-05,0.004193948731116534,1.644182950473585e-05,5.19981541112088e-06,0.012041812056310911,2024-10-28,250,50060,201,0.01,2.9809591444521643e-05,1.136585055905208e-05,2.9809591444521643e-05,1.136585055905208e-05,0.0054598160632499,0.0033713277145736038,0.38251990991673535,1.8443740885469565e-05,0.04592893188839981,0.21393034825870647,0.13930348258706468,1.0
2024-10-31,2023-03-17,6.242994358922097e-05,2.9544495848199167e-05,0.004259017818339853,3.0221255592915994e-05,9.810307662839576e-06,0.012078352097377634,2024-10-29,250,50034,191,0.01,4.590401990525296e-05,1.941910086304084e-05,4.590401990525296e-05,1.941910086304084e-05,0.00677525054188057,0.004406710889432257,0.3495870208499906,2.6484919042212124e-05,0.04564235787870106,0.225130890052356,0.16753926701570682,1.0
2024-11-01,2023-03-20,1.4394474565484798e-05,3.108221302907683e-06,0.004338010712230536,1.9529697079755703e-05,6.496006947653048e-06,0.012319859665166006,2024-10-30,250,49989,201,0.01,1.6949311637261366e-05,4.793686797805874e-06,1.6949311637261366e-05,4.793686797805874e-06,0.004116954169924821,0.0021894489712724237,0.46818718865835585,1.2155624839455492e-05,0.045355701720797184,0.263681592039801,0.12935323383084577,1.0
2024-11-04,2023-03-22,1.1315451148663374e-05,2.1405582196687855e-06,0.00439639316316002,2.02616919598e-05,6.270403723473143e-06,0.012268081045110672,2024-10-31,250,49972,200,0.01,1.578857155423169e-05,4.205480971570963e-06,1.578857155423169e-05,4.205480971570963e-06,0.003973483554040672,0.002050726937349525,0.48389696107735947,1.1583090582660727e-05,0.0450689633675781,0.255,0.09,1.0
2024-11-05,2023-03-24,9.775266320617529e-06,1.9441742487007463e-06,0.00441421557587496,1.6158235103385304e-05,6.9403924964002734e-06,0.012294563099980694,2024-11-01,250,49958,193,0.01,1.2917142146332238e-05,4.403452660780825e-06,1.2917142146332238e-05,4.403452660780825e-06,0.003594042591057073,0.0020984405306752976,0.41613364964099986,8.513689485551414e-06,0.04545126290391738,0.23316062176165803,0.07772020725388601,1.0
2024-11-06,2023-03-27,6.601624412413256e-06,4.8755429807094644e-06,0.0043857686283284856,5.7503568272231324e-06,1.0344647073515539e-05,0.01214767643488816,2024-11-04,250,49921,184,1.0,6.166737711283518e-06,7.669541810729958e-06,6.166737711283518e-06,7.669541810729958e-06,0.0024832917088581275,0.0027693937623115205,-0.1152108116951549,-1.5028040994464397e-06,0.045355701720797184,0.16847826086956522,0.16304347826086957,1.0
2024-11-07,2023-03-29,5.445442343941697e-06,5.36702571843495e-06,0.00440014367816092,4.859829562714167e-06,9.645825461960826e-06,0.011852945655116407,2024-11-05,250,49907,177,100.0,5.144364586361441e-06,7.566860614823959e-06,5.144364586361441e-06,7.566860614823959e-06,0.002268119173756406,0.002750792724802063,-0.21280784388690854,-2.4224960284625178e-06,0.045355701720797184,0.20903954802259886,0.21468926553672316,1.0
2024-11-08,2023-03-31,5.822246358290015e-06,7.78933276078667e-06,0.004308071039212237,3.907072118681809e-06,9.494268433836805e-06,0.01176200030221118,2024-11-06,250,49873,166,100.0,4.795436073198869e-06,8.703424778265355e-06,4.795436073198869e-06,8.703424778265355e-06,0.0021898484132923147,0.0029501567379150136,-0.3471967831232745,-3.907988705066487e-06,0.04526013140486457,0.28313253012048195,0.1746987951807229,1.0
2024-11-11,2023-04-03,4.701525207105357e-06,3.946021407192979e-06,0.0043620021149101155,3.848833137696486e-06,7.979262117095357e-06,0.011711270666510638,2024-11-07,250,49842,176,100.0,4.275179172400921e-06,5.962641762144168e-06,4.275179172400921e-06,5.962641762144168e-06,0.0020676506408000652,0.0024418521171733903,-0.18097906338206626,-1.6874625897432478e-06,0.04526013140486457,0.25,0.1534090909090909,1.0
2024-11-13,2023-04-05,6.132365109571795e-06,6.635145886198935e-06,0.0044151094857958345,5.15883472698745e-06,1.2525519124046026e-05,0.011736580666778353,2024-11-08,250,49813,170,100.0,5.7200463593007784e-06,9.129892198698876e-06,5.7200463593007784e-06,9.129892198698876e-06,0.0023916618404993583,0.0030215711473832413,-0.2633772451511638,-3.4098458393980978e-06,0.04526013140486457,0.21764705882352942,0.11764705882352941,1.0
2024-11-14,2023-04-10,4.6096184033326026e-06,6.523201727110878e-06,0.004397654584221748,7.72098928844097e-06,1.190336845603657e-05,0.011730881294060512,2024-11-11,250,49774,186,100.0,6.115120444514073e-06,9.126508208849117e-06,6.115120444514073e-06,9.126508208849117e-06,0.0024728769570106137,0.003021011123589107,-0.22165848770782204,-3.0113877643350445e-06,0.04497336564273114,0.23655913978494625,0.13440860215053763,1.0
2024-11-15,2023-04-12,5.7772742992221765e-06,4.363039945662186e-06,0.004337919551310139,8.389680033247624e-06,8.313700770103419e-06,0.011806800370776102,2024-11-13,250,49728,176,100.0,7.202222881417874e-06,6.517945849902858e-06,7.202222881417874e-06,6.517945849902858e-06,0.0026836957505309493,0.0025530268016420938,0.04868992651756576,6.842770315150161e-07,0.0450689633675781,0.22727272727272727,0.2159090909090909,1.0
2024-11-18,2023-04-14,6.111623755099925e-06,4.63814154848166e-06,0.004400000000000001,6.7536992141655536e-06,7.755302440581872e-06,0.011959991463935131,2024-11-14,250,49700,168,100.0,6.4594146287604734e-06,6.326603698369275e-06,6.4594146287604734e-06,6.326603698369275e-06,0.0025415378472020585,0.0025152740801688543,0.010333809139264849,1.3281093039119822e-07,0.04497336564273115,0.26785714285714285,0.17857142857142858,1.0
2024-11-19,2023-04-17,4.845735406892479e-06,4.754673914412752e-06,0.004341724410139462,8.68937500795379e-06,8.571678461939305e-06,0.01191118762220522,2024-11-15,250,49683,183,100.0,6.5890254991771165e-06,6.4858836272253404e-06,6.5890254991771165e-06,6.4858836272253404e-06,0.002566909717769037,0.0025467398035970107,0.007857664035631262,1.0314187195177606e-07,0.04526013140486457,0.20765027322404372,0.14754098360655737,1.0
2024-11-20,2023-04-19,6.078729885139033e-06,4.867715430977333e-06,0.004336779393727002,7.909525035355707e-06,6.19921684622855e-06,0.011867804506183298,2024-11-18,250,49646,194,100.0,6.9658161950378334e-06,5.512875910532046e-06,6.9658161950378334e-06,5.512875910532046e-06,0.002639283272981101,0.002347951428486553,0.11038293898838869,1.4529402845057872e-06,0.04516455195437364,0.15463917525773196,0.12886597938144329,1.0
2024-11-21,2023-04-21,5.375369170491708e-06,3.904626003391779e-06,0.004323144104803493,7.5582433295166315e-06,6.760888748211011e-06,0.011863784928027093,2024-11-19,250,49613,194,100.0,6.455554321349403e-06,5.31803437196212e-06,6.455554321349403e-06,5.31803437196212e-06,0.002540778290475067,0.0023060863756507732,0.09237008821435244,1.137519949387283e-06,0.04516455195437364,0.20103092783505155,0.13917525773195877,1.0
2024-11-22,2023-04-24,7.370125458840085e-06,5.988679786223314e-06,0.004332224750568879,5.853668992817445e-06,8.906010095945756e-06,0.011800436269307862,2024-11-20,250,49594,179,100.0,6.582245842414916e-06,7.50438771250369e-06,6.582245842414916e-06,7.50438771250369e-06,0.0025655887905927004,0.002739413753434061,-0.06775246426033976,-9.221418700887738e-07,0.04526013140486456,0.2737430167597765,0.2011173184357542,1.0
2024-11-25,2023-04-26,5.778947299076306e-06,6.716750249917416e-06,0.004306782094227171,5.707148968033753e-06,9.4595211061714e-06,0.011763975416029956,2024-11-21,250,49574,188,100.0,5.743811945587398e-06,8.058957264680003e-06,5.743811945587398e-06,8.058957264680003e-06,0.0023966251157799792,0.0028388302634500717,-0.1845116054064957,-2.3151453190926042e-06,0.04526013140486457,0.2553191489361702,0.16489361702127658,1.0
2024-11-26,2023-04-28,7.19888299189314e-06,9.274457794959648e-06,0.00425129900803023,6.081693957646506e-06,1.3455373449672612e-05,0.01172420631600087,2024-11-22,250,49538,174,100.0,6.7109153677394385e-06,1.1100604862535427e-05,6.7109153677394385e-06,1.1100604862535427e-05,0.00259054345027051,0.0033317570233339987,-0.286122810635,-4.389689494795988e-06,0.04516455195437363,0.27586206896551724,0.14942528735632185,1.0
2024-11-27,2023-05-01,7.162305732908797e-06,9.35112348667799e-06,0.004211690632179019,5.307345076233124e-06,1.21999034152675e-05,0.011663306418047118,2024-11-25,250,49510,179,100.0,6.343635945884338e-06,1.0608406248457718e-05,6.343635945884338e-06,1.0608406248457718e-05,0.002518657568206591,0.0032570548427156886,-0.29317096687934163,-4.26477030257338e-06,0.0450689633675781,0.2569832402234637,0.1340782122905028,1.0
2024-11-29,2023-05-03,5.230009007541951e-06,8.595631495209806e-06,0.0042140211978036,4.602255653989909e-06,1.0571930739795091e-05,0.011698754237429651,2024-11-26,250,49490,178,100.0,4.91613233076593e-06,9.58378111750245e-06,4.91613233076593e-06,9.58378111750245e-06,0.0022172352898972925,0.0030957682596574393,-0.3962290216844071,-4.6676487867365194e-06,0.04497336564273114,0.33707865168539325,0.2696629213483146,1.0
2024-12-02,2023-05-05,4.617318249931923e-06,7.419560381864332e-06,0.004171406901782329,6.090061995700237e-06,1.1111402931359857e-05,0.011626528918761926,2024-11-27,250,49469,185,100.0,5.317866626297391e-06,9.175680081083826e-06,5.317866626297391e-06,9.175680081083826e-06,0.0023060500051597732,0.003029138504770593,-0.31356150039804587,-3.857813454786435e-06,0.04478214277189319,0.23243243243243245,0.10810810810810811,1.0
2024-12-03,2023-05-08,5.4133349549905e-06,8.710536632130049e-06,0.00413205893401227,5.005944380994362e-06,1.0045325868248018e-05,0.011605727018206525,2024-11-29,250,49454,188,100.0,5.207472696854153e-06,9.385031192934341e-06,5.207472696854153e-06,9.385031192934341e-06,0.0022819887591428124,0.0030634998274741815,-0.34246928921110453,-4.1775584960801884e-06,0.044112574618320965,0.2393617021276596,0.12234042553191489,1.0
2024-12-04,2023-05-10,6.34518333674058e-06,8.775546487447326e-06,0.004079950546053986,5.2922490508281015e-06,1.0502315625361952e-05,0.011600346078057993,2024-12-02,250,49447,185,100.0,5.815870425444035e-06,9.643598000020623e-06,5.815870425444035e-06,9.643598000020623e-06,0.002411611582623544,0.0031054143040857886,-0.28769256478170924,-3.827727574576588e-06,0.04392118705792814,0.2810810810810811,0.2,1.0
2024-12-05,2023-05-12,6.627732810800946e-06,1.001816302361253e-05,0.004073906423603966,5.9508277945571195e-06,1.0319146711380128e-05,0.011528757858012705,2024-12-03,250,49449,182,100.0,6.296718819341053e-06,1.0165347354443936e-05,6.296718819341053e-06,1.0165347354443936e-05,0.0025093263676415336,0.003188314186908802,-0.2705856950387189,-3.8686285351028836e-06,0.04372976286132523,0.2967032967032967,0.18681318681318682,1.0
2024-12-06,2023-05-15,8.578939932494398e-06,1.2039492202436941e-05,0.004073403554970376,5.896586384114494e-06,1.1135637602502025e-05,0.011547761513862791,2024-12-04,250,49437,175,100.0,7.276082494709874e-06,1.1600477111039982e-05,7.276082494709874e-06,1.1600477111039982e-05,0.002697421452926827,0.0034059473147774882,-0.2626678382356149,-4.324394616330109e-06,0.043634037020061314,0.2857142857142857,0.22857142857142856,1.0
2024-12-09,2023-05-17,7.5094602737937665e-06,7.39120933008061e-06,0.004076758359413606,8.832998415773496e-06,9.844900794151523e-06,0.01152591270298284,2024-12-05,250,49419,156,100.0,8.188197782501321e-06,8.649512644988773e-06,8.188197782501321e-06,8.649512644988773e-06,0.0028615027140475196,0.002941005379965969,-0.027783536785815244,-4.613148624874514e-07,0.04325104199431494,0.3525641025641026,0.17307692307692307,1.0
2024-12-10,2023-05-19,6.086739708978171e-06,6.899088505655055e-06,0.004012158054711243,6.517512575070701e-06,9.067749833219223e-06,0.011585574188000264,2024-12-06,250,49393,170,100.0,6.3021261420244356e-06,7.98341916943714e-06,6.3021261420244356e-06,7.98341916943714e-06,0.002510403581503268,0.002825494499983523,-0.12551404913610487,-1.6812930274127038e-06,0.04325104199431494,0.28823529411764703,0.18823529411764706,1.0
2024-12-11,2023-05-22,6.127117868294777e-06,7.090505114071066e-06,0.003995641118779516,7.214610324634835e-06,1.2478507277764882e-05,0.011621707033842072,2024-12-09,250,49327,154,100.0,6.600247703195972e-06,9.434635925548245e-06,6.600247703195972e-06,9.434635925548245e-06,0.002569094724449835,0.0030715852463423904,-0.1955905000739755,-2.8343882223522727e-06,0.04315527031392761,0.33766233766233766,0.2857142857142857,1.0
2024-12-12,2023-05-24,8.245170298014197e-06,7.558724472896945e-06,0.0040163901172461354,8.065695974851552e-06,1.0461376168194798e-05,0.011532553583775059,2024-12-10,250,49278,157,100.0,8.152575265044933e-06,9.056270888942335e-06,8.152575265044933e-06,9.056270888942335e-06,0.00285527148709977,0.0030093638678202962,-0.053967680977700994,-9.03695623897402e-07,0.04286790022717579,0.3503184713375796,0.1910828025477707,1.0
2024-12-13,2023-05-26,7.933940097030517e-06,5.716993433125415e-06,0.003992579448298113,1.0181691546647205e-05,1.2611821085266893e-05,0.011592284017010573,2024-12-11,250,49226,158,100.0,9.000910721848565e-06,8.989854660407763e-06,9.000910721848565e-06,8.989854660407763e-06,0.003000151783135074,0.002998308633281064,0.0006143522019022019,1.1056061440802245e-08,0.04258044753511838,0.35443037974683544,0.22151898734177214,1.0
2024-12-16,2023-05-31,9.235859020828227e-06,4.425493948811122e-06,0.003989844033369605,1.1078175962662533e-05,1.0991432355239372e-05,0.008439933135830259,2024-12-12,250,49163,163,100.0,1.0072248307305154e-05,7.406349421668119e-06,1.0072248307305154e-05,7.406349421668119e-06,0.003173680561635836,0.0027214608984271883,0.14249060496988275,2.6658988856370343e-06,0.0424846116061553,0.27607361963190186,0.18404907975460122,1.0
2024-12-17,2023-06-02,1.7418509102807442e-05,6.501589323125246e-06,0.00394359464627151,2.1142471845531317e-05,1.2640406449534098e-05,0.00840404752879909,2024-12-13,250,49213,194,100.0,1.9107729316001778e-05,9.2862074010839e-06,1.9107729316001778e-05,9.2862074010839e-06,0.0043712388765659764,0.0030473279116438883,0.3028685922472729,9.821521914917877e-06,0.04277209184386899,0.17010309278350516,0.07216494845360824,1.0
2024-12-18,2023-06-07,3.054055488292152e-05,9.682388824865097e-06,0.003905633580558623,7.693643406031067e-05,4.177814896664496e-05,0.008438815800360754,2024-12-16,250,49156,158,100.0,4.815924317813259e-05,2.1870652169844793e-05,4.815924317813259e-05,2.1870652169844793e-05,0.006939686100835728,0.004676606907774566,0.32610685269880224,2.6288591008287797e-05,0.04286790022717579,0.31645569620253167,0.10126582278481013,1.0
2024-12-19,2023-06-09,3.2918160372452506e-05,1.1146254212721853e-05,0.003991130820399111,3.197007431556883e-05,1.1612038266251831e-05,0.008698048713925087,2024-12-17,250,49172,177,0.01,3.239323136920617e-05,1.140414594857461e-05,3.239323136920617e-05,1.140414594857461e-05,0.00569150519363781,0.00337700250941195,0.4066591535070727,2.098908542063156e-05,0.0426762742804363,0.24293785310734464,0.13559322033898305,1.0
2024-12-20,2023-06-12,2.1022679938608756e-05,6.564885887943274e-06,0.0039633291965250825,1.607866564541259e-05,7.405371608548526e-06,0.008700720013649547,2024-12-18,250,49156,184,0.01,1.8389454934623843e-05,7.0125358913091146e-06,1.8389454934623843e-05,7.0125358913091146e-06,0.004288292776225038,0.002648119312136278,0.3824770251653844,1.1376919043314729e-05,0.04258044753511838,0.32608695652173914,0.28804347826086957,1.0
2024-12-23,2023-06-14,1.252942388881154e-05,5.861339285419225e-06,0.003890133207591653,1.1676779928114047e-05,9.474021407036121e-06,0.011951349065381039,2024-12-19,250,49184,191,0.01,1.2114262169728465e-05,7.620393931023264e-06,1.2114262169728465e-05,7.620393931023264e-06,0.003480554865208774,0.00276050610052274,0.20687757917094152,4.493868238705201e-06,0.042484611606155284,0.24083769633507854,0.16753926701570682,1.0
2024-12-24,2023-06-16,1.0694037002452192e-05,6.017906909924279e-06,0.0038782465624632727,9.404410767116139e-06,1.3969096887857147e-05,0.011880206494139801,2024-12-20,250,49173,178,0.01,1.0128919888091449e-05,9.50213622609711e-06,1.0128919888091449e-05,9.50213622609711e-06,0.0031825964067238323,0.0030825535236386585,0.0314343605974714,6.267836619943383e-07,0.042676274280436306,0.2808988764044944,0.14606741573033707,1.0
2024-12-26,2023-06-21,,,,1.0879031347504337e-05,1.320025870930912e-05,0.011749609180109767,2024-12-23,250,49178,83,0.01,1.0879031347504337e-05,1.320025870930912e-05,1.0879031347504337e-05,1.320025870930912e-05,0.0032983376642642787,0.0036332160284394213,-0.10152943641985779,-2.3212273618047833e-06,0.043059489460446965,0.0963855421686747,0.060240963855421686,1.0
2024-12-27,2023-06-23,2.0010586200303983e-05,5.59691840843206e-06,0.0038220986796386387,7.83747003481985e-06,7.862313757096629e-06,0.011748827618319085,2024-12-24,250,49140,183,100.0,1.389076823732835e-05,6.7358056875421146e-06,1.389076823732835e-05,6.7358056875421146e-06,0.003727032095022573,0.0025953430770405124,0.3036434860578271,7.154962549786236e-06,0.04258044753511838,0.2185792349726776,0.18032786885245902,1.0
2024-12-30,2023-06-26,2.2414392859657182e-05,5.868640911701382e-06,0.0038733909777377822,8.69084042322911e-06,5.645622312333795e-06,0.01187381724676896,2024-12-26,250,49000,179,100.0,1.5744286368208898e-05,5.760246396924956e-06,1.5744286368208898e-05,5.760246396924956e-06,0.003967907051357037,0.0024000513321437433,0.39513418508054066,9.98403997128394e-06,0.04219704869978835,0.20670391061452514,0.1005586592178771,1.0
2024-12-31,2023-06-28,2.5370601979274526e-05,6.874590166357889e-06,0.0039254559873116565,1.1708385400633462e-05,8.208596723993775e-06,0.012010880282887354,2024-12-27,250,48987,177,100.0,1.9041213507813696e-05,7.492604503793722e-06,1.9041213507813696e-05,7.492604503793722e-06,0.004363623896237357,0.0027372622278097,0.3727089472193118,1.1548609004019974e-05,0.04277209184386899,0.22033898305084745,0.14689265536723164,1.0
2025-01-02,2023-06-30,2.757760845871663e-05,6.843682987755269e-06,0.00395335835795863,1.0256984971401848e-05,5.948683906821402e-06,0.012054736554736553,2024-12-30,250,48964,202,0.01,1.917453369754411e-05,6.409475512846759e-06,1.917453369754411e-05,6.409475512846759e-06,0.004378873564918735,0.002531694198130327,0.42183893629335445,1.2765058184697353e-05,0.04277209184386899,0.1782178217821782,0.0594059405940594,1.0
2025-01-03,2023-07-05,2.1042505498504708e-05,5.077316881531437e-06,0.004059872872667624,7.082464496845991e-06,6.8382835179390254e-06,0.012084428024083197,2024-12-31,250,48937,195,0.01,1.416986992845734e-05,5.944254302532096e-06,1.416986992845734e-05,5.944254302532096e-06,0.003764288767942404,0.002438084145908852,0.35231213750863966,8.225615625925244e-06,0.04267627428043631,0.24615384615384617,0.13333333333333333,1.0
2025-01-06,2023-07-07,2.0234388518927164e-05,4.092408742421284e-06,0.0040680473372781065,7.049883532191506e-06,7.4652196304504694e-06,0.011935197229495733,2025-01-02,250,48922,188,0.01,1.3922657408255837e-05,5.70705225264802e-06,1.3922657408255837e-05,5.70705225264802e-06,0.0037313077343279844,0.0023889437525082126,0.3597569746043834,8.215605155607816e-06,0.04248461160615529,0.23404255319148937,0.1595744680851064,1.0
2025-01-07,2023-07-10,2.8524458060504105e-05,6.7419674806940645e-06,0.0040408163265306125,9.810985937574082e-06,5.851738038824602e-06,0.011866836871808655,2025-01-03,250,48904,197,0.01,1.921521812117851e-05,6.299112225347833e-06,1.921521812117851e-05,6.299112225347833e-06,0.004383516638633702,0.0025098032244277304,0.42744526111573955,1.2916105895830677e-05,0.04258044753511838,0.17258883248730963,0.050761421319796954,1.0
2025-01-08,2023-07-12,2.566459617024208e-05,6.224704165794956e-06,0.004087362206349862,9.027789831259022e-06,5.999483293139646e-06,0.01200251431289605,2025-01-06,250,48895,190,1.0,1.7696441555255458e-05,6.116835221523202e-06,1.7696441555255458e-05,6.116835221523202e-06,0.004206713866577504,0.0024732236497177528,0.4120770444199675,1.1579606333732255e-05,0.04258044753511838,0.20526315789473684,0.1,1.0
2025-01-10,2023-07-14,3.7207967739892864e-05,1.2216529563932502e-05,0.004079110012360941,1.0947480658900035e-05,3.945768574354624e-06,0.0119850039864968,2025-01-07,250,48885,178,0.01,2.2749946762717038e-05,7.662964524726703e-06,2.2749946762717038e-05,7.662964524726703e-06,0.004769690426297816,0.002768206011973586,0.4196256434776128,1.5086982237990334e-05,0.04258044753511838,0.29213483146067415,0.1853932584269663,1.0
2025-01-13,2023-07-17,3.702382531750994e-05,1.2192510040515081e-05,0.004179860671310957,9.653563772647192e-06,4.179807685954053e-06,0.012170821202776958,2025-01-08,250,48881,191,0.01,2.3410344444410668e-05,8.207134523848601e-06,2.3410344444410668e-05,8.207134523848601e-06,0.004838423756184515,0.002864809683704766,0.40790434487203786,1.5203209920562066e-05,0.04267627428043633,0.21465968586387435,0.09424083769633508,1.0
2025-01-14,2023-07-19,4.9882158665489175e-05,1.4866523876995784e-05,0.0042235494880546055,1.731870497823791e-05,8.60997522268671e-06,0.012151980598221507,2025-01-10,250,48864,186,0.01,3.465086581177487e-05,1.1940073699980249e-05,3.465086581177487e-05,1.1940073699980249e-05,0.005886498603735065,0.003455441172987937,0.41298870421961675,2.271079211179462e-05,0.04277209184386899,0.15053763440860216,0.03225806451612903,1.0
2025-01-15,2023-07-21,2.882014186093787e-05,5.2198725865313515e-06,0.004243827160493825,8.769214494334493e-06,9.249305657813605e-06,0.012135282296157608,2025-01-13,250,48839,193,0.01,1.936607766217669e-05,7.1197607185867135e-06,1.936607766217669e-05,7.1197607185867135e-06,0.004400690589234454,0.002668287975198088,0.3936660801089712,1.2246316943589979e-05,0.04267627428043631,0.23316062176165803,0.10880829015544041,1.0
2025-01-16,2023-07-24,5.568923086112965e-05,2.112563859187662e-05,0.004161937192584184,7.4170341579696575e-06,9.006276836858055e-06,0.011918485778872426,2025-01-14,250,48798,191,0.01,3.269043557323668e-05,1.5351492415401805e-05,3.269043557323668e-05,1.5351492415401805e-05,0.005717555034561249,0.003918098060973181,0.3147249064872628,1.7338943157834875e-05,0.042580447535118374,0.17277486910994763,0.05235602094240838,1.0
2025-01-17,2023-07-26,2.8189353752986445e-05,1.0088625254074846e-05,0.00433715937965478,6.784866706759948e-06,8.287960084310656e-06,0.011941450882293286,2025-01-15,250,48780,198,0.01,1.7811420639664508e-05,9.215575474795239e-06,1.7811420639664508e-05,9.215575474795239e-06,0.004220357880519673,0.00303571663282251,0.2806968700842243,8.595845164869269e-06,0.04248461160615529,0.21212121212121213,0.12626262626262627,1.0
2025-01-21,2023-07-28,3.6855528293784694e-05,1.665325213431846e-05,0.004304722149752152,6.1313298477117334e-06,1.082877833011395e-05,0.011822751765453995,2025-01-16,250,48752,202,0.01,2.210182903997738e-05,1.3856351347150949e-05,2.210182903997738e-05,1.3856351347150949e-05,0.004701258240086092,0.003722412033500718,0.20820941045932617,8.24547769282643e-06,0.04248461160615529,0.12376237623762376,0.039603960396039604,1.0
2025-01-22,2023-07-31,3.8054215526692615e-05,2.238066659220505e-05,0.004446640316205535,7.160203374240345e-06,1.2164066376848182e-05,0.011715512809883094,2025-01-17,250,48726,192,0.01,2.518171046317083e-05,1.8123749835806354e-05,2.518171046317083e-05,1.8123749835806354e-05,0.005018138147079136,0.004257199764611282,0.15163759150607825,7.057960627364476e-06,0.042676274280436306,0.11458333333333333,0.052083333333333336,1.0
2025-01-23,2023-08-02,3.689662158258448e-05,1.9672372562189155e-05,0.004422999597909128,6.499311000681589e-06,1.2140787729037341e-05,0.011650023085548444,2025-01-21,250,48720,195,0.01,2.395827912977453e-05,1.6466621069104024e-05,2.395827912977453e-05,1.6466621069104024e-05,0.004894719514923662,0.00405790845992169,0.17096200353270363,7.491658060670507e-06,0.04267627428043631,0.11282051282051282,0.05128205128205128,1.0
2025-01-24,2023-08-04,4.005938195815866e-05,2.1755854858074324e-05,0.004426361441473666,6.157434455140692e-06,1.1233875579755815e-05,0.011586781467814678,2025-01-22,250,48690,200,0.01,2.5142525056830754e-05,1.712618397561418e-05,2.5142525056830754e-05,1.712618397561418e-05,0.0050142322499891,0.004138379390004519,0.1746733729747928,8.016341081216574e-06,0.042676274280436306,0.12,0.065,1.0
2025-01-27,2023-08-07,4.4899674727505216e-05,2.578134733477501e-05,0.0044438459466738505,8.004601904396282e-06,6.710554060495384e-06,0.01162070496899518,2025-01-23,250,48660,205,0.01,2.8161909983363117e-05,1.7129719166443277e-05,2.8161909983363117e-05,1.7129719166443277e-05,0.005306779624533425,0.004138806490577118,0.22009075495743724,1.103219081691984e-05,0.04258044753511838,0.12682926829268293,0.1024390243902439,1.0
2025-01-28,2023-08-09,3.419509881266926e-05,2.1201323916253597e-05,0.004306969459671104,5.63972234084371e-06,7.362726948972858e-06,0.011787443482323103,2025-01-24,250,48656,200,0.01,2.1059625635629508e-05,1.4835569311304455e-05,2.1059625635629508e-05,1.4835569311304455e-05,0.004589076773778089,0.0038516969391820606,0.16068152069483876,6.224056324325053e-06,0.04229291219025145,0.155,0.05,1.0
2025-01-29,2023-08-11,2.9154488687215134e-05,2.2722371745402335e-05,0.004155124653739614,8.267607152635311e-06,7.203479105713498e-06,0.01168702441606564,2025-01-27,250,48664,166,0.01,2.1856662608867967e-05,1.7300108052017082e-05,2.1856662608867967e-05,1.7300108052017082e-05,0.004675110972893367,0.004159339857719862,0.11032275344135867,4.556554556850885e-06,0.04219704869978836,0.3253012048192771,0.26506024096385544,1.0
2025-01-30,2023-08-14,2.4912320504711277e-05,1.8066875967341712e-05,0.004136029411764706,5.268884208897787e-06,9.728413935435444e-06,0.01173965204965022,2025-01-28,250,48658,193,0.01,1.544683047615866e-05,1.4048860584091543e-05,1.544683047615866e-05,1.4048860584091543e-05,0.003930245599979556,0.0037481809700295344,0.04632398289587014,1.3979698920671185e-06,0.042197048699788346,0.22279792746113988,0.17616580310880828,1.0
2025-01-31,2023-08-16,6.187814867774075e-06,2.2476863998815394e-06,0.004166842038806346,5.265085245224794e-06,7.460303385899885e-06,0.011676980034377893,2025-01-29,250,48631,193,0.01,5.743183495250327e-06,4.759465569310068e-06,5.743183495250327e-06,4.759465569310068e-06,0.0023964940006706314,0.0021816199415365793,0.08966183895053448,9.837179259402592e-07,0.04210117601863539,0.2849740932642487,0.19170984455958548,1.0
2025-02-03,2023-08-18,1.1018248151489746e-05,4.91578715157822e-06,0.004194915254237288,7.5486870543306114e-06,4.985154537033639e-06,0.011739456980492504,2025-01-30,250,48607,194,0.01,9.355004945119646e-06,4.9490405889357146e-06,9.355004945119646e-06,4.9490405889357146e-06,0.0030585952568327256,0.0022246439240776747,0.27265828353459043,4.405964356183931e-06,0.04219704869978835,0.1958762886597938,0.11855670103092783,1.0
2025-02-04,2023-08-21,3.3833540320088314e-06,1.5003678127209777e-06,0.004341914828297003,5.821189231208768e-06,7.040585341250646e-06,0.011818993927430282,2025-01-31,250,48573,198,100.0,4.553022435665368e-06,4.158552990550868e-06,4.553022435665368e-06,4.158552990550868e-06,0.0021337812530026054,0.002039253047208921,0.04430079496699424,3.944694451144996e-07,0.04248461160615529,0.3686868686868687,0.1717171717171717,1.0
2025-02-05,2023-08-23,3.5793154906271998e-06,1.6715494005349062e-06,0.004252577319587628,5.300795871509075e-06,8.647875472414666e-06,0.011740237296021803,2025-02-03,250,48541,183,100.0,4.331875219974467e-06,4.721309431957752e-06,4.331875219974467e-06,4.721309431957752e-06,0.002081315742499073,0.0021728574347981856,-0.04398260697783263,-3.894342119832847e-07,0.042388766491786634,0.2677595628415301,0.12568306010928962,1.0
2025-02-06,2023-08-25,5.066507737972104e-06,1.9605902646031075e-06,0.004258614014711574,7.651831648563829e-06,1.0373953225269853e-05,0.01169282711595114,2025-02-04,250,48533,161,100.0,6.4153723869764825e-06,6.350170939733583e-06,6.4153723869764825e-06,6.350170939733583e-06,0.0025328585406564816,0.0025199545511246,0.005094634905483897,6.520144724289907e-08,0.042388766491786634,0.33540372670807456,0.2857142857142857,1.0
2025-02-07,2023-08-28,3.657613018061989e-06,1.950940581816419e-06,0.004244918960638025,5.28417059158487e-06,6.232359593688601e-06,0.011652328803272199,2025-02-05,250,48509,182,100.0,4.488766063873131e-06,4.138698648322533e-06,4.488766063873131e-06,4.138698648322533e-06,0.0021186708248034027,0.0020343791800749764,0.039785153852886945,3.50067415550598e-07,0.042484611606155305,0.37362637362637363,0.27472527472527475,1.0
2025-02-10,2023-08-30,4.299266450762663e-06,2.800921859786922e-06,0.0032948205421078056,4.453575860743225e-06,7.152512564229075e-06,0.011759974699136106,2025-02-06,250,48474,187,100.0,4.372707827705284e-06,4.87199978863907e-06,4.372707827705284e-06,4.87199978863907e-06,0.0020911020605664573,0.002207260697932863,-0.05554900430586329,-4.992919609337861e-07,0.04258044753511838,0.26737967914438504,0.11229946524064172,1.0
2025-02-11,2023-09-01,5.224473869385729e-06,4.057830324412041e-06,0.004392708104546452,4.9549018501515955e-06,8.857093338741399e-06,0.011680648094568901,2025-02-07,250,48453,182,100.0,5.107461839058825e-06,6.141026907555004e-06,5.107461839058825e-06,6.141026907555004e-06,0.002259969433213384,0.0024781095430902573,-0.09652347800417194,-1.0335650684961797e-06,0.04258044753511838,0.26373626373626374,0.17032967032967034,1.0
2025-02-12,2023-09-06,4.993084501593688e-06,2.860086347168645e-06,0.004298856504169891,8.435085333613287e-06,1.0159951901249378e-05,0.011671771488989112,2025-02-10,250,48445,180,100.0,6.465495968624295e-06,5.982806611969848e-06,6.465495968624295e-06,5.982806611969848e-06,0.002542733955533747,0.0024459776393029125,0.038052080132199406,4.826893566544469e-07,0.04258044753511838,0.25555555555555554,0.15,1.0
2025-02-13,2023-09-08,5.813667785352742e-06,2.247826328590372e-06,0.004221724996833707,5.916889099802218e-06,9.66847533687159e-06,0.011709493503049583,2025-02-11,250,48436,185,100.0,5.865557419103019e-06,5.978206640861471e-06,5.865557419103019e-06,5.978206640861471e-06,0.002421891289695518,0.002445037145088285,-0.00955693407513647,-1.1264922175845207e-07,0.04258044753511838,0.31891891891891894,0.1837837837837838,1.0
2025-02-14,2023-09-11,5.738241199798426e-06,3.2321038892838488e-06,0.004140272429925887,5.560255125208323e-06,9.798050645041968e-06,0.011587161530513503,2025-02-12,250,48421,188,100.0,5.6530351002606115e-06,6.375376272359545e-06,5.6530351002606115e-06,6.375376272359545e-06,0.002377611217222154,0.0025249507465215128,-0.061969563498064595,-7.223411720989331e-07,0.04248461160615529,0.2553191489361702,0.14361702127659576,1.0
2025-02-18,2023-09-13,5.108647936929156e-06,2.470448120624901e-06,0.004088307440719543,5.690055499018396e-06,8.737829019989656e-06,0.01158773167131376,2025-02-13,250,48434,203,100.0,5.380735219680278e-06,5.403458886337471e-06,5.380735219680278e-06,5.403458886337471e-06,0.002319641183390284,0.002324534122429153,-0.002109351685038341,-2.272366665719242e-08,0.0424846116061553,0.2512315270935961,0.10837438423645321,1.0
2025-02-19,2023-09-15,6.537968377162205e-06,3.299834978433917e-06,0.004090481449666625,6.804609319875737e-06,1.0963857487619923e-05,0.011553811182521384,2025-02-14,250,48426,188,100.0,6.655687516764455e-06,6.683419384085186e-06,6.655687516764455e-06,6.683419384085186e-06,0.0025798619181585,0.0025852310117444413,-0.002081155409191071,-2.7731867320730978e-08,0.04248461160615529,0.2712765957446808,0.11702127659574468,1.0
2025-02-20,2023-09-18,7.296102424374519e-06,3.5644800794867303e-06,0.004083799567117246,5.230208093678346e-06,8.457661348587665e-06,0.011526666992968195,2025-02-18,250,48414,199,100.0,6.320252841030598e-06,5.875832035745463e-06,6.320252841030598e-06,5.875832035745463e-06,0.0025140113048732694,0.002424011558500797,0.03579926080603257,4.4442080528513534e-07,0.042484611606155284,0.22613065326633167,0.08040201005025126,1.0
2025-02-21,2023-09-20,6.000964024510355e-06,2.763173473342499e-06,0.004067851767481592,8.509023159479996e-06,5.02642721440905e-06,0.011574822241882108,2025-02-19,250,48401,198,100.0,7.216992696010786e-06,3.86050862052628e-06,7.216992696010786e-06,3.86050862052628e-06,0.0026864461088975497,0.001964817706690949,0.2686182312820483,3.356484075484506e-06,0.04238876649178661,0.23737373737373738,0.18686868686868688,1.0
2025-02-24,2023-09-22,5.372368340146756e-06,3.0893798373308604e-06,0.004072490327835471,8.165631483614359e-06,3.890009305064811e-06,0.011776244291095778,2025-02-20,250,48382,201,100.0,6.692567338303086e-06,3.467786799692678e-06,6.692567338303086e-06,3.467786799692678e-06,0.002586999678837067,0.0018621994521781703,0.2801702035713881,3.2247805386104083e-06,0.04229291219025145,0.23880597014925373,0.1691542288557214,1.0
2025-02-25,2023-09-25,6.567689087246553e-06,4.462107966395114e-06,0.004046944556859569,1.1350700090630008e-05,5.358691927207548e-06,0.011830076522496274,2025-02-21,250,48347,192,100.0,8.685167916869437e-06,4.859033157379785e-06,8.685167916869437e-06,4.859033157379785e-06,0.0029470608946659785,0.0022043214732383716,0.25202717146833487,3.826134759489652e-06,0.04219704869978835,0.23958333333333334,0.16666666666666666,1.0
2025-02-26,2023-09-27,8.442178816397709e-06,5.6230451127142575e-06,0.004047927461139898,8.481307240331915e-06,3.4451965489637027e-06,0.011889203015616584,2025-02-24,250,48324,198,100.0,8.45996446364053e-06,4.633113947373096e-06,8.45996446364053e-06,4.633113947373096e-06,0.0029086018056173535,0.0021524669445483003,0.2599650662420472,3.826850516267434e-06,0.042101176018635375,0.23232323232323232,0.15151515151515152,1.0
2025-02-27,2023-09-29,9.847440636307072e-06,9.437575628987169e-06,0.004160426027625229,1.5149428011247157e-05,3.4283040977798516e-06,0.011883203821441788,2025-02-25,250,48304,199,0.01,1.2511755900096058e-05,6.417841191194547e-06,1.2511755900096058e-05,6.417841191194547e-06,0.0035371960505598296,0.002533345849108358,0.2837982930837528,6.0939147089015105e-06,0.042197048699788346,0.22110552763819097,0.17587939698492464,1.0
2025-02-28,2023-10-02,6.795447624257346e-06,4.3474245392321856e-06,0.004214075010535186,1.1057146686686604e-05,3.830081554745346e-06,0.012075959319716263,2025-02-26,250,48288,176,0.01,8.950511354690324e-06,4.085813598213272e-06,8.950511354690324e-06,4.085813598213272e-06,0.002991740522620624,0.0020213395553971805,0.32436000377914387,4.864697756477052e-06,0.04229291219025145,0.3522727272727273,0.26704545454545453,1.0
2025-03-03,2023-10-04,1.1047099391752101e-05,1.1460394574081762e-05,0.004134965266291763,1.8846071183033286e-05,6.032560950593856e-06,0.011890403581406306,2025-02-27,250,48268,191,0.01,1.4803672191740948e-05,8.845940682139945e-06,1.4803672191740948e-05,8.845940682139945e-06,0.0038475540531279022,0.002974212615490013,0.22698613861653194,5.957731509601003e-06,0.04229291219025144,0.18324607329842932,0.09947643979057591,1.0
2025-03-04,2023-10-06,1.827054036526881e-05,1.9705392959912943e-05,0.004201151115405623,2.668511679516288e-05,1.1338015585802442e-05,0.012102437603850831,2025-02-28,250,48234,190,0.01,2.190209440343362e-05,1.609420904055999e-05,2.190209440343362e-05,1.609420904055999e-05,0.0046799673506803035,0.004011758846261823,0.14278059104864205,5.807885362873629e-06,0.04258044753511838,0.15263157894736842,0.13157894736842105,1.0
2025-03-05,2023-10-09,1.1302734894797963e-05,1.1218301967020728e-05,0.004238545331242315,1.2169843177368978e-05,2.78469454527838e-06,0.012247408383316578,2025-03-03,250,48213,195,0.01,1.1711832135805827e-05,7.239369234711519e-06,1.1711832135805827e-05,7.239369234711519e-06,0.003422255416506171,0.002690607595825062,0.21379112066043826,4.472462901094308e-06,0.04248461160615529,0.2358974358974359,0.14358974358974358,1.0
2025-03-06,2023-10-11,2.0442800756981155e-05,2.231005301430691e-05,0.004241961482989733,2.7210578452063313e-05,1.0882588885832335e-05,0.012117174904812544,2025-03-04,250,48195,187,0.01,2.3880976591381183e-05,1.650465679930646e-05,2.3880976591381183e-05,1.650465679930646e-05,0.004886816611187818,0.004062592374249041,0.16866281313929565,7.376319792074723e-06,0.04258044753511838,0.19786096256684493,0.1443850267379679,1.0
2025-03-07,2023-10-13,1.4488753188795623e-05,1.3844034280778664e-05,0.00424935197382399,1.7727057714819602e-05,5.312557801424574e-06,0.012336156169789248,2025-03-05,250,48184,190,0.01,1.6124949159839318e-05,9.533393533315545e-06,1.6124949159839318e-05,9.533393533315545e-06,0.004015588270706961,0.003087619395799221,0.2310916389703388,6.5915556265237725e-06,0.04248461160615529,0.21052631578947367,0.10526315789473684,1.0
2025-03-10,2023-10-16,5.175702016572954e-05,5.448773758469806e-05,0.004182875308487055,3.392864382406332e-05,1.557546594167808e-05,0.012267398249756914,2025-03-06,250,48143,189,0.01,4.22296867767968e-05,3.369334903472442e-05,4.22296867767968e-05,3.369334903472442e-05,0.006498437256509968,0.005804597232773728,0.10677028897080887,8.536337742072381e-06,0.04248461160615529,0.1164021164021164,0.031746031746031744,1.0
2025-03-11,2023-10-18,4.617787853685687e-05,6.753250817367762e-05,0.004395990856339018,3.4388355807575836e-05,1.757096530721658e-05,0.012603089657140817,2025-03-07,250,48117,203,0.01,4.060253773877323e-05,4.3905374601361074e-05,4.060253773877323e-05,4.3905374601361074e-05,0.0063720120636085766,0.006626113083955108,-0.03987767408629628,-3.3028368625878435e-06,0.04238876649178662,0.13793103448275862,0.07881773399014778,1.0
2025-03-12,2023-10-20,2.8239691861186314e-05,4.731683847634998e-05,0.004528165187466037,2.0095904406514702e-05,7.781996684245526e-06,0.01270873506979422,2025-03-10,250,48089,200,0.01,2.4493549632037373e-05,2.9130811251981926e-05,2.4493549632037373e-05,2.9130811251981926e-05,0.004949095839851697,0.0053972966614761805,-0.0905621624894446,-4.637261619944553e-06,0.0424846116061553,0.135,0.085,1.0
2025-03-13,2023-10-23,4.3543650055280505e-05,6.795552797869273e-05,0.004608719697667989,2.843345256642028e-05,1.1858001936251829e-05,0.012641651904736342,2025-03-11,250,48050,208,0.01,3.60611964910853e-05,4.0176464601907086e-05,3.60611964910853e-05,4.0176464601907086e-05,0.0060050975421790855,0.006338490719556753,-0.0555183616978665,-4.11526811082179e-06,0.042580447535118374,0.1201923076923077,0.0673076923076923,1.0
2025-03-14,2023-10-25,1.2330620954282456e-05,2.5846196927582635e-05,0.004769172071728347,1.9336977504180317e-05,7.358556756172978e-06,0.012812447861883864,2025-03-12,250,48034,191,0.01,1.5595363011564705e-05,1.7231537371271326e-05,1.5595363011564705e-05,1.7231537371271326e-05,0.003949096480407222,0.00415108869710963,-0.051148969822479406,-1.6361743597066207e-06,0.042484611606155284,0.193717277486911,0.12041884816753927,1.0
2025-03-17,2023-10-27,8.581427780477026e-06,2.0013863461476388e-05,0.004684060143332239,1.2867609438712685e-05,5.887672721560813e-06,0.009719271157228905,2025-03-13,250,48039,186,0.01,1.058625468513564e-05,1.3406451663773942e-05,1.058625468513564e-05,1.3406451663773942e-05,0.0032536525145036065,0.0036614821676165437,-0.12534517785626464,-2.8201969786383024e-06,0.04238876649178663,0.1989247311827957,0.20430107526881722,1.0
2025-03-18,2023-10-30,1.294020802727026e-05,2.6944487125184782e-05,0.004672897196261682,1.2338163281230035e-05,4.029714382910828e-06,0.009644896411883982,2025-03-14,250,47990,201,0.01,1.2661650010445676e-05,1.6342129587714742e-05,1.2661650010445676e-05,1.6342129587714742e-05,0.0035583212348586062,0.004042539992098377,-0.13608067548713376,-3.6804795772690665e-06,0.04248461160615529,0.12935323383084577,0.0945273631840796,1.0
2025-03-19,2023-11-03,7.784928592058417e-06,1.5483081324174334e-05,0.0047016784992242235,9.444577441787786e-06,4.170625638677396e-06,0.009750281629888419,2025-03-17,250,47955,188,0.01,8.54412966161547e-06,1.0308234574425736e-05,8.54412966161547e-06,1.0308234574425736e-05,0.0029230343243991284,0.0032106439501174426,-0.09839420061460835,-1.7641049128102664e-06,0.04248461160615529,0.20212765957446807,0.11702127659574468,1.0
2025-03-20,2023-11-06,7.539207897303848e-06,1.5126299366061612e-05,0.004645976584278016,1.0976479931098302e-05,4.377001418412901e-06,0.00964523654188634,2025-03-18,250,47957,183,0.01,9.135755016825862e-06,1.0133456057044452e-05,9.135755016825862e-06,1.0133456057044452e-05,0.0030225411522137894,0.003183308979198289,-0.05318962385896686,-9.977010402185897e-07,0.042388766491786634,0.2185792349726776,0.12568306010928962,1.0
2025-03-21,2023-11-08,6.257504354002391e-06,8.90290068501961e-06,0.004670714619336758,8.423930280187465e-06,3.993029175088637e-06,0.009673209075315213,2025-03-19,250,47959,200,0.01,7.30822092820215e-06,6.521613002703086e-06,7.30822092820215e-06,6.521613002703086e-06,0.0027033721401616443,0.0025537448977341268,0.055348370357390264,7.866079254990634e-07,0.04238876649178662,0.28,0.205,1.0
2025-03-24,2023-11-09,5.140215531092893e-05,4.770917010405216e-05,0.0045814816511659875,0.00014618777700269427,0.00011970490551343518,0.012705470052129509,2025-03-20,250,48049,144,0.01,9.747849918887043e-05,8.27070970391689e-05,9.747849918887043e-05,8.27070970391689e-05,0.009873120033144053,0.009094344233597545,0.07887838868890062,1.4771402149701531e-05,0.04238876649178663,0.041666666666666664,0.020833333333333332,1.0
2025-03-25,2023-11-10,8.612944429829264e-05,6.923161567330697e-05,0.00453042178226793,7.3087784847335124e-06,5.856209943067513e-06,0.0124819380574136,2025-03-21,250,48079,159,0.01,4.6966975120486545e-05,3.7743206536898696e-05,4.6966975120486545e-05,3.7743206536898696e-05,0.006853245590264991,0.006143549994660961,0.10355613063278368,9.223768583587849e-06,0.042388766491786634,0.10062893081761007,0.05660377358490566,1.0
2025-03-26,2023-11-13,5.227717755231786e-05,4.928282524374838e-05,0.004469273743016759,8.10678247332914e-05,6.951094998506986e-05,0.012452005352239939,2025-03-24,250,48025,137,0.01,6.383546656657731e-05,5.7403605249388395e-05,6.383546656657731e-05,5.7403605249388395e-05,0.007989710042709767,0.007576516696304997,0.051715687327325344,6.4318613171889175e-06,0.04238876649178663,0.014598540145985401,0.0072992700729927005,1.0
2025-03-27,2023-11-16,4.278856549653522e-05,3.184620168428555e-05,0.004514061300952465,1.5583347762717098e-05,1.2327643549590788e-05,0.012602456954923588,2025-03-25,250,47990,172,0.01,2.9027786759080704e-05,2.1973442627782965e-05,2.9027786759080704e-05,2.1973442627782965e-05,0.005387744125242094,0.004687583879546367,0.12995424976019376,7.0543441312977385e-06,0.042388766491786634,0.06395348837209303,0.029069767441860465,1.0
2025-03-28,2023-11-17,0.00028620511516864777,0.00029560564677085036,0.004467277194549923,0.00020713077297807223,0.0001865768768068981,0.01263601431896734,2025-03-26,250,47937,156,0.01,0.0002481886045001018,0.00024318796890356558,0.0002481886045001018,0.00024318796890356558,0.015754002808813443,0.015594485208033177,0.01012552826834745,5.000635596536245e-06,0.04238876649178663,0.0,0.019230769230769232,1.0
2025-03-31,2023-11-20,0.00013088949291329533,0.0001232211792467166,0.004589261128958237,3.1927843088011094e-05,1.7024087669480126e-05,0.012895711406255618,2025-03-27,250,47911,163,0.01,8.171223134367555e-05,7.04483914077218e-05,8.171223134367555e-05,7.04483914077218e-05,0.009039481807253972,0.00839335400228787,0.07147841200892735,1.1263839935953747e-05,0.04238876649178663,0.03067484662576687,0.006134969325153374,1.0
2025-04-01,2023-11-21,7.864208517684818e-06,1.3606024363781735e-05,0.004501868275334263,1.2086590557792315e-05,4.579932724131479e-06,0.012809723091224362,2025-03-28,250,47868,199,0.01,9.879918536831614e-06,9.297086143848196e-06,9.879918536831614e-06,9.297086143848196e-06,0.0031432337706304336,0.003049112353431437,0.029944135265548177,5.828323929834175e-07,0.04229291219025144,0.19095477386934673,0.10552763819095477,1.0
2025-04-02,2023-11-22,7.655008663909905e-06,1.2791341436066134e-05,0.0044804874770375,9.752323178388355e-06,3.8393787668131985e-06,0.012773643866873453,2025-03-31,250,47848,204,0.01,8.683104014144441e-06,8.403124441334301e-06,8.683104014144441e-06,8.403124441334301e-06,0.0029467107109698502,0.0028988143164635953,0.01625418957074709,2.799795728101403e-07,0.04229291219025144,0.23529411764705882,0.14705882352941177,1.0
2025-04-03,2023-11-24,9.665553930038498e-05,0.00012449978945499611,0.004466479074545539,5.729513902257354e-05,3.4296619986792135e-05,0.012693316445830079,2025-04-01,250,47858,200,100.0,7.736894316425737e-05,8.030023641557616e-05,7.736894316425737e-05,8.030023641557616e-05,0.00879596175322843,0.008961039918200128,-0.018767494630261172,-2.931293251318793e-06,0.04229291219025145,0.115,0.1,1.0
2025-04-04,2023-11-27,0.00023755059402030888,0.00023755059402030888,0.004921502042423347,0.00019540416420864434,0.00017018971725942268,0.013351278181479402,2025-04-02,250,47871,183,100.0,0.00021198636610175828,0.0001966923572964927,0.00021198636610175828,0.0001966923572964927,0.014559751581045546,0.014024705248114583,0.036748314691543715,1.5294008805265578e-05,0.04219704869978835,0.10382513661202186,0.07103825136612021,0.6065573770491803
2025-04-07,2023-11-29,0.0003069566451318276,0.0003069566451318276,0.0053084191527763055,0.0002529295056856836,0.0002593156191534763,0.014181505303989867,2025-04-03,250,47884,200,100.0,0.00028021321110598634,0.0002833743372725437,0.00028021321110598634,0.0002833743372725437,0.016739570218676055,0.016833726185029377,-0.0056247541079803565,-3.1611261665573506e-06,0.041909403077209625,0.03,0.035,0.495
2025-04-08,2023-12-01,0.0005338251833968195,0.0005338251833968195,0.005510856387082552,0.00027478298165469845,0.0002705140134271225,0.01420681034140925,2025-04-04,250,47869,185,0.01,0.00038540100293917175,0.00038295499952229037,0.00038540100293917175,0.00038295499952229037,0.019631632712007723,0.01956923604850967,0.003178373618404562,2.446003416881385e-06,0.04200529414503013,0.07027027027027027,0.07027027027027027,0.572972972972973
2025-04-09,2023-12-04,2.992727654428368e-05,9.25843255845689e-05,0.005799791207516529,3.23399209965013e-05,1.8373388835285406e-05,0.014432869400580072,2025-04-07,250,47872,169,100.0,3.105508075567534e-05,5.789400603904584e-05,3.105508075567534e-05,5.789400603904584e-05,0.0055727085654711335,0.00760881107920586,-0.36537035623046044,-2.68389252833705e-05,0.04219704869978835,0.21301775147928995,0.2485207100591716,1.0
2025-04-10,2023-12-06,6.381804947820356e-05,6.381804947820356e-05,0.005028916268544128,6.873343323707945e-05,8.1029424824444e-05,0.013061191717400025,2025-04-08,250,47878,193,100.0,6.628847551245726e-05,7.246832620662492e-05,6.628847551245726e-05,7.246832620662492e-05,0.008141773486928832,0.008512833030585348,-0.04557478100468293,-6.179850694167652e-06,0.04258044753511838,0.17616580310880828,0.16062176165803108,0.5025906735751295
2025-04-11,2023-12-08,3.406602938938548e-05,3.406602938938548e-05,0.005251549207016071,3.258769001563129e-05,3.0011346754216413e-05,0.01365974875138206,2025-04-09,250,47865,208,100.0,3.32913226983316e-05,3.1941219739224766e-05,3.32913226983316e-05,3.1941219739224766e-05,0.0057698633171273305,0.005651656371297247,0.020486957720332266,1.3501029591068357e-06,0.04248461160615529,0.14903846153846154,0.16826923076923078,0.5240384615384616
2025-04-14,2023-12-11,7.086653182157949e-05,5.2025858491008104e-05,0.005046681806712085,3.12079331852469e-05,9.968912350518124e-06,0.013420292542233207,2025-04-10,250,47891,210,100.0,5.084838203371637e-05,3.0797114248665545e-05,5.084838203371637e-05,3.0797114248665545e-05,0.007130805146245154,0.005549514775966052,0.2217548141967891,2.0051267785050822e-05,0.04248461160615529,0.1619047619047619,0.11904761904761904,1.0
2025-04-15,2023-12-13,0.00017883489592204277,4.533448754708556e-05,0.0049377839225755475,6.13468037135898e-05,2.2569953673837092e-05,0.013291347009942129,2025-04-11,250,47931,212,100.0,0.00011953666070362547,3.384484073370072e-05,0.00011953666070362547,3.384484073370072e-05,0.0109332822475058,0.005817631883653409,0.4678970365938755,8.569181996992474e-05,0.04238876649178661,0.08018867924528301,0.08018867924528301,1.0
2025-04-16,2023-12-15,0.00011859075985634962,6.346453297921639e-05,0.00494706638963095,3.570657101923402e-05,1.3332670463638828e-05,0.0133286787820167,2025-04-14,250,47968,213,100.0,7.695410161423051e-05,3.828092129298728e-05,7.695410161423051e-05,3.828092129298728e-05,0.008772348694291086,0.006187157771787243,0.29469769301193494,3.867318032124323e-05,0.04238876649178661,0.07042253521126761,0.06572769953051644,1.0
2025-04-17,2023-12-18,0.00014496358454056874,3.725977451243946e-05,0.005147475163432337,4.8020715427076696e-05,1.6808265347351153e-05,0.013631683978236884,2025-04-15,250,48000,204,100.0,9.506651955568314e-05,2.6733262442173414e-05,9.506651955568314e-05,2.6733262442173414e-05,0.009750206128881745,0.005170421882416697,0.46971153080538053,6.833325711350973e-05,0.04238876649178662,0.06862745098039216,0.058823529411764705,1.0
2025-04-21,2023-12-20,8.003626841538773e-05,5.892003346841193e-05,0.005076657528683116,2.1238712273330278e-05,1.1365770143774183e-05,0.013612262305047394,2025-04-16,250,48006,216,100.0,5.063749034435899e-05,3.514290180609306e-05,5.063749034435899e-05,3.514290180609306e-05,0.007116002413178272,0.005928144887407279,0.16692764515807001,1.549458853826593e-05,0.04248461160615529,0.1111111111111111,0.10648148148148148,1.0
2025-04-22,2023-12-22,0.0001340253007293792,4.305408475890798e-05,0.0051770552909505075,3.6745966518543986e-05,1.2234395288608608e-05,0.013944171791079624,2025-04-17,250,47991,203,100.0,8.322919518086425e-05,2.6961044936978263e-05,8.322919518086425e-05,2.6961044936978263e-05,0.009123003627142995,0.005192402616995167,0.43084505616696267,5.626815024388599e-05,0.0424846116061553,0.19704433497536947,0.17733990147783252,1.0
2025-04-23,2023-12-27,0.00018744054267110674,3.5341036096421126e-05,0.0050065084609993,5.598875831794851e-05,1.9025445152416287e-05,0.013590575628259835,2025-04-21,250,47986,206,100.0,0.00012043841957847751,2.7024836828845846e-05,0.00012043841957847751,2.7024836828845846e-05,0.010974443930262595,0.005198541798316702,0.5263047648381113,9.341358274963167e-05,0.04238876649178661,0.14563106796116504,0.13592233009708737,1.0
2025-04-24,2023-12-29,0.00019810585774585624,0.0002427811416853655,0.004887585532746824,7.574791507150172e-05,5.382360035651735e-05,0.013383196369205484,2025-04-22,250,47986,223,100.0,0.00013884730254930784,0.00015126807234224624,0.00013884730254930784,0.00015126807234224624,0.011783348528720851,0.012299108599498024,-0.043770246591624984,-1.2420769792938398e-05,0.04238876649178661,0.09865470852017937,0.09865470852017937,1.0
2025-04-25,2024-01-03,0.00021226652407827298,0.00015818947977359345,0.004799155348658636,8.159686487985854e-05,4.82896064630148e-05,0.013107302127348222,2025-04-23,250,47987,223,100.0,0.0001472246757777169,0.00010348595539030095,0.0001472246757777169,0.00010348595539030095,0.012133617588242877,0.010172804696360829,0.16160167218241817,4.373872038741596e-05,0.04229291219025144,0.2062780269058296,0.13452914798206278,1.0
2025-04-28,2024-01-05,0.00017850821936983156,0.0002858728386031993,0.004778287461773699,6.902835525065508e-05,3.94404432248447e-05,0.013013277277349987,2025-04-24,250,48016,229,100.0,0.0001259196383518865,0.0001674991989018062,0.0001259196383518865,0.0001674991989018062,0.011221391997069103,0.01294214815638448,-0.1533460518770593,-4.157956054991969e-05,0.04229291219025144,0.10480349344978165,0.14410480349344978,1.0
2025-04-29,2024-01-08,0.00020500101111661597,0.000257306038747832,0.004758732273722281,8.287007471606734e-05,6.375092764499491e-05,0.013008316238540431,2025-04-25,250,48045,235,100.0,0.00014627422042188406,0.0001642348576643401,0.00014627422042188406,0.0001642348576643401,0.012094387972191237,0.012815414845581087,-0.0596166482378202,-1.796063724245604e-05,0.04229291219025144,0.11063829787234042,0.13191489361702127,1.0
2025-04-30,2024-01-10,0.00018485206746190347,0.0001633892887473426,0.004734624307561195,9.236958806128633e-05,5.226904992126401e-05,0.012926885192668493,2025-04-28,250,48095,216,100.0,0.0001433205836569967,0.00011348807038563139,0.0001433205836569967,0.00011348807038563139,0.011971657515022584,0.010653077977074578,0.11014176911537876,2.983251327136532e-05,0.042197048699788346,0.125,0.12037037037037036,1.0
2025-05-01,2024-01-12,0.00019140597667607835,0.00011164032052354691,0.004705882352941177,0.00010374817116615668,5.3513082399914224e-05,0.012921756771378077,2025-04-29,250,48136,218,100.0,0.00014878337399694213,8.3376617582698e-05,0.00014878337399694213,8.3376617582698e-05,0.012197679041397265,0.009131079759957089,0.25140842540884667,6.540675641424412e-05,0.04219704869978835,0.22935779816513763,0.12385321100917432,1.0
2025-05-02,2024-01-17,0.00024045650830968894,0.00014338423863214273,0.004687792987061691,0.0001103342986366533,5.563693317007972e-05,0.012830825290525897,2025-04-30,250,48166,230,100.0,0.00017539540347317112,9.951058590111122e-05,0.00017539540347317112,9.951058590111122e-05,0.013243692969605234,0.00997549928079348,0.2467735922534885,7.588481757205989e-05,0.042197048699788346,0.09565217391304348,0.14347826086956522,1.0
2025-05-05,2024-01-19,0.00016298657104639173,0.00022113832109748956,0.00486973459946433,9.614404963772157e-05,4.5250485502403e-05,0.012643148775495805,2025-05-01,250,48157,228,100.0,0.00013044481720269705,0.00013550871692619742,0.00013044481720269705,0.00013550871692619742,0.011421244117988944,0.011640821144841863,-0.01922531596247712,-5.063899723500376e-06,0.04238876649178661,0.17543859649122806,0.16666666666666666,1.0
2025-05-06,2024-01-22,0.0001920517344828009,0.0002547979624531269,0.00502790487203982,9.272523921025817e-05,2.8587296412493667e-05,0.012716067150538588,2025-05-02,250,48162,232,100.0,0.00014410101262709064,0.0001455928133300626,0.00014410101262709064,0.0001455928133300626,0.012004208121616795,0.012066184704788114,-0.0051629047533516825,-1.4918007029719738e-06,0.04238876649178662,0.1853448275862069,0.16379310344827586,1.0
2025-05-07,2024-01-24,0.0001734690851010066,0.0001657225091244432,0.005037529595486374,9.98411539096824e-05,3.094215107754716e-05,0.012823248031496062,2025-05-05,250,48175,226,100.0,0.0001373066941176571,9.952507663238365e-05,0.0001373066941176571,9.952507663238365e-05,0.011717793910018093,0.009976225570444147,0.14862595749230556,3.778161748527347e-05,0.04238876649178661,0.19911504424778761,0.18584070796460178,1.0
2025-05-08,2024-01-26,0.00021026675399134939,9.72675203974693e-05,0.005095541401273885,0.00011166248210608788,3.365906970191625e-05,0.012769546467076539,2025-05-06,250,48197,221,100.0,0.00016252622416454857,6.647066870324225e-05,0.00016252622416454857,6.647066870324225e-05,0.012748577338846424,0.008152954599606344,0.36048122210755806,9.605555546130632e-05,0.042484611606155284,0.22171945701357465,0.14027149321266968,1.0
2025-05-09,2024-01-29,0.0002206156921019006,0.00017819408087332747,0.005063547521393487,0.00011043377266950278,3.175029650180105e-05,0.012681186068736064,2025-05-07,250,48214,220,100.0,0.00016802886691825617,0.00010830045651418987,0.00016802886691825617,0.00010830045651418987,0.012962594914532204,0.010406750526182026,0.1971707366620593,5.97284104040663e-05,0.042484611606155284,0.18181818181818182,0.17272727272727273,1.0
2025-05-12,2024-01-31,0.00028884578819224615,0.00015392442964153036,0.0037777665843953057,0.00014249722228904237,3.793887887415816e-05,0.012697365063614133,2025-05-08,250,48230,211,100.0,0.0002208734684836491,0.00010005436340834325,0.0002208734684836491,0.00010005436340834325,0.01486181242256977,0.010002717801095023,0.3269516855222532,0.00012081910507530585,0.042484611606155284,0.13270142180094788,0.1848341232227488,1.0
2025-05-13,2024-02-02,0.0005149615576400393,0.0001133671943251353,0.004791498647943454,0.000168909664521675,3.852108698713518e-05,0.012291173090447523,2025-05-09,250,48244,225,100.0,0.00035193266577094315,7.81063615347886e-05,0.00035193266577094315,7.81063615347886e-05,0.01875986849023583,0.008837780351128251,0.5288996638900665,0.00027382630423615457,0.04325104199431495,0.09333333333333334,0.12,1.0
2025-05-14,2024-02-05,0.00044552243393494896,0.00011163409367029501,0.004743342882637486,0.00016892817299987578,3.5078976910590486e-05,0.012210536091609301,2025-05-12,250,48260,219,100.0,0.0003255386221137985,7.842525306677023e-05,0.0003255386221137985,7.842525306677023e-05,0.01804268888258617,0.008855803355245093,0.5091749676073927,0.00024711336904702827,0.04315527031392761,0.136986301369863,0.1415525114155251,1.0
2025-05-15,2024-02-07,0.0004675509084484482,0.0001299076959929993,0.004756746573729573,0.00020291097725283973,4.321952040872182e-05,0.012194950560765158,2025-05-13,250,48290,223,100.0,0.00034413138896708826,8.947912980122866e-05,0.00034413138896708826,8.947912980122866e-05,0.018550778662015464,0.009459340875622817,0.49008389092627447,0.00025465225916585963,0.0431552703139276,0.11659192825112108,0.13901345291479822,1.0
2025-05-16,2024-02-09,0.0004601626270575948,0.00013880587658859754,0.004776542917947505,0.00020748549440555877,4.1139242400154514e-05,0.012135675574975444,2025-05-14,250,48331,215,100.0,0.00034146313683501036,9.292527169077082e-05,0.00034146313683501036,9.292527169077082e-05,0.0184787211904669,0.00963977550001922,0.47833102731197963,0.0002485378651442395,0.0428679002271758,0.12093023255813953,0.12558139534883722,1.0
2025-05-19,2024-02-12,0.00040360814723375645,9.139246852078962e-05,0.004780838776862633,0.00019344119812912566,3.649740753791384e-05,0.012059291484348702,2025-05-15,250,48358,205,100.0,0.0003082641166643386,6.648885548953378e-05,0.0003082641166643386,6.648885548953378e-05,0.01755745188415274,0.00815406987274047,0.5355778317638284,0.00024177526117480483,0.04277209184386898,0.13170731707317074,0.13170731707317074,1.0
2025-05-20,2024-02-14,0.0004839091619966962,8.256627999281048e-05,0.004837628125299357,0.0001960586191069725,4.098153534182181e-05,0.012046114146423467,2025-05-16,250,48384,205,100.0,0.00034630256100551124,6.268674352550858e-05,0.00034630256100551124,6.268674352550858e-05,0.018609206350769267,0.007917496038869144,0.5745387584171826,0.00028361581748000266,0.04296369943211567,0.13658536585365855,0.07317073170731707,1.0
2025-05-21,2024-02-16,0.00031294643025865583,0.00015508247438260345,0.004882529246833607,0.00015278531941451216,3.157607945851412e-05,0.01208675212954373,2025-05-19,250,48380,225,100.0,0.00023962823285000342,9.85439913729092e-05,0.00023962823285000342,9.85439913729092e-05,0.015479930001456836,0.009926932626592628,0.35872238274602075,0.0001410842414770942,0.0428679002271758,0.1688888888888889,0.13777777777777778,1.0
2025-05-22,2024-02-21,0.0003093132547414069,6.870017265229219e-05,0.004997773269335445,0.00014934238807562712,2.9708227953204436e-05,0.012293914490615246,2025-05-20,250,48378,230,100.0,0.00023350097445197217,5.022138146881147e-05,0.00023350097445197217,5.022138146881147e-05,0.015280738674945402,0.007086704556337273,0.5362328545048171,0.0001832795929831607,0.04267627428043632,0.22608695652173913,0.14347826086956522,1.0
2025-05-23,2024-02-23,0.0002254836029946845,0.0001191046900665215,0.005015891934843067,0.0001341110895991634,2.2616997037628767e-05,0.012289065152892355,2025-05-21,250,48399,225,100.0,0.00018365529686251256,7.493476836885063e-05,0.00018365529686251256,7.493476836885063e-05,0.013551948083670943,0.00865648706860067,0.3612367007935138,0.00010872052849366194,0.04277209184386899,0.18222222222222223,0.11555555555555555,1.0
2025-05-27,2024-02-26,0.0002966359394237296,8.9029373999368e-05,0.005172325498028372,0.0001679251542464899,2.5858020045571802e-05,0.012373523164856423,2025-05-22,250,48437,222,100.0,0.0002369187733279833,5.972014220999409e-05,0.0002369187733279833,5.972014220999409e-05,0.015392165972597335,0.007727880835649194,0.49793415368524896,0.00017719863111798922,0.04267627428043632,0.22072072072072071,0.12162162162162163,1.0
2025-05-28,2024-02-28,0.0002973599968400303,8.29245714649472e-05,0.005044703061785128,0.0001606767619504158,2.340750338064145e-05,0.012121510614903153,2025-05-23,250,48486,217,100.0,0.00023500220765075913,5.5771623352752423e-05,0.00023500220765075913,5.5771623352752423e-05,0.015329781722215066,0.007468040127955421,0.5128410656276239,0.0001792305842980067,0.04258044753511838,0.2534562211981567,0.14746543778801843,1.0
2025-05-29,2024-03-01,0.00028892425181310533,8.914742479996063e-05,0.005039417223829957,0.00016695239989212462,2.2254783585361565e-05,0.012192045667228152,2025-05-27,250,48525,209,100.0,0.0002352332930727693,5.970186024616582e-05,0.0002352332930727693,5.970186024616582e-05,0.015337317010245608,0.007726697887595051,0.4962158060348185,0.00017553143282660348,0.04258044753511838,0.19138755980861244,0.11004784688995216,1.0
2025-05-30,2024-03-04,0.0002882299090985157,6.805574618948704e-05,0.005051262815703926,0.00018414353312181894,1.9632181746979823e-05,0.012144108126429963,2025-05-28,250,48458,214,100.0,0.00024007780058593164,4.5654190676364557e-05,0.00024007780058593164,4.5654190676364557e-05,0.015494444184478888,0.006756788488354845,0.5639218543170936,0.00019442360990956707,0.04267627428043632,0.27102803738317754,0.1542056074766355,1.0
2025-06-02,2024-03-06,0.0002762127042087737,5.511470923919485e-05,0.005028628329599203,0.00017461355880172273,1.917094641994465e-05,0.012157707120921625,2025-05-29,250,48481,212,100.0,0.00022828857901676853,3.8160104135774935e-05,0.00022828857901676853,3.8160104135774935e-05,0.015109221654895678,0.006177386513386947,0.5911512416402103,0.0001901284748809936,0.04267627428043631,0.22641509433962265,0.17452830188679244,1.0
2025-06-03,2024-03-08,0.00033325507481189644,9.592666040476515e-05,0.005007436787307883,0.0001902340798115458,2.2244840258427086e-05,0.012089607059101417,2025-05-30,250,48500,209,100.0,0.00027029846457250756,6.349255775661632e-05,0.00027029846457250756,6.349255775661632e-05,0.01644075620439971,0.007968221743690138,0.5153372725302159,0.00020680590681589124,0.04344255784283673,0.18660287081339713,0.1339712918660287,1.0
2025-06-04,2024-03-11,0.0003147764126495035,9.519029167137327e-05,0.004968760761548681,0.00018363863339157854,2.0352142197411e-05,0.012021055545303555,2025-06-02,250,48518,210,100.0,0.0002554521791756803,6.133493833791414e-05,0.0002554521791756803,6.133493833791414e-05,0.015982871430868743,0.00783166255260747,0.5099965243115403,0.00019411724083776615,0.04334680450336585,0.24761904761904763,0.1619047619047619,1.0
2025-06-05,2024-03-13,0.00023835037631719322,5.637361635599411e-05,0.004979785031062025,0.0001510557663762478,1.878895632205227e-05,0.012024283053378753,2025-06-03,250,48547,198,100.0,0.00019205778013638882,3.644235724708556e-05,0.00019205778013638882,3.644235724708556e-05,0.01385849126479462,0.0060367505536576185,0.5644005946741792,0.00015561542288930325,0.043442557842836724,0.3888888888888889,0.21717171717171718,1.0
2025-06-06,2024-03-15,0.00028697111864236044,6.061641918372478e-05,0.005034142451278472,0.000172736638745439,2.5610068236152203e-05,0.01208267599696484,2025-06-04,250,48574,207,100.0,0.00023509652390656037,4.4719815371783604e-05,0.00023509652390656037,4.4719815371783604e-05,0.015332857656241395,0.006687287594517198,0.5638590180353582,0.00019037670853477677,0.043442557842836724,0.24154589371980675,0.13526570048309178,1.0
2025-06-09,2024-03-18,0.00024886681761599936,3.8093326925097016e-05,0.004952922714790113,0.00018544315995962392,2.5818946135156873e-05,0.011959860800480688,2025-06-05,250,48579,197,100.0,0.00022117933254773393,3.273496779852416e-05,0.00022117933254773393,3.273496779852416e-05,0.014872099130510593,0.005721448050845534,0.6152898121081107,0.00018844436474920977,0.04334680450336586,0.28426395939086296,0.15228426395939088,1.0
2025-06-10,2024-03-20,0.00036090314495295425,8.20282878560224e-05,0.005013651030032267,0.00020252140960725298,2.6137046211139096e-05,0.011949091181963715,2025-06-06,250,48588,199,100.0,0.00029723209556774776,5.955944699375776e-05,0.00029723209556774776,5.955944699375776e-05,0.017240420399971333,0.0077174767245361845,0.5523614537526581,0.00023767264857399,0.04344255784283673,0.1457286432160804,0.10050251256281408,1.0
2025-06-11,2024-03-22,0.0003201257127580467,8.34418069681629e-05,0.004983470666600877,0.00016251213869970736,1.9678973110734262e-05,0.011881725475890427,2025-06-09,250,48578,207,100.0,0.00025083665363095063,5.541080271199862e-05,0.00025083665363095063,5.541080271199862e-05,0.015837823513063613,0.0074438432756203715,0.5299958185870415,0.000195425850918952,0.043538302014483436,0.178743961352657,0.12077294685990338,1.0
2025-06-12,2024-03-25,0.0002474455731131289,7.845534237919587e-05,0.005080994063789111,0.00016175475508110838,1.927076232170387e-05,0.011915709392044699,2025-06-10,250,48558,181,100.0,0.0002067305987995722,5.033449218613338e-05,0.0002067305987995722,5.033449218613338e-05,0.014378129182879538,0.007094680555608785,0.506564417013541,0.00015639610661343883,0.04353830201448344,0.27624309392265195,0.16022099447513813,1.0
2025-06-13,2024-03-27,0.00030393443057323105,5.660664844935828e-05,0.005070281124497995,0.00013096488674965283,1.0536480148125727e-05,0.011868539958592132,2025-06-11,250,48563,198,100.0,0.00022793266131741635,3.636369571093792e-05,0.00022793266131741635,3.636369571093792e-05,0.015097438899277464,0.006030231812371554,0.6005791543451684,0.00019156896560647844,0.04363403702006132,0.21212121212121213,0.1414141414141414,1.0
2025-06-16,2024-04-01,0.00029874882638854326,8.622787535822705e-05,0.005141257317383559,0.00016538136035028678,1.7045658485320677e-05,0.012002731993299832,2025-06-12,250,48546,205,100.0,0.000238896109922594,5.518024632258127e-05,0.000238896109922594,5.518024632258127e-05,0.01545626442328786,0.007428340751647118,0.5193961135618979,0.00018371586360001272,0.043538302014483436,0.18536585365853658,0.14634146341463414,1.0
2025-06-17,2024-04-03,0.00030219010005453245,6.749315119276982e-05,0.005090212680173371,0.0001410664389767717,1.2074380787362635e-05,0.0118896114024026,2025-06-13,250,48550,214,100.0,0.0002268986696443639,4.15965295080001e-05,0.0002268986696443639,4.15965295080001e-05,0.015063156031999533,0.0064495371545561396,0.5718336090487932,0.00018530214013636379,0.04334680450336585,0.14485981308411214,0.11214953271028037,1.0
2025-06-18,2024-04-05,0.0003132605586453195,5.3054190052777326e-05,0.0051625434471478234,0.00015181292022043732,1.4345561460507123e-05,0.01199208575301659,2025-06-16,250,48556,207,100.0,0.00023916623183196781,3.528936050560018e-05,0.00023916623183196781,3.528936050560018e-05,0.015465000220884829,0.005940484871254212,0.615875539191274,0.00020387687132636764,0.043251041994314954,0.2318840579710145,0.14009661835748793,1.0
2025-06-20,2024-04-08,0.0003262405087482751,4.5742115019550386e-05,0.005137857360870893,0.00012598343368202164,1.6728023761284403e-05,0.011993892273701123,2025-06-17,250,48570,213,100.0,0.00022846240636850812,3.157561036762708e-05,0.00022846240636850812,3.157561036762708e-05,0.015114972919873463,0.005619217949824253,0.628234997203601,0.00019688679600088105,0.043251041994314954,0.2112676056338028,0.1267605633802817,1.0
2025-06-23,2024-04-10,0.000329968232800959,4.165374518195044e-05,0.00502487562189055,0.0001248671090988771,1.518366053257031e-05,0.01206119001144242,2025-06-18,250,48589,215,100.0,0.00022884860902225814,2.8603377866442096e-05,0.00022884860902225814,2.8603377866442096e-05,0.015127743024729702,0.005348212586130258,0.6464632842197676,0.00020024523115581605,0.04296369943211567,0.18604651162790697,0.13953488372093023,1.0
2025-06-24,2024-04-12,0.00036155422717698424,5.897661564042885e-05,0.005012406947890821,0.00015532018019433552,1.9103442764491385e-05,0.011943220861451307,2025-06-20,250,48625,211,100.0,0.00026381297268283796,4.007937731060068e-05,0.00026381297268283796,4.007937731060068e-05,0.016242320421751257,0.006330827537581535,0.610226410193,0.0002237335953722373,0.0428679002271758,0.2559241706161137,0.17061611374407584,1.0
2025-06-25,2024-04-15,0.0003648264481901245,4.608089973708677e-05,0.005042436345481776,0.00015555922861989447,1.9228197169857287e-05,0.011812722897920168,2025-06-23,250,48636,205,100.0,0.0002647865090785023,3.324399802202096e-05,0.0002647865090785023,3.324399802202096e-05,0.016272261953351855,0.005765760836352906,0.6456693695761675,0.00023154251105648137,0.0428679002271758,0.2780487804878049,0.18536585365853658,1.0
2025-06-26,2024-04-17,0.00032837962363228184,4.0212004342953806e-05,0.005010914864060331,0.00014753737718418462,1.87573333244337e-05,0.011806107524047963,2025-06-24,250,48652,209,100.0,0.0002427175068937094,3.004926543944428e-05,0.0002427175068937094,3.004926543944428e-05,0.015579393662582295,0.005481721028969304,0.6481428515324708,0.00021266824145426511,0.0428679002271758,0.24401913875598086,0.15789473684210525,1.0
2025-06-27,2024-04-19,0.00030719559336891505,3.9071256511092267e-05,0.00502487562189055,0.00015384693099827515,1.9680141780883235e-05,0.011714455685031124,2025-06-25,250,48635,202,100.0,0.00023583532474099348,3.004766846832172e-05,0.00023583532474099348,3.004766846832172e-05,0.015356930837279742,0.005481575363736389,0.6430552809139713,0.00020578765627267176,0.042963699432115664,0.26732673267326734,0.15841584158415842,1.0
2025-06-30,2024-04-22,0.0002366903302183044,4.094572567869172e-05,0.005022876467077781,0.00017985831686794667,1.777144592943908e-05,0.011656541607714956,2025-06-26,250,48612,208,100.0,0.00021100663187727738,3.0472733868933314e-05,0.00021100663187727738,3.0472733868933314e-05,0.014526067323170348,0.005520211397123602,0.6199789472049064,0.00018053389800834406,0.04296369943211566,0.25,0.18269230769230768,1.0
2025-07-01,2024-04-24,0.0002628140635781628,5.486293849000244e-05,0.004922746990300726,0.00017331535074723855,1.692832721393645e-05,0.01160107469450514,2025-06-27,250,48591,217,100.0,0.00022280772650627498,3.7905992435724086e-05,0.00022280772650627498,3.7905992435724086e-05,0.014926745342045432,0.006156784260937205,0.5875333758394827,0.00018490173407055088,0.04315527031392761,0.2304147465437788,0.1382488479262673,1.0
2025-07-02,2024-04-26,0.00017495768451629719,4.1893410561264944e-05,0.0048599749783466446,0.0001327514336331801,1.5854833831670527e-05,0.01160483121508945,2025-06-30,250,48598,214,100.0,0.00015661571567456874,3.0577580487188864e-05,0.00015661571567456874,3.0577580487188864e-05,0.012514620077116553,0.005529699855072503,0.5581408128254917,0.00012603813518737987,0.04305948946044697,0.22429906542056074,0.1822429906542056,1.0
2025-07-03,2024-04-29,0.0001642454493628055,6.565516244953646e-05,0.004754283562417624,7.940663823068809e-05,1.3431579959254971e-05,0.01155246031106455,2025-07-01,250,48595,202,100.0,0.00012224603791126222,3.980190379098128e-05,0.00012224603791126222,3.980190379098128e-05,0.01105649302045012,0.0063088750020095724,0.4293963745700684,8.244413412028095e-05,0.0431552703139276,0.32673267326732675,0.18316831683168316,1.0
2025-07-07,2024-05-01,9.495779752811297e-05,5.872343181525176e-05,0.004729571528915943,6.251893404141893e-05,9.20584185366867e-06,0.011462123005085235,2025-07-02,250,48598,199,100.0,7.963491728816706e-05,3.533321344143864e-05,7.963491728816706e-05,3.533321344143864e-05,0.008923839828692975,0.005944174748561707,0.3338994353698168,4.430170384672842e-05,0.043251041994314954,0.27638190954773867,0.17587939698492464,1.0
2025-07-08,2024-05-03,9.999294070605919e-05,6.603598341754985e-05,0.004810669206954039,7.37011378310059e-05,1.227169195447702e-05,0.011548179416124255,2025-07-03,250,48592,193,100.0,8.705137970538527e-05,3.957169487355028e-05,8.705137970538527e-05,3.957169487355028e-05,0.009330132887873852,0.006290603697066783,0.32577555189567253,4.7479684831834996e-05,0.04325104199431495,0.32124352331606215,0.22279792746113988,1.0
2025-07-09,2024-05-06,5.718992823111494e-06,3.0366318688861393e-05,0.004809294795485934,1.1327180089601465e-05,9.593085441492216e-06,0.011554508817745108,2025-07-07,250,48599,204,100.0,8.275666429893686e-06,2.0896168237854855e-05,8.275666429893686e-06,2.0896168237854855e-05,0.0028767458055750576,0.0045712326825326725,-0.5890290597360892,-1.2620501807961169e-05,0.043251041994314954,0.3088235294117647,0.3137254901960784,1.0
2025-07-10,2024-05-08,5.927788077364348e-06,2.1409059704136035e-05,0.004783555934451076,5.6238123001859496e-06,8.157170631881805e-06,0.011485632791718743,2025-07-08,250,48611,202,100.0,5.783324341675604e-06,1.5111132224252836e-05,5.783324341675604e-06,1.5111132224252836e-05,0.0024048543285770147,0.003887303978884702,-0.6164405189502156,-9.327807882577233e-06,0.043251041994314954,0.3118811881188119,0.28217821782178215,1.0
2025-07-11,2024-05-10,5.2901996945739425e-06,2.5565024601249335e-05,0.0047549550397815565,5.163319554734019e-06,6.967762063526696e-06,0.011453331628902884,2025-07-09,250,48624,194,100.0,5.228721688672124e-06,1.655397986647651e-05,5.228721688672124e-06,1.655397986647651e-05,0.002286639824867949,0.004068658239085278,-0.779317492347199,-1.1325258177804386e-05,0.04325104199431495,0.28865979381443296,0.26804123711340205,1.0
2025-07-14,2024-05-13,6.442395218760169e-06,2.206569010717509e-05,0.004783102860390227,4.749296838585039e-06,5.4914142971968845e-06,0.011493736570347328,2025-07-10,250,48638,202,100.0,5.620991054120748e-06,1.4024704813225268e-05,5.620991054120748e-06,1.4024704813225268e-05,0.002370862934486249,0.003744957251187958,-0.5795756037661735,-8.40371375910452e-06,0.0431552703139276,0.20297029702970298,0.19801980198019803,1.0
2025-07-15,2024-05-15,8.114490831005276e-06,2.4984360617893257e-05,0.00484133831847378,1.0127969393456217e-05,7.205806059904044e-06,0.011471845841135713,2025-07-11,250,48645,219,100.0,9.05227536694133e-06,1.670393794704897e-05,9.05227536694133e-06,1.670393794704897e-05,0.0030086999463125813,0.004087045136409551,-0.3584090169638132,-7.65166258010764e-06,0.043251041994314954,0.1872146118721461,0.136986301369863,1.0
2025-07-16,2024-05-17,1.2533443096674129e-05,3.145587580308779e-05,0.0048299937831763175,9.307165389978257e-06,6.262662243870016e-06,0.011521078856848941,2025-07-14,250,48658,223,100.0,1.0999876115016e-05,1.948062630857172e-05,1.0999876115016e-05,1.948062630857172e-05,0.0033166061139387657,0.004413686249448608,-0.33078396946177047,-8.480750193555719e-06,0.04325104199431496,0.17488789237668162,0.1031390134529148,1.0
2025-07-17,2024-05-20,1.3877158289409386e-05,3.703316371823453e-05,0.004805862200228397,9.283154661544394e-06,7.641975113243117e-06,0.011482688795616928,2025-07-15,250,48679,218,100.0,1.1664450120024872e-05,2.2876857280050594e-05,1.1664450120024872e-05,2.2876857280050594e-05,0.003415325770702536,0.004782975776653128,-0.4004449641912975,-1.1212407160025722e-05,0.043155270313927616,0.17889908256880735,0.14678899082568808,1.0
2025-07-18,2024-05-22,1.107588999640808e-05,2.2739503422795123e-05,0.004809065803256832,9.307556141031752e-06,7.194106079293001e-06,0.011412846315521297,2025-07-16,250,48709,223,0.01,1.0259125928678206e-05,1.5559342317948853e-05,1.0259125928678206e-05,1.5559342317948853e-05,0.003202987032236972,0.003944533219273081,-0.23151707439733582,-5.300216389270648e-06,0.0431552703139276,0.17040358744394618,0.14349775784753363,1.0
2025-07-21,2024-05-24,1.4655221883867727e-05,1.7698920004275818e-05,0.004782649872146982,9.556501587290762e-06,6.5579679316052774e-06,0.011421211638356864,2025-07-17,250,48742,227,1.0,1.2364166948841955e-05,1.2692853434177162e-05,1.2364166948841955e-05,1.2692853434177162e-05,0.0035162717399032112,0.003562703107778862,-0.013204715479961493,-3.286864853352073e-07,0.04305948946044698,0.21145374449339208,0.12334801762114538,1.0
2025-07-22,2024-05-29,1.931693974164147e-05,3.0262183000765982e-05,0.004753388554216867,9.955180777138856e-06,6.788322453335642e-06,0.011399596036706585,2025-07-18,250,48756,212,100.0,1.4989334182578945e-05,1.941105878544441e-05,1.4989334182578945e-05,1.941105878544441e-05,0.0038716061502403554,0.004405798314204182,-0.13797688691311305,-4.421724602865464e-06,0.04315527031392761,0.28773584905660377,0.2358490566037736,1.0
2025-07-23,2024-05-31,2.156878428586034e-05,2.745406019644429e-05,0.004710820895522391,8.690043113460027e-06,7.716547552124898e-06,0.011397964570810673,2025-07-21,250,48789,205,100.0,1.5600587157187027e-05,1.830740799541823e-05,1.5600587157187027e-05,1.830740799541823e-05,0.003949757860576649,0.00427871569462359,-0.08328556981437707,-2.706820838231205e-06,0.0431552703139276,0.2926829268292683,0.21951219512195122,1.0
2025-07-24,2024-06-03,1.75496359644989e-05,2.1500195118758242e-05,0.004716320336212934,8.472127837946957e-06,7.949309007728047e-06,0.011301814856277887,2025-07-22,250,48799,216,100.0,1.3515187908253595e-05,1.5477579069411485e-05,1.3515187908253595e-05,1.5477579069411485e-05,0.0036763008457216333,0.003934155445506886,-0.07013968948850735,-1.96239116115789e-06,0.04315527031392761,0.23148148148148148,0.1712962962962963,1.0
2025-07-25,2024-06-05,1.4817799543396663e-05,1.8332480511179803e-05,0.004724925149700597,7.626098867552702e-06,8.171503122151791e-06,0.011298073831215916,2025-07-23,250,48800,211,100.0,1.1545746155334956e-05,1.3709476580626776e-05,1.1545746155334956e-05,1.3709476580626776e-05,0.0033979031998182287,0.0037026310349029886,-0.089681140740284,-2.1637304252918205e-06,0.04325104199431495,0.26066350710900477,0.16113744075829384,1.0
2025-07-28,2024-06-07,1.7703536067510216e-05,1.902795116849945e-05,0.004722274172433141,6.918810982769034e-06,8.434142751371556e-06,0.01125054779469471,2025-07-24,250,48824,202,0.01,1.2631511893993326e-05,1.4045714536681874e-05,1.2631511893993326e-05,1.4045714536681874e-05,0.003554083833281557,0.0037477612699692965,-0.054494335466733546,-1.4142026426885488e-06,0.043251041994314954,0.21782178217821782,0.13366336633663367,1.0
2025-07-29,2024-06-10,2.5947561939895086e-05,2.7478670576853025e-05,0.004718523709413689,8.62760691895294e-06,7.941554902397114e-06,0.01125337394417056,2025-07-25,250,48861,218,0.01,1.832042578388387e-05,1.8875170096358674e-05,1.832042578388387e-05,1.8875170096358674e-05,0.004280236650453321,0.004344556375092706,-0.015027142163406504,-5.547443124748049e-07,0.04305948946044698,0.21559633027522937,0.14220183486238533,1.0
2025-07-30,2024-06-12,2.821802452279394e-05,2.5286722979080874e-05,0.00478061248639182,2.4107761054408734e-05,2.1690532478389527e-05,0.011283134464628657,2025-07-28,250,48902,188,0.01,2.6600154859706147e-05,2.3871201186255554e-05,2.6600154859706147e-05,2.3871201186255554e-05,0.005157533796273772,0.004885816327519441,0.05268360411920958,2.7289536734505923e-06,0.04305948946044697,0.16489361702127658,0.10638297872340426,1.0
2025-07-31,2024-06-14,5.804383186995503e-05,4.651322141235232e-05,0.0048313800526189905,1.0344850453147344e-05,7.351156204869965e-06,0.01129736153579422,2025-07-29,250,48954,199,100.0,3.4314187848528084e-05,2.703058595737366e-05,3.4314187848528084e-05,2.703058595737366e-05,0.0058578313263978575,0.0051990947247933135,0.11245400642316195,7.2836018911544245e-06,0.043155270313927595,0.3316582914572864,0.2663316582914573,1.0
2025-08-01,2024-06-17,2.7292186627503764e-05,1.8683480835849212e-05,0.004865828395240163,1.7144723874193203e-05,4.989775467948309e-06,0.011339900012656622,2025-07-30,250,48968,218,100.0,2.2311551239410967e-05,1.1962258476374913e-05,2.2311551239410967e-05,1.1962258476374913e-05,0.004723510478384796,0.003458649805397319,0.2677797961443279,1.0349292763036053e-05,0.043155270313927616,0.17889908256880735,0.13761467889908258,1.0
2025-08-04,2024-06-21,2.0802080190542908e-05,1.8204764364933297e-05,0.004990611720525742,9.289823761333711e-06,6.6949868355502945e-06,0.011528861867078423,2025-07-31,250,48983,187,100.0,1.4522667592792438e-05,1.1926703894360751e-05,1.4522667592792438e-05,1.1926703894360751e-05,0.0038108617913527694,0.0034535060292926593,0.09377295258279539,2.5959636984316866e-06,0.04258044753511838,0.27807486631016043,0.26737967914438504,1.0
2025-08-05,2024-06-24,2.0188066060748133e-05,1.7660793943470938e-05,0.004966805999508239,1.0100962965290676e-05,6.1330714372274125e-06,0.011356249504887752,2025-08-01,250,49000,208,100.0,1.5290001576896197e-05,1.2063197918804609e-05,1.5290001576896197e-05,1.2063197918804609e-05,0.003910243160840026,0.0034732114704988247,0.11176586016899137,3.2268036580915885e-06,0.042580447535118374,0.27884615384615385,0.20192307692307693,1.0
2025-08-06,2024-06-26,1.6559768710873505e-05,8.531087295352096e-06,0.004977330967869112,7.644810040489265e-06,7.24347810028642e-06,0.011414118508845961,2025-08-04,250,48971,213,100.0,1.2374342105059308e-05,7.926575936166332e-06,1.2374342105059308e-05,7.926575936166332e-06,0.0035177183095096327,0.0028154175420648233,0.19964667595646957,4.447766168892976e-06,0.04248461160615529,0.25821596244131456,0.18779342723004694,1.0
2025-08-07,2024-06-28,5.4459063551926925e-06,1.1375551138429908e-05,0.0047362250879249695,7.755632890386633e-06,7.11454659004447e-06,0.011327355478997438,2025-08-05,250,48966,208,100.0,6.567456259301289e-06,9.306505660608133e-06,6.567456259301289e-06,9.306505660608133e-06,0.002562704871673929,0.0030506565949985475,-0.19040496185028677,-2.739049401306844e-06,0.04229291219025145,0.33653846153846156,0.20192307692307693,1.0
2025-08-08,2024-07-01,1.4454287329151854e-05,1.091151284285623e-05,0.004590283143207745,7.573294472182907e-06,8.08167961352457e-06,0.01133685092922104,2025-08-06,250,49006,199,100.0,1.1100235534548901e-05,9.532146896900595e-06,1.1100235534548901e-05,9.532146896900595e-06,0.00333170159746471,0.0030874175125662215,0.07332111767883975,1.5680886376483068e-06,0.04229291219025144,0.3417085427135678,0.1658291457286432,1.0
2025-08-11,2024-07-03,8.108325702319955e-06,1.095821598388456e-05,0.004403749727490734,7.649315168799466e-06,6.265164687367869e-06,0.011249135252205028,2025-08-07,250,49026,205,100.0,7.886657200766157e-06,8.691815601664306e-06,7.886657200766157e-06,8.691815601664306e-06,0.0028083192839786146,0.0029481885288536597,-0.04980532152202044,-8.051584008981482e-07,0.04229291219025144,0.36585365853658536,0.24878048780487805,1.0
2025-08-12,2024-07-05,7.750606898780099e-06,1.1536961571196507e-05,0.005590280834580505,5.642255947781419e-06,8.882439212931386e-06,0.011271424078500443,2025-08-08,250,49034,214,100.0,6.804804603004991e-06,1.0346147803002809e-05,6.804804603004991e-06,1.0346147803002809e-05,0.0026086020399832916,0.0032165428340071595,-0.2330523340492987,-3.5413431999978175e-06,0.042484611606155284,0.3317757009345794,0.2570093457943925,1.0
2025-08-13,2024-07-08,7.377483073243077e-06,1.3634756143588719e-05,0.004441541476159372,5.481695146345896e-06,9.718232730032991e-06,0.011152692588962022,2025-08-11,250,49029,200,100.0,6.524378506139346e-06,1.1872320607488641e-05,6.524378506139346e-06,1.1872320607488641e-05,0.0025542863007382995,0.00344562339896406,-0.3489573968149635,-5.3479421013492954e-06,0.04238876649178662,0.41,0.29,1.0
2025-08-14,2024-07-10,5.7346686170256095e-06,1.2532668697990426e-05,0.004371491021300306,8.180633179086095e-06,8.76021392543278e-06,0.011114645908604573,2025-08-12,250,49038,214,100.0,6.8547832295579805e-06,1.080509595167898e-05,6.8547832295579805e-06,1.080509595167898e-05,0.0026181640952312327,0.003287110577951247,-0.2555021222460596,-3.950312722120999e-06,0.042005294145030125,0.32242990654205606,0.2523364485981308,1.0
2025-08-15,2024-07-12,5.720576456489205e-06,7.752370521424163e-06,0.004381819743964258,8.788388148979883e-06,8.749843491273837e-06,0.011113611907899836,2025-08-13,250,49055,202,100.0,7.117797623366146e-06,8.206665141355697e-06,7.117797623366146e-06,8.206665141355697e-06,0.002667920093137376,0.0028647277604260577,-0.07376820160203645,-1.088867517989551e-06,0.04210117601863538,0.297029702970297,0.19801980198019803,1.0
2025-08-18,2024-07-15,5.918081827257489e-06,1.0304237324447842e-05,0.004404335247635907,6.986585213311266e-06,7.703881861210233e-06,0.011139692900658952,2025-08-14,250,49059,206,100.0,6.4108382431560764e-06,9.10504427101302e-06,6.4108382431560764e-06,9.10504427101302e-06,0.0025319633178930686,0.003017456589747899,-0.19174577626141343,-2.6942060278569436e-06,0.042101176018635375,0.2815533980582524,0.21844660194174756,1.0
2025-08-19,2024-07-17,6.559720737114253e-06,9.323465972268504e-06,0.004417688076573259,1.134124023449307e-05,9.309702736817012e-06,0.011142117208145497,2025-08-15,250,49057,247,100.0,8.863367782410117e-06,9.316835101747338e-06,8.863367782410117e-06,9.316835101747338e-06,0.0029771408737931963,0.0030523491120360625,-0.025261901075928295,-4.534673193372213e-07,0.042388766491786606,0.24696356275303644,0.17813765182186234,1.0
2025-08-20,2024-07-19,7.627885978869362e-06,1.0821482894137497e-05,0.004424011103400416,1.1646488109536046e-05,8.390054409956864e-06,0.011202894609337153,2025-08-18,250,49020,249,100.0,9.500005846971111e-06,9.688769222792303e-06,9.500005846971111e-06,9.688769222792303e-06,0.0030822079499883055,0.0031126787856751784,-0.009886041494049369,-1.8876337582119126e-07,0.04210117601863539,0.2248995983935743,0.14457831325301204,1.0
2025-08-21,2024-07-22,9.388376187034218e-06,6.24016275026324e-06,0.004513074642714925,1.3837322819516435e-05,5.5756870883348774e-06,0.011232740436601843,2025-08-19,250,49023,258,100.0,1.1561117565688325e-05,5.915651380484272e-06,1.1561117565688325e-05,5.915651380484272e-06,0.003400164343923441,0.0024322112121450867,0.2846783372422039,5.645466185204053e-06,0.04210117601863539,0.2558139534883721,0.15891472868217055,1.0
2025-08-22,2024-07-24,8.14639342021589e-06,6.233797624972423e-06,0.004535349044019564,8.154360101096362e-06,1.0472200616611084e-05,0.01127798599638109,2025-08-20,250,49049,250,100.0,8.150249293762037e-06,8.285184672925534e-06,8.150249293762037e-06,8.285184672925534e-06,0.0028548641462882323,0.0028783996722007757,-0.008244009068923086,-1.3493537916349756e-07,0.04229291219025145,0.308,0.2,1.0
2025-08-25,2024-07-26,9.057265534774454e-06,6.8347353275568334e-06,0.004478398314014752,7.865371667935884e-06,8.898654537369017e-06,0.011107411941547473,2025-08-21,250,49093,245,100.0,8.468615910743975e-06,7.85405869240285e-06,8.468615910743975e-06,7.85405869240285e-06,0.0029100886431076244,0.0028025093563452826,0.03696770097266178,6.14557218341126e-07,0.04181350281341038,0.31020408163265306,0.17142857142857143,1.0
2025-08-27,2024-07-29,8.6366015191768e-06,9.80432175097535e-06,0.004448126989664647,7.343086286151389e-06,1.0511637462232629e-05,0.011109994419988837,2025-08-22,250,49105,236,100.0,8.033691876664956e-06,1.0134002802832553e-05,8.033691876664956e-06,1.0134002802832553e-05,0.002834376805695558,0.0031833948549987562,-0.12313749131797214,-2.1003109261675965e-06,0.04190940307720962,0.2966101694915254,0.19491525423728814,1.0
2025-08-28,2024-08-12,6.790209279182446e-06,6.082714912709895e-06,0.004425354679161789,5.919844221095645e-06,1.0848072753278826e-05,0.01108473779441102,2025-08-25,250,49119,244,100.0,6.36572795986962e-06,8.406803367741465e-06,6.36572795986962e-06,8.406803367741465e-06,0.00252303942891696,0.002899448804124926,-0.1491888596325044,-2.041075407871845e-06,0.04171759335186849,0.36065573770491804,0.28688524590163933,1.0
2025-08-29,2024-08-14,8.530275835165789e-06,7.905995210902003e-06,0.0043859649122807015,1.1683979011189566e-05,9.01656919056341e-06,0.011045620415459537,2025-08-27,250,49148,229,100.0,1.0127784867562111e-05,8.468556702782893e-06,1.0127784867562111e-05,8.468556702782893e-06,0.0031824180849728263,0.002910078470210536,0.08557631571045321,1.6592281647792189e-06,0.04171759335186848,0.2838427947598253,0.26200873362445415,1.0
2025-09-02,2024-08-16,1.0669134014059994e-05,1.1188929760256094e-05,0.004393900232618247,1.7896003149725512e-05,7.454347003262365e-06,0.011111889000852642,2025-08-28,250,49178,244,100.0,1.4193713633503424e-05,9.36755538286981e-06,1.4193713633503424e-05,9.36755538286981e-06,0.0037674545297194263,0.00306064623615174,0.1876089778899932,4.826158250633613e-06,0.04142980976313955,0.29098360655737704,0.20901639344262296,1.0
2025-09-03,2024-08-19,5.782167389095079e-06,1.143928900407984e-05,0.004440188055023506,1.2951476630600646e-05,8.119980800234723e-06,0.01119484592437565,2025-08-29,250,49171,223,100.0,9.286448587857888e-06,9.81684687753671e-06,9.286448587857888e-06,9.81684687753671e-06,0.0030473674848724578,0.0031331847819011105,-0.02816112512017721,-5.303982896788208e-07,0.041141943331175185,0.3004484304932735,0.21524663677130046,1.0
2025-09-04,2024-08-21,5.4303528217355545e-06,9.705852891837804e-06,0.004277267580827777,1.0512034727734257e-05,8.723699933319533e-06,0.011134501506819529,2025-09-02,250,49194,222,100.0,8.131426987987116e-06,9.183807625598364e-06,8.131426987987116e-06,9.183807625598364e-06,0.0028515657081657994,0.003030479768221257,-0.06274239430749073,-1.052380637611248e-06,0.040949986328954094,0.35585585585585583,0.25675675675675674,1.0
2025-09-05,2024-08-23,5.006435025566187e-06,1.161735027603547e-05,0.004253899407790474,1.1449845159176408e-05,1.0324173489030016e-05,0.011042217155533642,2025-09-03,250,49187,215,100.0,8.243124767100626e-06,1.0967754494655984e-05,8.243124767100626e-06,1.0967754494655984e-05,0.0028710842493909206,0.0033117600297509456,-0.15348758241891058,-2.7246297275553572e-06,0.04075799247216773,0.26976744186046514,0.2372093023255814,1.0
2025-09-08,2024-08-26,4.617050302248524e-06,4.617050302248524e-06,0.004255496683215821,8.880872539237637e-06,8.880872539237637e-06,0.01107429083492986,2025-09-04,250,49173,227,100.0,6.777136457551379e-06,6.777136457551379e-06,6.777136457551379e-06,6.777136457551379e-06,0.0026032933867605815,0.0026032933867605815,0.0,0.0,0.03989356366167667,0.22026431718061673,0.22026431718061673,0.0
2025-09-09,2024-08-28,6.9155387369898554e-06,1.3881511830355095e-05,0.00428787624012107,9.00887179815972e-06,9.269278637217585e-06,0.011047152566928163,2025-09-05,250,49171,218,100.0,7.991012603278959e-06,1.1511924134798209e-05,7.991012603278959e-06,1.1511924134798209e-05,0.002826837915990048,0.0033929226538190064,-0.2002536949949949,-3.52091153151925e-06,0.04018178963283182,0.3623853211009174,0.2981651376146789,1.0
2025-09-10,2024-08-30,5.753469528634237e-06,1.1407326394807972e-05,0.004352464262854705,,,,2025-09-08,250,49190,126,100.0,5.753469528634237e-06,1.1407326394807972e-05,5.753469528634237e-06,1.1407326394807972e-05,0.002398639099288227,0.0033774733744040045,-0.4080790125560101,-5.653856866173735e-06,0.0401817896328318,0.3492063492063492,0.2857142857142857,1.0
2025-09-11,2024-09-04,6.694026265020182e-06,1.2402767210434113e-05,0.00449755280215177,1.015029290848563e-05,1.0975244770228225e-05,0.010989902025421256,2025-09-09,250,49190,217,100.0,8.446050830832162e-06,1.1679138323693797e-05,8.446050830832162e-06,1.1679138323693797e-05,0.002906209013617596,0.00341747543132263,-0.17592210859900237,-3.2330874928616353e-06,0.04008572353928564,0.31797235023041476,0.29493087557603687,1.0
2025-09-12,2024-09-06,5.26802993257749e-06,1.5714804949996783e-05,0.004434204234230318,1.088049619772368e-05,1.1373593367928491e-05,0.010899326368930854,2025-09-10,250,49092,209,100.0,8.114543923512878e-06,1.3513042138038704e-05,8.114543923512878e-06,1.3513042138038704e-05,0.0028486038551390185,0.003676008995913735,-0.2904598824024047,-5.398498214525826e-06,0.03998964821615847,0.2535885167464115,0.23923444976076555,1.0
2025-09-15,2024-09-09,5.759594560106626e-06,1.336057162454159e-05,0.004357670782244627,1.3177863797086984e-05,9.77471807442286e-06,0.010902973791089277,2025-09-11,250,49087,218,100.0,9.298585388757807e-06,1.1649889196962013e-05,9.298585388757807e-06,1.1649889196962013e-05,0.003049358192924834,0.003413193401634606,-0.11931533971769781,-2.3513038082042053e-06,0.03998964821615847,0.24770642201834864,0.1834862385321101,1.0
2025-09-16,2024-09-11,6.72987975850513e-06,1.230881792768472e-05,0.004309252217997467,2.2637532605700747e-05,8.880663874246395e-06,0.010845234600777715,2025-09-12,250,49111,242,100.0,1.4486503874079849e-05,1.063723867848752e-05,1.4486503874079849e-05,1.063723867848752e-05,0.0038061140122282004,0.0032614779898824274,0.14309503619596742,3.849265195592328e-06,0.03979746987406608,0.19008264462809918,0.09090909090909091,1.0
2025-09-17,2024-09-12,6.572257318716909e-06,1.0345071352014905e-05,0.004283014906571488,1.9123219063754403e-05,9.036588979852428e-06,0.010860187878787878,2025-09-15,250,49119,241,100.0,1.2821698851515663e-05,9.693544859651844e-06,1.2821698851515663e-05,9.693544859651844e-06,0.003580739986583173,0.003113445817683655,0.13050212264795613,3.128153991863819e-06,0.039605254592359425,0.21161825726141079,0.12863070539419086,1.0
2025-09-18,2024-09-13,6.413612605859148e-06,1.1381377052720201e-05,0.0042679610025524095,2.048270437627509e-05,9.334636117104652e-06,0.010873697624321128,2025-09-16,250,49222,236,100.0,1.326931410415505e-05,1.0384024478161777e-05,1.326931410415505e-05,1.0384024478161777e-05,0.0036427069747860656,0.003222425247878029,0.11537621055361436,2.8852896259932733e-06,0.03941300235683505,0.2245762711864407,0.1483050847457627,1.0
2025-09-19,2024-09-16,5.396118640619547e-06,1.2110537052269646e-05,0.00428787624012107,1.8915089020095905e-05,7.739137887353736e-06,0.010823126868601455,2025-09-17,250,49279,250,100.0,1.2317831474911445e-05,9.8723806798327e-06,1.2317831474911445e-05,9.8723806798327e-06,0.003509676833400968,0.0031420344810063274,0.10475105539514462,2.4454507950787453e-06,0.03950913309471249,0.216,0.164,1.0
2025-09-22,2024-09-17,5.357265795929595e-06,1.0492858743549745e-05,0.004154786150712832,1.9621276667381178e-05,5.991352135328397e-06,0.010928592737682687,2025-09-18,250,49341,255,100.0,1.229349069028252e-05,8.303890824257794e-06,1.229349069028252e-05,8.303890824257794e-06,0.003506207451119018,0.002881647241467594,0.17812985066017517,3.989599866024726e-06,0.03950913309471248,0.23137254901960785,0.1843137254901961,1.0
2025-09-23,2024-09-18,4.8448481120039936e-06,1.1772459757162266e-05,0.003983130271790065,2.4468653438476454e-05,6.8646953899571496e-06,0.010877132445564151,2025-09-19,250,49401,252,100.0,1.4501006288522189e-05,9.357528084410541e-06,1.4501006288522189e-05,9.357528084410541e-06,0.003808018682795843,0.003059007696036501,0.1966930966340268,5.1434782041116475e-06,0.039220713153281295,0.26587301587301587,0.2261904761904762,1.0
2025-09-24,2024-09-19,5.079188784741964e-06,1.0645585304027949e-05,0.004008961207404787,2.2834603052808982e-05,7.532330200370682e-06,0.01093666711901208,2025-09-22,250,49473,252,100.0,1.3815979932520973e-05,9.113666126037863e-06,1.3815979932520973e-05,9.113666126037863e-06,0.003716985328531843,0.003018884914341364,0.18781360497492716,4.70231380648311e-06,0.039220713153281295,0.23809523809523808,0.1865079365079365,1.0
2025-09-25,2024-09-20,4.662120565000348e-06,7.743118507866674e-06,0.004042645951408982,2.2436614240774336e-05,6.202074792538407e-06,0.010971573135682951,2025-09-23,250,49552,254,100.0,1.361934572444551e-05,6.96652954896109e-06,1.361934572444551e-05,6.96652954896109e-06,0.003690439773854264,0.002639418411120353,0.2847956956729395,6.652816175484419e-06,0.03941300235683504,0.2559055118110236,0.20078740157480315,1.0
2025-09-26,2024-09-23,4.988903333760419e-06,8.790438001238915e-06,0.003970880211780277,1.667679814129177e-05,8.067020396598326e-06,0.011022425347617961,2025-09-24,250,49621,243,100.0,1.0856899903796738e-05,8.427240685328825e-06,1.0856899903796738e-05,8.427240685328825e-06,0.003294981017213413,0.0029029710100737876,0.11897185601122251,2.4296592184679127e-06,0.039605254592359425,0.22633744855967078,0.24691358024691357,1.0
2025-09-29,2024-09-24,4.154008217920252e-06,9.011387590428366e-06,0.0039927973068190695,1.5880764127648956e-05,6.70546163733083e-06,0.010959637061436647,2025-09-25,250,49695,247,100.0,9.946171055923902e-06,7.872428212785048e-06,9.946171055923902e-06,7.872428212785048e-06,0.0031537550722787436,0.0028057847766329207,0.11033523138954393,2.073742843138854e-06,0.03941300235683506,0.22267206477732793,0.19838056680161945,1.0
2025-09-30,2024-09-25,4.365421472629378e-06,9.657725485497963e-06,0.004008961207404787,1.9848245979849076e-05,7.318238000308868e-06,0.01092892207087753,2025-09-26,250,49757,248,100.0,1.1482526286431982e-05,8.5823159156933e-06,1.1482526286431982e-05,8.5823159156933e-06,0.0033885876536445063,0.0029295589967934252,0.13546312026409735,2.900210370738683e-06,0.03960525459235943,0.20967741935483872,0.17338709677419356,1.0
2025-10-01,2024-09-26,5.259764571747834e-06,9.191582622838059e-06,0.004005812355182028,1.8664848929791166e-05,6.625168859147299e-06,0.010887908673331533,2025-09-29,250,49823,249,100.0,1.1773881870234754e-05,7.94444983004054e-06,1.1773881870234754e-05,7.94444983004054e-06,0.0034313090607280996,0.0028185900429187178,0.17856713195032548,3.829432040194214e-06,0.039413002356835036,0.20883534136546184,0.1566265060240964,1.0
2025-10-02,2024-09-27,4.813577188100653e-06,8.994993415110405e-06,0.003992953611274222,2.031078179393953e-05,6.824507693019075e-06,0.010850934250878899,2025-09-30,250,49895,247,100.0,1.2342583474338164e-05,7.940506424620689e-06,1.2342583474338164e-05,7.940506424620689e-06,0.0035132013142343786,0.0028178904209746496,0.19791376327981824,4.402077049717475e-06,0.03931686237695039,0.242914979757085,0.20242914979757085,1.0
2025-10-03,2024-09-30,4.406027062976423e-06,7.82876701759929e-06,0.003966865009917163,1.808988245537052e-05,5.890572228247028e-06,0.01083844923941305,2025-10-01,250,49949,248,100.0,1.1303131595433125e-05,6.85185432135319e-06,1.1303131595433125e-05,6.85185432135319e-06,0.0033620130272551184,0.002617604691574568,0.22141744533581276,4.451277274079935e-06,0.03941300235683505,0.22580645161290322,0.1935483870967742,1.0
2025-10-06,2024-10-01,5.7426198945347194e-06,9.600593084716119e-06,0.003953181923881873,1.6663895596515097e-05,5.902798044955841e-06,0.010838611198278562,2025-10-02,250,50008,248,100.0,1.1159220343500793e-05,7.766606028705981e-06,1.1159220343500793e-05,7.766606028705981e-06,0.0033405419236256853,0.002786863116248443,0.16574520542951376,3.3926143147948112e-06,0.0395091330947125,0.2056451612903226,0.12903225806451613,1.0
2025-10-07,2024-10-02,5.087244006476312e-06,9.224576011527565e-06,0.0039736647317776316,2.24839102511165e-05,6.602737299243149e-06,0.010799879394291332,2025-10-03,250,50064,247,100.0,1.3609497510935675e-05,7.94019348445706e-06,1.3609497510935675e-05,7.94019348445706e-06,0.0036891052453048388,0.0028178348930441364,0.23617389429850966,5.669304026478615e-06,0.03941300235683506,0.2145748987854251,0.13360323886639677,1.0
2025-10-08,2024-10-03,5.215460001599659e-06,7.355021804494496e-06,0.0039769182782283235,1.7727596811832235e-05,6.7528721282590446e-06,0.010840069045911048,2025-10-06,250,50117,249,100.0,1.1345904543159397e-05,7.059992645857047e-06,1.1345904543159397e-05,7.059992645857047e-06,0.0033683682315268615,0.0026570646672328183,0.21117155708703905,4.2859118973023494e-06,0.039316862376950375,0.20481927710843373,0.14457831325301204,1.0
2025-10-09,2024-10-04,5.746887486055846e-06,1.8210392210206695e-05,0.003952569169960472,1.7301156835204338e-05,5.9704190492942665e-06,0.010775812274368227,2025-10-07,250,50168,255,100.0,1.1274812429570024e-05,1.2354405050868198e-05,1.1274812429570024e-05,1.2354405050868198e-05,0.003357798747627681,0.0035148833623419424,-0.04678202194972014,-1.0795926212981743e-06,0.03931686237695037,0.2196078431372549,0.16470588235294117,1.0
2025-10-10,2024-10-07,1.9318240634235293e-05,5.489554220542653e-05,0.004015115729806329,4.136780694024944e-05,8.640662167543562e-06,0.010807120507777575,2025-10-08,250,50231,236,100.0,3.052988451864926e-05,3.137611167768943e-05,3.052988451864926e-05,3.137611167768943e-05,0.005525385463354504,0.005601438357929991,-0.013764269493935721,-8.462271590401659e-07,0.03950913309471249,0.2330508474576271,0.23728813559322035,1.0
2025-10-13,2024-10-08,9.194481478031178e-06,1.514501082423873e-05,0.004158682268520404,1.988897517276281e-05,3.5445831530647587e-06,0.01110732749379805,2025-10-09,250,50295,221,100.0,1.5098229128516516e-05,8.741154824767125e-06,1.5098229128516516e-05,8.741154824767125e-06,0.0038856439786110765,0.002956544406019826,0.23911083406137412,6.3570743037493905e-06,0.03941300235683505,0.2669683257918552,0.25339366515837103,1.0
2025-10-14,2024-10-09,1.2899430718937521e-05,2.170135442819412e-05,0.0041185496244851814,3.3380502795404055e-05,6.3098422235590575e-06,0.010939471223455597,2025-10-10,250,50350,263,100.0,2.2555905766397026e-05,1.4444519776579116e-05,2.2555905766397026e-05,1.4444519776579116e-05,0.004749305819422142,0.003800594660915462,0.1997578582172902,8.11138598981791e-06,0.03941300235683504,0.1520912547528517,0.12547528517110265,1.0
2025-10-15,2024-10-10,1.316096046440144e-05,2.3095605022611158e-05,0.004116721152681923,3.256642384766056e-05,6.869903901308182e-06,0.010952851728251512,2025-10-13,250,50385,262,100.0,2.2715558847761844e-05,1.5106614775862749e-05,2.2715558847761844e-05,1.5106614775862749e-05,0.004766084225835906,0.0038867228838525072,0.18450394502400358,7.608944071899095e-06,0.039413002356835036,0.1450381679389313,0.13358778625954199,1.0
2025-10-16,2024-10-11,1.9911611930817514e-05,2.5229217124656303e-05,0.004090799711237668,5.82866709618929e-05,1.1461270907258565e-05,0.010904440969977598,2025-10-14,250,50475,266,0.01,3.8954874307140636e-05,1.839700321226344e-05,3.8954874307140636e-05,1.839700321226344e-05,0.006241384005742688,0.004289172788809451,0.3127849872940056,2.0557871094877196e-05,0.03950913309471249,0.16165413533834586,0.10526315789473684,1.0
2025-10-17,2024-10-14,5.99279336488191e-05,5.0904051825451915e-05,0.004122044857546981,4.478129876831058e-05,7.1861463092192535e-06,0.010979212581738923,2025-10-15,250,50555,240,0.01,5.191283935788335e-05,2.7769993489778798e-05,5.191283935788335e-05,2.7769993489778798e-05,0.007205056513163748,0.005269724232801826,0.26860750874417716,2.414284586810455e-05,0.03941300235683505,0.08333333333333333,0.03333333333333333,1.0
2025-10-20,2024-10-15,1.1447192467675744e-05,1.3754079945320553e-05,0.00404296642752388,1.8033717865685016e-05,6.7935664904425805e-06,0.010917242884450397,2025-10-16,250,50647,263,0.01,1.4602714141246727e-05,1.0419385286329586e-05,1.4602714141246727e-05,1.0419385286329586e-05,0.003821349780018407,0.003227907261110453,0.15529657138716446,4.183328854917141e-06,0.0392207131532813,0.17490494296577946,0.1596958174904943,1.0
2025-10-21,2024-10-16,5.332926767726915e-06,1.388791861162368e-05,0.003889566809029897,1.707040009944112e-05,7.673325933544642e-06,0.010804866676597644,2025-10-17,250,50700,265,0.01,1.0780886087730113e-05,1.1003409557270013e-05,1.0780886087730113e-05,1.1003409557270013e-05,0.0032834259680599035,0.003317138760629409,-0.010267565919698685,-2.2252346953989996e-07,0.038932210001787475,0.16226415094339622,0.13962264150943396,1.0
2025-10-22,2024-10-17,6.484023048404988e-06,1.7813009853285807e-05,0.003881721657723485,2.0426789293291872e-05,7.76278439528558e-06,0.010805027633362633,2025-10-20,250,50767,263,0.01,1.300478444810494e-05,1.311271429688266e-05,1.300478444810494e-05,1.311271429688266e-05,0.0036062146980046735,0.0036211482014524977,-0.004141046692557326,-1.0792984877772037e-07,0.038836023785198126,0.20152091254752852,0.21292775665399238,1.0
2025-10-23,2024-10-18,4.0769025148142e-06,1.0167022150428618e-05,0.003946604759141034,1.4395170475240688e-05,6.985073100231227e-06,0.010861495956873312,2025-10-21,250,50839,267,100.0,9.02348790408233e-06,8.641593392281554e-06,9.02348790408233e-06,8.641593392281554e-06,0.003003912099926083,0.0029396587203758115,0.02138990004130037,3.818945118007754e-07,0.03883602378519813,0.1760299625468165,0.1760299625468165,1.0
2025-10-24,2024-10-21,4.55593077374177e-06,8.829405316446406e-06,0.003929424454888667,1.0722045514846847e-05,7.607621665159913e-06,0.010797467845659166,2025-10-22,250,50899,264,100.0,7.4988491729055555e-06,8.246281301059671e-06,7.4988491729055555e-06,8.246281301059671e-06,0.002738402668145347,0.002871633907910211,-0.04865290313754289,-7.474321281541154e-07,0.03873982831593057,0.21212121212121213,0.19318181818181818,1.0
2025-10-27,2024-10-22,5.229426092110789e-06,1.3666519796799486e-05,0.0038809831824062097,9.23565004637084e-06,6.873894927513819e-06,0.010709940199335547,2025-10-23,250,50972,259,100.0,7.131995769230427e-06,1.0440678642659962e-05,7.131995769230427e-06,1.0440678642659962e-05,0.0026705796691412196,0.0032312038998893217,-0.20992604610383414,-3.308682873429535e-06,0.03854740961223893,0.1969111969111969,0.1891891891891892,1.0
2025-10-28,2024-10-23,2.933283297777262e-06,1.494655906148326e-05,0.003794501692645362,1.247045218288395e-05,5.529756162840369e-06,0.010585060708656818,2025-10-24,250,51050,259,100.0,7.572987079721056e-06,1.0365411705386722e-05,7.572987079721056e-06,1.0365411705386722e-05,0.0027519060811955513,0.00321953594565843,-0.16992944187241998,-2.792424625665666e-06,0.03816246109434892,0.23552123552123552,0.21235521235521235,1.0
2025-10-29,2024-10-24,5.3941669487907916e-06,1.4416926427794717e-05,0.003791821561338289,1.6643454348601537e-05,4.901543755530042e-06,0.010557021220854076,2025-10-27,250,51115,242,100.0,1.0832872013988549e-05,9.816514144096508e-06,1.0832872013988549e-05,9.816514144096508e-06,0.0032913328628366577,0.0031331316831720475,0.048065992185385764,1.0163578698920405e-06,0.03816246109434892,0.2768595041322314,0.24380165289256198,1.0
2025-10-30,2024-10-25,4.212570794722712e-06,1.530066796719396e-05,0.0037819799777530573,2.8359910491082317e-05,1.0283017257926641e-05,0.010551953039759088,2025-10-28,250,51182,219,100.0,1.6231109730353745e-05,1.280329843609744e-05,1.6231109730353745e-05,1.280329843609744e-05,0.004028785143235333,0.0035781697047649152,0.11184896251591847,3.4278112942563047e-06,0.03854740961223892,0.2602739726027397,0.2785388127853881,1.0
2025-10-31,2024-10-28,2.229949366469583e-06,9.692662327814655e-06,0.003758290346352248,2.1415599469872455e-05,5.400219032147723e-06,0.010669295264992718,2025-10-29,250,51225,244,100.0,1.1586885277555409e-05,7.599216622141028e-06,1.1586885277555409e-05,7.599216622141028e-06,0.003403951421150926,0.002756667666248695,0.1901565782872937,3.987668655414381e-06,0.03845118637425273,0.13114754098360656,0.14754098360655737,1.0
2025-11-03,2024-10-29,3.2181894470856476e-06,1.097818133931531e-05,0.0037726079076820657,1.58891423652704e-05,4.707539386966069e-06,0.010634411928569332,2025-10-30,250,51350,229,100.0,9.913321775034794e-06,7.664872709471387e-06,9.913321775034794e-06,7.664872709471387e-06,0.0031485428018425913,0.0027685506514187864,0.12068825940731243,2.2484490655634073e-06,0.038162461094348926,0.2794759825327511,0.28820960698689957,1.0
2025-11-04,2024-10-30,3.173605477482547e-06,8.712380356974179e-06,0.00379111689277086,2.2405283449439216e-05,3.856568820683473e-06,0.010614492053736057,2025-10-31,250,51410,244,100.0,1.3262354577525391e-05,6.16506938711676e-06,1.3262354577525391e-05,6.16506938711676e-06,0.00364175158097383,0.0024829557763111207,0.31819737807399795,7.097285190408631e-06,0.03902838696747835,0.3360655737704918,0.26229508196721313,1.0
2025-11-05,2024-10-31,2.468435079942386e-06,8.900279340465396e-06,0.0037772181898977912,1.6882505758400063e-05,4.82418728429507e-06,0.01074182068597832,2025-11-03,250,51438,239,100.0,9.464385702122677e-06,6.921925037052184e-06,9.464385702122677e-06,6.921925037052184e-06,0.0030764241746096517,0.0026309551567923356,0.14480090928093137,2.542460665070493e-06,0.03883602378519814,0.24267782426778242,0.20920502092050208,1.0
2025-11-06,2024-11-01,4.541030946089956e-06,5.85549166641445e-06,0.0037758199452135937,2.4379587850861987e-05,4.347278267615527e-06,0.010704724165412198,2025-11-04,250,51491,236,100.0,1.546904958007455e-05,5.0246961501269086e-06,1.546904958007455e-05,5.0246961501269086e-06,0.003933071265572816,0.002241583402447232,0.430067941542685,1.0444353429947642e-05,0.03883602378519814,0.3347457627118644,0.2711864406779661,1.0
2025-11-07,2024-11-04,5.20284922751161e-06,8.904871067096757e-06,0.0037809986284612833,1.9467664055685354e-05,3.6997235286768515e-06,0.010820824693052464,2025-11-05,250,51529,240,100.0,1.281075046920427e-05,6.128792379939473e-06,1.281075046920427e-05,6.128792379939473e-06,0.0035792108724136762,0.0024756397920415387,0.3083280420490938,6.6819580892647965e-06,0.03854740961223892,0.3125,0.2833333333333333,1.0
2025-11-10,2024-11-05,3.6197972795384292e-06,7.860377333394869e-06,0.0028681044436994836,1.0970115990235749e-05,4.563175301617045e-06,0.010810180783045437,2025-11-06,250,51565,241,100.0,7.432203249817122e-06,6.150210304464462e-06,7.432203249817122e-06,6.150210304464462e-06,0.0027262067511135543,0.0024799617546374503,0.09032513633660466,1.2819929453526595e-06,0.038451186374252724,0.31950207468879666,0.3236514522821577,1.0
2025-11-11,2024-11-06,6.224044791132917e-06,1.1208014053161995e-05,0.0038228853505548744,1.0422433276766591e-05,5.507792964389545e-06,0.010644087520544724,2025-11-07,250,51612,246,100.0,8.272039174368856e-06,8.427418400102263e-06,8.272039174368856e-06,8.427418400102263e-06,0.002876115292259484,0.0029030016190319742,-0.009348139431284208,-1.5537922573340745e-07,0.03873982831593056,0.3008130081300813,0.21951219512195122,1.0
2025-11-12,2024-11-07,5.698771109137549e-06,9.496381427694573e-06,0.0037420526793823803,1.2314180938606436e-05,5.234514927002478e-06,0.010619775988286968,2025-11-10,250,51669,318,100.0,8.985672848307625e-06,7.378850273262651e-06,8.985672848307625e-06,7.378850273262651e-06,0.0029976111903159863,0.002716403923068631,0.093810454189595,1.606822575044974e-06,0.03873982831593056,0.3238993710691824,0.24528301886792453,1.0
2025-11-13,2024-11-08,7.383414613782194e-06,8.340523946016598e-06,0.003766409478187735,2.4829621824836514e-05,6.516335557126938e-06,0.01061387076004565,2025-11-11,250,51738,332,100.0,1.6001420585507822e-05,7.439418838251826e-06,1.6001420585507822e-05,7.439418838251826e-06,0.004000177569247123,0.002727529805199537,0.31814781769478107,8.562001747255996e-06,0.03873982831593057,0.24397590361445784,0.21686746987951808,1.0
2025-11-14,2024-11-11,5.9389991854872685e-06,9.515988054622082e-06,0.0037735849056603774,2.2168693098398697e-05,4.063854952587056e-06,0.010792969168501879,2025-11-12,250,51890,321,100.0,1.4584723980215787e-05,6.611580701201553e-06,1.4584723980215787e-05,6.611580701201553e-06,0.0038189951532066374,0.0025712994188156215,0.3267078601404828,7.973143279014234e-06,0.03883602378519813,0.3115264797507788,0.26479750778816197,1.0
2025-11-17,2024-11-13,9.110265781862238e-06,9.78814675013808e-06,0.0037810653059726146,3.244944562016949e-05,5.524931510134505e-06,0.010794736058815648,2025-11-13,250,52046,337,100.0,2.1299273649939616e-05,7.561660452688141e-06,2.1299273649939616e-05,7.561660452688141e-06,0.0046151136118127815,0.00274984735079752,0.40416475473993785,1.3737613197251476e-05,0.03873982831593057,0.258160237388724,0.19287833827893175,1.0
2025-11-18,2024-11-14,1.0840025982211306e-05,1.1392558575505689e-05,0.003851043146638749,4.6331991279236485e-05,8.94945953974118e-06,0.010896250394339542,2025-11-14,250,52197,348,100.0,2.9401915878931366e-05,1.0114845861398965e-05,2.9401915878931366e-05,1.0114845861398965e-05,0.005422353352459739,0.00318038454615145,0.41346785437567724,1.92870700175324e-05,0.038932210001787475,0.27011494252873564,0.1810344827586207,1.0
2025-11-19,2024-11-15,2.9594323556610014e-05,2.1495693875019752e-05,0.003851331139694885,4.012918197874675e-05,7.107693940312352e-06,0.010988527148224457,2025-11-17,250,52348,325,100.0,3.539659942603302e-05,1.3571226218673216e-05,3.539659942603302e-05,1.3571226218673216e-05,0.005949504132785607,0.003683914523801172,0.38080309861448347,2.18253732073598e-05,0.03864362359220442,0.08307692307692308,0.055384615384615386,1.0
2025-11-20,2024-11-18,1.7831852601297678e-05,1.0609074936694409e-05,0.0038352695859398276,5.782027724149271e-05,1.2141838434691298e-05,0.010946239983097657,2025-11-18,250,52520,340,0.01,3.947264711246204e-05,1.1438570476786842e-05,3.947264711246204e-05,1.1438570476786842e-05,0.006282726089243589,0.0033820955747564025,0.46168342743021107,2.80340766356752e-05,0.03873982831593057,0.2911764705882353,0.15294117647058825,1.0
2025-11-21,2024-11-19,4.5307322455599e-05,2.2164443088526583e-05,0.003868544600938968,8.985764581383735e-05,3.73625119471921e-05,0.011115668245138153,2025-11-19,250,52677,293,0.01,6.887489965876263e-05,3.0204377126387187e-05,6.887489965876263e-05,3.0204377126387187e-05,0.008299090291035677,0.005495850901033178,0.337776707048294,3.8670522532375436e-05,0.03864362359220442,0.04436860068259386,0.027303754266211604,1.0
2025-11-24,2024-11-20,4.472374754828934e-06,1.1972135848138704e-05,0.003793878227559027,1.7942671141657716e-05,4.4132146997153435e-06,0.011006034626648259,2025-11-20,250,52834,332,0.01,1.1450962039571555e-05,8.056068265220576e-06,1.1450962039571555e-05,8.056068265220576e-06,0.003383927014516057,0.002838321381595216,0.16123445647035306,3.394893774350979e-06,0.03825871211709033,0.24096385542168675,0.20783132530120482,1.0
2025-11-25,2024-11-21,5.426425067344381e-06,1.5596667887786954e-05,0.003732966077123804,9.14895324105824e-06,6.416095358757018e-06,0.010846390920102283,2025-11-21,250,52933,338,0.01,7.320729345092263e-06,1.0924897251712548e-05,7.320729345092263e-06,1.0924897251712548e-05,0.002705684635187971,0.003305283233205976,-0.22160697895834014,-3.604167906620285e-06,0.03835495387646398,0.2988165680473373,0.24260355029585798,1.0
2025-11-26,2024-11-22,6.873563598128463e-06,1.5184195110008532e-05,0.0037188143120193526,6.811551237555163e-06,8.588452160135185e-06,0.010745321620100143,2025-11-24,250,53071,312,1.0,6.8401723270505326e-06,1.1632641213922882e-05,6.8401723270505326e-06,1.1632641213922882e-05,0.002615372311364203,0.0034106658021452177,-0.3040842358563405,-4.792468886872349e-06,0.03825871211709033,0.34615384615384615,0.3108974358974359,1.0
2025-11-28,2024-11-25,5.651639972132043e-06,1.5006403249814059e-05,0.003711043055305351,5.862742204345194e-06,7.554159039139727e-06,0.010671649894067797,2025-11-25,250,53230,295,100.0,5.767567299652485e-06,1.0913984395138663e-05,5.767567299652485e-06,1.0913984395138663e-05,0.0024015760033054305,0.003303632000562209,-0.3756100144302015,-5.146417095486178e-06,0.03845118637425273,0.3220338983050847,0.3152542372881356,1.0
2025-12-01,2024-11-26,4.9649178140621495e-06,1.2930719741148438e-05,0.0036937421552806168,8.678885522688065e-06,5.194961945207145e-06,0.010613715447987242,2025-11-26,250,53354,313,100.0,6.94649163943125e-06,8.80333459123727e-06,6.94649163943125e-06,8.80333459123727e-06,0.002635619782789477,0.002967041386842669,-0.1257471226378577,-1.8568429518060198e-06,0.038066200806456334,0.3546325878594249,0.26517571884984026,1.0
2025-12-02,2024-11-27,4.552265197743474e-06,4.552265197743474e-06,0.003638290356764393,8.015263708611915e-06,8.015263708611915e-06,0.010662394343422461,2025-11-28,250,53475,282,100.0,6.6030480038251396e-06,6.6030480038251396e-06,6.6030480038251396e-06,6.6030480038251396e-06,0.002569639664199076,0.002569639664199076,0.0,0.0,0.03739211921706267,0.3333333333333333,0.3333333333333333,0.0
2025-12-03,2024-11-29,4.0245315416114385e-06,4.0245315416114385e-06,0.003599007652258991,7.155689801347468e-06,7.155689801347468e-06,0.010642681906885975,2025-12-01,250,53609,287,100.0,5.8574046692617975e-06,5.8574046692617975e-06,5.8574046692617975e-06,5.8574046692617975e-06,0.002420207567392061,0.002420207567392061,0.0,0.0,0.03700672562909568,0.27177700348432055,0.27177700348432055,0.0
2025-12-04,2024-12-02,1.2168222160585094e-05,1.2168222160585094e-05,0.0036248460320253396,1.1710456920820815e-05,1.1710456920820815e-05,0.010605955636140313,2025-12-02,250,53713,249,100.0,1.1897975211808593e-05,1.1897975211808593e-05,1.1897975211808593e-05,1.1897975211808593e-05,0.003449344171260472,0.003449344171260472,0.0,0.0,0.03652477468237227,0.07228915662650602,0.07228915662650602,0.0
2025-12-05,2024-12-03,5.09524691828823e-06,1.2438886293945124e-05,0.0036693979337370864,5.453970174953314e-06,1.0089167389386295e-05,0.010598207162582737,2025-12-03,250,53815,309,0.01,5.2926027552884375e-06,1.114616068302279e-05,5.2926027552884375e-06,1.114616068302279e-05,0.0023005657467867415,0.003338586629551911,-0.45120244192759973,-5.853557927734353e-06,0.03642835661355149,0.31715210355987056,0.3300970873786408,1.0
2025-12-08,2024-12-04,5.4771982149708754e-06,8.941016909581536e-06,0.0036946696319678602,7.634496618497138e-06,6.350747839666277e-06,0.010578114016538086,2025-12-04,250,53876,306,100.0,6.6333973593444275e-06,7.552768127012573e-06,6.6333973593444275e-06,7.552768127012573e-06,0.0025755382659445047,0.0027482299989288693,-0.06705073470187206,-9.193707676681459e-07,0.03642835661355148,0.3006535947712418,0.24183006535947713,1.0
2025-12-09,2024-12-05,4.679506118322365e-06,9.916109059960057e-06,0.0037065025729605245,8.661036284390015e-06,6.800144335012095e-06,0.010609989321709111,2025-12-05,250,54000,267,100.0,6.990881308361638e-06,8.107215680308617e-06,6.990881308361638e-06,8.107215680308617e-06,0.002644027478745567,0.002847317277773697,-0.0768864169008483,-1.1163343719469787e-06,0.0366211834556453,0.29213483146067415,0.26591760299625467,1.0
2025-12-10,2024-12-06,3.9550658519607255e-06,1.2736788855787162e-05,0.0037159968251677606,7.003562998828272e-06,1.0073378082149759e-05,0.010619154075895991,2025-12-08,250,54124,255,100.0,5.736344576993135e-06,1.1180521384132369e-05,5.736344576993135e-06,1.1180521384132369e-05,0.0023950667166058514,0.003343728664848924,-0.3960899885024751,-5.444176807139234e-06,0.036621183455645294,0.25882352941176473,0.27450980392156865,1.0
2025-12-11,2024-12-09,7.3744276488714415e-06,1.3242289303945056e-05,0.003694669631967859,5.228167358937669e-06,1.2265828215140441e-05,0.010549190627863343,2025-12-09,250,54216,282,100.0,6.194745574617062e-06,1.2705581967899965e-05,6.194745574617062e-06,1.2705581967899965e-05,0.0024889245819464,0.003564489019186336,-0.43214022837076804,-6.510836393282903e-06,0.036235492582095415,0.2978723404255319,0.2907801418439716,1.0
2025-12-12,2024-12-10,5.635899622289834e-06,1.1527841572033071e-05,0.003704636190339173,6.688208296696827e-06,1.104536828433751e-05,0.010524699275940625,2025-12-10,250,54315,281,100.0,6.1938853606764595e-06,1.1272010540479198e-05,6.1938853606764595e-06,1.1272010540479198e-05,0.0024887517675888167,0.0033573815005863124,-0.3490222465372881,-5.078125179802739e-06,0.035946126773469124,0.302491103202847,0.298932384341637,1.0
2025-12-15,2024-12-11,6.0661317026244575e-06,1.0624400268745178e-05,0.0037013080350725897,6.157410617038524e-06,9.044411429831236e-06,0.010639091469138702,2025-12-11,250,54427,298,100.0,6.113915295404976e-06,9.797292017501637e-06,6.113915295404976e-06,9.797292017501637e-06,0.0024726332715154053,0.003130062621977656,-0.26588227135653275,-3.683376722096661e-06,0.03565667720803468,0.31208053691275167,0.2953020134228188,1.0
2025-12-16,2024-12-12,1.0684878582997184e-05,1.0493162990244105e-05,0.003757615555798768,1.0743900957310346e-05,1.0108945126144721e-05,0.01065518928209422,2025-12-12,250,54554,315,100.0,1.071485820169593e-05,1.029800471006664e-05,1.071485820169593e-05,1.029800471006664e-05,0.003273355801268162,0.003209050437445108,0.01964508832133094,4.1685349162929057e-07,0.03584965289369723,0.2507936507936508,0.1746031746031746,1.0
2025-12-17,2024-12-13,2.2664977662244095e-05,7.888084122375183e-06,0.0037507738246968436,1.2153797497605033e-05,6.261332952090222e-06,0.010684382871536524,2025-12-15,250,54695,329,0.01,1.7041975507300404e-05,7.017846414259217e-06,1.7041975507300404e-05,7.017846414259217e-06,0.004128192765278821,0.0026491218194449303,0.358285339355754,1.0024129093041188e-05,0.035753169705817864,0.3343465045592705,0.270516717325228,1.0
2025-12-18,2024-12-16,1.9800470016722574e-05,7.1689552428547566e-06,0.0037889935256032966,1.1251852245050064e-05,1.0291673958537196e-05,0.010803257372654156,2025-12-16,250,54852,316,0.01,1.5580266306656397e-05,8.710550558191657e-06,1.5580266306656397e-05,8.710550558191657e-06,0.003947184605089607,0.0029513641859641206,0.25228625431945817,6.86971574846474e-06,0.035753169705817864,0.28164556962025317,0.18354430379746836,1.0
2025-12-19,2024-12-17,1.634233969450956e-05,8.152785879601174e-06,0.003784121385796687,7.122945235036789e-06,1.29300271445289e-05,0.010722289236773246,2025-12-17,250,55018,296,0.01,1.117200361250794e-05,1.0831914426824155e-05,1.117200361250794e-05,1.0831914426824155e-05,0.003342454728565211,0.0032911873885915635,0.015338230174221312,3.400891856837847e-07,0.03556017539855088,0.36824324324324326,0.27702702702702703,1.0
2025-12-22,2024-12-18,1.431387241262352e-05,8.116340367734695e-06,0.0037636569591113387,6.413501406665735e-06,1.4283882163032034e-05,0.010698257394319633,2025-12-18,250,55140,318,0.01,1.026431117372063e-05,1.1277690407462575e-05,1.026431117372063e-05,1.1277690407462575e-05,0.003203796368953656,0.003358227271561973,-0.048202471325839547,-1.0133792337419457e-06,0.035560175398550886,0.31761006289308175,0.24842767295597484,1.0
2025-12-23,2024-12-19,1.2411262626705556e-05,1.0040290584904973e-05,0.0038011587998671432,5.919225236422106e-06,1.446861425566672e-05,0.01063202108552487,2025-12-19,250,55278,321,0.01,9.054009646060531e-06,1.2330327124925068e-05,9.054009646060531e-06,1.2330327124925068e-05,0.0030089881432236536,0.003511456553187732,-0.16698916248495532,-3.2763174788645364e-06,0.035753169705817864,0.34890965732087226,0.30218068535825543,1.0
2025-12-24,2024-12-20,1.2479295397376951e-05,9.602866342405249e-06,0.0037817594360405335,5.243245637515374e-06,1.4393102613999697e-05,0.01058364875864876,2025-12-22,250,55419,310,0.01,8.627849557450627e-06,1.2152508228899071e-05,8.627849557450627e-06,1.2152508228899071e-05,0.0029373201319315926,0.003486044782973832,-0.18681131997736866,-3.524658671448444e-06,0.03584965289369723,0.3903225806451613,0.3387096774193548,1.0
2025-12-26,2024-12-23,1.3269902238728257e-05,9.327892826784758e-06,0.0037617325882911517,4.764812436845318e-06,1.338758591905219e-05,0.010546549726237722,2025-12-23,250,55556,306,0.01,8.628235582145084e-06,1.1543476965375156e-05,8.628235582145084e-06,1.1543476965375156e-05,0.0029373858415511376,0.0033975692730796756,-0.15666427781429282,-2.9152413832300714e-06,0.036235492582095415,0.40522875816993464,0.3366013071895425,1.0
2025-12-29,2024-12-24,1.2256726941068751e-05,7.119889672908586e-06,0.003767373811265546,4.644411489412938e-06,1.1292939375595878e-05,0.010547619185583293,2025-12-24,250,55675,313,0.01,8.243844993710256e-06,9.319740155155881e-06,8.243844993710256e-06,9.319740155155881e-06,0.0028712096742854317,0.00305282494669378,-0.06325392186955048,-1.0758951614456256e-06,0.035753169705817864,0.3610223642172524,0.28115015974440893,1.0
2025-12-30,2024-12-26,1.4123050378049729e-05,5.86603236880803e-06,0.0037624196376388076,5.628346641466094e-06,1.1916346099626115e-05,0.010585341280802501,2025-12-26,250,55803,312,0.01,9.84847189521758e-06,8.91058126540559e-06,9.84847189521758e-06,8.91058126540559e-06,0.0031382275085177587,0.002985059675350828,0.0488071157209613,9.378906298119892e-07,0.036139046615873194,0.32051282051282054,0.2403846153846154,1.0
2025-12-31,2024-12-27,1.5243691859248587e-05,6.5983718194085856e-06,0.0037717884868902897,5.950446190676512e-06,9.638285625178574e-06,0.01059828386777485,2025-12-29,250,56033,308,0.01,1.0204821642847495e-05,8.246636772537118e-06,1.0204821642847495e-05,8.246636772537118e-06,0.0031944986528166662,0.002871695800835652,0.1010496128074404,1.958184870310377e-06,0.03584965289369723,0.38961038961038963,0.30844155844155846,1.0
2026-01-02,2024-12-30,1.8830905193292305e-05,5.516684834623678e-06,0.0037887147796660044,5.413984188902841e-06,1.0091375702097632e-05,0.010677391776161425,2025-12-30,250,56162,302,0.01,1.1456041329952403e-05,8.031250013433865e-06,1.1456041329952403e-05,8.031250013433865e-06,0.003384677433663717,0.002833946014558828,0.16271311813272382,3.4247913165185384e-06,0.03604259134692933,0.3211920529801324,0.2152317880794702,1.0
2026-01-05,2024-12-31,1.9759014347544466e-05,4.8674228509392925e-06,0.0038005977639201517,4.44128692514579e-06,8.404061698441858e-06,0.010657855292240587,2025-12-31,250,56291,313,0.01,1.1635235586783508e-05,6.74308434833682e-06,1.1635235586783508e-05,6.74308434833682e-06,0.0034110461132596122,0.0025967449525004993,0.23872475883387068,4.892151238446688e-06,0.03584965289369724,0.3194888178913738,0.2108626198083067,1.0
2026-01-06,2025-01-02,2.0424304135204844e-05,6.341202343924389e-06,0.0038539250168375364,5.477447054764099e-06,9.860025744182516e-06,0.010587342232303844,2026-01-02,250,56416,307,0.01,1.1758048238402066e-05,8.381432198145714e-06,1.1758048238402066e-05,8.381432198145714e-06,0.003429001055468205,0.0028950703269775184,0.1557102840896567,3.3766160402563517e-06,0.035753169705817864,0.24429967426710097,0.1986970684039088,1.0
2026-01-07,2025-01-03,2.5778197518953904e-05,9.066359749231909e-06,0.003925903338923618,5.58940325987782e-06,8.982313133494318e-06,0.010524749569968631,2026-01-05,250,56527,288,0.01,1.4071500847892424e-05,9.01762438524518e-06,1.4071500847892424e-05,9.01762438524518e-06,0.0037511999210775777,0.0030029359608964657,0.19947322881318574,5.0538764626472445e-06,0.03565667720803468,0.2326388888888889,0.16666666666666666,1.0
2026-01-08,2025-01-06,4.099941245623132e-05,1.1214567973807788e-05,0.003956516728767334,7.163639141228446e-06,8.541334572064359e-06,0.01055878505757127,2026-01-06,250,56639,319,0.01,2.2437467847687422e-05,9.748060621754184e-06,2.2437467847687422e-05,9.748060621754184e-06,0.004736820436504578,0.0031221884346967566,0.34086831524466654,1.2689407225933238e-05,0.035560175398550886,0.29153605015673983,0.219435736677116,1.0
2026-01-09,2025-01-07,3.70230145126571e-05,9.684224841040496e-06,0.003976219888820259,5.691464293267584e-06,9.662118232323481e-06,0.010559856999898476,2026-01-07,250,56739,308,0.01,1.9627900592151883e-05,9.671951366720335e-06,1.9627900592151883e-05,9.671951366720335e-06,0.004430338654341436,0.003109976103882526,0.29802745421392174,9.955949225431547e-06,0.03556017539855088,0.2564935064935065,0.22727272727272727,1.0
2026-01-12,2025-01-08,4.107371903486058e-05,1.204967209377314e-05,0.00397116088984848,5.790817703999403e-06,8.048561609358932e-06,0.01049047934646361,2026-01-08,250,56861,323,0.01,2.250377096598628e-05,9.943824470397242e-06,2.250377096598628e-05,9.943824470397242e-06,0.004743813968315609,0.0031533830199322824,0.33526419016554354,1.2559946495589039e-05,0.03556017539855088,0.29721362229102166,0.24148606811145512,1.0
2026-01-13,2025-01-10,6.151060309442142e-05,1.4459033828606259e-05,0.0039577329490874166,1.2521329450179842e-05,8.692727267328907e-06,0.01047403043903562,2026-01-09,250,56979,338,1.0,3.585645683693396e-05,1.1439399919298295e-05,3.585645683693396e-05,1.1439399919298295e-05,0.005988026121931497,0.003382218195104848,0.4351697660908199,2.4417056917635664e-05,0.03604259134692934,0.21005917159763313,0.15976331360946747,1.0
2026-01-14,2025-01-13,6.223178709502885e-05,1.5440361071613006e-05,0.003945604290365831,1.5165924256666979e-05,7.821222603976371e-06,0.01049501563918878,2026-01-12,250,57124,328,0.01,3.841186870732131e-05,1.1584333676406661e-05,3.841186870732131e-05,1.1584333676406661e-05,0.0061977309321493874,0.0034035766006374328,0.4508350494884965,2.682753503091465e-05,0.03604259134692934,0.17073170731707318,0.12195121951219512,1.0
2026-01-15,2025-01-14,6.118487076729711e-05,1.332191879334471e-05,0.003962148022772735,1.1764039245191838e-05,8.245265966259943e-06,0.010546855263920272,2026-01-13,250,57271,342,100.0,3.531841216362213e-05,1.0664840266888062e-05,3.531841216362213e-05,1.0664840266888062e-05,0.0059429295943686,0.003265706702520614,0.45048874453853005,2.4653571896734067e-05,0.03604259134692933,0.2573099415204678,0.1783625730994152,1.0
2026-01-16,2025-01-15,7.727850728795214e-05,1.3513300911857154e-05,0.003989001200573176,1.1935606038009478e-05,7.881458236389258e-06,0.01051821189182942,2026-01-14,250,57413,342,100.0,4.346068997438532e-05,1.0598575316658856e-05,4.346068997438532e-05,1.0598575316658856e-05,0.006592472220220979,0.00325554531786287,0.50617231152265,3.286211465772646e-05,0.036139046615873194,0.22807017543859648,0.17543859649122806,1.0
2026-01-20,2025-01-16,0.0001530824836926321,5.0813641228797554e-05,0.0040308378663953355,2.748175452838854e-05,6.659498637267301e-06,0.010527032067778967,2026-01-15,250,57562,352,100.0,8.814119759066526e-05,2.7983942502494984e-05,8.814119759066526e-05,2.7983942502494984e-05,0.009388354360092362,0.0052899851136364254,0.43653755378867243,6.015725508817027e-05,0.03604259134692934,0.19602272727272727,0.11363636363636363,1.0
2026-01-21,2025-01-17,0.00010021709175072458,2.980865197295384e-05,0.004175111471422781,1.2122625711196889e-05,6.436245809559689e-06,0.010745782047876266,2026-01-16,250,57713,349,100.0,5.553880954729649e-05,1.7955024778338466e-05,5.553880954729649e-05,1.7955024778338466e-05,0.007452436483949158,0.004237336991358896,0.43141588653789265,3.7583784768958025e-05,0.036331929247390274,0.19484240687679083,0.14613180515759314,1.0
2026-01-22,2025-01-21,9.473220253715892e-05,2.598995735873304e-05,0.004159095497678175,8.539701899589553e-06,7.359643964257121e-06,0.010623179165450834,2026-01-20,250,57867,345,100.0,5.1011368880420835e-05,1.6539798390520622e-05,5.1011368880420835e-05,1.6539798390520622e-05,0.007142224365029485,0.0040669150950715235,0.43058144252869124,3.447157048990021e-05,0.036331929247390274,0.24347826086956523,0.19710144927536233,1.0
2026-01-23,2025-01-22,9.880135304892662e-05,2.6301637491237934e-05,0.004147372659553049,1.0112938816954145e-05,7.247913969944681e-06,0.010567980202618362,2026-01-21,250,58014,335,100.0,5.45895167004508e-05,1.680321412390667e-05,5.45895167004508e-05,1.680321412390667e-05,0.007388471878572105,0.004099172370601981,0.44519348006313497,3.778630257654413e-05,0.03642835661355149,0.22686567164179106,0.14925373134328357,1.0
2026-01-26,2025-01-23,9.436379186472821e-05,2.352129230910747e-05,0.0041525560393484914,8.899651851277836e-06,6.797158986177941e-06,0.010564146946592577,2026-01-22,250,58167,342,100.0,5.1131931565526706e-05,1.5061423698385808e-05,5.1131931565526706e-05,1.5061423698385808e-05,0.007150659519619621,0.0038809050102245235,0.45726614453166303,3.60705078671409e-05,0.03633192924739028,0.23976608187134502,0.19005847953216373,1.0
2026-01-27,2025-01-24,6.834011458124709e-05,1.768796409972639e-05,0.004032731686308289,9.29595200257681e-06,7.0509027408008086e-06,0.010510771873601549,2026-01-23,250,58307,334,100.0,3.722702292302563e-05,1.2082806018376382e-05,3.722702292302563e-05,1.2082806018376382e-05,0.00610139516201218,0.0034760330864904584,0.43028881195360946,2.5144216904649246e-05,0.03604259134692933,0.26047904191616766,0.19760479041916168,1.0
2026-01-28,2025-01-27,8.038168374888527e-05,2.2553080779795456e-05,0.003988074495682814,1.003514277521674e-05,6.811329921785699e-06,0.010469060662266895,2026-01-26,250,58449,329,100.0,4.4032407257931935e-05,1.4419045382039656e-05,4.4032407257931935e-05,1.4419045382039656e-05,0.006635691920058672,0.0037972418124264428,0.4277549563523334,2.9613361875892278e-05,0.03604259134692934,0.3100303951367781,0.24012158054711247,1.0
2026-01-29,2025-01-28,9.587723036409064e-05,3.5320626512196595e-05,0.004016534082046483,1.1673708105687985e-05,6.37280196615081e-06,0.010470114463202092,2026-01-27,250,58578,276,1.0,4.1572060211932406e-05,1.665137734844243e-05,4.1572060211932406e-05,1.665137734844243e-05,0.006447639894715927,0.0040806099235828,0.3671157213778321,2.4920682863489975e-05,0.036139046615873194,0.33695652173913043,0.25,1.0
2026-01-30,2025-01-29,4.3459359146510287e-05,6.866843459440418e-06,0.003987920086727583,1.4225826414520606e-05,5.87722343714583e-06,0.010490932799262288,2026-01-28,250,58707,318,100.0,2.7647511253735996e-05,6.331577283859698e-06,2.7647511253735996e-05,6.331577283859698e-06,0.005258090076609186,0.0025162625625835826,0.5214493236285029,2.13159339698763e-05,0.03604259134692933,0.3081761006289308,0.16352201257861634,1.0
2026-02-02,2025-01-30,2.275719201976313e-05,2.6608664767438764e-06,0.003969477416371203,1.0248589151306809e-05,7.439515587983797e-06,0.010522315996358222,2026-01-29,250,58817,301,100.0,1.5526305311751836e-05,5.423274933075259e-06,1.5526305311751836e-05,5.423274933075259e-06,0.003940343298717998,0.0023287925912530852,0.40898738645164123,1.0103030378676577e-05,0.03604259134692934,0.3920265780730897,0.24916943521594684,1.0
2026-02-03,2025-01-31,2.3283438574110345e-05,4.3357188524259145e-06,0.0038146735306099785,1.7156570681866536e-05,5.688556478828566e-06,0.01047026502351131,2026-01-30,250,58942,272,100.0,1.9251418895023424e-05,5.226005378624718e-06,1.9251418895023424e-05,5.226005378624718e-06,0.004387643888811332,0.002286045795390967,0.478981008185173,1.4025413516398707e-05,0.036235492582095415,0.30514705882352944,0.20955882352941177,1.0
2026-02-04,2025-02-03,2.1787326280721154e-05,4.754281351199838e-06,0.0038221760427489967,2.1634150645592395e-05,5.90239932686983e-06,0.010559550708453587,2026-02-02,250,59050,297,0.01,2.1698618505495075e-05,5.419184690645086e-06,2.1698618505495075e-05,5.419184690645086e-06,0.004658177594885695,0.0023279142361017266,0.5002521503994202,1.627943381484999e-05,0.036235492582095415,0.29292929292929293,0.21548821548821548,1.0
2026-02-05,2025-02-04,3.928647503218665e-05,1.079614979327693e-05,0.0037252703533581684,3.650291270206627e-05,6.972292445392225e-06,0.010610948862559933,2026-02-03,250,59128,327,0.01,3.777977615624993e-05,8.726355449009064e-06,3.777977615624993e-05,8.726355449009064e-06,0.0061465255353126075,0.002954040529344353,0.5193966880357046,2.905342070724087e-05,0.036235492582095415,0.2874617737003058,0.1651376146788991,1.0
2026-02-06,2025-02-05,1.847174550775199e-05,3.472150158986468e-06,0.00373310137363633,1.3344900113329859e-05,4.851797019207094e-06,0.010745147722912548,2026-02-04,250,59227,344,100.0,1.586361194954306e-05,4.174005393110333e-06,1.586361194954306e-05,4.174005393110333e-06,0.00398291500656781,0.002043038274998864,0.4870494922362384,1.1689606556432725e-05,0.03604259134692934,0.31976744186046513,0.21220930232558138,1.0
2026-02-09,2025-02-06,1.676239456381306e-05,3.97007170943709e-06,0.0037034373651661143,1.0066500149021277e-05,5.625476236665178e-06,0.010542884654368537,2026-02-05,250,59371,316,100.0,1.3075414727820118e-05,4.88159192379686e-06,1.3075414727820118e-05,4.88159192379686e-06,0.0036159942931122163,0.0022094324890787817,0.3889834136941721,8.193822804023256e-06,0.036139046615873194,0.3449367088607595,0.25,1.0
2026-02-10,2025-02-07,2.029806407474628e-05,4.5327769443375785e-06,0.004697400043696745,1.1864989320469087e-05,6.08363959743401e-06,0.010492293392895742,2026-02-06,250,59554,338,100.0,1.5832027444522563e-05,5.354091781332434e-06,1.5832027444522563e-05,5.354091781332434e-06,0.00397894803239783,0.0023138910478526066,0.41846663263450845,1.0477935663190129e-05,0.036235492582095415,0.34023668639053256,0.23668639053254437,1.0
2026-02-11,2025-02-10,2.514920506737145e-05,6.31353681423343e-06,0.003800058462437883,1.1784438790923517e-05,6.4880941913162274e-06,0.01052003554296943,2026-02-09,250,59688,314,100.0,1.7870940630197573e-05,6.40859831576578e-06,1.7870940630197573e-05,6.40859831576578e-06,0.004227403532926277,0.0025315209491066394,0.401164111874061,1.1462342314431791e-05,0.036235492582095415,0.3662420382165605,0.24522292993630573,1.0
2026-02-12,2025-02-11,5.6868875507234464e-05,1.6467509532081705e-05,0.0037749546279491836,3.0202141582440213e-05,5.676982335474295e-06,0.010522468061737672,2026-02-10,250,59839,344,0.01,4.2682793215846816e-05,1.0727200005979507e-05,4.2682793215846816e-05,1.0727200005979507e-05,0.00653320696257564,0.0032752404501012605,0.4986779894065937,3.195559320986731e-05,0.036331929247390274,0.25,0.18895348837209303,1.0
2026-02-13,2025-02-12,3.2947721455052093e-05,1.6373855083900825e-05,0.003973560539487259,2.5799286397916313e-05,4.538177997280107e-06,0.010687579080247185,2026-02-11,250,59971,345,0.01,2.93009835708321e-05,1.033594445420446e-05,2.93009835708321e-05,1.033594445420446e-05,0.005413038293863448,0.00321495636894258,0.40607174854328076,1.896503911662764e-05,0.036331929247390274,0.2492753623188406,0.15942028985507245,1.0
2026-02-17,2025-02-13,2.7734653819895853e-05,1.3100078232961e-05,0.004065994213777465,2.364229376122247e-05,4.117008891091853e-06,0.010680054272093871,2026-02-12,250,60135,315,1.0,2.538317073856289e-05,7.938378071442536e-06,2.538317073856289e-05,7.938378071442536e-06,0.005038171368518829,0.002817512745568782,0.44076679027353094,1.7444792667120355e-05,0.036139046615873194,0.30793650793650795,0.20952380952380953,1.0
2026-02-18,2025-02-14,1.728943531704679e-05,1.0560873747539634e-05,0.0039411853872972575,2.149158599657539e-05,4.189470046162101e-06,0.01066284982060482,2026-02-13,250,60295,316,100.0,1.958997983463681e-05,7.072731847734845e-06,1.958997983463681e-05,7.072731847734845e-06,0.00442605691723873,0.002659460818988474,0.3991354226308451,1.2517247986901964e-05,0.036235492582095415,0.29430379746835444,0.21518987341772153,1.0
2026-02-19,2025-02-18,8.604802112194934e-05,6.13452323498575e-05,0.003934178172876869,,,,2026-02-17,250,60422,124,100.0,8.604802112194934e-05,6.13452323498575e-05,8.604802112194934e-05,6.13452323498575e-05,0.009276207259540363,0.007832319729802755,0.15565494488629528,2.470278877209184e-05,0.03633192924739029,0.04838709677419355,0.0,1.0
2026-02-20,2025-02-19,1.193206923302671e-05,6.857778812671849e-06,0.003991096784097016,,,,2026-02-18,250,60535,159,100.0,1.193206923302671e-05,6.857778812671849e-06,1.193206923302671e-05,6.857778812671849e-06,0.003454282737852637,0.0026187361097811763,0.24188715617149514,5.0742904203548605e-06,0.036235492582095415,0.39622641509433965,0.37735849056603776,1.0
2026-02-23,2025-02-20,1.947324349822416e-05,9.909519327360464e-06,0.003930758182780256,2.8562975349007328e-05,4.785189022382736e-06,0.010561082343385113,2026-02-19,250,60471,329,100.0,2.439109234150502e-05,7.1370853021749446e-06,2.439109234150502e-05,7.1370853021749446e-06,0.004938733880409535,0.0026715323883821705,0.45906532867070804,1.7254007039330078e-05,0.036235492582095415,0.3404255319148936,0.270516717325228,1.0
2026-02-24,2025-02-21,4.469805220734518e-05,2.666897255533052e-05,0.003907130513186565,5.2796471525596415e-05,2.363213112876755e-05,0.01067003766174768,2026-02-20,250,60431,286,100.0,4.894547492670772e-05,2.5076223555384906e-05,4.894547492670772e-05,2.5076223555384906e-05,0.006996104267855627,0.005007616554348476,0.28422785558578323,2.3869251371322816e-05,0.03623549258209542,0.055944055944055944,0.02097902097902098,1.0
2026-02-25,2025-02-24,1.0326504490549092e-05,5.862577696421647e-06,0.0038215624311016406,1.3111228472637623e-05,4.659932796659914e-06,0.010593041390848908,2026-02-23,250,60562,317,100.0,1.189895115551391e-05,5.18348168046786e-06,1.189895115551391e-05,5.18348168046786e-06,0.0034494856363686903,0.002276726088151111,0.3399809919058412,6.715469475046049e-06,0.036235492582095415,0.42902208201892744,0.3280757097791798,1.0
2026-02-26,2025-02-25,8.963348423946056e-06,4.9278857408832235e-06,0.0037924370054333956,1.5908151807850908e-05,4.356373109695969e-06,0.010504403087354827,2026-02-24,250,60647,338,100.0,1.255903064934058e-05,4.6319842306531366e-06,1.255903064934058e-05,4.6319842306531366e-06,0.003543872267638971,0.0021522045048398947,0.39269693084233115,7.927046418687444e-06,0.036235492582095415,0.33727810650887574,0.2455621301775148,1.0
2026-02-27,2025-02-26,0.00027709707244829765,0.00023493420209089527,0.003810221652317273,3.0017880384561945e-05,5.138319183816225e-06,0.010563074133178587,2026-02-25,250,60772,277,100.0,0.0001281359710957927,9.639300192669963e-05,0.0001281359710957927,9.639300192669963e-05,0.011319716034238345,0.009817993783187054,0.13266430416709085,3.174296916909308e-05,0.0361390466158732,0.08664259927797834,0.04332129963898917,1.0
2026-03-02,2025-02-27,1.774019379278323e-05,9.904571802075751e-06,0.0039367098190627595,4.466372731327654e-05,1.384353784574604e-05,0.010614042478753334,2026-02-26,250,60912,307,0.01,3.124580995615772e-05,1.1880470078053683e-05,3.124580995615772e-05,1.1880470078053683e-05,0.005589795162271845,0.003446805778986348,0.3833752974974002,1.936533987810404e-05,0.03604259134692933,0.15960912052117263,0.1270358306188925,1.0
2026-03-03,2025-02-28,2.37467939653843e-05,1.5334024750808688e-05,0.003928679359323059,4.5372177614620764e-05,7.957739805923528e-06,0.010608011597074503,2026-02-27,250,60990,267,100.0,3.751576482819403e-05,1.0637513737211394e-05,3.751576482819403e-05,1.0637513737211394e-05,0.006125011414535816,0.0032615201574130114,0.46750790542646103,2.6878251090982637e-05,0.03652477468237227,0.2397003745318352,0.15730337078651685,1.0
2026-03-04,2025-03-03,1.6502430434559657e-05,9.621857527355333e-06,0.003943127962085307,2.993477950134428e-05,4.879125699712396e-06,0.010702345920362174,2026-03-02,250,61121,295,100.0,2.410650600795977e-05,6.936989001198145e-06,2.410650600795977e-05,6.936989001198145e-06,0.004909837676335111,0.0026338164327071364,0.46356344011089246,1.7169517006761626e-05,0.036428356613551496,0.31186440677966104,0.21694915254237288,1.0
2026-03-05,2025-03-04,2.414041259390077e-05,1.2869189784074728e-05,0.003961602925491394,4.100693611607332e-05,1.009745378123909e-05,0.010627365609446382,2026-03-03,250,61197,279,100.0,3.38129708861861e-05,1.1279663760943178e-05,3.38129708861861e-05,1.1279663760943178e-05,0.005814892164622324,0.003358521067515161,0.4224276267841509,2.2533307125242917e-05,0.036428356613551496,0.16129032258064516,0.10752688172043011,1.0
2026-03-06,2025-03-05,3.20878042546466e-05,1.701417931945586e-05,0.003995543432325483,6.583991899034989e-05,1.8418629611190436e-05,0.010686951607931776,2026-03-04,250,61302,323,100.0,5.0165562301942786e-05,1.7766408113480882e-05,5.0165562301942786e-05,1.7766408113480882e-05,0.007082765159310506,0.0042150217215906356,0.4048903744817991,3.2399154188461904e-05,0.03633192924739028,0.21981424148606812,0.09597523219814241,1.0
2026-03-09,2025-03-06,0.0001516669852940971,0.00010777479120554896,0.004039462440767499,0.0003386281727348991,0.0002518942389551144,0.010828886938933344,2026-03-05,250,61386,249,100.0,0.0002582874215053175,0.00018996339193020075,0.0002582874215053175,0.00018996339193020075,0.016071322954421565,0.013782720773860318,0.14240284928949198,6.832402957511677e-05,0.036235492582095415,0.04417670682730924,0.060240963855421686,1.0
2026-03-10,2025-03-07,3.755988731837265e-05,2.0719571865497335e-05,0.004001847006310606,4.001578330539934e-05,8.440199732828313e-06,0.010734850428295516,2026-03-06,250,61522,314,100.0,3.900683240627054e-05,1.3484909940198707e-05,3.900683240627054e-05,1.3484909940198707e-05,0.006245545004743024,0.003672180542974257,0.41203200998703704,2.5521922466071833e-05,0.03642835661355148,0.2961783439490446,0.18152866242038215,1.0
2026-03-11,2025-03-10,3.210657513108423e-05,1.9627815050260932e-05,0.00398727140282943,4.650641648622413e-05,9.639458391902126e-06,0.010752129419061403,2026-03-09,250,61581,320,100.0,3.980149035523712e-05,1.4290286960950445e-05,3.980149035523712e-05,1.4290286960950445e-05,0.006308842235722583,0.0037802495897692316,0.4008013755100248,2.5511203394286677e-05,0.03642835661355149,0.2625,0.20625,1.0
2026-03-12,2025-03-11,4.855618484328942e-05,2.9970569344699047e-05,0.003987577163452321,6.973138730601524e-05,1.9780513252962307e-05,0.01076564251179158,2026-03-10,250,61706,338,100.0,5.9958216938603316e-05,2.448361606453311e-05,5.9958216938603316e-05,2.448361606453311e-05,0.0077432691376835994,0.004948092164110639,0.36098150843935894,3.5474600874070206e-05,0.03642835661355148,0.22189349112426035,0.14792899408284024,1.0
2026-03-13,2025-03-12,0.00025297571270725585,0.00021221083870791153,0.004066312167657179,0.00012603696209180737,6.46988964036485e-05,0.010931638290844668,2026-03-11,250,61823,278,0.01,0.00018585342371275614,0.0001342099195758012,0.00018585342371275614,0.0001342099195758012,0.013632806890466692,0.011584900499175693,0.15021898334986938,5.1643504136954926e-05,0.03652477468237227,0.039568345323741004,0.0,1.0
2026-03-16,2025-03-13,2.2484640441025608e-05,1.528417132847193e-05,0.004158004158004158,5.096132506495401e-05,9.79067056730639e-06,0.01099386522520346,2026-03-12,250,61961,329,0.01,3.737214729608848e-05,1.2412189167619429e-05,3.737214729608848e-05,1.2412189167619429e-05,0.006113276314390548,0.003523093692710915,0.423697946644811,2.495995812846905e-05,0.03652477468237227,0.25835866261398177,0.1762917933130699,1.0
2026-03-17,2025-03-14,1.9041208748844022e-05,1.2010372180676213e-05,0.004113598607705088,4.074597363626148e-05,7.421475262296838e-06,0.01088310987549138,2026-03-13,250,62031,319,0.01,3.0880171414708094e-05,9.507337497923826e-06,3.0880171414708094e-05,9.507337497923826e-06,0.005556993019134367,0.0030833970710766115,0.4451320956388527,2.1372833916784267e-05,0.03652477468237227,0.2946708463949843,0.22570532915360503,1.0
2026-03-18,2025-03-17,0.00014256930067803905,0.00010970971003955772,0.004090783935806161,0.00010908287629300533,5.201659068973741e-05,0.010854555076849683,2026-03-16,250,62169,260,0.01,0.00012389417938638565,7.75347011713887e-05,0.00012389417938638565,7.75347011713887e-05,0.011130776225689996,0.008805379104353696,0.20891598880312134,4.635947821499695e-05,0.036524774682372266,0.007692307692307693,0.0038461538461538464,1.0
2026-03-19,2025-03-18,7.021070129177519e-05,5.1194653383610635e-05,0.004160998639673521,7.833789052092011e-05,2.3257498748123206e-05,0.01100815959360779,2026-03-17,250,62302,308,0.01,7.461732662056482e-05,3.604691044813531e-05,7.461732662056482e-05,3.604691044813531e-05,0.008638132125671893,0.006003907931350656,0.30495298705752794,3.8570416172429504e-05,0.036621183455645294,0.032467532467532464,0.045454545454545456,1.0
2026-03-20,2025-03-19,3.426195277259026e-05,2.087851541746166e-05,0.004177377892030849,8.479544210660835e-05,2.7522513115980293e-05,0.01103535465292513,2026-03-18,250,62361,343,0.01,6.151762486236678e-05,2.4462012718411943e-05,6.151762486236678e-05,2.4462012718411943e-05,0.007843317210362384,0.0049459086848032225,0.3694111111216032,3.705561214395483e-05,0.0366211834556453,0.2565597667638484,0.1836734693877551,1.0
2026-03-23,2025-03-20,2.8076755291011903e-05,1.6902523441800594e-05,0.004193717488608411,6.338724516749264e-05,1.8484782728612006e-05,0.011382885424857764,2026-03-19,250,62481,329,0.01,4.7824871209773175e-05,1.7787434410716398e-05,4.7824871209773175e-05,1.7787434410716398e-05,0.006915552849177943,0.004217515193892773,0.39014055913199885,3.0037436799056777e-05,0.03671758293516276,0.2674772036474164,0.17933130699088146,1.0
2026-03-24,2025-03-21,8.416310163052394e-05,5.741204014524333e-05,0.004135353294365581,9.255851062183854e-05,3.9340655614751717e-05,0.011264606793005585,2026-03-20,250,62641,263,0.01,8.898327941641179e-05,4.703645435017021e-05,8.898327941641179e-05,4.703645435017021e-05,0.009433094901272423,0.006858312791800197,0.27295199893779454,4.194682506624158e-05,0.03671758293516276,0.045627376425855515,0.022813688212927757,1.0
2026-03-25,2025-03-24,2.6748035981270005e-05,1.8909020536507033e-05,0.004132888253059927,5.294644008660375e-05,1.4384871166894489e-05,0.011302547536666768,2026-03-23,250,62770,333,0.01,4.122403104247544e-05,1.64091902541986e-05,4.122403104247544e-05,1.64091902541986e-05,0.006420594290443482,0.004050825873102743,0.36908864041883804,2.4814840788276838e-05,0.03671758293516275,0.3303303303303303,0.25825825825825827,1.0
2026-03-26,2025-03-25,3.1612319547688537e-05,2.1579983537017642e-05,0.004116855355870477,7.93141970328372e-05,2.7850145111852787e-05,0.011239910477756463,2026-03-24,250,62889,325,0.01,5.876569596231161e-05,2.514915243346227e-05,5.876569596231161e-05,2.514915243346227e-05,0.007665878681684939,0.005014893063013634,0.34581627609173504,3.361654352884934e-05,0.0366211834556453,0.28615384615384615,0.22153846153846155,1.0
2026-03-27,2025-03-26,5.181521721158107e-05,4.0994191312422245e-05,0.004112459962829689,0.00011249679618968253,4.2239463868879573e-05,0.011444291494210111,2026-03-25,250,63063,300,0.01,8.27628224904128e-05,4.162928031621548e-05,8.27628224904128e-05,4.162928031621548e-05,0.009097407459843316,0.00645207565952349,0.29077864347579596,4.113354217419732e-05,0.036621183455645294,0.24333333333333335,0.19666666666666666,1.0
2026-03-30,2025-03-27,8.159344402220101e-05,5.62441866771739e-05,0.004180064308681673,0.00016327844174468179,8.637642221134933e-05,0.011642823573940609,2026-03-26,250,63251,272,0.01,0.00012814188022434997,7.341512972054591e-05,0.00012814188022434997,7.341512972054591e-05,0.01131997704168829,0.008568262934839588,0.24308477806226225,5.472675050380406e-05,0.0366211834556453,0.09926470588235294,0.08455882352941177,1.0
2026-03-31,2025-03-28,0.00022532621757262198,0.00017188904117699448,0.004216843044236306,0.0001379627024940845,7.633608983687757e-05,0.011681880469009602,2026-03-27,250,63379,236,0.01,0.000167947637754091,0.00010913180618666344,0.000167947637754091,0.00010913180618666344,0.012959461321910374,0.010446616973291566,0.19390037025461682,5.8815831567427546e-05,0.036428356613551496,0.0211864406779661,0.00423728813559322,1.0
2026-04-01,2025-03-31,1.9615874808772383e-05,1.3633194959882858e-05,0.004097876196855668,3.3276800658211556e-05,8.298099795081947e-06,0.011351905157302333,2026-03-30,250,63495,293,0.01,2.8241374065244213e-05,1.0264619514530745e-05,2.8241374065244213e-05,1.0264619514530745e-05,0.00531426138473111,0.0032038444897545737,0.3971232768188948,1.7976754550713468e-05,0.036331929247390274,0.28668941979522183,0.25597269624573377,1.0
2026-04-02,2025-04-01,4.794398047206089e-05,3.251516954609326e-05,0.0040683800805852224,3.300312640097774e-05,7.70197656028415e-06,0.011267013613332518,2026-03-31,250,63568,317,0.01,3.9271686626384877e-05,1.811255910638072e-05,3.9271686626384877e-05,1.811255910638072e-05,0.0062667125852702765,0.004255885231814965,0.32087435415208,2.1159127520004158e-05,0.036331929247390274,0.15772870662460567,0.12933753943217666,1.0
2026-04-06,2025-04-02,8.502701230409847e-05,6.285038557849122e-05,0.004063769928102533,2.499867896819735e-05,5.832751269236394e-06,0.011256877544485613,2026-04-01,250,63662,284,0.01,4.634678342920444e-05,2.6110149386260116e-05,4.634678342920444e-05,2.6110149386260116e-05,0.006807847194907098,0.005109809134034276,0.24942364484078205,2.023663404294432e-05,0.03642835661355149,0.15140845070422534,0.09154929577464789,1.0
2026-04-07,2025-04-03,3.2622757266231655e-05,2.6566635224982945e-05,0.004017615699605965,3.824947539588385e-05,1.109620944804e-05,0.011203918473889489,2026-04-02,250,63775,278,0.01,3.6367156021575745e-05,1.627156771154969e-05,3.6367156021575745e-05,1.627156771154969e-05,0.006030518719113286,0.004033803132473087,0.33110179731500633,2.0095588310026054e-05,0.03652477468237227,0.3057553956834532,0.2517985611510791,1.0
2026-04-08,2025-04-04,1.5265425757095175e-05,1.3070288272843795e-05,0.004102564102564102,1.4909516786624006e-05,6.6655619252725185e-06,0.011198989715117864,2026-04-06,250,63859,258,0.01,1.5026773617980784e-05,8.775646187069255e-06,1.5026773617980784e-05,8.775646187069255e-06,0.003876438264435638,0.002962371716559091,0.23580062044651817,6.251127430911529e-06,0.03642835661355148,0.29457364341085274,0.2596899224806202,1.0
2026-04-09,2025-04-07,0.00010166476355744142,7.019143132841426e-05,0.004016994978756279,3.215251694688633e-05,2.2543710365099447e-05,0.010920841407671482,2026-04-07,250,63954,239,0.01,5.716529187788106e-05,3.968891539792403e-05,5.716529187788106e-05,3.968891539792403e-05,0.00756077323280371,0.006299913919882083,0.16676327593733054,1.7476376479957032e-05,0.03623549258209542,0.06276150627615062,0.03347280334728033,1.0
2026-04-10,2025-04-08,8.551186067941201e-06,9.990033982126784e-06,0.003992475718837576,7.543249068547526e-06,6.663462395183025e-06,0.01085819887926343,2026-04-08,250,64012,326,0.01,7.997748267660625e-06,8.163480871504289e-06,7.997748267660625e-06,8.163480871504289e-06,0.0028280290429308933,0.002857180580835641,-0.01030807585856186,-1.6573260384366404e-07,0.036139046615873194,0.4171779141104294,0.32515337423312884,1.0
2026-04-13,2025-04-09,9.457264231511812e-06,9.318152580140638e-06,0.003992628992628991,6.746377170884823e-06,6.904036365222929e-06,0.010865390162776321,2026-04-09,250,64066,324,0.01,7.934481993752206e-06,7.962074953242419e-06,7.934481993752206e-06,7.962074953242419e-06,0.0028168212569760626,0.0028217148958111305,-0.0017372912189399514,-2.7592959490212627e-08,0.036235492582095415,0.3487654320987654,0.2962962962962963,1.0
2026-04-14,2025-04-10,1.1477796740057502e-05,1.040775256167243e-05,0.004012345679012346,8.47705443455294e-06,1.0582653304323769e-05,0.010760236117184086,2026-04-10,250,64223,321,0.01,9.841878037679625e-06,1.0503103433834376e-05,9.841878037679625e-06,1.0503103433834376e-05,0.0031371767622624686,0.0032408491840618526,-0.03304640753637922,-6.612253961547511e-07,0.03642835661355148,0.308411214953271,0.24610591900311526,1.0
2026-04-15,2025-04-11,1.234728452091912e-05,1.2738908549848049e-05,0.004018081366147666,7.833665818545053e-06,8.809701355139755e-06,0.010630702992252973,2026-04-13,250,64354,322,100.0,9.894230878324517e-06,1.0603469857071803e-05,9.894230878324517e-06,1.0603469857071803e-05,0.003145509637296398,0.003256296954682082,-0.03522078459785205,-7.09238978747286e-07,0.03642835661355148,0.3167701863354037,0.2329192546583851,1.0
2026-04-16,2025-04-14,9.251498319105532e-06,1.3165619273589418e-05,0.0039034643245880714,7.449497119725538e-06,8.212483119943543e-06,0.010547472640512045,2026-04-14,250,64467,342,100.0,8.313614653931148e-06,1.0587671217013494e-05,8.313614653931148e-06,1.0587671217013494e-05,0.002883333947695124,0.003253870190559773,-0.12850965222424127,-2.274056563082347e-06,0.03642835661355149,0.3304093567251462,0.27485380116959063,1.0
2026-04-17,2025-04-15,1.0488242666181573e-05,1.1598286761384666e-05,0.003948367501898253,6.379860456691138e-06,8.266498949080316e-06,0.010521617307527863,2026-04-15,250,64579,345,100.0,8.344738904708304e-06,9.859962685399789e-06,8.344738904708304e-06,9.859962685399789e-06,0.0028887261733692073,0.0031400577519210995,-0.08700429305791779,-1.5152237806914853e-06,0.036331929247390274,0.2985507246376812,0.24347826086956523,1.0
2026-04-20,2025-04-16,1.1523131837409074e-05,1.2662370858699326e-05,0.00384857343744218,7.21647326133166e-06,5.660167914631716e-06,0.010395975441462244,2026-04-16,250,64709,352,100.0,9.333098072869707e-06,9.101591520664945e-06,9.333098072869707e-06,9.101591520664945e-06,0.0030550119595297346,0.0030168844062484304,0.01248032864891735,2.3150655220476204e-07,0.036331929247390274,0.2556818181818182,0.23011363636363635,1.0
2026-04-21,2025-04-17,1.2385221046024723e-05,1.6300465320558587e-05,0.0038088262223036073,1.090289006147189e-05,4.335517991425253e-06,0.010416804944124617,2026-04-17,250,64841,325,100.0,1.1577920786745178e-05,9.784170928999819e-06,1.1577920786745178e-05,9.784170928999819e-06,0.003402634389226262,0.0031279659411508655,0.08072229239352824,1.7937498577453595e-06,0.03642835661355149,0.28615384615384615,0.2523076923076923,1.0
2026-04-22,2025-04-21,6.656401168375581e-06,9.763718080001634e-06,0.00390727730397866,7.700260417845502e-06,6.0911633273868745e-06,0.010485453357573003,2026-04-20,250,64989,322,100.0,7.2075069833131155e-06,7.824791657813717e-06,7.2075069833131155e-06,7.824791657813717e-06,0.002684680052317802,0.0027972829062884786,-0.04194274616577176,-6.172846745006017e-07,0.036235492582095415,0.2950310559006211,0.2981366459627329,1.0
2026-04-23,2025-04-22,1.2368541857679783e-05,1.6693676240829932e-05,0.0038071530548742555,1.3094894679660124e-05,9.544781528427273e-06,0.010380334922174887,2026-04-21,250,65098,305,0.01,1.2744816434312223e-05,1.2990314389814784e-05,1.2744816434312223e-05,1.2990314389814784e-05,0.003569988296102975,0.0036042078727252656,-0.009585347005099498,-2.454979555025615e-07,0.03623549258209541,0.25245901639344265,0.25573770491803277,1.0
2026-04-24,2025-04-23,4.923925683050645e-06,9.158237104748388e-06,0.0038035328969023164,2.3767447063586178e-05,1.8672841130200616e-05,0.010420774931187801,2026-04-22,250,65217,301,0.01,1.4314384842785962e-05,1.3899734127399e-05,1.4314384842785962e-05,1.3899734127399e-05,0.0037834355872389267,0.003728234719998058,0.014590143262133037,4.146507153869624e-07,0.036235492582095415,0.26245847176079734,0.2757475083056478,1.0
2026-04-27,2025-04-24,8.36695503698553e-06,1.6773901283533432e-05,0.003836788902825943,8.504727981343373e-06,5.876719897823126e-06,0.010340642070762246,2026-04-23,250,65316,306,1.0,8.44079413134725e-06,1.0933581848054707e-05,8.44079413134725e-06,1.0933581848054707e-05,0.002905304481693313,0.0033065967168759342,-0.1381239858717782,-2.492787716707457e-06,0.036235492582095415,0.27124183006535946,0.2647058823529412,1.0
2026-04-28,2025-04-25,5.665202406901977e-06,8.323453640122606e-06,0.0038862523821979744,6.045223727131642e-06,6.08771040279398e-06,0.010322857502412014,2026-04-24,250,65394,313,100.0,5.880102642303416e-06,7.0591515538377275e-06,5.880102642303416e-06,7.0591515538377275e-06,0.002424892294990319,0.002656906387857451,-0.09568016416500602,-1.179048911534311e-06,0.036139046615873194,0.36421725239616615,0.3546325878594249,1.0
2026-04-29,2025-04-28,7.80352339881568e-06,1.2081666283757544e-05,0.003841749473606443,7.512529045105773e-06,6.55594174804534e-06,0.010373333895375796,2026-04-27,250,65477,325,100.0,7.64414802970687e-06,9.05526946112132e-06,7.64414802970687e-06,9.05526946112132e-06,0.002764805242635884,0.0030091974779202046,-0.08839401470872654,-1.4111214314144493e-06,0.036139046615873194,0.38461538461538464,0.36923076923076925,1.0
2026-04-30,2025-04-29,1.0687678075642022e-05,1.4809121519722431e-05,0.0038494281378391383,4.8985768803602383e-05,4.489090789125341e-05,0.010374937463110261,2026-04-28,250,65561,293,100.0,2.8594976470626902e-05,2.887466668320278e-05,2.8594976470626902e-05,2.887466668320278e-05,0.005347427088855621,0.005373515300359977,-0.0048786474449975525,-2.7969021257587707e-07,0.036139046615873194,0.23208191126279865,0.19795221843003413,1.0
2026-05-04,2025-04-30,4.386914350432064e-06,8.35590236359886e-06,0.003712429499535946,6.802749406949559e-06,6.158930747944108e-06,0.010244359952820371,2026-04-29,250,65651,305,100.0,5.7413661362172815e-06,7.124157621707178e-06,5.7413661362172815e-06,7.124157621707178e-06,0.0023961148003001195,0.002669111766432267,-0.11393317469511643,-1.3827914854898968e-06,0.036139046615873194,0.39344262295081966,0.32459016393442625,1.0
2026-05-05,2025-05-01,6.367384971176159e-06,8.07028844640939e-06,0.0037568182639164836,6.916019062548008e-06,8.191744926058184e-06,0.010282026712719878,2026-04-30,250,65728,243,100.0,6.735398785553161e-06,8.151759253745823e-06,6.735398785553161e-06,8.151759253745823e-06,0.0025952646850664696,0.0028551285879528827,-0.10013001925457066,-1.4163604681926617e-06,0.03633192924739028,0.4074074074074074,0.2716049382716049,1.0
2026-05-06,2025-05-02,2.443838706815165e-05,1.79465768691313e-05,0.0036596523330283607,2.0839324920272137e-05,2.1069008154228257e-05,0.010200198958232586,2026-05-04,250,65815,228,100.0,2.216529518528038e-05,1.9918638733403064e-05,2.216529518528038e-05,1.9918638733403064e-05,0.004708003311944499,0.0044630302187418655,0.052033330686306445,2.246656451877315e-06,0.03623549258209542,0.12719298245614036,0.08771929824561403,1.0
2026-05-07,2025-05-05,6.213241584396465e-06,7.781572394553333e-06,0.003617265486417865,5.451766099761865e-06,7.102567655925702e-06,0.010060365479743262,2026-05-05,250,65828,315,100.0,5.782947501015644e-06,7.397880827963751e-06,5.782947501015644e-06,7.397880827963751e-06,0.0024047759773034253,0.0027199045622895946,-0.13104280313858419,-1.6149333269481064e-06,0.03623549258209541,0.3523809523809524,0.2698412698412698,1.0
2026-05-08,2025-05-06,5.650861072300427e-06,7.81607256019863e-06,0.0036181463957695535,4.339505431184014e-06,6.440499034302985e-06,0.010091306487328797,2026-05-06,250,65828,336,100.0,4.9600576542123165e-06,7.091440077807173e-06,4.9600576542123165e-06,7.091440077807173e-06,0.0022271186888471652,0.0026629757936953114,-0.19570447997711393,-2.1313824235948568e-06,0.036235492582095415,0.37202380952380953,0.3125,1.0
2026-05-11,2025-05-07,6.076532154159007e-06,7.358116615733929e-06,0.003545615709804992,4.354311454699626e-06,4.087128060672523e-06,0.010008673842900136,2026-05-07,250,65911,266,100.0,4.943492220304151e-06,5.206150461088267e-06,4.943492220304151e-06,5.206150461088267e-06,0.002223396550394048,0.0022816990294708605,-0.026222258492970996,-2.626582407841155e-07,0.03623549258209542,0.40225563909774437,0.31954887218045114,1.0
2026-05-12,2025-05-08,5.089371381480554e-06,7.587858343912928e-06,0.0044758780921142554,6.142176376094376e-06,5.935847828716822e-06,0.009985929933721088,2026-05-08,250,66021,313,100.0,5.664545995151365e-06,6.685322247751477e-06,5.664545995151365e-06,6.685322247751477e-06,0.002380030671052658,0.002585599011399772,-0.0863721391691954,-1.0207762526001121e-06,0.03633192924739028,0.3546325878594249,0.3354632587859425,1.0
2026-05-15,2025-05-09,6.691368137734088e-06,7.416196427446409e-06,0.0035210086851547575,1.431689160971855e-05,1.0311219539691058e-05,0.009867540799550902,2026-05-11,250,66066,303,100.0,1.049154650166034e-05,8.858930717706943e-06,1.049154650166034e-05,8.858930717706943e-06,0.0032390656834433507,0.0029763955916018527,0.08109440113676902,1.632615783953397e-06,0.036235492582095415,0.30033003300330036,0.21782178217821782,1.0
2026-05-18,2025-05-12,7.793180411372563e-06,5.1894689322564185e-06,0.0034973187223128937,7.509342074267526e-06,5.2791681094346546e-06,0.009987686188562848,2026-05-12,250,66159,322,100.0,7.645972329706287e-06,5.235989934084882e-06,7.645972329706287e-06,5.235989934084882e-06,0.0027651351376933257,0.002288228558095734,0.17247134619085092,2.409982395621405e-06,0.036235492582095415,0.35403726708074534,0.2329192546583851,1.0
2026-05-19,2025-05-13,5.972345828359144e-06,8.11276778690974e-06,0.0035253827558420644,5.794784640211705e-06,4.928969453270432e-06,0.009994717389832803,2026-05-15,250,66251,318,100.0,5.874072969510247e-06,6.350665564518173e-06,5.874072969510247e-06,6.350665564518173e-06,0.0024236486893752253,0.0025200526908217957,-0.039776392457036236,-4.765925950079267e-07,0.0361390466158732,0.44654088050314467,0.3742138364779874,1.0
2026-05-20,2025-05-14,3.822004661215594e-05,2.3186835222026802e-05,0.003512058066026689,4.036997034597146e-05,3.396124688743716e-05,0.010061736606108516,2026-05-18,250,66348,258,100.0,3.940333796952727e-05,2.9116937766554985e-05,3.940333796952727e-05,2.9116937766554985e-05,0.00627720781634058,0.005396011283027027,0.14038033455251497,1.0286400202972286e-05,0.03604259134692934,0.06201550387596899,0.003875968992248062,1.0
2026-05-21,2025-05-15,4.226698850889738e-06,1.0248418438730814e-05,0.0034739454094292804,4.399164687541649e-06,7.216956801687173e-06,0.00995966003372681,2026-05-19,250,66447,319,100.0,4.3213117706831056e-06,8.585390894898097e-06,4.3213117706831056e-06,8.585390894898097e-06,0.002078776508113151,0.0029300837692629363,-0.40952322571823463,-4.264079124214991e-06,0.03584965289369723,0.43573667711598746,0.38557993730407525,1.0
2026-05-22,2025-05-16,3.6752681940333077e-06,1.0160019458216664e-05,0.0034427358274041783,3.7676004931047934e-06,6.618029899066451e-06,0.009939947759586384,2026-05-20,250,66482,330,100.0,3.7247918817171044e-06,8.260225058308822e-06,3.7247918817171044e-06,8.260225058308822e-06,0.0019299719898788958,0.002874060726273685,-0.4891722477557978,-4.5354331765917185e-06,0.036139046615873194,0.37272727272727274,0.39090909090909093,1.0
2026-05-26,2025-05-19,4.355537835567767e-06,7.941320581677214e-06,0.003400038857586945,3.6867403769088834e-06,6.142166458612866e-06,0.009901021940883,2026-05-21,250,66586,299,100.0,3.968574757480855e-06,6.900338430205199e-06,3.968574757480855e-06,6.900338430205199e-06,0.0019921281980537432,0.002626849525611469,-0.31861469968540757,-2.9317636727243444e-06,0.036139046615873194,0.40468227424749165,0.411371237458194,1.0
2026-05-27,2025-05-20,6.496564093773008e-06,5.7427818114666005e-06,0.003405442220996983,3.356396333014145e-06,8.14009974472054e-06,0.009835726561771407,2026-05-22,250,66711,293,100.0,4.803231308107819e-06,7.035533461480672e-06,4.803231308107819e-06,7.035533461480672e-06,0.0021916275477616674,0.002652458003716679,-0.2102685998931082,-2.2323021533728523e-06,0.036139046615873194,0.45051194539249145,0.3412969283276451,1.0
2026-05-28,2025-05-21,1.3043276495562423e-05,8.974023848680196e-06,0.0033778349686343894,9.688546725184645e-06,1.4064468671019313e-05,0.00983743037603603,2026-05-26,250,66805,267,100.0,1.1271677628059551e-05,1.1662236282949169e-05,1.1271677628059551e-05,1.1662236282949169e-05,0.003357331921043785,0.003415001651968732,-0.017177250352719886,-3.905586548896178e-07,0.036139046615873194,0.20599250936329588,0.20973782771535582,1.0
2026-05-29,2025-05-22,3.963133601275071e-06,8.244159259985912e-06,0.0033598924834405304,3.4882750027510343e-06,1.1046763153502932e-05,0.009783458786111851,2026-05-27,250,66873,314,100.0,3.7105814167097382e-06,9.734716107811843e-06,3.7105814167097382e-06,9.734716107811843e-06,0.0019262869507707667,0.0031200506578919263,-0.6197226776849099,-6.024134691102105e-06,0.036235492582095415,0.3885350318471338,0.43630573248407645,1.0
2026-06-01,2025-05-23,8.10244611958461e-05,5.5769409708456636e-05,0.0033647375504710637,1.0987321347856045e-05,1.5585347443284013e-05,0.009759144987309648,2026-05-28,250,66910,226,100.0,3.763862235195846e-05,3.0876627774278905e-05,3.763862235195846e-05,3.0876627774278905e-05,0.006135032383937224,0.005556674164847072,0.09427142073518846,6.7619945776795575e-06,0.036235492582095415,0.048672566371681415,0.05309734513274336,1.0
2026-06-02,2025-05-27,9.03753726146896e-06,4.366957777077558e-06,0.0034278998400313404,3.9667931712004366e-06,9.13353956938038e-06,0.009732641653703165,2026-05-29,250,66999,269,100.0,5.889528848551326e-06,7.326136807986746e-06,5.889528848551326e-06,7.326136807986746e-06,0.0024268351506749127,0.0027066837288436097,-0.11531420998697417,-1.4366079594354204e-06,0.03710308795150221,0.42379182156133827,0.3420074349442379,1.0
2026-06-03,2025-05-28,0.00016852719957551418,0.00013404405369470086,0.0033312182741116756,8.585301566264737e-06,1.167255557353402e-05,0.00971944389588846,2026-06-01,250,67003,227,100.0,6.283872071477666e-05,5.318183026661706e-05,6.283872071477666e-05,5.318183026661706e-05,0.00792708778270915,0.007292587350633317,0.08004205951394006,9.656890448159601e-06,0.03700672562909567,0.048458149779735685,0.048458149779735685,1.0
2026-06-04,2025-05-29,5.030397231005897e-06,4.49677733244668e-06,0.003384258363952814,4.3431023698501665e-06,9.60008478656988e-06,0.009788128447178619,2026-06-02,250,67055,280,100.0,4.63765731034548e-06,7.41295302051708e-06,4.63765731034548e-06,7.41295302051708e-06,0.0021535220710142446,0.002722673873330605,-0.2642888178286962,-2.7752957101716e-06,0.03710308795150221,0.35,0.21785714285714286,1.0
2026-06-05,2025-05-30,0.0002209823089717788,0.00018202537086760775,0.003373710760530798,0.0001151044865203735,9.800587193353886e-05,0.009751281881942703,2026-06-03,250,67073,247,100.0,0.0001631138635023872,0.00013610378238137577,0.0001631138635023872,0.00013610378238137577,0.012771603795232109,0.011666352574021401,0.08653973603717013,2.701008112101144e-05,0.0371030879515022,0.012145748987854251,0.008097165991902834,1.0
2026-06-08,2025-06-02,9.079576992615866e-06,6.177380545695699e-06,0.0034164117915012684,4.655819961566313e-06,3.056610842007053e-06,0.010009623754321743,2026-06-04,250,67139,299,100.0,6.520011887694218e-06,4.3717178074410635e-06,6.520011887694218e-06,4.3717178074410635e-06,0.0025534313947498605,0.002090865325036757,0.18115468880980745,2.1482940802531544e-06,0.03710308795150221,0.45484949832775917,0.3712374581939799,1.0
2026-06-09,2025-06-03,9.210215597260942e-06,1.0087464884647713e-05,0.003482125091198513,7.971642225802333e-06,3.2529946644928463e-06,0.0099870106328292,2026-06-05,250,67174,268,0.01,8.443039553745535e-06,5.854173628880148e-06,8.443039553745535e-06,5.854173628880148e-06,0.002905690890949265,0.0024195399622407867,0.16730992626323615,2.588865924865387e-06,0.03729578474369689,0.43656716417910446,0.23507462686567165,1.0
2026-06-10,2025-06-04,1.0269046550050511e-05,1.2564742420248593e-05,0.0036138358286009293,1.5422969378379606e-05,3.897758654320293e-06,0.010016414083169393,2026-06-08,250,67264,248,0.01,1.373963168041728e-05,6.7285073843210676e-06,1.373963168041728e-05,6.7285073843210676e-06,0.0037067009159652037,0.0025939366577310764,0.3002034109202927,7.0111242960962125e-06,0.037199440989106256,0.3951612903225806,0.1935483870967742,1.0
2026-06-11,2025-06-05,0.00018539444808613392,0.00013510472610770967,0.0036010700322381514,9.9917369394364e-05,8.229034133089715e-05,0.010176857863611926,2026-06-09,250,67322,220,100.0,0.00013177700781584188,0.00010197570292952727,0.00013177700781584188,0.00010197570292952727,0.011479416701899182,0.010098301982488306,0.12031227328670635,2.9801304886314608e-05,0.037199440989106256,0.01818181818181818,0.0,1.0
2026-06-12,2025-06-06,6.920284385265501e-06,1.0459162130153705e-05,0.0035517369685079325,5.020872653098903e-06,5.383411187181053e-06,0.010006774560832791,2026-06-10,250,67372,310,100.0,5.8664172306440325e-06,7.642939026310815e-06,5.8664172306440325e-06,7.642939026310815e-06,0.0024220687914764173,0.002764586592297448,-0.14141538920215502,-1.776521795666782e-06,0.0371030879515022,0.4,0.4064516129032258,1.0
2026-06-15,2025-06-09,5.7992529382776115e-06,8.280392009088837e-06,0.0036066362106275543,1.085216046474022e-05,1.4074429765578095e-05,0.009952946410515673,2026-06-11,250,67385,280,0.01,8.379844996435301e-06,1.123948986329585e-05,8.379844996435301e-06,1.123948986329585e-05,0.002894796192555756,0.003352534841473814,-0.15812465488768312,-2.8596448668605495e-06,0.03710308795150221,0.2714285714285714,0.2571428571428571,1.0
2026-06-16,2025-06-10,2.6559600244130273e-05,1.814493736536057e-05,0.0035422711018149927,1.7837072444834784e-05,2.0050972558030783e-05,0.00978047772346091,2026-06-12,250,67498,268,0.01,2.1645041670646616e-05,1.9218860179141174e-05,2.1645041670646616e-05,1.9218860179141174e-05,0.004652423204164322,0.004383932045452025,0.05770996036473508,2.426181491505442e-06,0.037199440989106256,0.1417910447761194,0.13432835820895522,1.0
2026-06-17,2025-06-11,1.036213497805146e-05,7.5533826201119325e-06,0.0035088891859377104,8.366523646281602e-06,6.080148844914808e-06,0.009839134780696493,2026-06-15,250,67579,315,1.0,9.240791467818874e-06,6.725565546429738e-06,9.240791467818874e-06,6.725565546429738e-06,0.003039867014824641,0.0025933695352629055,0.1468805962182831,2.515225921389136e-06,0.03719944098910626,0.3492063492063492,0.2253968253968254,1.0
2026-06-18,2025-06-12,1.3675401579636474e-05,1.1913185120578617e-05,0.003547896604156108,8.73141308027672e-06,8.553211863175752e-06,0.009963558086806304,2026-06-16,250,67640,316,100.0,1.1015660931246734e-05,1.0105604570709986e-05,1.1015660931246734e-05,1.0105604570709986e-05,0.0033189849248296886,0.0031789313567156473,0.042197711434687535,9.100563605367479e-07,0.03758476032727121,0.24367088607594936,0.14240506329113925,1.0
2026-06-22,2025-06-13,0.00012019466078967102,0.00010021152941108449,0.0035233716989362795,2.9794214343128868e-05,2.7017481396528376e-05,0.010077131263893724,2026-06-17,250,67774,259,100.0,7.202762754788408e-05,6.121238413691945e-05,7.202762754788408e-05,6.121238413691945e-05,0.008486909186970489,0.007823834362824883,0.07812912917267811,1.0815243410964626e-05,0.037584760327271205,0.007722007722007722,0.003861003861003861,1.0
2026-06-23,2025-06-16,1.3841922435726246e-05,1.7964542685503648e-05,0.0035352345038887575,1.2085756114551899e-05,7.19789896464127e-06,0.01010894423622026,2026-06-18,250,67892,291,0.01,1.2773738797073809e-05,1.1415759391370861e-05,1.2773738797073809e-05,1.1415759391370861e-05,0.003574036764930351,0.003378721561681409,0.05464834753952175,1.3579794057029477e-06,0.03777736433402994,0.3539518900343643,0.3024054982817869,1.0
2026-06-24,2025-06-17,1.3250309329141195e-05,1.1928022978824537e-05,0.0035677879714576945,2.6048733165571445e-05,2.0387933991649778e-05,0.01025790915782873,2026-06-22,250,67946,290,0.01,1.9737786239331698e-05,1.6216322699118707e-05,1.9737786239331698e-05,1.6216322699118707e-05,0.0044427228407061025,0.004026949552591727,0.09358524108343769,3.521463540212991e-06,0.03777736433402994,0.2655172413793103,0.2103448275862069,1.0
2026-06-25,2025-06-18,3.496843763752814e-05,2.7519891702997088e-05,0.0035826395523406588,1.0713501579506633e-05,5.7892465923291485e-06,0.01026266570290764,2026-06-23,250,68023,309,0.01,2.1153328426486764e-05,1.5142566332519555e-05,2.1153328426486764e-05,1.5142566332519555e-05,0.004599274771796828,0.0038913450544149327,0.1539220317348694,6.010762093967209e-06,0.03777736433402994,0.2977346278317152,0.18446601941747573,1.0
2026-06-26,2025-06-20,3.046435882309125e-05,3.553320734933192e-05,0.0038161003089224074,1.8179413070623716e-05,1.3221910702337797e-05,0.0102478510145717,2026-06-24,250,68106,198,0.01,2.2770756432657035e-05,2.1560476115860852e-05,2.2770756432657035e-05,2.1560476115860852e-05,0.004771871376373952,0.004643325975619292,0.02693815289974122,1.2102803167961833e-06,0.03768106696768848,0.1919191919191919,0.21212121212121213,1.0
2026-06-29,2025-06-23,8.212682850080246e-06,1.7450097098813243e-05,0.00370004933399112,5.08616922706343e-05,3.9278518965055593e-05,0.010322496879243885,2026-06-25,250,68202,277,0.01,2.9614171331874515e-05,2.8403709515447492e-05,2.9614171331874515e-05,2.8403709515447492e-05,0.0054418904189513515,0.005329513065510535,0.02065042564059416,1.2104618164270224e-06,0.03758476032727121,0.23826714801444043,0.22382671480144403,1.0
2026-06-30,2025-06-24,6.157787763474357e-06,1.5283287896197444e-05,0.0037268403492581813,6.006086448638015e-06,8.494917447282907e-06,0.010155191632928471,2026-06-26,250,68185,311,0.01,6.072913072858527e-06,1.1485292854039473e-05,6.072913072858527e-06,1.1485292854039473e-05,0.0024643281179377325,0.0033889958474509043,-0.3752210279071839,-5.412379781180946e-06,0.03796993125162867,0.3858520900321543,0.4212218649517685,1.0
2026-07-01,2025-06-25,2.168491956801714e-05,2.6788567048512805e-05,0.003628697815869504,6.591715922783705e-06,9.309287141644112e-06,0.010076726435180846,2026-06-29,250,68251,284,0.01,1.2809690663953818e-05,1.6510258089192127e-05,1.2809690663953818e-05,1.6510258089192127e-05,0.0035790628192243035,0.004063281689618888,-0.1352920847864667,-3.70056742523831e-06,0.03796993125162867,0.22183098591549297,0.15140845070422534,1.0
2026-07-02,2025-06-26,3.535689372611644e-06,1.3696180648730982e-05,0.003566818397988995,5.651750269116354e-06,9.218421923642971e-06,0.010090373578631196,2026-06-30,250,68357,318,0.01,4.673571175449082e-06,1.1288329258825163e-05,4.673571175449082e-06,1.1288329258825163e-05,0.0021618443920525554,0.003359810896289427,-0.554140949571059,-6.614758083376081e-06,0.03777736433402994,0.39937106918238996,0.39937106918238996,1.0
2026-07-06,2025-06-27,1.8760062409390068e-05,1.980220282427858e-05,0.0034021320027217065,6.05546482012792e-06,1.0854561820547433e-05,0.010103650742501143,2026-07-01,250,68432,263,100.0,1.1465787747874536e-05,1.4664964073086932e-05,1.1465787747874536e-05,1.4664964073086932e-05,0.0033861169129069564,0.003829486136949308,-0.13093736437520764,-3.1991763252123954e-06,0.0374884444109916,0.20532319391634982,0.16730038022813687,1.0
2026-07-07,2025-06-30,1.265274245271449e-05,1.7405574867197556e-05,0.0033582805603530985,7.942529076915027e-06,1.0488426067464897e-05,0.010016234959003301,2026-07-02,250,68548,255,100.0,9.56801447719092e-06,1.2875520555215776e-05,9.56801447719092e-06,1.2875520555215776e-05,0.0030932207288182525,0.0035882475604695637,-0.1600360514331718,-3.307506078024855e-06,0.03796993125162867,0.2901960784313726,0.2235294117647059,1.0
2026-07-08,2025-07-01,7.568938143586324e-05,6.416781622961082e-05,0.0033799008562415507,8.336658198667569e-06,7.980289998432933e-06,0.01006405825788073,2026-07-06,250,68603,253,100.0,3.1763692368126936e-05,2.752377738319046e-05,3.1763692368126936e-05,2.752377738319046e-05,0.005635928705025192,0.005246310835548201,0.0691310855528734,4.239914984936475e-06,0.03787365242808151,0.19367588932806323,0.09486166007905138,1.0
2026-07-09,2025-07-02,0.00012270122200736086,0.00010902488352391021,0.0033504578959124417,1.8911791746215074e-05,1.9728678612341276e-05,0.010095246847330293,2026-07-07,250,68641,249,100.0,6.392889402815784e-05,5.8459562670371176e-05,6.392889402815784e-05,5.8459562670371176e-05,0.007995554641684204,0.007645885342481351,0.04373296348697053,5.469331357786659e-06,0.03796993125162866,0.03614457831325301,0.0321285140562249,1.0
2026-07-10,2025-07-03,2.936308916596522e-05,2.100852409591436e-05,0.0033204730883562078,9.036949460559791e-06,1.491652128762195e-05,0.010010505381064504,2026-07-08,250,68680,269,100.0,1.855774352331475e-05,1.7770024461766354e-05,1.855774352331475e-05,1.7770024461766354e-05,0.004307869951996549,0.004215450683114008,0.021453588411996516,7.877190615483968e-07,0.03758476032727121,0.137546468401487,0.11152416356877323,1.0
2026-07-13,2025-07-07,4.0611206249232063e-05,4.0810304857026786e-05,0.00332995052644932,2.3124384549533954e-05,2.1431223979949048e-05,0.009967543545930196,2026-07-09,250,68727,256,100.0,3.1526255913060785e-05,3.074226674510749e-05,3.1526255913060785e-05,3.074226674510749e-05,0.005614824655593511,0.005544570925248183,0.012512185981683466,7.839891679532922e-07,0.037777364334029936,0.0859375,0.03125,1.0
2026-07-14,2025-07-08,4.262616838834365e-06,9.893355135566755e-06,0.003309066843150232,6.650747941667186e-06,9.35339889476456e-06,0.01004444518600585,2026-07-10,250,68797,306,100.0,5.565943290380381e-06,9.598673134867518e-06,5.565943290380381e-06,9.598673134867518e-06,0.002359225146182615,0.0030981725476266677,-0.31321614329167313,-4.032729844487137e-06,0.03816246109434891,0.33986928104575165,0.37254901960784315,1.0
2026-07-15,2025-07-09,4.926449478073716e-05,4.7531339394130695e-05,0.0033348154735437976,1.1439848133487552e-05,1.2909247635976359e-05,0.010008907598792277,2026-07-13,250,68860,272,100.0,2.743188623802323e-05,2.7547264371960727e-05,2.743188623802323e-05,2.7547264371960727e-05,0.005237545822045209,0.005248548787232594,-0.0021007864296045398,-1.1537813393749688e-07,0.03768106696768849,0.14705882352941177,0.051470588235294115,1.0
2026-07-16,2025-07-10,3.88907514936424e-06,1.705165609274796e-05,0.0032061068702290076,9.888516870356708e-06,9.824132770085526e-06,0.009969392297399347,2026-07-14,250,68962,294,0.01,7.256108768288584e-06,1.2995393003498636e-05,7.256108768288584e-06,1.2995393003498636e-05,0.002693716534509261,0.0036049123433862626,-0.338267147713448,-5.739284235210052e-06,0.03758476032727121,0.3979591836734694,0.445578231292517,1.0
2026-07-17,2025-07-11,9.146479536610336e-06,2.3834492965875093e-05,0.003150693152493549,1.3459858792228879e-05,6.439399904771311e-06,0.010023706575021314,2026-07-15,250,69032,330,0.01,1.1355452549336196e-05,1.4926096822461338e-05,1.1355452549336196e-05,1.4926096822461338e-05,0.003369785237865493,0.0038634307063103047,-0.1464916704179935,-3.5706442731251416e-06,0.037681066967688484,0.23030303030303031,0.22727272727272727,1.0
2026-07-20,2025-07-14,1.1002738945884619e-05,2.200048056259239e-05,0.0031461616827470488,1.1831533788785872e-05,5.919590713476339e-06,0.010123904532551225,2026-07-16,250,69132,334,0.01,1.142954347576191e-05,1.371930375406556e-05,1.142954347576191e-05,1.371930375406556e-05,0.0033807607835754823,0.0037039578499310113,-0.09559891605631932,-2.2897602783036492e-06,0.03777736433402994,0.2634730538922156,0.2964071856287425,1.0
2026-07-21,2025-07-15,6.081188948904696e-06,2.3011630484765213e-05,0.0032150402645518853,8.391431508099167e-06,8.040221447473315e-06,0.010140275438289156,2026-07-17,250,69260,342,0.01,7.249820418906578e-06,1.5438373866485974e-05,7.249820418906578e-06,1.5438373866485974e-05,0.0026925490559888744,0.003929169615387706,-0.4592750340604903,-8.188553447579395e-06,0.037873652428081515,0.3304093567251462,0.3216374269005848,1.0
2026-07-22,2025-07-16,5.403807868889896e-06,1.8209465953576173e-05,0.003203759077317386,8.667439413362723e-06,8.708956734673328e-06,0.010056391992302348,2026-07-20,250,69375,334,0.01,7.064937696914987e-06,1.3373877428984904e-05,7.064937696914987e-06,1.3373877428984904e-05,0.00265799505208625,0.0036570312316119074,-0.3758608123598717,-6.308939732069917e-06,0.03796993125162867,0.2994011976047904,0.38323353293413176,1.0
2026-07-23,2025-07-17,1.4795260124031298e-05,2.850535966919596e-05,0.0032219460554174725,1.9978205662208303e-05,1.0517429592229783e-05,0.010068097831177,2026-07-21,250,69494,305,0.01,1.749718910950718e-05,1.9128045301203758e-05,1.749718910950718e-05,1.9128045301203758e-05,0.004182964153504926,0.0043735620838401,-0.04556527939056587,-1.6308561916965778e-06,0.03816246109434892,0.16065573770491803,0.2,1.0
2026-07-24,2025-07-18,5.287131362594416e-06,1.6916000866615728e-05,0.003264316358888266,1.1528954233774781e-05,5.633783876461841e-06,0.010193986561543257,2026-07-22,250,69610,331,0.01,8.60604624273866e-06,1.0916997270642664e-05,8.60604624273866e-06,1.0916997270642664e-05,0.0029336063544277134,0.003304087963514692,-0.1262887941757449,-2.3109510279040043e-06,0.03873982831593057,0.30513595166163143,0.31722054380664655,1.0
2026-07-27,2025-07-21,4.652009137654249e-06,2.1296202571929728e-05,0.0031529637859588006,1.0683039932537326e-05,5.1881388755422985e-06,0.01018363985763198,2026-07-23,250,69692,333,100.0,7.821469765595805e-06,1.2831003932687082e-05,7.821469765595805e-06,1.2831003932687082e-05,0.0027966890720271006,0.003582039074701319,-0.2808141993793323,-5.009534167091277e-06,0.03883602378519813,0.24024024024024024,0.3123123123123123,1.0
2026-07-28,2025-07-22,2.1915026790782953e-05,2.997832283528511e-05,0.003116559318512363,1.7325717017699088e-05,1.0843046739611573e-05,0.010181435278518176,2026-07-24,250,69796,290,100.0,1.947794504921428e-05,1.9816831391375715e-05,1.947794504921428e-05,1.9816831391375715e-05,0.004413382495231325,0.004451609977454867,-0.008661719727407924,-3.388863421614352e-07,0.03883602378519813,0.15517241379310345,0.1103448275862069,1.0
2026-07-29,2025-07-23,4.473536029470147e-06,1.705723634381176e-05,0.0030875088214537753,1.9221276843399663e-05,5.0738930066136644e-06,0.010157110655184516,2026-07-27,250,69917,281,100.0,1.323820761639623e-05,9.93546290142001e-06,1.323820761639623e-05,9.93546290142001e-06,0.0036384347756138534,0.0031520569318176997,0.1336777690934683,3.30274471497622e-06,0.03825871211709033,0.3914590747330961,0.36298932384341637,1.0
2026-07-30,2025-07-24,1.1813051753559678e-05,1.5401968413898836e-05,0.003104763594429168,2.0683718955174083e-05,1.675818748556678e-05,0.010315845968250486,2026-07-28,250,70002,255,100.0,1.699630435371868e-05,1.619442583224599e-05,1.699630435371868e-05,1.619442583224599e-05,0.004122657438317994,0.00402422984336705,0.023874793485413104,8.018785214726929e-07,0.03758476032727121,0.2,0.2235294117647059,1.0
2026-07-31,2025-07-25,0.00017284212133275445,0.00013903787996099077,0.003149086764838196,4.137152730569496e-05,3.7767522301021754e-05,0.010145744178834822,2026-07-29,250,70067,268,100.0,0.00010514457664717904,8.689120325548435e-05,0.00010514457664717904,8.689120325548435e-05,0.010254002957244504,0.009321545110950456,0.09093598375015699,1.8253373391694696e-05,0.0374884444109916,0.04477611940298507,0.007462686567164179,1.0
2026-08-03,2025-07-28,1.2768699969355585e-05,1.2768699969355585e-05,0.003399048266485384,4.238073962103757e-06,1.1225649325019522e-05,0.01007321928168882,2026-07-30,250,70111,319,100.0,8.249340109714335e-06,1.1951221728312341e-05,8.249340109714335e-06,1.1951221728312341e-05,0.002872166448817745,0.003457053908794646,-0.2036398204629315,-3.7018816185980062e-06,0.037584760327271205,0.3542319749216301,0.3166144200626959,0.5297805642633229
2026-08-04,2025-07-29,1.8475974106078584e-05,1.8475974106078584e-05,0.0034605497330433077,5.050405215610534e-06,8.473312118372719e-06,0.009931760528990193,2026-07-31,250,70177,266,100.0,1.0198555692406554e-05,1.2308919346741135e-05,1.0198555692406554e-05,1.2308919346741135e-05,0.003193517761404585,0.0035084069528407242,-0.09860261159081296,-2.1103636543345812e-06,0.03835495387646399,0.3458646616541353,0.2894736842105263,0.6165413533834586
2026-08-05,2025-07-30,2.471792743759213e-05,2.3839802888198654e-05,0.003393884543280108,4.1819722079195724e-06,9.50372566617208e-06,0.009755872324426639,2026-08-03,250,70278,286,100.0,1.2152220566288993e-05,1.5067727664930645e-05,1.2152220566288993e-05,1.5067727664930645e-05,0.0034860035235623316,0.0038817171026403565,-0.11351496818730888,-2.9155070986416524e-06,0.03816246109434891,0.42657342657342656,0.32517482517482516,1.0
2026-08-06,2025-07-31,2.9543286545579638e-05,1.7695492346670597e-05,0.003376205787781351,4.556055251081329e-06,1.1442366456651646e-05,0.00977538939191208,2026-08-04,250,70356,282,0.01,1.4302847599999107e-05,1.3881529037864712e-05,1.4302847599999107e-05,1.3881529037864712e-05,0.0037819105753572634,0.0037257924040215544,0.014838577014848586,4.2131856213439437e-07,0.03816246109434892,0.35106382978723405,0.20921985815602837,1.0
2026-08-07,2025-08-01,3.814043853703479e-05,1.293413574930965e-05,0.0033609679587721267,5.421206516855303e-06,1.2714973228146519e-05,0.009791033881544706,2026-08-05,250,70443,310,0.01,2.1253092978232475e-05,1.282101960935448e-05,2.1253092978232475e-05,1.282101960935448e-05,0.004610107697031868,0.003580645138708174,0.22330553340142023,8.432073368877995e-06,0.03825871211709034,0.3161290322580645,0.23225806451612904,1.0
2026-08-10,2025-08-04,4.4171764780393014e-05,1.5074750253463635e-05,0.003351099479781699,3.4080365120255543e-06,9.192170169330112e-06,0.009731522385743475,2026-08-06,250,70507,290,0.01,1.985409239960829e-05,1.1565486961894328e-05,1.985409239960829e-05,1.1565486961894328e-05,0.004455793128008558,0.0034008068104340074,0.23676734697197654,8.288605437713961e-06,0.037969931251628675,0.41379310344827586,0.29310344827586204,1.0
2026-08-11,2025-08-05,6.533703732021631e-05,1.921193892874138e-05,0.00428209952637384,1.145829456668391e-05,1.65493151509543e-05,0.009734417810434267,2026-08-07,250,70630,274,0.01,3.761111495434745e-05,1.7841756619734162e-05,3.761111495434745e-05,1.7841756619734162e-05,0.006132790144326434,0.004223950357157878,0.31125144383661363,1.9769358334613287e-05,0.03816246109434892,0.17883211678832117,0.12408759124087591,1.0
2026-08-12,2025-08-06,6.571155858544767e-05,2.9352418554882274e-05,0.003476435669541832,3.935294095606057e-06,1.149769919446135e-05,0.009765621106727577,2026-08-10,250,70712,304,0.01,3.177525539530441e-05,1.9544069432545777e-05,3.177525539530441e-05,1.9544069432545777e-05,0.005636954443252527,0.004420867497736816,0.21573474786041158,1.2231185962758635e-05,0.03816246109434892,0.3815789473684211,0.29276315789473684,1.0
2026-08-13,2025-08-07,5.029394077716055e-05,1.8720209534557196e-05,0.0035070306038047987,3.4923359603903306e-06,1.1913714204458784e-05,0.009741222540097605,2026-08-11,250,70773,271,0.01,2.1453099432508792e-05,1.4525800973205038e-05,2.1453099432508792e-05,1.4525800973205038e-05,0.0046317490683875345,0.003811272880968383,0.17714176120184044,6.927298459303755e-06,0.03796993125162866,0.45018450184501846,0.3062730627306273,1.0
2026-08-14,2025-08-08,6.732457596573295e-05,2.5744023936538704e-05,0.003472449714997051,3.6232058440755866e-06,1.118067780211586e-05,0.009673724739034299,2026-08-12,250,70869,314,0.01,3.324231424459142e-05,1.7952169953790177e-05,3.324231424459142e-05,1.7952169953790177e-05,0.005765614819305173,0.004237000112554893,0.2651260541429121,1.5290144290801242e-05,0.03796993125162867,0.28343949044585987,0.2197452229299363,1.0
2026-08-17,2025-08-11,5.0595951461007914e-05,1.2418009566947088e-05,0.0034648448991599383,5.095621235769659e-06,1.208862777473881e-05,0.009692914187082978,2026-08-13,250,70941,310,0.01,2.608448324289569e-05,1.2240568407918755e-05,2.608448324289569e-05,1.2240568407918755e-05,0.005107297058415115,0.003498652370258977,0.3149698695331674,1.3843914834976936e-05,0.037873652428081515,0.4064516129032258,0.27741935483870966,1.0
2026-08-18,2025-08-12,5.098980728813568e-05,1.624543746786585e-05,0.003468699892012174,5.396925115370489e-06,9.404431007241634e-06,0.009738953240063674,2026-08-14,250,71050,307,0.01,2.5445912390039224e-05,1.2412691177222966e-05,2.5445912390039224e-05,1.2412691177222966e-05,0.00504439415490495,0.0035231649375558572,0.301568269773272,1.3033221212816257e-05,0.03796993125162866,0.36482084690553745,0.24429967426710097,1.0
2026-08-19,2025-08-13,4.6100365863528014e-05,1.1869369929888223e-05,0.003419023965422701,4.6565955168036715e-06,1.2642617334791925e-05,0.00980519512671835,2026-08-17,250,71146,311,0.01,2.3579474581867517e-05,1.2289559034160652e-05,2.3579474581867517e-05,1.2289559034160652e-05,0.004855870115835834,0.0035056467355055404,0.2780600279910661,1.1289915547706865e-05,0.03787365242808151,0.4115755627009646,0.2829581993569132,1.0
2026-08-20,2025-08-14,0.0001395050515512976,0.00010355240532784036,0.0033456427737272353,1.593621477060018e-05,1.9471275172225765e-05,0.009784668296361794,2026-08-18,250,71253,266,0.01,8.050790015600222e-05,6.340840709564842e-05,8.050790015600222e-05,6.340840709564842e-05,0.008972619470143722,0.007962939601406533,0.11252899692190066,1.7099493060353797e-05,0.037873652428081515,0.02631578947368421,0.03007518796992481,1.0
2026-08-21,2025-08-15,6.205071551931351e-05,2.088475315082296e-05,0.0034050754898811435,6.583746603708782e-06,1.239261542683131e-05,0.009867554419092579,2026-08-19,250,71350,298,0.01,3.33865772206453e-05,1.6496198756545394e-05,3.33865772206453e-05,1.6496198756545394e-05,0.005778111907937168,0.004061551274641919,0.29707985249252034,1.6890378464099906e-05,0.03796993125162867,0.12080536912751678,0.11409395973154363,1.0
2026-08-24,2025-08-18,4.5004590545433855e-05,1.3986190075502575e-05,0.0034265395183449157,4.4406197136292524e-06,8.097275810589759e-06,0.009827348116805096,2026-08-20,250,71414,325,0.01,2.391132571289546e-05,1.0923954657747909e-05,2.391132571289546e-05,1.0923954657747909e-05,0.004889920828898507,0.0033051406411449286,0.32409117513474395,1.298737105514755e-05,0.03806620080645634,0.3261538461538461,0.26153846153846155,1.0
2026-08-25,2025-08-19,4.7136947079831e-05,1.853206515193007e-05,0.0034156086872462466,3.7520914276994527e-06,9.980727633104778e-06,0.00985631000563218,2026-08-21,250,71506,306,100.0,2.232534662518061e-05,1.3641594348680312e-05,2.232534662518061e-05,1.3641594348680312e-05,0.004724970542255328,0.0036934529032709097,0.21831197247889145,8.683752276500297e-06,0.03796993125162867,0.4084967320261438,0.3562091503267974,1.0
2026-08-26,2025-08-20,5.5181458636982144e-05,1.519811565828203e-05,0.0034204582123265586,3.3667595375553307e-06,8.871937213858435e-06,0.009824910237495267,2026-08-24,250,71584,298,0.01,2.5274988015836465e-05,1.1546764341366398e-05,2.5274988015836465e-05,1.1546764341366398e-05,0.005027423596220679,0.00339805302215348,0.3240965363038165,1.3728223674470067e-05,0.037873652428081515,0.40939597315436244,0.2516778523489933,1.0
2026-08-27,2025-08-21,8.43399727865228e-05,3.80837311852539e-05,0.0033817195724996016,1.0196456990601992e-05,1.7583858303891696e-05,0.009822730002088553,2026-08-25,250,71641,264,0.01,4.445974838114115e-05,2.7057284408157563e-05,4.445974838114115e-05,2.7057284408157563e-05,0.006667814363128382,0.00520166169681935,0.2198850457530055,1.740246397298359e-05,0.037777364334029936,0.06060606060606061,0.10227272727272728,1.0
2026-08-28,2025-08-22,4.265323301750714e-05,1.744458401980857e-05,0.0033695721279165887,4.841592535089675e-06,1.4882579093152548e-05,0.009758782259110364,2026-08-26,250,71681,321,0.01,2.357072286750206e-05,1.615160957084198e-05,2.357072286750206e-05,1.615160957084198e-05,0.00485496888429803,0.004018906514319782,0.17220756505407186,7.41911329666008e-06,0.037681066967688484,0.37694704049844235,0.29283489096573206,1.0
2026-08-31,2025-08-25,4.126360731119272e-05,1.1045500741421113e-05,0.00331560838285893,4.3577359542528855e-06,1.3451051943617075e-05,0.009780980048092547,2026-08-27,250,71695,276,0.01,2.0671200829421943e-05,1.2387728586124656e-05,2.0671200829421943e-05,1.2387728586124656e-05,0.004546559229727678,0.003519620517346246,0.22587162302138142,8.283472243297286e-06,0.03825871211709034,0.5,0.37681159420289856,1.0
2026-09-01,2025-08-27,3.472851972595746e-05,9.047065869256015e-06,0.003345431592236075,5.559936660042216e-06,1.0707680872985679e-05,0.009810308324098821,2026-08-28,250,71771,265,100.0,1.7887790635070543e-05,1.0005836041220689e-05,1.7887790635070543e-05,1.0005836041220689e-05,0.004229396013034313,0.003163200284714942,0.25209172303409966,7.881954593849854e-06,0.03835495387646399,0.3283018867924528,0.2490566037735849,1.0
2026-09-02,2025-08-28,3.432073141079855e-05,6.221911330041388e-06,0.0032602343677913454,1.45998104102623e-05,1.8102185833807002e-05,0.00987817611383864,2026-08-31,250,71811,248,0.01,2.390363201132174e-05,1.2497378910659512e-05,2.390363201132174e-05,1.2497378910659512e-05,0.004889134075817694,0.0035351632084897455,0.276934697705442,1.1406253100662228e-05,0.038451186374252724,0.2701612903225806,0.13306451612903225,1.0
2026-09-03,2025-08-29,4.870470739024309e-05,1.8081568855810813e-05,0.0032619399310684387,1.867498908327671e-05,2.2885813520808066e-05,0.009834540488263894,2026-09-01,250,71832,264,0.01,3.2666107839931506e-05,2.0647472256434348e-05,3.2666107839931506e-05,2.0647472256434348e-05,0.00571542717912944,0.004543948971592259,0.20496774271133622,1.2018635583497158e-05,0.038451186374252724,0.13257575757575757,0.07954545454545454,1.0
2026-09-04,2025-09-02,9.900348840479384e-05,7.52225577829859e-05,0.0032296395600377808,4.487656565239951e-06,1.2672601115152536e-05,0.009732655172859789,2026-09-02,250,71851,280,0.01,4.398177201248211e-05,3.880954729421147e-05,4.398177201248211e-05,3.880954729421147e-05,0.006631875452123789,0.00622973091667782,0.060638131453024546,5.172224718270641e-06,0.03816246109434892,0.16428571428571428,0.1357142857142857,1.0
