evaluated_session,train_start,baseline_loss_AAPL,model_loss_AAPL,q_effective_AAPL,train_end,train_sessions,train_rows,evaluation_rows,alpha,baseline_loss,model_loss,baseline_mse,model_mse,baseline_rmse,model_rmse,rho,d,r_effective,model_within_spread,baseline_within_spread,learned_coverage,baseline_loss_SPY,model_loss_SPY,q_effective_SPY
2020-11-16,2020-01-08,7.377423700914242e-07,7.377423700914242e-07,0.006770920677511319,2020-11-11,120,11060,98,,7.377423700914242e-07,7.377423700914242e-07,7.377423700914242e-07,7.377423700914242e-07,0.0008589193035969236,0.0008589193035969236,0.0,0.0,0.0008995952428360928,0.3673469387755102,0.3673469387755102,0.0,,,
2020-11-18,2020-01-08,4.632687941068846e-07,4.632687941068846e-07,0.006763548035848898,2020-11-13,121,11168,82,,3.6073783550357826e-07,3.6073783550357826e-07,3.6073783550357826e-07,3.6073783550357826e-07,0.0006006145481950785,0.0006006145481950785,0.0,0.0,0.0008995952428360928,0.5,0.5,0.0,2.530803289701067e-07,2.530803289701067e-07,0.01575347179856913
2020-11-20,2020-01-08,3.678195447813496e-07,3.678195447813496e-07,0.006806304787592717,2020-11-16,122,11266,145,,1.0742419195430707e-06,1.0742419195430707e-06,1.0742419195430707e-06,1.0742419195430707e-06,0.0010364564243339276,0.0010364564243339276,0.0,0.0,0.0006997551142733421,0.3310344827586207,0.3310344827586207,0.0,2.9286006532925884e-06,2.9286006532925884e-06,0.015878520319749567
2020-11-23,2020-01-08,8.332433568379473e-07,8.332433568379473e-07,0.006881711266405318,2020-11-18,123,11348,145,,1.5223707189241433e-06,1.5223707189241433e-06,1.5223707189241433e-06,1.5223707189241433e-06,0.0012338438794775226,0.0012338438794775226,0.0,0.0,0.0006997551142733421,0.2827586206896552,0.2827586206896552,0.0,3.3953835492097013e-06,3.3953835492097013e-06,0.015988002701713893
2020-11-25,2020-01-08,1.5913675928631456e-07,1.5913675928631456e-07,0.007011374489884519,2020-11-20,124,11493,80,,1.5637577470115873e-07,1.5637577470115873e-07,1.5637577470115873e-07,1.5637577470115873e-07,0.00039544376932903964,0.00039544376932903964,0.0,0.0,0.000899595242836093,0.525,0.525,0.0,1.5347320116291792e-07,1.5347320116291792e-07,0.015640705357634493
2020-11-27,2020-01-08,2.828527071917874e-07,2.828527071917874e-07,0.0069594070499008846,2020-11-23,125,11638,141,,2.5628770894013396e-07,2.5628770894013396e-07,2.5628770894013396e-07,2.5628770894013396e-07,0.0005062486631489845,0.0005062486631489845,0.0,0.0,0.0008995952428360927,0.425531914893617,0.425531914893617,0.0,1.8428258210012597e-07,1.8428258210012597e-07,0.01566485689075167
2020-11-30,2020-01-08,1.78470200170437e-05,1.78470200170437e-05,0.006925979929668066,2020-11-25,126,11718,67,,8.608752503006025e-06,8.608752503006025e-06,8.608752503006025e-06,8.608752503006025e-06,0.0029340675696046987,0.0029340675696046987,0.0,0.0,0.000899595242836093,0.26865671641791045,0.26865671641791045,0.0,1.118265329461965e-06,1.118265329461965e-06,0.015621351774960815
2020-12-02,2020-01-08,6.06845563728703e-06,6.06845563728703e-06,0.006580019556714471,2020-11-27,127,11859,88,,3.965409585004032e-06,3.965409585004032e-06,3.965409585004032e-06,3.965409585004032e-06,0.0019913336197141937,0.0019913336197141937,0.0,0.0,0.0008995952428360929,0.14772727272727273,0.14772727272727273,0.0,1.3231209552125752e-06,1.3231209552125752e-06,0.015521056226435717
2020-12-04,2020-01-08,2.7205617758274447e-06,2.7205617758274447e-06,0.006568244672197819,2020-11-30,128,11926,66,,2.7205617758274447e-06,2.7205617758274447e-06,2.7205617758274447e-06,2.7205617758274447e-06,0.0016494125547683468,0.0016494125547683468,0.0,0.0,0.0007996801705643322,0.21212121212121213,0.21212121212121213,0.0,,,
2020-12-07,2020-01-08,1.1142633861890987e-06,1.1142633861890987e-06,0.006605316973415134,2020-12-02,129,12014,123,,9.74199096179815e-07,9.74199096179815e-07,9.74199096179815e-07,9.74199096179815e-07,0.000987015246173946,0.000987015246173946,0.0,0.0,0.0008995952428360928,0.4715447154471545,0.4715447154471545,0.0,5.922055779726776e-07,5.922055779726776e-07,0.01536032715965932
2020-12-09,2020-01-08,8.801088616211809e-06,8.801088616211809e-06,0.006492201318539958,2020-12-04,130,12080,56,,3.4746353156795212e-06,3.4746353156795212e-06,3.4746353156795212e-06,3.4746353156795212e-06,0.001864037369711112,0.001864037369711112,0.0,0.0,0.0008995952428360929,0.7321428571428571,0.7321428571428571,0.0,2.8106709452747377e-08,2.8106709452747377e-08,0.015347048653321446
2020-12-11,2020-01-08,8.960853010200138e-07,8.960853010200138e-07,0.006552255761116521,2020-12-07,131,12203,71,,8.960853010200138e-07,8.960853010200138e-07,8.960853010200138e-07,8.960853010200138e-07,0.0009466178220485889,0.0009466178220485889,0.0,0.0,0.0007996801705643321,0.49295774647887325,0.49295774647887325,0.0,,,
2020-12-18,2020-01-08,1.2661745161348959e-06,1.2661745161348959e-06,0.0062742812742812735,2020-12-09,132,12259,129,,3.067405035618117e-06,3.067405035618117e-06,3.067405035618117e-06,3.067405035618117e-06,0.0017514008780453768,0.0017514008780453768,0.0,0.0,0.0007996801705643321,0.3488372093023256,0.3488372093023256,0.0,9.278544757974051e-06,9.278544757974051e-06,0.015261704814098432
2020-12-21,2020-01-08,1.7336630851338999e-06,1.7336630851338999e-06,0.0063755872251391585,2020-12-11,133,12330,138,,2.2671566513699705e-06,2.2671566513699705e-06,2.2671566513699705e-06,2.2671566513699705e-06,0.0015057080232800683,0.0015057080232800683,0.0,0.0,0.0007996801705643322,0.2753623188405797,0.2753623188405797,0.0,3.8990193245626565e-06,3.8990193245626565e-06,0.015415312313776477
2020-12-23,2020-01-08,2.154434977360916e-06,2.154434977360916e-06,0.006122990597512892,2020-12-18,134,12459,64,,2.4152229116047963e-06,2.4152229116047963e-06,2.4152229116047963e-06,2.4152229116047963e-06,0.0015540987457702926,0.0015540987457702926,0.0,0.0,0.0008995952428360929,0.15625,0.15625,0.0,2.64532991240822e-06,2.64532991240822e-06,0.015496745997168064
2020-12-28,2020-01-08,1.3082507621481936e-06,1.3082507621481936e-06,0.006118814882170188,2020-12-21,135,12597,140,,1.1533761511168544e-06,1.1533761511168544e-06,1.1533761511168544e-06,1.1533761511168544e-06,0.0010739535144115198,0.0010739535144115198,0.0,0.0,0.0008995952428360928,0.22857142857142856,0.22857142857142856,0.0,6.30674338886085e-07,6.30674338886085e-07,0.015422831978319783
2020-12-30,2020-01-08,2.236362021545837e-06,2.236362021545837e-06,0.005987246978571956,2020-12-23,136,12661,60,,1.468179134568708e-06,1.468179134568708e-06,1.468179134568708e-06,1.468179134568708e-06,0.0012116844203705467,0.0012116844203705467,0.0,0.0,0.0009995003330835331,0.23333333333333334,0.23333333333333334,0.0,7.495564338481681e-07,7.495564338481681e-07,0.015320694018198463
2021-01-04,2020-01-08,7.728634604243652e-06,7.728634604243652e-06,0.006085613083126086,2020-12-28,137,12801,106,,6.477457067660691e-06,6.477457067660691e-06,6.477457067660691e-06,6.477457067660691e-06,0.0025450848841759074,0.0025450848841759074,0.0,0.0,0.0008995952428360928,0.39622641509433965,0.39622641509433965,0.0,3.3078073083171886e-06,3.3078073083171886e-06,0.015221528297849573
2021-01-06,2020-01-08,4.979021946375062e-06,4.979021946375062e-06,0.0061636516296465944,2020-12-30,138,12861,61,,2.8889056679982414e-06,2.8889056679982414e-06,2.8889056679982414e-06,2.8889056679982414e-06,0.0016996781071715436,0.0016996781071715436,0.0,0.0,0.000899595242836093,0.11475409836065574,0.11475409836065574,0.0,9.947377907192492e-07,9.947377907192492e-07,0.015326057684539358
2021-01-08,2020-01-08,2.8170405022168998e-06,2.8170405022168998e-06,0.006167888787045525,2021-01-04,139,12967,74,,2.8170405022168998e-06,2.8170405022168998e-06,2.8170405022168998e-06,2.8170405022168998e-06,0.001678404153419819,0.001678404153419819,0.0,0.0,0.0008995952428360928,0.33783783783783783,0.33783783783783783,0.0,,,
2021-01-11,2020-01-08,5.730649473328076e-06,5.730649473328076e-06,0.0061151079136690665,2021-01-06,140,13028,161,,4.712070041546526e-06,4.712070041546526e-06,4.712070041546526e-06,4.712070041546526e-06,0.002170730301430034,0.002170730301430034,0.0,0.0,0.0007996801705643322,0.2981366459627329,0.2981366459627329,0.0,9.073762816566249e-07,9.073762816566249e-07,0.01492688716361538
2021-01-15,2020-01-08,8.240816406306592e-07,8.240816406306592e-07,0.0062640601970366935,2021-01-08,141,13102,170,,1.514704219194956e-06,1.514704219194956e-06,1.514704219194956e-06,1.514704219194956e-06,0.0012307332039052802,0.0012307332039052802,0.0,0.0,0.0008995952428360928,0.43529411764705883,0.43529411764705883,0.0,4.3818343180830985e-06,4.3818343180830985e-06,0.015037322306188237
2021-01-20,2020-01-08,6.141749322738351e-07,6.141749322738351e-07,0.0063169834937025745,2021-01-11,142,13263,82,,3.293352682887706e-06,3.293352682887706e-06,3.293352682887706e-06,3.293352682887706e-06,0.0018147596763449716,0.0018147596763449716,0.0,0.0,0.0008995952428360928,0.15853658536585366,0.15853658536585366,0.0,6.247317895103e-06,6.247317895103e-06,0.015029776838769307
2021-01-22,2020-01-08,3.3086268579535227e-06,3.3086268579535227e-06,0.005899758895302112,2021-01-15,143,13433,162,,2.461196478325489e-06,2.461196478325489e-06,2.461196478325489e-06,2.461196478325489e-06,0.001568820091127561,0.001568820091127561,0.0,0.0,0.0008995952428360929,0.38271604938271603,0.38271604938271603,0.0,3.996682224539167e-08,3.996682224539167e-08,0.014811120653758069
2021-01-25,2020-01-08,1.662342226665343e-05,1.662342226665343e-05,0.005806428417343786,2021-01-20,144,13515,165,,1.2498901214182712e-05,1.2498901214182712e-05,1.2498901214182712e-05,1.2498901214182712e-05,0.003535378510737247,0.003535378510737247,0.0,0.0,0.0007996801705643323,0.11515151515151516,0.11515151515151516,0.0,7.967717164750915e-07,7.967717164750915e-07,0.014863730150438778
2021-01-27,2020-01-08,1.487385142248365e-05,1.487385142248365e-05,0.005640542050852193,2021-01-22,145,13677,74,,4.097155722195139e-05,4.097155722195139e-05,4.097155722195139e-05,4.097155722195139e-05,0.006400902844283093,0.006400902844283093,0.0,0.0,0.0006997551142733422,0.24324324324324326,0.24324324324324326,0.0,6.08555235453554e-05,6.08555235453554e-05,0.014828486932958126
2021-01-29,2020-01-08,2.902750758818797e-05,2.902750758818797e-05,0.005890291049675396,2021-01-25,146,13842,97,,2.902750758818797e-05,2.902750758818797e-05,2.902750758818797e-05,2.902750758818797e-05,0.005387718217222201,0.005387718217222201,0.0,0.0,0.0006997551142733421,0.18556701030927836,0.18556701030927836,0.0,,,
2021-02-01,2020-01-08,1.9973241629576695e-05,1.9973241629576695e-05,0.006119278569263415,2021-01-27,147,13916,170,,1.5076418161459023e-05,1.5076418161459023e-05,1.5076418161459023e-05,1.5076418161459023e-05,0.003882836355225265,0.003882836355225265,0.0,0.0,0.0005998200719676154,0.12352941176470589,0.12352941176470589,0.0,1.053696411849332e-06,1.053696411849332e-06,0.0153782392520334
2021-02-03,2020-01-08,1.695154927004304e-05,1.695154927004304e-05,0.005981924587006445,2021-01-29,148,14013,78,,1.496362250089542e-05,1.496362250089542e-05,1.496362250089542e-05,1.496362250089542e-05,0.0038682841804727093,0.0038682841804727093,0.0,0.0,0.0006997551142733423,0.01282051282051282,0.01282051282051282,0.0,1.2521312470228353e-05,1.2521312470228353e-05,0.014915541868693486
2021-02-05,2020-01-08,6.913817581491686e-06,6.913817581491686e-06,0.0058774292161001525,2021-02-01,149,14183,110,,4.9865964000558266e-06,4.9865964000558266e-06,4.9865964000558266e-06,4.9865964000558266e-06,0.0022330688301205196,0.0022330688301205196,0.0,0.0,0.00039992002132693556,0.045454545454545456,0.045454545454545456,0.0,6.786902297874366e-07,6.786902297874366e-07,0.014736334446774902
2021-02-08,2020-01-08,6.479435816088436e-07,6.479435816088436e-07,0.005995905235448963,2021-02-03,150,14261,148,,5.68047308745609e-07,5.68047308745609e-07,5.68047308745609e-07,5.68047308745609e-07,0.0007536891326970351,0.0007536891326970351,0.0,0.0,0.00029995500899797546,0.4594594594594595,0.4594594594594595,0.0,3.0015980561593964e-07,3.0015980561593964e-07,0.014678561295813883
2021-02-10,2020-01-08,,,,2021-02-05,151,14371,35,,4.138884001572606e-07,4.138884001572606e-07,4.138884001572606e-07,4.138884001572606e-07,0.0006433415890157115,0.0006433415890157115,0.0,0.0,0.00039992002132693534,0.08571428571428572,0.08571428571428572,0.0,4.138884001572606e-07,4.138884001572606e-07,0.014583023702754645
2021-02-12,2020-01-08,3.3764074762229433e-06,3.3764074762229433e-06,0.0060682305927625265,2021-02-08,152,14519,123,,3.3764074762229433e-06,3.3764074762229433e-06,3.3764074762229433e-06,3.3764074762229433e-06,0.0018375003336660767,0.0018375003336660767,0.0,0.0,0.0004998750416510477,0.24390243902439024,0.24390243902439024,0.0,,,
2021-02-17,2020-01-08,4.334896983480565e-07,4.334896983480565e-07,0.006156618364742095,2021-02-10,153,14554,77,,5.192698767857274e-07,5.192698767857274e-07,5.192698767857274e-07,5.192698767857274e-07,0.0007206038279011064,0.0007206038279011064,0.0,0.0,0.0003999200213269353,0.2727272727272727,0.2727272727272727,0.0,6.336434480359556e-07,6.336434480359556e-07,0.014506818761152179
2021-02-19,2020-01-08,1.7195509932801161e-06,1.7195509932801161e-06,0.006321794772955052,2021-02-12,154,14677,162,,1.4586508375830295e-06,1.4586508375830295e-06,1.4586508375830295e-06,1.4586508375830295e-06,0.00120774618094326,0.00120774618094326,0.0,0.0,0.00029995500899797546,0.4012345679012346,0.4012345679012346,0.0,6.358118849999101e-07,6.358118849999101e-07,0.014565481674856677
2021-02-22,2020-01-08,3.8020089739899024e-06,3.8020089739899024e-06,0.006314006314006316,2021-02-17,155,14754,149,,3.066160445686127e-06,3.066160445686127e-06,3.066160445686127e-06,3.066160445686127e-06,0.0017510455293013164,0.0017510455293013164,0.0,0.0,0.0003999200213269353,0.28859060402684567,0.28859060402684567,0.0,9.167081656408887e-07,9.167081656408887e-07,0.014591249391072484
2021-02-24,2020-01-08,2.4241211030303333e-06,2.4241211030303333e-06,0.006515175591927539,2021-02-19,156,14916,79,,1.6348262237986544e-06,1.6348262237986544e-06,1.6348262237986544e-06,1.6348262237986544e-06,0.0012786032315768071,0.0012786032315768071,0.0,0.0,0.0003999200213269353,0.24050632911392406,0.24050632911392406,0.0,5.901712365802556e-07,5.901712365802556e-07,0.014686516129032257
2021-02-26,2020-01-08,4.990541967017763e-06,4.990541967017763e-06,0.006777419621456317,2021-02-22,157,15065,112,,4.598436861651779e-06,4.598436861651779e-06,4.598436861651779e-06,4.598436861651779e-06,0.002144396619483387,0.002144396619483387,0.0,0.0,0.0003999200213269354,0.5,0.5,0.0,3.7358056298466106e-06,3.7358056298466106e-06,0.014885112337509481
2021-03-01,2020-01-08,5.771871421830948e-06,5.771871421830948e-06,0.006762328880092364,2021-02-24,158,15144,110,,4.7040051190543175e-06,4.7040051190543175e-06,4.7040051190543175e-06,4.7040051190543175e-06,0.0021688718539956014,0.0021688718539956014,0.0,0.0,0.00039992002132693556,0.10909090909090909,0.10909090909090909,0.0,2.7599408242558322e-06,2.7599408242558322e-06,0.014962206856662112
2021-03-03,2020-01-08,3.815383311634099e-06,3.815383311634099e-06,0.006553708439897699,2021-02-26,159,15256,43,,3.815383311634099e-06,3.815383311634099e-06,3.815383311634099e-06,3.815383311634099e-06,0.0019533006198826897,0.0019533006198826897,0.0,0.0,0.00039992002132693534,0.27906976744186046,0.27906976744186046,0.0,,,
2021-03-05,2020-01-08,6.160432064417656e-07,6.160432064417656e-07,0.0068259385665529,2021-03-01,160,15366,78,,6.160432064417656e-07,6.160432064417656e-07,6.160432064417656e-07,6.160432064417656e-07,0.0007848841993834285,0.0007848841993834285,0.0,0.0,0.0003999200213269353,0.5897435897435898,0.5897435897435898,0.0,,,
2021-03-08,2020-01-08,8.773811824444524e-06,8.773811824444524e-06,0.006753417888321525,2021-03-03,161,15409,139,,7.221447778687837e-06,7.221447778687837e-06,7.221447778687837e-06,7.221447778687837e-06,0.0026872751587226486,0.0026872751587226486,0.0,0.0,0.00039992002132693534,0.2158273381294964,0.2158273381294964,0.0,1.5811917457718651e-06,1.5811917457718651e-06,0.014834671428199048
2021-03-10,2020-01-08,1.1016040594420668e-05,1.1016040594420668e-05,0.006772102242226535,2021-03-05,162,15487,75,,5.942952231585316e-06,5.942952231585316e-06,5.942952231585316e-06,5.942952231585316e-06,0.002437817103801127,0.002437817103801127,0.0,0.0,0.0004998750416510478,0.26666666666666666,0.26666666666666666,0.0,1.451369597734844e-07,1.451369597734844e-07,0.014699034016065293
2021-03-12,2020-01-08,1.8845454805600098e-06,1.8845454805600098e-06,0.006723515906854707,2021-03-08,163,15626,78,,1.8845454805600098e-06,1.8845454805600098e-06,1.8845454805600098e-06,1.8845454805600098e-06,0.0013727874855781611,0.0013727874855781611,0.0,0.0,0.0003999200213269353,0.24358974358974358,0.24358974358974358,0.0,,,
2021-03-15,2020-01-08,1.3003032963508978e-06,1.3003032963508978e-06,0.006775179707510533,2021-03-10,164,15701,132,,1.008223543665177e-06,1.008223543665177e-06,1.008223543665177e-06,1.008223543665177e-06,0.0010041033530793417,0.0010041033530793417,0.0,0.0,0.00039992002132693534,0.553030303030303,0.553030303030303,0.0,1.6634660945339258e-07,1.6634660945339258e-07,0.014442026594934779
2021-03-22,2020-01-08,7.322555258518096e-06,7.322555258518096e-06,0.0068339028252354375,2021-03-12,165,15779,121,,6.6802311845170506e-06,6.6802311845170506e-06,6.6802311845170506e-06,6.6802311845170506e-06,0.0025846143202646406,0.0025846143202646406,0.0,0.0,9.999500033330834e-05,0.12396694214876033,0.12396694214876033,0.0,4.443991815772666e-06,4.443991815772666e-06,0.014283798911369003
2021-03-24,2020-01-08,3.5850080264740055e-07,3.5850080264740055e-07,0.00669169250856863,2021-03-15,166,15911,58,,2.051044925995742e-07,2.051044925995742e-07,2.051044925995742e-07,2.051044925995742e-07,0.0004528846349784614,0.0004528846349784614,0.0,0.0,9.999500033330834e-05,0.27586206896551724,0.27586206896551724,0.0,8.046999068571524e-08,8.046999068571524e-08,0.01428306546854942
2021-03-26,2020-01-08,8.389441971531742e-06,8.389441971531742e-06,0.0067999004892611336,2021-03-22,167,16032,89,,5.796734915394162e-06,5.796734915394162e-06,5.796734915394162e-06,5.796734915394162e-06,0.0024076409440350866,0.0024076409440350866,0.0,0.0,0.00019998000266626675,0.43820224719101125,0.43820224719101125,0.0,1.483374002372925e-07,1.483374002372925e-07,0.014275735180908394
2021-03-29,2020-01-08,5.650912794225006e-06,5.650912794225006e-06,0.00676511838957182,2021-03-24,168,16090,71,,5.650912794225006e-06,5.650912794225006e-06,5.650912794225006e-06,5.650912794225006e-06,0.002377164864754863,0.002377164864754863,0.0,0.0,0.00019998000266626678,0.43661971830985913,0.43661971830985913,0.0,,,
2021-03-31,2020-01-08,3.412593150627168e-06,3.412593150627168e-06,0.006839032527105919,2021-03-26,169,16179,57,,1.7879931896795754e-06,1.7879931896795754e-06,1.7879931896795754e-06,1.7879931896795754e-06,0.001337158625474022,0.001337158625474022,0.0,0.0,0.00019998000266626675,0.24561403508771928,0.24561403508771928,0.0,2.1941391704052023e-07,2.1941391704052023e-07,0.014093821092898936
2021-04-05,2020-01-08,2.514909237111157e-06,2.514909237111157e-06,0.006666666666666667,2021-03-29,170,16250,114,,2.162372044498471e-06,2.162372044498471e-06,2.162372044498471e-06,2.162372044498471e-06,0.0014705006101659636,0.0014705006101659636,0.0,0.0,0.00019998000266626672,0.30701754385964913,0.30701754385964913,0.0,9.691692387324558e-07,9.691692387324558e-07,0.013886957389980283
2021-04-07,2020-01-08,8.285181908944493e-07,8.285181908944493e-07,0.006497107994612153,2021-03-31,171,16307,53,,5.283455488177395e-07,5.283455488177395e-07,5.283455488177395e-07,5.283455488177395e-07,0.0007268738190482166,0.0007268738190482166,0.0,0.0,0.0001999800026662668,0.18867924528301888,0.18867924528301888,0.0,2.392904120031302e-07,2.392904120031302e-07,0.013698547227420468
2021-04-09,2020-01-08,7.560894474343386e-07,7.560894474343386e-07,0.006290273089904876,2021-04-05,172,16421,53,,7.560894474343386e-07,7.560894474343386e-07,7.560894474343386e-07,7.560894474343386e-07,0.0008695340404114945,0.0008695340404114945,0.0,0.0,9.999500033330834e-05,0.16981132075471697,0.16981132075471697,0.0,,,
2021-04-12,2020-01-08,8.963210820169812e-07,8.963210820169812e-07,0.006165645325012214,2021-04-07,173,16474,120,,8.463819603482921e-07,8.463819603482921e-07,8.463819603482921e-07,8.463819603482921e-07,0.0009199901957892226,0.0009199901957892226,0.0,0.0,0.00019998000266626675,0.325,0.325,0.0,6.658328281614931e-07,6.658328281614931e-07,0.013519779338501544
2021-04-16,2020-01-08,1.4766137640713438e-06,1.4766137640713438e-06,0.006096654275092937,2021-04-09,174,16527,134,,1.302280481405822e-06,1.302280481405822e-06,1.302280481405822e-06,1.302280481405822e-06,0.0011411750441566017,0.0011411750441566017,0.0,0.0,0.00019998000266626678,0.1791044776119403,0.1791044776119403,0.0,6.423044827434914e-07,6.423044827434914e-07,0.013377387164258061
2021-04-19,2020-01-08,1.1501061450455424e-06,1.1501061450455424e-06,0.006112104949314251,2021-04-12,175,16647,137,,1.0550475783658226e-06,1.0550475783658226e-06,1.0550475783658226e-06,1.0550475783658226e-06,0.0010271550897336889,0.0010271550897336889,0.0,0.0,0.00019998000266626675,0.15328467153284672,0.15328467153284672,0.0,7.300086084287159e-07,7.300086084287159e-07,0.013332823659109427
2021-04-21,2020-01-08,3.211575738227674e-07,3.211575738227674e-07,0.006160318533543684,2021-04-16,176,16781,67,,7.585371137876375e-07,7.585371137876375e-07,7.585371137876375e-07,7.585371137876375e-07,0.0008709403617858329,0.0008709403617858329,0.0,0.0,0.0002999550089979755,0.13432835820895522,0.13432835820895522,0.0,1.2369209856242143e-06,1.2369209856242143e-06,0.013497474343110851
2021-04-23,2020-01-08,5.876967132536502e-07,5.876967132536502e-07,0.0062149461876610575,2021-04-19,177,16918,144,,4.712484017510744e-07,4.712484017510744e-07,4.712484017510744e-07,4.712484017510744e-07,0.0006864753467904542,0.0006864753467904542,0.0,0.0,0.00029995500899797546,0.2708333333333333,0.2708333333333333,0.0,1.3449247389227394e-07,1.3449247389227394e-07,0.01349420040264875
2021-04-26,2020-01-08,8.24771951229266e-07,8.24771951229266e-07,0.006104824300178678,2021-04-21,178,16985,139,,6.265905102262374e-07,6.265905102262374e-07,6.265905102262374e-07,6.265905102262374e-07,0.0007915747028715846,0.0007915747028715846,0.0,0.0,0.00029995500899797546,0.22302158273381295,0.22302158273381295,0.0,3.77085141029522e-08,3.77085141029522e-08,0.013349460095023273
2021-04-28,2020-01-08,5.006275266146332e-06,5.006275266146332e-06,0.006101644467594316,2021-04-23,179,17129,62,,2.228896216661704e-06,2.228896216661704e-06,2.228896216661704e-06,2.228896216661704e-06,0.0014929488325665097,0.0014929488325665097,0.0,0.0,9.999500033330834e-05,0.3064516129032258,0.3064516129032258,0.0,3.522887507937127e-07,3.522887507937127e-07,0.013324520981030851
2021-04-30,2020-01-08,2.9265820219082983e-05,2.9265820219082983e-05,0.006143242433323343,2021-04-26,180,17268,85,,2.9265820219082983e-05,2.9265820219082983e-05,2.9265820219082983e-05,2.9265820219082983e-05,0.005409789295257532,0.005409789295257532,0.0,0.0,9.999500033330835e-05,0.11764705882352941,0.11764705882352941,0.0,,,
2021-05-03,2020-01-08,4.753178155164772e-07,4.753178155164772e-07,0.00623763882549825,2021-04-28,181,17330,111,,6.036042992047902e-07,6.036042992047902e-07,6.036042992047902e-07,6.036042992047902e-07,0.0007769197508139371,0.0007769197508139371,0.0,0.0,9.999500033330834e-05,0.22522522522522523,0.22522522522522523,0.0,9.499778051632357e-07,9.499778051632357e-07,0.013331545650611069
2021-05-05,2020-01-08,1.1015796733466942e-06,1.1015796733466942e-06,0.006413766132186157,2021-04-30,182,17415,65,,5.592084072665225e-07,5.592084072665225e-07,5.592084072665225e-07,5.592084072665225e-07,0.0007478023851703887,0.0007478023851703887,0.0,0.0,0.00019998000266626675,0.24615384615384617,0.24615384615384617,0.0,1.222982207019398e-07,1.222982207019398e-07,0.013385433809730042
2021-05-07,2020-01-08,2.2413014948830155e-06,2.2413014948830155e-06,0.006320332973639586,2021-05-03,183,17526,97,,1.6543349928341005e-06,1.6543349928341005e-06,1.6543349928341005e-06,1.6543349928341005e-06,0.001286209544683175,0.001286209544683175,0.0,0.0,0.00019998000266626675,0.1958762886597938,0.1958762886597938,0.0,6.597528643623285e-07,6.597528643623285e-07,0.01327523802705992
2021-05-10,2020-01-08,1.247747626088757e-06,1.247747626088757e-06,0.006412717917210658,2021-05-05,184,17591,115,,1.1750304188469849e-06,1.1750304188469849e-06,1.1750304188469849e-06,1.1750304188469849e-06,0.001083988200510958,0.001083988200510958,0.0,0.0,0.00019998000266626672,0.33043478260869563,0.33043478260869563,0.0,1.0154565473997609e-06,1.0154565473997609e-06,0.013179318677153419
2021-05-17,2020-01-08,6.173480329499028e-08,6.173480329499028e-08,0.006551588858375834,2021-05-07,185,17688,57,,6.173480329499028e-08,6.173480329499028e-08,6.173480329499028e-08,6.173480329499028e-08,0.00024846489348596165,0.00024846489348596165,0.0,0.0,9.999500033330834e-05,0.6140350877192983,0.6140350877192983,0.0,,,
2021-05-19,2020-01-08,5.525959034293557e-07,5.525959034293557e-07,0.006688025630756909,2021-05-10,186,17803,26,,5.525959034293557e-07,5.525959034293557e-07,5.525959034293557e-07,5.525959034293557e-07,0.0007433679461944507,0.0007433679461944507,0.0,0.0,0.00019998000266626678,0.19230769230769232,0.19230769230769232,0.0,,,
2021-05-21,2020-01-08,2.8941009317897024e-06,2.8941009317897024e-06,0.0065587934961904,2021-05-17,187,17860,110,,2.0829998741594078e-06,2.0829998741594078e-06,2.0829998741594078e-06,2.0829998741594078e-06,0.0014432601547051064,0.0014432601547051064,0.0,0.0,9.999500033330834e-05,0.15454545454545454,0.15454545454545454,0.0,1.9043073968871876e-07,1.9043073968871876e-07,0.0133963927952225
2021-05-24,2020-01-08,1.0714827379418744e-06,1.0714827379418744e-06,0.006657099577453559,2021-05-19,188,17886,102,,8.156781959361348e-07,8.156781959361348e-07,8.156781959361348e-07,8.156781959361348e-07,0.0009031490441428451,0.0009031490441428451,0.0,0.0,9.999500033330834e-05,0.24509803921568626,0.24509803921568626,0.0,2.0174729512236002e-07,2.0174729512236002e-07,0.013407369740203403
2021-05-26,2020-01-08,5.799430344753001e-07,5.799430344753001e-07,0.006579984239558707,2021-05-21,189,17996,24,,5.799430344753001e-07,5.799430344753001e-07,5.799430344753001e-07,5.799430344753001e-07,0.000761539909968808,0.000761539909968808,0.0,0.0,0.00019998000266626675,0.375,0.375,0.0,,,
2021-05-27,2020-01-08,,,,2021-05-24,190,18098,26,,2.1834624367732962e-06,2.1834624367732962e-06,2.1834624367732962e-06,2.1834624367732962e-06,0.0014776543698623492,0.0014776543698623492,0.0,0.0,0.00019998000266626678,0.0,0.0,0.0,2.1834624367732962e-06,2.1834624367732962e-06,0.01327523802705992
2021-05-28,2020-01-08,1.731996258390112e-06,1.731996258390112e-06,0.006665070242656447,2021-05-26,191,18122,92,,1.6394222295225427e-06,1.6394222295225427e-06,1.6394222295225427e-06,1.6394222295225427e-06,0.0012803992461426017,0.0012803992461426017,0.0,0.0,0.0001999800026662667,0.2826086956521739,0.2826086956521739,0.0,1.3448685013075481e-06,1.3448685013075481e-06,0.013268272555987502
2021-06-02,2020-01-08,6.966424230222297e-07,6.966424230222297e-07,0.00671869971033151,2021-05-27,192,18148,58,,4.957887844839317e-07,4.957887844839317e-07,4.957887844839317e-07,4.957887844839317e-07,0.0007041227055591459,0.0007041227055591459,0.0,0.0,0.00019998000266626678,0.27586206896551724,0.27586206896551724,0.0,3.6379925058733576e-07,3.6379925058733576e-07,0.013256258488812636
2021-06-04,2020-01-08,7.097519140653944e-08,7.097519140653944e-08,0.0067589444714262585,2021-05-28,193,18240,52,,7.097519140653944e-08,7.097519140653944e-08,7.097519140653944e-08,7.097519140653944e-08,0.00026641169532612386,0.00026641169532612386,0.0,0.0,0.00019998000266626678,0.5192307692307693,0.5192307692307693,0.0,,,
2021-06-07,2020-01-08,2.0378582390603955e-07,2.0378582390603955e-07,0.006632774644530938,2021-06-02,194,18298,108,,1.850892069894781e-07,1.850892069894781e-07,1.850892069894781e-07,1.850892069894781e-07,0.00043021995187285085,0.00043021995187285085,0.0,0.0,0.0001999800026662667,0.4074074074074074,0.4074074074074074,0.0,1.3647800300641834e-07,1.3647800300641834e-07,0.013164349266445814
2021-06-09,2020-01-08,1.592373703407039e-07,1.592373703407039e-07,0.006588290989427174,2021-06-04,195,18350,61,,2.379774918101057e-07,2.379774918101057e-07,2.379774918101057e-07,2.379774918101057e-07,0.0004878293675150213,0.0004878293675150213,0.0,0.0,0.00019998000266626678,0.3114754098360656,0.3114754098360656,0.0,3.193422839951542e-07,3.193422839951542e-07,0.013174325092355782
2021-06-11,2020-01-08,2.9635651173619705e-06,2.9635651173619705e-06,0.006621203711045911,2021-06-07,196,18458,41,,2.9635651173619705e-06,2.9635651173619705e-06,2.9635651173619705e-06,2.9635651173619705e-06,0.001721500832808968,0.001721500832808968,0.0,0.0,0.00029995500899797546,0.04878048780487805,0.04878048780487805,0.0,,,
2021-06-14,2020-01-08,3.618806690529604e-06,3.618806690529604e-06,0.006556733411857086,2021-06-09,197,18519,61,,3.618806690529604e-06,3.618806690529604e-06,3.618806690529604e-06,3.618806690529604e-06,0.0019023161384295734,0.0019023161384295734,0.0,0.0,0.0002999550089979756,0.18032786885245902,0.18032786885245902,0.0,,,
2021-06-16,2020-01-08,,,,2021-06-11,198,18560,34,,5.2719241564039284e-08,5.2719241564039284e-08,5.2719241564039284e-08,5.2719241564039284e-08,0.0002296067106250148,0.0002296067106250148,0.0,0.0,0.00029995500899797546,0.5588235294117647,0.5588235294117647,0.0,5.2719241564039284e-08,5.2719241564039284e-08,0.013106045043347154
2021-06-18,2020-01-08,1.6922607645406222e-07,1.6922607645406222e-07,0.006335837316943622,2021-06-14,199,18621,98,,5.819995141532219e-07,5.819995141532219e-07,5.819995141532219e-07,5.819995141532219e-07,0.0007628889264848598,0.0007628889264848598,0.0,0.0,0.00039992002132693545,0.40816326530612246,0.40816326530612246,0.0,1.7250644185508953e-06,1.7250644185508953e-06,0.01318400360215181
2021-06-21,2020-01-08,4.809638528592786e-07,4.809638528592786e-07,0.006400429250344934,2021-06-16,200,18655,107,,5.766464871984194e-07,5.766464871984194e-07,5.766464871984194e-07,5.766464871984194e-07,0.0007593724298382312,0.0007593724298382312,0.0,0.0,0.0004998750416510477,0.19626168224299065,0.19626168224299065,0.0,8.339997795588671e-07,8.339997795588671e-07,0.013431232526752145
2021-06-23,2020-01-08,5.915837661085526e-08,5.915837661085526e-08,0.006232273473652786,2021-06-18,201,18753,55,,4.74536875619313e-07,4.74536875619313e-07,4.74536875619313e-07,4.74536875619313e-07,0.0006888663699291126,0.0006888663699291126,0.0,0.0,0.0003999200213269353,0.32727272727272727,0.32727272727272727,0.0,9.052997634799359e-07,9.052997634799359e-07,0.01317124861147219
2021-06-25,2020-01-08,6.669290774993409e-07,6.669290774993409e-07,0.006258901131849188,2021-06-21,202,18860,99,,5.347681974882601e-07,5.347681974882601e-07,5.347681974882601e-07,5.347681974882601e-07,0.0007312784678139101,0.0007312784678139101,0.0,0.0,0.0004998750416510478,0.26262626262626265,0.26262626262626265,0.0,1.2176544745363253e-07,1.2176544745363253e-07,0.013109590684544812
2021-06-28,2020-01-08,1.9598137151572957e-07,1.9598137151572957e-07,0.006273007287206069,2021-06-23,203,18915,96,,1.736167783762605e-07,1.736167783762605e-07,1.736167783762605e-07,1.736167783762605e-07,0.00041667346732934715,0.00041667346732934715,0.0,0.0,0.0005998200719676154,0.20833333333333334,0.20833333333333334,0.0,1.0652299895785327e-07,1.0652299895785327e-07,0.013063188861020604
2021-06-30,2020-01-08,1.6620927432696142e-06,1.6620927432696142e-06,0.006124844128218292,2021-06-25,204,19014,50,,1.175730772163394e-06,1.175730772163394e-06,1.175730772163394e-06,1.175730772163394e-06,0.0010843111971032089,0.0010843111971032089,0.0,0.0,0.00039992002132693534,0.16,0.16,0.0,6.893688010571734e-07,6.893688010571734e-07,0.01302989712415244
2021-07-02,2020-01-08,1.2188342228860673e-06,1.2188342228860673e-06,0.0060829023093174036,2021-06-28,205,19110,103,,1.0986182266962712e-06,1.0986182266962712e-06,1.0986182266962712e-06,1.0986182266962712e-06,0.0010481499065955553,0.0010481499065955553,0.0,0.0,0.0004998750416510477,0.17475728155339806,0.17475728155339806,0.0,6.560047861792951e-07,6.560047861792951e-07,0.012947255070510883
2021-07-07,2020-01-08,8.734143400660691e-06,8.734143400660691e-06,0.005879453598084777,2021-06-30,206,19160,50,,5.230860788666028e-06,5.230860788666028e-06,5.230860788666028e-06,5.230860788666028e-06,0.0022871075157644047,0.0022871075157644047,0.0,0.0,0.000499875041651048,0.06,0.06,0.0,1.1183116354549013e-06,1.1183116354549013e-06,0.012872489778948098
2021-07-09,2020-01-08,1.03667996150792e-06,1.03667996150792e-06,0.005829377268919295,2021-07-02,207,19263,56,,1.03667996150792e-06,1.03667996150792e-06,1.03667996150792e-06,1.03667996150792e-06,0.0010181748187359182,0.0010181748187359182,0.0,0.0,0.0005998200719676156,0.25,0.25,0.0,,,
2021-07-12,2020-01-08,3.7418472804495906e-06,3.7418472804495906e-06,0.00575425539246089,2021-07-07,208,19313,109,,2.9301512268636977e-06,2.9301512268636977e-06,2.9301512268636977e-06,2.9301512268636977e-06,0.0017117684501309451,0.0017117684501309451,0.0,0.0,0.0005998200719676153,0.1651376146788991,0.1651376146788991,0.0,2.0285248681509667e-07,2.0285248681509667e-07,0.012795938188831742
2021-07-16,2020-01-08,1.3446593826640987e-06,1.3446593826640987e-06,0.0056236530172413795,2021-07-09,209,19369,124,,1.13452637940109e-06,1.13452637940109e-06,1.13452637940109e-06,1.13452637940109e-06,0.0010651414832786722,0.0010651414832786722,0.0,0.0,0.0004998750416510477,0.25,0.25,0.0,5.550687037364307e-07,5.550687037364307e-07,0.012818601495112132
2021-07-19,2020-01-08,3.7614612522180834e-06,3.7614612522180834e-06,0.005703941526060525,2021-07-12,210,19478,132,,3.121555760134904e-06,3.121555760134904e-06,3.121555760134904e-06,3.121555760134904e-06,0.0017667925062482305,0.0017667925062482305,0.0,0.0,0.000499875041651048,0.14393939393939395,0.14393939393939395,0.0,1.415141114579758e-06,1.415141114579758e-06,0.012919940186395881
2021-07-21,2020-01-08,1.4753557497150195e-06,1.4753557497150195e-06,0.005713308244953814,2021-07-16,211,19602,69,,1.2655780280116456e-06,1.2655780280116456e-06,1.2655780280116456e-06,1.2655780280116456e-06,0.0011249791233670274,0.0011249791233670274,0.0,0.0,0.000499875041651048,0.14492753623188406,0.14492753623188406,0.0,1.0496303733169966e-06,1.0496303733169966e-06,0.012928332482717022
2021-07-23,2020-01-08,1.320288801608569e-06,1.320288801608569e-06,0.005688010899182562,2021-07-19,212,19734,136,,1.158196871809105e-06,1.158196871809105e-06,1.158196871809105e-06,1.158196871809105e-06,0.0010761955546317338,0.0010761955546317338,0.0,0.0,0.000499875041651048,0.125,0.125,0.0,6.522735757683547e-07,6.522735757683547e-07,0.012797701281403574
2021-07-26,2020-01-08,7.76724660886445e-07,7.76724660886445e-07,0.005620624663435648,2021-07-21,213,19803,136,,6.663624612851036e-07,6.663624612851036e-07,6.663624612851036e-07,6.663624612851036e-07,0.0008163102726813522,0.0008163102726813522,0.0,0.0,0.000499875041651048,0.19852941176470587,0.19852941176470587,0.0,3.47888685292662e-07,3.47888685292662e-07,0.012667379642678547
2021-07-28,2020-01-08,2.226217466551467e-06,2.226217466551467e-06,0.005689173536826326,2021-07-23,214,19939,68,,1.2225997382206377e-06,1.2225997382206377e-06,1.2225997382206377e-06,1.2225997382206377e-06,0.0011057123216373407,0.0011057123216373407,0.0,0.0,0.000499875041651048,0.16176470588235295,0.16176470588235295,0.0,2.763315943658555e-07,2.763315943658555e-07,0.012694214254800572
2021-07-30,2020-01-08,2.208265457488864e-06,2.208265457488864e-06,0.005733315023345235,2021-07-26,215,20075,89,,2.208265457488864e-06,2.208265457488864e-06,2.208265457488864e-06,2.208265457488864e-06,0.0014860233704383197,0.0014860233704383197,0.0,0.0,0.0005998200719676154,0.1797752808988764,0.1797752808988764,0.0,,,
2021-08-02,2020-01-08,1.6116091218939844e-07,1.6116091218939844e-07,0.005724667489373373,2021-07-28,216,20143,86,,1.6116091218939844e-07,1.6116091218939844e-07,1.6116091218939844e-07,1.6116091218939844e-07,0.0004014485174831244,0.0004014485174831244,0.0,0.0,0.0005998200719676153,0.4186046511627907,0.4186046511627907,0.0,,,
2021-08-04,2020-01-08,1.388197207891756e-07,1.388197207891756e-07,0.005666395222584145,2021-07-30,217,20232,67,,1.8768074111713813e-07,1.8768074111713813e-07,1.8768074111713813e-07,1.8768074111713813e-07,0.00043322135348703453,0.00043322135348703453,0.0,0.0,0.000499875041651048,0.34328358208955223,0.34328358208955223,0.0,2.2729778462629686e-07,2.2729778462629686e-07,0.012632635158109485
2021-08-06,2020-01-08,1.8939364169745156e-06,1.8939364169745156e-06,0.005677954576363389,2021-08-02,218,20318,87,,1.1759946849467468e-06,1.1759946849467468e-06,1.1759946849467468e-06,1.1759946849467468e-06,0.001084432886326649,0.001084432886326649,0.0,0.0,0.0004998750416510478,0.26436781609195403,0.26436781609195403,0.0,1.589105645740746e-07,1.589105645740746e-07,0.012615191506700473
2021-08-09,2020-01-08,3.91440784676307e-07,3.91440784676307e-07,0.005816340495415356,2021-08-04,219,20385,104,,2.818362193806496e-07,2.818362193806496e-07,2.818362193806496e-07,2.818362193806496e-07,0.0005308824911227056,0.0005308824911227056,0.0,0.0,0.0005998200719676153,0.5192307692307693,0.5192307692307693,0.0,7.480537382218578e-08,7.480537382218578e-08,0.01259437953400077
2021-08-11,2020-01-08,,,,2021-08-06,220,20472,34,,1.499639137865641e-07,1.499639137865641e-07,1.499639137865641e-07,1.499639137865641e-07,0.0003872517447172628,0.0003872517447172628,0.0,0.0,0.000499875041651048,0.4117647058823529,0.4117647058823529,0.0,1.499639137865641e-07,1.499639137865641e-07,0.012588973976687448
2021-08-13,2020-01-08,6.686514139699466e-07,6.686514139699466e-07,0.005708912620055075,2021-08-09,221,20576,41,,6.686514139699466e-07,6.686514139699466e-07,6.686514139699466e-07,6.686514139699466e-07,0.0008177110822105486,0.0008177110822105486,0.0,0.0,0.0005998200719676155,0.024390243902439025,0.024390243902439025,0.0,,,
2021-08-16,2020-01-08,3.0850910099437465e-06,3.0850910099437465e-06,0.0057008718980549955,2021-08-11,222,20610,44,,3.0850910099437465e-06,3.0850910099437465e-06,3.0850910099437465e-06,3.0850910099437465e-06,0.001756442714677523,0.001756442714677523,0.0,0.0,0.0005998200719676156,0.045454545454545456,0.045454545454545456,0.0,,,
2021-08-18,2020-01-08,2.7499153749522287e-06,2.7499153749522287e-06,0.005659497969238963,2021-08-13,223,20651,62,,2.419520067239718e-06,2.419520067239718e-06,2.419520067239718e-06,2.419520067239718e-06,0.0015554806547301442,0.0015554806547301442,0.0,0.0,0.0006997551142733422,0.25806451612903225,0.25806451612903225,0.0,2.1646436870043522e-06,2.1646436870043522e-06,0.012550416629132512
2021-08-20,2020-01-08,1.6682889436404795e-06,1.6682889436404795e-06,0.005794137695978187,2021-08-16,224,20695,124,,1.3943882164637848e-06,1.3943882164637848e-06,1.3943882164637848e-06,1.3943882164637848e-06,0.0011808421640777335,0.0011808421640777335,0.0,0.0,0.0005998200719676153,0.13709677419354838,0.13709677419354838,0.0,6.978977959287607e-07,6.978977959287607e-07,0.01266968353567044
2021-08-23,2020-01-08,5.278764776769844e-07,5.278764776769844e-07,0.005735879614009043,2021-08-18,225,20757,124,,6.588375584062853e-07,6.588375584062853e-07,6.588375584062853e-07,6.588375584062853e-07,0.0008116880918223979,0.0008116880918223979,0.0,0.0,0.0004998750416510477,0.3467741935483871,0.3467741935483871,0.0,9.91852877975079e-07,9.91852877975079e-07,0.012569665734391914
2021-08-25,2020-01-08,1.3417059077034646e-06,1.3417059077034646e-06,0.005681058681994386,2021-08-20,226,20881,62,,6.904380238511043e-07,6.904380238511043e-07,6.904380238511043e-07,6.904380238511043e-07,0.0008309260038361445,0.0008309260038361445,0.0,0.0,0.000499875041651048,0.3387096774193548,0.3387096774193548,0.0,1.540997665609251e-07,1.540997665609251e-07,0.01244031296738621
2021-08-27,2020-01-08,1.773020941003446e-06,1.773020941003446e-06,0.0057611495187745694,2021-08-23,227,21005,100,,1.2358037238357057e-06,1.2358037238357057e-06,1.2358037238357057e-06,1.2358037238357057e-06,0.001111667092179896,0.001111667092179896,0.0,0.0,0.0004998750416510478,0.36,0.36,0.0,1.9297030227479734e-07,1.9297030227479734e-07,0.012487982342132388
2021-08-30,2020-01-08,4.091018048699765e-06,4.091018048699765e-06,0.005720053835800807,2021-08-25,228,21067,107,,2.934068027955019e-06,2.934068027955019e-06,2.934068027955019e-06,2.934068027955019e-06,0.001712912148347083,0.001712912148347083,0.0,0.0,0.0004998750416510477,0.14018691588785046,0.14018691588785046,0.0,2.2246641683452092e-07,2.2246641683452092e-07,0.012377317046085507
2021-09-01,2020-01-08,1.4147626305847515e-07,1.4147626305847515e-07,0.005598366594217216,2021-08-27,229,21167,66,,1.0138741004721875e-07,1.0138741004721875e-07,1.0138741004721875e-07,1.0138741004721875e-07,0.0003184138973839219,0.0003184138973839219,0.0,0.0,0.00039992002132693534,0.4393939393939394,0.4393939393939394,0.0,6.365672486015389e-08,6.365672486015389e-08,0.012341409779431305
2021-09-03,2020-01-08,5.93099027851602e-07,5.93099027851602e-07,0.005532053368044256,2021-08-30,230,21274,56,,5.93099027851602e-07,5.93099027851602e-07,5.93099027851602e-07,5.93099027851602e-07,0.0007701292280205979,0.0007701292280205979,0.0,0.0,0.000499875041651048,0.375,0.375,0.0,,,
2021-09-08,2020-01-08,3.881756781733092e-06,3.881756781733092e-06,0.005424723977279979,2021-09-01,231,21340,50,,2.624391321394096e-06,2.624391321394096e-06,2.624391321394096e-06,2.624391321394096e-06,0.0016199973214157165,0.0016199973214157165,0.0,0.0,0.000499875041651048,0.2,0.2,0.0,3.89074947458104e-07,3.89074947458104e-07,0.012344143445709476
2021-09-10,2020-01-08,6.661180494849499e-07,6.661180494849499e-07,0.005516972804569352,2021-09-03,232,21396,61,,6.661180494849499e-07,6.661180494849499e-07,6.661180494849499e-07,6.661180494849499e-07,0.0008161605537423075,0.0008161605537423075,0.0,0.0,0.0003999200213269353,0.4098360655737705,0.4098360655737705,0.0,,,
2021-09-13,2020-01-08,1.9897234219555683e-06,1.9897234219555683e-06,0.005705846814794926,2021-09-08,233,21446,118,,1.5393461185387719e-06,1.5393461185387719e-06,1.5393461185387719e-06,1.5393461185387719e-06,0.0012407038802787602,0.0012407038802787602,0.0,0.0,0.0004998750416510477,0.3305084745762712,0.3305084745762712,0.0,2.1823936184950352e-07,2.1823936184950352e-07,0.012510971174568961
2021-09-17,2020-01-08,6.232620587091894e-07,6.232620587091894e-07,0.005712749512736072,2021-09-10,234,21507,106,,7.048774443387877e-07,7.048774443387877e-07,7.048774443387877e-07,7.048774443387877e-07,0.0008395697971811443,0.0008395697971811443,0.0,0.0,0.00039992002132693545,0.16037735849056603,0.16037735849056603,0.0,9.693112937786856e-07,9.693112937786856e-07,0.012462569045329514
2021-09-20,2020-01-08,4.567695021064663e-06,4.567695021064663e-06,0.0058195262221005075,2021-09-13,235,21625,111,,4.5537729968458e-06,4.5537729968458e-06,4.5537729968458e-06,4.5537729968458e-06,0.0021339571216043214,0.0021339571216043214,0.0,0.0,0.00039992002132693556,0.07207207207207207,0.07207207207207207,0.0,4.5125041393398824e-06,4.5125041393398824e-06,0.012826869053013145
2021-09-22,2020-01-08,3.4790266792544622e-06,3.4790266792544622e-06,0.005926235794464198,2021-09-17,236,21731,62,,4.056959711461316e-06,4.056959711461316e-06,4.056959711461316e-06,4.056959711461316e-06,0.002014189591736914,0.002014189591736914,0.0,0.0,0.0002999550089979756,0.11290322580645161,0.11290322580645161,0.0,4.714607644662218e-06,4.714607644662218e-06,0.013056707331134839
2021-09-24,2020-01-08,1.987707240210225e-06,1.987707240210225e-06,0.005789007695974937,2021-09-20,237,21842,110,,1.726150753431211e-06,1.726150753431211e-06,1.726150753431211e-06,1.726150753431211e-06,0.001313830564963082,0.001313830564963082,0.0,0.0,0.00029995500899797535,0.12727272727272726,0.12727272727272726,0.0,8.811221038374723e-07,8.811221038374723e-07,0.012775350873234352
2021-09-27,2020-01-08,4.224551028926109e-08,4.224551028926109e-08,0.0057854614756329996,2021-09-22,238,21904,101,,6.238382240182089e-08,6.238382240182089e-08,6.238382240182089e-08,6.238382240182089e-08,0.0002497675367252936,0.0002497675367252936,0.0,0.0,0.00029995500899797546,0.5445544554455446,0.5445544554455446,0.0,1.2360429122400276e-07,1.2360429122400276e-07,0.012754342096370885
2021-09-29,2020-01-08,3.0934303151954984e-06,3.0934303151954984e-06,0.005989711789162145,2021-09-24,239,22014,57,,2.7360905366574097e-06,2.7360905366574097e-06,2.7360905366574097e-06,2.7360905366574097e-06,0.0016541132176055573,0.0016541132176055573,0.0,0.0,0.00039992002132693534,0.08771929824561403,0.08771929824561403,0.0,2.278695620128657e-06,2.278695620128657e-06,0.013053997971041224
2021-10-01,2020-01-08,3.1846078939728852e-06,3.1846078939728852e-06,0.006007067137809186,2021-09-27,240,22115,108,,2.790095708305696e-06,2.790095708305696e-06,2.790095708305696e-06,2.790095708305696e-06,0.0016703579581352304,0.0016703579581352304,0.0,0.0,0.0003999200213269355,0.26851851851851855,0.26851851851851855,0.0,1.6629180349708687e-06,1.6629180349708687e-06,0.01319331686629072
2021-10-04,2020-01-08,3.7987610374470593e-06,3.7987610374470593e-06,0.005958640028040659,2021-09-29,241,22172,104,,2.8349690358971434e-06,2.8349690358971434e-06,2.8349690358971434e-06,2.8349690358971434e-06,0.0016837366290180728,0.0016837366290180728,0.0,0.0,0.0003999200213269354,0.10576923076923077,0.10576923076923077,0.0,2.1896217454737376e-07,2.1896217454737376e-07,0.013038365880619015
2021-10-06,2020-01-08,2.215172640508831e-06,2.215172640508831e-06,0.006023669477712425,2021-10-01,242,22280,57,,1.1951179703122595e-06,1.1951179703122595e-06,1.1951179703122595e-06,1.1951179703122595e-06,0.0010932145124870323,0.0010932145124870323,0.0,0.0,0.00039992002132693534,0.19298245614035087,0.19298245614035087,0.0,1.3863277618009527e-07,1.3863277618009527e-07,0.013072685292080348
2021-10-08,2020-01-08,1.4208026326911766e-06,1.4208026326911766e-06,0.005932025961337146,2021-10-04,243,22384,55,,1.4208026326911766e-06,1.4208026326911766e-06,1.4208026326911766e-06,1.4208026326911766e-06,0.0011919742584012361,0.0011919742584012361,0.0,0.0,0.0004998750416510478,0.3090909090909091,0.3090909090909091,0.0,,,
2021-10-11,2020-01-08,2.7823586572117384e-06,2.7823586572117384e-06,0.005948215535339398,2021-10-06,244,22441,102,,2.279100004259688e-06,2.279100004259688e-06,2.279100004259688e-06,2.279100004259688e-06,0.0015096688392689597,0.0015096688392689597,0.0,0.0,0.0004998750416510478,0.22549019607843138,0.22549019607843138,0.0,8.065430978493904e-08,8.065430978493904e-08,0.012930571415520944
2021-10-15,2020-01-08,3.0988502560791663e-06,3.0988502560791663e-06,0.0059126321647189764,2021-10-08,245,22496,119,,2.537152481029709e-06,2.537152481029709e-06,2.537152481029709e-06,2.537152481029709e-06,0.0015928441483804086,0.0015928441483804086,0.0,0.0,0.0004998750416510477,0.12605042016806722,0.12605042016806722,0.0,1.242127055221238e-06,1.242127055221238e-06,0.01279498305084746
2021-10-18,2020-01-08,6.073423305458061e-07,6.073423305458061e-07,0.005868544600938968,2021-10-11,246,22598,127,,4.449872775815996e-07,4.449872775815996e-07,4.449872775815996e-07,4.449872775815996e-07,0.0006670736672824071,0.0006670736672824071,0.0,0.0,0.0004998750416510478,0.3937007874015748,0.3937007874015748,0.0,6.473465353385266e-08,6.473465353385266e-08,0.01269827528203288
2021-10-20,2020-01-08,5.921555157662264e-07,5.921555157662264e-07,0.00571390158644797,2021-10-15,247,22717,63,,4.3800698182799413e-07,4.3800698182799413e-07,4.3800698182799413e-07,4.3800698182799413e-07,0.0006618209590425451,0.0006618209590425451,0.0,0.0,0.000499875041651048,0.25396825396825395,0.25396825396825395,0.0,3.146881546774085e-07,3.146881546774085e-07,0.012563864725723415
2021-10-22,2020-01-08,4.254217501501942e-07,4.254217501501942e-07,0.005686379448755686,2021-10-18,248,22844,134,,3.5524409567539223e-07,3.5524409567539223e-07,3.5524409567539223e-07,3.5524409567539223e-07,0.0005960235697314262,0.0005960235697314262,0.0,0.0,0.0005998200719676154,0.2537313432835821,0.2537313432835821,0.0,1.6420492516065348e-07,1.6420492516065348e-07,0.012482153486628894
2021-10-25,2020-01-08,2.8429530347076183e-07,2.8429530347076183e-07,0.005716591566346089,2021-10-20,249,22907,132,,2.2369297666639005e-07,2.2369297666639005e-07,2.2369297666639005e-07,2.2369297666639005e-07,0.000472961918833208,0.000472961918833208,0.0,0.0,0.0005998200719676154,0.36363636363636365,0.36363636363636365,0.0,5.573795666570259e-08,5.573795666570259e-08,0.01249510063559322
2021-10-27,2020-01-08,7.279927551242247e-07,7.279927551242247e-07,0.005692472542191267,2021-10-22,250,23041,67,,6.997917635321553e-07,6.997917635321553e-07,6.997917635321553e-07,6.997917635321553e-07,0.0008365355721857591,0.0008365355721857591,0.0,0.0,0.0005998200719676154,0.31343283582089554,0.31343283582089554,0.0,6.72420212869264e-07,6.72420212869264e-07,0.012417273445039042
2021-10-29,2020-01-10,6.986852347206949e-06,6.986852347206949e-06,0.0055712132136068685,2021-10-25,250,23139,116,,4.9159156719201e-06,4.9159156719201e-06,4.9159156719201e-06,4.9159156719201e-06,0.002217186431475734,0.002217186431475734,0.0,0.0,0.0005998200719676153,0.31896551724137934,0.31896551724137934,0.0,1.2317650911339514e-07,1.2317650911339514e-07,0.012353333915168444
2021-11-01,2020-01-13,2.2523257607303286e-07,2.2523257607303286e-07,0.005674232309746329,2021-10-27,250,23170,79,,2.2523257607303286e-07,2.2523257607303286e-07,2.2523257607303286e-07,2.2523257607303286e-07,0.00047458674241178806,0.00047458674241178806,0.0,0.0,0.0004998750416510478,0.5949367088607594,0.5949367088607594,0.0,,,
2021-11-03,2020-01-17,5.746373266276345e-07,5.746373266276345e-07,0.005665911211838423,2021-10-29,250,23216,63,,3.3002535888854015e-07,3.3002535888854015e-07,3.3002535888854015e-07,3.3002535888854015e-07,0.0005744783363091598,0.0005744783363091598,0.0,0.0,0.000499875041651048,0.3968253968253968,0.3968253968253968,0.0,1.2138573934637137e-07,1.2138573934637137e-07,0.012257588222558999
2021-11-05,2020-01-22,4.4720957910789813e-07,4.4720957910789813e-07,0.0056306306306306295,2021-11-01,250,23231,78,,7.112525971846402e-07,7.112525971846402e-07,7.112525971846402e-07,7.112525971846402e-07,0.0008433579294609379,0.0008433579294609379,0.0,0.0,0.0003999200213269353,0.3717948717948718,0.3717948717948718,0.0,1.090814435669957e-06,1.090814435669957e-06,0.012126062838662697
2021-11-08,2020-01-24,5.038629942791305e-07,5.038629942791305e-07,0.005717874140666315,2021-11-03,250,23255,100,,4.417962209917301e-07,4.417962209917301e-07,4.417962209917301e-07,4.417962209917301e-07,0.0006646775315833462,0.0006646775315833462,0.0,0.0,0.0004998750416510478,0.36,0.36,0.0,3.21313661080894e-07,3.21313661080894e-07,0.012084135487588844
2021-11-10,2020-01-27,5.062698324732222e-07,5.062698324732222e-07,0.005735693919501358,2021-11-05,250,23251,60,,2.424058115198342e-07,2.424058115198342e-07,2.424058115198342e-07,2.424058115198342e-07,0.0004923472468896664,0.0004923472468896664,0.0,0.0,0.00039992002132693534,0.45,0.45,0.0,2.651706710342583e-08,2.651706710342583e-08,0.012113868800547736
2021-11-12,2020-01-29,1.0774992296036047e-06,1.0774992296036047e-06,0.005849732873469939,2021-11-08,250,23273,77,,7.999964653492641e-07,7.999964653492641e-07,7.999964653492641e-07,7.999964653492641e-07,0.0008944252150679027,0.0008944252150679027,0.0,0.0,0.0004998750416510478,0.3116883116883117,0.3116883116883117,0.0,4.6699314824405625e-07,4.6699314824405625e-07,0.012208163529335665
2021-11-15,2020-01-31,4.391308272967914e-07,4.391308272967914e-07,0.005767051136742449,2021-11-10,250,23296,100,,3.2779276283524046e-07,3.2779276283524046e-07,3.2779276283524046e-07,3.2779276283524046e-07,0.000572531888050998,0.000572531888050998,0.0,0.0,0.0004998750416510478,0.49,0.49,0.0,1.2102207169236015e-07,1.2102207169236015e-07,0.012116720525606183
2021-11-19,2020-02-03,2.7336594143643696e-06,2.7336594143643696e-06,0.005479191740039272,2021-11-12,250,23320,113,,1.9269641059892655e-06,1.9269641059892655e-06,1.9269641059892655e-06,1.9269641059892655e-06,0.001388151326761339,0.001388151326761339,0.0,0.0,0.0004998750416510477,0.30973451327433627,0.30973451327433627,0.0,2.6996833743499666e-07,2.6996833743499666e-07,0.012053264641389732
2021-11-22,2020-02-05,1.7492717555296332e-06,1.7492717555296332e-06,0.005387729679227653,2021-11-15,250,23350,128,,1.3114381732771406e-06,1.3114381732771406e-06,1.3114381732771406e-06,1.3114381732771406e-06,0.0011451804107987268,0.0011451804107987268,0.0,0.0,0.0004998750416510477,0.3046875,0.3046875,0.0,1.9253012974299365e-07,1.9253012974299365e-07,0.012074857642517435
2021-11-24,2020-02-07,2.5586021380149864e-06,2.5586021380149864e-06,0.005359023604485473,2021-11-19,250,23426,72,,1.3210773393189852e-06,1.3210773393189852e-06,1.3210773393189852e-06,1.3210773393189852e-06,0.001149381285439686,0.001149381285439686,0.0,0.0,0.0005998200719676155,0.2916666666666667,0.2916666666666667,0.0,1.5044577298493022e-07,1.5044577298493022e-07,0.012092910997671888
2021-11-26,2020-02-10,1.0141292064051107e-05,1.0141292064051107e-05,0.005341484500432259,2021-11-22,250,23503,82,,1.6292224720558428e-05,1.6292224720558428e-05,1.6292224720558428e-05,1.6292224720558428e-05,0.004036362808340998,0.004036362808340998,0.0,0.0,0.0005998200719676154,0.21951219512195122,0.21951219512195122,0.0,2.6411501026425313e-05,2.6411501026425313e-05,0.012060710633946828
2021-11-29,2020-02-12,6.534739310735645e-06,6.534739310735645e-06,0.005516229832281104,2021-11-24,250,23498,115,,8.347904177048136e-06,8.347904177048136e-06,8.347904177048136e-06,8.347904177048136e-06,0.002889273987881408,0.002889273987881408,0.0,0.0,0.0005998200719676153,0.2608695652173913,0.2608695652173913,0.0,1.2326793744789428e-05,1.2326793744789428e-05,0.012335838943721813
2021-12-01,2020-02-14,1.9447839451291172e-05,1.9447839451291172e-05,0.005232909860859044,2021-11-26,250,23563,72,,1.089863544935309e-05,1.089863544935309e-05,1.089863544935309e-05,1.089863544935309e-05,0.003301308142138975,0.003301308142138975,0.0,0.0,0.000499875041651048,0.20833333333333334,0.20833333333333334,0.0,3.6646936015593287e-06,3.6646936015593287e-06,0.012428176310475015
2021-12-03,2020-02-21,9.597336266370877e-07,9.597336266370877e-07,0.0052821201758671225,2021-11-29,250,23648,137,,1.6167237497248245e-06,1.6167237497248245e-06,1.6167237497248245e-06,1.6167237497248245e-06,0.0012715045221016025,0.0012715045221016025,0.0,0.0,0.000499875041651048,0.41605839416058393,0.41605839416058393,0.0,3.267622007740162e-06,3.267622007740162e-06,0.012378181023174463
2021-12-08,2020-02-24,8.329054124461065e-07,8.329054124461065e-07,0.005053160415936442,2021-12-01,250,23648,68,,6.258151342465018e-06,6.258151342465018e-06,6.258151342465018e-06,6.258151342465018e-06,0.0025016297372842805,0.0025016297372842805,0.0,0.0,0.0005998200719676154,0.23529411764705882,0.23529411764705882,0.0,1.1683397272483929e-05,1.1683397272483929e-05,0.012090586828393271
2021-12-10,2020-02-26,2.4591961724074324e-06,2.4591961724074324e-06,0.004955316223648029,2021-12-03,250,23712,71,,2.4591961724074324e-06,2.4591961724074324e-06,2.4591961724074324e-06,2.4591961724074324e-06,0.00156818244232214,0.00156818244232214,0.0,0.0,0.0005998200719676153,0.5352112676056338,0.5352112676056338,0.0,,,
2021-12-13,2020-02-28,6.836637346832846e-06,6.836637346832846e-06,0.0048202842017274995,2021-12-08,250,23741,99,,4.832850187715644e-06,4.832850187715644e-06,4.832850187715644e-06,4.832850187715644e-06,0.0021983744421084513,0.0021983744421084513,0.0,0.0,0.0005998200719676153,0.41414141414141414,0.41414141414141414,0.0,2.2413972174607802e-07,2.2413972174607802e-07,0.012027403662318905
2021-12-17,2020-03-02,3.4442053608649044e-06,3.4442053608649044e-06,0.005021479159410195,2021-12-10,250,23750,108,,4.025282855360102e-06,4.025282855360102e-06,4.025282855360102e-06,4.025282855360102e-06,0.0020063107574252058,0.0020063107574252058,0.0,0.0,0.0004998750416510477,0.5462962962962963,0.5462962962962963,0.0,5.7685153388456975e-06,5.7685153388456975e-06,0.012138021224139777
2021-12-20,2020-03-04,1.18823690270638e-06,1.18823690270638e-06,0.00505434147481594,2021-12-13,250,23789,123,,9.233265566738232e-07,9.233265566738232e-07,9.233265566738232e-07,9.233265566738232e-07,0.0009608988274911272,0.0009608988274911272,0.0,0.0,0.0004998750416510477,0.5934959349593496,0.5934959349593496,0.0,2.0084379476684994e-07,2.0084379476684994e-07,0.012434407549959772
2021-12-22,2020-03-06,4.079045475433973e-06,4.079045475433973e-06,0.005000289034048209,2021-12-17,250,23859,66,,2.7506999148900373e-06,2.7506999148900373e-06,2.7506999148900373e-06,2.7506999148900373e-06,0.0016585234140312996,0.0016585234140312996,0.0,0.0,0.0006997551142733422,0.18181818181818182,0.18181818181818182,0.0,1.2509549271791433e-06,1.2509549271791433e-06,0.01234874746253185
2021-12-27,2020-03-09,5.180346606461675e-07,5.180346606461675e-07,0.004906966190152031,2021-12-20,250,23946,118,,4.841764900101632e-07,4.841764900101632e-07,4.841764900101632e-07,4.841764900101632e-07,0.0006958279169522901,0.0006958279169522901,0.0,0.0,0.0006997551142733419,0.2457627118644068,0.2457627118644068,0.0,3.643706554519947e-07,3.643706554519947e-07,0.01215089460263493
2021-12-29,2020-03-13,6.874159650024635e-07,6.874159650024635e-07,0.004824585866473312,2021-12-22,250,23948,66,,6.206595256370509e-07,6.206595256370509e-07,6.206595256370509e-07,6.206595256370509e-07,0.0007878194752841865,0.0007878194752841865,0.0,0.0,0.0005998200719676154,0.24242424242424243,0.24242424242424243,0.0,5.179573112287237e-07,5.179573112287237e-07,0.011991131754985635
2021-12-31,2020-03-16,2.132091620678506e-06,2.132091620678506e-06,0.004854096520763187,2021-12-27,250,24045,96,,1.6723802140699023e-06,1.6723802140699023e-06,1.6723802140699023e-06,1.6723802140699023e-06,0.0012932054028923256,0.0012932054028923256,0.0,0.0,0.0004998750416510478,0.375,0.375,0.0,3.667998193014689e-07,3.667998193014689e-07,0.01200901167674731
2022-01-03,2020-03-18,1.35314717241869e-06,1.35314717241869e-06,0.004871318353325449,2021-12-29,250,24098,99,,1.0829939057954724e-06,1.0829939057954724e-06,1.0829939057954724e-06,1.0829939057954724e-06,0.0010406699312440388,0.0010406699312440388,0.0,0.0,0.0005998200719676153,0.2727272727272727,0.2727272727272727,0.0,2.8334023659074873e-07,2.8334023659074873e-07,0.012039352787603168
2022-01-05,2020-03-20,4.448415676078443e-06,4.448415676078443e-06,0.004813578185865332,2021-12-31,250,24152,49,,2.655806065561872e-06,2.655806065561872e-06,2.655806065561872e-06,2.655806065561872e-06,0.0016296644027412122,0.0016296644027412122,0.0,0.0,0.0007996801705643321,0.30612244897959184,0.30612244897959184,0.0,7.885043879404441e-07,7.885043879404441e-07,0.01197405716678882
2022-01-07,2020-03-23,3.153526803126557e-06,3.153526803126557e-06,0.00502906976744186,2022-01-03,250,24161,46,,3.153526803126557e-06,3.153526803126557e-06,3.153526803126557e-06,3.153526803126557e-06,0.001775817221204524,0.001775817221204524,0.0,0.0,0.0009995003330835331,0.45652173913043476,0.45652173913043476,0.0,,,
2022-01-10,2020-03-25,3.5360374937286762e-06,3.5360374937286762e-06,0.0050241040831736075,2022-01-05,250,24128,101,,2.561549623595958e-06,2.561549623595958e-06,2.561549623595958e-06,2.561549623595958e-06,0.001600484184113032,0.001600484184113032,0.0,0.0,0.0009995003330835331,0.504950495049505,0.504950495049505,0.0,2.0920533607084755e-08,2.0920533607084755e-08,0.012268469608873827
2022-01-14,2020-03-27,1.9845364768491886e-06,1.9845364768491886e-06,0.005023520529647483,2022-01-07,250,24133,50,,1.9845364768491886e-06,1.9845364768491886e-06,1.9845364768491886e-06,1.9845364768491886e-06,0.0014087357725454368,0.0014087357725454368,0.0,0.0,0.0011992805754820971,0.5,0.5,0.0,,,
2022-01-21,2020-03-30,4.569403833182979e-06,4.569403833182979e-06,0.0052580390249832845,2022-01-10,250,24112,124,,3.5051834627562868e-06,3.5051834627562868e-06,3.5051834627562868e-06,3.5051834627562868e-06,0.0018722135195421185,0.0018722135195421185,0.0,0.0,0.0016985566355814765,0.3870967741935484,0.3870967741935484,0.0,1.5004892766036788e-06,1.5004892766036788e-06,0.012799576944599888
2022-01-24,2020-04-01,7.599337480781951e-06,7.599337480781951e-06,0.0053260267224924576,2022-01-14,250,24004,104,,4.937963959653697e-06,4.937963959653697e-06,4.937963959653697e-06,4.937963959653697e-06,0.0022221530009550864,0.0022221530009550864,0.0,0.0,0.001698556635581477,0.5865384615384616,0.5865384615384616,0.0,1.5823190851876375e-06,1.5823190851876375e-06,0.013055872414265497
2022-01-26,2020-04-03,6.069423508792831e-06,6.069423508792831e-06,0.005413693829014898,2022-01-21,250,24041,74,,4.721194137629158e-06,4.721194137629158e-06,4.721194137629158e-06,4.721194137629158e-06,0.0021728309040579203,0.0021728309040579203,0.0,0.0,0.0018981972830802523,0.22972972972972974,0.22972972972972974,0.0,3.8523352095459005e-06,3.8523352095459005e-06,0.013161348309434485
2022-01-28,2020-04-06,1.837768567043531e-05,1.837768567043531e-05,0.005432734581082781,2022-01-24,250,24075,77,,1.837768567043531e-05,1.837768567043531e-05,1.837768567043531e-05,1.837768567043531e-05,0.004286920301385985,0.004286920301385985,0.0,0.0,0.001998002662673056,0.12987012987012986,0.12987012987012986,0.0,,,
2022-01-31,2020-04-08,5.378205885096772e-06,5.378205885096772e-06,0.005078377267656903,2022-01-26,250,24042,99,,3.4324730282532126e-06,3.4324730282532126e-06,3.4324730282532126e-06,3.4324730282532126e-06,0.0018526934523156314,0.0018526934523156314,0.0,0.0,0.0018981972830802519,0.46464646464646464,0.46464646464646464,0.0,4.390378638785065e-07,4.390378638785065e-07,0.012938592600972961
2022-02-02,2020-04-13,3.2918254092109274e-06,3.2918254092109274e-06,0.0049538972567436,2022-01-28,250,24050,69,,4.520936666788568e-06,4.520936666788568e-06,4.520936666788568e-06,4.520936666788568e-06,0.002126249436634509,0.002126249436634509,0.0,0.0,0.0018981972830802525,0.13043478260869565,0.13043478260869565,0.0,5.647621986234739e-06,5.647621986234739e-06,0.012624375758913788
2022-02-04,2020-04-17,1.3948876906995518e-06,1.3948876906995518e-06,0.005002891844997108,2022-01-31,250,24083,87,,3.807533161553287e-06,3.807533161553287e-06,3.807533161553287e-06,3.807533161553287e-06,0.001951290127467796,0.001951290127467796,0.0,0.0,0.001998002662673056,0.2988505747126437,0.2988505747126437,0.0,7.392035003964552e-06,7.392035003964552e-06,0.012803875951634573
2022-02-07,2020-04-20,7.11562948433905e-07,7.11562948433905e-07,0.005104704449213995,2022-02-02,250,23989,109,,9.416277920999707e-07,9.416277920999707e-07,9.416277920999707e-07,9.416277920999707e-07,0.0009703750780497048,0.0009703750780497048,0.0,0.0,0.0022973590486834905,0.5321100917431193,0.5321100917431193,0.0,1.371485789476041e-06,1.371485789476041e-06,0.012743951415199465
2022-02-09,2020-04-22,,,,2022-02-04,250,23913,36,,8.615685674561719e-07,8.615685674561719e-07,8.615685674561719e-07,8.615685674561719e-07,0.0009282071791664681,0.0009282071791664681,0.0,0.0,0.0024968801985871987,0.3888888888888889,0.3888888888888889,0.0,8.615685674561719e-07,8.615685674561719e-07,0.012680647092739614
2022-02-11,2020-04-24,9.167669309169019e-06,9.167669309169019e-06,0.005112712061352546,2022-02-07,250,23930,65,,9.167669309169019e-06,9.167669309169019e-06,9.167669309169019e-06,9.167669309169019e-06,0.0030278159305296313,0.0030278159305296313,0.0,0.0,0.003992021269537453,0.2,0.2,0.0,,,
2022-02-14,2020-04-27,9.850259915674081e-07,9.850259915674081e-07,0.005218216318785581,2022-02-09,250,23804,104,,6.386316091053388e-07,6.386316091053388e-07,6.386316091053388e-07,6.386316091053388e-07,0.0007991442980496944,0.0007991442980496944,0.0,0.0,0.0035935355101301696,0.75,0.75,0.0,1.8447008543284773e-07,1.8447008543284773e-07,0.012982361621940695
2022-02-16,2020-04-29,6.7048041116603705e-06,6.7048041116603705e-06,0.005092887319868048,2022-02-11,250,23715,71,,5.141973575089142e-06,5.141973575089142e-06,5.141973575089142e-06,5.141973575089142e-06,0.0022675920213056718,0.0022675920213056718,0.0,0.0,0.003992021269537454,0.19718309859154928,0.19718309859154928,0.0,3.8596510835435175e-06,3.8596510835435175e-06,0.012818226854965253
2022-02-23,2020-05-01,6.460622243926053e-06,6.460622243926053e-06,0.005355404089581305,2022-02-14,250,23781,63,,3.833440970774199e-06,3.833440970774199e-06,3.833440970774199e-06,3.833440970774199e-06,0.0019579175086745096,0.0019579175086745096,0.0,0.0,0.003693171837617572,0.3333333333333333,0.3333333333333333,0.0,2.1050322384374536e-06,2.1050322384374536e-06,0.013311476592871945
2022-02-25,2020-05-04,6.9414574013480495e-06,6.9414574013480495e-06,0.0054073983040432575,2022-02-16,250,23769,114,,4.898021799360612e-06,4.898021799360612e-06,4.898021799360612e-06,4.898021799360612e-06,0.0022131474870330293,0.0022131474870330293,0.0,0.0,0.0031948908965191976,0.2719298245614035,0.2719298245614035,0.0,6.454666276570258e-07,6.454666276570258e-07,0.01335094793369134
2022-02-28,2020-05-06,2.1943629429189365e-06,2.1943629429189365e-06,0.0053381862299059744,2022-02-23,250,23702,109,,1.8757818103272486e-06,1.8757818103272486e-06,1.8757818103272486e-06,1.8757818103272486e-06,0.0013695918407785762,0.0013695918407785762,0.0,0.0,0.003294566949430031,0.5045871559633027,0.5045871559633027,0.0,1.3474033465166449e-06,1.3474033465166449e-06,0.013062732153055399
2022-03-02,2020-05-08,1.1022938891304024e-06,1.1022938891304024e-06,0.0053921568627451,2022-02-25,250,23738,75,,9.450283004411404e-07,9.450283004411404e-07,9.450283004411404e-07,9.450283004411404e-07,0.0009721256608284447,0.0009721256608284447,0.0,0.0,0.0031948908965191976,0.4266666666666667,0.4266666666666667,0.0,8.074209103380364e-07,8.074209103380364e-07,0.013298783664356481
2022-03-04,2020-05-11,2.035267003932031e-06,2.035267003932031e-06,0.005293869939240811,2022-02-28,250,23763,60,,2.035267003932031e-06,2.035267003932031e-06,2.035267003932031e-06,2.035267003932031e-06,0.0014266278435289392,0.0014266278435289392,0.0,0.0,0.0037927982386962373,0.38333333333333336,0.38333333333333336,0.0,,,
2022-03-07,2020-05-13,4.311887507943256e-06,4.311887507943256e-06,0.0053931482502911085,2022-03-02,250,23729,115,,3.461922916032353e-06,3.461922916032353e-06,3.461922916032353e-06,3.461922916032353e-06,0.0018606243350102547,0.0018606243350102547,0.0,0.0,0.003394233068015548,0.41739130434782606,0.41739130434782606,0.0,1.8682393061994125e-06,1.8682393061994125e-06,0.013231392738968461
2022-03-09,2020-05-15,8.97423471800579e-06,8.97423471800579e-06,0.005589430894308943,2022-03-04,250,23749,67,,4.410033267465133e-06,4.410033267465133e-06,4.410033267465133e-06,4.410033267465133e-06,0.0021000079208100936,0.0021000079208100936,0.0,0.0,0.00359353551013017,0.4626865671641791,0.4626865671641791,0.0,1.5156616159027636e-06,1.5156616159027636e-06,0.013737443843843842
2022-03-11,2020-05-18,2.1479057582008003e-06,2.1479057582008003e-06,0.005551349987383296,2022-03-07,250,23786,56,,2.1479057582008003e-06,2.1479057582008003e-06,2.1479057582008003e-06,2.1479057582008003e-06,0.001465573525347944,0.001465573525347944,0.0,0.0,0.0038924147153438396,0.3392857142857143,0.3392857142857143,0.0,,,
2022-03-14,2020-05-20,3.504468380246304e-06,3.504468380246304e-06,0.005687326310347058,2022-03-09,250,23752,127,,2.6173834146530924e-06,2.6173834146530924e-06,2.6173834146530924e-06,2.6173834146530924e-06,0.001617832937806958,0.001617832937806958,0.0,0.0,0.003992021269537453,0.4251968503937008,0.4251968503937008,0.0,7.566686087746461e-07,7.566686087746461e-07,0.013612519342014429
2022-03-18,2020-05-22,2.421755608001595e-06,2.421755608001595e-06,0.005478769767152286,2022-03-11,250,23727,116,,3.3696212498988733e-06,3.3696212498988733e-06,3.3696212498988733e-06,3.3696212498988733e-06,0.0018356528130065537,0.0018356528130065537,0.0,0.0,0.003992021269537453,0.29310344827586204,0.29310344827586204,0.0,5.753646955276872e-06,5.753646955276872e-06,0.012964407010225136
2022-03-21,2020-05-27,1.5699417186305198e-06,1.5699417186305198e-06,0.005366508110745212,2022-03-14,250,23720,145,,1.188924234919533e-06,1.188924234919533e-06,1.188924234919533e-06,1.188924234919533e-06,0.0010903780238612354,0.0010903780238612354,0.0,0.0,0.0041912046184680715,0.27586206896551724,0.27586206896551724,0.0,7.676509327665228e-08,7.676509327665228e-08,0.013062251417259068
2022-03-23,2020-05-29,1.7394360692615455e-06,1.7394360692615455e-06,0.005212652529321173,2022-03-18,250,23759,74,,1.0739076571242808e-06,1.0739076571242808e-06,1.0739076571242808e-06,1.0739076571242808e-06,0.0010362951592689609,0.0010362951592689609,0.0,0.0,0.005087039048557105,0.25675675675675674,0.25675675675675674,0.0,3.7140544431272393e-07,3.7140544431272393e-07,0.012914949175915838
2022-03-25,2020-06-01,2.0055528177266477e-06,2.0055528177266477e-06,0.005055437467685416,2022-03-21,250,23833,98,,1.4296813602198e-06,1.4296813602198e-06,1.4296813602198e-06,1.4296813602198e-06,0.001195692836902438,0.001195692836902438,0.0,0.0,0.00518652668730006,0.47959183673469385,0.47959183673469385,0.0,1.2437272320427825e-07,1.2437272320427825e-07,0.012889147372860666
2022-03-28,2020-06-03,1.7863664439037461e-06,1.7863664439037461e-06,0.005036630036630038,2022-03-23,250,23838,127,,1.4070514831087534e-06,1.4070514831087534e-06,1.4070514831087534e-06,1.4070514831087534e-06,0.0011861920093765399,0.0011861920093765399,0.0,0.0,0.005484930230569689,0.47244094488188976,0.47244094488188976,0.0,1.8059977653827707e-07,1.8059977653827707e-07,0.012826508206498933
2022-03-30,2020-06-05,1.9418806435077016e-06,1.9418806435077016e-06,0.004917299955297273,2022-03-25,250,23868,69,,1.1818144144126402e-06,1.1818144144126402e-06,1.1818144144126402e-06,1.1818144144126402e-06,0.0010871128802533065,0.0010871128802533065,0.0,0.0,0.005484930230569686,0.43478260869565216,0.43478260869565216,0.0,1.937283165890607e-07,1.937283165890607e-07,0.012580288159462676
2022-04-01,2020-06-08,2.243521242966054e-06,2.243521242966054e-06,0.005039802989519501,2022-03-28,250,23977,111,,2.4126818198299174e-06,2.4126818198299174e-06,2.4126818198299174e-06,2.4126818198299174e-06,0.001553280985472338,0.001553280985472338,0.0,0.0,0.005186526687300058,0.36036036036036034,0.36036036036036034,0.0,2.9389591700730486e-06,2.9389591700730486e-06,0.012856328048888492
2022-04-04,2020-06-09,1.7077040144342424e-06,1.7077040144342424e-06,0.005048476851586255,2022-03-30,250,24006,115,,1.4081926085012887e-06,1.4081926085012887e-06,1.4081926085012887e-06,1.4081926085012887e-06,0.0011866729155505693,0.0011866729155505693,0.0,0.0,0.005286004429237355,0.34782608695652173,0.34782608695652173,0.0,4.320072854605515e-07,4.320072854605515e-07,0.012819994701050956
2022-04-06,2020-06-10,3.4600606043600796e-06,3.4600606043600796e-06,0.00502684793784988,2022-04-01,250,24070,53,,1.928469032228292e-06,1.928469032228292e-06,1.928469032228292e-06,1.928469032228292e-06,0.0013886932822723282,0.0013886932822723282,0.0,0.0,0.006478966097709125,0.41509433962264153,0.41509433962264153,0.0,3.3797009193758984e-07,3.3797009193758984e-07,0.01287371571735805
2022-04-08,2020-06-12,3.989941874560523e-06,3.989941874560523e-06,0.005112118043453006,2022-04-04,250,24113,55,,3.989941874560523e-06,3.989941874560523e-06,3.989941874560523e-06,3.989941874560523e-06,0.0019974838859326306,0.0019974838859326306,0.0,0.0,0.006776984279023748,0.38181818181818183,0.38181818181818183,0.0,,,
2022-04-11,2020-06-15,2.8263610294852937e-06,2.8263610294852937e-06,0.005173731553883238,2022-04-06,250,24122,121,,2.2495548605494963e-06,2.2495548605494963e-06,2.2495548605494963e-06,2.2495548605494963e-06,0.0014998516128435827,0.0014998516128435827,0.0,0.0,0.006975613736425242,0.4049586776859504,0.4049586776859504,0.0,4.196870142704145e-07,4.196870142704145e-07,0.01297323770583373
2022-04-18,2020-06-19,6.393529404774099e-07,6.393529404774099e-07,0.00532397604210781,2022-04-08,250,24076,129,,1.138685200109632e-06,1.138685200109632e-06,1.138685200109632e-06,1.138685200109632e-06,0.0010670919361093645,0.0010670919361093645,0.0,0.0,0.007868958378695178,0.3333333333333333,0.3333333333333333,0.0,2.6522861121198044e-06,2.6522861121198044e-06,0.013263053061970351
2022-04-20,2020-06-22,5.767309335690137e-07,5.767309335690137e-07,0.005256869772998805,2022-04-11,250,24057,68,,3.424381456442614e-07,3.424381456442614e-07,3.424381456442614e-07,3.424381456442614e-07,0.0005851821474073362,0.0005851821474073362,0.0,0.0,0.008067371077758798,0.5,0.5,0.0,1.0814535771950919e-07,1.0814535771950919e-07,0.013046989034693512
2022-04-22,2020-06-24,1.8233482381876956e-05,1.8233482381876956e-05,0.005287825982454032,2022-04-18,250,24057,138,,1.6930794128074266e-05,1.6930794128074266e-05,1.6930794128074266e-05,1.6930794128074266e-05,0.004114704622214609,0.004114704622214609,0.0,0.0,0.008265744417032617,0.2463768115942029,0.2463768115942029,0.0,1.2785876956883888e-05,1.2785876956883888e-05,0.013254878327169794
2022-04-25,2020-06-26,2.7937886764636085e-06,2.7937886764636085e-06,0.00543914951480314,2022-04-20,250,24051,163,,2.808296308058355e-06,2.808296308058355e-06,2.808296308058355e-06,2.808296308058355e-06,0.0016757972156732912,0.0016757972156732912,0.0,0.0,0.008265744417032619,0.19631901840490798,0.19631901840490798,0.0,2.8529072752122047e-06,2.8529072752122047e-06,0.01362884236221951
2022-04-27,2020-06-29,3.507239680127389e-06,3.507239680127389e-06,0.005612244897959185,2022-04-22,250,24060,73,,3.878362777489028e-06,3.878362777489028e-06,3.878362777489028e-06,3.878362777489028e-06,0.001969355929609736,0.001969355929609736,0.0,0.0,0.008265744417032619,0.1917808219178082,0.1917808219178082,0.0,4.2812964260530915e-06,4.2812964260530915e-06,0.01395441480413362
2022-05-02,2020-07-01,1.3868954081201914e-05,1.3868954081201914e-05,0.005581985410719949,2022-04-25,250,24091,98,,1.3868954081201914e-05,1.3868954081201914e-05,1.3868954081201914e-05,1.3868954081201914e-05,0.003724104467009742,0.003724104467009742,0.0,0.0,0.008464078412129412,0.37755102040816324,0.37755102040816324,0.0,,,
2022-05-04,2020-07-06,1.3599191818964903e-05,1.3599191818964903e-05,0.005517933283170304,2022-04-27,250,24088,71,,8.488024073775162e-06,8.488024073775162e-06,8.488024073775162e-06,8.488024073775162e-06,0.002913421369073681,0.002913421369073681,0.0,0.0,0.009058844488346039,0.2112676056338028,0.2112676056338028,0.0,4.294245411055371e-06,4.294245411055371e-06,0.013945030981315148
2022-05-06,2020-07-08,5.252373141699099e-06,5.252373141699099e-06,0.005613318874784716,2022-05-02,250,24048,81,,5.099435371410811e-06,5.099435371410811e-06,5.099435371410811e-06,5.099435371410811e-06,0.0022581929437961697,0.0022581929437961697,0.0,0.0,0.008464078412129412,0.19753086419753085,0.19753086419753085,0.0,4.934733157254194e-06,4.934733157254194e-06,0.014031637708126916
2022-05-09,2020-07-10,4.668695193332709e-06,4.668695193332709e-06,0.005658697863682604,2022-05-04,250,24049,120,,6.983426403039294e-06,6.983426403039294e-06,6.983426403039294e-06,6.983426403039294e-06,0.002642617339502504,0.002642617339502504,0.0,0.0,0.008464078412129412,0.35833333333333334,0.35833333333333334,0.0,1.2384465892354657e-05,1.2384465892354657e-05,0.014115894393932028
2022-05-11,2020-07-13,,,,2022-05-06,250,24058,40,,5.136290999549943e-06,5.136290999549943e-06,5.136290999549943e-06,5.136290999549943e-06,0.002266338677150867,0.002266338677150867,0.0,0.0,0.008860628432196557,0.15,0.15,0.0,5.136290999549943e-06,5.136290999549943e-06,0.014549179383096546
2022-05-13,2020-07-17,7.703798792002838e-06,7.703798792002838e-06,0.0062429854096520765,2022-05-09,250,24047,58,,7.703798792002838e-06,7.703798792002838e-06,7.703798792002838e-06,7.703798792002838e-06,0.002775571795504998,0.002775571795504998,0.0,0.0,0.009554212804811654,0.4827586206896552,0.4827586206896552,0.0,,,
2022-05-16,2020-07-20,5.699705450498302e-07,5.699705450498302e-07,0.00604989463666644,2022-05-11,250,23923,63,,5.699705450498302e-07,5.699705450498302e-07,5.699705450498302e-07,5.699705450498302e-07,0.0007549639362577727,0.0007549639362577727,0.0,0.0,0.010247316451549525,0.5555555555555556,0.5555555555555556,0.0,,,
2022-05-18,2020-07-22,3.94279747525362e-06,3.94279747525362e-06,0.0059635486464754755,2022-05-13,250,23840,75,,4.752979311961547e-06,4.752979311961547e-06,4.752979311961547e-06,4.752979311961547e-06,0.0021801328656670324,0.0021801328656670324,0.0,0.0,0.010544213875671156,0.36,0.36,0.0,5.355905329976748e-06,5.355905329976748e-06,0.014220297805642632
2022-05-20,2020-07-24,1.1590818507886305e-05,1.1590818507886305e-05,0.006479796141244994,2022-05-16,250,23822,134,,8.896528726451787e-06,8.896528726451787e-06,8.896528726451787e-06,8.896528726451787e-06,0.002982704934527012,0.002982704934527012,0.0,0.0,0.010445257861538645,0.30597014925373134,0.30597014925373134,0.0,2.994751109976173e-06,2.994751109976173e-06,0.014908930313767785
2022-05-23,2020-07-27,4.178126750315733e-06,4.178126750315733e-06,0.006468493349807397,2022-05-18,250,23766,145,,3.4366088150882047e-06,3.4366088150882047e-06,3.4366088150882047e-06,3.4366088150882047e-06,0.001853809271496991,0.001853809271496991,0.0,0.0,0.010247316451549525,0.31724137931034485,0.31724137931034485,0.0,1.7887911812492524e-06,1.7887911812492524e-06,0.014902425377922645
2022-05-25,2020-07-29,1.1633751867918542e-06,1.1633751867918542e-06,0.006340837845540039,2022-05-20,250,23768,75,,1.9031373719040838e-06,1.9031373719040838e-06,1.9031373719040838e-06,1.9031373719040838e-06,0.0013795424502000958,0.0013795424502000958,0.0,0.0,0.010544213875671156,0.32,0.32,0.0,2.516598696143494e-06,2.516598696143494e-06,0.014741252633984108
2022-05-27,2020-07-31,4.140954179339977e-06,4.140954179339977e-06,0.006190012519126444,2022-05-23,250,23830,118,,5.716074776605308e-06,5.716074776605308e-06,5.716074776605308e-06,5.716074776605308e-06,0.002390831398615408,0.002390831398615408,0.0,0.0,0.010643160098479827,0.3305084745762712,0.3305084745762712,0.0,9.032118139269161e-06,9.032118139269161e-06,0.014325903629320765
2022-06-01,2020-08-03,1.2373784627474801e-06,1.2373784627474801e-06,0.00597957538296157,2022-05-25,250,23833,72,,2.0389838171328194e-06,2.0389838171328194e-06,2.0389838171328194e-06,2.0389838171328194e-06,0.0014279299062393853,0.0014279299062393853,0.0,0.0,0.011533235813673031,0.375,0.375,0.0,2.717265270843491e-06,2.717265270843491e-06,0.014061540696970427
2022-06-03,2020-08-05,1.685117973607197e-06,1.685117973607197e-06,0.0058858541101778974,2022-05-27,250,23814,62,,1.685117973607197e-06,1.685117973607197e-06,1.685117973607197e-06,1.685117973607197e-06,0.0012981209395149578,0.0012981209395149578,0.0,0.0,0.01163208422970765,0.43548387096774194,0.43548387096774194,0.0,,,
2022-06-06,2020-08-07,3.906278455584005e-06,3.906278455584005e-06,0.006121887467327005,2022-06-01,250,23812,120,,2.9598294786642627e-06,2.9598294786642627e-06,2.9598294786642627e-06,2.9598294786642627e-06,0.0017204154959381943,0.0017204154959381943,0.0,0.0,0.012027380212718456,0.5916666666666667,0.5916666666666667,0.0,9.174922126795524e-07,9.174922126795524e-07,0.014143401373800359
2022-06-08,2020-08-10,4.901175728105895e-06,4.901175728105895e-06,0.005984802636002959,2022-06-03,250,23760,60,,1.8954354254553039e-06,1.8954354254553039e-06,1.8954354254553039e-06,1.8954354254553039e-06,0.001376748134356936,0.001376748134356936,0.0,0.0,0.012521280553671745,0.6166666666666667,0.6166666666666667,0.0,2.7695987787421677e-07,2.7695987787421677e-07,0.013966498292201859
2022-06-10,2020-08-12,3.682409232280947e-06,3.682409232280947e-06,0.0062394840157038705,2022-06-06,250,23715,58,,3.682409232280947e-06,3.682409232280947e-06,3.682409232280947e-06,3.682409232280947e-06,0.0019189604561535255,0.0019189604561535255,0.0,0.0,0.01291622526654633,0.6551724137931034,0.6551724137931034,0.0,,,
2022-06-13,2020-08-14,1.1536082343260671e-05,1.1536082343260671e-05,0.006490191788813531,2022-06-08,250,23740,132,,9.291243576038355e-06,9.291243576038355e-06,9.291243576038355e-06,9.291243576038355e-06,0.0030481541260307613,0.0030481541260307613,0.0,0.0,0.013804280976397052,0.26515151515151514,0.26515151515151514,0.0,4.951221959408541e-06,4.951221959408541e-06,0.014895926115956902
2022-06-17,2020-08-17,1.6654610095348305e-06,1.6654610095348305e-06,0.00684299554051976,2022-06-10,250,23721,127,,4.7220469991981775e-06,4.7220469991981775e-06,4.7220469991981775e-06,4.7220469991981775e-06,0.0021730271510494704,0.0021730271510494704,0.0,0.0,0.015774919115362215,0.4330708661417323,0.4330708661417323,0.0,1.1880893132883387e-05,1.1880893132883387e-05,0.015836443474703393
2022-06-22,2020-08-19,1.4672072950193867e-06,1.4672072950193867e-06,0.006550379038787076,2022-06-13,250,23776,72,,6.924029771543533e-07,6.924029771543533e-07,6.924029771543533e-07,6.924029771543533e-07,0.0008321075514345206,0.0008321075514345206,0.0,0.0,0.0168571170664229,0.5138888888888888,0.5138888888888888,0.0,1.389713215364724e-07,1.389713215364724e-07,0.01601681819393713
2022-06-27,2020-08-21,3.444396081027113e-06,3.444396081027113e-06,0.006282648595228011,2022-06-17,250,23823,117,,2.5612947511072823e-06,2.5612947511072823e-06,2.5612947511072823e-06,2.5612947511072823e-06,0.001600404558574888,0.001600404558574888,0.0,0.0,0.01715205881756557,0.37606837606837606,0.37606837606837606,0.0,7.950920912676182e-07,7.950920912676182e-07,0.015400502461033635
2022-06-29,2020-08-24,1.1345125204366245e-06,1.1345125204366245e-06,0.006475552968568103,2022-06-22,250,23735,74,,1.1294409368631742e-06,1.1294409368631742e-06,1.1294409368631742e-06,1.1294409368631742e-06,0.0010627515875608817,0.0010627515875608817,0.0,0.0,0.0177416814761571,0.2972972972972973,0.2972972972972973,0.0,1.1251300908257416e-06,1.1251300908257416e-06,0.015782025482726916
2022-07-01,2020-08-26,2.087832909794576e-06,2.087832909794576e-06,0.006509654768870683,2022-06-27,250,23675,137,,1.5865857979313015e-06,1.5865857979313015e-06,1.5865857979313015e-06,1.5865857979313015e-06,0.001259597474565308,0.001259597474565308,0.0,0.0,0.017053754565827518,0.5401459854014599,0.5401459854014599,0.0,5.618139247886078e-07,5.618139247886078e-07,0.015924262425447314
2022-07-06,2020-08-28,2.040255522432066e-06,2.040255522432066e-06,0.006287086747668835,2022-06-29,250,23664,67,,1.7354934782478933e-06,1.7354934782478933e-06,1.7354934782478933e-06,1.7354934782478933e-06,0.001317381295695325,0.001317381295695325,0.0,0.0,0.018821754240587765,0.22388059701492538,0.22388059701492538,0.0,1.4883891180985639e-06,1.4883891180985639e-06,0.015727898209236573
2022-07-08,2020-08-31,5.0212659426810535e-06,5.0212659426810535e-06,0.006081311923471131,2022-07-01,250,23626,64,,5.0212659426810535e-06,5.0212659426810535e-06,5.0212659426810535e-06,5.0212659426810535e-06,0.0022408181413673565,0.0022408181413673565,0.0,0.0,0.019312311032372815,0.15625,0.15625,0.0,,,
2022-07-11,2020-09-02,5.0593923975395435e-06,5.0593923975395435e-06,0.0060527747551686615,2022-07-06,250,23655,125,,3.650741217622549e-06,3.650741217622549e-06,3.650741217622549e-06,3.650741217622549e-06,0.0019106912931247028,0.0019106912931247028,0.0,0.0,0.01960652963891832,0.424,0.424,0.0,1.6824246727219846e-07,1.6824246727219846e-07,0.01545637172923045
2022-07-15,2020-09-04,6.953795290294507e-06,6.953795290294507e-06,0.005994476998720277,2022-07-08,250,23639,137,,5.291013043593253e-06,5.291013043593253e-06,5.291013043593253e-06,5.291013043593253e-06,0.002300220216325657,0.002300220216325657,0.0,0.0,0.023716526617316044,0.058394160583941604,0.058394160583941604,0.0,1.6560937135951608e-06,1.6560937135951608e-06,0.015896451536080016
2022-07-18,2020-09-09,1.0201919626488312e-05,1.0201919626488312e-05,0.005926616501298527,2022-07-11,250,23683,132,,7.753421159169295e-06,7.753421159169295e-06,7.753421159169295e-06,7.753421159169295e-06,0.002784496571944253,0.002784496571944253,0.0,0.0,0.023423514943588058,0.16666666666666666,0.16666666666666666,0.0,2.8564242245312558e-06,2.8564242245312558e-06,0.015598442084490948
2022-07-20,2020-09-11,4.539242774483814e-06,4.539242774483814e-06,0.005894039735099337,2022-07-15,250,23763,79,,2.376210630829931e-06,2.376210630829931e-06,2.376210630829931e-06,2.376210630829931e-06,0.0015414962312084745,0.0015414962312084745,0.0,0.0,0.024887715507778987,0.3291139240506329,0.3291139240506329,0.0,6.556168801961608e-07,6.556168801961608e-07,0.015314523160068321
2022-07-22,2020-09-14,8.9408309376023e-07,8.9408309376023e-07,0.0057289990344383665,2022-07-18,250,23806,158,,9.41498212009152e-07,9.41498212009152e-07,9.41498212009152e-07,9.41498212009152e-07,0.0009703083077090251,0.0009703083077090251,0.0,0.0,0.024497471600387434,0.45569620253164556,0.45569620253164556,0.0,1.060562842278667e-06,1.060562842278667e-06,0.01506413902053713
2022-07-25,2020-09-18,2.1329026171890527e-06,2.1329026171890527e-06,0.005775845285222921,2022-07-20,250,23743,159,,2.092771696504115e-06,2.092771696504115e-06,2.092771696504115e-06,2.092771696504115e-06,0.0014466415231508168,0.0014466415231508168,0.0,0.0,0.024595046855380213,0.31446540880503143,0.31446540880503143,0.0,1.991106697435606e-06,1.991106697435606e-06,0.015205214001872995
2022-07-27,2020-09-21,1.4123534913062365e-06,1.4123534913062365e-06,0.0058707124010554095,2022-07-22,250,23725,73,,2.6108554316446137e-06,2.6108554316446137e-06,2.6108554316446137e-06,2.6108554316446137e-06,0.001615814169898449,0.001615814169898449,0.0,0.0,0.025180298530298243,0.3150684931506849,0.3150684931506849,0.0,3.5996195324237748e-06,3.5996195324237748e-06,0.015368589628795826
2022-07-29,2020-09-23,1.5098190543222852e-05,1.5098190543222852e-05,0.005656180489354941,2022-07-25,250,23709,126,,1.1937868317938708e-05,1.1937868317938708e-05,1.1937868317938708e-05,1.1937868317938708e-05,0.003455122040961608,0.003455122040961608,0.0,0.0,0.023911820046312884,0.23015873015873015,0.23015873015873015,0.0,4.3360121544173885e-06,4.3360121544173885e-06,0.014794069987933114
2022-08-01,2020-09-25,2.1802216076880703e-06,2.1802216076880703e-06,0.005476586056242693,2022-07-27,250,23691,93,,2.1802216076880703e-06,2.1802216076880703e-06,2.1802216076880703e-06,2.1802216076880703e-06,0.0014765573499488838,0.0014765573499488838,0.0,0.0,0.023814178099254867,0.26881720430107525,0.26881720430107525,0.0,,,
2022-08-03,2020-09-28,1.38006646617452e-06,1.38006646617452e-06,0.005562152365477158,2022-07-29,250,23663,32,,1.38006646617452e-06,1.38006646617452e-06,1.38006646617452e-06,1.38006646617452e-06,0.0011747623019890108,0.0011747623019890108,0.0,0.0,0.025277807184268544,0.09375,0.09375,0.0,,,
2022-08-05,2020-09-30,1.796198179600488e-06,1.796198179600488e-06,0.005367589409565165,2022-08-01,250,23589,107,,1.2677935221439744e-06,1.2677935221439744e-06,1.2677935221439744e-06,1.2677935221439744e-06,0.0011259633751343665,0.0011259633751343665,0.0,0.0,0.024692612590371504,0.40186915887850466,0.40186915887850466,0.0,4.171909028237333e-07,4.171909028237333e-07,0.01450473959968129
2022-08-08,2020-10-02,1.2712249929572104e-06,1.2712249929572104e-06,0.005442999697611124,2022-08-03,250,23534,143,,1.2840914664196822e-06,1.2840914664196822e-06,1.2840914664196822e-06,1.2840914664196822e-06,0.00113317759703397,0.00113317759703397,0.0,0.0,0.02547279597303103,0.5034965034965035,0.5034965034965035,0.0,1.3172226355855468e-06,1.3172226355855468e-06,0.014529295958594335
2022-08-10,2020-10-05,9.670858918666633e-07,9.670858918666633e-07,0.005457191365510549,2022-08-05,250,23502,75,,8.683175965366547e-07,8.683175965366547e-07,8.683175965366547e-07,8.683175965366547e-07,0.0009318356059609735,0.0009318356059609735,0.0,0.0,0.026349775322782012,0.5466666666666666,0.5466666666666666,0.0,7.721484668732255e-07,7.721484668732255e-07,0.014604176492038408
2022-08-12,2020-10-07,5.667221505447184e-07,5.667221505447184e-07,0.005341563297525074,2022-08-08,250,23502,99,,4.754843791060415e-07,4.754843791060415e-07,4.754843791060415e-07,4.754843791060415e-07,0.0006895537536015894,0.0006895537536015894,0.0,0.0,0.025862659525727368,0.494949494949495,0.494949494949495,0.0,3.2902374600711285e-07,3.2902374600711285e-07,0.014303740565251551
2022-08-15,2020-10-09,4.665646899386939e-07,4.665646899386939e-07,0.005229517722254506,2022-08-10,250,23494,138,,3.6819002206064824e-07,3.6819002206064824e-07,3.6819002206064824e-07,3.6819002206064824e-07,0.0006067866363563458,0.0006067866363563458,0.0,0.0,0.025960101669531638,0.5362318840579711,0.5362318840579711,0.0,9.965376650165868e-08,9.965376650165868e-08,0.014065623975649732
2022-08-19,2020-10-12,2.487441391954172e-06,2.487441391954172e-06,0.005167958656330749,2022-08-12,250,23516,146,,2.064988262428887e-06,2.064988262428887e-06,2.064988262428887e-06,2.064988262428887e-06,0.0014370067022908722,0.0014370067022908722,0.0,0.0,0.026739297189621612,0.3013698630136986,0.3013698630136986,0.0,9.830961014495016e-07,9.830961014495016e-07,0.014039655051531935
2022-08-22,2020-10-16,9.241908815908519e-07,9.241908815908519e-07,0.005247201492537311,2022-08-15,250,23541,152,,1.0222527943519918e-06,1.0222527943519918e-06,1.0222527943519918e-06,1.0222527943519918e-06,0.0010110651780928822,0.0010110651780928822,0.0,0.0,0.027031339051030435,0.26973684210526316,0.26973684210526316,0.0,1.2968261500831837e-06,1.2968261500831837e-06,0.014230890225991378
2022-08-24,2020-10-19,8.18846045331872e-07,8.18846045331872e-07,0.005381809483944268,2022-08-19,250,23520,80,,8.574922909457932e-07,8.574922909457932e-07,8.574922909457932e-07,8.574922909457932e-07,0.0009260087963652361,0.0009260087963652361,0.0,0.0,0.027615167032973363,0.35,0.35,0.0,8.924579417393409e-07,8.924579417393409e-07,0.014568759548926882
2022-08-26,2020-10-21,2.0795467674297783e-06,2.0795467674297783e-06,0.005293183555843086,2022-08-22,250,23513,141,,2.4774580221212303e-06,2.4774580221212303e-06,2.4774580221212303e-06,2.4774580221212303e-06,0.0015739942891005768,0.0015739942891005768,0.0,0.0,0.02839307450121789,0.45390070921985815,0.45390070921985815,0.0,3.4479732774662343e-06,3.4479732774662343e-06,0.014320106791256466
2022-08-29,2020-10-23,2.4346896064622394e-06,2.4346896064622394e-06,0.005500550055005502,2022-08-24,250,23508,144,,1.7969709461298082e-06,1.7969709461298082e-06,1.7969709461298082e-06,1.7969709461298082e-06,0.0013405114494586788,0.0013405114494586788,0.0,0.0,0.0284902703996275,0.3194444444444444,0.3194444444444444,0.0,1.3890242926548697e-07,1.3890242926548697e-07,0.014821810466063016
2022-08-31,2020-10-26,2.3368272150168483e-06,2.3368272150168483e-06,0.005663583160279403,2022-08-26,250,23480,76,,1.649606264720089e-06,1.649606264720089e-06,1.649606264720089e-06,1.649606264720089e-06,0.0012843699874724918,0.0012843699874724918,0.0,0.0,0.02926749768056809,0.25,0.25,0.0,1.0311074094530056e-06,1.0311074094530056e-06,0.015086080208934986
2022-09-02,2020-10-28,1.2618898950416368e-07,1.2618898950416368e-07,0.0056976449734109915,2022-08-29,250,23448,155,,2.0226905019063135e-07,2.0226905019063135e-07,2.0226905019063135e-07,2.0226905019063135e-07,0.000449743315893223,0.000449743315893223,0.0,0.0,0.029267497680568088,0.4838709677419355,0.4838709677419355,0.0,4.0043106872282616e-07,4.0043106872282616e-07,0.015154200090812777
2022-09-07,2020-10-30,4.020509871475126e-07,4.020509871475126e-07,0.005824111822947001,2022-08-31,250,23442,75,,7.195530147061387e-07,7.195530147061387e-07,7.195530147061387e-07,7.195530147061387e-07,0.0008482647079220842,0.0008482647079220842,0.0,0.0,0.029947076367952116,0.2,0.2,0.0,1.0286997257500641e-06,1.0286997257500641e-06,0.015373702528406185
2022-09-09,2020-11-02,2.92762855150689e-06,2.92762855150689e-06,0.005826751262462773,2022-09-02,250,23498,81,,2.92762855150689e-06,2.92762855150689e-06,2.92762855150689e-06,2.92762855150689e-06,0.00171103142914059,0.00171103142914059,0.0,0.0,0.030141156911986846,0.35802469135802467,0.35802469135802467,0.0,,,
2022-09-12,2020-11-04,4.72699071392946e-06,4.72699071392946e-06,0.005719006163817753,2022-09-07,250,23424,151,,3.880519804312708e-06,3.880519804312708e-06,3.880519804312708e-06,3.880519804312708e-06,0.001969903501269214,0.001969903501269214,0.0,0.0,0.03033519979607295,0.24503311258278146,0.24503311258278146,0.0,1.2724742990070422e-06,1.2724742990070422e-06,0.014774786030496798
2022-09-16,2020-11-06,4.9756927939199016e-06,4.9756927939199016e-06,0.005906674542232722,2022-09-09,250,23425,159,,5.155186927663573e-06,5.155186927663573e-06,5.155186927663573e-06,5.155186927663573e-06,0.0022705036726822472,0.0022705036726822472,0.0,0.0,0.03169244673248972,0.11949685534591195,0.11949685534591195,0.0,5.624319322675448e-06,5.624319322675448e-06,0.015398923408182092
2022-09-19,2020-11-09,4.8816024794109314e-06,4.8816024794109314e-06,0.0059721300597213025,2022-09-12,250,23462,114,,4.8816024794109314e-06,4.8816024794109314e-06,4.8816024794109314e-06,4.8816024794109314e-06,0.0022094348778388855,0.0022094348778388855,0.0,0.0,0.03149866705937099,0.32456140350877194,0.32456140350877194,0.0,,,
2022-09-21,2020-11-11,5.228841113231671e-06,5.228841113231671e-06,0.005736137667304016,2022-09-16,250,23513,85,,2.8176049954364574e-06,2.8176049954364574e-06,2.8176049954364574e-06,2.8176049954364574e-06,0.0016785723086708113,0.0016785723086708113,0.0,0.0,0.0329511001396859,0.18823529411764706,0.18823529411764706,0.0,8.680949427509649e-07,8.680949427509649e-07,0.016078807050430882
2022-09-23,2020-11-13,4.909420374584023e-07,4.909420374584023e-07,0.00589236611234778,2022-09-19,250,23582,169,,4.936163389521164e-07,4.936163389521164e-07,4.936163389521164e-07,4.936163389521164e-07,0.0007025783507567796,0.0007025783507567796,0.0,0.0,0.03237038003045072,0.39644970414201186,0.39644970414201186,0.0,5.005581428294169e-07,5.005581428294169e-07,0.016502883330661102
2022-09-26,2020-11-16,3.535824590010947e-06,3.535824590010947e-06,0.005982849165724919,2022-09-21,250,23559,164,,3.208321115110633e-06,3.208321115110633e-06,3.208321115110633e-06,3.208321115110633e-06,0.0017911786943548187,0.0017911786943548187,0.0,0.0,0.03188618886232175,0.12804878048780488,0.12804878048780488,0.0,2.4396905107527533e-06,2.4396905107527533e-06,0.016784098382932464
2022-09-28,2020-11-18,1.2088757372400726e-06,1.2088757372400726e-06,0.005930416447021612,2022-09-23,250,23630,83,,2.930031985547387e-06,2.930031985547387e-06,2.930031985547387e-06,2.930031985547387e-06,0.0017117336199150227,0.0017117336199150227,0.0,0.0,0.0329511001396859,0.18072289156626506,0.18072289156626506,0.0,4.248364431059373e-06,4.248364431059373e-06,0.016995181352853755
2022-09-30,2020-11-20,2.296455812767002e-06,2.296455812767002e-06,0.006316676024705221,2022-09-26,250,23712,141,,2.5457141647926324e-06,2.5457141647926324e-06,2.5457141647926324e-06,2.5457141647926324e-06,0.0015955294308763572,0.0015955294308763572,0.0,0.0,0.03304785404620036,0.3546099290780142,0.3546099290780142,0.0,3.1750915036573476e-06,3.1750915036573476e-06,0.017022820364398134
2022-10-03,2020-11-23,3.18906653362832e-06,3.18906653362832e-06,0.006512301013024602,2022-09-28,250,23650,136,,2.7079591058642717e-06,2.7079591058642717e-06,2.7079591058642717e-06,2.7079591058642717e-06,0.0016455877691160298,0.0016455877691160298,0.0,0.0,0.03275756423817219,0.3382352941176471,0.3382352941176471,0.0,1.4672083711043598e-06,1.4672083711043598e-06,0.017290187020549862
2022-10-05,2020-11-25,7.2459485618318234e-06,7.2459485618318234e-06,0.006160164271047229,2022-09-30,250,23646,78,,3.5210143339448268e-06,3.5210143339448268e-06,3.5210143339448268e-06,3.5210143339448268e-06,0.001876436605362629,0.001876436605362629,0.0,0.0,0.033918218203460665,0.28205128205128205,0.28205128205128205,0.0,6.426560669412391e-07,6.426560669412391e-07,0.016339151255390635
2022-10-07,2020-11-27,5.21316922181426e-06,5.21316922181426e-06,0.0061885443168534695,2022-10-03,250,23702,74,,5.21316922181426e-06,5.21316922181426e-06,5.21316922181426e-06,5.21316922181426e-06,0.0022832365672032892,0.0022832365672032892,0.0,0.0,0.03401487858727765,0.22972972972972974,0.22972972972972974,0.0,,,
2022-10-10,2020-11-30,3.7129567623205405e-06,3.7129567623205405e-06,0.00642444143050896,2022-10-05,250,23639,168,,3.1840231111714136e-06,3.1840231111714136e-06,3.1840231111714136e-06,3.1840231111714136e-06,0.0017843831178229112,0.0017843831178229112,0.0,0.0,0.03391821820346067,0.24404761904761904,0.24404761904761904,0.0,1.8223003071491924e-06,1.8223003071491924e-06,0.017022820364398138
2022-10-14,2020-12-02,1.6280530947992027e-06,1.6280530947992027e-06,0.0062941464438072536,2022-10-07,250,23646,86,,1.6280530947992027e-06,1.6280530947992027e-06,1.6280530947992027e-06,1.6280530947992027e-06,0.0012759518387459624,0.0012759518387459624,0.0,0.0,0.03719944098910627,0.46511627906976744,0.46511627906976744,0.0,,,
2022-10-17,2020-12-04,3.923473606083352e-06,3.923473606083352e-06,0.0065038300332417994,2022-10-10,250,23726,79,,3.923473606083352e-06,3.923473606083352e-06,3.923473606083352e-06,3.923473606083352e-06,0.0019807760110833713,0.0019807760110833713,0.0,0.0,0.037392119217062654,0.34177215189873417,0.34177215189873417,0.0,,,
2022-10-19,2020-12-07,2.4534681846119225e-06,2.4534681846119225e-06,0.0062608695652173925,2022-10-14,250,23746,84,,1.5995284675955388e-06,1.5995284675955388e-06,1.5995284675955388e-06,1.5995284675955388e-06,0.0012647246607841323,0.0012647246607841323,0.0,0.0,0.03960525459235943,0.2976190476190476,0.2976190476190476,0.0,1.0188494600243983e-06,1.0188494600243983e-06,0.01664028507531054
2022-10-24,2020-12-09,2.294870270305976e-06,2.294870270305976e-06,0.0061112242819311435,2022-10-17,250,23702,158,,1.8646433835538541e-06,1.8646433835538541e-06,1.8646433835538541e-06,1.8646433835538541e-06,0.0013655194555750037,0.0013655194555750037,0.0,0.0,0.04008572353928564,0.27848101265822783,0.27848101265822783,0.0,8.48575629735011e-07,8.48575629735011e-07,0.016499796948889898
2022-10-26,2020-12-11,6.43854346396123e-07,6.43854346396123e-07,0.005907837731390311,2022-10-19,250,23730,84,,1.992407375838842e-06,1.992407375838842e-06,1.992407375838842e-06,1.992407375838842e-06,0.0014115266118068202,0.0014115266118068202,0.0,0.0,0.04056596174666166,0.27380952380952384,0.27380952380952384,0.0,2.9556595397264987e-06,2.9556595397264987e-06,0.016044136443936402
2022-10-28,2020-12-18,1.3778951418690128e-05,1.3778951418690128e-05,0.006215469613259668,2022-10-24,250,23817,155,,9.692876986336603e-06,9.692876986336603e-06,9.692876986336603e-06,9.692876986336603e-06,0.003113338559542891,0.003113338559542891,0.0,0.0,0.04046993255371322,0.14838709677419354,0.14838709677419354,0.0,3.035995673114837e-07,3.035995673114837e-07,0.016252721195852412
2022-10-31,2020-12-21,1.067428311025819e-06,1.067428311025819e-06,0.00577886220624117,2022-10-26,250,23772,109,,1.067428311025819e-06,1.067428311025819e-06,1.067428311025819e-06,1.067428311025819e-06,0.0010331642226799277,0.0010331642226799277,0.0,0.0,0.040949986328954094,0.6330275229357798,0.6330275229357798,0.0,,,
2022-11-02,2020-12-23,3.2079675359724346e-06,3.2079675359724346e-06,0.005974112180550946,2022-10-28,250,23789,79,,3.7755955876661987e-06,3.7755955876661987e-06,3.7755955876661987e-06,3.7755955876661987e-06,0.001943089186750366,0.001943089186750366,0.0,0.0,0.041429809763139556,0.10126582278481013,0.10126582278481013,0.0,4.162065750521526e-06,4.162065750521526e-06,0.016060826484968278
2022-11-04,2020-12-28,5.156775420991409e-06,5.156775420991409e-06,0.006480414746543778,2022-10-31,250,23834,110,,3.1618098092976244e-06,3.1618098092976244e-06,3.1618098092976244e-06,3.1618098092976244e-06,0.0017781478592337658,0.0017781478592337658,0.0,0.0,0.04162167469081948,0.6454545454545455,0.6454545454545455,0.0,4.877069680910622e-07,4.877069680910622e-07,0.01664566723268914
2022-11-07,2020-12-30,4.755461605641998e-06,4.755461605641998e-06,0.006576094811388931,2022-11-02,250,23773,159,,3.456168439490856e-06,3.456168439490856e-06,3.456168439490856e-06,3.456168439490856e-06,0.0018590773086375014,0.0018590773086375014,0.0,0.0,0.04123790801624473,0.3710691823899371,0.3710691823899371,0.0,2.644265313369642e-07,2.644265313369642e-07,0.01640948319383552
2022-11-09,2021-01-04,1.5432118880283799e-06,1.5432118880283799e-06,0.006523297491039427,2022-11-04,250,23823,88,,1.0730921829921974e-06,1.0730921829921974e-06,1.0730921829921974e-06,1.0730921829921974e-06,0.0010359016280478554,0.0010359016280478554,0.0,0.0,0.04190940307720963,0.4318181818181818,0.4318181818181818,0.0,6.438524523069873e-07,6.438524523069873e-07,0.01616677748691099
2022-11-11,2021-01-06,2.5667107081680366e-05,2.5667107081680366e-05,0.006195955606999386,2022-11-07,250,23876,105,,1.8699181766636205e-05,1.8699181766636205e-05,1.8699181766636205e-05,1.8699181766636205e-05,0.004324255053374651,0.004324255053374651,0.0,0.0,0.041909403077209625,0.20952380952380953,0.20952380952380953,0.0,7.822420299250207e-06,7.822420299250207e-06,0.015646986242367426
2022-11-14,2021-01-08,5.9562813347391e-07,5.9562813347391e-07,0.006078824315297262,2022-11-09,250,23903,167,,6.947620651898956e-07,6.947620651898956e-07,6.947620651898956e-07,6.947620651898956e-07,0.0008335238839948713,0.0008335238839948713,0.0,0.0,0.04190940307720964,0.5688622754491018,0.5688622754491018,0.0,9.718864652141281e-07,9.718864652141281e-07,0.015496998820606756
2022-11-18,2021-01-11,8.072338464675263e-07,8.072338464675263e-07,0.006037685774946922,2022-11-11,250,23934,147,,1.4801116192268131e-06,1.4801116192268131e-06,1.4801116192268131e-06,1.4801116192268131e-06,0.0012165983804143473,0.0012165983804143473,0.0,0.0,0.042292912190251455,0.42857142857142855,0.42857142857142855,0.0,3.1075369300864827e-06,3.1075369300864827e-06,0.015664846286525976
2022-11-21,2021-01-15,3.6980363758475523e-07,3.6980363758475523e-07,0.006014938198162469,2022-11-14,250,23940,186,,4.003844949105441e-07,4.003844949105441e-07,4.003844949105441e-07,4.003844949105441e-07,0.0006327594289384742,0.0006327594289384742,0.0,0.0,0.0424846116061553,0.44623655913978494,0.44623655913978494,0.0,4.427272204385594e-07,4.427272204385594e-07,0.015594043380551974
2022-11-23,2021-01-20,1.9137561766170466e-06,1.9137561766170466e-06,0.00605939539219603,2022-11-18,250,23917,75,,1.626690473337827e-06,1.626690473337827e-06,1.626690473337827e-06,1.626690473337827e-06,0.0012754177642395558,0.0012754177642395558,0.0,0.0,0.043059489460446965,0.24,0.24,0.0,1.3886359876916449e-06,1.3886359876916449e-06,0.01544313328332083
2022-11-25,2021-01-22,1.1481882451405936e-06,1.1481882451405936e-06,0.006023697623618192,2022-11-21,250,24021,186,,8.914032638241548e-07,8.914032638241548e-07,8.914032638241548e-07,8.914032638241548e-07,0.0009441415486166017,0.0009441415486166017,0.0,0.0,0.04305948946044697,0.6021505376344086,0.6021505376344086,0.0,5.436058840664465e-07,5.436058840664465e-07,0.015346426618955323
2022-11-28,2021-01-25,1.3378153382873274e-06,1.3378153382873274e-06,0.006144082101141043,2022-11-23,250,23934,188,,1.2365747749466787e-06,1.2365747749466787e-06,1.2365747749466787e-06,1.2365747749466787e-06,0.0011120138375697844,0.0011120138375697844,0.0,0.0,0.0431552703139276,0.22340425531914893,0.22340425531914893,0.0,1.0906305862348344e-06,1.0906305862348344e-06,0.015349859568016311
2022-11-30,2021-01-27,3.2152984884556258e-06,3.2152984884556258e-06,0.006446128780902459,2022-11-25,250,23955,70,,2.469063850090149e-06,2.469063850090149e-06,2.469063850090149e-06,2.469063850090149e-06,0.001571325507363178,0.001571325507363178,0.0,0.0,0.04286790022717579,0.37142857142857144,0.37142857142857144,0.0,1.803503226683102e-06,1.803503226683102e-06,0.01562560787389621
2022-12-02,2021-01-29,1.5753168790762623e-06,1.5753168790762623e-06,0.006135796642168429,2022-11-28,250,24069,181,,2.031617638032018e-06,2.031617638032018e-06,2.031617638032018e-06,2.031617638032018e-06,0.0014253482514922512,0.0014253482514922512,0.0,0.0,0.042388766491786634,0.26519337016574585,0.26519337016574585,0.0,2.7722797395254183e-06,2.7722797395254183e-06,0.015159578280720707
2022-12-05,2021-02-01,2.6289741682740275e-06,2.6289741682740275e-06,0.006156552330694811,2022-11-30,250,24042,199,,2.222738651108617e-06,2.222738651108617e-06,2.222738651108617e-06,2.222738651108617e-06,0.0014908851904518394,0.0014908851904518394,0.0,0.0,0.042484611606155284,0.21608040201005024,0.21608040201005024,0.0,1.740612982384833e-06,1.740612982384833e-06,0.015177088299623998
2022-12-07,2021-02-03,2.5296661180536386e-06,2.5296661180536386e-06,0.00636764397173046,2022-12-02,250,24053,72,,2.940512596396209e-06,2.940512596396209e-06,2.940512596396209e-06,2.940512596396209e-06,0.0017147922895780145,0.0017147922895780145,0.0,0.0,0.04277209184386899,0.18055555555555555,0.18055555555555555,0.0,3.288151924224538e-06,3.288151924224538e-06,0.015681154305157048
2022-12-09,2021-02-05,6.799860565484543e-07,6.799860565484543e-07,0.006379249912372943,2022-12-05,250,24174,116,,5.045685336560087e-07,5.045685336560087e-07,5.045685336560087e-07,5.045685336560087e-07,0.0007103298766460613,0.0007103298766460613,0.0,0.0,0.04190940307720961,0.4396551724137931,0.4396551724137931,0.0,9.8602266390634e-08,9.8602266390634e-08,0.015585778820916614
2022-12-12,2021-02-08,8.153911854263473e-06,8.153911854263473e-06,0.006401238041643217,2022-12-07,250,24136,172,,5.6605565343055745e-06,5.6605565343055745e-06,5.6605565343055745e-06,5.6605565343055745e-06,0.002379192412207465,0.002379192412207465,0.0,0.0,0.04219704869978835,0.3023255813953488,0.3023255813953488,0.0,2.8593795699084293e-06,2.8593795699084293e-06,0.01570308431651749
2022-12-16,2021-02-10,1.8030952529931684e-06,1.8030952529931684e-06,0.006666666666666669,2022-12-09,250,24104,185,,1.5633958146960438e-06,1.5633958146960438e-06,1.5633958146960438e-06,1.5633958146960438e-06,0.0012503582745341608,0.0012503582745341608,0.0,0.0,0.04248461160615529,0.43243243243243246,0.43243243243243246,0.0,1.2751857757911676e-06,1.2751857757911676e-06,0.015850188640505095
2022-12-19,2021-02-12,8.336876315008259e-07,8.336876315008259e-07,0.006765296260501079,2022-12-12,250,24241,227,,5.483216011948696e-07,5.483216011948696e-07,5.483216011948696e-07,5.483216011948696e-07,0.0007404874078570611,0.0007404874078570611,0.0,0.0,0.04219704869978835,0.3832599118942731,0.3832599118942731,0.0,3.0271968986597264e-07,3.0271968986597264e-07,0.01649144989172124
2022-12-21,2021-02-17,1.4484265376897377e-06,1.4484265376897377e-06,0.006878306878306876,2022-12-16,250,24303,76,,1.7967057398959252e-06,1.7967057398959252e-06,1.7967057398959252e-06,1.7967057398959252e-06,0.0013404125260142584,0.0013404125260142584,0.0,0.0,0.04258044753511838,0.23684210526315788,0.23684210526315788,0.0,2.0238443500303964e-06,2.0238443500303964e-06,0.01660975981499973
2022-12-23,2021-02-19,2.2221623087854966e-06,2.2221623087854966e-06,0.006881948120698783,2022-12-19,250,24453,192,,2.1438166872220236e-06,2.1438166872220236e-06,2.1438166872220236e-06,2.1438166872220236e-06,0.001464177819536283,0.001464177819536283,0.0,0.0,0.04258044753511838,0.1875,0.1875,0.0,2.049261626714385e-06,2.049261626714385e-06,0.01660190691321706
2022-12-28,2021-02-22,6.102831180052782e-06,6.102831180052782e-06,0.0069983849880796735,2022-12-21,250,24367,77,,2.840308535694212e-06,2.840308535694212e-06,2.840308535694212e-06,2.840308535694212e-06,0.0016853214932748624,0.0016853214932748624,0.0,0.0,0.0436340370200613,0.18181818181818182,0.18181818181818182,0.0,7.578472733376773e-07,7.578472733376773e-07,0.01657230728893551
2022-12-30,2021-02-24,3.897142848067929e-06,3.897142848067929e-06,0.007021063189568704,2022-12-23,250,24410,190,,2.209127181536983e-06,2.209127181536983e-06,2.209127181536983e-06,2.209127181536983e-06,0.001486313285124298,0.001486313285124298,0.0,0.0,0.043538302014483436,0.41578947368421054,0.41578947368421054,0.0,1.2393135817522687e-07,1.2393135817522687e-07,0.01648413832672647
2023-01-04,2021-02-26,1.0919257655288925e-06,1.0919257655288925e-06,0.007275925481730231,2022-12-28,250,24408,75,,5.621123192163678e-07,5.621123192163678e-07,5.621123192163678e-07,5.621123192163678e-07,0.0007497415015966289,0.0007497415015966289,0.0,0.0,0.04430392555652441,0.26666666666666666,0.26666666666666666,0.0,2.0890335500801787e-07,2.0890335500801787e-07,0.016597547397720704
2023-01-06,2021-03-01,3.4319406915844244e-06,3.4319406915844244e-06,0.007278835386338185,2022-12-30,250,24486,111,,2.204664448439677e-06,2.204664448439677e-06,2.204664448439677e-06,2.204664448439677e-06,0.0014848112501054391,0.0014848112501054391,0.0,0.0,0.04554681495597038,0.35135135135135137,0.35135135135135137,0.0,1.8842490613045003e-07,1.8842490613045003e-07,0.01666054615425168
2023-01-09,2021-03-03,1.5163756870004087e-06,1.5163756870004087e-06,0.007020521524456104,2023-01-04,250,24451,231,,9.801970169681645e-07,9.801970169681645e-07,9.801970169681645e-07,9.801970169681645e-07,0.0009900489972562794,0.0009900489972562794,0.0,0.0,0.045642357878701065,0.29004329004329005,0.29004329004329005,0.0,4.486405768499913e-07,4.486405768499913e-07,0.016287049062049058
2023-01-13,2021-03-05,5.899914601352264e-06,5.899914601352264e-06,0.0068210778802188735,2023-01-06,250,24519,110,,4.766689610187306e-06,4.766689610187306e-06,4.766689610187306e-06,4.766689610187306e-06,0.0021832749735631804,0.0021832749735631804,0.0,0.0,0.04554681495597038,0.2909090909090909,0.2909090909090909,0.0,2.6195264690326504e-06,2.6195264690326504e-06,0.01592270757758969
2023-01-23,2021-03-08,2.84263210192989e-06,2.84263210192989e-06,0.006600420686153624,2023-01-09,250,24672,218,,1.6966974649728331e-06,1.6966974649728331e-06,1.6966974649728331e-06,1.6966974649728331e-06,0.0013025734009923715,0.0013025734009923715,0.0,0.0,0.046119935613553105,0.2706422018348624,0.2706422018348624,0.0,5.295418162202751e-07,5.295418162202751e-07,0.015966146306961707
2023-01-25,2021-03-10,1.1662755655952214e-06,1.1662755655952214e-06,0.00638462078158984,2023-01-13,250,24643,79,,1.0070795311124278e-06,1.0070795311124278e-06,1.0070795311124278e-06,1.0070795311124278e-06,0.0010035335226650018,0.0010035335226650018,0.0,0.0,0.046119935613553126,0.3670886075949367,0.3670886075949367,0.0,8.867980828365394e-07,8.867980828365394e-07,0.01579379810094952
2023-01-27,2021-03-12,6.761328978446922e-06,6.761328978446922e-06,0.0063212003334259526,2023-01-23,250,24786,180,,3.826785004996084e-06,3.826785004996084e-06,3.826785004996084e-06,3.826785004996084e-06,0.001956217013778401,0.001956217013778401,0.0,0.0,0.04602443831127934,0.39444444444444443,0.39444444444444443,0.0,2.401201485561692e-07,2.401201485561692e-07,0.015616252007411981
2023-01-30,2021-03-15,1.174325735721845e-05,1.174325735721845e-05,0.006235866511341053,2023-01-25,250,24787,162,,8.695020976857698e-06,8.695020976857698e-06,8.695020976857698e-06,8.695020976857698e-06,0.0029487320964878615,0.0029487320964878615,0.0,0.0,0.04621542379696298,0.25308641975308643,0.25308641975308643,0.0,3.0798486972457824e-06,3.0798486972457824e-06,0.015580452573456912
2023-02-01,2021-03-22,5.4896297508078344e-06,5.4896297508078344e-06,0.0063067433640584935,2023-01-27,250,24835,76,,3.3203409940715845e-06,3.3203409940715845e-06,3.3203409940715845e-06,3.3203409940715845e-06,0.0018221802858311206,0.0018221802858311206,0.0,0.0,0.045928931888399804,0.35526315789473684,0.35526315789473684,0.0,1.7426764437179481e-06,1.7426764437179481e-06,0.015549788427474905
2023-02-03,2021-03-24,1.2255290058485023e-05,1.2255290058485023e-05,0.00603368253547275,2023-01-30,250,24876,149,,7.079256416796501e-06,7.079256416796501e-06,7.079256416796501e-06,7.079256416796501e-06,0.002660687207620712,0.002660687207620712,0.0,0.0,0.045546814955970405,0.12751677852348994,0.12751677852348994,0.0,2.8500581973680747e-06,2.8500581973680747e-06,0.015165502183406118
2023-02-06,2021-03-26,2.296886626974077e-06,2.296886626974077e-06,0.004466019417475728,2023-02-01,250,24894,214,,1.4110362324431323e-06,1.4110362324431323e-06,1.4110362324431323e-06,1.4110362324431323e-06,0.0011878704611375487,0.0011878704611375487,0.0,0.0,0.04592893188839981,0.46261682242990654,0.46261682242990654,0.0,5.735049503411477e-07,5.735049503411477e-07,0.01532842973202376
2023-02-08,2021-03-29,3.5919852758668604e-06,3.5919852758668604e-06,0.0044616876818622695,2023-02-03,250,24954,84,,1.873851451684664e-06,1.873851451684664e-06,1.873851451684664e-06,1.873851451684664e-06,0.0013688869389707333,0.0013688869389707333,0.0,0.0,0.046024438311279336,0.3333333333333333,0.3333333333333333,0.0,3.119116115190309e-07,3.119116115190309e-07,0.015223579565981842
2023-02-10,2021-03-31,2.1723522925285967e-06,2.1723522925285967e-06,0.00457347385166037,2023-02-06,250,25097,153,,1.2843690483753899e-06,1.2843690483753899e-06,1.2843690483753899e-06,1.2843690483753899e-06,0.0011333000698735484,0.0011333000698735484,0.0,0.0,0.04659728537678218,0.37254901960784315,0.37254901960784315,0.0,4.740843380855887e-07,4.740843380855887e-07,0.015526488000196518
2023-02-13,2021-04-05,3.2798851111984353e-06,3.2798851111984353e-06,0.006092311767432622,2023-02-08,250,25124,215,,2.0468729896721545e-06,2.0468729896721545e-06,2.0468729896721545e-06,2.0468729896721545e-06,0.0014306896902096396,0.0014306896902096396,0.0,0.0,0.04678816149875892,0.28837209302325584,0.28837209302325584,0.0,7.551460052160503e-07,7.551460052160503e-07,0.01549033918243309
2023-02-17,2021-04-07,1.6646242146745176e-06,1.6646242146745176e-06,0.005985296987834233,2023-02-10,250,25163,173,,1.952705497750642e-06,1.952705497750642e-06,1.952705497750642e-06,1.952705497750642e-06,0.0013973923921900542,0.0013973923921900542,0.0,0.0,0.047265192467114234,0.2254335260115607,0.2254335260115607,0.0,2.287599989326637e-06,2.287599989326637e-06,0.015481233467228375
2023-02-22,2021-04-09,4.287330025688131e-06,4.287330025688131e-06,0.0061961206896551735,2023-02-13,250,25325,73,,2.7271409785418333e-06,2.7271409785418333e-06,2.7271409785418333e-06,2.7271409785418333e-06,0.001651405758298618,0.001651405758298618,0.0,0.0,0.04745594115629536,0.1780821917808219,0.1780821917808219,0.0,1.439985014646136e-06,1.439985014646136e-06,0.01583772582625473
2023-02-24,2021-04-12,3.2858427024357998e-06,3.2858427024357998e-06,0.006157965194109775,2023-02-17,250,25445,188,,2.2526880819062726e-06,2.2526880819062726e-06,2.2526880819062726e-06,2.2526880819062726e-06,0.0015008957598401937,0.0015008957598401937,0.0,0.0,0.04726519246711424,0.28191489361702127,0.28191489361702127,0.0,8.271962637073059e-07,8.271962637073059e-07,0.015775665152498366
2023-02-27,2021-04-16,1.6623204829480373e-06,1.6623204829480373e-06,0.006270874514348033,2023-02-22,250,25398,215,,9.640369793691518e-07,9.640369793691518e-07,9.640369793691518e-07,9.640369793691518e-07,0.0009818538482733322,0.0009818538482733322,0.0,0.0,0.04745594115629536,0.39069767441860465,0.39069767441860465,0.0,3.097893724123583e-07,3.097893724123583e-07,0.015946006357535698
2023-03-01,2021-04-19,2.680769528786865e-06,2.680769528786865e-06,0.006241096262126044,2023-02-24,250,25452,70,,1.9030859190023993e-06,1.9030859190023993e-06,1.9030859190023993e-06,1.9030859190023993e-06,0.0013795238015352977,0.0013795238015352977,0.0,0.0,0.04764665346735302,0.24285714285714285,0.24285714285714285,0.0,1.2481944581312706e-06,1.2481944581312706e-06,0.015950835310149892
2023-03-03,2021-04-21,5.3738042984239004e-06,5.3738042984239004e-06,0.006305256665067508,2023-02-27,250,25530,146,,3.798127044205837e-06,3.798127044205837e-06,3.798127044205837e-06,3.798127044205837e-06,0.0019488784067267606,0.0019488784067267606,0.0,0.0,0.047932653755302805,0.363013698630137,0.363013698630137,0.0,1.8882152209112142e-06,1.8882152209112142e-06,0.01588868555340489
2023-03-06,2021-04-23,1.052143457532518e-05,1.052143457532518e-05,0.00609150499900682,2023-03-01,250,25533,160,,5.977075799277749e-06,5.977075799277749e-06,5.977075799277749e-06,5.977075799277749e-06,0.0024448058817169408,0.0024448058817169408,0.0,0.0,0.047932653755302805,0.30625,0.30625,0.0,1.3432880150248054e-07,1.3432880150248054e-07,0.015637888121922853
2023-03-08,2021-04-26,3.468504103073465e-06,3.468504103073465e-06,0.006068601583113457,2023-03-03,250,25535,69,,2.494397682907633e-06,2.494397682907633e-06,2.494397682907633e-06,2.494397682907633e-06,0.0015793662282408197,0.0015793662282408197,0.0,0.0,0.049171044006449394,0.3188405797101449,0.3188405797101449,0.0,1.6014667977556203e-06,1.6014667977556203e-06,0.015870334195395085
2023-03-10,2021-04-28,5.951689605853957e-06,5.951689605853957e-06,0.0061093034066007045,2023-03-06,250,25556,94,,6.960355351789745e-06,6.960355351789745e-06,6.960355351789745e-06,6.960355351789745e-06,0.0026382485386691194,0.0026382485386691194,0.0,0.0,0.04926624130291808,0.39361702127659576,0.39361702127659576,0.0,9.112175609786097e-06,9.112175609786097e-06,0.01614229747675962
2023-03-13,2021-04-30,4.366869851496624e-06,4.366869851496624e-06,0.006195286195286197,2023-03-08,250,25563,169,,3.3415454200541234e-06,3.3415454200541234e-06,3.3415454200541234e-06,3.3415454200541234e-06,0.0018279894474679341,0.0018279894474679341,0.0,0.0,0.04888539772981063,0.31952662721893493,0.31952662721893493,0.0,2.227612704412888e-06,2.227612704412888e-06,0.016378632323598766
2023-03-17,2021-05-03,2.6364176467514035e-06,2.6364176467514035e-06,0.005903111966634585,2023-03-10,250,25572,196,,6.287991419156252e-06,6.287991419156252e-06,6.287991419156252e-06,6.287991419156252e-06,0.0025075867720093462,0.0025075867720093462,0.0,0.0,0.04631090286325024,0.3112244897959184,0.3112244897959184,0.0,1.125941113339418e-05,1.125941113339418e-05,0.01595687561535937
2023-03-20,2021-05-05,2.0357157868018523e-06,2.0357157868018523e-06,0.005935483870967743,2023-03-13,250,25630,189,,1.1889873569953834e-06,1.1889873569953834e-06,1.1889873569953834e-06,1.1889873569953834e-06,0.0010904069685192697,0.0010904069685192697,0.0,0.0,0.04420825466432036,0.4603174603174603,0.4603174603174603,0.0,1.7488237711089192e-07,1.7488237711089192e-07,0.016566765814508066
2023-03-22,2021-05-07,5.092633557488022e-06,5.092633557488022e-06,0.005775991963837268,2023-03-17,250,25761,82,,2.9819734666045567e-06,2.9819734666045567e-06,2.9819734666045567e-06,2.9819734666045567e-06,0.0017268391548156872,0.0017268391548156872,0.0,0.0,0.0466927279919823,0.3780487804878049,0.3780487804878049,0.0,1.3301525259131481e-06,1.3301525259131481e-06,0.01619631746509238
2023-03-24,2021-05-10,2.2359094855937032e-06,2.2359094855937032e-06,0.00578871201157742,2023-03-20,250,25853,196,,1.406354765504425e-06,1.406354765504425e-06,1.406354765504425e-06,1.406354765504425e-06,0.001185898294755678,0.001185898294755678,0.0,0.0,0.04621542379696298,0.3622448979591837,0.3622448979591837,0.0,3.4529640259953487e-07,3.4529640259953487e-07,0.01643277208332274
2023-03-27,2021-05-17,6.648496511638852e-07,6.648496511638852e-07,0.005741029641185646,2023-03-22,250,25820,194,,4.956953419372833e-07,4.956953419372833e-07,4.956953419372833e-07,4.956953419372833e-07,0.0007040563485526448,0.0007040563485526448,0.0,0.0,0.04631090286325024,0.4742268041237113,0.4742268041237113,0.0,2.8326900011782995e-07,2.8326900011782995e-07,0.016325642451042323
2023-03-29,2021-05-19,2.0783341143500228e-06,2.0783341143500228e-06,0.005835712020298128,2023-03-24,250,25959,78,,1.0735937090956983e-06,1.0735937090956983e-06,1.0735937090956983e-06,1.0735937090956983e-06,0.0010361436720338056,0.0010361436720338056,0.0,0.0,0.046883585898850444,0.3717948717948718,0.3717948717948718,0.0,2.557817513305511e-07,2.557817513305511e-07,0.01633183265925177
2023-03-31,2021-05-21,2.108650296627815e-06,2.108650296627815e-06,0.00566642030056664,2023-03-27,250,26127,168,,1.7295991688609091e-06,1.7295991688609091e-06,1.7295991688609091e-06,1.7295991688609091e-06,0.0013151422618336425,0.0013151422618336425,0.0,0.0,0.04850440905961497,0.3392857142857143,0.3392857142857143,0.0,1.312642928317313e-06,1.312642928317313e-06,0.01600414416646024
2023-04-03,2021-05-24,2.013175726443095e-06,2.013175726443095e-06,0.005579138872043662,2023-03-29,250,26095,174,,1.1724194070348874e-06,1.1724194070348874e-06,1.1724194070348874e-06,1.1724194070348874e-06,0.0010827831763723,0.0010827831763723,0.0,0.0,0.04736057135983759,0.367816091954023,0.367816091954023,0.0,1.6138332673387853e-07,1.6138332673387853e-07,0.015781706929822427
2023-04-05,2021-05-26,1.044423463316098e-06,1.044423463316098e-06,0.005554549296625009,2023-03-31,250,26161,79,,7.006103619669621e-07,7.006103619669621e-07,7.006103619669621e-07,7.006103619669621e-07,0.000837024708098251,0.000837024708098251,0.0,0.0,0.04764665346735302,0.25316455696202533,0.25316455696202533,0.0,4.271226677119677e-07,4.271226677119677e-07,0.015809511341669316
2023-04-10,2021-05-27,1.5629492942194626e-06,1.5629492942194626e-06,0.00558727073970606,2023-04-03,250,26311,110,,1.3313006517032192e-06,1.3313006517032192e-06,1.3313006517032192e-06,1.3313006517032192e-06,0.0011538200256986438,0.0011538200256986438,0.0,0.0,0.04831386027855064,0.4727272727272727,0.4727272727272727,0.0,8.551339976420506e-07,8.551339976420506e-07,0.01578942056257484
2023-04-14,2021-05-28,4.81346322716879e-06,4.81346322716879e-06,0.005556897801401305,2023-04-05,250,26364,93,,3.3805969911664717e-06,3.3805969911664717e-06,3.3805969911664717e-06,3.3805969911664717e-06,0.0018386399841095788,0.0018386399841095788,0.0,0.0,0.049742091894814044,0.3870967741935484,0.3870967741935484,0.0,1.2119345799197193e-06,1.2119345799197193e-06,0.015625977700921466
2023-04-17,2021-06-02,1.1423499252359362e-06,1.1423499252359362e-06,0.00556867017735004,2023-04-10,250,26382,101,,7.680351947187465e-07,7.680351947187465e-07,7.680351947187465e-07,7.680351947187465e-07,0.0008763761719254732,0.0008763761719254732,0.0,0.0,0.050122609403210616,0.4158415841584158,0.4158415841584158,0.0,9.218915350715455e-08,9.218915350715455e-08,0.015664241380982404
2023-04-19,2021-06-04,6.025260592076344e-07,6.025260592076344e-07,0.005526521295128252,2023-04-14,250,26417,78,,7.472106253080867e-07,7.472106253080867e-07,7.472106253080867e-07,7.472106253080867e-07,0.0008644134573848829,0.0008644134573848829,0.0,0.0,0.05069311431551815,0.3717948717948718,0.3717948717948718,0.0,8.590123354766178e-07,8.590123354766178e-07,0.015598061369836557
2023-04-21,2021-06-07,1.6322530159464466e-06,1.6322530159464466e-06,0.00552055205520552,2023-04-17,250,26466,180,,8.969253671745306e-07,8.969253671745306e-07,8.969253671745306e-07,8.969253671745306e-07,0.0009470614379091415,0.0009470614379091415,0.0,0.0,0.049932368748209006,0.5333333333333333,0.5333333333333333,0.0,5.655091143519778e-08,5.655091143519778e-08,0.01568629940759444
2023-04-24,2021-06-09,1.6929699610040769e-06,1.6929699610040769e-06,0.005575081808265664,2023-04-19,250,26436,209,,8.549530949518171e-07,8.549530949518171e-07,8.549530949518171e-07,8.549530949518171e-07,0.0009246367367522324,0.0009246367367522324,0.0,0.0,0.05012260940321061,0.4449760765550239,0.4449760765550239,0.0,1.2917063060298515e-07,1.2917063060298515e-07,0.015674121785541003
2023-04-26,2021-06-11,3.46872270166322e-06,3.46872270166322e-06,0.005617634487390854,2023-04-21,250,26555,77,,1.876390498032994e-06,1.876390498032994e-06,1.876390498032994e-06,1.876390498032994e-06,0.0013698140377558531,0.0013698140377558531,0.0,0.0,0.049932368748209,0.35064935064935066,0.35064935064935066,0.0,5.494469950078051e-07,5.494469950078051e-07,0.01591034525216706
2023-04-28,2021-06-14,2.7984751757046126e-06,2.7984751757046126e-06,0.005462858500089069,2023-04-24,250,26723,174,,2.703135811845184e-06,2.703135811845184e-06,2.703135811845184e-06,2.703135811845184e-06,0.0016441215927799208,0.0016441215927799208,0.0,0.0,0.05050298217310679,0.3160919540229885,0.3160919540229885,0.0,2.5742988336567656e-06,2.5742988336567656e-06,0.015666140491258702
2023-05-01,2021-06-16,2.611048682611899e-06,2.611048682611899e-06,0.005421970768505422,2023-04-26,250,26739,139,,1.9943945628594855e-06,1.9943945628594855e-06,1.9943945628594855e-06,1.9943945628594855e-06,0.0014122303504950902,0.0014122303504950902,0.0,0.0,0.04974209189481407,0.4028776978417266,0.4028776978417266,0.0,9.002154597703006e-08,9.002154597703006e-08,0.015533558531483664
2023-05-03,2021-06-18,2.2868981250171286e-06,2.2868981250171286e-06,0.005458644832087338,2023-04-28,250,26879,78,,1.5372530777807414e-06,1.5372530777807414e-06,1.5372530777807414e-06,1.5372530777807414e-06,0.0012398601041168885,0.0012398601041168885,0.0,0.0,0.05107327018400061,0.3076923076923077,0.3076923076923077,0.0,8.947001801495528e-07,8.947001801495528e-07,0.01572600769155876
2023-05-05,2021-06-21,2.3074754645335946e-05,2.3074754645335946e-05,0.005549188732734182,2023-05-01,250,26920,130,,1.065920453704175e-05,1.065920453704175e-05,1.065920453704175e-05,1.065920453704175e-05,0.003264843723218885,0.003264843723218885,0.0,0.0,0.05126329393754153,0.12307692307692308,0.12307692307692308,0.0,2.6441025683961258e-06,2.6441025683961258e-06,0.0159476538395083
2023-05-08,2021-06-23,1.4826468777903644e-06,1.4826468777903644e-06,0.003975341360834247,2023-05-03,250,26891,182,,7.426807156058817e-07,7.426807156058817e-07,7.426807156058817e-07,7.426807156058817e-07,0.000861789252431174,0.000861789252431174,0.0,0.0,0.05126329393754153,0.5,0.5,0.0,1.877060939675197e-07,1.877060939675197e-07,0.015657787848677992
2023-05-10,2021-06-25,4.815986538440469e-06,4.815986538440469e-06,0.004016999476043547,2023-05-05,250,26966,73,,2.0926223436097925e-06,2.0926223436097925e-06,2.0926223436097925e-06,2.0926223436097925e-06,0.0014465899016686769,0.0014465899016686769,0.0,0.0,0.0515482618805766,0.5342465753424658,0.5342465753424658,0.0,2.976777606532098e-07,2.976777606532098e-07,0.01572256345362957
2023-05-12,2021-06-28,1.0134648217519538e-06,1.0134648217519538e-06,0.003971223021582734,2023-05-08,250,27049,135,,1.6395311891897687e-06,1.6395311891897687e-06,1.6395311891897687e-06,1.6395311891897687e-06,0.0012804417945341243,0.0012804417945341243,0.0,0.0,0.050693114315518144,0.2814814814814815,0.2814814814814815,0.0,2.069951816803267e-06,2.069951816803267e-06,0.0156767840244583
2023-05-15,2021-06-30,1.839450625896146e-06,1.839450625896146e-06,0.005389117459581619,2023-05-10,250,27026,187,,1.040400937653703e-06,1.040400937653703e-06,1.040400937653703e-06,1.040400937653703e-06,0.0010200004596340646,0.0010200004596340646,0.0,0.0,0.05116828657439943,0.5026737967914439,0.5026737967914439,0.0,3.452277088827764e-07,3.452277088827764e-07,0.015697351733521225
2023-05-19,2021-07-02,1.1805905788380492e-06,1.1805905788380492e-06,0.0053127677806341,2023-05-12,250,27111,181,,7.811732402117528e-07,7.811732402117528e-07,7.811732402117528e-07,7.811732402117528e-07,0.0008838400535231206,0.0008838400535231206,0.0,0.0,0.05173819540441443,0.5966850828729282,0.5966850828729282,0.0,2.6546984097273715e-07,2.6546984097273715e-07,0.015411284974834826
2023-05-22,2021-07-07,1.3571870816391602e-06,1.3571870816391602e-06,0.00530943137702672,2023-05-15,250,27195,215,,8.58401818640801e-07,8.58401818640801e-07,8.58401818640801e-07,8.58401818640801e-07,0.0009264997672103329,0.0009264997672103329,0.0,0.0,0.051548261880576596,0.42790697674418604,0.42790697674418604,0.0,3.822886130514584e-07,3.822886130514584e-07,0.015433741818355542
2023-05-24,2021-07-09,4.98011201579265e-06,4.98011201579265e-06,0.005420844019584984,2023-05-19,250,27326,79,,3.306791915610425e-06,3.306791915610425e-06,3.306791915610425e-06,3.306791915610425e-06,0.0018184586648066613,0.0018184586648066613,0.0,0.0,0.05202302806715193,0.2911392405063291,0.2911392405063291,0.0,1.8326765892594165e-06,1.8326765892594165e-06,0.015602581564394216
2023-05-26,2021-07-12,2.127839221201051e-06,2.127839221201051e-06,0.005376033296722354,2023-05-22,250,27485,176,,1.8087781302487577e-06,1.8087781302487577e-06,1.8087781302487577e-06,1.8087781302487577e-06,0.0013449082237270906,0.0013449082237270906,0.0,0.0,0.05240267879304834,0.5170454545454546,0.5170454545454546,0.0,1.3889609053115304e-06,1.3889609053115304e-06,0.015581509706981796
2023-05-31,2021-07-16,4.946795579902884e-06,4.946795579902884e-06,0.0052453468697123504,2023-05-24,250,27455,39,,4.946795579902884e-06,4.946795579902884e-06,4.946795579902884e-06,4.946795579902884e-06,0.0022241392896810404,0.0022241392896810404,0.0,0.0,0.05401458830623825,0.5897435897435898,0.5897435897435898,0.0,,,
2023-06-02,2021-07-19,1.2189421756471915e-06,1.2189421756471915e-06,0.00516408462435449,2023-05-26,250,27507,143,,1.196245532294043e-06,1.196245532294043e-06,1.196245532294043e-06,1.196245532294043e-06,0.001093730100296249,0.001093730100296249,0.0,0.0,0.053540766928029816,0.5034965034965035,0.5034965034965035,0.0,1.1262101756614703e-06,1.1262101756614703e-06,0.015316658764401882
2023-06-07,2021-07-21,2.6522493686386715e-06,2.6522493686386715e-06,0.005189442553428937,2023-05-31,250,27414,69,,1.7765552128241718e-06,1.7765552128241718e-06,1.7765552128241718e-06,1.7765552128241718e-06,0.0013328747926283893,0.0013328747926283893,0.0,0.0,0.05297188476610571,0.3333333333333333,0.3333333333333333,0.0,9.258808900329427e-07,9.258808900329427e-07,0.015094439642081164
2023-06-09,2021-07-23,2.118653081109318e-06,2.118653081109318e-06,0.005150357202193056,2023-06-02,250,27488,89,,1.582171837586316e-06,1.582171837586316e-06,1.582171837586316e-06,1.582171837586316e-06,0.0012578441229287181,0.0012578441229287181,0.0,0.0,0.05240267879304834,0.5280898876404494,0.5280898876404494,0.0,1.292018030448521e-07,1.292018030448521e-07,0.015055747675529562
2023-06-12,2021-07-26,1.9007900843728907e-06,1.9007900843728907e-06,0.005139257294429709,2023-06-07,250,27421,129,,1.364900762467629e-06,1.364900762467629e-06,1.364900762467629e-06,1.364900762467629e-06,0.0011682896740396317,0.0011682896740396317,0.0,0.0,0.052307779623344874,0.5426356589147286,0.5426356589147286,0.0,4.899794205814872e-07,4.899794205814872e-07,0.015028781111886486
2023-06-16,2021-07-28,1.3504996259195536e-06,1.3504996259195536e-06,0.004999731197247461,2023-06-09,250,27374,143,,4.772062522793775e-06,4.772062522793775e-06,4.772062522793775e-06,4.772062522793775e-06,0.0021845050979097703,0.0021845050979097703,0.0,0.0,0.0519280928603592,0.4825174825174825,0.4825174825174825,0.0,9.11690429660231e-06,9.11690429660231e-06,0.014597544057840039
2023-06-21,2021-07-30,1.5312434926291871e-06,1.5312434926291871e-06,0.005026755310523758,2023-06-12,250,27435,82,,1.542588202524554e-06,1.542588202524554e-06,1.542588202524554e-06,1.542588202524554e-06,0.0012420097433291553,0.0012420097433291553,0.0,0.0,0.05249756895775398,0.2926829268292683,0.2926829268292683,0.0,1.5523859065250982e-06,1.5523859065250982e-06,0.014919184317672357
2023-06-23,2021-08-02,1.6557669684612301e-06,1.6557669684612301e-06,0.004973262032085563,2023-06-16,250,27489,190,,1.3229088575542225e-06,1.3229088575542225e-06,1.3229088575542225e-06,1.3229088575542225e-06,0.0011501777504169617,0.0011501777504169617,0.0,0.0,0.052592450119170596,0.3894736842105263,0.3894736842105263,0.0,8.652289550570867e-07,8.652289550570867e-07,0.014942083801058399
2023-06-26,2021-08-04,8.230025857979018e-07,8.230025857979018e-07,0.0049817870152132,2023-06-21,250,27485,186,,6.229268613629565e-07,6.229268613629565e-07,6.229268613629565e-07,6.229268613629565e-07,0.0007892571579421731,0.0007892571579421731,0.0,0.0,0.052687322279006465,0.5161290322580645,0.5161290322580645,0.0,3.5782652648665406e-07,3.5782652648665406e-07,0.015055905911682554
2023-06-28,2021-08-06,8.734247006365963e-07,8.734247006365963e-07,0.0049452302456662765,2023-06-23,250,27608,82,,7.890760071800079e-07,7.890760071800079e-07,7.890760071800079e-07,7.890760071800079e-07,0.000888299503084409,0.000888299503084409,0.0,0.0,0.052971884766105724,0.4878048780487805,0.4878048780487805,0.0,7.087439181737333e-07,7.087439181737333e-07,0.014953731343283583
2023-06-30,2021-08-09,3.3633573072737836e-06,3.3633573072737836e-06,0.004905322010654571,2023-06-26,250,27707,166,,2.045527428492358e-06,2.045527428492358e-06,2.045527428492358e-06,2.045527428492358e-06,0.0014302193637663971,0.0014302193637663971,0.0,0.0,0.05316154811423236,0.6204819277108434,0.6204819277108434,0.0,4.0714433595328755e-07,4.0714433595328755e-07,0.014887514551140128
2023-07-05,2021-08-11,1.7697454389622121e-06,1.7697454389622121e-06,0.004832172919048114,2023-06-28,250,27685,82,,1.0453886071420346e-06,1.0453886071420346e-06,1.0453886071420346e-06,1.0453886071420346e-06,0.0010224424713117285,0.0010224424713117285,0.0,0.0,0.052971884766105724,0.35365853658536583,0.35365853658536583,0.0,3.5552495778948445e-07,3.5552495778948445e-07,0.014696971540593526
2023-07-07,2021-08-13,7.321641721118128e-07,7.321641721118128e-07,0.00484854804233356,2023-06-30,250,27817,107,,5.904099580298647e-07,5.904099580298647e-07,5.904099580298647e-07,5.904099580298647e-07,0.0007683813883937225,0.0007683813883937225,0.0,0.0,0.05316154811423236,0.6355140186915887,0.6355140186915887,0.0,2.7253687190670833e-07,2.7253687190670833e-07,0.014835029340854296
2023-07-10,2021-08-16,1.7339827247193517e-06,1.7339827247193517e-06,0.004877281308999371,2023-07-05,250,27858,176,,1.0943045081549262e-06,1.0943045081549262e-06,1.0943045081549262e-06,1.0943045081549262e-06,0.001046090105179724,0.001046090105179724,0.0,0.0,0.053161548114232356,0.4375,0.4375,0.0,1.483015118272544e-07,1.483015118272544e-07,0.014872577813248203
2023-07-14,2021-08-18,1.0258053202535055e-06,1.0258053202535055e-06,0.004880864910255066,2023-07-07,250,27921,102,,8.172270378133307e-07,8.172270378133307e-07,8.172270378133307e-07,8.172270378133307e-07,0.000904006104964635,0.000904006104964635,0.0,0.0,0.05325636630043148,0.5294117647058824,0.5294117647058824,0.0,3.395154877084139e-07,3.395154877084139e-07,0.014508339265059171
2023-07-17,2021-08-20,1.2802121278072977e-06,1.2802121278072977e-06,0.004877025538832662,2023-07-10,250,28035,100,,9.100682045774547e-07,9.100682045774547e-07,9.100682045774547e-07,9.100682045774547e-07,0.0009539749496592951,0.0009539749496592951,0.0,0.0,0.05344597570562601,0.59,0.59,0.0,4.6399050374487275e-08,4.6399050374487275e-08,0.01451738114316239
2023-07-19,2021-08-23,1.412269310241624e-06,1.412269310241624e-06,0.004800495535022969,2023-07-14,250,28013,78,,1.8710981397202909e-06,1.8710981397202909e-06,1.8710981397202909e-06,1.8710981397202909e-06,0.001367880893835531,0.001367880893835531,0.0,0.0,0.053445975705626016,0.16666666666666666,0.16666666666666666,0.0,2.264379993559148e-06,2.264379993559148e-06,0.014360441665382327
2023-07-21,2021-08-25,2.178463635817678e-06,2.178463635817678e-06,0.004815409309791331,2023-07-17,250,27989,197,,1.4534271205343637e-06,1.4534271205343637e-06,1.4534271205343637e-06,1.4534271205343637e-06,0.0012055816523713206,0.0012055816523713206,0.0,0.0,0.05344597570562602,0.4263959390862944,0.4263959390862944,0.0,4.1510322210393803e-07,4.1510322210393803e-07,0.014424275730903628
2023-07-24,2021-08-27,5.656756824665262e-07,5.656756824665262e-07,0.004845264145045326,2023-07-19,250,28005,199,,4.5251900741957314e-07,4.5251900741957314e-07,4.5251900741957314e-07,4.5251900741957314e-07,0.0006726953303090287,0.0006726953303090287,0.0,0.0,0.0535407669280298,0.4472361809045226,0.4472361809045226,0.0,2.8063545038622703e-07,2.8063545038622703e-07,0.01442427573090363
2023-07-26,2021-08-30,1.7235852073124884e-06,1.7235852073124884e-06,0.004803222807561202,2023-07-21,250,28102,85,,1.0234563159352487e-06,1.0234563159352487e-06,1.0234563159352487e-06,1.0234563159352487e-06,0.0010116601780910666,0.0010116601780910666,0.0,0.0,0.053635549165909395,0.5411764705882353,0.5411764705882353,0.0,3.0665768904902733e-07,3.0665768904902733e-07,0.014321028016862816
2023-07-28,2021-09-01,1.4331190185278445e-06,1.4331190185278445e-06,0.004813166338888312,2023-07-24,250,28194,192,,9.715091711835902e-07,9.715091711835902e-07,9.715091711835902e-07,9.715091711835902e-07,0.0009856516479890805,0.0009856516479890805,0.0,0.0,0.05363554916590941,0.6927083333333334,0.6927083333333334,0.0,2.3542860379680596e-07,2.3542860379680596e-07,0.014414393688258307
2023-07-31,2021-09-03,1.48954558080571e-06,1.48954558080571e-06,0.00474901700454476,2023-07-26,250,28213,149,,1.2019752803781566e-06,1.2019752803781566e-06,1.2019752803781566e-06,1.2019752803781566e-06,0.0010963463323139073,0.0010963463323139073,0.0,0.0,0.0537303224209678,0.48322147651006714,0.48322147651006714,0.0,1.5054636943991328e-07,1.5054636943991328e-07,0.014274641075024075
2023-08-02,2021-09-08,2.0486708125295027e-06,2.0486708125295027e-06,0.004754479691214437,2023-07-28,250,28349,81,,1.6407823395859944e-06,1.6407823395859944e-06,1.6407823395859944e-06,1.6407823395859944e-06,0.0012809302633578436,0.0012809302633578436,0.0,0.0,0.05391984198943044,0.3333333333333333,0.3333333333333333,0.0,1.1792243307288662e-06,1.1792243307288662e-06,0.014288400368033652
2023-08-04,2021-09-10,1.2048121536315788e-05,1.2048121536315788e-05,0.004864780038709003,2023-07-31,250,28448,142,,5.647840782294818e-06,5.647840782294818e-06,5.647840782294818e-06,5.647840782294818e-06,0.0023765186265406837,0.0023765186265406837,0.0,0.0,0.05391984198943044,0.39436619718309857,0.39436619718309857,0.0,2.4500637954984216e-07,2.4500637954984216e-07,0.014531612601372423
2023-08-07,2021-09-13,7.583076960588474e-06,7.583076960588474e-06,0.0038463651849002687,2023-08-02,250,28468,175,,4.429726125769595e-06,4.429726125769595e-06,4.429726125769595e-06,4.429726125769595e-06,0.0021046914561924737,0.0021046914561924737,0.0,0.0,0.05391984198943046,0.44,0.44,0.0,3.220717488344784e-07,3.220717488344784e-07,0.01459763434121886
2023-08-09,2021-09-17,2.919764419212531e-06,2.919764419212531e-06,0.00389321468298109,2023-08-04,250,28492,76,,1.550801730049604e-06,1.550801730049604e-06,1.550801730049604e-06,1.550801730049604e-06,0.0012453119007098598,0.0012453119007098598,0.0,0.0,0.05420405401351213,0.5657894736842105,0.5657894736842105,0.0,1.8183904088667708e-07,1.8183904088667708e-07,0.01453452701949861
2023-08-11,2021-09-20,2.4921141992689666e-06,2.4921141992689666e-06,0.0039332471764904195,2023-08-07,250,28561,132,,1.6329316154223798e-06,1.6329316154223798e-06,1.6329316154223798e-06,1.6329316154223798e-06,0.0012778621269222982,0.0012778621269222982,0.0,0.0,0.05391984198943043,0.3712121212121212,0.3712121212121212,0.0,9.998497115354207e-07,9.998497115354207e-07,0.014627097396335586
2023-08-14,2021-09-22,2.0954419953721467e-06,2.0954419953721467e-06,0.0052871365093649795,2023-08-09,250,28526,170,,1.2189598230060372e-06,1.2189598230060372e-06,1.2189598230060372e-06,1.2189598230060372e-06,0.0011040651353095238,0.0011040651353095238,0.0,0.0,0.05391984198943044,0.6176470588235294,0.6176470588235294,0.0,5.431912821819311e-08,5.431912821819311e-08,0.014635631100639519
2023-08-18,2021-09-24,2.3220165870332444e-06,2.3220165870332444e-06,0.005402298850574715,2023-08-11,250,28596,191,,1.9051635145270351e-06,1.9051635145270351e-06,1.9051635145270351e-06,1.9051635145270351e-06,0.0013802766079764718,0.0013802766079764718,0.0,0.0,0.05410932564703194,0.4607329842931937,0.4607329842931937,0.0,1.3510539425370742e-06,1.3510539425370742e-06,0.01494961837310046
2023-08-21,2021-09-27,1.5415228339288069e-06,1.5415228339288069e-06,0.005387128202189236,2023-08-14,250,28656,216,,8.368788938979863e-07,8.368788938979863e-07,8.368788938979863e-07,8.368788938979863e-07,0.0009148108514321342,0.0009148108514321342,0.0,0.0,0.05401458830623825,0.5185185185185185,0.5185185185185185,0.0,1.0564461650751183e-07,1.0564461650751183e-07,0.01494242611683849
2023-08-23,2021-09-29,9.895673509849367e-06,9.895673509849367e-06,0.00530384246459403,2023-08-18,250,28746,76,,5.462729234449658e-06,5.462729234449658e-06,5.462729234449658e-06,5.462729234449658e-06,0.0023372482184076337,0.0023372482184076337,0.0,0.0,0.05420405401351213,0.3026315789473684,0.3026315789473684,0.0,1.0297849590499479e-06,1.0297849590499479e-06,0.014886155426223893
2023-08-25,2021-10-01,3.293488296985089e-06,3.293488296985089e-06,0.0053294024265789774,2023-08-21,250,28905,175,,2.1338225807033694e-06,2.1338225807033694e-06,2.1338225807033694e-06,2.1338225807033694e-06,0.0014607609594671433,0.0014607609594671433,0.0,0.0,0.05429877340737883,0.5142857142857142,0.5142857142857142,0.0,6.232053976521826e-07,6.232053976521826e-07,0.014929087413307696
2023-08-28,2021-10-04,2.428624373940664e-06,2.428624373940664e-06,0.005262863221544145,2023-08-23,250,28873,169,,1.4746115780335964e-06,1.4746115780335964e-06,1.4746115780335964e-06,1.4746115780335964e-06,0.0012143358588272012,0.0012143358588272012,0.0,0.0,0.05458287777029171,0.5857988165680473,0.5857988165680473,0.0,1.5780518368299597e-07,1.5780518368299597e-07,0.014824576675682438
2023-08-30,2021-10-06,1.0336382286276032e-05,1.0336382286276032e-05,0.005105366065609384,2023-08-25,250,28944,75,,6.098964977632641e-06,6.098964977632641e-06,6.098964977632641e-06,6.098964977632641e-06,0.0024696082640031478,0.0024696082640031478,0.0,0.0,0.05410932564703195,0.29333333333333333,0.29333333333333333,0.0,1.7470228768637508e-06,1.7470228768637508e-06,0.014521259684744854
2023-09-01,2021-10-08,3.2995920476671013e-06,3.2995920476671013e-06,0.005003459839250545,2023-08-28,250,29056,168,,2.5675610734564397e-06,2.5675610734564397e-06,2.5675610734564397e-06,2.5675610734564397e-06,0.0016023610933420843,0.0016023610933420843,0.0,0.0,0.054109325647031956,0.27380952380952384,0.27380952380952384,0.0,1.2151648668638625e-06,1.2151648668638625e-06,0.014482888864216718
2023-09-06,2021-10-11,5.033896450855409e-06,5.033896450855409e-06,0.004955192409066947,2023-08-30,250,29076,72,,3.902499042451567e-06,3.902499042451567e-06,3.902499042451567e-06,3.902499042451567e-06,0.0019754743841547445,0.0019754743841547445,0.0,0.0,0.054014588306238245,0.2222222222222222,0.2222222222222222,0.0,2.6379960565884474e-06,2.6379960565884474e-06,0.014518673760128217
2023-09-08,2021-10-15,1.7398077500168998e-06,1.7398077500168998e-06,0.005293985131786436,2023-09-01,250,29142,94,,1.3490691328756986e-06,1.3490691328756986e-06,1.3490691328756986e-06,1.3490691328756986e-06,0.001161494353355064,0.001161494353355064,0.0,0.0,0.05382508669490745,0.5106382978723404,0.5106382978723404,0.0,2.7063054956598267e-07,2.7063054956598267e-07,0.014661951219512194
2023-09-11,2021-10-18,1.4309325050249568e-06,1.4309325050249568e-06,0.0052755640363677195,2023-09-06,250,29095,154,,1.0753660297821051e-06,1.0753660297821051e-06,1.0753660297821051e-06,1.0753660297821051e-06,0.0010369985678785217,0.0010369985678785217,0.0,0.0,0.054014588306238245,0.42207792207792205,0.42207792207792205,0.0,3.9777708639478334e-07,3.9777708639478334e-07,0.014639901687915251
2023-09-15,2021-10-20,2.178224248184765e-06,2.178224248184765e-06,0.005348810743143279,2023-09-08,250,29062,172,,2.0769072493087248e-06,2.0769072493087248e-06,2.0769072493087248e-06,2.0769072493087248e-06,0.001441147892934214,0.001441147892934214,0.0,0.0,0.054014588306238245,0.36627906976744184,0.36627906976744184,0.0,1.921951839263016e-06,1.921951839263016e-06,0.014482567279509723
2023-09-18,2021-10-22,2.9606947822181442e-06,2.9606947822181442e-06,0.005371121650191418,2023-09-11,250,29153,177,,1.7215061540249231e-06,1.7215061540249231e-06,1.7215061540249231e-06,1.7215061540249231e-06,0.0013120617950481308,0.0013120617950481308,0.0,0.0,0.054109325647031956,0.3954802259887006,0.3954802259887006,0.0,1.1217027325450576e-07,1.1217027325450576e-07,0.014681056453977485
2023-09-20,2021-10-25,2.2961780233102327e-06,2.2961780233102327e-06,0.005249343832020997,2023-09-15,250,29191,83,,2.2744673846671285e-06,2.2744673846671285e-06,2.2744673846671285e-06,2.2744673846671285e-06,0.0015081337423011026,0.0015081337423011026,0.0,0.0,0.05391984198943045,0.10843373493975904,0.10843373493975904,0.0,2.254271441743311e-06,2.254271441743311e-06,0.014702943235978407
2023-09-22,2021-10-27,9.300111212113417e-07,9.300111212113417e-07,0.005404473063876271,2023-09-18,250,29236,192,,7.57429219466882e-07,7.57429219466882e-07,7.57429219466882e-07,7.57429219466882e-07,0.0008703040959727134,0.0008703040959727134,0.0,0.0,0.05420405401351213,0.5104166666666666,0.5104166666666666,0.0,5.158145570246386e-07,5.158145570246386e-07,0.015088759591089271
2023-09-25,2021-10-29,8.852304828482465e-07,8.852304828482465e-07,0.005377882029864408,2023-09-20,250,29252,195,,5.564308713297534e-07,5.564308713297534e-07,5.564308713297534e-07,5.564308713297534e-07,0.0007459429410683859,0.0007459429410683859,0.0,0.0,0.054109325647031956,0.5128205128205128,0.5128205128205128,0.0,1.0332896765183002e-07,1.0332896765183002e-07,0.015122763812090517
2023-09-27,2021-11-01,3.527392184407206e-06,3.527392184407206e-06,0.005466387531984185,2023-09-22,250,29328,82,,1.8642562086848668e-06,1.8642562086848668e-06,1.8642562086848668e-06,1.8642562086848668e-06,0.0013653776798691513,0.0013653776798691513,0.0,0.0,0.05429877340737882,0.43902439024390244,0.43902439024390244,0.0,4.2791150237921037e-07,4.2791150237921037e-07,0.01528397670705363
2023-09-29,2021-11-03,4.612538920172115e-06,4.612538920172115e-06,0.005507059581697817,2023-09-25,250,29444,174,,2.495949866373328e-06,2.495949866373328e-06,2.495949866373328e-06,2.495949866373328e-06,0.0015798575462279275,0.0015798575462279275,0.0,0.0,0.05410932564703194,0.5689655172413793,0.5689655172413793,0.0,6.579206386360925e-08,6.579206386360925e-08,0.015189816111266689
2023-10-02,2021-11-05,2.514574316722034e-06,2.514574316722034e-06,0.005490333508556744,2023-09-27,250,29463,218,,1.2635609282697158e-06,1.2635609282697158e-06,1.2635609282697158e-06,1.2635609282697158e-06,0.0011240822604550416,0.0011240822604550416,0.0,0.0,0.054014588306238245,0.41284403669724773,0.41284403669724773,0.0,1.0111485935384594e-07,1.0111485935384594e-07,0.015226770843080382
2023-10-04,2021-11-08,8.161506697964709e-07,8.161506697964709e-07,0.0054524361948955925,2023-09-29,250,29559,81,,7.43421009842576e-07,7.43421009842576e-07,7.43421009842576e-07,7.43421009842576e-07,0.000862218655471207,0.000862218655471207,0.0,0.0,0.05467756129069573,0.3950617283950617,0.3950617283950617,0.0,6.822619776086192e-07,6.822619776086192e-07,0.015439502834507462
2023-10-06,2021-11-10,2.5667975603275554e-06,2.5667975603275554e-06,0.005374192441827226,2023-10-02,250,29677,102,,2.0334340147761856e-06,2.0334340147761856e-06,2.0334340147761856e-06,2.0334340147761856e-06,0.0014259852785972883,0.0014259852785972883,0.0,0.0,0.054582877770291714,0.35294117647058826,0.35294117647058826,0.0,1.1351375170054583e-06,1.1351375170054583e-06,0.01533366313309777
2023-10-09,2021-11-12,6.996894053080097e-07,6.996894053080097e-07,0.005296073018198209,2023-10-04,250,29698,174,,4.512087851677664e-07,4.512087851677664e-07,4.512087851677664e-07,4.512087851677664e-07,0.0006717207642821281,0.0006717207642821281,0.0,0.0,0.05477223584697943,0.5172413793103449,0.5172413793103449,0.0,1.5240297613835964e-07,1.5240297613835964e-07,0.0151537458676724
2023-10-13,2021-11-15,1.1382810881208947e-06,1.1382810881208947e-06,0.00520170438824636,2023-10-06,250,29723,105,,2.768948629414761e-06,2.768948629414761e-06,2.768948629414761e-06,2.768948629414761e-06,0.001664015814051886,0.001664015814051886,0.0,0.0,0.05477223584697944,0.26666666666666666,0.26666666666666666,0.0,5.765851137738626e-06,5.765851137738626e-06,0.015009777244846192
2023-10-16,2021-11-19,5.161746426499754e-07,5.161746426499754e-07,0.005255800950517193,2023-10-09,250,29797,109,,1.0110811358840754e-06,1.0110811358840754e-06,1.0110811358840754e-06,1.0110811358840754e-06,0.0010055253034529142,0.0010055253034529142,0.0,0.0,0.054677561290695724,0.43119266055045874,0.43119266055045874,0.0,1.9357748469267364e-06,1.9357748469267364e-06,0.015084913093858633
2023-10-18,2021-11-22,9.478867196613701e-07,9.478867196613701e-07,0.0053062376517075925,2023-10-13,250,29789,82,,7.87349996828875e-07,7.87349996828875e-07,7.87349996828875e-07,7.87349996828875e-07,0.0008873274462276454,0.0008873274462276454,0.0,0.0,0.054677561290695724,0.5121951219512195,0.5121951219512195,0.0,6.417469226319607e-07,6.417469226319607e-07,0.014928535388284944
2023-10-20,2021-11-24,6.519256424200778e-07,6.519256424200778e-07,0.0053573464037387445,2023-10-16,250,29770,198,,2.5213017272512273e-06,2.5213017272512273e-06,2.5213017272512273e-06,2.5213017272512273e-06,0.0015878607392498963,0.0015878607392498963,0.0,0.0,0.054488185284069734,0.3383838383838384,0.3383838383838384,0.0,5.0583121280935026e-06,5.0583121280935026e-06,0.015264263771310656
2023-10-23,2021-11-26,3.4954337739344057e-07,3.4954337739344057e-07,0.005437297547431744,2023-10-18,250,29780,201,,1.693211296044555e-06,1.693211296044555e-06,1.693211296044555e-06,1.693211296044555e-06,0.001301234527686902,0.001301234527686902,0.0,0.0,0.0542987734073788,0.3482587064676617,0.3482587064676617,0.0,3.64316839750166e-06,3.64316839750166e-06,0.015454165578480025
2023-10-25,2021-11-29,1.188498922351277e-06,1.188498922351277e-06,0.005419741697416973,2023-10-20,250,29896,80,,1.5029646582179888e-06,1.5029646582179888e-06,1.5029646582179888e-06,1.5029646582179888e-06,0.0012259545906019476,0.0012259545906019476,0.0,0.0,0.054298773407378806,0.575,0.575,0.0,1.7475491194476533e-06,1.7475491194476533e-06,0.015365153553808748
2023-10-27,2021-12-01,1.1323081882679883e-06,1.1323081882679883e-06,0.005632452513631733,2023-10-23,250,29982,192,,1.813477763554099e-06,1.813477763554099e-06,1.813477763554099e-06,1.813477763554099e-06,0.0013466542850910546,0.0013466542850910546,0.0,0.0,0.054393483830331636,0.2708333333333333,0.2708333333333333,0.0,2.6530588679765147e-06,2.6530588679765147e-06,0.015777820870197547
2023-10-30,2021-12-03,6.964390988543157e-07,6.964390988543157e-07,0.005587920580192604,2023-10-25,250,29990,144,,5.435770843614296e-07,5.435770843614296e-07,5.435770843614296e-07,5.435770843614296e-07,0.000737276803081061,0.000737276803081061,0.0,0.0,0.05439348383033164,0.4930555555555556,0.4930555555555556,0.0,1.4613584667992547e-07,1.4613584667992547e-07,0.015849663971948962
2023-11-03,2021-12-08,,,,2023-10-27,250,30045,40,,1.8930562276174683e-05,1.8930562276174683e-05,1.8930562276174683e-05,1.8930562276174683e-05,0.0043509265997227166,0.0043509265997227166,0.0,0.0,0.05391984198943043,0.15,0.15,0.0,1.8930562276174683e-05,1.8930562276174683e-05,0.015110827374872318
2023-11-06,2021-12-10,1.1132315872993305e-06,1.1132315872993305e-06,0.004019247098782905,2023-10-30,250,30121,165,,9.748043548731706e-07,9.748043548731706e-07,9.748043548731706e-07,9.748043548731706e-07,0.0009873218091752914,0.0009873218091752914,0.0,0.0,0.053825086694907466,0.40606060606060607,0.40606060606060607,0.0,8.204047494747611e-07,8.204047494747611e-07,0.014974211507051005
2023-11-08,2021-12-13,3.5093567604645227e-06,3.5093567604645227e-06,0.0039049609503904966,2023-11-03,250,30090,35,,3.5093567604645227e-06,3.5093567604645227e-06,3.5093567604645227e-06,3.5093567604645227e-06,0.0018733277237217526,0.0018733277237217526,0.0,0.0,0.054014588306238245,0.5714285714285714,0.5714285714285714,0.0,,,
2023-11-09,2021-12-17,1.5901817447546571e-06,1.5901817447546571e-06,0.0038821149324730704,2023-11-06,250,30156,86,,8.421959510315377e-07,8.421959510315377e-07,8.421959510315377e-07,8.421959510315377e-07,0.000917712346561567,0.000917712346561567,0.0,0.0,0.05391984198943046,0.6976744186046512,0.6976744186046512,0.0,5.859178617874571e-08,5.859178617874571e-08,0.014886540880503145
2023-11-10,2021-12-20,4.386551850857925e-06,4.386551850857925e-06,0.003892330464338577,2023-11-08,250,30083,152,,2.638670580694992e-06,2.638670580694992e-06,2.638670580694992e-06,2.638670580694992e-06,0.001624398528900772,0.001624398528900772,0.0,0.0,0.053919841989430436,0.5,0.5,0.0,8.441791433277144e-07,8.441791433277144e-07,0.015003549695740363
2023-11-13,2021-12-22,9.636616531591568e-07,9.636616531591568e-07,0.005096566523605149,2023-11-09,250,30046,174,,5.962795782257958e-07,5.962795782257958e-07,5.962795782257958e-07,5.962795782257958e-07,0.0007721914129448707,0.0007721914129448707,0.0,0.0,0.05382508669490746,0.4942528735632184,0.4942528735632184,0.0,1.2255006054856747e-07,1.2255006054856747e-07,0.014773019223349452
2023-11-17,2021-12-27,1.1779312715497885e-07,1.1779312715497885e-07,0.005007643244952822,2023-11-10,250,30132,165,,8.308745776674272e-08,8.308745776674272e-08,8.308745776674272e-08,8.308745776674272e-08,0.00028824895102453143,0.00028824895102453143,0.0,0.0,0.0536355491659094,0.6121212121212121,0.6121212121212121,0.0,3.2323941348128685e-08,3.2323941348128685e-08,0.014457366235035426
2023-11-20,2021-12-29,4.5132737040769257e-07,4.5132737040769257e-07,0.005008171226738362,2023-11-13,250,30188,188,,2.748219943214397e-07,2.748219943214397e-07,2.748219943214397e-07,2.748219943214397e-07,0.0005242346748560607,0.0005242346748560607,0.0,0.0,0.05354076692802981,0.5851063829787234,0.5851063829787234,0.0,6.093900918162739e-08,6.093900918162739e-08,0.014439406375474173
2023-11-21,2021-12-31,4.902299263076911e-07,4.902299263076911e-07,0.004962131104727083,2023-11-17,250,30287,75,,4.198843264938019e-07,4.198843264938019e-07,4.198843264938019e-07,4.198843264938019e-07,0.0006479848196476533,0.0006479848196476533,0.0,0.0,0.053919841989430436,0.5066666666666667,0.5066666666666667,0.0,3.3948935527792847e-07,3.3948935527792847e-07,0.014329106678994407
2023-11-22,2022-01-03,1.1979159381226764e-07,1.1979159381226764e-07,0.0049832144355853964,2023-11-20,250,30379,176,,3.0022187281881895e-07,3.0022187281881895e-07,3.0022187281881895e-07,3.0022187281881895e-07,0.0005479250613166174,0.0005479250613166174,0.0,0.0,0.05382508669490748,0.5738636363636364,0.5738636363636364,0.0,5.376301346695443e-07,5.376301346695443e-07,0.014360403291636327
2023-11-24,2022-01-05,1.5978630229785362e-06,1.5978630229785362e-06,0.004965762375202551,2023-11-21,250,30355,158,,1.0037613232998243e-06,1.0037613232998243e-06,1.0037613232998243e-06,1.0037613232998243e-06,0.0010018788965238386,0.0010018788965238386,0.0,0.0,0.05391984198943045,0.6962025316455697,0.6962025316455697,0.0,1.7561956011131696e-07,1.7561956011131696e-07,0.014305173398971475
2023-11-27,2022-01-07,5.791535496358731e-07,5.791535496358731e-07,0.0050007895983576345,2023-11-22,250,30482,162,,4.142234954100527e-07,4.142234954100527e-07,4.142234954100527e-07,4.142234954100527e-07,0.0006436019697064737,0.0006436019697064737,0.0,0.0,0.05391984198943044,0.5617283950617284,0.5617283950617284,0.0,1.743252347179505e-07,1.743252347179505e-07,0.014296376015813753
2023-11-29,2022-01-10,1.4935654761760362e-07,1.4935654761760362e-07,0.004989495798319329,2023-11-24,250,30594,76,,3.6393816488414604e-07,3.6393816488414604e-07,3.6393816488414604e-07,3.6393816488414604e-07,0.0006032728776301368,0.0006032728776301368,0.0,0.0,0.0532563663004315,0.5394736842105263,0.5394736842105263,0.0,5.901187884894203e-07,5.901187884894203e-07,0.014308003429098983
2023-12-01,2022-01-14,3.2168530064933314e-07,3.2168530064933314e-07,0.005001316135825217,2023-11-27,250,30655,127,,3.9718750057852626e-07,3.9718750057852626e-07,3.9718750057852626e-07,3.9718750057852626e-07,0.0006302281337567582,0.0006302281337567582,0.0,0.0,0.05306672093669221,0.5984251968503937,0.5984251968503937,0.0,7.385887524322692e-07,7.385887524322692e-07,0.014261919368974585
2023-12-04,2022-01-21,5.538757223890787e-07,5.538757223890787e-07,0.004967580004183225,2023-11-29,250,30681,178,,1.0407875635536192e-06,1.0407875635536192e-06,1.0407875635536192e-06,1.0407875635536192e-06,0.001020189964444671,0.001020189964444671,0.0,0.0,0.05287703960076691,0.4550561797752809,0.4550561797752809,0.0,1.6794641344317823e-06,1.6794641344317823e-06,0.014178043999128734
2023-12-06,2022-01-24,1.4449303852784406e-06,1.4449303852784406e-06,0.004911591355599214,2023-12-01,250,30684,67,,8.272834792559663e-07,8.272834792559663e-07,8.272834792559663e-07,8.272834792559663e-07,0.0009095512515828705,0.0009095512515828705,0.0,0.0,0.05306672093669224,0.29850746268656714,0.29850746268656714,0.0,1.517321757938848e-07,1.517321757938848e-07,0.014255672360928603
2023-12-08,2022-01-26,5.395236838160934e-07,5.395236838160934e-07,0.004890101405260719,2023-12-04,250,30758,118,,5.030287990961312e-07,5.030287990961312e-07,5.030287990961312e-07,5.030287990961312e-07,0.0007092452319868856,0.0007092452319868856,0.0,0.0,0.05297188476610573,0.5084745762711864,0.5084745762711864,0.0,4.5827092160938514e-07,4.5827092160938514e-07,0.014204962573380183
2023-12-11,2022-01-28,1.0726420565086232e-06,1.0726420565086232e-06,0.0048541208931582435,2023-12-06,250,30751,159,,7.30870838302881e-07,7.30870838302881e-07,7.30870838302881e-07,7.30870838302881e-07,0.0008549098422072827,0.0008549098422072827,0.0,0.0,0.05297188476610573,0.6289308176100629,0.6289308176100629,0.0,2.366170765899622e-07,2.366170765899622e-07,0.014144154715341155
2023-12-13,2022-01-31,,,,2023-12-08,250,30792,28,,3.183525026573503e-06,3.183525026573503e-06,3.183525026573503e-06,3.183525026573503e-06,0.001784243544635514,0.001784243544635514,0.0,0.0,0.05316154811423237,0.21428571428571427,0.21428571428571427,0.0,3.183525026573503e-06,3.183525026573503e-06,0.014025296272355098
2023-12-15,2022-02-02,2.839582310674678e-06,2.839582310674678e-06,0.004795315733683306,2023-12-11,250,30852,101,,3.568127138008518e-06,3.568127138008518e-06,3.568127138008518e-06,3.568127138008518e-06,0.0018889486859119593,0.0018889486859119593,0.0,0.0,0.0528770396007669,0.6237623762376238,0.6237623762376238,0.0,6.184265381616396e-06,6.184265381616396e-06,0.013790258680960154
2023-12-18,2022-02-04,1.0836032294038732e-06,1.0836032294038732e-06,0.004808422331325606,2023-12-13,250,30811,176,,7.960737464973757e-07,7.960737464973757e-07,7.960737464973757e-07,7.960737464973757e-07,0.0008922296489678964,0.0008922296489678964,0.0,0.0,0.05297188476610571,0.4943181818181818,0.4943181818181818,0.0,5.564658440752943e-07,5.564658440752943e-07,0.014134645132422817
2023-12-20,2022-02-07,6.184316857990245e-07,6.184316857990245e-07,0.00482380420432619,2023-12-15,250,30825,82,,9.596127063884377e-07,9.596127063884377e-07,9.596127063884377e-07,9.596127063884377e-07,0.0009795982372322021,0.0009795982372322021,0.0,0.0,0.0528770396007669,0.3902439024390244,0.3902439024390244,0.0,1.3178527780073215e-06,1.3178527780073215e-06,0.013970628001010867
2023-12-22,2022-02-09,1.3420274680229763e-06,1.3420274680229763e-06,0.004879802753236079,2023-12-18,250,30892,191,,1.2866360341681487e-06,1.2866360341681487e-06,1.2866360341681487e-06,1.2866360341681487e-06,0.001134299799069077,0.001134299799069077,0.0,0.0,0.05278218543896946,0.38219895287958117,0.38219895287958117,0.0,1.2063894697374366e-06,1.2063894697374366e-06,0.014033875608208164
2023-12-27,2022-02-11,1.2902430251436305e-07,1.2902430251436305e-07,0.00492100492100492,2023-12-20,250,30938,82,,7.816100940947207e-07,7.816100940947207e-07,7.816100940947207e-07,7.816100940947207e-07,0.0008840871529972148,0.0008840871529972148,0.0,0.0,0.05306672093669223,0.3170731707317073,0.3170731707317073,0.0,1.4668251752540966e-06,1.4668251752540966e-06,0.013946836959949544
2023-12-29,2022-02-14,5.923777902758334e-07,5.923777902758334e-07,0.004907531769810931,2023-12-22,250,31064,138,,6.873213329230167e-07,6.873213329230167e-07,6.873213329230167e-07,6.873213329230167e-07,0.0008290484502868435,0.0008290484502868435,0.0,0.0,0.05306672093669224,0.5942028985507246,0.5942028985507246,0.0,1.0150296898020045e-06,1.0150296898020045e-06,0.013916408986972665
2024-01-03,2022-02-16,4.561869766309663e-06,4.561869766309663e-06,0.005117431588019824,2023-12-27,250,31042,76,,2.5775958040896895e-06,2.5775958040896895e-06,2.5775958040896895e-06,2.5775958040896895e-06,0.0016054892724928715,0.0016054892724928715,0.0,0.0,0.053161548114232356,0.42105263157894735,0.42105263157894735,0.0,6.9507948095792e-07,6.9507948095792e-07,0.014035360203110124
2024-01-05,2022-02-23,2.2323550380823974e-06,2.2323550380823974e-06,0.005222362706833052,2023-12-29,250,31109,99,,1.4521078933469404e-06,1.4521078933469404e-06,1.4521078933469404e-06,1.4521078933469404e-06,0.0012050343950887627,0.0012050343950887627,0.0,0.0,0.05335117549699458,0.5757575757575758,0.5757575757575758,0.0,1.9960589785054842e-07,1.9960589785054842e-07,0.014196655110426299
2024-01-08,2022-02-25,1.8353273387190525e-06,1.8353273387190525e-06,0.005243404349265921,2024-01-03,250,31122,121,,1.4154188428931168e-06,1.4154188428931168e-06,1.4154188428931168e-06,1.4154188428931168e-06,0.0011897137651103802,0.0011897137651103802,0.0,0.0,0.0532563663004315,0.4462809917355372,0.4462809917355372,0.0,4.239682277485458e-07,4.239682277485458e-07,0.014177237561976407
2024-01-10,2022-02-28,,,,2024-01-05,250,31107,69,,2.3250880932068384e-07,2.3250880932068384e-07,2.3250880932068384e-07,2.3250880932068384e-07,0.00048219167280313317,0.00048219167280313317,0.0,0.0,0.0532563663004315,0.057971014492753624,0.057971014492753624,0.0,2.3250880932068384e-07,2.3250880932068384e-07,0.013998930108888323
2024-01-12,2022-03-02,3.457783046057966e-06,3.457783046057966e-06,0.00511881028072633,2024-01-08,250,31119,92,,2.437845831595595e-06,2.437845831595595e-06,2.437845831595595e-06,2.437845831595595e-06,0.0015613602504212778,0.0015613602504212778,0.0,0.0,0.05316154811423236,0.5,0.5,0.0,5.254635544786485e-07,5.254635544786485e-07,0.013926341975438227
2024-01-17,2022-03-04,,,,2024-01-10,250,31113,42,,9.63706964898167e-07,9.63706964898167e-07,9.63706964898167e-07,9.63706964898167e-07,0.0009816857770682873,0.0009816857770682873,0.0,0.0,0.05306672093669224,0.0,0.0,0.0,9.63706964898167e-07,9.63706964898167e-07,0.013967980544501294
2024-01-19,2022-03-07,6.641520631828085e-06,6.641520631828085e-06,0.005036314478078777,2024-01-12,250,31145,179,,5.521862944861748e-06,5.521862944861748e-06,5.521862944861748e-06,5.521862944861748e-06,0.0023498644524443846,0.0023498644524443846,0.0,0.0,0.05306672093669224,0.21787709497206703,0.21787709497206703,0.0,4.038680034854394e-06,4.038680034854394e-06,0.01392225020462129
2024-01-22,2022-03-09,1.0890364609213527e-06,1.0890364609213527e-06,0.004959281687199834,2024-01-17,250,31072,193,,6.902598418260387e-07,6.902598418260387e-07,6.902598418260387e-07,6.902598418260387e-07,0.0008308187779690819,0.0008308187779690819,0.0,0.0,0.05306672093669223,0.47150259067357514,0.47150259067357514,0.0,8.950545461751395e-08,8.950545461751395e-08,0.013750830172252962
2024-01-24,2022-03-11,3.451706812237053e-07,3.451706812237053e-07,0.0048673019776616444,2024-01-19,250,31184,85,,4.085007834073704e-07,4.085007834073704e-07,4.085007834073704e-07,4.085007834073704e-07,0.0006391406601111921,0.0006391406601111921,0.0,0.0,0.05306672093669222,0.3764705882352941,0.3764705882352941,0.0,4.703580925169967e-07,4.703580925169967e-07,0.013681914367033783
2024-01-26,2022-03-14,9.355339098107526e-07,9.355339098107526e-07,0.0048926198691867945,2024-01-22,250,31321,139,,8.438459900880594e-07,8.438459900880594e-07,8.438459900880594e-07,8.438459900880594e-07,0.0009186109024434989,0.0009186109024434989,0.0,0.0,0.05297188476610571,0.4316546762589928,0.4316546762589928,0.0,5.493332782515297e-07,5.493332782515297e-07,0.013593043460443006
2024-01-29,2022-03-18,1.2088579009334065e-06,1.2088579009334065e-06,0.004937116723833281,2024-01-24,250,31279,165,,8.587912154322187e-07,8.587912154322187e-07,8.587912154322187e-07,8.587912154322187e-07,0.0009267098874147285,0.0009267098874147285,0.0,0.0,0.05297188476610573,0.41818181818181815,0.41818181818181815,0.0,1.9550696921944135e-07,1.9550696921944135e-07,0.013610334215547484
2024-01-31,2022-03-21,3.003035503836946e-06,3.003035503836946e-06,0.005052116570942351,2024-01-26,250,31302,110,,1.445628855907192e-06,1.445628855907192e-06,1.445628855907192e-06,1.445628855907192e-06,0.0012023430691392503,0.0012023430691392503,0.0,0.0,0.05278218543896946,0.2545454545454545,0.2545454545454545,0.0,6.236642361664882e-07,6.236642361664882e-07,0.01351384831632341
2024-02-02,2022-03-23,1.0640601683243705e-05,1.0640601683243705e-05,0.005084020122016483,2024-01-29,250,31322,95,,7.164504261415106e-06,7.164504261415106e-06,7.164504261415106e-06,7.164504261415106e-06,0.002676659160486278,0.002676659160486278,0.0,0.0,0.05278218543896947,0.3157894736842105,0.3157894736842105,0.0,1.715486681251353e-06,1.715486681251353e-06,0.013560533524121014
2024-02-05,2022-03-25,3.476460565161078e-07,3.476460565161078e-07,0.005111649179445788,2024-01-31,250,31358,182,,2.429585313998903e-07,2.429585313998903e-07,2.429585313998903e-07,2.429585313998903e-07,0.0004929082383161092,0.0004929082383161092,0.0,0.0,0.0528770396007669,0.45054945054945056,0.45054945054945056,0.0,1.5322636701456103e-07,1.5322636701456103e-07,0.013419263679579246
2024-02-07,2022-03-28,6.665861844024791e-07,6.665861844024791e-07,0.005018489170628632,2024-02-02,250,31355,72,,5.361607728351911e-07,5.361607728351911e-07,5.361607728351911e-07,5.361607728351911e-07,0.0007322299999557455,0.0007322299999557455,0.0,0.0,0.05297188476610572,0.4027777777777778,0.4027777777777778,0.0,4.127853835147835e-07,4.127853835147835e-07,0.013429314952022353
2024-02-09,2022-03-30,2.4610583571371875e-07,2.4610583571371875e-07,0.005044604927782497,2024-02-05,250,31410,123,,1.7554928812814777e-07,1.7554928812814777e-07,1.7554928812814777e-07,1.7554928812814777e-07,0.00041898602378617327,0.00041898602378617327,0.0,0.0,0.05297188476610572,0.4796747967479675,0.4796747967479675,0.0,1.2033112045248352e-07,1.2033112045248352e-07,0.013312355514528817
2024-02-12,2022-04-01,6.604271713164103e-07,6.604271713164103e-07,0.0050833995234312946,2024-02-07,250,31413,133,,5.503314060576242e-07,5.503314060576242e-07,5.503314060576242e-07,5.503314060576242e-07,0.0007418432489802844,0.0007418432489802844,0.0,0.0,0.05297188476610571,0.3684210526315789,0.3684210526315789,0.0,4.4187886117583497e-07,4.4187886117583497e-07,0.013235859936153232
2024-02-14,2022-04-04,2.7108388970537213e-06,2.7108388970537213e-06,0.005188067444876784,2024-02-09,250,31425,37,,2.7108388970537213e-06,2.7108388970537213e-06,2.7108388970537213e-06,2.7108388970537213e-06,0.001646462540434407,0.001646462540434407,0.0,0.0,0.05306672093669223,0.40540540540540543,0.40540540540540543,0.0,,,
2024-02-16,2022-04-06,6.949411688281034e-07,6.949411688281034e-07,0.005221364081366257,2024-02-12,250,31443,181,,1.015394328881339e-06,1.015394328881339e-06,1.015394328881339e-06,1.015394328881339e-06,0.0010076677671144092,0.0010076677671144092,0.0,0.0,0.0528770396007669,0.3314917127071823,0.3314917127071823,0.0,1.4787522765258823e-06,1.4787522765258823e-06,0.013214503695145515
2024-02-21,2022-04-08,2.8716258186523953e-07,2.8716258186523953e-07,0.005287508261731659,2024-02-14,250,31427,77,,2.911906386954975e-07,2.911906386954975e-07,2.911906386954975e-07,2.911906386954975e-07,0.0005396208286338636,0.0005396208286338636,0.0,0.0,0.05297188476610571,0.2727272727272727,0.2727272727272727,0.0,2.957781478632913e-07,2.957781478632913e-07,0.0133541609630405
2024-02-23,2022-04-11,2.3876124661537885e-06,2.3876124661537885e-06,0.005206920865650594,2024-02-16,250,31553,159,,2.393238995335836e-06,2.393238995335836e-06,2.393238995335836e-06,2.393238995335836e-06,0.001547009694648303,0.001547009694648303,0.0,0.0,0.05306672093669222,0.4276729559748428,0.4276729559748428,0.0,2.4018127540894326e-06,2.4018127540894326e-06,0.013071552709359602
2024-02-26,2022-04-18,9.485222075221681e-07,9.485222075221681e-07,0.005259697567389873,2024-02-21,250,31509,124,,7.137716689396765e-07,7.137716689396765e-07,7.137716689396765e-07,7.137716689396765e-07,0.0008448500866660762,0.0008448500866660762,0.0,0.0,0.05316154811423236,0.46774193548387094,0.46774193548387094,0.0,9.237318445661024e-08,9.237318445661024e-08,0.013062544058284928
2024-02-28,2022-04-20,8.499189435008506e-07,8.499189435008506e-07,0.005256529595356729,2024-02-23,250,31539,93,,1.2813400886628773e-06,1.2813400886628773e-06,1.2813400886628773e-06,1.2813400886628773e-06,0.001131962936081777,0.001131962936081777,0.0,0.0,0.05306672093669223,0.17204301075268819,0.17204301075268819,0.0,1.579412879865732e-06,1.579412879865732e-06,0.01308625056713944
2024-03-01,2022-04-22,7.023077938868396e-07,7.023077938868396e-07,0.005311203319502076,2024-02-26,250,31595,158,,1.1093781598020834e-06,1.1093781598020834e-06,1.1093781598020834e-06,1.1093781598020834e-06,0.001053270221644039,0.001053270221644039,0.0,0.0,0.05306672093669223,0.34177215189873417,0.34177215189873417,0.0,2.070757109091276e-06,2.070757109091276e-06,0.01305663084553613
2024-03-04,2022-04-25,1.7053833848225203e-06,1.7053833848225203e-06,0.005343426472225314,2024-02-28,250,31550,128,,1.0375083991993351e-06,1.0375083991993351e-06,1.0375083991993351e-06,1.0375083991993351e-06,0.0010185815623696196,0.0010185815623696196,0.0,0.0,0.05278218543896944,0.21875,0.21875,0.0,1.788119891123835e-07,1.788119891123835e-07,0.012935191576484349
2024-03-06,2022-04-27,2.5566802175982582e-06,2.5566802175982582e-06,0.005643075476134495,2024-03-01,250,31545,102,,1.8813135067929581e-06,1.8813135067929581e-06,1.8813135067929581e-06,1.8813135067929581e-06,0.0013716098230885335,0.0013716098230885335,0.0,0.0,0.05325636630043148,0.18627450980392157,0.18627450980392157,0.0,4.039488269063629e-07,4.039488269063629e-07,0.013079800070980717
2024-03-08,2022-05-02,6.82149434951576e-07,6.82149434951576e-07,0.005680473372781064,2024-03-04,250,31600,131,,5.483410467169447e-07,5.483410467169447e-07,5.483410467169447e-07,5.483410467169447e-07,0.0007405005379585789,0.0007405005379585789,0.0,0.0,0.053256366300431505,0.4351145038167939,0.4351145038167939,0.0,4.0391294513035843e-07,4.0391294513035843e-07,0.012885944328975739
2024-03-11,2022-05-04,1.6689650564171e-06,1.6689650564171e-06,0.005622913371990862,2024-03-06,250,31604,157,,1.2188777164448227e-06,1.2188777164448227e-06,1.2188777164448227e-06,1.2188777164448227e-06,0.001104027950934587,0.001104027950934587,0.0,0.0,0.053161548114232356,0.4012738853503185,0.4012738853503185,0.0,5.818310198686763e-07,5.818310198686763e-07,0.012963755569452045
2024-03-13,2022-05-06,,,,2024-03-08,250,31664,35,,5.840115980839338e-07,5.840115980839338e-07,5.840115980839338e-07,5.840115980839338e-07,0.0007642065153372705,0.0007642065153372705,0.0,0.0,0.05335117549699458,0.22857142857142856,0.22857142857142856,0.0,5.840115980839338e-07,5.840115980839338e-07,0.012836822245442935
2024-03-15,2022-05-09,2.8648080477752886e-06,2.8648080477752886e-06,0.005549132947976877,2024-03-11,250,31740,112,,2.431904003312437e-06,2.431904003312437e-06,2.431904003312437e-06,2.431904003312437e-06,0.0015594563165771708,0.0015594563165771708,0.0,0.0,0.053351175496994564,0.4642857142857143,0.4642857142857143,0.0,9.999906254737738e-07,9.999906254737738e-07,0.012882441013690647
2024-03-18,2022-05-11,2.1975243607356816e-06,2.1975243607356816e-06,0.005561348627042056,2024-03-13,250,31655,140,,1.3328794415141941e-06,1.3328794415141941e-06,1.3328794415141941e-06,1.3328794415141941e-06,0.0011545039807268722,0.0011545039807268722,0.0,0.0,0.053351175496994585,0.2571428571428571,0.2571428571428571,0.0,4.682345222927064e-07,4.682345222927064e-07,0.013185858031108404
2024-03-20,2022-05-13,3.370543869204335e-06,3.370543869204335e-06,0.0054520672421626525,2024-03-15,250,31727,113,,2.972908952691967e-06,2.972908952691967e-06,2.972908952691967e-06,2.972908952691967e-06,0.0017242125601827538,0.0017242125601827538,0.0,0.0,0.053351175496994564,0.19469026548672566,0.19469026548672566,0.0,2.2472252300568953e-06,2.2472252300568953e-06,0.0130355160846212
2024-03-22,2022-05-16,3.1693724719809004e-06,3.1693724719809004e-06,0.005601913987278983,2024-03-18,250,31809,185,,2.2444076341311626e-06,2.2444076341311626e-06,2.2444076341311626e-06,2.2444076341311626e-06,0.0014981347182850956,0.0014981347182850956,0.0,0.0,0.05335117549699457,0.17297297297297298,0.17297297297297298,0.0,8.569603773565549e-07,8.569603773565549e-07,0.012873508234392952
2024-03-25,2022-05-18,2.441622502421177e-07,2.441622502421177e-07,0.0055723241235198515,2024-03-20,250,31859,182,,2.217827509950202e-07,2.217827509950202e-07,2.217827509950202e-07,2.217827509950202e-07,0.0004709381604786558,0.0004709381604786558,0.0,0.0,0.05316154811423236,0.521978021978022,0.521978021978022,0.0,1.8597555219966413e-07,1.8597555219966413e-07,0.012897960514955583
2024-03-27,2022-05-20,8.152353262253313e-07,8.152353262253313e-07,0.005656708502739968,2024-03-22,250,31969,78,,6.230526738947215e-07,6.230526738947215e-07,6.230526738947215e-07,6.230526738947215e-07,0.0007893368570481943,0.0007893368570481943,0.0,0.0,0.053161548114232356,0.24358974358974358,0.24358974358974358,0.0,4.20755145125659e-07,4.20755145125659e-07,0.012957626105896186
2024-04-01,2022-05-23,1.5264647285808838e-06,1.5264647285808838e-06,0.00559832050384885,2024-03-25,250,32017,101,,1.5264647285808838e-06,1.5264647285808838e-06,1.5264647285808838e-06,1.5264647285808838e-06,0.0012355018124555236,0.0012355018124555236,0.0,0.0,0.05316154811423236,0.38613861386138615,0.38613861386138615,0.0,,,
2024-04-03,2022-05-25,1.6236537584716024e-07,1.6236537584716024e-07,0.0056858564321250905,2024-03-27,250,31950,106,,1.6435592584741574e-07,1.6435592584741574e-07,1.6435592584741574e-07,1.6435592584741574e-07,0.0004054083445705277,0.0004054083445705277,0.0,0.0,0.05278218543896945,0.46226415094339623,0.46226415094339623,0.0,1.6542332222436435e-07,1.6542332222436435e-07,0.01295687687919204
2024-04-05,2022-05-27,1.339862404184439e-07,1.339862404184439e-07,0.00568653003198673,2024-04-01,250,31976,109,,3.6153405422120416e-07,3.6153405422120416e-07,3.6153405422120416e-07,3.6153405422120416e-07,0.0006012770195352589,0.0006012770195352589,0.0,0.0,0.05268732227900648,0.48623853211009177,0.48623853211009177,0.0,7.699532072005175e-07,7.699532072005175e-07,0.013102590289824002
2024-04-08,2022-06-01,6.296252056721624e-07,6.296252056721624e-07,0.005661044934544167,2024-04-03,250,31964,168,,5.614296813958126e-07,5.614296813958126e-07,5.614296813958126e-07,5.614296813958126e-07,0.0007492861145088788,0.0007492861145088788,0.0,0.0,0.05287703960076691,0.4523809523809524,0.4523809523809524,0.0,4.7050231569401297e-07,4.7050231569401297e-07,0.012967123816137184
2024-04-10,2022-06-03,9.840345933960165e-07,9.840345933960165e-07,0.005658042081687983,2024-04-05,250,32001,64,,2.5794323520524456e-06,2.5794323520524456e-06,2.5794323520524456e-06,2.5794323520524456e-06,0.0016060611296125828,0.0016060611296125828,0.0,0.0,0.05287703960076691,0.375,0.375,0.0,3.602123222986054e-06,3.602123222986054e-06,0.01294490102441654
2024-04-12,2022-06-06,6.865573988788715e-06,6.865573988788715e-06,0.005484460694698355,2024-04-08,250,32107,129,,3.4204131002679974e-06,3.4204131002679974e-06,3.4204131002679974e-06,3.4204131002679974e-06,0.0018494358870390715,0.0018494358870390715,0.0,0.0,0.05306672093669224,0.24031007751937986,0.24031007751937986,0.0,6.929940635224291e-07,6.929940635224291e-07,0.012977888030888032
2024-04-15,2022-06-08,3.666484225381157e-06,3.666484225381157e-06,0.005437553101104504,2024-04-10,250,32051,170,,2.485150360883429e-06,2.485150360883429e-06,2.485150360883429e-06,2.485150360883429e-06,0.0015764359678982934,0.0015764359678982934,0.0,0.0,0.05306672093669224,0.38823529411764707,0.38823529411764707,0.0,1.124373377727817e-06,1.124373377727817e-06,0.013159530194773417
2024-04-19,2022-06-10,1.1394133249300376e-06,1.1394133249300376e-06,0.005747126436781608,2024-04-12,250,32120,194,,1.1493269687823403e-06,1.1493269687823403e-06,1.1493269687823403e-06,1.1493269687823403e-06,0.0010720666811268507,0.0010720666811268507,0.0,0.0,0.053161548114232356,0.3402061855670103,0.3402061855670103,0.0,1.162867555507437e-06,1.162867555507437e-06,0.013458011691223572
2024-04-22,2022-06-13,4.520992682174856e-07,4.520992682174856e-07,0.0058181818181818196,2024-04-15,250,32232,200,,4.718225368488783e-07,4.718225368488783e-07,4.718225368488783e-07,4.718225368488783e-07,0.0006868933955490315,0.0006868933955490315,0.0,0.0,0.053066720936692235,0.485,0.485,0.0,5.007986969369737e-07,5.007986969369737e-07,0.013576512642378217
2024-04-24,2022-06-17,9.954274355882867e-07,9.954274355882867e-07,0.005751947273816654,2024-04-19,250,32294,80,,1.3335172499147613e-06,1.3335172499147613e-06,1.3335172499147613e-06,1.3335172499147613e-06,0.001154780173849015,0.001154780173849015,0.0,0.0,0.053066720936692235,0.525,0.525,0.0,1.6551148781765295e-06,1.6551148781765295e-06,0.013294860081083753
2024-04-26,2022-06-22,3.8611702507889167e-07,3.8611702507889167e-07,0.005650715168638535,2024-04-22,250,32367,179,,2.6785642945089503e-06,2.6785642945089503e-06,2.6785642945089503e-06,2.6785642945089503e-06,0.0016366319972764038,0.0016366319972764038,0.0,0.0,0.05325636630043149,0.4022346368715084,0.4022346368715084,0.0,6.420647337255076e-06,6.420647337255076e-06,0.013351895767542551
2024-04-29,2022-06-27,2.5655751688958514e-06,2.5655751688958514e-06,0.005670407560543413,2024-04-24,250,32375,183,,1.5562390454252058e-06,1.5562390454252058e-06,1.5562390454252058e-06,1.5562390454252058e-06,0.001247493104359782,0.001247493104359782,0.0,0.0,0.05316154811423236,0.366120218579235,0.366120218579235,0.0,6.951421490763295e-08,6.951421490763295e-08,0.013226588753787433
2024-05-01,2022-06-29,2.1186890678042654e-06,2.1186890678042654e-06,0.005636118123642341,2024-04-26,250,32437,40,,2.1186890678042654e-06,2.1186890678042654e-06,2.1186890678042654e-06,2.1186890678042654e-06,0.001455571732277137,0.001455571732277137,0.0,0.0,0.05316154811423236,0.375,0.375,0.0,,,
2024-05-03,2022-07-01,6.217238220278152e-05,6.217238220278152e-05,0.0055481708374270355,2024-04-29,250,32546,147,,3.379328022896019e-05,3.379328022896019e-05,3.379328022896019e-05,3.379328022896019e-05,0.00581319879489427,0.00581319879489427,0.0,0.0,0.053161548114232356,0.10204081632653061,0.10204081632653061,0.0,1.7125562585534628e-06,1.7125562585534628e-06,0.01331118151396947
2024-05-06,2022-07-06,8.708635095925535e-07,8.708635095925535e-07,0.005235031082997056,2024-05-01,250,32449,160,,6.209648225615376e-07,6.209648225615376e-07,6.209648225615376e-07,6.209648225615376e-07,0.0007880132121744772,0.0007880132121744772,0.0,0.0,0.053066720936692235,0.3,0.3,0.0,2.9138829328874873e-07,2.9138829328874873e-07,0.013148205519372567
2024-05-08,2022-07-08,4.800313543287694e-07,4.800313543287694e-07,0.00526315789473684,2024-05-03,250,32529,77,,2.980791847455368e-07,2.980791847455368e-07,2.980791847455368e-07,2.980791847455368e-07,0.0005459662853560985,0.0005459662853560985,0.0,0.0,0.053066720936692235,0.5064935064935064,0.5064935064935064,0.0,1.1133880017327158e-07,1.1133880017327158e-07,0.012999470162818582
2024-05-10,2022-07-11,3.577077824810974e-07,3.577077824810974e-07,0.0052012786476675526,2024-05-06,250,32625,128,,2.6419710663333324e-07,2.6419710663333324e-07,2.6419710663333324e-07,2.6419710663333324e-07,0.0005140010764904421,0.0005140010764904421,0.0,0.0,0.053161548114232356,0.484375,0.484375,0.0,1.8168768676765892e-07,1.8168768676765892e-07,0.012923748005459751
2024-05-13,2022-07-15,1.52882860324881e-06,1.52882860324881e-06,0.005299098606937995,2024-05-08,250,32577,181,,8.461715919587375e-07,8.461715919587375e-07,8.461715919587375e-07,8.461715919587375e-07,0.0009198758568191349,0.0009198758568191349,0.0,0.0,0.05325636630043149,0.4972375690607735,0.4972375690607735,0.0,2.0021657052297013e-07,2.0021657052297013e-07,0.01290712310882421
2024-05-17,2022-07-18,3.039136827837909e-07,3.039136827837909e-07,0.005109565950273913,2024-05-10,250,32568,171,,2.5815909184569793e-07,2.5815909184569793e-07,2.5815909184569793e-07,2.5815909184569793e-07,0.0005080935857159564,0.0005080935857159564,0.0,0.0,0.053066720936692235,0.543859649122807,0.543859649122807,0.0,1.85367697171459e-07,1.85367697171459e-07,0.012715477879286535
2024-05-20,2022-07-20,3.120384119972016e-07,3.120384119972016e-07,0.005108758624321905,2024-05-13,250,32617,169,,2.1791419353852003e-07,2.1791419353852003e-07,2.1791419353852003e-07,2.1791419353852003e-07,0.00046681280352890925,0.00046681280352890925,0.0,0.0,0.053161548114232356,0.5502958579881657,0.5502958579881657,0.0,7.102336776209274e-08,7.102336776209274e-08,0.012697225422608366
2024-05-22,2022-07-22,1.2293843506977822e-06,1.2293843506977822e-06,0.005042890564075902,2024-05-17,250,32709,73,,7.067475936256307e-07,7.067475936256307e-07,7.067475936256307e-07,7.067475936256307e-07,0.0008406828139230816,0.0008406828139230816,0.0,0.0,0.053066720936692235,0.4520547945205479,0.4520547945205479,0.0,1.9823615431218586e-07,1.9823615431218586e-07,0.012651584613068353
2024-05-24,2022-07-25,8.84448838626535e-07,8.84448838626535e-07,0.005190496575342463,2024-05-20,250,32720,177,,6.387260113087087e-07,6.387260113087087e-07,6.387260113087087e-07,6.387260113087087e-07,0.0007992033604213065,0.0007992033604213065,0.0,0.0,0.05316154811423236,0.559322033898305,0.559322033898305,0.0,2.9670640031227503e-07,2.9670640031227503e-07,0.01278147767891094
2024-05-29,2022-07-27,1.999773263012171e-06,1.999773263012171e-06,0.0051055318700984256,2024-05-22,250,32634,73,,2.191133140778924e-06,2.191133140778924e-06,2.191133140778924e-06,2.191133140778924e-06,0.0014802476619738077,0.0014802476619738077,0.0,0.0,0.053161548114232356,0.273972602739726,0.273972602739726,0.0,2.4230845077689276e-06,2.4230845077689276e-06,0.012688597799211039
2024-05-31,2022-07-29,1.303553899568337e-06,1.303553899568337e-06,0.005070834858068902,2024-05-24,250,32738,125,,1.108806115506087e-06,1.108806115506087e-06,1.108806115506087e-06,1.108806115506087e-06,0.0010529986303438798,0.0010529986303438798,0.0,0.0,0.05316154811423236,0.632,0.632,0.0,3.29814979257088e-07,3.29814979257088e-07,0.012863408660377718
2024-06-03,2022-08-01,1.254849912187164e-06,1.254849912187164e-06,0.005045513654096229,2024-05-29,250,32685,173,,8.174151547310583e-07,8.174151547310583e-07,8.174151547310583e-07,8.174151547310583e-07,0.000904110145242856,0.000904110145242856,0.0,0.0,0.053161548114232356,0.4046242774566474,0.4046242774566474,0.0,1.4196442630618923e-07,1.4196442630618923e-07,0.012747304548988377
2024-06-05,2022-08-03,1.280014173356549e-07,1.280014173356549e-07,0.004990995626447132,2024-05-31,250,32717,73,,2.8141510950728547e-07,2.8141510950728547e-07,2.8141510950728547e-07,2.8141510950728547e-07,0.0005304857297866602,0.0005304857297866602,0.0,0.0,0.053730322420967806,0.4794520547945205,0.4794520547945205,0.0,4.6737110001835277e-07,4.6737110001835277e-07,0.01272269725013721
2024-06-07,2022-08-05,9.485475947258966e-08,9.485475947258966e-08,0.004987659399424103,2024-06-03,250,32858,128,,2.963232734650998e-07,2.963232734650998e-07,2.963232734650998e-07,2.963232734650998e-07,0.0005443558334996511,0.0005443558334996511,0.0,0.0,0.05363554916590941,0.421875,0.421875,0.0,5.907772554541531e-07,5.907772554541531e-07,0.01257349717577526
2024-06-10,2022-08-08,1.3244422134268253e-06,1.3244422134268253e-06,0.004926608766316218,2024-06-05,250,32824,146,,9.149626900125051e-07,9.149626900125051e-07,9.149626900125051e-07,9.149626900125051e-07,0.0009565368210437615,0.0009565368210437615,0.0,0.0,0.053730322420967806,0.541095890410959,0.541095890410959,0.0,1.0436036815150353e-07,1.0436036815150353e-07,0.012588801707833186
2024-06-12,2022-08-10,,,,2024-06-07,250,32809,28,,1.72167227042914e-06,1.72167227042914e-06,1.72167227042914e-06,1.72167227042914e-06,0.001312125097095982,0.001312125097095982,0.0,0.0,0.05373032242096779,0.14285714285714285,0.14285714285714285,0.0,1.72167227042914e-06,1.72167227042914e-06,0.012519873358785735
2024-06-14,2022-08-12,2.7930759712380046e-06,2.7930759712380046e-06,0.004527632561613144,2024-06-10,250,32880,88,,2.2675989029541883e-06,2.2675989029541883e-06,2.2675989029541883e-06,2.2675989029541883e-06,0.0015058548744663904,0.0015058548744663904,0.0,0.0,0.05363554916590941,0.32954545454545453,0.32954545454545453,0.0,5.910768279534413e-07,5.910768279534413e-07,0.012392932067471654
2024-06-17,2022-08-15,2.193819227763672e-06,2.193819227763672e-06,0.00456492070215069,2024-06-12,250,32809,89,,1.732569170771771e-06,1.732569170771771e-06,1.732569170771771e-06,1.732569170771771e-06,0.0013162709336499727,0.0013162709336499727,0.0,0.0,0.05363554916590941,0.43820224719101125,0.43820224719101125,0.0,1.4125647414971572e-07,1.4125647414971572e-07,0.009366923983934562
2024-06-21,2022-08-19,4.746124779343717e-06,4.746124779343717e-06,0.004626096909576496,2024-06-14,250,32759,73,,4.221648192636502e-06,4.221648192636502e-06,4.221648192636502e-06,4.221648192636502e-06,0.002054664983065731,0.002054664983065731,0.0,0.0,0.05354076692802982,0.3424657534246575,0.3424657534246575,0.0,3.6522164699258115e-06,3.6522164699258115e-06,0.009294659963436928
2024-06-24,2022-08-22,1.1610442968482151e-06,1.1610442968482151e-06,0.004674924092727361,2024-06-17,250,32702,186,,7.615457691955302e-07,7.615457691955302e-07,7.615457691955302e-07,7.615457691955302e-07,0.0008726658978071334,0.0008726658978071334,0.0,0.0,0.05344597570562602,0.5,0.5,0.0,1.702879482695562e-07,1.702879482695562e-07,0.012567635121485373
2024-06-26,2022-08-24,1.2491677495439663e-06,1.2491677495439663e-06,0.004639594394222032,2024-06-21,250,32623,84,,7.602598705399871e-07,7.602598705399871e-07,7.602598705399871e-07,7.602598705399871e-07,0.0008719288219459127,0.0008719288219459127,0.0,0.0,0.053445975705626,0.44047619047619047,0.44047619047619047,0.0,1.961353947661643e-07,1.961353947661643e-07,0.012560253657104052
2024-06-28,2022-08-26,2.6064736399697385e-06,2.6064736399697385e-06,0.0045305931807566565,2024-06-24,250,32729,152,,2.305911034265739e-06,2.305911034265739e-06,2.305911034265739e-06,2.305911034265739e-06,0.0015185226485850446,0.0015185226485850446,0.0,0.0,0.05344597570562602,0.4473684210526316,0.4473684210526316,0.0,1.9538234104410545e-06,1.9538234104410545e-06,0.012524851291249514
2024-07-01,2022-08-29,3.2520721415547776e-06,3.2520721415547776e-06,0.004605450574494351,2024-06-26,250,32672,97,,3.2520721415547776e-06,3.2520721415547776e-06,3.2520721415547776e-06,3.2520721415547776e-06,0.0018033502548187297,0.0018033502548187297,0.0,0.0,0.05335117549699457,0.4742268041237113,0.4742268041237113,0.0,,,
2024-07-03,2022-08-31,,,,2024-06-28,250,32680,69,,4.986608714069593e-07,4.986608714069593e-07,4.986608714069593e-07,4.986608714069593e-07,0.0007061592394120177,0.0007061592394120177,0.0,0.0,0.0532563663004315,0.2753623188405797,0.2753623188405797,0.0,4.986608714069593e-07,4.986608714069593e-07,0.012464623595198631
2024-07-05,2022-09-02,3.372674064401006e-06,3.372674064401006e-06,0.004378244188670728,2024-07-01,250,32701,135,,2.4792906137381255e-06,2.4792906137381255e-06,2.4792906137381255e-06,2.4792906137381255e-06,0.001574576328330299,0.001574576328330299,0.0,0.0,0.053256366300431505,0.5703703703703704,0.5703703703703704,0.0,1.1303174441481796e-07,1.1303174441481796e-07,0.012409246364196862
2024-07-08,2022-09-07,5.954987931952497e-07,5.954987931952497e-07,0.004285588053371036,2024-07-03,250,32615,204,,7.046998786221009e-07,7.046998786221009e-07,7.046998786221009e-07,7.046998786221009e-07,0.0008394640424831196,0.0008394640424831196,0.0,0.0,0.053161548114232356,0.4068627450980392,0.4068627450980392,0.0,8.324883828450123e-07,8.324883828450123e-07,0.012338098586470503
2024-07-10,2022-09-09,1.9201830535556037e-06,1.9201830535556037e-06,0.0042417351757914985,2024-07-05,250,32675,68,,1.0827682574365656e-06,1.0827682574365656e-06,1.0827682574365656e-06,1.0827682574365656e-06,0.0010405615106453658,0.0010405615106453658,0.0,0.0,0.05316154811423236,0.4852941176470588,0.4852941176470588,0.0,3.8115045528277703e-07,3.8115045528277703e-07,0.012311904933251775
2024-07-12,2022-09-12,1.6801727037946498e-07,1.6801727037946498e-07,0.004262424748429054,2024-07-08,250,32798,133,,1.802275106715893e-07,1.802275106715893e-07,1.802275106715893e-07,1.802275106715893e-07,0.0004245321079395401,0.0004245321079395401,0.0,0.0,0.05297188476610571,0.5789473684210527,0.5789473684210527,0.0,1.9225550857129388e-07,1.9225550857129388e-07,0.012297302688326626
2024-07-15,2022-09-16,1.955686418862419e-06,1.955686418862419e-06,0.004207512796044069,2024-07-10,250,32715,174,,1.337316351028748e-06,1.337316351028748e-06,1.337316351028748e-06,1.337316351028748e-06,0.001156423949522297,0.001156423949522297,0.0,0.0,0.0528770396007669,0.40229885057471265,0.40229885057471265,0.0,3.497701232943771e-07,3.497701232943771e-07,0.012220223575420987
2024-07-19,2022-09-19,1.9696335988903035e-06,1.9696335988903035e-06,0.004326880185565172,2024-07-12,250,32689,206,,1.9260716098635974e-06,1.9260716098635974e-06,1.9260716098635974e-06,1.9260716098635974e-06,0.0013878298202098115,0.0013878298202098115,0.0,0.0,0.05287703960076691,0.3932038834951456,0.3932038834951456,0.0,1.8545852688966955e-06,1.8545852688966955e-06,0.012382301957804076
2024-07-22,2022-09-21,1.1402854547445941e-06,1.1402854547445941e-06,0.004324372520172973,2024-07-15,250,32749,201,,1.4749824138429832e-06,1.4749824138429832e-06,1.4749824138429832e-06,1.4749824138429832e-06,0.0012144885400212648,0.0012144885400212648,0.0,0.0,0.052877039600766916,0.3333333333333333,0.3333333333333333,0.0,2.0139749194040257e-06,2.0139749194040257e-06,0.012465077688118182
2024-07-24,2022-09-23,6.451912402652406e-06,6.451912402652406e-06,0.004310919514688236,2024-07-19,250,32870,86,,3.837600193606904e-06,3.837600193606904e-06,3.837600193606904e-06,3.837600193606904e-06,0.0019589793754929896,0.0019589793754929896,0.0,0.0,0.052687322279006486,0.313953488372093,0.313953488372093,0.0,1.2232879845614012e-06,1.2232879845614012e-06,0.012357259200404497
2024-07-26,2022-09-26,1.4749514007496622e-06,1.4749514007496622e-06,0.004459975171272242,2024-07-22,250,32902,204,,1.2313969255971533e-06,1.2313969255971533e-06,1.2313969255971533e-06,1.2313969255971533e-06,0.0011096832546259104,0.0011096832546259104,0.0,0.0,0.052497568957753996,0.47058823529411764,0.47058823529411764,0.0,8.124832283348378e-07,8.124832283348378e-07,0.012710022102115486
2024-07-29,2022-09-28,6.81468937960689e-07,6.81468937960689e-07,0.004450357863828226,2024-07-24,250,32824,209,,4.7504266796585545e-07,4.7504266796585545e-07,4.7504266796585545e-07,4.7504266796585545e-07,0.000689233391505269,0.000689233391505269,0.0,0.0,0.05240267879304836,0.49760765550239233,0.49760765550239233,0.0,9.845420243473992e-08,9.845420243473992e-08,0.012569250973477334
2024-08-12,2022-09-30,2.743190104393466e-06,2.743190104393466e-06,0.0033758786533481305,2024-07-26,250,32945,37,,2.743190104393466e-06,2.743190104393466e-06,2.743190104393466e-06,2.743190104393466e-06,0.0016562578616850293,0.0016562578616850293,0.0,0.0,0.05192809286035919,0.6216216216216216,0.6216216216216216,0.0,,,
2024-08-14,2022-10-03,,,,2024-07-29,250,33013,40,,5.134988155562581e-06,5.134988155562581e-06,5.134988155562581e-06,5.134988155562581e-06,0.0022660512252732903,0.0022660512252732903,0.0,0.0,0.05183314864001729,0.05,0.05,0.0,5.134988155562581e-06,5.134988155562581e-06,0.012624904066120582
2024-08-16,2022-10-05,1.8138273215752815e-06,1.8138273215752815e-06,0.004360982556069775,2024-08-12,250,32914,156,,1.4478802660897206e-06,1.4478802660897206e-06,1.4478802660897206e-06,1.4478802660897206e-06,0.001203278964367665,0.001203278964367665,0.0,0.0,0.05202302806715192,0.5128205128205128,0.5128205128205128,0.0,1.8274901712535354e-07,1.8274901712535354e-07,0.012373122751188816
2024-08-19,2022-10-07,6.175466921923437e-07,6.175466921923437e-07,0.00433532404335324,2024-08-14,250,32876,218,,4.418211781917969e-07,4.418211781917969e-07,4.418211781917969e-07,4.418211781917969e-07,0.0006646963052340496,0.0006646963052340496,0.0,0.0,0.05192809286035919,0.463302752293578,0.463302752293578,0.0,1.9657787843279202e-07,1.9657787843279202e-07,0.0123454438851906
2024-08-21,2022-10-10,1.0442761890373468e-06,1.0442761890373468e-06,0.004326519800450311,2024-08-16,250,32958,88,,8.917606023143543e-07,8.917606023143543e-07,8.917606023143543e-07,8.917606023143543e-07,0.0009443307695475956,0.0009443307695475956,0.0,0.0,0.0515482618805766,0.3068181818181818,0.3068181818181818,0.0,7.001384548931586e-07,7.001384548931586e-07,0.012248439233935923
2024-08-23,2022-10-14,1.0424998316944132e-06,1.0424998316944132e-06,0.004364672872221974,2024-08-19,250,33008,205,,6.765982189721337e-07,6.765982189721337e-07,6.765982189721337e-07,6.765982189721337e-07,0.0008225559062897389,0.0008225559062897389,0.0,0.0,0.05145328158891569,0.5951219512195122,0.5951219512195122,0.0,1.3876693280203645e-07,1.3876693280203645e-07,0.012303050951062527
2024-08-26,2022-10-17,1.3378417281243583e-06,1.3378417281243583e-06,0.004320225709751366,2024-08-21,250,33010,192,,1.1240396635206518e-06,1.1240396635206518e-06,1.1240396635206518e-06,1.1240396635206518e-06,0.001060207368169384,0.001060207368169384,0.0,0.0,0.05116828657439943,0.296875,0.296875,0.0,7.831120469904173e-07,7.831120469904173e-07,0.012173701812747939
2024-08-28,2022-10-19,6.566231571754102e-07,6.566231571754102e-07,0.00429768012980748,2024-08-23,250,33136,81,,5.675177025797158e-07,5.675177025797158e-07,5.675177025797158e-07,5.675177025797158e-07,0.0007533377081891732,0.0007533377081891732,0.0,0.0,0.050978244764629435,0.5679012345679012,0.5679012345679012,0.0,4.5040767653966005e-07,4.5040767653966005e-07,0.012186058479948714
2024-08-30,2022-10-24,1.4128025868879515e-06,1.4128025868879515e-06,0.004264763479698855,2024-08-26,250,33244,146,,1.3610667659691599e-06,1.3610667659691599e-06,1.3610667659691599e-06,1.3610667659691599e-06,0.0011666476614510311,0.0011666476614510311,0.0,0.0,0.050883210314569785,0.4863013698630137,0.4863013698630137,0.0,1.1691435593349337e-06,1.1691435593349337e-06,0.012256117130831915
2024-09-04,2022-10-26,5.4273804467811985e-06,5.4273804467811985e-06,0.004399156080262152,2024-08-28,250,33167,82,,5.922985487565723e-06,5.922985487565723e-06,5.922985487565723e-06,5.922985487565723e-06,0.002433718448704723,0.002433718448704723,0.0,0.0,0.050598052763091386,0.12195121951219512,0.12195121951219512,0.0,6.525748375006362e-06,6.525748375006362e-06,0.012395310462251846
2024-09-06,2022-10-28,2.1382368281952084e-06,2.1382368281952084e-06,0.004406871121503731,2024-08-30,250,33229,118,,2.1551523019771772e-06,2.1551523019771772e-06,2.1551523019771772e-06,2.1551523019771772e-06,0.0014680436989330996,0.0014680436989330996,0.0,0.0,0.050217716160617404,0.3813559322033898,0.3813559322033898,0.0,2.1894169796380873e-06,2.1894169796380873e-06,0.01245101617510598
2024-09-09,2022-10-31,2.6279664037630063e-06,2.6279664037630063e-06,0.0044380038040032635,2024-09-04,250,33156,166,,2.011293048467945e-06,2.011293048467945e-06,2.011293048467945e-06,2.011293048467945e-06,0.0014182006375925604,0.0014182006375925604,0.0,0.0,0.05002749359964816,0.5060240963855421,0.5060240963855421,0.0,1.1861667280027226e-06,1.1861667280027226e-06,0.012664155377896221
2024-09-11,2022-11-02,,,,2024-09-06,250,33165,36,,6.855923169101177e-07,6.855923169101177e-07,6.855923169101177e-07,6.855923169101177e-07,0.000828005022273487,0.000828005022273487,0.0,0.0,0.04936142953772411,0.3055555555555556,0.3055555555555556,0.0,6.855923169101177e-07,6.855923169101177e-07,0.01246962043769019
2024-09-12,2022-11-04,1.2905530182609037e-06,1.2905530182609037e-06,0.004401329381119195,2024-09-09,250,33252,88,,1.1028681623592347e-06,1.1028681623592347e-06,1.1028681623592347e-06,1.1028681623592347e-06,0.0010501753007756537,0.0010501753007756537,0.0,0.0,0.049742091894814065,0.5340909090909091,0.5340909090909091,0.0,6.299023254870289e-07,6.299023254870289e-07,0.01234299448071859
2024-09-13,2022-11-07,1.1046637102687666e-06,1.1046637102687666e-06,0.004399156080262153,2024-09-11,250,33178,89,,9.593191653054803e-07,9.593191653054803e-07,9.593191653054803e-07,9.593191653054803e-07,0.0009794483984904361,0.0009794483984904361,0.0,0.0,0.0493614295377241,0.3146067415730337,0.3146067415730337,0.0,5.872371301994672e-07,5.872371301994672e-07,0.012239895186821441
2024-09-16,2022-11-09,1.7929611820242595e-06,1.7929611820242595e-06,0.004404494382022471,2024-09-12,250,33107,145,,1.1228088531860579e-06,1.1228088531860579e-06,1.1228088531860579e-06,1.1228088531860579e-06,0.0010596267518263485,0.0010596267518263485,0.0,0.0,0.04850440905961498,0.4689655172413793,0.4689655172413793,0.0,1.9997613806460028e-07,1.9997613806460028e-07,0.009359324567178516
2024-09-17,2022-11-11,1.5447086959824325e-06,1.5447086959824325e-06,0.004530325443786982,2024-09-13,250,33108,92,,7.064533823070698e-07,7.064533823070698e-07,7.064533823070698e-07,7.064533823070698e-07,0.0008405078121630219,0.0008405078121630219,0.0,0.0,0.04840913920768753,0.4673913043478261,0.4673913043478261,0.0,1.9173520724325063e-07,1.9173520724325063e-07,0.009345522706275318
2024-09-18,2022-11-14,1.180779583795378e-06,1.180779583795378e-06,0.004520503713270907,2024-09-16,250,33148,157,,9.557640186534526e-07,9.557640186534526e-07,9.557640186534526e-07,9.557640186534526e-07,0.0009776318420824132,0.0009776318420824132,0.0,0.0,0.04831386027855062,0.39490445859872614,0.39490445859872614,0.0,6.372804495294966e-07,6.372804495294966e-07,0.009341705294190775
2024-09-19,2022-11-18,2.396664342003199e-06,2.396664342003199e-06,0.004440618061534279,2024-09-17,250,33073,143,,1.937267309826071e-06,1.937267309826071e-06,1.937267309826071e-06,1.937267309826071e-06,0.001391857503419826,0.001391857503419826,0.0,0.0,0.04726519246711421,0.3706293706293706,0.3706293706293706,0.0,1.2832105182518548e-06,1.2832105182518548e-06,0.009369494121838264
2024-09-20,2022-11-21,1.3126205508857982e-06,1.3126205508857982e-06,0.004281906759295671,2024-09-18,250,33083,153,,1.4130921970434452e-06,1.4130921970434452e-06,1.4130921970434452e-06,1.4130921970434452e-06,0.001188735545461414,0.001188735545461414,0.0,0.0,0.04688358589885043,0.47058823529411764,0.47058823529411764,0.0,1.5646232043631752e-06,1.5646232043631752e-06,0.009212291148551611
2024-09-23,2022-11-23,1.628267195141281e-06,1.628267195141281e-06,0.004294478527607363,2024-09-19,250,33040,155,,1.1600367722159465e-06,1.1600367722159465e-06,1.1600367722159465e-06,1.1600367722159465e-06,0.0010770500323643033,0.0010770500323643033,0.0,0.0,0.04640637281415574,0.2064516129032258,0.2064516129032258,0.0,5.450475600155071e-07,5.450475600155071e-07,0.012328315002199736
2024-09-24,2022-11-25,6.308099567395452e-07,6.308099567395452e-07,0.004327283966971344,2024-09-20,250,33118,68,,3.226118517775958e-07,3.226118517775958e-07,3.226118517775958e-07,3.226118517775958e-07,0.0005679893060415802,0.0005679893060415802,0.0,0.0,0.046119935613553126,0.5882352941176471,0.5882352941176471,0.0,1.4413746815646477e-08,1.4413746815646477e-08,0.012297584566503416
2024-09-25,2022-11-28,8.734618988603959e-07,8.734618988603959e-07,0.0043101552535514814,2024-09-23,250,33087,164,,7.304961617625996e-07,7.304961617625996e-07,7.304961617625996e-07,7.304961617625996e-07,0.0008546906819210091,0.0008546906819210091,0.0,0.0,0.04583341634317223,0.3902439024390244,0.3902439024390244,0.0,5.182137036476901e-07,5.182137036476901e-07,0.012262497812007705
2024-09-26,2022-11-30,1.7348958901757657e-06,1.7348958901757657e-06,0.004329195564783319,2024-09-24,250,32967,158,,9.149696888087559e-07,9.149696888087559e-07,9.149696888087559e-07,9.149696888087559e-07,0.0009565404794407584,0.0009565404794407584,0.0,0.0,0.04583341634317223,0.5822784810126582,0.5822784810126582,0.0,7.401973868874611e-08,7.401973868874611e-08,0.012289602484036209
2024-09-27,2022-12-02,2.7276644543208067e-06,2.7276644543208067e-06,0.0043073136427566805,2024-09-25,250,33061,158,,1.8872082277629444e-06,1.8872082277629444e-06,1.8872082277629444e-06,1.8872082277629444e-06,0.0013737569755102044,0.0013737569755102044,0.0,0.0,0.04573789167385374,0.310126582278481,0.310126582278481,0.0,5.858566511572213e-07,5.858566511572213e-07,0.012241071116547266
2024-09-30,2022-12-05,1.453977656321955e-06,1.453977656321955e-06,0.004302208174195532,2024-09-26,250,33038,118,,1.148415285013574e-06,1.148415285013574e-06,1.148415285013574e-06,1.148415285013574e-06,0.0010716413975829667,0.0010716413975829667,0.0,0.0,0.045737891673853746,0.3983050847457627,0.3983050847457627,0.0,2.1065490410164742e-07,2.1065490410164742e-07,0.012258849983376209
2024-10-01,2022-12-07,1.1119920715176039e-06,1.1119920715176039e-06,0.004206008583690988,2024-09-27,250,32997,94,,1.0456358439553016e-06,1.0456358439553016e-06,1.0456358439553016e-06,1.0456358439553016e-06,0.0010225633691636434,0.0010225633691636434,0.0,0.0,0.04621542379696298,0.26595744680851063,0.26595744680851063,0.0,1.0080339816699974e-06,1.0080339816699974e-06,0.012209922267150026
2024-10-02,2022-12-09,4.146841579707388e-07,4.146841579707388e-07,0.004332257636709253,2024-09-30,250,33043,166,,2.851819754776224e-07,2.851819754776224e-07,2.851819754776224e-07,2.851819754776224e-07,0.0005340243210544089,0.0005340243210544089,0.0,0.0,0.046024438311279336,0.4819277108433735,0.4819277108433735,0.0,7.878787212921806e-08,7.878787212921806e-08,0.012320292990046076
2024-10-03,2022-12-12,4.5762945742760774e-07,4.5762945742760774e-07,0.0043213687274010065,2024-10-01,250,33021,165,,4.060265694141369e-07,4.060265694141369e-07,4.060265694141369e-07,4.060265694141369e-07,0.0006372021417212413,0.0006372021417212413,0.0,0.0,0.04583341634317223,0.5818181818181818,0.5818181818181818,0.0,3.2459076176787817e-07,3.2459076176787817e-07,0.012315095102485673
2024-10-04,2022-12-16,9.363212289866131e-07,9.363212289866131e-07,0.004342624185757965,2024-10-02,250,33015,127,,6.408289002391872e-07,6.408289002391872e-07,6.408289002391872e-07,6.408289002391872e-07,0.0008005178950149629,0.0008005178950149629,0.0,0.0,0.045737891673853746,0.3700787401574803,0.3700787401574803,0.0,3.4064621706719895e-07,3.4064621706719895e-07,0.012337651016167097
2024-10-07,2022-12-19,3.31413516974441e-06,3.31413516974441e-06,0.004320987654320986,2024-10-03,250,32995,179,,1.987758998851267e-06,1.987758998851267e-06,1.987758998851267e-06,1.987758998851267e-06,0.0014098790724212011,0.0014098790724212011,0.0,0.0,0.04621542379696298,0.3575418994413408,0.3575418994413408,0.0,6.761203409680479e-07,6.761203409680479e-07,0.012226543683898217
2024-10-08,2022-12-21,4.527499713073726e-06,4.527499713073726e-06,0.004420587306599305,2024-10-04,250,32895,62,,2.2024357252549507e-06,2.2024357252549507e-06,2.2024357252549507e-06,2.2024357252549507e-06,0.0014840605530957794,0.0014840605530957794,0.0,0.0,0.046597285376782156,0.4838709677419355,0.4838709677419355,0.0,1.5919767535360286e-07,1.5919767535360286e-07,0.012338085593518846
2024-10-09,2022-12-23,2.9197469094088717e-06,2.9197469094088717e-06,0.004340700713115118,2024-10-07,250,32998,150,,1.753056609211101e-06,1.753056609211101e-06,1.753056609211101e-06,1.753056609211101e-06,0.0013240304411950281,0.0013240304411950281,0.0,0.0,0.04640637281415574,0.4266666666666667,0.4266666666666667,0.0,9.710908634974808e-08,9.710908634974808e-08,0.012222490709562607
2024-10-10,2022-12-28,1.62090002399568e-06,1.62090002399568e-06,0.004269408381981355,2024-10-08,250,32868,123,,8.40569109290176e-07,8.40569109290176e-07,8.40569109290176e-07,8.40569109290176e-07,0.0009168255609930256,0.0009168255609930256,0.0,0.0,0.04640637281415573,0.5365853658536586,0.5365853658536586,0.0,7.282417707992196e-08,7.282417707992196e-08,0.012138415289184596
2024-10-11,2022-12-30,2.7108923516158036e-06,2.7108923516158036e-06,0.004278728606356968,2024-10-09,250,32941,146,,1.5904051302920009e-06,1.5904051302920009e-06,1.5904051302920009e-06,1.5904051302920009e-06,0.001261112655670381,0.001261112655670381,0.0,0.0,0.046406372814155744,0.4520547945205479,0.4520547945205479,0.0,1.1420767997651506e-07,1.1420767997651506e-07,0.012159694860534946
2024-10-14,2023-01-04,2.4089224243271114e-06,2.4089224243271114e-06,0.004306745770160403,2024-10-10,250,32874,137,,1.5983833563117e-06,1.5983833563117e-06,1.5983833563117e-06,1.5983833563117e-06,0.0012642718680377651,0.0012642718680377651,0.0,0.0,0.04621542379696298,0.38686131386861317,0.38686131386861317,0.0,6.178925482285415e-07,6.178925482285415e-07,0.012087313226819423
2024-10-16,2023-01-06,1.209132608414027e-06,1.209132608414027e-06,0.0041907205473594175,2024-10-11,250,32945,167,,7.743565646857611e-07,7.743565646857611e-07,7.743565646857611e-07,7.743565646857611e-07,0.0008799753204981155,0.0008799753204981155,0.0,0.0,0.04621542379696298,0.3413173652694611,0.3413173652694611,0.0,1.0901746746523236e-07,1.0901746746523236e-07,0.012083143606195456
2024-10-17,2023-01-09,1.1617945733792424e-06,1.1617945733792424e-06,0.0042281473811372865,2024-10-14,250,32971,163,,8.573886686464285e-07,8.573886686464285e-07,8.573886686464285e-07,8.573886686464285e-07,0.0009259528436407702,0.0009259528436407702,0.0,0.0,0.04611993561355311,0.4110429447852761,0.4110429447852761,0.0,4.32115713504997e-07,4.32115713504997e-07,0.012030851794607595
2024-10-18,2023-01-13,1.1159757022065657e-06,1.1159757022065657e-06,0.004221408572043937,2024-10-16,250,32907,166,,7.21827984380882e-07,7.21827984380882e-07,7.21827984380882e-07,7.21827984380882e-07,0.0008496046047314492,0.0008496046047314492,0.0,0.0,0.04631090286325026,0.3614457831325301,0.3614457831325301,0.0,1.5379156751445565e-07,1.5379156751445565e-07,0.012029818837468875
2024-10-21,2023-01-23,7.947963642148235e-07,7.947963642148235e-07,0.0041702127659574454,2024-10-17,250,32960,185,,4.809136835034456e-07,4.809136835034456e-07,4.809136835034456e-07,4.809136835034456e-07,0.000693479403806231,0.000693479403806231,0.0,0.0,0.04621542379696299,0.2702702702702703,0.2702702702702703,0.0,1.3492936499204046e-07,1.3492936499204046e-07,0.011983723635368376
2024-10-22,2023-01-25,2.3462270749832848e-07,2.3462270749832848e-07,0.004144113667117727,2024-10-18,250,32908,73,,1.8801520192725279e-07,1.8801520192725279e-07,1.8801520192725279e-07,1.8801520192725279e-07,0.0004336071977346003,0.0004336071977346003,0.0,0.0,0.04621542379696298,0.589041095890411,0.589041095890411,0.0,1.374127673072277e-07,1.374127673072277e-07,0.012003435395713035
2024-10-23,2023-01-27,2.69651152179752e-06,2.69651152179752e-06,0.004155007207665563,2024-10-21,250,33014,158,,1.6865370351337055e-06,1.6865370351337055e-06,1.6865370351337055e-06,1.6865370351337055e-06,0.001298667407434908,0.001298667407434908,0.0,0.0,0.04611993561355312,0.3037974683544304,0.3037974683544304,0.0,1.6355963460890481e-07,1.6355963460890481e-07,0.012009814510045937
2024-10-24,2023-01-30,1.2121253191053843e-06,1.2121253191053843e-06,0.004246836540128271,2024-10-22,250,32907,167,,8.853468826748465e-07,8.853468826748465e-07,8.853468826748465e-07,8.853468826748465e-07,0.0009409287341105311,0.0009409287341105311,0.0,0.0,0.04621542379696298,0.5688622754491018,0.5688622754491018,0.0,3.976178730770291e-07,3.976178730770291e-07,0.012120564369625771
2024-10-25,2023-02-01,1.688056970820009e-06,1.688056970820009e-06,0.004250336123519972,2024-10-23,250,32903,165,,1.4193042910398755e-06,1.4193042910398755e-06,1.4193042910398755e-06,1.4193042910398755e-06,0.0011913455800228057,0.0011913455800228057,0.0,0.0,0.0459289318883998,0.30303030303030304,0.30303030303030304,0.0,1.0262033564360988e-06,1.0262033564360988e-06,0.012094408190042125
2024-10-28,2023-02-03,2.2003614180802527e-06,2.2003614180802527e-06,0.0042349077395099615,2024-10-24,250,32994,94,,2.2003614180802527e-06,2.2003614180802527e-06,2.2003614180802527e-06,2.2003614180802527e-06,0.001483361526425791,0.001483361526425791,0.0,0.0,0.04621542379696298,0.5638297872340425,0.5638297872340425,0.0,,,
2024-10-29,2023-02-06,1.9020365887076178e-06,1.9020365887076178e-06,0.004198800342759212,2024-10-25,250,33010,69,,2.0272208496089637e-06,2.0272208496089637e-06,2.0272208496089637e-06,2.0272208496089637e-06,0.0014238050602554282,0.0014238050602554282,0.0,0.0,0.0459289318883998,0.3188405797101449,0.3188405797101449,0.0,2.1637854978649775e-06,2.1637854978649775e-06,0.012061300208322571
2024-10-30,2023-02-08,3.7653256904239434e-06,3.7653256904239434e-06,0.004193948731116534,2024-10-28,250,32890,184,,2.6504480792615444e-06,2.6504480792615444e-06,2.6504480792615444e-06,2.6504480792615444e-06,0.0016280196802439288,0.0016280196802439288,0.0,0.0,0.045928931888399804,0.34782608695652173,0.34782608695652173,0.0,1.2636490995229511e-06,1.2636490995229511e-06,0.012041812056310913
2024-10-31,2023-02-10,4.180152535657743e-06,4.180152535657743e-06,0.004259017818339852,2024-10-29,250,32875,120,,3.197148396605252e-06,3.197148396605252e-06,3.197148396605252e-06,3.197148396605252e-06,0.0017880571569738066,0.0017880571569738066,0.0,0.0,0.04564235787870107,0.4666666666666667,0.4666666666666667,0.0,3.749752231964875e-07,3.749752231964875e-07,0.012078352097377627
2024-11-01,2023-02-13,2.1261554503888148e-05,2.1261554503888148e-05,0.004338010712230534,2024-10-30,250,32906,195,,1.0585164596581278e-05,1.0585164596581278e-05,1.0585164596581278e-05,1.0585164596581278e-05,0.0032534849925243666,0.0032534849925243666,0.0,0.0,0.04535570172079718,0.29743589743589743,0.29743589743589743,0.0,2.3230165616249883e-07,2.3230165616249883e-07,0.012319859665166008
2024-11-04,2023-02-17,4.2760517244870047e-07,4.2760517244870047e-07,0.0043963931631600195,2024-10-31,250,32811,197,,3.236960693578029e-07,3.236960693578029e-07,3.236960693578029e-07,3.236960693578029e-07,0.0005689429403356746,0.0005689429403356746,0.0,0.0,0.04506896336757811,0.4467005076142132,0.4467005076142132,0.0,2.1872666929659006e-07,2.1872666929659006e-07,0.012268081045110674
2024-11-05,2023-02-22,1.108010601509453e-06,1.108010601509453e-06,0.0044142155758749605,2024-11-01,250,32833,67,,9.01557397537258e-07,9.01557397537258e-07,9.01557397537258e-07,9.01557397537258e-07,0.0009495037638352247,0.0009495037638352247,0.0,0.0,0.04545126290391737,0.29850746268656714,0.29850746268656714,0.0,7.011763466230683e-07,7.011763466230683e-07,0.012294563099980695
2024-11-06,2023-02-24,3.3084887974811406e-06,3.3084887974811406e-06,0.0043857686283284856,2024-11-04,250,32957,151,,2.6784398616081084e-06,2.6784398616081084e-06,2.6784398616081084e-06,2.6784398616081084e-06,0.001636593981905136,0.001636593981905136,0.0,0.0,0.0453557017207972,0.3443708609271523,0.3443708609271523,0.0,1.7740147762419815e-06,1.7740147762419815e-06,0.012147676434888155
2024-11-07,2023-02-27,2.2923417278156405e-06,2.2923417278156405e-06,0.004400143678160919,2024-11-05,250,32836,143,,1.4759175112517899e-06,1.4759175112517899e-06,1.4759175112517899e-06,1.4759175112517899e-06,0.001214873454830498,0.001214873454830498,0.0,0.0,0.045355701720797205,0.34265734265734266,0.34265734265734266,0.0,4.3918834736118606e-07,4.3918834736118606e-07,0.011852945655116407
2024-11-08,2023-03-01,1.4523218067387518e-06,1.4523218067387518e-06,0.004308071039212239,2024-11-06,250,32772,142,,6.526682833753748e-07,6.526682833753748e-07,6.526682833753748e-07,6.526682833753748e-07,0.0008078788791492043,0.0008078788791492043,0.0,0.0,0.045260131404864574,0.39436619718309857,0.39436619718309857,0.0,1.7647011777695939e-07,1.7647011777695939e-07,0.01176200030221118
2024-11-11,2023-03-03,2.1818661865500757e-06,2.1818661865500757e-06,0.0043620021149101155,2024-11-07,250,32845,166,,1.1267282036786344e-06,1.1267282036786344e-06,1.1267282036786344e-06,1.1267282036786344e-06,0.0010614745421717068,0.0010614745421717068,0.0,0.0,0.04526013140486457,0.35542168674698793,0.35542168674698793,0.0,9.671255373270442e-08,9.671255373270442e-08,0.01171127066651064
2024-11-13,2023-03-06,,,,2024-11-08,250,32841,30,,3.32178827421059e-07,3.32178827421059e-07,3.32178827421059e-07,3.32178827421059e-07,0.0005763495705047927,0.0005763495705047927,0.0,0.0,0.04526013140486458,0.3,0.3,0.0,3.32178827421059e-07,3.32178827421059e-07,0.011736580666778355
2024-11-14,2023-03-08,1.3698059065391674e-06,1.3698059065391674e-06,0.004397654584221748,2024-11-11,250,32847,120,,1.8128904476915382e-06,1.8128904476915382e-06,1.8128904476915382e-06,1.8128904476915382e-06,0.0013464362026072896,0.0013464362026072896,0.0,0.0,0.04497336564273114,0.30833333333333335,0.30833333333333335,0.0,3.2687396543350424e-06,3.2687396543350424e-06,0.011730881294060516
2024-11-15,2023-03-10,9.884700076553632e-07,9.884700076553632e-07,0.004337919551310139,2024-11-13,250,32808,159,,1.0781990095992566e-06,1.0781990095992566e-06,1.0781990095992566e-06,1.0781990095992566e-06,0.0010383636210881315,0.0010383636210881315,0.0,0.0,0.04506896336757812,0.4088050314465409,0.4088050314465409,0.0,1.1583141899063042e-06,1.1583141899063042e-06,0.011806800370776098
2024-11-18,2023-03-13,1.5906257859942863e-06,1.5906257859942863e-06,0.004400000000000001,2024-11-14,250,32834,158,,9.55811643218941e-07,9.55811643218941e-07,9.55811643218941e-07,9.55811643218941e-07,0.000977656198885345,0.000977656198885345,0.0,0.0,0.044973365642731154,0.36075949367088606,0.36075949367088606,0.0,4.761742908997913e-07,4.761742908997913e-07,0.011959991463935131
2024-11-19,2023-03-17,1.2521560363750177e-06,1.2521560363750177e-06,0.004341724410139462,2024-11-15,250,32824,67,,1.2999695646642182e-06,1.2999695646642182e-06,1.2999695646642182e-06,1.2999695646642182e-06,0.0011401620782433603,0.0011401620782433603,0.0,0.0,0.04526013140486457,0.29850746268656714,0.29850746268656714,0.0,1.3522656112305306e-06,1.3522656112305306e-06,0.01191118762220522
2024-11-20,2023-03-20,9.043975012910179e-07,9.043975012910179e-07,0.004336779393727002,2024-11-18,250,32786,166,,6.255611025529402e-07,6.255611025529402e-07,6.255611025529402e-07,6.255611025529402e-07,0.0007909242078435457,0.0007909242078435457,0.0,0.0,0.04516455195437363,0.5421686746987951,0.5421686746987951,0.0,2.1354911038772079e-07,2.1354911038772079e-07,0.011867804506183298
2024-11-21,2023-03-22,3.175382149207482e-07,3.175382149207482e-07,0.004323144104803493,2024-11-19,250,32664,163,,2.1775684527275141e-07,2.1775684527275141e-07,2.1775684527275141e-07,2.1775684527275141e-07,0.00046664423844375427,0.00046664423844375427,0.0,0.0,0.04516455195437363,0.7055214723926381,0.7055214723926381,0.0,7.110846866887731e-08,7.110846866887731e-08,0.011863784928027095
2024-11-22,2023-03-24,1.0901554020010837e-06,1.0901554020010837e-06,0.004332224750568879,2024-11-20,250,32748,175,,7.470350365188858e-07,7.470350365188858e-07,7.470350365188858e-07,7.470350365188858e-07,0.0008643118861376869,0.0008643118861376869,0.0,0.0,0.04526013140486457,0.5257142857142857,0.5257142857142857,0.0,4.2297691356347646e-07,4.2297691356347646e-07,0.011800436269307863
2024-11-25,2023-03-27,1.4929380689586064e-06,1.4929380689586064e-06,0.0043067820942271715,2024-11-21,250,32715,173,,9.263987135837784e-07,9.263987135837784e-07,9.263987135837784e-07,9.263987135837784e-07,0.0009624960849706239,0.0009624960849706239,0.0,0.0,0.04526013140486457,0.3930635838150289,0.3930635838150289,0.0,4.0392353029365904e-07,4.0392353029365904e-07,0.011763975416029956
2024-11-26,2023-03-29,4.0272564279704374e-07,4.0272564279704374e-07,0.004251299008030231,2024-11-22,250,32696,68,,3.5188807568794895e-07,3.5188807568794895e-07,3.5188807568794895e-07,3.5188807568794895e-07,0.0005932015472737313,0.0005932015472737313,0.0,0.0,0.04516455195437363,0.5,0.5,0.0,2.946958126902175e-07,2.946958126902175e-07,0.01172420631600087
2024-11-27,2023-03-31,6.351783219540094e-07,6.351783219540094e-07,0.004211690632179019,2024-11-25,250,32791,162,,8.078848344565203e-07,8.078848344565203e-07,8.078848344565203e-07,8.078848344565203e-07,0.0008988241398941843,0.0008988241398941843,0.0,0.0,0.04506896336757811,0.5061728395061729,0.5061728395061729,0.0,1.0723416817259902e-06,1.0723416817259902e-06,0.011663306418047116
2024-11-29,2023-04-03,1.129293794865681e-06,1.129293794865681e-06,0.004214021197803602,2024-11-26,250,32691,147,,7.52014518578581e-07,7.52014518578581e-07,7.52014518578581e-07,7.52014518578581e-07,0.000867187706657896,0.000867187706657896,0.0,0.0,0.044973365642731154,0.6394557823129252,0.6394557823129252,0.0,2.201125880754562e-07,2.201125880754562e-07,0.01169875423742965
2024-12-02,2023-04-05,6.421953091123751e-07,6.421953091123751e-07,0.004171406901782329,2024-11-27,250,32679,111,,7.248859899145692e-07,7.248859899145692e-07,7.248859899145692e-07,7.248859899145692e-07,0.0008514023666366974,0.0008514023666366974,0.0,0.0,0.044782142771893206,0.34234234234234234,0.34234234234234234,0.0,1.0594073804325362e-06,1.0594073804325362e-06,0.011626528918761926
2024-12-03,2023-04-10,4.989379078868176e-07,4.989379078868176e-07,0.004132058934012271,2024-11-29,250,32747,98,,4.0435250495743027e-07,4.0435250495743027e-07,4.0435250495743027e-07,4.0435250495743027e-07,0.0006358871794252737,0.0006358871794252737,0.0,0.0,0.04411257461832096,0.42857142857142855,0.42857142857142855,0.0,3.541040096511933e-07,3.541040096511933e-07,0.011605727018206518
2024-12-04,2023-04-14,6.478963348947301e-07,6.478963348947301e-07,0.004079950546053986,2024-12-02,250,32748,182,,4.0288698710513527e-07,4.0288698710513527e-07,4.0288698710513527e-07,4.0288698710513527e-07,0.0006347337923138607,0.0006347337923138607,0.0,0.0,0.04392118705792814,0.6098901098901099,0.6098901098901099,0.0,1.5243298714243823e-07,1.5243298714243823e-07,0.011600346078057992
2024-12-05,2023-04-17,4.7153064742083594e-07,4.7153064742083594e-07,0.0040739064236039665,2024-12-03,250,32753,153,,3.7852450919946464e-07,3.7852450919946464e-07,3.7852450919946464e-07,3.7852450919946464e-07,0.0006152434552268432,0.0006152434552268432,0.0,0.0,0.04372976286132523,0.6405228758169934,0.6405228758169934,0.0,2.3825295647215041e-07,2.3825295647215041e-07,0.011528757858012701
2024-12-06,2023-04-19,1.3912498496391692e-06,1.3912498496391692e-06,0.004073403554970376,2024-12-04,250,32834,174,,8.05777060400349e-07,8.05777060400349e-07,8.05777060400349e-07,8.05777060400349e-07,0.0008976508566254193,0.0008976508566254193,0.0,0.0,0.04363403702006131,0.5229885057471264,0.5229885057471264,0.0,1.7848478621589887e-07,1.7848478621589887e-07,0.011547761513862791
2024-12-09,2023-04-21,4.842278169694455e-06,4.842278169694455e-06,0.004076758359413605,2024-12-05,250,32909,128,,2.6237039508328093e-06,2.6237039508328093e-06,2.6237039508328093e-06,2.6237039508328093e-06,0.0016197851557638158,0.0016197851557638158,0.0,0.0,0.04325104199431495,0.3203125,0.3203125,0.0,1.2015409900240611e-06,1.2015409900240611e-06,0.011525912702982841
2024-12-10,2023-04-24,2.2616871187508515e-06,2.2616871187508515e-06,0.004012158054711247,2024-12-06,250,32903,51,,1.2099601132438393e-06,1.2099601132438393e-06,1.2099601132438393e-06,1.2099601132438393e-06,0.0010999818695068748,0.0010999818695068748,0.0,0.0,0.04325104199431493,0.5490196078431373,0.5490196078431373,0.0,4.7375120938893064e-07,4.7375120938893064e-07,0.011585574188000266
2024-12-11,2023-04-26,1.2819592361727228e-06,1.2819592361727228e-06,0.003995641118779515,2024-12-09,250,32822,135,,8.995195019146792e-07,8.995195019146792e-07,8.995195019146792e-07,8.995195019146792e-07,0.0009484300195136588,0.0009484300195136588,0.0,0.0,0.04315527031392761,0.6296296296296297,0.6296296296296297,0.0,3.078202904211023e-07,3.078202904211023e-07,0.011621707033842068
2024-12-12,2023-04-28,1.1922677071493104e-06,1.1922677071493104e-06,0.0040163901172461354,2024-12-10,250,32796,110,,8.87884972808008e-07,8.87884972808008e-07,8.87884972808008e-07,8.87884972808008e-07,0.0009422764842698814,0.0009422764842698814,0.0,0.0,0.04286790022717579,0.509090909090909,0.509090909090909,0.0,5.72228803861472e-07,5.72228803861472e-07,0.011532553583775059
2024-12-13,2023-05-01,1.3170647690406259e-06,1.3170647690406259e-06,0.003992579448298113,2024-12-11,250,32757,149,,8.7334996683993e-07,8.7334996683993e-07,8.7334996683993e-07,8.7334996683993e-07,0.0009345319506790178,0.0009345319506790178,0.0,0.0,0.04258044753511838,0.5973154362416108,0.5973154362416108,0.0,4.3555136200191035e-07,4.3555136200191035e-07,0.011592284017010573
2024-12-16,2023-05-03,1.2972936525551173e-06,1.2972936525551173e-06,0.003989844033369605,2024-12-12,250,32728,139,,9.160386031972507e-07,9.160386031972507e-07,9.160386031972507e-07,9.160386031972507e-07,0.0009570990561050882,0.0009570990561050882,0.0,0.0,0.042484611606155305,0.5323741007194245,0.5323741007194245,0.0,3.159149143932015e-07,3.159149143932015e-07,0.008439933135830257
2024-12-17,2023-05-05,,,,2024-12-13,250,32799,18,,8.280203326517188e-07,8.280203326517188e-07,8.280203326517188e-07,8.280203326517188e-07,0.0009099562256788613,0.0009099562256788613,0.0,0.0,0.04277209184386899,0.0,0.0,0.0,8.280203326517188e-07,8.280203326517188e-07,0.008404047528799091
2024-12-18,2023-05-08,3.7885712450161315e-06,3.7885712450161315e-06,0.0039056335805586232,2024-12-16,250,32808,149,,1.590323931724471e-05,1.590323931724471e-05,1.590323931724471e-05,1.590323931724471e-05,0.003987886572765669,0.003987886572765669,0.0,0.0,0.04286790022717579,0.28187919463087246,0.28187919463087246,0.0,3.6022241651481454e-05,3.6022241651481454e-05,0.008438815800360754
2024-12-19,2023-05-10,4.020168193412313e-06,4.020168193412313e-06,0.003991130820399111,2024-12-17,250,32644,124,,8.224830142760104e-06,8.224830142760104e-06,8.224830142760104e-06,8.224830142760104e-06,0.0028678964665343316,0.0028678964665343316,0.0,0.0,0.04267627428043632,0.3548387096774194,0.3548387096774194,0.0,1.5113318868287334e-05,1.5113318868287334e-05,0.008698048713925089
2024-12-20,2023-05-12,6.756242798162757e-06,6.756242798162757e-06,0.0039633291965250825,2024-12-18,250,32720,171,,4.644471978263135e-06,4.644471978263135e-06,4.644471978263135e-06,4.644471978263135e-06,0.002155103704758343,0.002155103704758343,0.0,0.0,0.04258044753511838,0.4444444444444444,0.4444444444444444,0.0,2.873309355121518e-06,2.873309355121518e-06,0.008700720013649545
2024-12-23,2023-05-15,1.4447922961268067e-06,1.4447922961268067e-06,0.003890133207591654,2024-12-19,250,32709,185,,1.7029732840756586e-06,1.7029732840756586e-06,1.7029732840756586e-06,1.7029732840756586e-06,0.0013049801853191713,0.0013049801853191713,0.0,0.0,0.04248461160615529,0.34054054054054056,0.34054054054054056,0.0,1.9814606418631836e-06,1.9814606418631836e-06,0.011951349065381037
2024-12-24,2023-05-19,8.920956482530391e-07,8.920956482530391e-07,0.003878246562463274,2024-12-20,250,32693,69,,8.977419458004442e-07,8.977419458004442e-07,8.977419458004442e-07,8.977419458004442e-07,0.0009474924515796652,0.0009474924515796652,0.0,0.0,0.042676274280436306,0.43478260869565216,0.43478260869565216,0.0,9.039015431248858e-07,9.039015431248858e-07,0.011880206494139803
2024-12-26,2023-05-22,,,,2024-12-23,250,32697,61,,3.0616588312928545e-06,3.0616588312928545e-06,3.0616588312928545e-06,3.0616588312928545e-06,0.0017497596495784369,0.0017497596495784369,0.0,0.0,0.04305948946044696,0.22950819672131148,0.22950819672131148,0.0,3.0616588312928545e-06,3.0616588312928545e-06,0.011749609180109769
2024-12-27,2023-05-24,7.547361043023138e-07,7.547361043023138e-07,0.0038220986796386395,2024-12-24,250,32551,164,,1.0050719984785152e-06,1.0050719984785152e-06,1.0050719984785152e-06,1.0050719984785152e-06,0.0010025327917223034,0.0010025327917223034,0.0,0.0,0.04258044753511838,0.3719512195121951,0.3719512195121951,0.0,1.2949346127878008e-06,1.2949346127878008e-06,0.011748827618319085
2024-12-30,2023-05-26,2.14870817243095e-06,2.14870817243095e-06,0.0038733909777377835,2024-12-26,250,32533,170,,1.9324331278888784e-06,1.9324331278888784e-06,1.9324331278888784e-06,1.9324331278888784e-06,0.0013901198250110955,0.0013901198250110955,0.0,0.0,0.04219704869978835,0.37058823529411766,0.37058823529411766,0.0,1.700333080087632e-06,1.700333080087632e-06,0.011873817246768961
2024-12-31,2023-05-31,6.605525093117179e-07,6.605525093117179e-07,0.003925455987311655,2024-12-27,250,32521,38,,6.605525093117179e-07,6.605525093117179e-07,6.605525093117179e-07,6.605525093117179e-07,0.0008127438153020408,0.0008127438153020408,0.0,0.0,0.04277209184386899,0.5526315789473685,0.5526315789473685,0.0,,,
2025-01-02,2023-06-02,1.7982310796653175e-06,1.7982310796653175e-06,0.00395335835795863,2024-12-30,250,32652,155,,1.1183664985678206e-06,1.1183664985678206e-06,1.1183664985678206e-06,1.1183664985678206e-06,0.0010575284859368188,0.0010575284859368188,0.0,0.0,0.04277209184386898,0.4064516129032258,0.4064516129032258,0.0,1.516840473198168e-07,1.516840473198168e-07,0.012054736554736555
2025-01-03,2023-06-07,8.691275682389395e-07,8.691275682389395e-07,0.004059872872667624,2024-12-31,250,32547,192,,5.905476035064865e-07,5.905476035064865e-07,5.905476035064865e-07,5.905476035064865e-07,0.0007684709516347945,0.0007684709516347945,0.0,0.0,0.042676274280436306,0.4635416666666667,0.4635416666666667,0.0,2.9399473782355264e-07,2.9399473782355264e-07,0.012084428024083202
2025-01-06,2023-06-09,6.035348312722853e-07,6.035348312722853e-07,0.0040680473372781065,2025-01-02,250,32633,179,,8.88010875103359e-07,8.88010875103359e-07,8.88010875103359e-07,8.88010875103359e-07,0.0009423432894138733,0.0009423432894138733,0.0,0.0,0.042484611606155305,0.3407821229050279,0.3407821229050279,0.0,1.1888361168557583e-06,1.1888361168557583e-06,0.011935197229495733
2025-01-07,2023-06-12,3.730705816973324e-07,3.730705816973324e-07,0.0040408163265306125,2025-01-03,250,32736,68,,5.359901841333435e-07,5.359901841333435e-07,5.359901841333435e-07,5.359901841333435e-07,0.0007321135049521649,0.0007321135049521649,0.0,0.0,0.04258044753511839,0.38235294117647056,0.38235294117647056,0.0,7.192747368738559e-07,7.192747368738559e-07,0.011866836871808653
2025-01-08,2023-06-16,5.432976698864581e-07,5.432976698864581e-07,0.004087362206349862,2025-01-06,250,32786,163,,3.7882093770731556e-07,3.7882093770731556e-07,3.7882093770731556e-07,3.7882093770731556e-07,0.0006154843115038071,0.0006154843115038071,0.0,0.0,0.04258044753511838,0.6196319018404908,0.6196319018404908,0.0,1.3708998283796957e-07,1.3708998283796957e-07,0.012002514312896045
2025-01-10,2023-06-21,2.7865419425287123e-06,2.7865419425287123e-06,0.00407911001236094,2025-01-07,250,32711,115,,2.1736393466995883e-06,2.1736393466995883e-06,2.1736393466995883e-06,2.1736393466995883e-06,0.0014743267435340065,0.0014743267435340065,0.0,0.0,0.042580447535118374,0.3739130434782609,0.3739130434782609,0.0,1.6677514898247537e-06,1.6677514898247537e-06,0.011985003986496805
2025-01-13,2023-06-23,2.065665985054783e-06,2.065665985054783e-06,0.004179860671310956,2025-01-08,250,32792,181,,1.5090498152086958e-06,1.5090498152086958e-06,1.5090498152086958e-06,1.5090498152086958e-06,0.001228433887194869,0.001228433887194869,0.0,0.0,0.0426762742804363,0.35359116022099446,0.35359116022099446,0.0,9.462490212532081e-07,9.462490212532081e-07,0.012170821202776962
2025-01-15,2023-06-26,2.4694951447298836e-06,2.4694951447298836e-06,0.004243827160493825,2025-01-10,250,32717,163,,1.7920656715271967e-06,1.7920656715271967e-06,1.7920656715271967e-06,1.7920656715271967e-06,0.0013386805711323357,0.0013386805711323357,0.0,0.0,0.042676274280436306,0.3374233128834356,0.3374233128834356,0.0,7.707104657754528e-07,7.707104657754528e-07,0.01213528229615761
2025-01-16,2023-06-28,5.9251293902658535e-06,5.9251293902658535e-06,0.004161937192584184,2025-01-13,250,32712,159,,3.6140488334883383e-06,3.6140488334883383e-06,3.6140488334883383e-06,3.6140488334883383e-06,0.0019010651839135707,0.0019010651839135707,0.0,0.0,0.04258044753511838,0.32075471698113206,0.32075471698113206,0.0,3.575262307563843e-07,3.575262307563843e-07,0.011918485778872431
2025-01-17,2023-06-30,1.8657028019707011e-06,1.8657028019707011e-06,0.00433715937965478,2025-01-15,250,32793,163,,1.491566437667709e-06,1.491566437667709e-06,1.491566437667709e-06,1.491566437667709e-06,0.0012212970308928574,0.0012212970308928574,0.0,0.0,0.0424846116061553,0.3803680981595092,0.3803680981595092,0.0,8.820862313031575e-07,8.820862313031575e-07,0.011941450882293283
2025-01-21,2023-07-05,2.164264131945713e-06,2.164264131945713e-06,0.004304722149752154,2025-01-16,250,32786,67,,1.5338711865126524e-06,1.5338711865126524e-06,1.5338711865126524e-06,1.5338711865126524e-06,0.0012384955335053302,0.0012384955335053302,0.0,0.0,0.042484611606155305,0.3880597014925373,0.3880597014925373,0.0,8.843754245513173e-07,8.843754245513173e-07,0.011822751765453996
2025-01-22,2023-07-07,1.5390461653012088e-06,1.5390461653012088e-06,0.004446640316205535,2025-01-17,250,32867,169,,1.0055117558564512e-06,1.0055117558564512e-06,1.0055117558564512e-06,1.0055117558564512e-06,0.001002752090925993,0.001002752090925993,0.0,0.0,0.0426762742804363,0.3136094674556213,0.3136094674556213,0.0,1.3018186536114606e-07,1.3018186536114606e-07,0.011715512809883095
2025-01-23,2023-07-10,2.535916543032652e-07,2.535916543032652e-07,0.004422999597909128,2025-01-21,250,32827,178,,2.0592524180328532e-07,2.0592524180328532e-07,2.0592524180328532e-07,2.0592524180328532e-07,0.00045378986524963877,0.00045378986524963877,0.0,0.0,0.042676274280436306,0.4606741573033708,0.4606741573033708,0.0,1.2503678422756188e-07,1.2503678422756188e-07,0.011650023085548444
2025-01-24,2023-07-14,2.5738107902564333e-07,2.5738107902564333e-07,0.004426361441473666,2025-01-22,250,32820,174,,1.940588304743663e-07,1.940588304743663e-07,1.940588304743663e-07,1.940588304743663e-07,0.0004405210897044162,0.0004405210897044162,0.0,0.0,0.042676274280436306,0.5574712643678161,0.5574712643678161,0.0,7.96702524462528e-08,7.96702524462528e-08,0.011586781467814677
2025-01-27,2023-07-17,2.6243758437451454e-06,2.6243758437451454e-06,0.00444384594667385,2025-01-23,250,32896,182,,2.1255466911384906e-06,2.1255466911384906e-06,2.1255466911384906e-06,2.1255466911384906e-06,0.0014579254751661659,0.0014579254751661659,0.0,0.0,0.04258044753511838,0.26373626373626374,0.26373626373626374,0.0,1.5035498465301917e-06,1.5035498465301917e-06,0.011620704968995182
2025-01-28,2023-07-19,1.6356460528026597e-06,1.6356460528026597e-06,0.004306969459671104,2025-01-24,250,32970,64,,1.1268770479930144e-06,1.1268770479930144e-06,1.1268770479930144e-06,1.1268770479930144e-06,0.001061544651907311,0.001061544651907311,0.0,0.0,0.04229291219025145,0.25,0.25,0.0,6.181080431833694e-07,6.181080431833694e-07,0.011787443482323105
2025-01-29,2023-07-21,1.5974839444564997e-06,1.5974839444564997e-06,0.004155124653739614,2025-01-27,250,33074,134,,1.4768996211498602e-06,1.4768996211498602e-06,1.4768996211498602e-06,1.4768996211498602e-06,0.0012152775901619597,0.0012152775901619597,0.0,0.0,0.04219704869978836,0.6417910447761194,0.6417910447761194,0.0,9.76010893568436e-07,9.76010893568436e-07,0.011687024416065638
2025-01-30,2023-07-24,1.5561168583784367e-06,1.5561168583784367e-06,0.004136029411764707,2025-01-28,250,32941,154,,2.697790263753839e-06,2.697790263753839e-06,2.697790263753839e-06,2.697790263753839e-06,0.0016424951335556033,0.0016424951335556033,0.0,0.0,0.04219704869978835,0.474025974025974,0.474025974025974,0.0,4.536077950375252e-06,4.536077950375252e-06,0.011739652049650221
2025-01-31,2023-07-26,1.1387937141547784e-05,1.1387937141547784e-05,0.004166842038806346,2025-01-29,250,32876,184,,6.1729689025191025e-06,6.1729689025191025e-06,6.1729689025191025e-06,6.1729689025191025e-06,0.0024845460153756667,0.0024845460153756667,0.0,0.0,0.04210117601863539,0.3423913043478261,0.3423913043478261,0.0,3.585790268204582e-07,3.585790268204582e-07,0.011676980034377893
2025-02-03,2023-07-28,1.6282206779872123e-06,1.6282206779872123e-06,0.004194915254237287,2025-01-30,250,32945,186,,1.2263563789534753e-06,1.2263563789534753e-06,1.2263563789534753e-06,1.2263563789534753e-06,0.001107409761088223,0.001107409761088223,0.0,0.0,0.042197048699788346,0.27956989247311825,0.27956989247311825,0.0,8.068277151270466e-07,8.068277151270466e-07,0.011739456980492504
2025-02-04,2023-07-31,2.1412704601470154e-06,2.1412704601470154e-06,0.004341914828297005,2025-01-31,250,32937,67,,2.203871120716363e-06,2.203871120716363e-06,2.203871120716363e-06,2.203871120716363e-06,0.0014845440784012993,0.0014845440784012993,0.0,0.0,0.042484611606155305,0.26865671641791045,0.26865671641791045,0.0,2.268368770999934e-06,2.268368770999934e-06,0.011818993927430282
2025-02-05,2023-08-02,4.238190910614494e-07,4.238190910614494e-07,0.004252577319587628,2025-02-03,250,32974,165,,7.059617105253154e-07,7.059617105253154e-07,7.059617105253154e-07,7.059617105253154e-07,0.0008402152762984707,0.0008402152762984707,0.0,0.0,0.042388766491786634,0.47878787878787876,0.47878787878787876,0.0,1.162764046800146e-06,1.162764046800146e-06,0.011740237296021803
2025-02-06,2023-08-04,1.5996190832989209e-06,1.5996190832989209e-06,0.0042586140147115766,2025-02-04,250,32960,118,,1.5598259184542007e-06,1.5598259184542007e-06,1.5598259184542007e-06,1.5598259184542007e-06,0.0012489299093440755,0.0012489299093440755,0.0,0.0,0.042388766491786606,0.288135593220339,0.288135593220339,0.0,1.5226421414681502e-06,1.5226421414681502e-06,0.011692827115951139
2025-02-07,2023-08-07,1.8494788243551614e-06,1.8494788243551614e-06,0.004244918960638023,2025-02-05,250,32983,153,,1.5919314092612382e-06,1.5919314092612382e-06,1.5919314092612382e-06,1.5919314092612382e-06,0.0012617176424466919,0.0012617176424466919,0.0,0.0,0.0424846116061553,0.32679738562091504,0.32679738562091504,0.0,1.337728765791911e-06,1.337728765791911e-06,0.011652328803272199
2025-02-10,2023-08-09,5.664703558831877e-07,5.664703558831877e-07,0.0032948205421078065,2025-02-06,250,32926,145,,3.4502223127254285e-07,3.4502223127254285e-07,3.4502223127254285e-07,3.4502223127254285e-07,0.0005873859304346188,0.0005873859304346188,0.0,0.0,0.04258044753511839,0.503448275862069,0.503448275862069,0.0,1.8870590801796992e-07,1.8870590801796992e-07,0.011759974699136108
2025-02-11,2023-08-11,2.467441285676965e-06,2.467441285676965e-06,0.004392708104546453,2025-02-07,250,33003,66,,1.359339117213961e-06,1.359339117213961e-06,1.359339117213961e-06,1.359339117213961e-06,0.001165906993380673,0.001165906993380673,0.0,0.0,0.04258044753511839,0.3333333333333333,0.3333333333333333,0.0,1.8198056322201927e-07,1.8198056322201927e-07,0.011680648094568901
2025-02-12,2023-08-14,1.1649324251883095e-06,1.1649324251883095e-06,0.004298856504169891,2025-02-10,250,33016,129,,9.306564860107881e-07,9.306564860107881e-07,9.306564860107881e-07,9.306564860107881e-07,0.0009647053881941305,0.0009647053881941305,0.0,0.0,0.04258044753511839,0.37209302325581395,0.37209302325581395,0.0,1.9004222667539803e-07,1.9004222667539803e-07,0.011671771488989117
2025-02-13,2023-08-18,1.0964736238874016e-06,1.0964736238874016e-06,0.004221724996833706,2025-02-11,250,32912,123,,6.778775452522148e-07,6.778775452522148e-07,6.778775452522148e-07,6.778775452522148e-07,0.0008233331921234652,0.0008233331921234652,0.0,0.0,0.042580447535118374,0.4959349593495935,0.4959349593495935,0.0,2.5241923581972996e-07,2.5241923581972996e-07,0.01170949350304959
2025-02-14,2023-08-21,1.920309562943009e-06,1.920309562943009e-06,0.004140272429925889,2025-02-12,250,32850,148,,8.526563378828831e-07,8.526563378828831e-07,8.526563378828831e-07,8.526563378828831e-07,0.0009233939234600167,0.0009233939234600167,0.0,0.0,0.042484611606155305,0.5135135135135135,0.5135135135135135,0.0,1.6461314839969095e-07,1.6461314839969095e-07,0.011587161530513503
2025-02-18,2023-08-23,8.963018892502596e-08,8.963018892502596e-08,0.00408830744071954,2025-02-13,250,32757,70,,1.0862710162264752e-07,1.0862710162264752e-07,1.0862710162264752e-07,1.0862710162264752e-07,0.0003295862582430395,0.0003295862582430395,0.0,0.0,0.04248461160615531,0.5285714285714286,0.5285714285714286,0.0,1.311859354510731e-07,1.311859354510731e-07,0.01158773167131376
2025-02-19,2023-08-25,3.7498463678085286e-07,3.7498463678085286e-07,0.004090481449666625,2025-02-14,250,32829,168,,3.901689022321059e-07,3.901689022321059e-07,3.901689022321059e-07,3.901689022321059e-07,0.0006246350152145699,0.0006246350152145699,0.0,0.0,0.0424846116061553,0.3869047619047619,0.3869047619047619,0.0,4.154760113175277e-07,4.154760113175277e-07,0.011553811182521386
2025-02-20,2023-08-28,1.7758090446725366e-07,1.7758090446725366e-07,0.004083799567117246,2025-02-18,250,32724,168,,1.834477047415061e-07,1.834477047415061e-07,1.834477047415061e-07,1.834477047415061e-07,0.0004283079554963999,0.0004283079554963999,0.0,0.0,0.0424846116061553,0.48214285714285715,0.48214285714285715,0.0,1.9298125518716633e-07,1.9298125518716633e-07,0.0115266669929682
2025-02-21,2023-08-30,1.0711531260001866e-06,1.0711531260001866e-06,0.004067851767481592,2025-02-19,250,32723,190,,9.354629901892671e-07,9.354629901892671e-07,9.354629901892671e-07,9.354629901892671e-07,0.0009671933571883479,0.0009671933571883479,0.0,0.0,0.04238876649178662,0.35789473684210527,0.35789473684210527,0.0,7.81477555167887e-07,7.81477555167887e-07,0.011574822241882108
2025-02-24,2023-09-01,1.915084169544845e-06,1.915084169544845e-06,0.004072490327835471,2025-02-20,250,32816,194,,1.0582102604801904e-06,1.0582102604801904e-06,1.0582102604801904e-06,1.0582102604801904e-06,0.0010286934725564222,0.0010286934725564222,0.0,0.0,0.04229291219025145,0.3711340206185567,0.3711340206185567,0.0,1.6525744998123465e-07,1.6525744998123465e-07,0.011776244291095778
2025-02-25,2023-09-06,4.29578589307448e-07,4.29578589307448e-07,0.004046944556859573,2025-02-21,250,32838,70,,4.347018954166095e-07,4.347018954166095e-07,4.347018954166095e-07,4.347018954166095e-07,0.000659319266680877,0.000659319266680877,0.0,0.0,0.04219704869978836,0.3,0.3,0.0,4.407858214212386e-07,4.407858214212386e-07,0.011830076522496274
2025-02-26,2023-09-08,2.1097850697714675e-06,2.1097850697714675e-06,0.004047927461139898,2025-02-24,250,32960,168,,1.5030256126574202e-06,1.5030256126574202e-06,1.5030256126574202e-06,1.5030256126574202e-06,0.001225979450340592,0.001225979450340592,0.0,0.0,0.04210117601863539,0.32142857142857145,0.32142857142857145,0.0,5.653064516629836e-07,5.653064516629836e-07,0.011889203015616585
2025-02-27,2023-09-11,1.54888505425186e-06,1.54888505425186e-06,0.004160426027625229,2025-02-25,250,32936,130,,1.3624409817698665e-06,1.3624409817698665e-06,1.3624409817698665e-06,1.3624409817698665e-06,0.0011672364720868974,0.0011672364720868974,0.0,0.0,0.04219704869978835,0.46923076923076923,0.46923076923076923,0.0,7.670228148112426e-07,7.670228148112426e-07,0.011883203821441795
2025-02-28,2023-09-15,1.6142723826903163e-06,1.6142723826903163e-06,0.004214075010535187,2025-02-26,250,32950,171,,1.0305143488727513e-06,1.0305143488727513e-06,1.0305143488727513e-06,1.0305143488727513e-06,0.0010151425263837347,0.0010151425263837347,0.0,0.0,0.04229291219025145,0.5263157894736842,0.5263157894736842,0.0,4.79924385158457e-07,4.79924385158457e-07,0.012075959319716263
2025-03-03,2023-09-18,3.2058022290239602e-06,3.2058022290239602e-06,0.004134965266291763,2025-02-27,250,32908,141,,3.1711263246986067e-06,3.1711263246986067e-06,3.1711263246986067e-06,3.1711263246986067e-06,0.0017807656568730784,0.0017807656568730784,0.0,0.0,0.042292912190251455,0.19858156028368795,0.19858156028368795,0.0,3.1099335523597474e-06,3.1099335523597474e-06,0.011890403581406311
2025-03-04,2023-09-20,1.0764398974315889e-06,1.0764398974315889e-06,0.00420115111540562,2025-02-28,250,32902,96,,6.981337206017191e-07,6.981337206017191e-07,6.981337206017191e-07,6.981337206017191e-07,0.0008355439668872723,0.0008355439668872723,0.0,0.0,0.04258044753511838,0.3541666666666667,0.3541666666666667,0.0,4.502779495752525e-07,4.502779495752525e-07,0.012102437603850835
2025-03-05,2023-09-22,1.7372413381874582e-06,1.7372413381874582e-06,0.004238545331242315,2025-03-03,250,32960,161,,2.428347088191889e-06,2.428347088191889e-06,2.428347088191889e-06,2.428347088191889e-06,0.0015583154649145626,0.0015583154649145626,0.0,0.0,0.042484611606155305,0.2546583850931677,0.2546583850931677,0.0,3.655655575268723e-06,3.655655575268723e-06,0.012247408383316578
2025-03-06,2023-09-25,2.5324284403452196e-06,2.5324284403452196e-06,0.004241961482989734,2025-03-04,250,32864,98,,2.721479748601165e-06,2.721479748601165e-06,2.721479748601165e-06,2.721479748601165e-06,0.001649690803939079,0.001649690803939079,0.0,0.0,0.04258044753511838,0.35714285714285715,0.35714285714285715,0.0,3.1113980718790502e-06,3.1113980718790502e-06,0.012117174904812542
2025-03-07,2023-09-27,1.916271204698017e-06,1.916271204698017e-06,0.004249351973823991,2025-03-05,250,32830,149,,2.5480496595238435e-06,2.5480496595238435e-06,2.5480496595238435e-06,2.5480496595238435e-06,0.0015962611501642967,0.0015962611501642967,0.0,0.0,0.0424846116061553,0.28859060402684567,0.28859060402684567,0.0,3.45946775828897e-06,3.45946775828897e-06,0.012336156169789243
2025-03-10,2023-09-29,8.085563329807077e-06,8.085563329807077e-06,0.0041828753084870544,2025-03-06,250,32846,174,,5.163726426603741e-06,5.163726426603741e-06,5.163726426603741e-06,5.163726426603741e-06,0.002272383424205462,0.002272383424205462,0.0,0.0,0.042484611606155305,0.19540229885057472,0.19540229885057472,0.0,2.559480491139897e-06,2.559480491139897e-06,0.012267398249756912
2025-03-11,2023-10-02,,,,2025-03-07,250,32821,33,,6.240362129443572e-07,6.240362129443572e-07,6.240362129443572e-07,6.240362129443572e-07,0.0007899596274141845,0.0007899596274141845,0.0,0.0,0.04238876649178663,0.30303030303030304,0.30303030303030304,0.0,6.240362129443572e-07,6.240362129443572e-07,0.012603089657140817
2025-03-12,2023-10-04,4.903568856380244e-06,4.903568856380244e-06,0.004528165187466037,2025-03-10,250,32777,170,,4.899967328491032e-06,4.899967328491032e-06,4.899967328491032e-06,4.899967328491032e-06,0.002213586982363926,0.002213586982363926,0.0,0.0,0.042484611606155305,0.24705882352941178,0.24705882352941178,0.0,4.894002297924528e-06,4.894002297924528e-06,0.012708735069794214
2025-03-13,2023-10-06,9.964540183554527e-07,9.964540183554527e-07,0.004608719697667989,2025-03-11,250,32729,128,,1.2653186176485478e-06,1.2653186176485478e-06,1.2653186176485478e-06,1.2653186176485478e-06,0.0011248638218240231,0.0011248638218240231,0.0,0.0,0.042580447535118374,0.2890625,0.2890625,0.0,2.143609642005993e-06,2.143609642005993e-06,0.012641651904736336
2025-03-14,2023-10-09,4.7604205390750914e-06,4.7604205390750914e-06,0.004769172071728347,2025-03-12,250,32797,152,,5.058030302268889e-06,5.058030302268889e-06,5.058030302268889e-06,5.058030302268889e-06,0.0022490065145012116,0.0022490065145012116,0.0,0.0,0.0424846116061553,0.19078947368421054,0.19078947368421054,0.0,5.305440828297468e-06,5.305440828297468e-06,0.012812447861883862
2025-03-17,2023-10-13,9.915749600171647e-07,9.915749600171647e-07,0.004684060143332242,2025-03-13,250,32751,65,,1.1426148431576636e-06,1.1426148431576636e-06,1.1426148431576636e-06,1.1426148431576636e-06,0.0010689316363349266,0.0010689316363349266,0.0,0.0,0.04238876649178663,0.38461538461538464,0.38461538461538464,0.0,1.2803276777857655e-06,1.2803276777857655e-06,0.009719271157228907
2025-03-18,2023-10-16,1.2161037405390006e-06,1.2161037405390006e-06,0.004672897196261682,2025-03-14,250,32798,152,,1.087274957739743e-06,1.087274957739743e-06,1.087274957739743e-06,1.087274957739743e-06,0.0010427247756429991,0.0010427247756429991,0.0,0.0,0.0424846116061553,0.3092105263157895,0.3092105263157895,0.0,9.743509629403937e-07,9.743509629403937e-07,0.009644896411883984
2025-03-19,2023-10-18,1.4838557007655532e-06,1.4838557007655532e-06,0.004701678499224224,2025-03-17,250,32754,158,,1.3116224601049281e-06,1.3116224601049281e-06,1.3116224601049281e-06,1.3116224601049281e-06,0.0011452608698916279,0.0011452608698916279,0.0,0.0,0.042484611606155305,0.2721518987341772,0.2721518987341772,0.0,1.0377433724970491e-06,1.0377433724970491e-06,0.009750281629888419
2025-03-20,2023-10-20,5.57853126556231e-07,5.57853126556231e-07,0.004645976584278016,2025-03-18,250,32824,157,,4.3523419759799233e-07,4.3523419759799233e-07,4.3523419759799233e-07,4.3523419759799233e-07,0.0006597228187640566,0.0006597228187640566,0.0,0.0,0.042388766491786634,0.6114649681528662,0.6114649681528662,0.0,2.4226014546699367e-07,2.4226014546699367e-07,0.00964523654188634
2025-03-21,2023-10-23,1.4165151302449212e-06,1.4165151302449212e-06,0.0046707146193367575,2025-03-19,250,32784,163,,1.963009553810062e-06,1.963009553810062e-06,1.963009553810062e-06,1.963009553810062e-06,0.001401074428362056,0.001401074428362056,0.0,0.0,0.04238876649178663,0.32515337423312884,0.32515337423312884,0.0,2.80836811526239e-06,2.80836811526239e-06,0.009673209075315213
2025-03-24,2023-10-25,4.1471494121099915e-05,4.1471494121099915e-05,0.004581481651165988,2025-03-20,250,32740,114,,6.727834655379628e-05,6.727834655379628e-05,6.727834655379628e-05,6.727834655379628e-05,0.008202337871228926,0.008202337871228926,0.0,0.0,0.04238876649178661,0.008771929824561403,0.008771929824561403,0.0,0.00010833470269672237,0.00010833470269672237,0.012705470052129509
2025-03-25,2023-10-27,7.529298458579934e-06,7.529298458579934e-06,0.004530421782267929,2025-03-21,250,32823,79,,6.210365523222346e-05,6.210365523222346e-05,6.210365523222346e-05,6.210365523222346e-05,0.007880587239046558,0.007880587239046558,0.0,0.0,0.04238876649178664,0.08860759493670886,0.08860759493670886,0.0,9.375678216093669e-05,9.375678216093669e-05,0.0124819380574136
2025-03-26,2023-10-30,9.025541530432691e-05,9.025541530432691e-05,0.0044692737430167585,2025-03-24,250,32745,107,,7.699109842694306e-05,7.699109842694306e-05,7.699109842694306e-05,7.699109842694306e-05,0.008774457158533687,0.008774457158533687,0.0,0.0,0.04238876649178661,0.0,0.0,0.0,6.068704226515879e-05,6.068704226515879e-05,0.012452005352239946
2025-03-27,2023-11-03,6.694493801024705e-05,6.694493801024705e-05,0.004514061300952465,2025-03-25,250,32680,114,,4.778118650272331e-05,4.778118650272331e-05,4.778118650272331e-05,4.778118650272331e-05,0.006912393688348726,0.006912393688348726,0.0,0.0,0.04238876649178661,0.0,0.0,0.0,2.4932098166829623e-05,2.4932098166829623e-05,0.01260245695492358
2025-03-28,2023-11-06,0.00019996729430658022,0.00019996729430658022,0.004467277194549923,2025-03-26,250,32747,127,,0.00013781494912543227,0.00013781494912543227,0.00013781494912543227,0.00013781494912543227,0.011739461194000015,0.011739461194000015,0.0,0.0,0.0423887664917866,0.0,0.0,0.0,8.557094882823539e-05,8.557094882823539e-05,0.012636014318967338
2025-03-31,2023-11-08,0.00025840280259569197,0.00025840280259569197,0.004589261128958238,2025-03-27,250,32696,39,,0.00025840280259569197,0.00025840280259569197,0.00025840280259569197,0.00025840280259569197,0.01607491221113484,0.01607491221113484,0.0,0.0,0.04238876649178662,0.0,0.0,0.0,,,
2025-04-01,2023-11-09,0.00011310148309998496,0.00011310148309998496,0.004501868275334266,2025-03-28,250,32788,110,,6.416825855157312e-05,6.416825855157312e-05,6.416825855157312e-05,6.416825855157312e-05,0.008010509256693554,0.008010509256693554,0.0,0.0,0.042292912190251435,0.0,0.0,0.0,1.698264916560457e-05,1.698264916560457e-05,0.012809723091224369
2025-04-02,2023-11-10,4.4876614196897344e-07,4.4876614196897344e-07,0.0044804874770375,2025-03-31,250,32741,170,,3.2860951441148465e-07,3.2860951441148465e-07,3.2860951441148465e-07,3.2860951441148465e-07,0.0005732447247131757,0.0005732447247131757,0.0,0.0,0.04229291219025145,0.6764705882352942,0.6764705882352942,0.0,1.392717982602902e-07,1.392717982602902e-07,0.012773643866873447
2025-04-03,2023-11-13,2.600092461898229e-05,2.600092461898229e-05,0.004466479074545538,2025-04-01,250,32699,170,,1.550739460072476e-05,1.550739460072476e-05,1.550739460072476e-05,1.550739460072476e-05,0.003937942940257611,0.003937942940257611,0.0,0.0,0.04229291219025145,0.14705882352941177,0.14705882352941177,0.0,5.257900164287175e-06,5.257900164287175e-06,0.012693316445830077
2025-04-04,2023-11-17,4.716201329536866e-05,4.716201329536866e-05,0.004921502042423347,2025-04-02,250,32695,110,,3.704579582562514e-05,3.704579582562514e-05,3.704579582562514e-05,3.704579582562514e-05,0.006086525759875262,0.006086525759875262,0.0,0.0,0.04219704869978833,0.10909090909090909,0.10909090909090909,0.0,2.921388552646888e-05,2.921388552646888e-05,0.013351278181479409
2025-04-07,2023-11-20,1.7515862830316456e-05,1.7515862830316456e-05,0.005308419152776303,2025-04-03,250,32700,144,,1.934423732897574e-05,1.934423732897574e-05,1.934423732897574e-05,1.934423732897574e-05,0.004398208422639352,0.004398208422639352,0.0,0.0,0.041909403077209625,0.20833333333333334,0.20833333333333334,0.0,2.144550354385283e-05,2.144550354385283e-05,0.014181505303989868
2025-04-08,2023-11-21,1.1166834787357524e-05,1.1166834787357524e-05,0.005510856387082552,2025-04-04,250,32622,50,,7.2692882068783094e-06,7.2692882068783094e-06,7.2692882068783094e-06,7.2692882068783094e-06,0.0026961617545834134,0.0026961617545834134,0.0,0.0,0.04200529414503014,0.28,0.28,0.0,5.4351486395939715e-06,5.4351486395939715e-06,0.014206810341409254
2025-04-09,2023-11-22,7.107297621638972e-05,7.107297621638972e-05,0.005799791207516528,2025-04-07,250,32691,106,,5.502999599480165e-05,5.502999599480165e-05,5.502999599480165e-05,5.502999599480165e-05,0.007418220540992405,0.007418220540992405,0.0,0.0,0.042197048699788346,0.08490566037735849,0.08490566037735849,0.0,4.015377797114725e-05,4.015377797114725e-05,0.014432869400580082
2025-04-10,2023-11-24,5.1075768892985165e-05,5.1075768892985165e-05,0.005028916268544128,2025-04-08,250,32565,145,,5.11061317735558e-05,5.11061317735558e-05,5.11061317735558e-05,5.11061317735558e-05,0.007148855277144432,0.007148855277144432,0.0,0.0,0.04258044753511839,0.16551724137931034,0.16551724137931034,0.0,5.115038953167572e-05,5.115038953167572e-05,0.013061191717400026
2025-04-11,2023-11-27,5.336515411778589e-06,5.336515411778589e-06,0.005251549207016071,2025-04-09,250,32513,155,,4.114341542694028e-06,4.114341542694028e-06,4.114341542694028e-06,4.114341542694028e-06,0.0020283839731899947,0.0020283839731899947,0.0,0.0,0.0424846116061553,0.15483870967741936,0.15483870967741936,0.0,3.25479068971148e-06,3.25479068971148e-06,0.013659748751382058
2025-04-14,2023-11-29,1.2221970549672347e-05,1.2221970549672347e-05,0.005046681806712086,2025-04-10,250,32496,167,,1.2086097302495479e-05,1.2086097302495479e-05,1.2086097302495479e-05,1.2086097302495479e-05,0.003476506479570472,0.003476506479570472,0.0,0.0,0.042484611606155305,0.16766467065868262,0.16766467065868262,0.0,1.1897815802836106e-05,1.1897815802836106e-05,0.013420292542233205
2025-04-15,2023-12-01,,,,2025-04-11,250,32575,33,,2.5305492546531783e-06,2.5305492546531783e-06,2.5305492546531783e-06,2.5305492546531783e-06,0.0015907700194098386,0.0015907700194098386,0.0,0.0,0.04238876649178663,0.09090909090909091,0.09090909090909091,0.0,2.5305492546531783e-06,2.5305492546531783e-06,0.013291347009942127
2025-04-16,2023-12-04,2.094362081022598e-06,2.094362081022598e-06,0.00494706638963095,2025-04-14,250,32615,201,,1.8559604172179543e-06,1.8559604172179543e-06,1.8559604172179543e-06,1.8559604172179543e-06,0.001362336381815429,0.001362336381815429,0.0,0.0,0.04238876649178662,0.13930348258706468,0.13930348258706468,0.0,1.619919165926228e-06,1.619919165926228e-06,0.013328678782016698
2025-04-17,2023-12-06,1.356509739765712e-06,1.356509739765712e-06,0.005147475163432337,2025-04-15,250,32470,201,,1.6977935231540545e-06,1.6977935231540545e-06,1.6977935231540545e-06,1.6977935231540545e-06,0.0013029940610586276,0.0013029940610586276,0.0,0.0,0.04238876649178662,0.208955223880597,0.208955223880597,0.0,2.029039548207446e-06,2.029039548207446e-06,0.013631683978236884
2025-04-21,2023-12-08,7.175880896136383e-06,7.175880896136383e-06,0.005076657528683116,2025-04-16,250,32604,172,,5.605413411592351e-06,5.605413411592351e-06,5.605413411592351e-06,5.605413411592351e-06,0.0023675754289129523,0.0023675754289129523,0.0,0.0,0.0424846116061553,0.09302325581395349,0.09302325581395349,0.0,3.3170179341139016e-06,3.3170179341139016e-06,0.013612262305047395
2025-04-22,2023-12-11,4.3565949733461335e-06,4.3565949733461335e-06,0.005177055290950506,2025-04-17,250,32687,64,,3.086184181650767e-06,3.086184181650767e-06,3.086184181650767e-06,3.086184181650767e-06,0.0017567538762304658,0.0017567538762304658,0.0,0.0,0.0424846116061553,0.25,0.25,0.0,1.9652334830960314e-06,1.9652334830960314e-06,0.01394417179107963
2025-04-23,2023-12-13,8.823474269675126e-06,8.823474269675126e-06,0.005006508460999301,2025-04-21,250,32700,164,,5.703804784498082e-06,5.703804784498082e-06,5.703804784498082e-06,5.703804784498082e-06,0.002388263968764358,0.002388263968764358,0.0,0.0,0.042388766491786634,0.2926829268292683,0.2926829268292683,0.0,1.6174771489844904e-06,1.6174771489844904e-06,0.013590575628259837
2025-04-24,2023-12-15,3.7242253094312135e-06,3.7242253094312135e-06,0.004887585532746824,2025-04-22,250,32736,167,,2.9342010996890394e-06,2.9342010996890394e-06,2.9342010996890394e-06,2.9342010996890394e-06,0.0017129509916191529,0.0017129509916191529,0.0,0.0,0.042388766491786634,0.17365269461077845,0.17365269461077845,0.0,1.8394532661891692e-06,1.8394532661891692e-06,0.013383196369205484
2025-04-25,2023-12-18,1.9004812659384636e-06,1.9004812659384636e-06,0.004799155348658634,2025-04-23,250,32799,212,,1.8469104799317685e-06,1.8469104799317685e-06,1.8469104799317685e-06,1.8469104799317685e-06,0.0013590108461420639,0.0013590108461420639,0.0,0.0,0.04229291219025144,0.3113207547169811,0.3113207547169811,0.0,1.7891380636500392e-06,1.7891380636500392e-06,0.013107302127348222
2025-04-28,2023-12-20,2.118280325501097e-06,2.118280325501097e-06,0.004778287461773699,2025-04-24,250,32790,221,,1.2630259482216748e-06,1.2630259482216748e-06,1.2630259482216748e-06,1.2630259482216748e-06,0.001123844272228886,0.001123844272228886,0.0,0.0,0.04229291219025144,0.27601809954751133,0.27601809954751133,0.0,3.999965311488026e-07,3.999965311488026e-07,0.013013277277349987
2025-04-29,2023-12-22,2.859833542236734e-07,2.859833542236734e-07,0.004758732273722281,2025-04-25,250,32920,79,,5.443436919908597e-07,5.443436919908597e-07,5.443436919908597e-07,5.443436919908597e-07,0.0007377965112352183,0.0007377965112352183,0.0,0.0,0.042292912190251455,0.34177215189873417,0.34177215189873417,0.0,8.093286538033581e-07,8.093286538033581e-07,0.013008316238540436
2025-04-30,2023-12-27,1.986799337567111e-06,1.986799337567111e-06,0.004734624307561195,2025-04-28,250,32950,190,,3.1571156782503234e-06,3.1571156782503234e-06,3.1571156782503234e-06,3.1571156782503234e-06,0.0017768274193771109,0.0017768274193771109,0.0,0.0,0.042197048699788346,0.2578947368421053,0.2578947368421053,0.0,5.075134125481144e-06,5.075134125481144e-06,0.012926885192668493
2025-05-01,2023-12-29,2.393205215556294e-06,2.393205215556294e-06,0.004705882352941178,2025-04-29,250,32947,132,,3.7162868668346776e-06,3.7162868668346776e-06,3.7162868668346776e-06,3.7162868668346776e-06,0.0019277673269444831,0.0019277673269444831,0.0,0.0,0.04219704869978835,0.5303030303030303,0.5303030303030303,0.0,9.379076334306158e-06,9.379076334306158e-06,0.012921756771378079
2025-05-02,2024-01-03,2.0511346760097494e-05,2.0511346760097494e-05,0.004687792987061691,2025-04-30,250,32999,203,,1.5878146984295062e-05,1.5878146984295062e-05,1.5878146984295062e-05,1.5878146984295062e-05,0.003984739261770469,0.003984739261770469,0.0,0.0,0.042197048699788346,0.08374384236453201,0.08374384236453201,0.0,1.1105951215218555e-05,1.1105951215218555e-05,0.012830825290525896
2025-05-05,2024-01-05,2.9247213621784126e-06,2.9247213621784126e-06,0.0048697345994643286,2025-05-01,250,33055,223,,2.1452234438919526e-06,2.1452234438919526e-06,2.1452234438919526e-06,2.1452234438919526e-06,0.0014646581320881514,0.0014646581320881514,0.0,0.0,0.04238876649178661,0.27802690582959644,0.27802690582959644,0.0,1.3444664914704075e-06,1.3444664914704075e-06,0.012643148775495805
2025-05-06,2024-01-08,7.021362930069667e-07,7.021362930069667e-07,0.005027904872039821,2025-05-02,250,33159,79,,4.937477866974404e-07,4.937477866974404e-07,4.937477866974404e-07,4.937477866974404e-07,0.0007026718912105709,0.0007026718912105709,0.0,0.0,0.04238876649178664,0.5569620253164557,0.5569620253164557,0.0,2.8001598535433684e-07,2.8001598535433684e-07,0.012716067150538586
2025-05-07,2024-01-10,1.5545204913141554e-06,1.5545204913141554e-06,0.005037529595486374,2025-05-05,250,33261,191,,1.0129124784430815e-06,1.0129124784430815e-06,1.0129124784430815e-06,1.0129124784430815e-06,0.0010064355311906875,0.0010064355311906875,0.0,0.0,0.04238876649178662,0.612565445026178,0.612565445026178,0.0,2.1105126458201077e-07,2.1105126458201077e-07,0.012823248031496062
2025-05-08,2024-01-12,1.3657475574253066e-06,1.3657475574253066e-06,0.005095541401273885,2025-05-06,250,33271,147,,9.348475472429696e-07,9.348475472429696e-07,9.348475472429696e-07,9.348475472429696e-07,0.0009668751456330697,0.0009668751456330697,0.0,0.0,0.042484611606155305,0.41496598639455784,0.41496598639455784,0.0,5.097705101712051e-07,5.097705101712051e-07,0.012769546467076537
2025-05-09,2024-01-17,1.1669621322388308e-06,1.1669621322388308e-06,0.005063547521393487,2025-05-07,250,33370,214,,7.899219811581783e-07,7.899219811581783e-07,7.899219811581783e-07,7.899219811581783e-07,0.000888775551620418,0.000888775551620418,0.0,0.0,0.042484611606155284,0.3691588785046729,0.3691588785046729,0.0,3.9851839575064377e-07,3.9851839575064377e-07,0.012681186068736064
2025-05-12,2024-01-19,1.6834790942073062e-05,1.6834790942073062e-05,0.0037777665843953066,2025-05-08,250,33475,195,,1.0133202159066333e-05,1.0133202159066333e-05,1.0133202159066333e-05,1.0133202159066333e-05,0.003183269099379808,0.003183269099379808,0.0,0.0,0.04248461160615529,0.26153846153846155,0.26153846153846155,0.0,2.932558892218676e-06,2.932558892218676e-06,0.012697365063614135
2025-05-13,2024-01-22,,,,2025-05-09,250,33510,37,,1.4897225520109747e-07,1.4897225520109747e-07,1.4897225520109747e-07,1.4897225520109747e-07,0.0003859692412629502,0.0003859692412629502,0.0,0.0,0.04325104199431492,0.5405405405405406,0.5405405405405406,0.0,1.4897225520109747e-07,1.4897225520109747e-07,0.012291173090447522
2025-05-14,2024-01-24,8.59988030545803e-07,8.59988030545803e-07,0.004743342882637485,2025-05-12,250,33512,191,,6.172977810022295e-07,6.172977810022295e-07,6.172977810022295e-07,6.172977810022295e-07,0.0007856830028721695,0.0007856830028721695,0.0,0.0,0.0431552703139276,0.35602094240837695,0.35602094240837695,0.0,2.1618472967326813e-07,2.1618472967326813e-07,0.012210536091609296
2025-05-15,2024-01-26,7.108538021489116e-07,7.108538021489116e-07,0.004756746573729573,2025-05-13,250,33464,150,,5.934598293348362e-07,5.934598293348362e-07,5.934598293348362e-07,5.934598293348362e-07,0.0007703634397703698,0.0007703634397703698,0.0,0.0,0.04315527031392761,0.38666666666666666,0.38666666666666666,0.0,1.428184498227396e-07,1.428184498227396e-07,0.012194950560765153
2025-05-16,2024-01-29,5.766406547452235e-07,5.766406547452235e-07,0.004776542917947505,2025-05-14,250,33516,213,,3.43644841371262e-07,3.43644841371262e-07,3.43644841371262e-07,3.43644841371262e-07,0.0005862122835383629,0.0005862122835383629,0.0,0.0,0.0428679002271758,0.43661971830985913,0.43661971830985913,0.0,7.534663203154868e-08,7.534663203154868e-08,0.012135675574975443
2025-05-19,2024-01-31,7.270192320589164e-07,7.270192320589164e-07,0.004780838776862633,2025-05-15,250,33501,200,,6.748691747938397e-07,6.748691747938397e-07,6.748691747938397e-07,6.748691747938397e-07,0.0008215042147145927,0.0008215042147145927,0.0,0.0,0.04277209184386899,0.41,0.41,0.0,6.124037215862203e-07,6.124037215862203e-07,0.012059291484348702
2025-05-20,2024-02-02,6.8035727178644085e-06,6.8035727178644085e-06,0.004837628125299358,2025-05-16,250,33604,80,,3.6967115282660336e-06,3.6967115282660336e-06,3.6967115282660336e-06,3.6967115282660336e-06,0.0019226834186277348,0.0019226834186277348,0.0,0.0,0.042963699432115664,0.2,0.2,0.0,2.628123187099341e-07,2.628123187099341e-07,0.012046114146423469
2025-05-21,2024-02-05,9.71092506392632e-06,9.71092506392632e-06,0.004882529246833608,2025-05-19,250,33709,194,,5.354786584381142e-06,5.354786584381142e-06,5.354786584381142e-06,5.354786584381142e-06,0.0023140411803555146,0.0023140411803555146,0.0,0.0,0.0428679002271758,0.20103092783505155,0.20103092783505155,0.0,5.25154791841924e-07,5.25154791841924e-07,0.01208675212954373
2025-05-22,2024-02-07,7.147226716953763e-07,7.147226716953763e-07,0.004997773269335444,2025-05-20,250,33607,196,,4.6826960765537756e-07,4.6826960765537756e-07,4.6826960765537756e-07,4.6826960765537756e-07,0.0006843022779849396,0.0006843022779849396,0.0,0.0,0.04267627428043632,0.5153061224489796,0.5153061224489796,0.0,7.913319075011634e-08,7.913319075011634e-08,0.012293914490615242
2025-05-23,2024-02-09,1.9447253304008723e-06,1.9447253304008723e-06,0.005015891934843067,2025-05-21,250,33729,218,,1.8034903603013942e-06,1.8034903603013942e-06,1.8034903603013942e-06,1.8034903603013942e-06,0.0013429409370115256,0.0013429409370115256,0.0,0.0,0.04277209184386899,0.22935779816513763,0.22935779816513763,0.0,1.6458008305786745e-06,1.6458008305786745e-06,0.012289065152892355
2025-05-27,2024-02-12,5.118796401464905e-06,5.118796401464905e-06,0.005172325498028371,2025-05-22,250,33802,74,,4.652379468939041e-06,4.652379468939041e-06,4.652379468939041e-06,4.652379468939041e-06,0.0021569375208705145,0.0021569375208705145,0.0,0.0,0.042676274280436306,0.13513513513513514,0.13513513513513514,0.0,4.160050484606187e-06,4.160050484606187e-06,0.012373523164856414
2025-05-28,2024-02-14,2.4199177420047135e-07,2.4199177420047135e-07,0.005044703061785128,2025-05-23,250,33887,187,,1.945891390338324e-07,1.945891390338324e-07,1.945891390338324e-07,1.945891390338324e-07,0.00044112258957554237,0.00044112258957554237,0.0,0.0,0.04258044753511838,0.7005347593582888,0.7005347593582888,0.0,1.1352376295175421e-07,1.1352376295175421e-07,0.012121510614903158
2025-05-29,2024-02-16,3.1160293391126474e-07,3.1160293391126474e-07,0.005039417223829957,2025-05-27,250,33924,182,,5.139409132675002e-07,5.139409132675002e-07,5.139409132675002e-07,5.139409132675002e-07,0.0007168967242689147,0.0007168967242689147,0.0,0.0,0.04258044753511838,0.5769230769230769,0.5769230769230769,0.0,8.695652406208838e-07,8.695652406208838e-07,0.01219204566722815
2025-05-30,2024-02-21,3.879778079370213e-07,3.879778079370213e-07,0.005051262815703926,2025-05-28,250,33930,168,,3.52451624013306e-07,3.52451624013306e-07,3.52451624013306e-07,3.52451624013306e-07,0.0005936763630239173,0.0005936763630239173,0.0,0.0,0.042676274280436306,0.49404761904761907,0.49404761904761907,0.0,2.7745190239657374e-07,2.7745190239657374e-07,0.012144108126429963
2025-06-02,2024-02-23,7.263246627637244e-07,7.263246627637244e-07,0.005028628329599203,2025-05-29,250,34035,177,,6.351889516814867e-07,6.351889516814867e-07,6.351889516814867e-07,6.351889516814867e-07,0.000796987422536571,0.000796987422536571,0.0,0.0,0.0426762742804363,0.3954802259887006,0.3954802259887006,0.0,4.781551110474771e-07,4.781551110474771e-07,0.01215770712092163
2025-06-03,2024-02-26,2.1875227484990316e-07,2.1875227484990316e-07,0.005007436787307884,2025-05-30,250,34044,104,,4.08762776147357e-07,4.08762776147357e-07,4.08762776147357e-07,4.08762776147357e-07,0.000639345584287056,0.000639345584287056,0.0,0.0,0.043442557842836724,0.34615384615384615,0.34615384615384615,0.0,5.181627617428608e-07,5.181627617428608e-07,0.012089607059101415
2025-06-04,2024-02-28,6.145419177128212e-07,6.145419177128212e-07,0.004968760761548681,2025-06-02,250,34097,152,,4.965546864754585e-07,4.965546864754585e-07,4.965546864754585e-07,4.965546864754585e-07,0.0007046663653641051,0.0007046663653641051,0.0,0.0,0.04334680450336586,0.618421052631579,0.618421052631579,0.0,1.2983761641338547e-07,1.2983761641338547e-07,0.012021055545303564
2025-06-05,2024-03-01,1.6046436019983024e-06,1.6046436019983024e-06,0.004979785031062026,2025-06-03,250,34108,142,,9.003762067583697e-07,9.003762067583697e-07,9.003762067583697e-07,9.003762067583697e-07,0.0009488815557056475,0.0009488815557056475,0.0,0.0,0.043442557842836724,0.5422535211267606,0.5422535211267606,0.0,1.7598688594015316e-07,1.7598688594015316e-07,0.012024283053378756
2025-06-06,2024-03-04,3.6758049237977545e-06,3.6758049237977545e-06,0.005034142451278471,2025-06-04,250,34102,192,,2.1498514185067774e-06,2.1498514185067774e-06,2.1498514185067774e-06,2.1498514185067774e-06,0.0014662371631174737,0.0014662371631174737,0.0,0.0,0.04344255784283673,0.4166666666666667,0.4166666666666667,0.0,4.912063040600627e-07,4.912063040600627e-07,0.012082675996964842
2025-06-09,2024-03-06,1.3549591132672418e-06,1.3549591132672418e-06,0.004952922714790114,2025-06-05,250,34116,168,,1.0101624956098418e-06,1.0101624956098418e-06,1.0101624956098418e-06,1.0101624956098418e-06,0.0010050684034481642,0.0010050684034481642,0.0,0.0,0.043346804503365866,0.5833333333333334,0.5833333333333334,0.0,3.731653545139672e-07,3.731653545139672e-07,0.011959860800480688
2025-06-10,2024-03-08,,,,2025-06-06,250,34206,56,,8.126810987899885e-08,8.126810987899885e-08,8.126810987899885e-08,8.126810987899885e-08,0.00028507562133405737,0.00028507562133405737,0.0,0.0,0.04344255784283673,0.42857142857142855,0.42857142857142855,0.0,8.126810987899885e-08,8.126810987899885e-08,0.011949091181963715
2025-06-11,2024-03-11,7.351575095962714e-07,7.351575095962714e-07,0.004983470666600877,2025-06-09,250,34243,172,,5.75247016203996e-07,5.75247016203996e-07,5.75247016203996e-07,5.75247016203996e-07,0.0007584504045776467,0.0007584504045776467,0.0,0.0,0.043538302014483436,0.37790697674418605,0.37790697674418605,0.0,2.6094018436400647e-07,2.6094018436400647e-07,0.011881725475890427
2025-06-12,2024-03-13,1.1763329877986743e-06,1.1763329877986743e-06,0.005080994063789114,2025-06-10,250,34142,131,,6.95834743753331e-07,6.95834743753331e-07,6.95834743753331e-07,6.95834743753331e-07,0.000834167095822732,0.000834167095822732,0.0,0.0,0.043538302014483436,0.46564885496183206,0.46564885496183206,0.0,1.0946400525731876e-07,1.0946400525731876e-07,0.011915709392044695
2025-06-13,2024-03-15,8.96182514391162e-07,8.96182514391162e-07,0.005070281124497991,2025-06-11,250,34279,94,,9.171039317330825e-07,9.171039317330825e-07,9.171039317330825e-07,9.171039317330825e-07,0.0009576554347640295,0.0009576554347640295,0.0,0.0,0.043634037020061314,0.5531914893617021,0.5531914893617021,0.0,9.71821484781182e-07,9.71821484781182e-07,0.01186853995859213
2025-06-16,2024-03-18,7.664273021079783e-07,7.664273021079783e-07,0.005141257317383559,2025-06-12,250,34298,132,,7.492433901389632e-07,7.492433901389632e-07,7.492433901389632e-07,7.492433901389632e-07,0.000865588464652206,0.000865588464652206,0.0,0.0,0.043538302014483436,0.4015151515151515,0.4015151515151515,0.0,6.791859028806712e-07,6.791859028806712e-07,0.01200273199329983
2025-06-17,2024-03-20,9.580929287704814e-07,9.580929287704814e-07,0.00509021268017337,2025-06-13,250,34252,101,,1.1110969477670153e-06,1.1110969477670153e-06,1.1110969477670153e-06,1.1110969477670153e-06,0.0010540858351040562,0.0010540858351040562,0.0,0.0,0.04334680450336585,0.3069306930693069,0.3069306930693069,0.0,1.2114274520270375e-06,1.2114274520270375e-06,0.011889611402402606
2025-06-18,2024-03-22,2.911106292075595e-06,2.911106292075595e-06,0.0051625434471478234,2025-06-16,250,34271,180,,1.8557734477092624e-06,1.8557734477092624e-06,1.8557734477092624e-06,1.8557734477092624e-06,0.001362267759182923,0.001362267759182923,0.0,0.0,0.04325104199431494,0.4888888888888889,0.4888888888888889,0.0,2.7277418115976333e-07,2.7277418115976333e-07,0.011992085753016583
2025-06-20,2024-03-25,4.249521110619884e-06,4.249521110619884e-06,0.005137857360870893,2025-06-17,250,34187,173,,3.869512775031316e-06,3.869512775031316e-06,3.869512775031316e-06,3.869512775031316e-06,0.001967107718207449,0.001967107718207449,0.0,0.0,0.04325104199431494,0.2658959537572254,0.2658959537572254,0.0,3.31035765266528e-06,3.31035765266528e-06,0.011993892273701118
2025-06-23,2024-03-27,6.704821853072391e-07,6.704821853072391e-07,0.00502487562189055,2025-06-18,250,34185,181,,5.098490941989104e-07,5.098490941989104e-07,5.098490941989104e-07,5.098490941989104e-07,0.0007140371798435362,0.0007140371798435362,0.0,0.0,0.042963699432115664,0.430939226519337,0.430939226519337,0.0,2.6666844238213516e-07,2.6666844238213516e-07,0.012061190011442418
2025-06-24,2024-04-01,2.1625234839367014e-07,2.1625234839367014e-07,0.005012406947890819,2025-06-20,250,34280,76,,6.18271376183404e-07,6.18271376183404e-07,6.18271376183404e-07,6.18271376183404e-07,0.0007863023440022318,0.0007863023440022318,0.0,0.0,0.04286790022717579,0.39473684210526316,0.39473684210526316,0.0,1.0649591848386638e-06,1.0649591848386638e-06,0.0119432208614513
2025-06-25,2024-04-03,1.26490263774681e-06,1.26490263774681e-06,0.005042436345481778,2025-06-23,250,34360,173,,8.502612270564897e-07,8.502612270564897e-07,8.502612270564897e-07,8.502612270564897e-07,0.0009220961051086213,0.0009220961051086213,0.0,0.0,0.04286790022717579,0.5549132947976878,0.5549132947976878,0.0,2.2529446311745644e-07,2.2529446311745644e-07,0.011812722897920165
2025-06-26,2024-04-05,1.102798242440783e-06,1.102798242440783e-06,0.005010914864060331,2025-06-24,250,34330,176,,7.422656820142939e-07,7.422656820142939e-07,7.422656820142939e-07,7.422656820142939e-07,0.0008615484211663869,0.0008615484211663869,0.0,0.0,0.0428679002271758,0.5170454545454546,0.5170454545454546,0.0,1.557276359473189e-07,1.557276359473189e-07,0.011806107524047966
2025-06-27,2024-04-08,5.742796788739015e-07,5.742796788739015e-07,0.00502487562189055,2025-06-25,250,34394,199,,3.3646344589835106e-07,3.3646344589835106e-07,3.3646344589835106e-07,3.3646344589835106e-07,0.000580054692161309,0.000580054692161309,0.0,0.0,0.04296369943211568,0.5879396984924623,0.5879396984924623,0.0,5.987282711156948e-08,5.987282711156948e-08,0.011714455685031126
2025-06-30,2024-04-10,2.3474912139305823e-06,2.3474912139305823e-06,0.005022876467077782,2025-06-26,250,34402,122,,2.0228750228571393e-06,2.0228750228571393e-06,2.0228750228571393e-06,2.0228750228571393e-06,0.0014222781102362291,0.0014222781102362291,0.0,0.0,0.042963699432115664,0.4098360655737705,0.4098360655737705,0.0,4.616257229324808e-07,4.616257229324808e-07,0.01165654160771495
2025-07-01,2024-04-12,7.584193247872213e-07,7.584193247872213e-07,0.004922746990300726,2025-06-27,250,34537,110,,3.9071766279684956e-07,3.9071766279684956e-07,3.9071766279684956e-07,3.9071766279684956e-07,0.0006250741258417673,0.0006250741258417673,0.0,0.0,0.043155270313927595,0.35454545454545455,0.35454545454545455,0.0,1.8060242737377997e-07,1.8060242737377997e-07,0.011601074694505137
2025-07-02,2024-04-15,1.3817943409843851e-06,1.3817943409843851e-06,0.0048599749783466446,2025-06-30,250,34530,180,,9.262481656000807e-07,9.262481656000807e-07,9.262481656000807e-07,9.262481656000807e-07,0.0009624178747301407,0.0009624178747301407,0.0,0.0,0.043059489460446965,0.39444444444444443,0.39444444444444443,0.0,1.759368179082851e-07,1.759368179082851e-07,0.011604831215089456
2025-07-03,2024-04-19,9.657513841937352e-07,9.657513841937352e-07,0.004754283562417624,2025-07-01,250,34470,136,,6.825425071909431e-07,6.825425071909431e-07,6.825425071909431e-07,6.825425071909431e-07,0.0008261613082146507,0.0008261613082146507,0.0,0.0,0.0431552703139276,0.4117647058823529,0.4117647058823529,0.0,3.821694558243453e-07,3.821694558243453e-07,0.011552460311064546
2025-07-07,2024-04-22,3.365325972296591e-06,3.365325972296591e-06,0.004729571528915943,2025-07-02,250,34456,157,,2.5292028936560817e-06,2.5292028936560817e-06,2.5292028936560817e-06,2.5292028936560817e-06,0.0015903467840870688,0.0015903467840870688,0.0,0.0,0.04325104199431493,0.27388535031847133,0.27388535031847133,0.0,1.1774705831872577e-06,1.1774705831872577e-06,0.011462123005085229
2025-07-08,2024-04-24,1.3262495831029442e-06,1.3262495831029442e-06,0.004810669206954036,2025-07-03,250,34392,65,,1.0147078242212395e-06,1.0147078242212395e-06,1.0147078242212395e-06,1.0147078242212395e-06,0.001007327069139532,0.001007327069139532,0.0,0.0,0.04325104199431494,0.5384615384615384,0.5384615384615384,0.0,7.476720308940635e-07,7.476720308940635e-07,0.01154817941612425
2025-07-09,2024-04-26,6.522089556282063e-07,6.522089556282063e-07,0.00480929479548593,2025-07-07,250,34469,166,,4.450598131099343e-07,4.450598131099343e-07,4.450598131099343e-07,4.450598131099343e-07,0.0006671280335212532,0.0006671280335212532,0.0,0.0,0.04325104199431494,0.608433734939759,0.608433734939759,0.0,1.3119747596103742e-07,1.3119747596103742e-07,0.011554508817745106
2025-07-10,2024-04-29,3.7601870803034133e-07,3.7601870803034133e-07,0.004783555934451075,2025-07-08,250,34355,139,,2.076283262327822e-07,2.076283262327822e-07,2.076283262327822e-07,2.076283262327822e-07,0.0004556625135259452,0.0004556625135259452,0.0,0.0,0.04325104199431494,0.4892086330935252,0.4892086330935252,0.0,2.667149803242012e-08,2.667149803242012e-08,0.011485632791718745
2025-07-11,2024-05-01,1.0773376314862222e-06,1.0773376314862222e-06,0.0047549550397815565,2025-07-09,250,34338,191,,5.728442674042382e-07,5.728442674042382e-07,5.728442674042382e-07,5.728442674042382e-07,0.0007568647616346254,0.0007568647616346254,0.0,0.0,0.04325104199431496,0.6544502617801047,0.6544502617801047,0.0,5.22500512770848e-08,5.22500512770848e-08,0.011453331628902884
2025-07-14,2024-05-03,1.3354411290699528e-06,1.3354411290699528e-06,0.004783102860390227,2025-07-10,250,34437,165,,8.927597698714413e-07,8.927597698714413e-07,8.927597698714413e-07,8.927597698714413e-07,0.0009448596561772765,0.0009448596561772765,0.0,0.0,0.043155270313927616,0.4121212121212121,0.4121212121212121,0.0,2.452556922377974e-07,2.452556922377974e-07,0.01149373657034733
2025-07-16,2024-05-06,1.5622446708235112e-07,1.5622446708235112e-07,0.004829993783176317,2025-07-11,250,34481,186,,1.6282950936153513e-07,1.6282950936153513e-07,1.6282950936153513e-07,1.6282950936153513e-07,0.00040352138649833063,0.00040352138649833063,0.0,0.0,0.04325104199431494,0.6075268817204301,0.6075268817204301,0.0,1.7260497193472744e-07,1.7260497193472744e-07,0.011521078856848941
2025-07-17,2024-05-08,1.0505408753335886e-06,1.0505408753335886e-06,0.004805862200228397,2025-07-14,250,34486,214,,6.524443991649382e-07,6.524443991649382e-07,6.524443991649382e-07,6.524443991649382e-07,0.0008077403042840801,0.0008077403042840801,0.0,0.0,0.0431552703139276,0.5607476635514018,0.5607476635514018,0.0,2.070493317683299e-07,2.070493317683299e-07,0.01148268879561693
2025-07-18,2024-05-10,8.545640968772049e-07,8.545640968772049e-07,0.004809065803256831,2025-07-16,250,34595,188,,5.243968920835636e-07,5.243968920835636e-07,5.243968920835636e-07,5.243968920835636e-07,0.0007241525337134184,0.0007241525337134184,0.0,0.0,0.0431552703139276,0.425531914893617,0.425531914893617,0.0,2.6944970194477154e-08,2.6944970194477154e-08,0.011412846315521306
2025-07-21,2024-05-13,4.4959097195809344e-07,4.4959097195809344e-07,0.004782649872146982,2025-07-17,250,34681,226,,3.401778016624476e-07,3.401778016624476e-07,3.401778016624476e-07,3.401778016624476e-07,0.0005832476332249001,0.0005832476332249001,0.0,0.0,0.04305948946044698,0.4336283185840708,0.4336283185840708,0.0,2.0476546218763837e-07,2.0476546218763837e-07,0.011421211638356864
2025-07-22,2024-05-17,1.3416013886779387e-06,1.3416013886779387e-06,0.004753388554216867,2025-07-18,250,34688,75,,7.11347629067182e-07,7.11347629067182e-07,7.11347629067182e-07,7.11347629067182e-07,0.0008434142689492406,0.0008434142689492406,0.0,0.0,0.04315527031392761,0.4533333333333333,0.4533333333333333,0.0,9.767949470934007e-08,9.767949470934007e-08,0.011399596036706587
2025-07-23,2024-05-20,1.329811999918646e-06,1.329811999918646e-06,0.004710820895522391,2025-07-21,250,34743,178,,8.905159341498216e-07,8.905159341498216e-07,8.905159341498216e-07,8.905159341498216e-07,0.0009436715181406195,0.0009436715181406195,0.0,0.0,0.04315527031392761,0.5842696629213483,0.5842696629213483,0.0,1.7988994540613477e-07,1.7988994540613477e-07,0.011397964570810673
2025-07-24,2024-05-22,8.964579139327267e-07,8.964579139327267e-07,0.004716320336212935,2025-07-22,250,34649,188,,6.680978222931857e-07,6.680978222931857e-07,6.680978222931857e-07,6.680978222931857e-07,0.0008173725113393438,0.0008173725113393438,0.0,0.0,0.0431552703139276,0.4521276595744681,0.4521276595744681,0.0,2.831479535293877e-07,2.831479535293877e-07,0.01130181485627789
2025-07-25,2024-05-24,3.174194890218222e-07,3.174194890218222e-07,0.004724925149700597,2025-07-23,250,34754,183,,2.4713932397358714e-07,2.4713932397358714e-07,2.4713932397358714e-07,2.4713932397358714e-07,0.0004971310933482105,0.0004971310933482105,0.0,0.0,0.04325104199431495,0.4808743169398907,0.4808743169398907,0.0,1.2828316249495427e-07,1.2828316249495427e-07,0.011298073831215916
2025-07-28,2024-05-29,8.00612887082038e-07,8.00612887082038e-07,0.004722274172433141,2025-07-24,250,34765,199,,5.14024672386979e-07,5.14024672386979e-07,5.14024672386979e-07,5.14024672386979e-07,0.0007169551397311961,0.0007169551397311961,0.0,0.0,0.043251041994314954,0.38190954773869346,0.38190954773869346,0.0,1.873757395087399e-07,1.873757395087399e-07,0.01125054779469471
2025-07-29,2024-05-31,1.0419650734822448e-06,1.0419650734822448e-06,0.00471852370941369,2025-07-25,250,34875,75,,6.478566482364645e-07,6.478566482364645e-07,6.478566482364645e-07,6.478566482364645e-07,0.0008048954268949877,0.0008048954268949877,0.0,0.0,0.043059489460446965,0.36,0.36,0.0,2.209058542202024e-07,2.209058542202024e-07,0.011253373944170565
2025-07-30,2024-06-03,8.459609240546339e-07,8.459609240546339e-07,0.00478061248639182,2025-07-28,250,34949,172,,4.0217921135979145e-06,4.0217921135979145e-06,4.0217921135979145e-06,4.0217921135979145e-06,0.00200544062829043,0.00200544062829043,0.0,0.0,0.043059489460446965,0.45348837209302323,0.45348837209302323,0.0,1.0263943072355395e-05,1.0263943072355395e-05,0.011283134464628657
2025-07-31,2024-06-05,5.904716866025114e-06,5.904716866025114e-06,0.00483138005261899,2025-07-29,250,34851,122,,6.91730000549804e-06,6.91730000549804e-06,6.91730000549804e-06,6.91730000549804e-06,0.0026300760455732148,0.0026300760455732148,0.0,0.0,0.04315527031392761,0.4016393442622951,0.4016393442622951,0.0,1.0656068520474995e-05,1.0656068520474995e-05,0.011297361535794213
2025-08-01,2024-06-07,1.393073132546739e-05,1.393073132546739e-05,0.004865828395240161,2025-07-30,250,34950,172,,8.835762801895672e-06,8.835762801895672e-06,8.835762801895672e-06,8.835762801895672e-06,0.002972501102084854,0.002972501102084854,0.0,0.0,0.04315527031392761,0.20930232558139536,0.20930232558139536,0.0,8.511106380892433e-07,8.511106380892433e-07,0.011339900012656624
2025-08-04,2024-06-10,2.00886010502504e-06,2.00886010502504e-06,0.004990611720525742,2025-07-31,250,34944,183,,1.8480706038373392e-06,1.8480706038373392e-06,1.8480706038373392e-06,1.8480706038373392e-06,0.0013594376057169152,0.0013594376057169152,0.0,0.0,0.04258044753511838,0.43169398907103823,0.43169398907103823,0.0,1.7116431482841381e-06,1.7116431482841381e-06,0.011528861867078424
2025-08-05,2024-06-12,2.062560280195233e-06,2.062560280195233e-06,0.004966805999508238,2025-08-01,250,34970,69,,1.1692784185763913e-06,1.1692784185763913e-06,1.1692784185763913e-06,1.1692784185763913e-06,0.0010813317800640058,0.0010813317800640058,0.0,0.0,0.04258044753511839,0.463768115942029,0.463768115942029,0.0,3.0151889586094523e-07,3.0151889586094523e-07,0.011356249504887747
2025-08-06,2024-06-14,4.648572812857764e-06,4.648572812857764e-06,0.004977330967869112,2025-08-04,250,35125,170,,2.86189891426277e-06,2.86189891426277e-06,2.86189891426277e-06,2.86189891426277e-06,0.0016917147851404416,0.0016917147851404416,0.0,0.0,0.042484611606155305,0.3235294117647059,0.3235294117647059,0.0,1.8188806637027952e-07,1.8188806637027952e-07,0.011414118508845966
2025-08-07,2024-06-17,4.04517592846929e-06,4.04517592846929e-06,0.00473622508792497,2025-08-05,250,35106,170,,2.5253144157643906e-06,2.5253144157643906e-06,2.5253144157643906e-06,2.5253144157643906e-06,0.001589123788684944,0.001589123788684944,0.0,0.0,0.04229291219025145,0.34705882352941175,0.34705882352941175,0.0,3.5408368332881964e-07,3.5408368332881964e-07,0.011327355478997438
2025-08-08,2024-06-21,2.323465171383618e-06,2.323465171383618e-06,0.004590283143207746,2025-08-06,250,35187,158,,1.1344506472024897e-06,1.1344506472024897e-06,1.1344506472024897e-06,1.1344506472024897e-06,0.0010651059323853612,0.0010651059323853612,0.0,0.0,0.04229291219025145,0.4177215189873418,0.4177215189873418,0.0,3.459462785350044e-07,3.459462785350044e-07,0.011336850929221043
2025-08-11,2024-06-24,1.1160219856862822e-06,1.1160219856862822e-06,0.0044037497274907345,2025-08-07,250,35284,195,,9.902189318305057e-07,9.902189318305057e-07,9.902189318305057e-07,9.902189318305057e-07,0.0009950974484092027,0.0009950974484092027,0.0,0.0,0.04229291219025145,0.4717948717948718,0.4717948717948718,0.0,8.522413888919122e-07,8.522413888919122e-07,0.01124913525220503
2025-08-12,2024-06-26,,,,2025-08-08,250,35256,35,,9.693549416485392e-07,9.693549416485392e-07,9.693549416485392e-07,9.693549416485392e-07,0.0009845582469557295,0.0009845582469557295,0.0,0.0,0.04248461160615529,0.4857142857142857,0.4857142857142857,0.0,9.693549416485392e-07,9.693549416485392e-07,0.011271424078500443
2025-08-13,2024-06-28,7.113047987773422e-07,7.113047987773422e-07,0.004441541476159372,2025-08-11,250,35367,167,,4.37479840570039e-07,4.37479840570039e-07,4.37479840570039e-07,4.37479840570039e-07,0.0006614225884939514,0.0006614225884939514,0.0,0.0,0.042388766491786634,0.6047904191616766,0.6047904191616766,0.0,2.8785873096452088e-08,2.8785873096452088e-08,0.01115269258896202
2025-08-14,2024-07-01,7.2906826213544e-07,7.2906826213544e-07,0.004371491021300306,2025-08-12,250,35250,148,,5.761069930015555e-07,5.761069930015555e-07,5.761069930015555e-07,5.761069930015555e-07,0.0007590171229962836,0.0007590171229962836,0.0,0.0,0.04200529414503013,0.5337837837837838,0.5337837837837838,0.0,4.306014601983625e-08,4.306014601983625e-08,0.011114645908604568
2025-08-15,2024-07-03,4.407242490641049e-07,4.407242490641049e-07,0.004381819743964258,2025-08-13,250,35320,200,,3.5348701344522756e-07,3.5348701344522756e-07,3.5348701344522756e-07,3.5348701344522756e-07,0.0005945477385754886,0.0005945477385754886,0.0,0.0,0.04210117601863539,0.495,0.495,0.0,2.510780846752411e-07,2.510780846752411e-07,0.011113611907899836
2025-08-18,2024-07-05,4.85956709982007e-07,4.85956709982007e-07,0.004404335247635907,2025-08-14,250,35399,193,,4.612549107915511e-07,4.612549107915511e-07,4.612549107915511e-07,4.612549107915511e-07,0.0006791575007253849,0.0006791575007253849,0.0,0.0,0.04210117601863539,0.45595854922279794,0.45595854922279794,0.0,4.3115846580088113e-07,4.3115846580088113e-07,0.011139692900658959
2025-08-19,2024-07-08,9.106828937728385e-08,9.106828937728385e-08,0.00441768807657326,2025-08-15,250,35464,83,,1.356898748621839e-07,1.356898748621839e-07,1.356898748621839e-07,1.356898748621839e-07,0.0003683610658880549,0.0003683610658880549,0.0,0.0,0.042388766491786634,0.5903614457831325,0.5903614457831325,0.0,1.771983264760444e-07,1.771983264760444e-07,0.0111421172081455
2025-08-20,2024-07-10,9.847039104796469e-07,9.847039104796469e-07,0.004424011103400417,2025-08-18,250,35453,210,,6.133876611147629e-07,6.133876611147629e-07,6.133876611147629e-07,6.133876611147629e-07,0.0007831906926890557,0.0007831906926890557,0.0,0.0,0.04210117601863538,0.319047619047619,0.319047619047619,0.0,8.842330856440944e-08,8.842330856440944e-08,0.011202894609337145
2025-08-21,2024-07-12,2.546662970475887e-07,2.546662970475887e-07,0.004513074642714924,2025-08-19,250,35468,214,,2.1462947228159454e-07,2.1462947228159454e-07,2.1462947228159454e-07,2.1462947228159454e-07,0.0004632812021673171,0.0004632812021673171,0.0,0.0,0.042101176018635375,0.5280373831775701,0.5280373831775701,0.0,1.5143882114490502e-07,1.5143882114490502e-07,0.011232740436601841
2025-08-22,2024-07-15,2.660280353220846e-07,2.660280353220846e-07,0.004535349044019563,2025-08-20,250,35545,242,,7.144621923682536e-07,7.144621923682536e-07,7.144621923682536e-07,7.144621923682536e-07,0.0008452586541220702,0.0008452586541220702,0.0,0.0,0.04229291219025145,0.47520661157024796,0.47520661157024796,0.0,1.1935585139987758e-06,1.1935585139987758e-06,0.011277985996381093
2025-08-25,2024-07-19,6.780079966182413e-07,6.780079966182413e-07,0.004478398314014752,2025-08-21,250,35585,239,,4.475329824031521e-07,4.475329824031521e-07,4.475329824031521e-07,4.475329824031521e-07,0.0006689790597643188,0.0006689790597643188,0.0,0.0,0.0418135028134104,0.3389121338912134,0.3389121338912134,0.0,1.9902079316253422e-07,1.9902079316253422e-07,0.011107411941547473
2025-08-27,2024-07-22,6.850095006555634e-07,6.850095006555634e-07,0.004448126989664646,2025-08-22,250,35621,81,,4.5814205101756966e-07,4.5814205101756966e-07,4.5814205101756966e-07,4.5814205101756966e-07,0.0006768619142909207,0.0006768619142909207,0.0,0.0,0.04190940307720963,0.345679012345679,0.345679012345679,0.0,2.256029151386262e-07,2.256029151386262e-07,0.01110999441998884
2025-08-28,2024-07-24,5.053242398495901e-07,5.053242398495901e-07,0.004425354679161787,2025-08-25,250,35659,200,,3.4149944568296153e-07,3.4149944568296153e-07,3.4149944568296153e-07,3.4149944568296153e-07,0.0005843795390693975,0.0005843795390693975,0.0,0.0,0.04171759335186849,0.6,0.6,0.0,9.57622544330186e-08,9.57622544330186e-08,0.011084737794411022
2025-08-29,2024-07-26,1.3031141389655747e-06,1.3031141389655747e-06,0.0043859649122807015,2025-08-27,250,35654,185,,9.828586554743132e-07,9.828586554743132e-07,9.828586554743132e-07,9.828586554743132e-07,0.0009913922813267779,0.0009913922813267779,0.0,0.0,0.04171759335186849,0.4594594594594595,0.4594594594594595,0.0,4.802354661060828e-07,4.802354661060828e-07,0.011045620415459534
2025-09-02,2024-07-29,1.3380849583452737e-06,1.3380849583452737e-06,0.004393900232618248,2025-08-28,250,35650,81,,1.7588438069353527e-06,1.7588438069353527e-06,1.7588438069353527e-06,1.7588438069353527e-06,0.001326214087896578,0.001326214087896578,0.0,0.0,0.04142980976313955,0.37037037037037035,0.37037037037037035,0.0,2.1693402445842096e-06,2.1693402445842096e-06,0.011111889000852648
2025-09-03,2024-08-12,4.5672982710998504e-06,4.5672982710998504e-06,0.004440188055023505,2025-08-29,250,35626,189,,3.3787349227845094e-06,3.3787349227845094e-06,3.3787349227845094e-06,3.3787349227845094e-06,0.0018381335432401285,0.0018381335432401285,0.0,0.0,0.04114194333117518,0.291005291005291,0.291005291005291,0.0,1.7593173607048577e-06,1.7593173607048577e-06,0.011194845924375654
2025-09-04,2024-08-14,7.192278892059396e-07,7.192278892059396e-07,0.004277267580827779,2025-09-02,250,35670,117,,5.710691201972628e-07,5.710691201972628e-07,5.710691201972628e-07,5.710691201972628e-07,0.0007556911539757911,0.0007556911539757911,0.0,0.0,0.040949986328954094,0.48717948717948717,0.48717948717948717,0.0,2.96433353254349e-07,2.96433353254349e-07,0.011134501506819524
2025-09-05,2024-08-16,6.980667395917089e-07,6.980667395917089e-07,0.004253899407790474,2025-09-03,250,35819,210,,5.895345346470195e-07,5.895345346470195e-07,5.895345346470195e-07,5.895345346470195e-07,0.0007678115228667902,0.0007678115228667902,0.0,0.0,0.04075799247216773,0.5238095238095238,0.5238095238095238,0.0,4.87031896643702e-07,4.87031896643702e-07,0.011042217155533642
2025-09-08,2024-08-19,9.82685721601522e-07,9.82685721601522e-07,0.0042554966832158226,2025-09-04,250,35780,205,,5.966753640810813e-07,5.966753640810813e-07,5.966753640810813e-07,5.966753640810813e-07,0.0007724476448802736,0.0007724476448802736,0.0,0.0,0.03989356366167667,0.40487804878048783,0.40487804878048783,0.0,2.144126799346255e-07,2.144126799346255e-07,0.011074290834929864
2025-09-09,2024-08-21,4.561806210640044e-06,4.561806210640044e-06,0.004287876240121069,2025-09-05,250,35772,73,,2.056059903072801e-06,2.056059903072801e-06,2.056059903072801e-06,2.056059903072801e-06,0.0014338967546768495,0.0014338967546768495,0.0,0.0,0.04018178963283182,0.4931506849315068,0.4931506849315068,0.0,1.0035546789836632e-07,1.0035546789836632e-07,0.011047152566928162
2025-09-10,2024-08-23,1.7759131737312855e-06,1.7759131737312855e-06,0.004352464262854704,2025-09-08,250,35889,113,,1.7759131737312855e-06,1.7759131737312855e-06,1.7759131737312855e-06,1.7759131737312855e-06,0.0013326339233755403,0.0013326339233755403,0.0,0.0,0.04018178963283182,0.3805309734513274,0.3805309734513274,0.0,,,
2025-09-11,2024-08-26,1.3581915581203715e-06,1.3581915581203715e-06,0.004497552802151769,2025-09-09,250,35757,149,,8.430681358545643e-07,8.430681358545643e-07,8.430681358545643e-07,8.430681358545643e-07,0.0009181874186976013,0.0009181874186976013,0.0,0.0,0.04008572353928564,0.38926174496644295,0.38926174496644295,0.0,2.6171455929743853e-07,2.6171455929743853e-07,0.010989902025421262
2025-09-12,2024-08-28,1.8243949468664812e-06,1.8243949468664812e-06,0.004434204234230318,2025-09-10,250,35678,199,,9.253955792280824e-07,9.253955792280824e-07,9.253955792280824e-07,9.253955792280824e-07,0.0009619748329494293,0.0009619748329494293,0.0,0.0,0.03998964821615846,0.3869346733668342,0.3869346733668342,0.0,1.205770977232296e-07,1.205770977232296e-07,0.010899326368930855
2025-09-15,2024-08-30,9.873550033483717e-07,9.873550033483717e-07,0.004357670782244627,2025-09-11,250,35746,176,,7.315614499214899e-07,7.315614499214899e-07,7.315614499214899e-07,7.315614499214899e-07,0.0008553136558722127,0.0008553136558722127,0.0,0.0,0.03998964821615847,0.3806818181818182,0.3806818181818182,0.0,3.789811465493012e-07,3.789811465493012e-07,0.010902973791089276
2025-09-16,2024-09-04,,,,2025-09-12,250,35799,28,,1.5740826874902665e-07,1.5740826874902665e-07,1.5740826874902665e-07,1.5740826874902665e-07,0.0003967471093140146,0.0003967471093140146,0.0,0.0,0.03979746987406609,0.35714285714285715,0.35714285714285715,0.0,1.5740826874902665e-07,1.5740826874902665e-07,0.01084523460077772
2025-09-17,2024-09-06,6.983671671018132e-07,6.983671671018132e-07,0.004283014906571488,2025-09-15,250,35893,235,,4.6272571200369653e-07,4.6272571200369653e-07,4.6272571200369653e-07,4.6272571200369653e-07,0.0006802394519606288,0.0006802394519606288,0.0,0.0,0.039605254592359425,0.4127659574468085,0.4127659574468085,0.0,2.126150447504323e-07,2.126150447504323e-07,0.01086018787878788
2025-09-18,2024-09-09,2.410484451032824e-07,2.410484451032824e-07,0.004267961002552409,2025-09-16,250,35803,207,,1.8029232430805497e-07,1.8029232430805497e-07,1.8029232430805497e-07,1.8029232430805497e-07,0.00042460843645417004,0.00042460843645417004,0.0,0.0,0.03941300235683504,0.5507246376811594,0.5507246376811594,0.0,9.649077838360332e-08,9.649077838360332e-08,0.010873697624321124
2025-09-19,2024-09-11,1.4285145634167734e-06,1.4285145634167734e-06,0.00428787624012107,2025-09-17,250,35872,204,,1.5658610339593092e-06,1.5658610339593092e-06,1.5658610339593092e-06,1.5658610339593092e-06,0.0012513436913811125,0.0012513436913811125,0.0,0.0,0.03950913309471249,0.37254901960784315,0.37254901960784315,0.0,1.746908654219924e-06,1.746908654219924e-06,0.010823126868601455
2025-09-22,2024-09-12,5.315289162205953e-06,5.315289162205953e-06,0.0041547861507128326,2025-09-18,250,36043,241,,2.832289836722542e-06,2.832289836722542e-06,2.832289836722542e-06,2.832289836722542e-06,0.0016829408298340562,0.0016829408298340562,0.0,0.0,0.03950913309471249,0.2572614107883817,0.2572614107883817,0.0,4.103478717018388e-07,4.103478717018388e-07,0.010928592737682685
2025-09-23,2024-09-13,3.530457892504264e-07,3.530457892504264e-07,0.003983130271790065,2025-09-19,250,36159,88,,3.190124436592567e-07,3.190124436592567e-07,3.190124436592567e-07,3.190124436592567e-07,0.0005648118657210175,0.0005648118657210175,0.0,0.0,0.039220713153281295,0.4772727272727273,0.4772727272727273,0.0,2.864916912054723e-07,2.864916912054723e-07,0.010877132445564153
2025-09-24,2024-09-16,9.795821934537407e-07,9.795821934537407e-07,0.004008961207404787,2025-09-22,250,36311,214,,6.348187693056515e-07,6.348187693056515e-07,6.348187693056515e-07,6.348187693056515e-07,0.0007967551501594774,0.0007967551501594774,0.0,0.0,0.03922071315328131,0.37850467289719625,0.37850467289719625,0.0,1.41180230184524e-07,1.41180230184524e-07,0.010936667119012077
2025-09-25,2024-09-17,1.1671114059934574e-06,1.1671114059934574e-06,0.004042645951408982,2025-09-23,250,36254,212,,8.94090898010583e-07,8.94090898010583e-07,8.94090898010583e-07,8.94090898010583e-07,0.0009455637990165354,0.0009455637990165354,0.0,0.0,0.03941300235683504,0.33490566037735847,0.33490566037735847,0.0,5.167704206859363e-07,5.167704206859363e-07,0.010971573135682951
2025-09-26,2024-09-18,1.1828856798379508e-06,1.1828856798379508e-06,0.003970880211780277,2025-09-24,250,36376,239,,7.598201371029887e-07,7.598201371029887e-07,7.598201371029887e-07,7.598201371029887e-07,0.0008716766241577141,0.0008716766241577141,0.0,0.0,0.039605254592359425,0.35564853556485354,0.35564853556485354,0.0,3.472438227002979e-07,3.472438227002979e-07,0.011022425347617963
2025-09-29,2024-09-19,2.623674347754543e-07,2.623674347754543e-07,0.0039927973068190695,2025-09-25,250,36431,238,,2.161566020315001e-07,2.161566020315001e-07,2.161566020315001e-07,2.161566020315001e-07,0.0004649264479802156,0.0004649264479802156,0.0,0.0,0.03941300235683505,0.453781512605042,0.453781512605042,0.0,1.7071594983327838e-07,1.7071594983327838e-07,0.010959637061436647
2025-09-30,2024-09-20,9.569838508040637e-08,9.569838508040637e-08,0.004008961207404788,2025-09-26,250,36527,45,,9.569838508040637e-08,9.569838508040637e-08,9.569838508040637e-08,9.569838508040637e-08,0.0003093515558073151,0.0003093515558073151,0.0,0.0,0.03960525459235943,0.7111111111111111,0.7111111111111111,0.0,,,
2025-10-01,2024-09-23,4.1739022108196755e-07,4.1739022108196755e-07,0.004005812355182028,2025-09-29,250,36612,214,,4.238816468617999e-07,4.238816468617999e-07,4.238816468617999e-07,4.238816468617999e-07,0.0006510619378076098,0.0006510619378076098,0.0,0.0,0.03941300235683505,0.3364485981308411,0.3364485981308411,0.0,4.3354330383643404e-07,4.3354330383643404e-07,0.010887908673331535
2025-10-02,2024-09-24,2.9536191384899433e-07,2.9536191384899433e-07,0.003992953611274221,2025-09-30,250,36502,208,,3.309209929439967e-07,3.309209929439967e-07,3.309209929439967e-07,3.309209929439967e-07,0.0005752573275882687,0.0005752573275882687,0.0,0.0,0.039316862376950375,0.47115384615384615,0.47115384615384615,0.0,3.8341296684614317e-07,3.8341296684614317e-07,0.010850934250878895
2025-10-03,2024-09-25,2.783758163431988e-07,2.783758163431988e-07,0.003966865009917163,2025-10-01,250,36648,208,,2.766029461920173e-07,2.766029461920173e-07,2.766029461920173e-07,2.766029461920173e-07,0.0005259305526322057,0.0005259305526322057,0.0,0.0,0.03941300235683504,0.44711538461538464,0.44711538461538464,0.0,2.740374987967782e-07,2.740374987967782e-07,0.010838449239413045
2025-10-06,2024-09-26,1.110355064994732e-06,1.110355064994732e-06,0.003953181923881872,2025-10-02,250,36692,244,,7.327712484288338e-07,7.327712484288338e-07,7.327712484288338e-07,7.327712484288338e-07,0.0008560205887879297,0.0008560205887879297,0.0,0.0,0.0395091330947125,0.30327868852459017,0.30327868852459017,0.0,3.489463770436647e-07,3.489463770436647e-07,0.010838611198278562
2025-10-07,2024-09-27,3.1453623998860235e-07,3.1453623998860235e-07,0.003973664731777631,2025-10-03,250,36742,82,,2.1957028394794456e-07,2.1957028394794456e-07,2.1957028394794456e-07,2.1957028394794456e-07,0.00046858327322680285,0.00046858327322680285,0.0,0.0,0.03941300235683503,0.35365853658536583,0.35365853658536583,0.0,1.2912651629017515e-07,1.2912651629017515e-07,0.010799879394291329
2025-10-08,2024-09-30,1.4072576891240387e-07,1.4072576891240387e-07,0.0039769182782283235,2025-10-06,250,36828,211,,1.044330970819674e-07,1.044330970819674e-07,1.044330970819674e-07,1.044330970819674e-07,0.0003231611008181019,0.0003231611008181019,0.0,0.0,0.03931686237695038,0.6255924170616114,0.6255924170616114,0.0,5.1682120584239954e-08,5.1682120584239954e-08,0.010840069045911048
2025-10-09,2024-10-01,3.648264483684626e-07,3.648264483684626e-07,0.0039525691699604714,2025-10-07,250,36792,210,,2.523183485134786e-07,2.523183485134786e-07,2.523183485134786e-07,2.523183485134786e-07,0.0005023129985511809,0.0005023129985511809,0.0,0.0,0.039316862376950375,0.4666666666666667,0.4666666666666667,0.0,8.355619873100243e-08,8.355619873100243e-08,0.010775812274368229
2025-10-10,2024-10-02,5.193080991255482e-06,5.193080991255482e-06,0.00401511572980633,2025-10-08,250,36909,198,,3.0605284158030944e-06,3.0605284158030944e-06,3.0605284158030944e-06,3.0605284158030944e-06,0.001749436599538004,0.001749436599538004,0.0,0.0,0.03950913309471249,0.3282828282828283,0.3282828282828283,0.0,1.4891738865223875e-06,1.4891738865223875e-06,0.010807120507777575
2025-10-13,2024-10-03,2.2714590461337296e-06,2.2714590461337296e-06,0.004158682268520404,2025-10-09,250,36953,218,,1.3990838191089402e-06,1.3990838191089402e-06,1.3990838191089402e-06,1.3990838191089402e-06,0.001182828736169755,0.001182828736169755,0.0,0.0,0.03941300235683504,0.3761467889908257,0.3761467889908257,0.0,6.866440503720291e-07,6.866440503720291e-07,0.01110732749379805
2025-10-15,2024-10-04,2.638961897897156e-07,2.638961897897156e-07,0.004116721152681923,2025-10-10,250,36986,218,,7.843194399687844e-07,7.843194399687844e-07,7.843194399687844e-07,7.843194399687844e-07,0.000885618111811623,0.000885618111811623,0.0,0.0,0.03941300235683504,0.41743119266055045,0.41743119266055045,0.0,1.553126514096954e-06,1.553126514096954e-06,0.010952851728251512
2025-10-16,2024-10-07,1.127346579381799e-06,1.127346579381799e-06,0.004090799711237668,2025-10-13,250,37077,216,,2.0871882299234015e-06,2.0871882299234015e-06,2.0871882299234015e-06,2.0871882299234015e-06,0.0014447104311672292,0.0014447104311672292,0.0,0.0,0.0395091330947125,0.3194444444444444,0.3194444444444444,0.0,3.538111655160709e-06,3.538111655160709e-06,0.010904440969977596
2025-10-17,2024-10-08,3.03006359066135e-05,3.03006359066135e-05,0.0041220448575469805,2025-10-15,250,37116,234,,1.444104482273257e-05,1.444104482273257e-05,1.444104482273257e-05,1.444104482273257e-05,0.0038001374741886075,0.0038001374741886075,0.0,0.0,0.03941300235683505,0.18803418803418803,0.18803418803418803,0.0,6.114813975883982e-07,6.114813975883982e-07,0.010979212581738923
2025-10-20,2024-10-09,5.3711926543981006e-05,5.3711926543981006e-05,0.00404296642752388,2025-10-16,250,37270,234,,2.842410018691949e-05,2.842410018691949e-05,2.842410018691949e-05,2.842410018691949e-05,0.005331425718034482,0.005331425718034482,0.0,0.0,0.03922071315328131,0.08974358974358974,0.08974358974358974,0.0,4.808196233630629e-06,4.808196233630629e-06,0.010917242884450397
2025-10-21,2024-10-10,4.6500431256548864e-07,4.6500431256548864e-07,0.0038895668090298983,2025-10-17,250,37354,93,,5.479777432574233e-07,5.479777432574233e-07,5.479777432574233e-07,5.479777432574233e-07,0.000740255187930097,0.000740255187930097,0.0,0.0,0.038932210001787475,0.3763440860215054,0.3763440860215054,0.0,6.291857818069764e-07,6.291857818069764e-07,0.010804866676597644
2025-10-22,2024-10-11,7.498210212518812e-07,7.498210212518812e-07,0.003881721657723485,2025-10-20,250,37465,226,,6.742154713337772e-07,6.742154713337772e-07,6.742154713337772e-07,6.742154713337772e-07,0.0008211062485048918,0.0008211062485048918,0.0,0.0,0.03883602378519814,0.5,0.5,0.0,5.51136669141515e-07,5.51136669141515e-07,0.010805027633362635
2025-10-23,2024-10-14,1.5361874514704153e-06,1.5361874514704153e-06,0.003946604759141033,2025-10-21,250,37412,225,,9.86074103521358e-07,9.86074103521358e-07,9.86074103521358e-07,9.86074103521358e-07,0.0009930126401619256,0.0009930126401619256,0.0,0.0,0.03883602378519814,0.3022222222222222,0.3022222222222222,0.0,1.1348051711940495e-07,1.1348051711940495e-07,0.010861495956873319
2025-10-24,2024-10-16,2.053214572717309e-07,2.053214572717309e-07,0.003929424454888665,2025-10-22,250,37501,258,,1.4989845776853615e-07,1.4989845776853615e-07,1.4989845776853615e-07,1.4989845776853615e-07,0.0003871672219707347,0.0003871672219707347,0.0,0.0,0.03873982831593057,0.49612403100775193,0.49612403100775193,0.0,8.906833636259065e-08,8.906833636259065e-08,0.010797467845659164
2025-10-27,2024-10-17,1.4760223738751446e-06,1.4760223738751446e-06,0.0038809831824062105,2025-10-23,250,37559,245,,1.1133833843233742e-06,1.1133833843233742e-06,1.1133833843233742e-06,1.1133833843233742e-06,0.0010551698367198402,0.0010551698367198402,0.0,0.0,0.03854740961223891,0.31020408163265306,0.31020408163265306,0.0,7.356344368736135e-07,7.356344368736135e-07,0.010709940199335547
2025-10-28,2024-10-18,1.676692097452604e-07,1.676692097452604e-07,0.003794501692645363,2025-10-24,250,37654,90,,3.1193963229974015e-07,3.1193963229974015e-07,3.1193963229974015e-07,3.1193963229974015e-07,0.0005585155613765298,0.0005585155613765298,0.0,0.0,0.03816246109434891,0.45555555555555555,0.45555555555555555,0.0,4.5621005485422015e-07,4.5621005485422015e-07,0.010585060708656821
2025-10-29,2024-10-21,1.4626162236494113e-06,1.4626162236494113e-06,0.0037918215613382896,2025-10-27,250,37733,210,,1.1052572671562735e-06,1.1052572671562735e-06,1.1052572671562735e-06,1.1052572671562735e-06,0.001051312164466993,0.001051312164466993,0.0,0.0,0.03816246109434891,0.41904761904761906,0.41904761904761906,0.0,6.098278047453325e-07,6.098278047453325e-07,0.010557021220854073
2025-10-30,2024-10-22,1.6842321624151348e-06,1.6842321624151348e-06,0.0037819799777530586,2025-10-28,250,37638,137,,2.6558621474205225e-06,2.6558621474205225e-06,2.6558621474205225e-06,2.6558621474205225e-06,0.0016296816092171264,0.0016296816092171264,0.0,0.0,0.03854740961223893,0.4744525547445255,0.4744525547445255,0.0,5.7179687668314405e-06,5.7179687668314405e-06,0.010551953039759088
2025-10-31,2024-10-23,4.301284461154273e-06,4.301284461154273e-06,0.0037582903463522486,2025-10-29,250,37775,220,,2.6357548743473773e-06,2.6357548743473773e-06,2.6357548743473773e-06,2.6357548743473773e-06,0.001623500808237365,0.001623500808237365,0.0,0.0,0.03845118637425273,0.2636363636363636,0.2636363636363636,0.0,8.116034221303022e-07,8.116034221303022e-07,0.010669295264992718
2025-11-03,2024-10-24,7.471331597851789e-07,7.471331597851789e-07,0.0037726079076820652,2025-10-30,250,37754,218,,5.261938340636993e-07,5.261938340636993e-07,5.261938340636993e-07,5.261938340636993e-07,0.0007253921932745756,0.0007253921932745756,0.0,0.0,0.03816246109434891,0.5,0.5,0.0,3.1709054364872755e-07,3.1709054364872755e-07,0.010634411928569332
2025-11-04,2024-10-25,3.9778794113468037e-07,3.9778794113468037e-07,0.0037911168927708605,2025-10-31,250,37807,82,,3.6905286068785813e-07,3.6905286068785813e-07,3.6905286068785813e-07,3.6905286068785813e-07,0.0006074972104362769,0.0006074972104362769,0.0,0.0,0.03902838696747835,0.5,0.5,0.0,3.416861174051703e-07,3.416861174051703e-07,0.01061449205373606
2025-11-05,2024-10-28,3.3786486504001596e-07,3.3786486504001596e-07,0.0037772181898977912,2025-11-03,250,37860,205,,2.990294706876423e-07,2.990294706876423e-07,2.990294706876423e-07,2.990294706876423e-07,0.000546835871800344,0.000546835871800344,0.0,0.0,0.03883602378519814,0.4,0.4,0.0,2.473960486509638e-07,2.473960486509638e-07,0.010741820685978317
2025-11-06,2024-10-29,1.0404379398347233e-06,1.0404379398347233e-06,0.0037758199452135937,2025-11-04,250,37848,166,,6.068899114920739e-07,6.068899114920739e-07,6.068899114920739e-07,6.068899114920739e-07,0.0007790313931364217,0.0007790313931364217,0.0,0.0,0.03883602378519813,0.3674698795180723,0.3674698795180723,0.0,2.0358942001053947e-07,2.0358942001053947e-07,0.0107047241654122
2025-11-07,2024-10-30,1.9178114072173754e-06,1.9178114072173754e-06,0.0037809986284612824,2025-11-05,250,37984,227,,8.893208313516173e-07,8.893208313516173e-07,8.893208313516173e-07,8.893208313516173e-07,0.0009430380858436298,0.0009430380858436298,0.0,0.0,0.03854740961223892,0.4581497797356828,0.4581497797356828,0.0,9.384765158044461e-08,9.384765158044461e-08,0.010820824693052464
2025-11-10,2024-10-31,1.0397900033804716e-06,1.0397900033804716e-06,0.0028681044436994828,2025-11-06,250,37966,233,,6.672491932350414e-07,6.672491932350414e-07,6.672491932350414e-07,6.672491932350414e-07,0.0008168532262500047,0.0008168532262500047,0.0,0.0,0.038451186374252724,0.4248927038626609,0.4248927038626609,0.0,3.2241803012522175e-07,3.2241803012522175e-07,0.010810180783045438
2025-11-11,2024-11-01,,,,2025-11-07,250,38073,43,,3.5543734975656315e-08,3.5543734975656315e-08,3.5543734975656315e-08,3.5543734975656315e-08,0.00018853046166510153,0.00018853046166510153,0.0,0.0,0.03873982831593056,0.5581395348837209,0.5581395348837209,0.0,3.5543734975656315e-08,3.5543734975656315e-08,0.010644087520544729
2025-11-12,2024-11-04,3.1878854745434935e-07,3.1878854745434935e-07,0.00374205267938238,2025-11-10,250,38111,209,,2.008096745480298e-07,2.008096745480298e-07,2.008096745480298e-07,2.008096745480298e-07,0.0004481179248233994,0.0004481179248233994,0.0,0.0,0.03873982831593057,0.583732057416268,0.583732057416268,0.0,3.2072449344805214e-08,3.2072449344805214e-08,0.01061977598828697
2025-11-13,2024-11-05,1.4647156074964588e-06,1.4647156074964588e-06,0.003766409478187735,2025-11-11,250,37957,289,,1.1348921052451586e-06,1.1348921052451586e-06,1.1348921052451586e-06,1.1348921052451586e-06,0.0010653131489121678,0.0010653131489121678,0.0,0.0,0.03873982831593057,0.3494809688581315,0.3494809688581315,0.0,6.897644518003149e-07,6.897644518003149e-07,0.010613870760045652
2025-11-14,2024-11-06,8.048854952588623e-07,8.048854952588623e-07,0.003773584905660377,2025-11-12,250,38099,234,,9.700594202346038e-07,9.700594202346038e-07,9.700594202346038e-07,9.700594202346038e-07,0.0009849159457713148,0.0009849159457713148,0.0,0.0,0.03883602378519814,0.39316239316239315,0.39316239316239315,0.0,1.1352333452103448e-06,1.1352333452103448e-06,0.010792969168501872
2025-11-17,2024-11-07,9.736523539334802e-07,9.736523539334802e-07,0.0037810653059726146,2025-11-13,250,38237,236,,8.254860218571776e-07,8.254860218571776e-07,8.254860218571776e-07,8.254860218571776e-07,0.0009085626130637214,0.0009085626130637214,0.0,0.0,0.03873982831593057,0.4491525423728814,0.4491525423728814,0.0,6.939143189734206e-07,6.939143189734206e-07,0.010794736058815648
2025-11-18,2024-11-08,3.5724828091987016e-07,3.5724828091987016e-07,0.0038510431466387504,2025-11-14,250,38328,134,,8.522422712241384e-07,8.522422712241384e-07,8.522422712241384e-07,8.522422712241384e-07,0.000923169687123737,0.000923169687123737,0.0,0.0,0.038932210001787475,0.35074626865671643,0.35074626865671643,0.0,1.1025201314903413e-06,1.1025201314903413e-06,0.01089625039433954
2025-11-19,2024-11-11,1.2364831947473293e-05,1.2364831947473293e-05,0.0038513311396948845,2025-11-17,250,38422,275,,6.28031978020164e-06,6.28031978020164e-06,6.28031978020164e-06,6.28031978020164e-06,0.0025060566195123446,0.0025060566195123446,0.0,0.0,0.03864362359220442,0.1890909090909091,0.1890909090909091,0.0,2.398982808087656e-07,2.398982808087656e-07,0.010988527148224457
2025-11-20,2024-11-13,1.1540354538409476e-05,1.1540354538409476e-05,0.0038352695859398276,2025-11-18,250,38390,266,,6.063377223975312e-06,6.063377223975312e-06,6.063377223975312e-06,6.063377223975312e-06,0.0024623925812053836,0.0024623925812053836,0.0,0.0,0.03873982831593057,0.20676691729323307,0.20676691729323307,0.0,6.681458396073303e-07,6.681458396073303e-07,0.010946239983097654
2025-11-21,2024-11-14,2.215011571201464e-05,2.215011571201464e-05,0.0038685446009389672,2025-11-19,250,38635,245,,2.3659039039373823e-05,2.3659039039373823e-05,2.3659039039373823e-05,2.3659039039373823e-05,0.00486405582198373,0.00486405582198373,0.0,0.0,0.03864362359220441,0.024489795918367346,0.024489795918367346,0.0,2.5392977248883057e-05,2.5392977248883057e-05,0.011115668245138153
2025-11-24,2024-11-15,3.20478621705305e-05,3.20478621705305e-05,0.003793878227559027,2025-11-20,250,38781,276,,3.77512228824067e-05,3.77512228824067e-05,3.77512228824067e-05,3.77512228824067e-05,0.006144202379675225,0.006144202379675225,0.0,0.0,0.03825871211709034,0.018115942028985508,0.018115942028985508,0.0,4.2829557762844435e-05,4.2829557762844435e-05,0.011006034626648257
2025-11-25,2024-11-18,9.390689981369552e-07,9.390689981369552e-07,0.0037329660771238046,2025-11-21,250,38867,165,,6.666757738792502e-07,6.666757738792502e-07,6.666757738792502e-07,6.666757738792502e-07,0.0008165021579146317,0.0008165021579146317,0.0,0.0,0.03835495387646399,0.3878787878787879,0.3878787878787879,0.0,4.2246115902751466e-07,4.2246115902751466e-07,0.010846390920102285
2025-11-26,2024-11-19,6.737738900322361e-07,6.737738900322361e-07,0.003718814312019354,2025-11-24,250,38985,250,,5.630363506877922e-07,5.630363506877922e-07,5.630363506877922e-07,5.630363506877922e-07,0.0007503574819296415,0.0007503574819296415,0.0,0.0,0.03825871211709033,0.388,0.388,0.0,4.574896335001189e-07,4.574896335001189e-07,0.010745321620100142
2025-11-28,2024-11-20,7.980074699583668e-07,7.980074699583668e-07,0.003711043055305349,2025-11-25,250,39083,210,,8.144562694904397e-07,8.144562694904397e-07,8.144562694904397e-07,8.144562694904397e-07,0.000902472309542204,0.000902472309542204,0.0,0.0,0.038451186374252724,0.6333333333333333,0.6333333333333333,0.0,8.396249145575873e-07,8.396249145575873e-07,0.010671649894067796
2025-12-01,2024-11-21,1.6555067854057728e-06,1.6555067854057728e-06,0.003693742155280617,2025-11-26,250,39167,210,,1.142934221593464e-06,1.142934221593464e-06,1.142934221593464e-06,1.142934221593464e-06,0.0010690810173197651,0.0010690810173197651,0.0,0.0,0.03806620080645634,0.38571428571428573,0.38571428571428573,0.0,2.575816113722036e-07,2.575816113722036e-07,0.010613715447987244
2025-12-02,2024-11-22,3.6536592089863485e-07,3.6536592089863485e-07,0.003638290356764394,2025-11-28,250,39214,126,,1.8697883585845188e-07,1.8697883585845188e-07,1.8697883585845188e-07,1.8697883585845188e-07,0.00043241049462108556,0.00043241049462108556,0.0,0.0,0.037392119217062654,0.5714285714285714,0.5714285714285714,0.0,1.0093330072142249e-07,1.0093330072142249e-07,0.010662394343422461
2025-12-03,2024-11-25,2.9718919380524364e-07,2.9718919380524364e-07,0.0035990076522589903,2025-12-01,250,39249,245,,1.507538866950696e-07,1.507538866950696e-07,1.507538866950696e-07,1.507538866950696e-07,0.0003882703783384326,0.0003882703783384326,0.0,0.0,0.03700672562909566,0.563265306122449,0.563265306122449,0.0,1.907562603785891e-08,1.907562603785891e-08,0.010642681906885977
2025-12-04,2024-11-26,4.279997651589579e-06,4.279997651589579e-06,0.0036248460320253396,2025-12-02,250,39202,209,,2.854431604723386e-06,2.854431604723386e-06,2.854431604723386e-06,2.854431604723386e-06,0.0016895063198234526,0.0016895063198234526,0.0,0.0,0.036524774682372266,0.14832535885167464,0.14832535885167464,0.0,1.6433312463237875e-06,1.6433312463237875e-06,0.010605955636140313
2025-12-05,2024-11-27,9.920071992523539e-06,9.920071992523539e-06,0.003669397933737087,2025-12-03,250,39379,210,,5.717334227844926e-06,5.717334227844926e-06,5.717334227844926e-06,5.717334227844926e-06,0.0023910947760063645,0.0023910947760063645,0.0,0.0,0.03642835661355149,0.14285714285714285,0.14285714285714285,0.0,1.8966635326825517e-06,1.8966635326825517e-06,0.010598207162582739
2025-12-08,2024-11-29,1.1809303303529975e-06,1.1809303303529975e-06,0.0036946696319678607,2025-12-04,250,39426,300,,8.309876203254412e-07,8.309876203254412e-07,8.309876203254412e-07,8.309876203254412e-07,0.000911585223841107,0.000911585223841107,0.0,0.0,0.03642835661355149,0.4066666666666667,0.4066666666666667,0.0,5.407912266440534e-07,5.407912266440534e-07,0.010578114016538086
2025-12-09,2024-12-02,4.023794674143594e-06,4.023794674143594e-06,0.003706502572960525,2025-12-05,250,39489,71,,1.6610332001321966e-06,1.6610332001321966e-06,1.6610332001321966e-06,1.6610332001321966e-06,0.0012888107697145445,0.0012888107697145445,0.0,0.0,0.03662118345564529,0.6338028169014085,0.6338028169014085,0.0,2.9602658552898272e-08,2.9602658552898272e-08,0.01060998932170911
2025-12-10,2024-12-03,1.0382492764376699e-06,1.0382492764376699e-06,0.0037159968251677606,2025-12-08,250,39678,220,,6.264576124811096e-07,6.264576124811096e-07,6.264576124811096e-07,6.264576124811096e-07,0.0007914907532505415,0.0007914907532505415,0.0,0.0,0.0366211834556453,0.42272727272727273,0.42272727272727273,0.0,2.6394016472447975e-07,2.6394016472447975e-07,0.010619154075895993
2025-12-11,2024-12-04,1.0893879921790337e-06,1.0893879921790337e-06,0.00369466963196786,2025-12-09,250,39651,221,,8.625301275372851e-07,8.625301275372851e-07,8.625301275372851e-07,8.625301275372851e-07,0.0009287250010295217,0.0009287250010295217,0.0,0.0,0.03623549258209542,0.4343891402714932,0.4343891402714932,0.0,6.571846466115646e-07,6.571846466115646e-07,0.010549190627863343
2025-12-12,2024-12-05,4.671259756589062e-07,4.671259756589062e-07,0.0037046361903391727,2025-12-10,250,39689,270,,7.560578253603379e-07,7.560578253603379e-07,7.560578253603379e-07,7.560578253603379e-07,0.0008695158568768818,0.0008695158568768818,0.0,0.0,0.03594612677346913,0.5370370370370371,0.5370370370370371,0.0,1.012661635934337e-06,1.012661635934337e-06,0.010524699275940625
2025-12-15,2024-12-06,5.035184740123455e-07,5.035184740123455e-07,0.0037013080350725897,2025-12-11,250,39757,245,,3.194310077056024e-07,3.194310077056024e-07,3.194310077056024e-07,3.194310077056024e-07,0.0005651822783010826,0.0005651822783010826,0.0,0.0,0.035656677208034684,0.5224489795918368,0.5224489795918368,0.0,1.3077938934166714e-07,1.3077938934166714e-07,0.0106390914691387
2025-12-16,2024-12-09,3.4069811346408026e-07,3.4069811346408026e-07,0.003757615555798767,2025-12-12,250,39853,106,,2.944863707784821e-07,2.944863707784821e-07,2.944863707784821e-07,2.944863707784821e-07,0.0005426659845415798,0.0005426659845415798,0.0,0.0,0.03584965289369723,0.5660377358490566,0.5660377358490566,0.0,2.7359613093430763e-07,2.7359613093430763e-07,0.01065518928209422
2025-12-17,2024-12-10,5.675766419068031e-07,5.675766419068031e-07,0.003750773824696844,2025-12-15,250,39970,303,,6.452889056554626e-07,6.452889056554626e-07,6.452889056554626e-07,6.452889056554626e-07,0.0008032987648785865,0.0008032987648785865,0.0,0.0,0.035753169705817864,0.5115511551155115,0.5115511551155115,0.0,7.214773995266972e-07,7.214773995266972e-07,0.010684382871536523
2025-12-18,2024-12-11,6.023690486060005e-07,6.023690486060005e-07,0.0037889935256032966,2025-12-16,250,40025,308,,1.0648562972504513e-06,1.0648562972504513e-06,1.0648562972504513e-06,1.0648562972504513e-06,0.0010319187454690662,0.0010319187454690662,0.0,0.0,0.035753169705817864,0.42207792207792205,0.42207792207792205,0.0,1.5333891308445024e-06,1.5333891308445024e-06,0.010803257372654156
2025-12-19,2024-12-12,1.8251159849744695e-06,1.8251159849744695e-06,0.0037841213857966872,2025-12-17,250,40193,247,,3.4237176808661557e-06,3.4237176808661557e-06,3.4237176808661557e-06,3.4237176808661557e-06,0.0018503290736693718,0.0018503290736693718,0.0,0.0,0.035560175398550886,0.3481781376518219,0.3481781376518219,0.0,5.143222026026962e-06,5.143222026026962e-06,0.01072228923677325
2025-12-22,2024-12-13,1.96040680490954e-06,1.96040680490954e-06,0.0037636569591113396,2025-12-18,250,40391,303,,1.0237374340320747e-06,1.0237374340320747e-06,1.0237374340320747e-06,1.0237374340320747e-06,0.0010117991075465893,0.0010117991075465893,0.0,0.0,0.03556017539855088,0.46534653465346537,0.46534653465346537,0.0,1.8658918381034e-07,1.8658918381034e-07,0.010698257394319633
2025-12-23,2024-12-16,6.524280706101872e-07,6.524280706101872e-07,0.0038011587998671437,2025-12-19,250,40489,162,,3.621482626264359e-07,3.621482626264359e-07,3.621482626264359e-07,3.621482626264359e-07,0.0006017875560581457,0.0006017875560581457,0.0,0.0,0.035753169705817864,0.48148148148148145,0.48148148148148145,0.0,9.260272664152401e-08,9.260272664152401e-08,0.01063202108552487
2025-12-24,2024-12-17,5.593789273234155e-07,5.593789273234155e-07,0.003781759436040533,2025-12-22,250,40653,242,,2.846723125131129e-07,2.846723125131129e-07,2.846723125131129e-07,2.846723125131129e-07,0.000533546916880899,0.000533546916880899,0.0,0.0,0.03584965289369723,0.6157024793388429,0.6157024793388429,0.0,4.001173369768702e-08,4.001173369768702e-08,0.010583648758648758
2025-12-26,2024-12-18,5.017856424072877e-07,5.017856424072877e-07,0.003761732588291151,2025-12-23,250,40797,224,,3.166048860096012e-07,3.166048860096012e-07,3.166048860096012e-07,3.166048860096012e-07,0.0005626765376391673,0.0005626765376391673,0.0,0.0,0.036235492582095415,0.7589285714285714,0.7589285714285714,0.0,1.9454369929592575e-08,1.9454369929592575e-08,0.010546549726237722
2025-12-29,2024-12-19,4.782331315038486e-07,4.782331315038486e-07,0.0037673738112655453,2025-12-24,250,40890,299,,2.79261539363187e-07,2.79261539363187e-07,2.79261539363187e-07,2.79261539363187e-07,0.0005284520218176736,0.0005284520218176736,0.0,0.0,0.035753169705817864,0.5351170568561873,0.5351170568561873,0.0,1.1324843181024228e-07,1.1324843181024228e-07,0.010547619185583293
2025-12-30,2024-12-20,6.389188351000498e-07,6.389188351000498e-07,0.0037624196376388067,2025-12-26,250,40990,124,,4.1119016322562276e-07,4.1119016322562276e-07,4.1119016322562276e-07,4.1119016322562276e-07,0.0006412411116152978,0.0006412411116152978,0.0,0.0,0.0361390466158732,0.5241935483870968,0.5241935483870968,0.0,1.1399828157183874e-08,1.1399828157183874e-08,0.010585341280802501
2025-12-31,2024-12-23,5.91176619675376e-07,5.91176619675376e-07,0.0037717884868902905,2025-12-29,250,41118,243,,3.105777658074057e-07,3.105777658074057e-07,3.105777658074057e-07,3.105777658074057e-07,0.0005572950437671286,0.0005572950437671286,0.0,0.0,0.03584965289369723,0.6584362139917695,0.6584362139917695,0.0,4.56924477560418e-08,4.56924477560418e-08,0.010598283867774852
2026-01-02,2024-12-24,2.3175737112934695e-06,2.3175737112934695e-06,0.003788714779666004,2025-12-30,250,41057,211,,1.4271917244554262e-06,1.4271917244554262e-06,1.4271917244554262e-06,1.4271917244554262e-06,0.0011946512982688405,0.0011946512982688405,0.0,0.0,0.03604259134692933,0.5213270142180095,0.5213270142180095,0.0,2.6468842722406862e-08,2.6468842722406862e-08,0.010677391776161425
2026-01-05,2024-12-26,5.726361175062451e-07,5.726361175062451e-07,0.0038005977639201513,2025-12-31,250,41231,295,,3.711337589104083e-07,3.711337589104083e-07,3.711337589104083e-07,3.711337589104083e-07,0.000609207484286272,0.000609207484286272,0.0,0.0,0.03584965289369723,0.49491525423728816,0.49491525423728816,0.0,2.0111614384517099e-07,2.0111614384517099e-07,0.010657855292240585
2026-01-06,2024-12-27,7.9616553785655e-07,7.9616553785655e-07,0.003853925016837537,2026-01-02,250,41381,83,,6.127950876934954e-07,6.127950876934954e-07,6.127950876934954e-07,6.127950876934954e-07,0.0007828122940357384,0.0007828122940357384,0.0,0.0,0.035753169705817864,0.2891566265060241,0.2891566265060241,0.0,4.3379060062956087e-07,4.3379060062956087e-07,0.010587342232303844
2026-01-07,2024-12-30,6.256643659773337e-07,6.256643659773337e-07,0.003925903338923618,2026-01-05,250,41512,251,,4.388508093957851e-07,4.388508093957851e-07,4.388508093957851e-07,4.388508093957851e-07,0.0006624581567131505,0.0006624581567131505,0.0,0.0,0.03565667720803468,0.38247011952191234,0.38247011952191234,0.0,2.677238873363513e-07,2.677238873363513e-07,0.010524749569968631
2026-01-08,2024-12-31,3.860858045927507e-07,3.860858045927507e-07,0.003956516728767334,2026-01-06,250,41425,254,,3.416312474217077e-07,3.416312474217077e-07,3.416312474217077e-07,3.416312474217077e-07,0.0005844922988557743,0.0005844922988557743,0.0,0.0,0.035560175398550886,0.38976377952755903,0.38976377952755903,0.0,3.024453785079734e-07,3.024453785079734e-07,0.01055878505757127
2026-01-09,2025-01-02,7.959223144843733e-07,7.959223144843733e-07,0.003976219888820258,2026-01-07,250,41638,302,,4.19971300276083e-07,4.19971300276083e-07,4.19971300276083e-07,4.19971300276083e-07,0.0006480519271447953,0.0006480519271447953,0.0,0.0,0.03556017539855088,0.46688741721854304,0.46688741721854304,0.0,1.1605880376039918e-07,1.1605880376039918e-07,0.010559856999898476
2026-01-12,2025-01-03,1.1196455495010873e-06,1.1196455495010873e-06,0.003971160889848481,2026-01-08,250,41737,304,,6.12736428344118e-07,6.12736428344118e-07,6.12736428344118e-07,6.12736428344118e-07,0.0007827748260797086,0.0007827748260797086,0.0,0.0,0.03556017539855088,0.4407894736842105,0.4407894736842105,0.0,2.1317276813803636e-07,2.1317276813803636e-07,0.01049047934646361
2026-01-13,2025-01-06,8.597488405132782e-07,8.597488405132782e-07,0.003957732949087416,2026-01-09,250,41847,78,,4.4768844143042865e-07,4.4768844143042865e-07,4.4768844143042865e-07,4.4768844143042865e-07,0.0006690952409264534,0.0006690952409264534,0.0,0.0,0.03604259134692934,0.6025641025641025,0.6025641025641025,0.0,1.2927813304822662e-07,1.2927813304822662e-07,0.010474030439035616
2026-01-14,2025-01-07,3.363666547991975e-07,3.363666547991975e-07,0.003945604290365831,2026-01-12,250,41972,299,,3.4555680272280495e-07,3.4555680272280495e-07,3.4555680272280495e-07,3.4555680272280495e-07,0.0005878407970894883,0.0005878407970894883,0.0,0.0,0.03604259134692933,0.5284280936454849,0.5284280936454849,0.0,3.5613539026077055e-07,3.5613539026077055e-07,0.01049501563918878
2026-01-15,2025-01-08,3.1949605339037763e-07,3.1949605339037763e-07,0.003962148022772734,2026-01-13,250,41982,292,,2.9104132091456986e-07,2.9104132091456986e-07,2.9104132091456986e-07,2.9104132091456986e-07,0.0005394824565401269,0.0005394824565401269,0.0,0.0,0.03604259134692934,0.5856164383561644,0.5856164383561644,0.0,2.5749021844309517e-07,2.5749021844309517e-07,0.010546855263920274
2026-01-16,2025-01-10,9.006695224926993e-07,9.006695224926993e-07,0.003989001200573176,2026-01-14,250,42118,336,,4.467210126627775e-07,4.467210126627775e-07,4.467210126627775e-07,4.467210126627775e-07,0.0006683719119343493,0.0006683719119343493,0.0,0.0,0.036139046615873194,0.47023809523809523,0.47023809523809523,0.0,3.893675806979684e-08,3.893675806979684e-08,0.01051821189182942
2026-01-20,2025-01-13,1.1962994244067644e-05,1.1962994244067644e-05,0.004030837866395336,2026-01-15,250,42295,165,,6.253198686301235e-06,6.253198686301235e-06,6.253198686301235e-06,6.253198686301235e-06,0.0025006396554284336,0.0025006396554284336,0.0,0.0,0.03604259134692934,0.23030303030303031,0.23030303030303031,0.0,1.2571275732556286e-06,1.2571275732556286e-06,0.010527032067778967
2026-01-21,2025-01-15,2.1984028066875402e-06,2.1984028066875402e-06,0.004175111471422781,2026-01-16,250,42450,295,,1.5415883321863039e-06,1.5415883321863039e-06,1.5415883321863039e-06,1.5415883321863039e-06,0.0012416071569487281,0.0012416071569487281,0.0,0.0,0.036331929247390274,0.31186440677966104,0.31186440677966104,0.0,7.193167763221606e-07,7.193167763221606e-07,0.010745782047876266
2026-01-22,2025-01-16,5.179836965693516e-07,5.179836965693516e-07,0.0041590954976781745,2026-01-20,250,42452,260,,3.1936147323168174e-07,3.1936147323168174e-07,3.1936147323168174e-07,3.1936147323168174e-07,0.0005651207598661384,0.0005651207598661384,0.0,0.0,0.03633192924739028,0.45384615384615384,0.45384615384615384,0.0,1.2073924989401187e-07,1.2073924989401187e-07,0.010623179165450832
2026-01-23,2025-01-17,9.13185900836606e-07,9.13185900836606e-07,0.00414737265955305,2026-01-21,250,42588,253,,7.681091146754903e-07,7.681091146754903e-07,7.681091146754903e-07,7.681091146754903e-07,0.0008764183445566907,0.0008764183445566907,0.0,0.0,0.03642835661355149,0.5177865612648221,0.5177865612648221,0.0,5.053589352948032e-07,5.053589352948032e-07,0.01056798020261836
2026-01-26,2025-01-21,1.7812770448162365e-06,1.7812770448162365e-06,0.004152556039348492,2026-01-22,250,42685,280,,1.1232215376962994e-06,1.1232215376962994e-06,1.1232215376962994e-06,1.1232215376962994e-06,0.0010598214650101682,0.0010598214650101682,0.0,0.0,0.03633192924739028,0.30357142857142855,0.30357142857142855,0.0,6.224371580641459e-07,6.224371580641459e-07,0.010564146946592575
2026-01-27,2025-01-22,1.252277617768312e-06,1.252277617768312e-06,0.004032731686308288,2026-01-23,250,42871,201,,7.588737326825221e-07,7.588737326825221e-07,7.588737326825221e-07,7.588737326825221e-07,0.0008711335906062411,0.0008711335906062411,0.0,0.0,0.03604259134692934,0.4925373134328358,0.4925373134328358,0.0,1.5034227441004817e-07,1.5034227441004817e-07,0.010510771873601547
2026-01-28,2025-01-23,1.044658701781991e-06,1.044658701781991e-06,0.003988074495682815,2026-01-26,250,42982,248,,5.499784037675763e-07,5.499784037675763e-07,5.499784037675763e-07,5.499784037675763e-07,0.0007416052883897042,0.0007416052883897042,0.0,0.0,0.03604259134692934,0.6532258064516129,0.6532258064516129,0.0,1.491790382230507e-07,1.491790382230507e-07,0.010469060662266893
2026-01-29,2025-01-24,5.277049190017089e-06,5.277049190017089e-06,0.004016534082046483,2026-01-27,250,43005,146,,2.1134733591079613e-06,2.1134733591079613e-06,2.1134733591079613e-06,2.1134733591079613e-06,0.0014537789925253293,0.0014537789925253293,0.0,0.0,0.036139046615873194,0.6027397260273972,0.6027397260273972,0.0,8.736299549200385e-08,8.736299549200385e-08,0.010470114463202092
2026-01-30,2025-01-27,2.1099557158783806e-05,2.1099557158783806e-05,0.003987920086727583,2026-01-28,250,43079,238,,1.0542097967573063e-05,1.0542097967573063e-05,1.0542097967573063e-05,1.0542097967573063e-05,0.0032468597086374187,0.0032468597086374187,0.0,0.0,0.03604259134692935,0.35714285714285715,0.35714285714285715,0.0,6.713027887987926e-07,6.713027887987926e-07,0.01049093279926229
2026-02-02,2025-01-28,6.460666055050304e-06,6.460666055050304e-06,0.003969477416371203,2026-01-29,250,43043,282,,3.5225661055597902e-06,3.5225661055597902e-06,3.5225661055597902e-06,3.5225661055597902e-06,0.001876850048767826,0.001876850048767826,0.0,0.0,0.03604259134692934,0.4078014184397163,0.4078014184397163,0.0,1.469436020373648e-06,1.469436020373648e-06,0.010522315996358222
2026-02-03,2025-01-29,1.838544188479226e-06,1.838544188479226e-06,0.0038146735306099798,2026-01-30,250,43217,83,,1.2127099259830037e-06,1.2127099259830037e-06,1.2127099259830037e-06,1.2127099259830037e-06,0.0011012310956302514,0.0011012310956302514,0.0,0.0,0.03623549258209542,0.3132530120481928,0.3132530120481928,0.0,6.579931933158977e-07,6.579931933158977e-07,0.010470265023511312
2026-02-04,2025-01-30,5.245473788449438e-06,5.245473788449438e-06,0.0038221760427489967,2026-02-02,250,43365,229,,2.41195024506927e-06,2.41195024506927e-06,2.41195024506927e-06,2.41195024506927e-06,0.0015530454742438387,0.0015530454742438387,0.0,0.0,0.03623549258209542,0.44541484716157204,0.44541484716157204,0.0,4.389782963453019e-07,4.389782963453019e-07,0.010559550708453588
2026-02-05,2025-01-31,2.356714726288701e-06,2.356714726288701e-06,0.003725270353358167,2026-02-03,250,43294,246,,3.574302243122152e-06,3.574302243122152e-06,3.574302243122152e-06,3.574302243122152e-06,0.0018905825142326246,0.0018905825142326246,0.0,0.0,0.03623549258209542,0.27235772357723576,0.27235772357723576,0.0,4.6258550985692235e-06,4.6258550985692235e-06,0.010610948862559935
2026-02-06,2025-02-03,4.1208853930303116e-06,4.1208853930303116e-06,0.0037331013736363297,2026-02-04,250,43339,282,,4.326752283348964e-06,4.326752283348964e-06,4.326752283348964e-06,4.326752283348964e-06,0.0020800846817735485,0.0020800846817735485,0.0,0.0,0.03604259134692934,0.23404255319148937,0.23404255319148937,0.0,4.474876021505067e-06,4.474876021505067e-06,0.010745147722912546
2026-02-09,2025-02-04,5.803764329172678e-07,5.803764329172678e-07,0.0037034373651661156,2026-02-05,250,43399,283,,5.018133653274698e-07,5.018133653274698e-07,5.018133653274698e-07,5.018133653274698e-07,0.000708387863622373,0.000708387863622373,0.0,0.0,0.036139046615873194,0.45229681978798586,0.45229681978798586,0.0,4.495920321648394e-07,4.495920321648394e-07,0.010542884654368536
2026-02-10,2025-02-05,4.932262473681195e-07,4.932262473681195e-07,0.004697400043696744,2026-02-06,250,43614,119,,3.207848390580818e-07,3.207848390580818e-07,3.207848390580818e-07,3.207848390580818e-07,0.0005663787063953604,0.0005663787063953604,0.0,0.0,0.03623549258209542,0.6218487394957983,0.6218487394957983,0.0,2.6850620347789963e-08,2.6850620347789963e-08,0.010492293392895742
2026-02-11,2025-02-06,8.371350254060089e-07,8.371350254060089e-07,0.003800058462437882,2026-02-09,250,43732,256,,4.0856673266397474e-07,4.0856673266397474e-07,4.0856673266397474e-07,4.0856673266397474e-07,0.0006391922501595077,0.0006391922501595077,0.0,0.0,0.03623549258209542,0.5859375,0.5859375,0.0,4.7829392730032296e-08,4.7829392730032296e-08,0.01052003554296943
2026-02-12,2025-02-07,4.452601926998799e-06,4.452601926998799e-06,0.003774954627949183,2026-02-10,250,43733,205,,2.87344598917567e-06,2.87344598917567e-06,2.87344598917567e-06,2.87344598917567e-06,0.001695124181048595,0.001695124181048595,0.0,0.0,0.036331929247390274,0.40487804878048783,0.40487804878048783,0.0,8.951627264082337e-07,8.951627264082337e-07,0.010522468061737674
2026-02-13,2025-02-10,1.3740290848767887e-06,1.3740290848767887e-06,0.003973560539487259,2026-02-11,250,43836,340,,1.2465079380573639e-06,1.2465079380573639e-06,1.2465079380573639e-06,1.2465079380573639e-06,0.0011164711989376905,0.0011164711989376905,0.0,0.0,0.036331929247390274,0.3911764705882353,0.3911764705882353,0.0,1.127681414884718e-06,1.127681414884718e-06,0.010687579080247185
2026-02-17,2025-02-11,1.942145893734868e-06,1.942145893734868e-06,0.004065994213777465,2026-02-12,250,43896,86,,1.0207702545891713e-06,1.0207702545891713e-06,1.0207702545891713e-06,1.0207702545891713e-06,0.0010103317547168213,0.0010103317547168213,0.0,0.0,0.0361390466158732,0.37209302325581395,0.37209302325581395,0.0,1.8129467225642537e-07,1.8129467225642537e-07,0.010680054272093878
2026-02-18,2025-02-12,1.7995697533309518e-06,1.7995697533309518e-06,0.0039411853872972575,2026-02-13,250,44170,274,,9.325501775334706e-07,9.325501775334706e-07,9.325501775334706e-07,9.325501775334706e-07,0.0009656863763839017,0.0009656863763839017,0.0,0.0,0.03623549258209542,0.5802919708029197,0.5802919708029197,0.0,5.278031385661516e-08,5.278031385661516e-08,0.01066284982060482
2026-02-19,2025-02-13,3.4194650752880346e-05,3.4194650752880346e-05,0.00393417817287687,2026-02-17,250,44127,111,,3.4194650752880346e-05,3.4194650752880346e-05,3.4194650752880346e-05,3.4194650752880346e-05,0.0058476192380216025,0.0058476192380216025,0.0,0.0,0.036331929247390274,0.0,0.0,0.0,,,
2026-02-20,2025-02-14,3.301739612153865e-05,3.301739612153865e-05,0.003991096784097016,2026-02-18,250,44278,90,,3.301739612153865e-05,3.301739612153865e-05,3.301739612153865e-05,3.301739612153865e-05,0.005746076585074258,0.005746076585074258,0.0,0.0,0.036235492582095415,0.0,0.0,0.0,,,
2026-02-23,2025-02-18,2.7737402785837196e-06,2.7737402785837196e-06,0.003930758182780256,2026-02-19,250,44241,208,,2.002206239959444e-06,2.002206239959444e-06,2.002206239959444e-06,2.002206239959444e-06,0.0014149933709948763,0.0014149933709948763,0.0,0.0,0.036235492582095415,0.3942307692307692,0.3942307692307692,0.0,9.077044642366335e-07,9.077044642366335e-07,0.010561082343385115
2026-02-24,2025-02-19,1.6087724669730033e-05,1.6087724669730033e-05,0.003907130513186566,2026-02-20,250,44261,168,,1.6797874988986463e-05,1.6797874988986463e-05,1.6797874988986463e-05,1.6797874988986463e-05,0.004098521073385675,0.004098521073385675,0.0,0.0,0.036235492582095415,0.08928571428571429,0.08928571428571429,0.0,1.7678461384864443e-05,1.7678461384864443e-05,0.01067003766174768
2026-02-25,2025-02-20,1.2691767227074774e-05,1.2691767227074774e-05,0.003821562431101641,2026-02-23,250,44301,204,,1.8593854247888328e-05,1.8593854247888328e-05,1.8593854247888328e-05,1.8593854247888328e-05,0.004312059165629378,0.004312059165629378,0.0,0.0,0.036235492582095415,0.10784313725490197,0.10784313725490197,0.0,2.344199715784232e-05,2.344199715784232e-05,0.010593041390848908
2026-02-26,2025-02-21,8.232532252965513e-07,8.232532252965513e-07,0.0037924370054333956,2026-02-24,250,44301,251,,6.463991662944458e-07,6.463991662944458e-07,6.463991662944458e-07,6.463991662944458e-07,0.000803989531209484,0.000803989531209484,0.0,0.0,0.03623549258209542,0.4342629482071713,0.4342629482071713,0.0,4.869625524970933e-07,4.869625524970933e-07,0.010504403087354827
2026-02-27,2025-02-24,0.00014687064674557065,0.00014687064674557065,0.003810221652317273,2026-02-25,250,44315,164,,7.735048045239553e-05,7.735048045239553e-05,7.735048045239553e-05,7.735048045239553e-05,0.008794912191283977,0.008794912191283977,0.0,0.0,0.036139046615873194,0.1524390243902439,0.1524390243902439,0.0,7.000406932537592e-07,7.000406932537592e-07,0.010563074133178587
2026-03-02,2025-02-25,0.0001549193454608111,0.0001549193454608111,0.003936709819062759,2026-02-26,250,44372,217,,7.504203356634627e-05,7.504203356634627e-05,7.504203356634627e-05,7.504203356634627e-05,0.008662680506999336,0.008662680506999336,0.0,0.0,0.03604259134692934,0.009216589861751152,0.009216589861751152,0.0,5.493684416855352e-06,5.493684416855352e-06,0.010614042478753334
2026-03-03,2025-02-26,1.5477199757062768e-06,1.5477199757062768e-06,0.003928679359323058,2026-02-27,250,44466,116,,2.354487912562655e-06,2.354487912562655e-06,2.354487912562655e-06,2.354487912562655e-06,0.0015344340691481845,0.0015344340691481845,0.0,0.0,0.03652477468237227,0.29310344827586204,0.29310344827586204,0.0,2.7955210513774756e-06,2.7955210513774756e-06,0.010608011597074503
2026-03-04,2025-02-27,1.8380349213455775e-06,1.8380349213455775e-06,0.003943127962085307,2026-03-02,250,44515,228,,1.8257699751448325e-06,1.8257699751448325e-06,1.8257699751448325e-06,1.8257699751448325e-06,0.0013512105591449589,0.0013512105591449589,0.0,0.0,0.036428356613551496,0.42543859649122806,0.42543859649122806,0.0,1.8154832460732396e-06,1.8154832460732396e-06,0.010702345920362174
2026-03-05,2025-02-28,1.1815791138298896e-05,1.1815791138298896e-05,0.003961602925491393,2026-03-03,250,44501,207,,7.727808946557341e-06,7.727808946557341e-06,7.727808946557341e-06,7.727808946557341e-06,0.002779893693391411,0.002779893693391411,0.0,0.0,0.03642835661355149,0.2028985507246377,0.2028985507246377,0.0,2.5167547241175574e-06,2.5167547241175574e-06,0.010627365609446384
2026-03-06,2025-03-03,2.0103931083589423e-06,2.0103931083589423e-06,0.003995543432325484,2026-03-04,250,44558,238,,1.667597022479194e-06,1.667597022479194e-06,1.667597022479194e-06,1.667597022479194e-06,0.0012913547237220276,0.0012913547237220276,0.0,0.0,0.03633192924739029,0.2815126050420168,0.2815126050420168,0.0,1.4972769546521494e-06,1.4972769546521494e-06,0.010686951607931778
2026-03-09,2025-03-04,5.7875106913544685e-05,5.7875106913544685e-05,0.004039462440767497,2026-03-05,250,44624,182,,0.0001278260674739764,0.0001278260674739764,0.0001278260674739764,0.0001278260674739764,0.011306019081620922,0.011306019081620922,0.0,0.0,0.036235492582095415,0.005494505494505495,0.005494505494505495,0.0,0.00019188642082931904,0.00019188642082931904,0.01082888693893334
2026-03-10,2025-03-05,6.525549104786742e-05,6.525549104786742e-05,0.004001847006310606,2026-03-06,250,44766,102,,0.0001681323162002585,0.0001681323162002585,0.0001681323162002585,0.0001681323162002585,0.012966584600435788,0.012966584600435788,0.0,0.0,0.03642835661355149,0.0,0.0,0.0,0.0002130503666189081,0.0002130503666189081,0.010734850428295513
2026-03-11,2025-03-06,4.8042588948281476e-06,4.8042588948281476e-06,0.00398727140282943,2026-03-09,250,44787,255,,3.67332600975896e-06,3.67332600975896e-06,3.67332600975896e-06,3.67332600975896e-06,0.001916592290957824,0.001916592290957824,0.0,0.0,0.036428356613551496,0.5176470588235295,0.5176470588235295,0.0,2.5858905433462795e-06,2.5858905433462795e-06,0.010752129419061403
2026-03-12,2025-03-07,1.6403804866893365e-06,1.6403804866893365e-06,0.003987577163452321,2026-03-10,250,44791,240,,1.6121505973587022e-06,1.6121505973587022e-06,1.6121505973587022e-06,1.6121505973587022e-06,0.001269704925310878,0.001269704925310878,0.0,0.0,0.03642835661355149,0.4041666666666667,0.4041666666666667,0.0,1.5866092689166996e-06,1.5866092689166996e-06,0.010765642511791582
2026-03-13,2025-03-10,0.00012811457357419663,0.00012811457357419663,0.0040663121676571806,2026-03-11,250,44897,198,,9.203837601061812e-05,9.203837601061812e-05,9.203837601061812e-05,9.203837601061812e-05,0.009593663325894761,0.009593663325894761,0.0,0.0,0.03652477468237227,0.0,0.0,0.0,2.7507712763090407e-05,2.7507712763090407e-05,0.010931638290844667
2026-03-16,2025-03-11,0.00010636322110949715,0.00010636322110949715,0.004158004158004158,2026-03-12,250,44963,146,,8.868698249181032e-05,8.868698249181032e-05,8.868698249181032e-05,8.868698249181032e-05,0.009417376624719346,0.009417376624719346,0.0,0.0,0.03652477468237227,0.0,0.0,0.0,2.3113839232649426e-05,2.3113839232649426e-05,0.01099386522520346
2026-03-17,2025-03-12,2.7858144868418808e-06,2.7858144868418808e-06,0.004113598607705087,2026-03-13,250,45128,169,,1.0045976820468618e-06,1.0045976820468618e-06,1.0045976820468618e-06,1.0045976820468618e-06,0.0010022962047453146,0.0010022962047453146,0.0,0.0,0.036524774682372266,0.3136094674556213,0.3136094674556213,0.0,4.3405167426095755e-07,4.3405167426095755e-07,0.01088310987549138
2026-03-18,2025-03-13,6.088020752306756e-05,6.088020752306756e-05,0.004090783935806161,2026-03-16,250,45104,224,,4.1690322290185515e-05,4.1690322290185515e-05,4.1690322290185515e-05,4.1690322290185515e-05,0.006456804340398237,0.006456804340398237,0.0,0.0,0.036524774682372266,0.004464285714285714,0.004464285714285714,0.0,2.7297908365523967e-05,2.7297908365523967e-05,0.010854555076849683
2026-03-19,2025-03-14,1.3002446651450023e-05,1.3002446651450023e-05,0.004160998639673522,2026-03-17,250,45145,202,,2.5046994530726182e-05,2.5046994530726182e-05,2.5046994530726182e-05,2.5046994530726182e-05,0.0050046972466599995,0.0050046972466599995,0.0,0.0,0.036621183455645294,0.01485148514851485,0.01485148514851485,0.0,3.6623792977797444e-05,3.6623792977797444e-05,0.01100815959360779
2026-03-20,2025-03-17,1.7213344709444873e-05,1.7213344709444873e-05,0.004177377892030849,2026-03-18,250,45217,250,,1.26466914275963e-05,1.26466914275963e-05,1.26466914275963e-05,1.26466914275963e-05,0.0035562186979425634,0.0035562186979425634,0.0,0.0,0.036621183455645294,0.092,0.092,0.0,7.5382318241724715e-06,7.5382318241724715e-06,0.011035354652925131
2026-03-23,2025-03-18,2.290133536327774e-06,2.290133536327774e-06,0.004193717488608411,2026-03-19,250,45354,256,,1.227653995141088e-06,1.227653995141088e-06,1.227653995141088e-06,1.227653995141088e-06,0.0011079954851627727,0.0011079954851627727,0.0,0.0,0.036717582935162765,0.4921875,0.4921875,0.0,2.7535751748487326e-07,2.7535751748487326e-07,0.011382885424857764
2026-03-24,2025-03-19,2.5419432143668226e-05,2.5419432143668226e-05,0.004135353294365582,2026-03-20,250,45452,148,,1.549036655191165e-05,1.549036655191165e-05,1.549036655191165e-05,1.549036655191165e-05,0.003935780297718821,0.003935780297718821,0.0,0.0,0.03671758293516276,0.006756756756756757,0.006756756756756757,0.0,7.05066079891856e-06,7.05066079891856e-06,0.011264606793005586
2026-03-25,2025-03-20,2.380688031059413e-05,2.380688031059413e-05,0.0041328882530599275,2026-03-23,250,45550,221,,1.4372620317737603e-05,1.4372620317737603e-05,1.4372620317737603e-05,1.4372620317737603e-05,0.0037911238858335406,0.0037911238858335406,0.0,0.0,0.03671758293516275,0.02262443438914027,0.02262443438914027,0.0,5.986611435198472e-06,5.986611435198472e-06,0.01130254753666677
2026-03-26,2025-03-21,1.1403206525588195e-06,1.1403206525588195e-06,0.004116855355870476,2026-03-24,250,45541,216,,8.950378495083538e-07,8.950378495083538e-07,8.950378495083538e-07,8.950378495083538e-07,0.0009460644002964882,0.0009460644002964882,0.0,0.0,0.0366211834556453,0.3888888888888889,0.3888888888888889,0.0,7.535974010339978e-07,7.535974010339978e-07,0.011239910477756462
2026-03-27,2025-03-24,1.5491388098375743e-06,1.5491388098375743e-06,0.004112459962829689,2026-03-25,250,45599,180,,1.4726475379326617e-06,1.4726475379326617e-06,1.4726475379326617e-06,1.4726475379326617e-06,0.0012135269003745494,0.0012135269003745494,0.0,0.0,0.036621183455645294,0.5611111111111111,0.5611111111111111,0.0,1.2362199702265681e-06,1.2362199702265681e-06,0.011444291494210111
2026-03-30,2025-03-25,9.425555546675727e-06,9.425555546675727e-06,0.004180064308681673,2026-03-26,250,45701,175,,1.49136588076382e-05,1.49136588076382e-05,1.49136588076382e-05,1.49136588076382e-05,0.0038618206596938444,0.0038618206596938444,0.0,0.0,0.036621183455645294,0.12571428571428572,0.12571428571428572,0.0,2.072459167218671e-05,2.072459167218671e-05,0.01164282357394061
2026-03-31,2025-03-26,0.00017309687121400057,0.00017309687121400057,0.004216843044236305,2026-03-27,250,45802,93,,0.00011427552820016721,0.00011427552820016721,0.00011427552820016721,0.00011427552820016721,0.010689973255353225,0.010689973255353225,0.0,0.0,0.03642835661355149,0.0,0.0,0.0,7.877989017457812e-05,7.877989017457812e-05,0.011681880469009604
2026-04-01,2025-03-27,0.00017902971810481035,0.00017902971810481035,0.004097876196855667,2026-03-30,250,45870,193,,0.000113869462212943,0.000113869462212943,0.000113869462212943,0.000113869462212943,0.010670963509118706,0.010670963509118706,0.0,0.0,0.036331929247390274,0.015544041450777202,0.015544041450777202,0.0,7.061653373299662e-05,7.061653373299662e-05,0.011351905157302333
2026-04-02,2025-03-28,2.3146153860370708e-05,2.3146153860370708e-05,0.004068380080585223,2026-03-31,250,45849,206,,8.054691941938435e-06,8.054691941938435e-06,8.054691941938435e-06,8.054691941938435e-06,0.0028380789174965583,0.0028380789174965583,0.0,0.0,0.036331929247390274,0.2524271844660194,0.2524271844660194,0.0,2.8702771921594145e-07,2.8702771921594145e-07,0.011267013613332518
2026-04-06,2025-03-31,8.536794512352158e-05,8.536794512352158e-05,0.004063769928102533,2026-04-01,250,45915,211,,3.004435089332553e-05,3.004435089332553e-05,3.004435089332553e-05,3.004435089332553e-05,0.005481272743927776,0.005481272743927776,0.0,0.0,0.03642835661355149,0.2843601895734597,0.2843601895734597,0.0,1.6153357190575703e-07,1.6153357190575703e-07,0.011256877544485611
2026-04-07,2025-04-01,5.651224969099906e-05,5.651224969099906e-05,0.004017615699605965,2026-04-02,250,46082,72,,1.9944739240404633e-05,1.9944739240404633e-05,1.9944739240404633e-05,1.9944739240404633e-05,0.004465953340598694,0.004465953340598694,0.0,0.0,0.03652477468237227,0.19444444444444445,0.19444444444444445,0.0,1.6609840151074216e-06,1.6609840151074216e-06,0.011203918473889489
2026-04-08,2025-04-02,3.5286823864436878e-06,3.5286823864436878e-06,0.004102564102564102,2026-04-06,250,46183,212,,3.2605062379189427e-06,3.2605062379189427e-06,3.2605062379189427e-06,3.2605062379189427e-06,0.0018056871927105598,0.0018056871927105598,0.0,0.0,0.03642835661355149,0.4669811320754717,0.4669811320754717,0.0,3.0979752388130373e-06,3.0979752388130373e-06,0.011198989715117865
2026-04-09,2025-04-03,5.537034184699104e-05,5.537034184699104e-05,0.004016994978756277,2026-04-07,250,46085,182,,2.5197456782212938e-05,2.5197456782212938e-05,2.5197456782212938e-05,2.5197456782212938e-05,0.005019706842258115,0.005019706842258115,0.0,0.0,0.036235492582095415,0.01098901098901099,0.01098901098901099,0.0,8.434742857336214e-06,8.434742857336214e-06,0.01092084140767149
2026-04-10,2025-04-04,5.582212519476274e-05,5.582212519476274e-05,0.003992475718837575,2026-04-08,250,46127,192,,3.19958357620619e-05,3.19958357620619e-05,3.19958357620619e-05,3.19958357620619e-05,0.005656486167406573,0.005656486167406573,0.0,0.0,0.036139046615873194,0.026041666666666668,0.026041666666666668,0.0,1.7379708631077358e-05,1.7379708631077358e-05,0.010858198879263436
2026-04-13,2025-04-07,9.202113530046753e-07,9.202113530046753e-07,0.003992628992628992,2026-04-09,250,46199,270,,7.660057883889682e-07,7.660057883889682e-07,7.660057883889682e-07,7.660057883889682e-07,0.000875217566316495,0.000875217566316495,0.0,0.0,0.03623549258209542,0.5777777777777777,0.5777777777777777,0.0,6.047908799270927e-07,6.047908799270927e-07,0.010865390162776321
2026-04-14,2025-04-08,1.0939825917820082e-06,1.0939825917820082e-06,0.004012345679012346,2026-04-10,250,46247,79,,6.2582118916917e-07,6.2582118916917e-07,6.2582118916917e-07,6.2582118916917e-07,0.0007910886101879927,0.0007910886101879927,0.0,0.0,0.03642835661355149,0.5822784810126582,0.5822784810126582,0.0,2.7209924052835883e-07,2.7209924052835883e-07,0.010760236117184081
2026-04-15,2025-04-09,2.8686183010548447e-06,2.8686183010548447e-06,0.004018081366147666,2026-04-13,250,46467,250,,1.5494168405279173e-06,1.5494168405279173e-06,1.5494168405279173e-06,1.5494168405279173e-06,0.0012447557352862116,0.0012447557352862116,0.0,0.0,0.03642835661355149,0.44,0.44,0.0,4.4361561626269846e-07,4.4361561626269846e-07,0.010630702992252973
2026-04-16,2025-04-10,1.2680705095014721e-06,1.2680705095014721e-06,0.0039034643245880714,2026-04-14,250,46440,255,,6.702639892162382e-07,6.702639892162382e-07,6.702639892162382e-07,6.702639892162382e-07,0.0008186965183853161,0.0008186965183853161,0.0,0.0,0.036428356613551496,0.49411764705882355,0.49411764705882355,0.0,1.7137509458971205e-07,1.7137509458971205e-07,0.010547472640512045
2026-04-17,2025-04-11,4.194035439584735e-07,4.194035439584735e-07,0.003948367501898253,2026-04-15,250,46545,292,,7.215713909832994e-07,7.215713909832994e-07,7.215713909832994e-07,7.215713909832994e-07,0.0008494535837721207,0.0008494535837721207,0.0,0.0,0.03633192924739028,0.5171232876712328,0.5171232876712328,0.0,1.0729814056714302e-06,1.0729814056714302e-06,0.010521617307527865
2026-04-20,2025-04-14,1.100380946916882e-06,1.100380946916882e-06,0.003848573437442179,2026-04-16,250,46645,338,,7.930160062920048e-07,7.930160062920048e-07,7.930160062920048e-07,7.930160062920048e-07,0.0008905144615849901,0.0008905144615849901,0.0,0.0,0.036331929247390274,0.4230769230769231,0.4230769230769231,0.0,4.92840888839639e-07,4.92840888839639e-07,0.010395975441462244
2026-04-21,2025-04-15,4.953677194153267e-07,4.953677194153267e-07,0.0038088262223036073,2026-04-17,250,46770,168,,5.995174103273351e-07,5.995174103273351e-07,5.995174103273351e-07,5.995174103273351e-07,0.0007742850962838785,0.0007742850962838785,0.0,0.0,0.03642835661355149,0.5595238095238095,0.5595238095238095,0.0,6.815075925346608e-07,6.815075925346608e-07,0.010416804944124619
2026-04-22,2025-04-16,7.49720609727168e-07,7.49720609727168e-07,0.00390727730397866,2026-04-20,250,47075,278,,7.440556345712994e-07,7.440556345712994e-07,7.440556345712994e-07,7.440556345712994e-07,0.0008625865954043683,0.0008625865954043683,0.0,0.0,0.03623549258209542,0.5827338129496403,0.5827338129496403,0.0,7.381407340409071e-07,7.381407340409071e-07,0.010485453357573003
2026-04-23,2025-04-17,4.360366106263662e-06,4.360366106263662e-06,0.0038071530548742555,2026-04-21,250,47042,214,,2.9961177694845786e-06,2.9961177694845786e-06,2.9961177694845786e-06,2.9961177694845786e-06,0.0017309297413484403,0.0017309297413484403,0.0,0.0,0.036235492582095415,0.3598130841121495,0.3598130841121495,0.0,2.1146034595657867e-06,2.1146034595657867e-06,0.010380334922174885
2026-04-24,2025-04-21,4.9053646655118685e-06,4.9053646655118685e-06,0.0038035328969023155,2026-04-22,250,47119,218,,1.1400564491704713e-05,1.1400564491704713e-05,1.1400564491704713e-05,1.1400564491704713e-05,0.0033764721961989726,0.0033764721961989726,0.0,0.0,0.036235492582095415,0.3211009174311927,0.3211009174311927,0.0,2.329437196564227e-05,2.329437196564227e-05,0.0104207749311878
2026-04-27,2025-04-22,2.429378363600043e-06,2.429378363600043e-06,0.0038367889028259423,2026-04-23,250,47161,256,,3.257943883721892e-06,3.257943883721892e-06,3.257943883721892e-06,3.257943883721892e-06,0.0018049775299770056,0.0018049775299770056,0.0,0.0,0.03623549258209542,0.265625,0.265625,0.0,3.852954022332884e-06,3.852954022332884e-06,0.010340642070762246
2026-04-28,2025-04-23,9.300417667050216e-07,9.300417667050216e-07,0.0038862523821979744,2026-04-24,250,47315,185,,1.5556132186291723e-06,1.5556132186291723e-06,1.5556132186291723e-06,1.5556132186291723e-06,0.0012472422453674236,0.0012472422453674236,0.0,0.0,0.036139046615873194,0.5351351351351351,0.5351351351351351,0.0,2.2159386401046643e-06,2.2159386401046643e-06,0.010322857502412016
2026-04-29,2025-04-24,8.653776465801315e-07,8.653776465801315e-07,0.0038417494736064438,2026-04-27,250,47407,203,,5.695783240578581e-07,5.695783240578581e-07,5.695783240578581e-07,5.695783240578581e-07,0.0007547041301449583,0.0007547041301449583,0.0,0.0,0.036139046615873194,0.6059113300492611,0.6059113300492611,0.0,2.0551761941506006e-07,2.0551761941506006e-07,0.010373333895375795
2026-04-30,2025-04-25,4.621509945682941e-07,4.621509945682941e-07,0.0038494281378391383,2026-04-28,250,47425,213,,1.6035528485015652e-05,1.6035528485015652e-05,1.6035528485015652e-05,1.6035528485015652e-05,0.0040044385979829495,0.0040044385979829495,0.0,0.0,0.036139046615873194,0.39906103286384975,0.39906103286384975,0.0,3.1176312156283916e-05,3.1176312156283916e-05,0.010374937463110264
2026-05-04,2025-04-28,6.45299924135315e-06,6.45299924135315e-06,0.003712429499535946,2026-04-29,250,47416,145,,1.4013417701970696e-05,1.4013417701970696e-05,1.4013417701970696e-05,1.4013417701970696e-05,0.003743449973215977,0.003743449973215977,0.0,0.0,0.036139046615873194,0.15172413793103448,0.15172413793103448,0.0,2.18932904637411e-05,2.18932904637411e-05,0.01024435995282037
2026-05-05,2025-04-29,1.8714246632379802e-06,1.8714246632379802e-06,0.003756818263916484,2026-04-30,250,47408,125,,1.0508702448432963e-06,1.0508702448432963e-06,1.0508702448432963e-06,1.0508702448432963e-06,0.0010251196246503606,0.0010251196246503606,0.0,0.0,0.036331929247390295,0.408,0.408,0.0,7.189605924589295e-07,7.189605924589295e-07,0.010282026712719878
2026-05-06,2025-04-30,9.698178058094803e-06,9.698178058094803e-06,0.0036596523330283616,2026-05-04,250,47474,184,,9.463423560718933e-06,9.463423560718933e-06,9.463423560718933e-06,9.463423560718933e-06,0.0030762677973022656,0.0030762677973022656,0.0,0.0,0.03623549258209541,0.11956521739130435,0.11956521739130435,0.0,9.309035467850118e-06,9.309035467850118e-06,0.010200198958232582
2026-05-07,2025-05-01,9.954135486850922e-06,9.954135486850922e-06,0.0036172654864178645,2026-05-05,250,47409,181,,1.1156681431158995e-05,1.1156681431158995e-05,1.1156681431158995e-05,1.1156681431158995e-05,0.003340161886968803,0.003340161886968803,0.0,0.0,0.036235492582095415,0.07734806629834254,0.07734806629834254,0.0,1.1915043738380302e-05,1.1915043738380302e-05,0.010060365479743266
2026-05-08,2025-05-02,2.0517102688561413e-06,2.0517102688561413e-06,0.0036181463957695517,2026-05-06,250,47461,305,,1.043140182518084e-06,1.043140182518084e-06,1.043140182518084e-06,1.043140182518084e-06,0.0010213423434471342,0.0010213423434471342,0.0,0.0,0.03623549258209541,0.5573770491803278,0.5573770491803278,0.0,2.527987113525887e-07,2.527987113525887e-07,0.010091306487328795
2026-05-11,2025-05-05,1.5796275454809897e-06,1.5796275454809897e-06,0.0035456157098049915,2026-05-07,250,47439,249,,7.924630651536243e-07,7.924630651536243e-07,7.924630651536243e-07,7.924630651536243e-07,0.0008902039458200712,0.0008902039458200712,0.0,0.0,0.036235492582095415,0.4578313253012048,0.4578313253012048,0.0,4.5316803052975984e-07,4.5316803052975984e-07,0.010008673842900136
2026-05-12,2025-05-06,1.9323826504261447e-06,1.9323826504261447e-06,0.0044758780921142554,2026-05-08,250,47521,93,,1.3117492405831576e-06,1.3117492405831576e-06,1.3117492405831576e-06,1.3117492405831576e-06,0.0011453162185977974,0.0011453162185977974,0.0,0.0,0.036331929247390274,0.6774193548387096,0.6774193548387096,0.0,6.497402700839715e-07,6.497402700839715e-07,0.00998592993372109
2026-05-15,2025-05-07,1.656104275995678e-06,1.656104275995678e-06,0.003521008685154758,2026-05-11,250,47691,206,,4.229657411500884e-06,4.229657411500884e-06,4.229657411500884e-06,4.229657411500884e-06,0.0020566130923197205,0.0020566130923197205,0.0,0.0,0.03623549258209542,0.3300970873786408,0.3300970873786408,0.0,7.12158825449127e-06,7.12158825449127e-06,0.009867540799550904
2026-05-18,2025-05-08,2.0727089921727393e-06,2.0727089921727393e-06,0.003497318722312894,2026-05-12,250,47593,220,,3.8718071672413e-06,3.8718071672413e-06,3.8718071672413e-06,3.8718071672413e-06,0.0019676908210492063,0.0019676908210492063,0.0,0.0,0.036235492582095415,0.4681818181818182,0.4681818181818182,0.0,7.647379393793632e-06,7.647379393793632e-06,0.009987686188562847
2026-05-19,2025-05-09,8.83379709871247e-07,8.83379709871247e-07,0.003525382755842065,2026-05-15,250,47652,205,,6.48284506308001e-07,6.48284506308001e-07,6.48284506308001e-07,6.48284506308001e-07,0.0008051611679086374,0.0008051611679086374,0.0,0.0,0.036139046615873194,0.526829268292683,0.526829268292683,0.0,5.038953261667945e-07,5.038953261667945e-07,0.009994717389832796
2026-05-20,2025-05-12,1.7379386447160812e-05,1.7379386447160812e-05,0.00351205806602669,2026-05-18,250,47658,213,,1.9257104261279208e-05,1.9257104261279208e-05,1.9257104261279208e-05,1.9257104261279208e-05,0.00438829172472378,0.00438829172472378,0.0,0.0,0.03604259134692934,0.014084507042253521,0.014084507042253521,0.0,2.104868823071327e-05,2.104868823071327e-05,0.01006173660610851
2026-05-21,2025-05-13,2.5643299691030257e-05,2.5643299691030257e-05,0.003473945409429281,2026-05-19,250,47668,187,,2.670824574337222e-05,2.670824574337222e-05,2.670824574337222e-05,2.670824574337222e-05,0.005168002103654005,0.005168002103654005,0.0,0.0,0.03584965289369723,0.0374331550802139,0.0374331550802139,0.0,2.7390184882152604e-05,2.7390184882152604e-05,0.00995966003372681
2026-05-22,2025-05-14,5.993928735243571e-07,5.993928735243571e-07,0.003442735827404178,2026-05-20,250,47844,258,,3.7599838897544034e-07,3.7599838897544034e-07,3.7599838897544034e-07,3.7599838897544034e-07,0.0006131870750231452,0.0006131870750231452,0.0,0.0,0.036139046615873194,0.6162790697674418,0.6162790697674418,0.0,1.383066574153929e-07,1.383066574153929e-07,0.009939947759586383
2026-05-26,2025-05-15,8.572870526154976e-07,8.572870526154976e-07,0.003400038857586944,2026-05-21,250,47840,160,,4.7134301467815375e-07,4.7134301467815375e-07,4.7134301467815375e-07,4.7134301467815375e-07,0.0006865442554403567,0.0006865442554403567,0.0,0.0,0.036139046615873194,0.50625,0.50625,0.0,1.4750491388015252e-07,1.4750491388015252e-07,0.009901021940883003
2026-05-27,2025-05-16,2.547831956706834e-07,2.547831956706834e-07,0.003405442220996984,2026-05-22,250,47948,245,,3.099854346248296e-07,3.099854346248296e-07,3.099854346248296e-07,3.099854346248296e-07,0.0005567633560363232,0.0005567633560363232,0.0,0.0,0.0361390466158732,0.6408163265306123,0.6408163265306123,0.0,3.572418967598185e-07,3.572418967598185e-07,0.009835726561771407
2026-05-28,2025-05-19,3.2793502786970824e-06,3.2793502786970824e-06,0.003377834968634389,2026-05-26,250,47895,202,,3.449755378515482e-06,3.449755378515482e-06,3.449755378515482e-06,3.449755378515482e-06,0.001857351711043302,0.001857351711043302,0.0,0.0,0.036139046615873194,0.19801980198019803,0.19801980198019803,0.0,3.5951468856999883e-06,3.5951468856999883e-06,0.009837430376036028
2026-05-29,2025-05-20,5.624341604488598e-06,5.624341604488598e-06,0.00335989248344053,2026-05-27,250,47940,194,,4.8706723089247115e-06,4.8706723089247115e-06,4.8706723089247115e-06,4.8706723089247115e-06,0.002206959969941619,0.002206959969941619,0.0,0.0,0.036235492582095415,0.1958762886597938,0.1958762886597938,0.0,4.162223171094659e-06,4.162223171094659e-06,0.009783458786111851
2026-06-01,2025-05-21,5.028546410251164e-05,5.028546410251164e-05,0.0033647375504710633,2026-05-28,250,48062,111,,3.585370433557191e-05,3.585370433557191e-05,3.585370433557191e-05,3.585370433557191e-05,0.005987796283740113,0.005987796283740113,0.0,0.0,0.03623549258209542,0.018018018018018018,0.018018018018018018,0.0,5.7875381544474775e-06,5.7875381544474775e-06,0.009759144987309641
2026-06-02,2025-05-22,2.8144293112988078e-05,2.8144293112988078e-05,0.003427899840031339,2026-05-29,250,48062,102,,1.2512875730745376e-05,1.2512875730745376e-05,1.2512875730745376e-05,1.2512875730745376e-05,0.0035373543405694285,0.0035373543405694285,0.0,0.0,0.0371030879515022,0.029411764705882353,0.029411764705882353,0.0,5.687890676526737e-06,5.687890676526737e-06,0.009732641653703163
2026-06-03,2025-05-23,0.00013657631407508632,0.00013657631407508632,0.003331218274111675,2026-06-01,250,47977,192,,5.491923286005291e-05,5.491923286005291e-05,5.491923286005291e-05,5.491923286005291e-05,0.007410751167058094,0.007410751167058094,0.0,0.0,0.037006725629095676,0.052083333333333336,0.052083333333333336,0.0,2.5749500299032927e-06,2.5749500299032927e-06,0.009719443895888467
2026-06-04,2025-05-27,0.00010165244340987084,0.00010165244340987084,0.003384258363952814,2026-06-02,250,47861,140,,4.445736195819513e-05,4.445736195819513e-05,4.445736195819513e-05,4.445736195819513e-05,0.0066676354098132214,0.0066676354098132214,0.0,0.0,0.03710308795150221,0.02142857142857143,0.02142857142857143,0.0,5.17881204559856e-06,5.17881204559856e-06,0.009788128447178617
2026-06-05,2025-05-28,0.0001676122585186747,0.0001676122585186747,0.0033737107605307966,2026-06-03,250,47979,201,,0.00011863978332233954,0.00011863978332233954,0.00011863978332233954,0.00011863978332233954,0.010892189096886794,0.010892189096886794,0.0,0.0,0.0371030879515022,0.0,0.0,0.0,8.348005754035529e-05,8.348005754035529e-05,0.009751281881942703
2026-06-08,2025-05-29,0.00020106098997909504,0.00020106098997909504,0.003416411791501269,2026-06-04,250,47932,176,,0.00010523980331879819,0.00010523980331879819,0.00010523980331879819,0.00010523980331879819,0.010258645296470591,0.010258645296470591,0.0,0.0,0.0371030879515022,0.0,0.0,0.0,6.826942421364431e-05,6.826942421364431e-05,0.010009623754321737
2026-06-09,2025-05-30,2.754346259908333e-06,2.754346259908333e-06,0.003482125091198514,2026-06-05,250,47951,131,,2.1650841348534455e-06,2.1650841348534455e-06,2.1650841348534455e-06,2.1650841348534455e-06,0.0014714224868654976,0.0014714224868654976,0.0,0.0,0.03729578474369689,0.549618320610687,0.549618320610687,0.0,9.164096317609447e-07,9.164096317609447e-07,0.009987010632829198
2026-06-10,2025-06-02,1.5991742608950198e-06,1.5991742608950198e-06,0.0036138358286009293,2026-06-08,250,47959,190,,1.443521595074835e-06,1.443521595074835e-06,1.443521595074835e-06,1.443521595074835e-06,0.0012014664352676837,0.0012014664352676837,0.0,0.0,0.03719944098910626,0.5421052631578948,0.5421052631578948,0.0,1.3587351836118073e-06,1.3587351836118073e-06,0.01001641408316939
2026-06-11,2025-06-03,0.0001685456498036097,0.0001685456498036097,0.0036010700322381497,2026-06-09,250,47913,152,,8.383489250460563e-05,8.383489250460563e-05,8.383489250460563e-05,8.383489250460563e-05,0.009156139607094556,0.009156139607094556,0.0,0.0,0.03719944098910627,0.0,0.0,0.0,4.707362046918877e-05,4.707362046918877e-05,0.010176857863611928
2026-06-12,2025-06-04,0.0001172939523238867,0.0001172939523238867,0.003551736968507931,2026-06-10,250,47999,180,,9.168751713440904e-05,9.168751713440904e-05,9.168751713440904e-05,9.168751713440904e-05,0.009575359895816399,0.009575359895816399,0.0,0.0,0.0371030879515022,0.0,0.0,0.0,7.210612551892612e-05,7.210612551892612e-05,0.010006774560832791
2026-06-15,2025-06-05,5.660571646104311e-07,5.660571646104311e-07,0.0036066362106275548,2026-06-11,250,47999,237,,8.01366323621847e-07,8.01366323621847e-07,8.01366323621847e-07,8.01366323621847e-07,0.0008951906632789727,0.0008951906632789727,0.0,0.0,0.0371030879515022,0.540084388185654,0.540084388185654,0.0,1.073041443571391e-06,1.073041443571391e-06,0.009952946410515673
2026-06-16,2025-06-06,9.635526614508233e-06,9.635526614508233e-06,0.003542271101814991,2026-06-12,250,48037,72,,1.0814600279846314e-05,1.0814600279846314e-05,1.0814600279846314e-05,1.0814600279846314e-05,0.003288555956623867,0.003288555956623867,0.0,0.0,0.03719944098910626,0.2222222222222222,0.2222222222222222,0.0,1.1368043020719293e-05,1.1368043020719293e-05,0.00978047772346091
2026-06-17,2025-06-09,1.0629045015429041e-05,1.0629045015429041e-05,0.0035088891859377113,2026-06-15,250,48082,235,,1.1695809977166822e-05,1.1695809977166822e-05,1.1695809977166822e-05,1.1695809977166822e-05,0.0034199137382639965,0.0034199137382639965,0.0,0.0,0.037199440989106256,0.08936170212765958,0.08936170212765958,0.0,1.2419686201203172e-05,1.2419686201203172e-05,0.009839134780696493
2026-06-18,2025-06-10,5.129062005288641e-06,5.129062005288641e-06,0.0035478966041561084,2026-06-16,250,47986,240,,2.395471072906449e-06,2.395471072906449e-06,2.395471072906449e-06,2.395471072906449e-06,0.0015477309433187829,0.0015477309433187829,0.0,0.0,0.03758476032727121,0.4125,0.4125,0.0,1.5889667368465663e-07,1.5889667368465663e-07,0.009963558086806303
2026-06-22,2025-06-11,5.427275649351697e-05,5.427275649351697e-05,0.0035233716989362795,2026-06-17,250,48165,227,,3.408475832296207e-05,3.408475832296207e-05,3.408475832296207e-05,3.408475832296207e-05,0.005838215337152448,0.005838215337152448,0.0,0.0,0.03758476032727121,0.00881057268722467,0.00881057268722467,0.0,1.818869677134402e-05,1.818869677134402e-05,0.01007713126389372
2026-06-23,2025-06-12,8.608240706886907e-05,8.608240706886907e-05,0.0035352345038887584,2026-06-18,250,48233,138,,4.636117342551095e-05,4.636117342551095e-05,4.636117342551095e-05,4.636117342551095e-05,0.006808903981222745,0.006808903981222745,0.0,0.0,0.037777364334029936,0.028985507246376812,0.028985507246376812,0.0,8.877755762060332e-06,8.877755762060332e-06,0.010108944236220257
2026-06-24,2025-06-13,1.2381902426596627e-06,1.2381902426596627e-06,0.003567787971457695,2026-06-22,250,48329,227,,2.9285362948860428e-06,2.9285362948860428e-06,2.9285362948860428e-06,2.9285362948860428e-06,0.0017112966706231982,0.0017112966706231982,0.0,0.0,0.03777736433402994,0.3920704845814978,0.3920704845814978,0.0,4.462631871696541e-06,4.462631871696541e-06,0.010257909157828732
2026-06-25,2025-06-16,1.3602139188094553e-05,1.3602139188094553e-05,0.003582639552340659,2026-06-23,250,48373,186,,8.976961707163033e-06,8.976961707163033e-06,8.976961707163033e-06,8.976961707163033e-06,0.002996157824141284,0.002996157824141284,0.0,0.0,0.03777736433402994,0.15591397849462366,0.15591397849462366,0.0,6.121417349370526e-06,6.121417349370526e-06,0.010262665702907642
2026-06-26,2025-06-17,4.689338903023251e-06,4.689338903023251e-06,0.003816100308922408,2026-06-24,250,48468,176,,3.3026143069053494e-06,3.3026143069053494e-06,3.3026143069053494e-06,3.3026143069053494e-06,0.0018173096342960792,0.0018173096342960792,0.0,0.0,0.037681066967688484,0.48295454545454547,0.48295454545454547,0.0,2.40837134305362e-06,2.40837134305362e-06,0.0102478510145717
2026-06-29,2025-06-18,1.1892884603205485e-05,1.1892884603205485e-05,0.0037000493339911203,2026-06-25,250,48553,149,,2.4631696687800757e-05,2.4631696687800757e-05,2.4631696687800757e-05,2.4631696687800757e-05,0.004963033012967046,0.004963033012967046,0.0,0.0,0.03758476032727121,0.1610738255033557,0.1610738255033557,0.0,3.448911080088044e-05,3.448911080088044e-05,0.010322496879243886
2026-06-30,2025-06-20,2.0450869651247368e-06,2.0450869651247368e-06,0.0037268403492581813,2026-06-26,250,48549,161,,1.923678552602707e-05,1.923678552602707e-05,1.923678552602707e-05,1.923678552602707e-05,0.004385976006093407,0.004385976006093407,0.0,0.0,0.03796993125162867,0.40372670807453415,0.40372670807453415,0.0,3.944864734762846e-05,3.944864734762846e-05,0.010155191632928473
2026-07-01,2025-06-23,1.0002593131374297e-05,1.0002593131374297e-05,0.0036286978158695045,2026-06-29,250,48525,229,,4.435125962638381e-06,4.435125962638381e-06,4.435125962638381e-06,4.435125962638381e-06,0.0021059738751082312,0.0021059738751082312,0.0,0.0,0.037969931251628675,0.38427947598253276,0.38427947598253276,0.0,6.27960913429259e-07,6.27960913429259e-07,0.010076726435180846
2026-07-02,2025-06-24,3.120222677934363e-05,3.120222677934363e-05,0.003566818397988995,2026-06-30,250,48505,154,,1.4418047184273829e-05,1.4418047184273829e-05,1.4418047184273829e-05,1.4418047184273829e-05,0.003797110372938062,0.003797110372938062,0.0,0.0,0.03777736433402994,0.35064935064935066,0.35064935064935066,0.0,1.4922996800246669e-06,1.4922996800246669e-06,0.010090373578631196
2026-07-06,2025-06-25,7.444613871496571e-06,7.444613871496571e-06,0.0034021320027217065,2026-07-01,250,48658,199,,4.078169210154073e-06,4.078169210154073e-06,4.078169210154073e-06,4.078169210154073e-06,0.0020194477488051214,0.0020194477488051214,0.0,0.0,0.03748844441099159,0.23618090452261306,0.23618090452261306,0.0,1.1245904035045227e-06,1.1245904035045227e-06,0.010103650742501141
2026-07-07,2025-06-26,2.5370188414215012e-05,2.5370188414215012e-05,0.0033582805603530994,2026-07-02,250,48639,79,,1.4081829633627576e-05,1.4081829633627576e-05,1.4081829633627576e-05,1.4081829633627576e-05,0.003752576399439134,0.003752576399439134,0.0,0.0,0.03796993125162866,0.05063291139240506,0.05063291139240506,0.0,3.619448324790445e-06,3.619448324790445e-06,0.0100162349590033
2026-07-08,2025-06-27,8.419391409703835e-05,8.419391409703835e-05,0.0033799008562415507,2026-07-06,250,48662,197,,2.9695973557980773e-05,2.9695973557980773e-05,2.9695973557980773e-05,2.9695973557980773e-05,0.005449401210957106,0.005449401210957106,0.0,0.0,0.03787365242808151,0.03553299492385787,0.03553299492385787,0.0,3.471400667005698e-06,3.471400667005698e-06,0.01006405825788073
2026-07-09,2025-06-30,4.985860572083302e-06,4.985860572083302e-06,0.003350457895912441,2026-07-07,250,48542,172,,4.318405544303323e-06,4.318405544303323e-06,4.318405544303323e-06,4.318405544303323e-06,0.002078077367256408,0.002078077367256408,0.0,0.0,0.03796993125162867,0.1569767441860465,0.1569767441860465,0.0,3.942203619554607e-06,3.942203619554607e-06,0.010095246847330295
2026-07-10,2025-07-01,3.0500239497884547e-05,3.0500239497884547e-05,0.0033204730883562078,2026-07-08,250,48617,214,,1.6510199620694208e-05,1.6510199620694208e-05,1.6510199620694208e-05,1.6510199620694208e-05,0.00406327449487408,0.00406327449487408,0.0,0.0,0.03758476032727121,0.03271028037383177,0.03271028037383177,0.0,2.779234556044423e-06,2.779234556044423e-06,0.0100105053810645
2026-07-13,2025-07-02,6.69557399453444e-05,6.69557399453444e-05,0.0033299505264493203,2026-07-09,250,48679,190,,3.924365028752754e-05,3.924365028752754e-05,3.924365028752754e-05,3.924365028752754e-05,0.0062644752603492285,0.0062644752603492285,0.0,0.0,0.03777736433402994,0.031578947368421054,0.031578947368421054,0.0,1.4824086133609718e-05,1.4824086133609718e-05,0.009967543545930196
2026-07-14,2025-07-03,3.643783465153348e-05,3.643783465153348e-05,0.0033090668431502313,2026-07-10,250,48713,66,,1.9983113977380026e-05,1.9983113977380026e-05,1.9983113977380026e-05,1.9983113977380026e-05,0.00447024764161674,0.00447024764161674,0.0,0.0,0.03816246109434891,0.10606060606060606,0.10606060606060606,0.0,6.2708467489188155e-06,6.2708467489188155e-06,0.010044445186005845
2026-07-15,2025-07-07,3.002585763946718e-05,3.002585763946718e-05,0.0033348154735437976,2026-07-13,250,48767,185,,1.8469882607819955e-05,1.8469882607819955e-05,1.8469882607819955e-05,1.8469882607819955e-05,0.004297660131725164,0.004297660131725164,0.0,0.0,0.037681066967688484,0.03783783783783784,0.03783783783783784,0.0,2.6174553208167126e-06,2.6174553208167126e-06,0.010008907598792277
2026-07-16,2025-07-08,5.657410958197137e-05,5.657410958197137e-05,0.0032061068702290063,2026-07-14,250,48676,219,,2.503894573812469e-05,2.503894573812469e-05,2.503894573812469e-05,2.503894573812469e-05,0.005003893058222237,0.005003893058222237,0.0,0.0,0.03758476032727121,0.319634703196347,0.319634703196347,0.0,8.789411803389357e-07,8.789411803389357e-07,0.009969392297399347
2026-07-17,2025-07-09,1.2854924376846711e-06,1.2854924376846711e-06,0.0031506931524935486,2026-07-15,250,48796,234,,9.489380897427533e-07,9.489380897427533e-07,9.489380897427533e-07,9.489380897427533e-07,0.0009741345336978631,0.0009741345336978631,0.0,0.0,0.03768106696768849,0.5085470085470085,0.5085470085470085,0.0,6.74998504208634e-07,6.74998504208634e-07,0.010023706575021314
2026-07-20,2025-07-10,5.119008497291164e-07,5.119008497291164e-07,0.0031461616827470488,2026-07-16,250,48849,276,,4.2434281166282534e-07,4.2434281166282534e-07,4.2434281166282534e-07,4.2434281166282534e-07,0.0006514160050711261,0.0006514160050711261,0.0,0.0,0.037777364334029936,0.5942028985507246,0.5942028985507246,0.0,3.121816885200558e-07,3.121816885200558e-07,0.010123904532551225
2026-07-21,2025-07-11,7.776594985022671e-07,7.776594985022671e-07,0.0032150402645518853,2026-07-17,250,48944,166,,5.387598501138679e-07,5.387598501138679e-07,5.387598501138679e-07,5.387598501138679e-07,0.0007340026226886849,0.0007340026226886849,0.0,0.0,0.037873652428081515,0.5120481927710844,0.5120481927710844,0.0,3.165276190548917e-07,3.165276190548917e-07,0.010140275438289154
2026-07-22,2025-07-14,4.648842128035579e-07,4.648842128035579e-07,0.003203759077317385,2026-07-20,250,49029,263,,3.093456677314984e-07,3.093456677314984e-07,3.093456677314984e-07,3.093456677314984e-07,0.0005561885181586351,0.0005561885181586351,0.0,0.0,0.03796993125162867,0.7186311787072244,0.7186311787072244,0.0,1.5498544497059076e-07,1.5498544497059076e-07,0.010056391992302348
2026-07-23,2025-07-16,8.320121861159513e-06,8.320121861159513e-06,0.003221946055417473,2026-07-21,250,49030,208,,4.655212190804269e-06,4.655212190804269e-06,4.655212190804269e-06,4.655212190804269e-06,0.002157594074612801,0.002157594074612801,0.0,0.0,0.03816246109434891,0.23557692307692307,0.23557692307692307,0.0,2.0201118493091777e-06,2.0201118493091777e-06,0.010068097831176997
2026-07-24,2025-07-17,1.2933629668146464e-05,1.2933629668146464e-05,0.0032643163588882665,2026-07-22,250,49107,228,,9.637962401196802e-06,9.637962401196802e-06,9.637962401196802e-06,9.637962401196802e-06,0.003104506788718105,0.003104506788718105,0.0,0.0,0.03873982831593057,0.18859649122807018,0.18859649122807018,0.0,4.676353438865995e-06,4.676353438865995e-06,0.010193986561543257
2026-07-27,2025-07-18,6.978032043395202e-07,6.978032043395202e-07,0.0031529637859588,2026-07-23,250,49101,285,,4.291083932391725e-07,4.291083932391725e-07,4.291083932391725e-07,4.291083932391725e-07,0.0006550636558680176,0.0006550636558680176,0.0,0.0,0.03883602378519813,0.4982456140350877,0.4982456140350877,0.0,2.5515568316264676e-07,2.5515568316264676e-07,0.010183639857631982
2026-07-28,2025-07-21,1.1622662729868893e-05,1.1622662729868893e-05,0.0031165593185123615,2026-07-24,250,49141,184,,8.958235774184066e-06,8.958235774184066e-06,8.958235774184066e-06,8.958235774184066e-06,0.0029930312016723222,0.0029930312016723222,0.0,0.0,0.03883602378519813,0.07065217391304347,0.07065217391304347,0.0,5.715981285941086e-06,5.715981285941086e-06,0.010181435278518176
2026-07-29,2025-07-22,1.4589684613941208e-05,1.4589684613941208e-05,0.0030875088214537753,2026-07-27,250,49200,197,,6.63183893692236e-06,6.63183893692236e-06,6.63183893692236e-06,6.63183893692236e-06,0.002575235705119506,0.002575235705119506,0.0,0.0,0.03825871211709033,0.40609137055837563,0.40609137055837563,0.0,1.0750673865902345e-06,1.0750673865902345e-06,0.010157110655184516
2026-07-30,2025-07-23,7.599508911464488e-06,7.599508911464488e-06,0.0031047635944291664,2026-07-28,250,49309,152,,4.818966909526373e-06,4.818966909526373e-06,4.818966909526373e-06,4.818966909526373e-06,0.0021952145474933363,0.0021952145474933363,0.0,0.0,0.03758476032727121,0.3881578947368421,0.3881578947368421,0.0,1.8881253399159273e-06,1.8881253399159273e-06,0.010315845968250487
2026-07-31,2025-07-24,0.0001748298350938167,0.0001748298350938167,0.0031490867648381955,2026-07-29,250,49328,176,,7.772424954616512e-05,7.772424954616512e-05,7.772424954616512e-05,7.772424954616512e-05,0.00881613574907766,0.00881613574907766,0.0,0.0,0.03748844441099159,0.0625,0.0625,0.0,3.92400452994993e-06,3.92400452994993e-06,0.010145744178834822
2026-08-03,2025-07-25,8.820319071711262e-05,8.820319071711262e-05,0.003399048266485385,2026-07-30,250,49292,212,,6.571004147035424e-05,6.571004147035424e-05,6.571004147035424e-05,6.571004147035424e-05,0.00810617304715081,0.00810617304715081,0.0,0.0,0.03758476032727121,0.0,0.0,0.0,3.853081946385457e-05,3.853081946385457e-05,0.010073219281688821
2026-08-04,2025-07-28,1.065650131178448e-06,1.065650131178448e-06,0.003460549733043306,2026-07-31,250,49285,123,,2.50725742899887e-06,2.50725742899887e-06,2.50725742899887e-06,2.50725742899887e-06,0.0015834321674763558,0.0015834321674763558,0.0,0.0,0.038354953876463996,0.3821138211382114,0.3821138211382114,0.0,3.2020079339725665e-06,3.2020079339725665e-06,0.009931760528990193
2026-08-05,2025-07-29,9.03104190631366e-07,9.03104190631366e-07,0.0033938845432801086,2026-08-03,250,49298,165,,7.427739411023338e-07,7.427739411023338e-07,7.427739411023338e-07,7.427739411023338e-07,0.0008618433390717444,0.0008618433390717444,0.0,0.0,0.03816246109434891,0.5575757575757576,0.5575757575757576,0.0,6.024849727644306e-07,6.024849727644306e-07,0.009755872324426639
2026-08-06,2025-07-30,7.927043467359365e-07,7.927043467359365e-07,0.0033762057877813507,2026-08-04,250,49346,208,,4.757079444398953e-07,4.757079444398953e-07,4.757079444398953e-07,4.757079444398953e-07,0.000689715843257131,0.000689715843257131,0.0,0.0,0.03816246109434891,0.4567307692307692,0.4567307692307692,0.0,3.04295075050184e-07,3.04295075050184e-07,0.009775389391912076
2026-08-07,2025-07-31,2.8940514788271958e-06,2.8940514788271958e-06,0.0033609679587721254,2026-08-05,250,49339,263,,2.074713084112445e-06,2.074713084112445e-06,2.074713084112445e-06,2.074713084112445e-06,0.0014403864356874669,0.0014403864356874669,0.0,0.0,0.03825871211709034,0.39543726235741444,0.39543726235741444,0.0,1.5038192348918446e-06,1.5038192348918446e-06,0.009791033881544708
2026-08-10,2025-08-01,6.146595204420034e-06,6.146595204420034e-06,0.0033510994797816994,2026-08-06,250,49425,252,,2.6163695182154647e-06,2.6163695182154647e-06,2.6163695182154647e-06,2.6163695182154647e-06,0.0016175195572899466,0.0016175195572899466,0.0,0.0,0.03796993125162867,0.48412698412698413,0.48412698412698413,0.0,5.161086669292025e-07,5.161086669292025e-07,0.009731522385743476
2026-08-11,2025-08-04,1.6138462724165957e-05,1.6138462724165957e-05,0.0042820995263738405,2026-08-07,250,49516,81,,1.1021391178559937e-05,1.1021391178559937e-05,1.1021391178559937e-05,1.1021391178559937e-05,0.0033198480655837154,0.0033198480655837154,0.0,0.0,0.03816246109434891,0.07407407407407407,0.07407407407407407,0.0,6.029126256017476e-06,6.029126256017476e-06,0.009734417810434265
2026-08-12,2025-08-05,4.1481428535663055e-06,4.1481428535663055e-06,0.003476435669541831,2026-08-10,250,49585,222,,5.057809399256204e-06,5.057809399256204e-06,5.057809399256204e-06,5.057809399256204e-06,0.002248957402721582,0.002248957402721582,0.0,0.0,0.03816246109434892,0.2702702702702703,0.2702702702702703,0.0,5.935275359257962e-06,5.935275359257962e-06,0.009765621106727575
2026-08-13,2025-08-06,4.840971948259977e-06,4.840971948259977e-06,0.0035070306038047982,2026-08-11,250,49597,208,,1.982916508771857e-06,1.982916508771857e-06,1.982916508771857e-06,1.982916508771857e-06,0.0014081606828667873,0.0014081606828667873,0.0,0.0,0.03796993125162867,0.5528846153846154,0.5528846153846154,0.0,1.9663185909178169e-07,1.9663185909178169e-07,0.009741222540097603
2026-08-14,2025-08-07,2.67863357098701e-06,2.67863357098701e-06,0.003472449714997051,2026-08-12,250,49649,178,,1.1590509081254842e-06,1.1590509081254842e-06,1.1590509081254842e-06,1.1590509081254842e-06,0.0010765922664247056,0.0010765922664247056,0.0,0.0,0.03796993125162867,0.5112359550561798,0.5112359550561798,0.0,3.8638175751792917e-07,3.8638175751792917e-07,0.009673724739034302
2026-08-17,2025-08-08,2.9829847022889135e-06,2.9829847022889135e-06,0.003464844899159938,2026-08-13,250,49687,152,,2.277716045517519e-06,2.277716045517519e-06,2.277716045517519e-06,2.277716045517519e-06,0.0015092104046545395,0.0015092104046545395,0.0,0.0,0.037873652428081515,0.5197368421052632,0.5197368421052632,0.0,4.899420085853812e-07,4.899420085853812e-07,0.009692914187082976
2026-08-18,2025-08-11,6.389516411217919e-07,6.389516411217919e-07,0.003468699892012174,2026-08-14,250,49707,157,,3.745780190957285e-07,3.745780190957285e-07,3.745780190957285e-07,3.745780190957285e-07,0.0006120277927477874,0.0006120277927477874,0.0,0.0,0.03796993125162867,0.5095541401273885,0.5095541401273885,0.0,2.8113561820720615e-07,2.8113561820720615e-07,0.00973895324006367
2026-08-19,2025-08-12,1.7690305467530985e-06,1.7690305467530985e-06,0.003419023965422701,2026-08-17,250,49664,264,,1.2443989321850757e-06,1.2443989321850757e-06,1.2443989321850757e-06,1.2443989321850757e-06,0.0011155263027759926,0.0011155263027759926,0.0,0.0,0.03787365242808151,0.5,0.5,0.0,7.276565148286023e-07,7.276565148286023e-07,0.009805195126718354
2026-08-20,2025-08-13,0.00010245045616100155,0.00010245045616100155,0.0033456427737272353,2026-08-18,250,49786,198,,5.186699471226018e-05,5.186699471226018e-05,5.186699471226018e-05,5.186699471226018e-05,0.007201874388814358,0.007201874388814358,0.0,0.0,0.03787365242808151,0.005050505050505051,0.005050505050505051,0.0,7.9643677944847e-06,7.9643677944847e-06,0.009784668296361793
2026-08-21,2025-08-14,0.0001238361291413579,0.0001238361291413579,0.003405075489881144,2026-08-19,250,49883,174,,7.951282788932885e-05,7.951282788932885e-05,7.951282788932885e-05,7.951282788932885e-05,0.008916996573360834,0.008916996573360834,0.0,0.0,0.03796993125162867,0.0,0.0,0.0,1.2064325984067209e-05,1.2064325984067209e-05,0.00986755441909258
2026-08-24,2025-08-15,2.7299877076690085e-05,2.7299877076690085e-05,0.0034265395183449157,2026-08-20,250,49933,278,,1.2790703108698697e-05,1.2790703108698697e-05,1.2790703108698697e-05,1.2790703108698697e-05,0.0035764092479327217,0.0035764092479327217,0.0,0.0,0.03806620080645634,0.25539568345323743,0.25539568345323743,0.0,2.2906927063903694e-07,2.2906927063903694e-07,0.009827348116805098
2026-08-25,2025-08-18,3.895246407149876e-06,3.895246407149876e-06,0.003415608687246247,2026-08-21,250,49907,161,,1.9341879882826635e-06,1.9341879882826635e-06,1.9341879882826635e-06,1.9341879882826635e-06,0.0013907508721128538,0.0013907508721128538,0.0,0.0,0.03796993125162867,0.5527950310559007,0.5527950310559007,0.0,2.2396262299149093e-07,2.2396262299149093e-07,0.009856310005632179
2026-08-26,2025-08-19,4.763101111319282e-06,4.763101111319282e-06,0.0034204582123265586,2026-08-24,250,49992,250,,2.4171643439955367e-06,2.4171643439955367e-06,2.4171643439955367e-06,2.4171643439955367e-06,0.001554723237105414,0.001554723237105414,0.0,0.0,0.037873652428081515,0.472,0.472,0.0,4.1877376442345716e-07,4.1877376442345716e-07,0.00982491023749527
2026-08-27,2025-08-20,1.5278794007311477e-05,1.5278794007311477e-05,0.0033817195724996016,2026-08-25,250,50070,224,,9.706964137795036e-06,9.706964137795036e-06,9.706964137795036e-06,9.706964137795036e-06,0.0031156001248226696,0.0031156001248226696,0.0,0.0,0.03777736433402994,0.022321428571428572,0.022321428571428572,0.0,3.932522273023447e-06,3.932522273023447e-06,0.009822730002088553
2026-08-28,2025-08-21,4.383927935777821e-05,4.383927935777821e-05,0.003369572127916588,2026-08-26,250,50110,125,,2.3667879149604206e-05,2.3667879149604206e-05,2.3667879149604206e-05,2.3667879149604206e-05,0.004864964455122381,0.004864964455122381,0.0,0.0,0.03768106696768848,0.216,0.216,0.0,1.8155289240823595e-06,1.8155289240823595e-06,0.00975878225911036
2026-08-31,2025-08-22,7.442806367685603e-07,7.442806367685603e-07,0.0033156083828589306,2026-08-27,250,50120,187,,4.5436427745444726e-07,4.5436427745444726e-07,4.5436427745444726e-07,4.5436427745444726e-07,0.0006740654845446748,0.0006740654845446748,0.0,0.0,0.03825871211709033,0.7700534759358288,0.7700534759358288,0.0,9.887159877166579e-08,9.887159877166579e-08,0.009780980048092549
2026-09-01,2025-08-25,1.3333057454996692e-06,1.3333057454996692e-06,0.0033454315922360747,2026-08-28,250,50003,161,,8.172505164480317e-07,8.172505164480317e-07,8.172505164480317e-07,8.172505164480317e-07,0.0009040190907541896,0.0009040190907541896,0.0,0.0,0.03835495387646399,0.5031055900621118,0.5031055900621118,0.0,5.420210609538251e-07,5.420210609538251e-07,0.009810308324098821
2026-09-02,2025-08-27,4.4265507471032166e-07,4.4265507471032166e-07,0.003260234367791345,2026-08-31,250,49951,191,,2.263662490075169e-06,2.263662490075169e-06,2.263662490075169e-06,2.263662490075169e-06,0.0015045472708011432,0.0015045472708011432,0.0,0.0,0.038451186374252724,0.36649214659685864,0.36649214659685864,0.0,3.6932384049410303e-06,3.6932384049410303e-06,0.009878176113838639
2026-09-03,2025-08-28,1.0151769020206888e-05,1.0151769020206888e-05,0.0032619399310684395,2026-09-01,250,50031,139,,5.013673490356175e-06,5.013673490356175e-06,5.013673490356175e-06,5.013673490356175e-06,0.0022391233754208754,0.0022391233754208754,0.0,0.0,0.03845118637425273,0.17266187050359713,0.17266187050359713,0.0,3.682720524089528e-07,3.682720524089528e-07,0.009834540488263892
2026-09-04,2025-08-29,8.12620819707018e-05,8.12620819707018e-05,0.003229639560037781,2026-09-02,250,50022,211,,3.980338942291205e-05,3.980338942291205e-05,3.980338942291205e-05,3.980338942291205e-05,0.00630899274234105,0.00630899274234105,0.0,0.0,0.03816246109434891,0.0,0.0,0.0,1.2381891989728262e-05,1.2381891989728262e-05,0.009732655172859789
