evaluated_session,train_start,baseline_loss_AAPL,model_loss_AAPL,q_effective_AAPL,train_end,train_sessions,train_rows,evaluation_rows,alpha,baseline_loss,model_loss,baseline_mse,model_mse,baseline_rmse,model_rmse,rho,d,r_effective,model_within_spread,baseline_within_spread,learned_coverage,baseline_loss_SPY,model_loss_SPY,q_effective_SPY
2020-11-16,2020-01-08,7.377423700914242e-07,1.587875558247017e-06,0.006770920677511319,2020-11-11,120,11060,98,0.01,7.377423700914242e-07,1.587875558247017e-06,7.377423700914242e-07,1.587875558247017e-06,0.0008589193035969236,0.001260109343766253,-0.4670869993132687,-8.501331881555928e-07,0.0008995952428360928,0.20408163265306123,0.3673469387755102,1.0,,,
2020-11-18,2020-01-08,4.632687941068846e-07,1.136347030619219e-06,0.006763548035848898,2020-11-13,121,11168,82,100.0,3.6073783550357826e-07,7.532951503968766e-07,3.6073783550357826e-07,7.532951503968766e-07,0.0006006145481950785,0.0008679257747047708,-0.44506285655749744,-3.925573148932983e-07,0.0008995952428360928,0.36585365853658536,0.5,1.0,2.530803289701067e-07,3.5109067616341777e-07,0.01575347179856913
2020-11-20,2020-01-08,3.678195447813496e-07,1.5231677736915007e-06,0.006806304787592717,2020-11-16,122,11266,145,100.0,1.0742419195430707e-06,2.0886543518632957e-06,1.0742419195430707e-06,2.0886543518632957e-06,0.0010364564243339276,0.0014452177524038707,-0.3943835152863575,-1.014412432320225e-06,0.0006997551142733421,0.14482758620689656,0.3310344827586207,1.0,2.9286006532925884e-06,3.5730566195642586e-06,0.015878520319749567
2020-11-23,2020-01-08,8.332433568379473e-07,8.945380201719675e-07,0.006881711266405318,2020-11-18,123,11348,145,100.0,1.5223707189241433e-06,1.4568163485819866e-06,1.5223707189241433e-06,1.4568163485819866e-06,0.0012338438794775226,0.0012069864740675376,0.021767263959973526,6.555437034215676e-08,0.0006997551142733421,0.2,0.2827586206896552,1.0,3.3953835492097013e-06,2.985060010414347e-06,0.015988002701713893
2020-11-25,2020-01-08,1.5913675928631456e-07,2.1379859502830073e-07,0.007011374489884519,2020-11-20,124,11493,80,100.0,1.5637577470115873e-07,3.957116049452501e-07,1.5637577470115873e-07,3.957116049452501e-07,0.00039544376932903964,0.0006290561222540085,-0.590759979152903,-2.393358302440914e-07,0.000899595242836093,0.3875,0.525,1.0,1.5347320116291792e-07,5.869534871656328e-07,0.015640705357634493
2020-11-27,2020-01-08,2.828527071917874e-07,6.889296129964485e-07,0.0069594070499008846,2020-11-23,125,11638,141,100.0,2.5628770894013396e-07,5.96335652131028e-07,2.5628770894013396e-07,5.96335652131028e-07,0.0005062486631489845,0.0007722277203850092,-0.5253921177422438,-3.4004794319089405e-07,0.0008995952428360927,0.36879432624113473,0.425531914893617,1.0,1.8428258210012597e-07,3.4535728452212494e-07,0.01566485689075167
2020-11-30,2020-01-08,1.78470200170437e-05,1.4162087809867986e-05,0.006925979929668066,2020-11-25,126,11718,67,100.0,8.608752503006025e-06,7.078137818733801e-06,8.608752503006025e-06,7.078137818733801e-06,0.0029340675696046987,0.0026604769908296147,0.09324617524467727,1.5306146842722234e-06,0.000899595242836093,0.23880597014925373,0.26865671641791045,1.0,1.118265329461965e-06,1.3343945826790565e-06,0.015621351774960815
2020-12-02,2020-01-08,6.06845563728703e-06,6.623499297211824e-06,0.006580019556714471,2020-11-27,127,11859,88,100.0,3.965409585004032e-06,4.036773796863755e-06,3.965409585004032e-06,4.036773796863755e-06,0.0019913336197141937,0.0020091724159125206,-0.008958215751355247,-7.136421185972293e-08,0.0008995952428360929,0.056818181818181816,0.14772727272727273,1.0,1.3231209552125752e-06,7.867853477084877e-07,0.015521056226435717
2020-12-04,2020-01-08,2.7205617758274447e-06,4.75571927851255e-06,0.006568244672197819,2020-11-30,128,11926,66,0.01,2.7205617758274447e-06,4.75571927851255e-06,2.7205617758274447e-06,4.75571927851255e-06,0.0016494125547683468,0.0021807611695260328,-0.32214415563989185,-2.035157502685105e-06,0.0007996801705643322,0.18181818181818182,0.21212121212121213,1.0,,,
2020-12-07,2020-01-08,1.1142633861890987e-06,1.2197061170970825e-06,0.006605316973415134,2020-12-02,129,12014,123,0.01,9.74199096179815e-07,1.0312744522128247e-06,9.74199096179815e-07,1.0312744522128247e-06,0.000987015246173946,0.0010155168399454658,-0.028876548647047695,-5.707535603300974e-08,0.0008995952428360928,0.6016260162601627,0.4715447154471545,1.0,5.922055779726776e-07,5.173699116193935e-07,0.01536032715965932
2020-12-09,2020-01-08,8.801088616211809e-06,8.499264313494874e-06,0.006492201318539958,2020-12-04,130,12080,56,0.01,3.4746353156795212e-06,3.5189527264785774e-06,3.4746353156795212e-06,3.5189527264785774e-06,0.001864037369711112,0.0018758871838355784,-0.006357068971371005,-4.4317410799056145e-08,0.0008995952428360929,0.5535714285714286,0.7321428571428571,1.0,2.8106709452747377e-08,2.9639817017391435e-07,0.015347048653321446
2020-12-11,2020-01-08,8.960853010200138e-07,1.3118943768540852e-06,0.006552255761116521,2020-12-07,131,12203,71,0.01,8.960853010200138e-07,1.3118943768540852e-06,8.960853010200138e-07,1.3118943768540852e-06,0.0009466178220485889,0.0011453795776309639,-0.20997043469161802,-4.1580907583407133e-07,0.0007996801705643321,0.49295774647887325,0.49295774647887325,1.0,,,
2020-12-18,2020-01-08,1.2661745161348959e-06,1.294198327964961e-06,0.0062742812742812735,2020-12-09,132,12259,129,100.0,3.067405035618117e-06,2.9834946428960733e-06,3.067405035618117e-06,2.9834946428960733e-06,0.0017514008780453768,0.0017272795497243847,0.013772591200201023,8.391039272204366e-08,0.0007996801705643321,0.4186046511627907,0.3488372093023256,1.0,9.278544757974051e-06,8.80865434955508e-06,0.015261704814098432
2020-12-21,2020-01-08,1.7336630851338999e-06,2.4175287720575672e-06,0.0063755872251391585,2020-12-11,133,12330,138,0.01,2.2671566513699705e-06,2.49769827749667e-06,2.2671566513699705e-06,2.49769827749667e-06,0.0015057080232800683,0.001580410793906657,-0.04961305211341993,-2.3054162612669937e-07,0.0007996801705643322,0.38405797101449274,0.2753623188405797,1.0,3.8990193245626565e-06,2.742922647075099e-06,0.015415312313776477
2020-12-23,2020-01-08,2.154434977360916e-06,6.641496958767445e-07,0.006122990597512892,2020-12-18,134,12459,64,0.01,2.4152229116047963e-06,2.283242651137033e-06,2.4152229116047963e-06,2.283242651137033e-06,0.0015540987457702926,0.0015110402546381857,0.02770640620442999,1.319802604677635e-07,0.0008995952428360929,0.234375,0.15625,1.0,2.64532991240822e-06,3.7118540822490515e-06,0.015496745997168064
2020-12-28,2020-01-08,1.3082507621481936e-06,6.553543144423964e-07,0.006118814882170188,2020-12-21,135,12597,140,0.01,1.1533761511168544e-06,6.847992668330765e-07,1.1533761511168544e-06,6.847992668330765e-07,0.0010739535144115198,0.0008275259916359585,0.2294582767957074,4.685768842837779e-07,0.0008995952428360928,0.37857142857142856,0.22857142857142856,1.0,6.30674338886085e-07,7.841759811516215e-07,0.015422831978319783
2020-12-30,2020-01-08,2.236362021545837e-06,1.4656666257715362e-06,0.005987246978571956,2020-12-23,136,12661,60,0.01,1.468179134568708e-06,9.557274675596078e-07,1.468179134568708e-06,9.557274675596078e-07,0.0012116844203705467,0.000977613148213345,0.19317841198752073,5.124516670091002e-07,0.0009995003330835331,0.26666666666666666,0.23333333333333334,1.0,7.495564338481681e-07,4.78687609877481e-07,0.015320694018198463
2021-01-04,2020-01-08,7.728634604243652e-06,6.6923734111937e-06,0.006085613083126086,2020-12-28,137,12801,106,100.0,6.477457067660691e-06,5.433938880084218e-06,6.477457067660691e-06,5.433938880084218e-06,0.0025450848841759074,0.002331081053949909,0.0840851444902957,1.043518187576473e-06,0.0008995952428360928,0.41509433962264153,0.39622641509433965,1.0,3.3078073083171886e-06,2.2459047346068593e-06,0.015221528297849573
2021-01-06,2020-01-08,4.979021946375062e-06,6.754463399898476e-06,0.0061636516296465944,2020-12-30,138,12861,61,0.01,2.8889056679982414e-06,3.7973243430369043e-06,2.8889056679982414e-06,3.7973243430369043e-06,0.0016996781071715436,0.0019486724565808654,-0.1464950030001131,-9.08418675038663e-07,0.000899595242836093,0.14754098360655737,0.11475409836065574,1.0,9.947377907192492e-07,1.117417072756105e-06,0.015326057684539358
2021-01-08,2020-01-08,2.8170405022168998e-06,3.120771196810127e-06,0.006167888787045525,2021-01-04,139,12967,74,100.0,2.8170405022168998e-06,3.120771196810127e-06,2.8170405022168998e-06,3.120771196810127e-06,0.001678404153419819,0.0017665704618865692,-0.052529844070695164,-3.0373069459322705e-07,0.0008995952428360928,0.43243243243243246,0.33783783783783783,1.0,,,
2021-01-11,2020-01-08,5.730649473328076e-06,6.244522770678605e-06,0.0061151079136690665,2021-01-06,140,13028,161,100.0,4.712070041546526e-06,5.008389188417726e-06,4.712070041546526e-06,5.008389188417726e-06,0.002170730301430034,0.002237943070861662,-0.030963205971441754,-2.9631914687119945e-07,0.0007996801705643322,0.30434782608695654,0.2981366459627329,1.0,9.073762816566249e-07,3.91066689972688e-07,0.01492688716361538
2021-01-15,2020-01-08,8.240816406306592e-07,1.923270713039905e-06,0.0062640601970366935,2021-01-08,141,13102,170,0.01,1.514704219194956e-06,2.383102406445163e-06,1.514704219194956e-06,2.383102406445163e-06,0.0012307332039052802,0.0015437300302984208,-0.2543173657783506,-8.683981872502069e-07,0.0008995952428360928,0.18235294117647058,0.43529411764705883,1.0,4.3818343180830985e-06,4.2921006487639625e-06,0.015037322306188237
2021-01-20,2020-01-08,6.141749322738351e-07,5.130816790356894e-07,0.0063169834937025745,2021-01-11,142,13263,82,100.0,3.293352682887706e-06,2.9418876731479794e-06,3.293352682887706e-06,2.9418876731479794e-06,0.0018147596763449716,0.0017151931882875408,0.05486483381533103,3.5146500973972654e-07,0.0008995952428360928,0.3048780487804878,0.15853658536585366,1.0,6.247317895103e-06,5.61980197434871e-06,0.015029776838769307
2021-01-22,2020-01-08,3.3086268579535227e-06,5.084682790748444e-06,0.005899758895302112,2021-01-15,143,13433,162,100.0,2.461196478325489e-06,3.838366934730301e-06,2.461196478325489e-06,3.838366934730301e-06,0.001568820091127561,0.0019591750648500763,-0.24882073854749942,-1.377170456404812e-06,0.0008995952428360929,0.24691358024691357,0.38271604938271603,1.0,3.996682224539167e-08,2.7746448896417594e-07,0.014811120653758069
2021-01-25,2020-01-08,1.662342226665343e-05,2.0001634648396076e-05,0.005806428417343786,2021-01-20,144,13515,165,100.0,1.2498901214182712e-05,1.4877732251760736e-05,1.2498901214182712e-05,1.4877732251760736e-05,0.003535378510737247,0.003857166350024424,-0.0910193458238997,-2.3788310375780236e-06,0.0007996801705643323,0.13333333333333333,0.11515151515151516,1.0,7.967717164750915e-07,3.4014870781859303e-07,0.014863730150438778
2021-01-27,2020-01-08,1.487385142248365e-05,2.3945695348793717e-05,0.005640542050852193,2021-01-22,145,13677,74,0.01,4.097155722195139e-05,4.4081120296046304e-05,4.097155722195139e-05,4.4081120296046304e-05,0.006400902844283093,0.006639361437370789,-0.037253899783945776,-3.109563074094912e-06,0.0006997551142733422,0.24324324324324326,0.24324324324324326,1.0,6.08555235453554e-05,5.942239644633398e-05,0.014828486932958126
2021-01-29,2020-01-08,2.902750758818797e-05,2.1899633020228725e-05,0.005890291049675396,2021-01-25,146,13842,97,0.01,2.902750758818797e-05,2.1899633020228725e-05,2.902750758818797e-05,2.1899633020228725e-05,0.005387718217222201,0.004679704373165972,0.13141256010624602,7.127874567959246e-06,0.0006997551142733421,0.16494845360824742,0.18556701030927836,1.0,,,
2021-02-01,2020-01-08,1.9973241629576695e-05,1.5944831836488093e-05,0.006119278569263415,2021-01-27,147,13916,170,0.01,1.5076418161459023e-05,1.2122308704103259e-05,1.5076418161459023e-05,1.2122308704103259e-05,0.003882836355225265,0.003481710600280164,0.10330740681494155,2.954109457355764e-06,0.0005998200719676154,0.13529411764705881,0.12352941176470589,1.0,1.053696411849332e-06,1.1759924613648655e-06,0.0153782392520334
2021-02-03,2020-01-08,1.695154927004304e-05,1.4414174163604599e-05,0.005981924587006445,2021-01-29,148,14013,78,0.01,1.496362250089542e-05,1.3737335452047632e-05,1.496362250089542e-05,1.3737335452047632e-05,0.0038682841804727093,0.0037063911628493333,0.041851376494162484,1.2262870488477885e-06,0.0006997551142733423,0.01282051282051282,0.01282051282051282,1.0,1.2521312470228353e-05,1.2905790749277644e-05,0.014915541868693486
2021-02-05,2020-01-08,6.913817581491686e-06,8.473140867579305e-06,0.0058774292161001525,2021-02-01,149,14183,110,1.0,4.9865964000558266e-06,6.199856890430653e-06,4.9865964000558266e-06,6.199856890430653e-06,0.0022330688301205196,0.0024899511823388534,-0.11503557290908484,-1.2132604903748268e-06,0.00039992002132693556,0.08181818181818182,0.045454545454545456,1.0,6.786902297874366e-07,1.1183985885689657e-06,0.014736334446774902
2021-02-08,2020-01-08,6.479435816088436e-07,1.2610386739962942e-06,0.005995905235448963,2021-02-03,150,14261,148,1.0,5.68047308745609e-07,1.0207989315959678e-06,5.68047308745609e-07,1.0207989315959678e-06,0.0007536891326970351,0.0010103459464935601,-0.34053405132444037,-4.527516228503588e-07,0.00029995500899797546,0.3108108108108108,0.4594594594594595,1.0,3.0015980561593964e-07,2.1528920707722627e-07,0.014678561295813883
2021-02-10,2020-01-08,,,,2021-02-05,151,14371,35,0.01,4.138884001572606e-07,3.6157722251282193e-07,4.138884001572606e-07,3.6157722251282193e-07,0.0006433415890157115,0.0006013129156377916,0.06532870576923555,5.231117764443866e-08,0.00039992002132693534,0.22857142857142856,0.08571428571428572,1.0,4.138884001572606e-07,3.6157722251282193e-07,0.014583023702754645
2021-02-12,2020-01-08,3.3764074762229433e-06,4.974075088706197e-06,0.0060682305927625265,2021-02-08,152,14519,123,0.01,3.3764074762229433e-06,4.974075088706197e-06,3.3764074762229433e-06,4.974075088706197e-06,0.0018375003336660767,0.002230263457241363,-0.213748599866465,-1.5976676124832541e-06,0.0004998750416510477,0.16260162601626016,0.24390243902439024,1.0,,,
2021-02-17,2020-01-08,4.334896983480565e-07,1.1999055953980693e-06,0.006156618364742095,2021-02-10,153,14554,77,100.0,5.192698767857274e-07,1.0997489370574972e-06,5.192698767857274e-07,1.0997489370574972e-06,0.0007206038279011064,0.0010486891517783033,-0.455292230174251,-5.804790602717698e-07,0.0003999200213269353,0.19480519480519481,0.2727272727272727,1.0,6.336434480359556e-07,9.66206725936735e-07,0.014506818761152179
2021-02-19,2020-01-08,1.7195509932801161e-06,2.508060561596894e-06,0.006321794772955052,2021-02-12,154,14677,162,100.0,1.4586508375830295e-06,2.158966563289135e-06,1.4586508375830295e-06,2.158966563289135e-06,0.00120774618094326,0.001469342221298066,-0.21659852416216907,-7.003157257061056e-07,0.00029995500899797546,0.345679012345679,0.4012345679012346,1.0,6.358118849999101e-07,1.0579777993954288e-06,0.014565481674856677
2021-02-22,2020-01-08,3.8020089739899024e-06,2.968221439209735e-06,0.006314006314006316,2021-02-17,155,14754,149,100.0,3.066160445686127e-06,2.386295964627216e-06,3.066160445686127e-06,2.386295964627216e-06,0.0017510455293013164,0.0015447640482051672,0.11780475015887082,6.79864481058911e-07,0.0003999200213269353,0.31543624161073824,0.28859060402684567,1.0,9.167081656408887e-07,6.86461025715121e-07,0.014591249391072484
2021-02-24,2020-01-08,2.4241211030303333e-06,3.0855360062002686e-06,0.006515175591927539,2021-02-19,156,14916,79,100.0,1.6348262237986544e-06,2.230280045085072e-06,1.6348262237986544e-06,2.230280045085072e-06,0.0012786032315768071,0.0014934122153930148,-0.16800284756929607,-5.954538212864178e-07,0.0003999200213269353,0.21518987341772153,0.24050632911392406,1.0,5.901712365802556e-07,1.0983236259620174e-06,0.014686516129032257
2021-02-26,2020-01-08,4.990541967017763e-06,4.269037771184651e-06,0.006777419621456317,2021-02-22,157,15065,112,100.0,4.598436861651779e-06,3.963441979398417e-06,4.598436861651779e-06,3.963441979398417e-06,0.002144396619483387,0.001990839516233897,0.07160853633806041,6.349948822533617e-07,0.0003999200213269354,0.5714285714285714,0.5,1.0,3.7358056298466106e-06,3.291131237468706e-06,0.014885112337509481
2021-03-01,2020-01-08,5.771871421830948e-06,6.073285017817535e-06,0.006762328880092364,2021-02-24,158,15144,110,0.01,4.7040051190543175e-06,4.992191266508691e-06,4.7040051190543175e-06,4.992191266508691e-06,0.0021688718539956014,0.002234321209340477,-0.03017668158877229,-2.8818614745437377e-07,0.00039992002132693556,0.08181818181818182,0.10909090909090909,1.0,2.7599408242558322e-06,3.024046232074642e-06,0.014962206856662112
2021-03-03,2020-01-08,3.815383311634099e-06,3.7918329265014664e-06,0.006553708439897699,2021-02-26,159,15256,43,100.0,3.815383311634099e-06,3.7918329265014664e-06,3.815383311634099e-06,3.7918329265014664e-06,0.0019533006198826897,0.0019472629320411424,0.0030910182386109097,2.3550385132632644e-08,0.00039992002132693534,0.2558139534883721,0.27906976744186046,1.0,,,
2021-03-05,2020-01-08,6.160432064417656e-07,9.565627584070759e-07,0.0068259385665529,2021-03-01,160,15366,78,0.01,6.160432064417656e-07,9.565627584070759e-07,6.160432064417656e-07,9.565627584070759e-07,0.0007848841993834285,0.0009780402642054547,-0.24609498442415,-3.4051955196531024e-07,0.0003999200213269353,0.47435897435897434,0.5897435897435898,1.0,,,
2021-03-08,2020-01-08,8.773811824444524e-06,8.999152187259388e-06,0.006753417888321525,2021-03-03,161,15409,139,0.01,7.221447778687837e-06,7.346686701092423e-06,7.221447778687837e-06,7.346686701092423e-06,0.0026872751587226486,0.002710477209107729,-0.008634043413741521,-1.252389224045866e-07,0.00039992002132693534,0.23741007194244604,0.2158273381294964,1.0,1.5811917457718651e-06,1.3427287680191205e-06,0.014834671428199048
2021-03-10,2020-01-08,1.1016040594420668e-05,6.752240260375224e-06,0.006772102242226535,2021-03-05,162,15487,75,0.01,5.942952231585316e-06,3.789305783028965e-06,5.942952231585316e-06,3.789305783028965e-06,0.002437817103801127,0.0019466139275749995,0.20149303877646396,2.1536464485563507e-06,0.0004998750416510478,0.2,0.26666666666666666,1.0,1.451369597734844e-07,4.030949517760977e-07,0.014699034016065293
2021-03-12,2020-01-08,1.8845454805600098e-06,2.832642794923118e-06,0.006723515906854707,2021-03-08,163,15626,78,100.0,1.8845454805600098e-06,2.832642794923118e-06,1.8845454805600098e-06,2.832642794923118e-06,0.0013727874855781611,0.0016830456900877996,-0.22600599711831615,-9.480973143631081e-07,0.0003999200213269353,0.16666666666666666,0.24358974358974358,1.0,,,
2021-03-15,2020-01-08,1.3003032963508978e-06,1.335623155381413e-06,0.006775179707510533,2021-03-10,164,15701,132,100.0,1.008223543665177e-06,1.180049683257738e-06,1.008223543665177e-06,1.180049683257738e-06,0.0010041033530793417,0.0010863009174523135,-0.08186165709027038,-1.71826139592561e-07,0.00039992002132693534,0.6060606060606061,0.553030303030303,1.0,1.6634660945339258e-07,7.31632028313028e-07,0.014442026594934779
2021-03-22,2020-01-08,7.322555258518096e-06,8.859587162374385e-06,0.0068339028252354375,2021-03-12,165,15779,121,0.01,6.6802311845170506e-06,8.303707585741366e-06,6.6802311845170506e-06,8.303707585741366e-06,0.0025846143202646406,0.0028816154472346527,-0.11491119763648205,-1.6234764012243156e-06,9.999500033330834e-05,0.09917355371900827,0.12396694214876033,1.0,4.443991815772666e-06,6.368423133759748e-06,0.014283798911369003
2021-03-24,2020-01-08,3.5850080264740055e-07,7.137519021986769e-07,0.00669169250856863,2021-03-15,166,15911,58,0.01,2.051044925995742e-07,4.525561925524985e-07,2.051044925995742e-07,4.525561925524985e-07,0.0004528846349784614,0.0006727229686524004,-0.4854179556884155,-2.474516999529243e-07,9.999500033330834e-05,0.3103448275862069,0.27586206896551724,1.0,8.046999068571524e-08,2.403346784649786e-07,0.01428306546854942
2021-03-26,2020-01-08,8.389441971531742e-06,8.299286832197022e-06,0.0067999004892611336,2021-03-22,167,16032,89,100.0,5.796734915394162e-06,5.807800350922696e-06,5.796734915394162e-06,5.807800350922696e-06,0.0024076409440350866,0.002409937831339783,-0.0009539991045537377,-1.1065435528534017e-08,0.00019998000266626675,0.33707865168539325,0.43820224719101125,1.0,1.483374002372925e-07,3.7991908814648805e-07,0.014275735180908394
2021-03-29,2020-01-08,5.650912794225006e-06,5.4168860057127966e-06,0.00676511838957182,2021-03-24,168,16090,71,100.0,5.650912794225006e-06,5.4168860057127966e-06,5.650912794225006e-06,5.4168860057127966e-06,0.002377164864754863,0.002327420461737156,0.02092593734462611,2.3402678851220927e-07,0.00019998000266626678,0.5492957746478874,0.43661971830985913,1.0,,,
2021-03-31,2020-01-08,3.412593150627168e-06,2.801059708883346e-06,0.006839032527105919,2021-03-26,169,16179,57,100.0,1.7879931896795754e-06,1.5607061263007087e-06,1.7879931896795754e-06,1.5607061263007087e-06,0.001337158625474022,0.0012492822444510722,0.06571874073040329,2.2728706337886673e-07,0.00019998000266626675,0.2982456140350877,0.24561403508771928,1.0,2.1941391704052023e-07,3.6312335691057665e-07,0.014093821092898936
2021-04-05,2020-01-08,2.514909237111157e-06,1.8940961867027558e-06,0.006666666666666667,2021-03-29,170,16250,114,100.0,2.162372044498471e-06,1.5597113078969682e-06,2.162372044498471e-06,1.5597113078969682e-06,0.0014705006101659636,0.0012488840249987058,0.15070825787841435,6.026607366015027e-07,0.00019998000266626672,0.37719298245614036,0.30701754385964913,1.0,9.691692387324558e-07,4.2794710270814833e-07,0.013886957389980283
2021-04-07,2020-01-08,8.285181908944493e-07,1.2784593257992025e-06,0.006497107994612153,2021-03-31,171,16307,53,100.0,5.283455488177395e-07,1.0342220877538434e-06,5.283455488177395e-07,1.0342220877538434e-06,0.0007268738190482166,0.0010169671025917423,-0.39909716919420735,-5.058765389361039e-07,0.0001999800026662668,0.1509433962264151,0.18867924528301888,1.0,2.392904120031302e-07,7.990306733397939e-07,0.013698547227420468
2021-04-09,2020-01-08,7.560894474343386e-07,2.959194118411575e-07,0.006290273089904876,2021-04-05,172,16421,53,100.0,7.560894474343386e-07,2.959194118411575e-07,7.560894474343386e-07,2.959194118411575e-07,0.0008695340404114945,0.0005439847533168163,0.3743951035437516,4.601700355931811e-07,9.999500033330834e-05,0.5471698113207547,0.16981132075471697,1.0,,,
2021-04-12,2020-01-08,8.963210820169812e-07,7.127321932333627e-07,0.006165645325012214,2021-04-07,173,16474,120,0.01,8.463819603482921e-07,7.004049942681525e-07,8.463819603482921e-07,7.004049942681525e-07,0.0009199901957892226,0.0008369020219046866,0.09031419493906456,1.4597696608013953e-07,0.00019998000266626675,0.2833333333333333,0.325,1.0,6.658328281614931e-07,6.558374287785457e-07,0.013519779338501544
2021-04-16,2020-01-08,1.4766137640713438e-06,2.0897283005996657e-06,0.006096654275092937,2021-04-09,174,16527,134,0.01,1.302280481405822e-06,1.8041997077633113e-06,1.302280481405822e-06,1.8041997077633113e-06,0.0011411750441566017,0.0013432050133033717,-0.17703679219175572,-5.019192263574893e-07,0.00019998000266626678,0.1791044776119403,0.1791044776119403,1.0,6.423044827434914e-07,7.232700348828257e-07,0.013377387164258061
2021-04-19,2020-01-08,1.1501061450455424e-06,5.43610920225143e-07,0.006112104949314251,2021-04-12,175,16647,137,100.0,1.0550475783658226e-06,5.302053598689081e-07,1.0550475783658226e-06,5.302053598689081e-07,0.0010271550897336889,0.0007281520170053147,0.29109827300363844,5.248422184969145e-07,0.00019998000266626675,0.32116788321167883,0.15328467153284672,1.0,7.300086084287159e-07,4.843669921992019e-07,0.013332823659109427
2021-04-21,2020-01-08,3.211575738227674e-07,9.175947516742524e-07,0.006160318533543684,2021-04-16,176,16781,67,100.0,7.585371137876375e-07,1.1607411145089203e-06,7.585371137876375e-07,1.1607411145089203e-06,0.0008709403617858329,0.0010773769602645678,-0.23702724955293597,-4.022040007212828e-07,0.0002999550089979755,0.16417910447761194,0.13432835820895522,1.0,1.2369209856242143e-06,1.4266824488593383e-06,0.013497474343110851
2021-04-23,2020-01-08,5.876967132536502e-07,1.2204010390406538e-06,0.0062149461876610575,2021-04-19,177,16918,144,100.0,4.712484017510744e-07,9.585851266532173e-07,4.712484017510744e-07,9.585851266532173e-07,0.0006864753467904542,0.0009790736063510328,-0.42623272769895104,-4.873367249021428e-07,0.00029995500899797546,0.1875,0.2708333333333333,1.0,1.3449247389227394e-07,2.0144181245171128e-07,0.01349420040264875
2021-04-26,2020-01-08,8.24771951229266e-07,2.873661161354671e-07,0.006104824300178678,2021-04-21,178,16985,139,100.0,6.265905102262374e-07,2.56516088054923e-07,6.265905102262374e-07,2.56516088054923e-07,0.0007915747028715846,0.0005064741731371137,0.3601688238649058,3.7007442217131435e-07,0.00029995500899797546,0.41007194244604317,0.22302158273381295,1.0,3.77085141029522e-08,1.648474331870206e-07,0.013349460095023273
2021-04-28,2020-01-08,5.006275266146332e-06,5.543632631475687e-06,0.006101644467594316,2021-04-23,179,17129,62,100.0,2.228896216661704e-06,2.676149324594255e-06,2.228896216661704e-06,2.676149324594255e-06,0.0014929488325665097,0.0016358940444277726,-0.09574689282252735,-4.4725310793255086e-07,9.999500033330834e-05,0.27419354838709675,0.3064516129032258,1.0,3.522887507937127e-07,7.386606037284211e-07,0.013324520981030851
2021-04-30,2020-01-08,2.9265820219082983e-05,3.12675269727047e-05,0.006143242433323343,2021-04-26,180,17268,85,1.0,2.9265820219082983e-05,3.12675269727047e-05,2.9265820219082983e-05,3.12675269727047e-05,0.005409789295257532,0.005591737384096709,-0.03363311931551216,-2.001706753621718e-06,9.999500033330835e-05,0.11764705882352941,0.11764705882352941,1.0,,,
2021-05-03,2020-01-08,4.753178155164772e-07,1.6406235569980957e-06,0.00623763882549825,2021-04-28,181,17330,111,100.0,6.036042992047902e-07,1.5534472124638735e-06,6.036042992047902e-07,1.5534472124638735e-06,0.0007769197508139371,0.001246373624746558,-0.6042501473811153,-9.498429132590834e-07,9.999500033330834e-05,0.2072072072072072,0.22522522522522523,1.0,9.499778051632357e-07,1.3180710822214735e-06,0.013331545650611069
2021-05-05,2020-01-08,1.1015796733466942e-06,3.3504713068499633e-07,0.006413766132186157,2021-04-30,182,17415,65,0.01,5.592084072665225e-07,2.2529988014522946e-07,5.592084072665225e-07,2.2529988014522946e-07,0.0007478023851703887,0.000474657645198336,0.36526326391673114,3.33908527121293e-07,0.00019998000266626675,0.35384615384615387,0.24615384615384617,1.0,1.222982207019398e-07,1.3689237276597283e-07,0.013385433809730042
2021-05-07,2020-01-08,2.2413014948830155e-06,4.062102787899906e-06,0.006320332973639586,2021-05-03,183,17526,97,0.01,1.6543349928341005e-06,3.0010827813448513e-06,1.6543349928341005e-06,3.0010827813448513e-06,0.001286209544683175,0.0017323633514204956,-0.34687489964725704,-1.3467477885107508e-06,0.00019998000266626675,0.17525773195876287,0.1958762886597938,1.0,6.597528643623285e-07,1.203243325793232e-06,0.01327523802705992
2021-05-10,2020-01-08,1.247747626088757e-06,4.842489260070368e-07,0.006412717917210658,2021-05-05,184,17591,115,100.0,1.1750304188469849e-06,5.563366839677537e-07,1.1750304188469849e-06,5.563366839677537e-07,0.001083988200510958,0.0007458798053089745,0.3119115088546257,6.186937348792311e-07,0.00019998000266626672,0.43478260869565216,0.33043478260869563,1.0,1.0154565473997609e-06,7.145292639371048e-07,0.013179318677153419
2021-05-17,2020-01-08,6.173480329499028e-08,2.3770918659220937e-07,0.006551588858375834,2021-05-07,185,17688,57,0.01,6.173480329499028e-08,2.3770918659220937e-07,6.173480329499028e-08,2.3770918659220937e-07,0.00024846489348596165,0.0004875542909176468,-0.962266314879586,-1.759743832972191e-07,9.999500033330834e-05,0.38596491228070173,0.6140350877192983,1.0,,,
2021-05-19,2020-01-08,5.525959034293557e-07,1.982421951201986e-07,0.006688025630756909,2021-05-10,186,17803,26,0.01,5.525959034293557e-07,1.982421951201986e-07,5.525959034293557e-07,1.982421951201986e-07,0.0007433679461944507,0.0004452439725815484,0.4010449672185876,3.5435370830915707e-07,0.00019998000266626678,0.4230769230769231,0.19230769230769232,1.0,,,
2021-05-21,2020-01-08,2.8941009317897024e-06,4.69969501824232e-06,0.0065587934961904,2021-05-17,187,17860,110,100.0,2.0829998741594078e-06,3.4026101992986656e-06,2.0829998741594078e-06,3.4026101992986656e-06,0.0014432601547051064,0.0018446165453282332,-0.27809012069978034,-1.3196103251392578e-06,9.999500033330834e-05,0.10909090909090909,0.15454545454545454,1.0,1.9043073968871876e-07,3.760789550968079e-07,0.0133963927952225
2021-05-24,2020-01-08,1.0714827379418744e-06,2.488780817119533e-06,0.006657099577453559,2021-05-19,188,17886,102,0.01,8.156781959361348e-07,1.9453967274214863e-06,8.156781959361348e-07,1.9453967274214863e-06,0.0009031490441428451,0.0013947747945175545,-0.5443462001792831,-1.1297185314853515e-06,9.999500033330834e-05,0.11764705882352941,0.24509803921568626,1.0,2.0174729512236002e-07,6.412749121461744e-07,0.013407369740203403
2021-05-26,2020-01-08,5.799430344753001e-07,1.5541874259852415e-06,0.006579984239558707,2021-05-21,189,17996,24,100.0,5.799430344753001e-07,1.5541874259852415e-06,5.799430344753001e-07,1.5541874259852415e-06,0.000761539909968808,0.0012466705362625852,-0.6370390047104002,-9.742443915099415e-07,0.00019998000266626675,0.125,0.375,1.0,,,
2021-05-27,2020-01-08,,,,2021-05-24,190,18098,26,100.0,2.1834624367732962e-06,3.023425004013811e-06,2.1834624367732962e-06,3.023425004013811e-06,0.0014776543698623492,0.001738799874630146,-0.1767297617724528,-8.399625672405149e-07,0.00019998000266626678,0.038461538461538464,0.0,1.0,2.1834624367732962e-06,3.023425004013811e-06,0.01327523802705992
2021-05-28,2020-01-08,1.731996258390112e-06,2.9579552092922974e-06,0.006665070242656447,2021-05-26,191,18122,92,100.0,1.6394222295225427e-06,2.6882965587544533e-06,1.6394222295225427e-06,2.6882965587544533e-06,0.0012803992461426017,0.0016396025612185575,-0.2805400863504963,-1.0488743292319106e-06,0.0001999800026662667,0.2826086956521739,0.2826086956521739,1.0,1.3448685013075481e-06,1.8302917615885847e-06,0.013268272555987502
2021-06-02,2020-01-08,6.966424230222297e-07,5.717371787098516e-07,0.00671869971033151,2021-05-27,192,18148,58,100.0,4.957887844839317e-07,4.229966334377301e-07,4.957887844839317e-07,4.229966334377301e-07,0.0007041227055591459,0.0006503819135229163,0.07632304939457091,7.27921510462016e-08,0.00019998000266626678,0.3448275862068966,0.27586206896551724,1.0,3.6379925058733576e-07,3.2525284654462183e-07,0.013256258488812636
2021-06-04,2020-01-08,7.097519140653944e-08,4.883778806442005e-07,0.0067589444714262585,2021-05-28,193,18240,52,0.01,7.097519140653944e-08,4.883778806442005e-07,7.097519140653944e-08,4.883778806442005e-07,0.00026641169532612386,0.000698840382808693,-1.6231595499334897,-4.1740268923766107e-07,0.00019998000266626678,0.23076923076923078,0.5192307692307693,1.0,,,
2021-06-07,2020-01-08,2.0378582390603955e-07,1.4244011512730724e-07,0.006632774644530938,2021-06-02,194,18298,108,0.01,1.850892069894781e-07,1.834334138369683e-07,1.850892069894781e-07,1.834334138369683e-07,0.00043021995187285085,0.00042829127219331506,0.004483008449840065,1.655793152509806e-09,0.0001999800026662667,0.42592592592592593,0.4074074074074074,1.0,1.3647800300641834e-07,2.90015990482087e-07,0.013164349266445814
2021-06-09,2020-01-08,1.592373703407039e-07,2.6486574642104254e-07,0.006588290989427174,2021-06-04,195,18350,61,0.01,2.379774918101057e-07,1.8697773658069126e-07,2.379774918101057e-07,1.8697773658069126e-07,0.0004878293675150213,0.00043240922351482197,0.1136055918127824,5.099975522941443e-08,0.00019998000266626678,0.39344262295081966,0.3114754098360656,1.0,3.193422839951542e-07,1.0649345974566166e-07,0.013174325092355782
2021-06-11,2020-01-08,2.9635651173619705e-06,5.720555577102453e-06,0.006621203711045911,2021-06-07,196,18458,41,0.01,2.9635651173619705e-06,5.720555577102453e-06,2.9635651173619705e-06,5.720555577102453e-06,0.001721500832808968,0.0023917682950282734,-0.3893506465086234,-2.7569904597404824e-06,0.00029995500899797546,0.0,0.04878048780487805,1.0,,,
2021-06-14,2020-01-08,3.618806690529604e-06,1.9251060783452017e-06,0.006556733411857086,2021-06-09,197,18519,61,0.01,3.618806690529604e-06,1.9251060783452017e-06,3.618806690529604e-06,1.9251060783452017e-06,0.0019023161384295734,0.0013874819200066003,0.2706354680079549,1.6937006121844021e-06,0.0002999550089979756,0.22950819672131148,0.18032786885245902,1.0,,,
2021-06-16,2020-01-08,,,,2021-06-11,198,18560,34,0.01,5.2719241564039284e-08,1.4450575027186259e-07,5.2719241564039284e-08,1.4450575027186259e-07,0.0002296067106250148,0.00038013911962841,-0.655609797264328,-9.178650870782331e-08,0.00029995500899797546,0.4117647058823529,0.5588235294117647,1.0,5.2719241564039284e-08,1.4450575027186259e-07,0.013106045043347154
2021-06-18,2020-01-08,1.6922607645406222e-07,2.700695961555079e-07,0.006335837316943622,2021-06-14,199,18621,98,0.01,5.819995141532219e-07,5.426292956673263e-07,5.819995141532219e-07,5.426292956673263e-07,0.0007628889264848598,0.0007366337595218714,0.034415451648988515,3.9370218485895644e-08,0.00039992002132693545,0.40816326530612246,0.40816326530612246,1.0,1.7250644185508953e-06,1.2974100020077467e-06,0.01318400360215181
2021-06-21,2020-01-08,4.809638528592786e-07,1.1508565742788501e-06,0.006400429250344934,2021-06-16,200,18655,107,100.0,5.766464871984194e-07,1.1371704849188852e-06,5.766464871984194e-07,1.1371704849188852e-06,0.0007593724298382312,0.0010663819601432149,-0.40429375394941025,-5.605239977204659e-07,0.0004998750416510477,0.11214953271028037,0.19626168224299065,1.0,8.339997795588671e-07,1.1003596238817391e-06,0.013431232526752145
2021-06-23,2020-01-08,5.915837661085526e-08,1.1166870019111181e-07,0.006232273473652786,2021-06-18,201,18753,55,100.0,4.74536875619313e-07,8.313343285692759e-07,4.74536875619313e-07,8.313343285692759e-07,0.0006888663699291126,0.00091177537177162,-0.3235881610325173,-3.567974529499629e-07,0.0003999200213269353,0.23636363636363636,0.32727272727272727,1.0,9.052997634799359e-07,1.5776542394799645e-06,0.01317124861147219
2021-06-25,2020-01-08,6.669290774993409e-07,1.7635479544883209e-06,0.006258901131849188,2021-06-21,202,18860,99,100.0,5.347681974882601e-07,1.4198639649393258e-06,5.347681974882601e-07,1.4198639649393258e-06,0.0007312784678139101,0.001191580448370703,-0.6294482892855076,-8.850957674510657e-07,0.0004998750416510478,0.1717171717171717,0.26262626262626265,1.0,1.2176544745363253e-07,3.4585149759871573e-07,0.013109590684544812
2021-06-28,2020-01-08,1.9598137151572957e-07,1.9278908844745436e-07,0.006273007287206069,2021-06-23,203,18915,96,100.0,1.736167783762605e-07,1.6096507853128464e-07,1.736167783762605e-07,1.6096507853128464e-07,0.00041667346732934715,0.0004012045345347989,0.03712483277060041,1.2651699844975868e-08,0.0005998200719676154,0.3020833333333333,0.20833333333333334,1.0,1.0652299895785327e-07,6.549304878277542e-08,0.013063188861020604
2021-06-30,2020-01-08,1.6620927432696142e-06,1.4221375622411494e-06,0.006124844128218292,2021-06-25,204,19014,50,100.0,1.175730772163394e-06,9.51920042815456e-07,1.175730772163394e-06,9.51920042815456e-07,0.0010843111971032089,0.0009756638984893599,0.10019936979725519,2.23810729347938e-07,0.00039992002132693534,0.24,0.16,1.0,6.893688010571734e-07,4.817025233897624e-07,0.01302989712415244
2021-07-02,2020-01-08,1.2188342228860673e-06,1.0183515934690849e-06,0.0060829023093174036,2021-06-28,205,19110,103,100.0,1.0986182266962712e-06,9.122132431563902e-07,1.0986182266962712e-06,9.122132431563902e-07,0.0010481499065955553,0.0009550985515413529,0.08877676224428432,1.86404983539881e-07,0.0004998750416510477,0.22330097087378642,0.17475728155339806,1.0,6.560047861792951e-07,5.214311351869236e-07,0.012947255070510883
2021-07-07,2020-01-08,8.734143400660691e-06,7.51641920906951e-06,0.005879453598084777,2021-06-30,206,19160,50,0.01,5.230860788666028e-06,4.323281850677877e-06,5.230860788666028e-06,4.323281850677877e-06,0.0022871075157644047,0.002079250309769816,0.09088213149661128,9.075789379881509e-07,0.000499875041651048,0.04,0.06,1.0,1.1183116354549013e-06,5.748162560442177e-07,0.012872489778948098
2021-07-09,2020-01-08,1.03667996150792e-06,9.806076745798102e-07,0.005829377268919295,2021-07-02,207,19263,56,100.0,1.03667996150792e-06,9.806076745798102e-07,1.03667996150792e-06,9.806076745798102e-07,0.0010181748187359182,0.0009902563681086884,0.02742009536426271,5.60722869281097e-08,0.0005998200719676156,0.25,0.25,1.0,,,
2021-07-12,2020-01-08,3.7418472804495906e-06,3.8043774004900964e-06,0.00575425539246089,2021-07-07,208,19313,109,100.0,2.9301512268636977e-06,2.945808098041076e-06,2.9301512268636977e-06,2.945808098041076e-06,0.0017117684501309451,0.0017163356600738318,-0.002668123683747803,-1.5656871177378494e-08,0.0005998200719676153,0.11009174311926606,0.1651376146788991,1.0,2.0285248681509667e-07,6.101524181236502e-08,0.012795938188831742
2021-07-16,2020-01-08,1.3446593826640987e-06,1.1706737117887328e-06,0.0056236530172413795,2021-07-09,209,19369,124,100.0,1.13452637940109e-06,9.965818141103817e-07,1.13452637940109e-06,9.965818141103817e-07,0.0010651414832786722,0.0009982894440543693,0.06276352979748934,1.3794456529070824e-07,0.0004998750416510477,0.18548387096774194,0.25,1.0,5.550687037364307e-07,5.165102174822029e-07,0.012818601495112132
2021-07-19,2020-01-08,3.7614612522180834e-06,3.105839832796643e-06,0.005703941526060525,2021-07-12,210,19478,132,100.0,3.121555760134904e-06,2.6218161374096616e-06,3.121555760134904e-06,2.6218161374096616e-06,0.0017667925062482305,0.0016192023151569608,0.08353566735727014,4.997396227252423e-07,0.000499875041651048,0.20454545454545456,0.14393939393939395,1.0,1.415141114579758e-06,1.331086283044377e-06,0.012919940186395881
2021-07-21,2020-01-08,1.4753557497150195e-06,1.2933068465892556e-06,0.005713308244953814,2021-07-16,211,19602,69,100.0,1.2655780280116456e-06,1.3236084821664852e-06,1.2655780280116456e-06,1.3236084821664852e-06,0.0011249791233670274,0.0011504818478213748,-0.022669509082104966,-5.8030454154839585e-08,0.000499875041651048,0.08695652173913043,0.14492753623188406,1.0,1.0496303733169966e-06,1.3548013423195152e-06,0.012928332482717022
2021-07-23,2020-01-08,1.320288801608569e-06,1.5193477023726136e-06,0.005688010899182562,2021-07-19,212,19734,136,0.01,1.158196871809105e-06,1.2675860931857878e-06,1.158196871809105e-06,1.2675860931857878e-06,0.0010761955546317338,0.001125871259596668,-0.04615862307843566,-1.0938922137668268e-07,0.000499875041651048,0.11029411764705882,0.125,1.0,6.522735757683547e-07,4.817847069359988e-07,0.012797701281403574
2021-07-26,2020-01-08,7.76724660886445e-07,4.5314656936916645e-07,0.005620624663435648,2021-07-21,213,19803,136,0.01,6.663624612851036e-07,4.033187074657257e-07,6.663624612851036e-07,4.033187074657257e-07,0.0008163102726813522,0.0006350737811197418,0.2220191238881497,2.630437538193779e-07,0.000499875041651048,0.25,0.19852941176470587,1.0,3.47888685292662e-07,2.595297345443686e-07,0.012667379642678547
2021-07-28,2020-01-08,2.226217466551467e-06,2.3685528509292815e-06,0.005689173536826326,2021-07-23,214,19939,68,100.0,1.2225997382206377e-06,1.3325910998337402e-06,1.2225997382206377e-06,1.3325910998337402e-06,0.0011057123216373407,0.0011543790971053401,-0.044013957804081905,-1.0999136161310247e-07,0.000499875041651048,0.19117647058823528,0.16176470588235295,1.0,2.763315943658555e-07,3.5582716308651595e-07,0.012694214254800572
2021-07-30,2020-01-08,2.208265457488864e-06,3.237412295136775e-06,0.005733315023345235,2021-07-26,215,20075,89,0.01,2.208265457488864e-06,3.237412295136775e-06,2.208265457488864e-06,3.237412295136775e-06,0.0014860233704383197,0.001799281049513048,-0.21080265984129798,-1.0291468376479112e-06,0.0005998200719676154,0.15730337078651685,0.1797752808988764,1.0,,,
2021-08-02,2020-01-08,1.6116091218939844e-07,4.2387261458974537e-07,0.005724667489373373,2021-07-28,216,20143,86,100.0,1.6116091218939844e-07,4.2387261458974537e-07,1.6116091218939844e-07,4.2387261458974537e-07,0.0004014485174831244,0.0006510550012016999,-0.621764617001153,-2.6271170240034693e-07,0.0005998200719676153,0.19767441860465115,0.4186046511627907,1.0,,,
2021-08-04,2020-01-08,1.388197207891756e-07,2.6052464959357377e-08,0.005666395222584145,2021-07-30,217,20232,67,0.01,1.8768074111713813e-07,2.5964470460853074e-07,1.8768074111713813e-07,2.5964470460853074e-07,0.00043322135348703453,0.0005095534364603292,-0.17619649252949188,-7.19639634913926e-08,0.000499875041651048,0.40298507462686567,0.34328358208955223,1.0,2.2729778462629686e-07,4.490438178375902e-07,0.012632635158109485
2021-08-06,2020-01-08,1.8939364169745156e-06,3.178865148067112e-06,0.005677954576363389,2021-08-02,218,20318,87,0.01,1.1759946849467468e-06,2.024922418671554e-06,1.1759946849467468e-06,2.024922418671554e-06,0.001084432886326649,0.0014229976875144788,-0.31220447614297875,-8.489277337248073e-07,0.0004998750416510478,0.1724137931034483,0.26436781609195403,1.0,1.589105645740746e-07,3.9017021869451366e-07,0.012615191506700473
2021-08-09,2020-01-08,3.91440784676307e-07,6.471403531538384e-07,0.005816340495415356,2021-08-04,219,20385,104,100.0,2.818362193806496e-07,4.56908914182645e-07,2.818362193806496e-07,4.56908914182645e-07,0.0005308824911227056,0.0006759503784913838,-0.27325799926437555,-1.7507269480199538e-07,0.0005998200719676153,0.27884615384615385,0.5192307692307693,1.0,7.480537382218578e-08,9.758286279261294e-08,0.01259437953400077
2021-08-11,2020-01-08,,,,2021-08-06,220,20472,34,0.01,1.499639137865641e-07,3.00818065988728e-07,1.499639137865641e-07,3.00818065988728e-07,0.0003872517447172628,0.0005484688377553715,-0.41631082425675103,-1.508541522021639e-07,0.000499875041651048,0.35294117647058826,0.4117647058823529,1.0,1.499639137865641e-07,3.00818065988728e-07,0.012588973976687448
2021-08-13,2020-01-08,6.686514139699466e-07,3.0363620133265786e-07,0.005708912620055075,2021-08-09,221,20576,41,0.01,6.686514139699466e-07,3.0363620133265786e-07,6.686514139699466e-07,3.0363620133265786e-07,0.0008177110822105486,0.0005510319422072171,0.3261288073562706,3.6501521263728876e-07,0.0005998200719676155,0.1951219512195122,0.024390243902439025,1.0,,,
2021-08-16,2020-01-08,3.0850910099437465e-06,1.5767742344955789e-06,0.0057008718980549955,2021-08-11,222,20610,44,0.01,3.0850910099437465e-06,1.5767742344955789e-06,3.0850910099437465e-06,1.5767742344955789e-06,0.001756442714677523,0.001255696712783616,0.2850909954019436,1.5083167754481677e-06,0.0005998200719676156,0.06818181818181818,0.045454545454545456,1.0,,,
2021-08-18,2020-01-08,2.7499153749522287e-06,2.6073087889236006e-06,0.005659497969238963,2021-08-13,223,20651,62,100.0,2.419520067239718e-06,2.1463435921716142e-06,2.419520067239718e-06,2.1463435921716142e-06,0.0015554806547301442,0.0014650404745847857,0.05814291541995986,2.7317647506810366e-07,0.0006997551142733422,0.27419354838709675,0.25806451612903225,1.0,2.1646436870043522e-06,1.7907418689629387e-06,0.012550416629132512
2021-08-20,2020-01-08,1.6682889436404795e-06,1.989111393485464e-06,0.005794137695978187,2021-08-16,224,20695,124,100.0,1.3943882164637848e-06,1.6989730998687008e-06,1.3943882164637848e-06,1.6989730998687008e-06,0.0011808421640777335,0.0013034466233293562,-0.10382798224975298,-3.0458488340491597e-07,0.0005998200719676153,0.16129032258064516,0.13709677419354838,1.0,6.978977959287607e-07,9.611928675289315e-07,0.01266968353567044
2021-08-23,2020-01-08,5.278764776769844e-07,1.0230084616014841e-06,0.005735879614009043,2021-08-18,225,20757,124,0.01,6.588375584062853e-07,1.0625083233054731e-06,6.588375584062853e-07,1.0625083233054731e-06,0.0008116880918223979,0.0010307804437926988,-0.2699218507424397,-4.036707648991878e-07,0.0004998750416510477,0.2661290322580645,0.3467741935483871,1.0,9.91852877975079e-07,1.162950828781331e-06,0.012569665734391914
2021-08-25,2020-01-08,1.3417059077034646e-06,1.9295652512744467e-06,0.005681058681994386,2021-08-20,226,20881,62,0.01,6.904380238511043e-07,1.0451569710515268e-06,6.904380238511043e-07,1.0451569710515268e-06,0.0008309260038361445,0.0010223291891810224,-0.2303492542792318,-3.547189472004225e-07,0.000499875041651048,0.3387096774193548,0.3387096774193548,1.0,1.540997665609251e-07,3.1682074027971054e-07,0.01244031296738621
2021-08-27,2020-01-08,1.773020941003446e-06,2.3575329717823816e-06,0.0057611495187745694,2021-08-23,227,21005,100,100.0,1.2358037238357057e-06,1.6730686730999813e-06,1.2358037238357057e-06,1.6730686730999813e-06,0.001111667092179896,0.0012934715586745543,-0.16354218612170413,-4.372649492642756e-07,0.0004998750416510478,0.32,0.36,1.0,1.9297030227479734e-07,3.444026815400272e-07,0.012487982342132388
2021-08-30,2020-01-08,4.091018048699765e-06,2.751611474997735e-06,0.005720053835800807,2021-08-25,228,21067,107,100.0,2.934068027955019e-06,1.97612006632181e-06,2.934068027955019e-06,1.97612006632181e-06,0.001712912148347083,0.0014057453774854855,0.1793242993565114,9.579479616332088e-07,0.0004998750416510477,0.1588785046728972,0.14018691588785046,1.0,2.2246641683452092e-07,1.5856207723761146e-07,0.012377317046085507
2021-09-01,2020-01-08,1.4147626305847515e-07,3.106991101350668e-07,0.005598366594217216,2021-08-27,229,21167,66,0.01,1.0138741004721875e-07,2.449428162453812e-07,1.0138741004721875e-07,2.449428162453812e-07,0.0003184138973839219,0.0004949169791443624,-0.5543196550483,-1.435554061981624e-07,0.00039992002132693534,0.3484848484848485,0.4393939393939394,1.0,6.365672486015389e-08,1.830545396433241e-07,0.012341409779431305
2021-09-03,2020-01-08,5.93099027851602e-07,7.31000400286767e-07,0.005532053368044256,2021-08-30,230,21274,56,0.01,5.93099027851602e-07,7.31000400286767e-07,5.93099027851602e-07,7.31000400286767e-07,0.0007701292280205979,0.0008549856140817616,-0.11018460665265661,-1.3790137243516496e-07,0.000499875041651048,0.35714285714285715,0.375,1.0,,,
2021-09-08,2020-01-08,3.881756781733092e-06,3.235555114226574e-06,0.005424723977279979,2021-09-01,231,21340,50,100.0,2.624391321394096e-06,2.1566465196082032e-06,2.624391321394096e-06,2.1566465196082032e-06,0.0016199973214157165,0.001468552525314707,0.09348459660949426,4.677448017858928e-07,0.000499875041651048,0.32,0.2,1.0,3.89074947458104e-07,2.385867958422112e-07,0.012344143445709476
2021-09-10,2020-01-08,6.661180494849499e-07,6.179502270623666e-07,0.005516972804569352,2021-09-03,232,21396,61,0.01,6.661180494849499e-07,6.179502270623666e-07,6.661180494849499e-07,6.179502270623666e-07,0.0008161605537423075,0.0007860981026960736,0.03683399168017831,4.816782242258323e-08,0.0003999200213269353,0.2786885245901639,0.4098360655737705,1.0,,,
2021-09-13,2020-01-08,1.9897234219555683e-06,2.1926900563357534e-06,0.005705846814794926,2021-09-08,233,21446,118,100.0,1.5393461185387719e-06,1.7259916864948193e-06,1.5393461185387719e-06,1.7259916864948193e-06,0.0012407038802787602,0.0013137700280090193,-0.05889088354736405,-1.8664556795604742e-07,0.0004998750416510477,0.3050847457627119,0.3305084745762712,1.0,2.1823936184950352e-07,3.57009801628078e-07,0.012510971174568961
2021-09-17,2020-01-08,6.232620587091894e-07,1.0488943712969097e-06,0.005712749512736072,2021-09-10,234,21507,106,100.0,7.048774443387877e-07,1.0070842471999317e-06,7.048774443387877e-07,1.0070842471999317e-06,0.0008395697971811443,0.0010035358724031402,-0.1952977295902163,-3.0220680286114404e-07,0.00039992002132693545,0.10377358490566038,0.16037735849056603,1.0,9.693112937786856e-07,8.716194451257239e-07,0.012462569045329514
2021-09-20,2020-01-08,4.567695021064663e-06,3.8649606365825945e-06,0.0058195262221005075,2021-09-13,235,21625,111,0.01,4.5537729968458e-06,4.065708504651626e-06,4.5537729968458e-06,4.065708504651626e-06,0.0021339571216043214,0.002016360212028502,0.05510743790737904,4.880644921941738e-07,0.00039992002132693556,0.08108108108108109,0.07207207207207207,1.0,4.5125041393398824e-06,4.660782542141972e-06,0.012826869053013145
2021-09-22,2020-01-08,3.4790266792544622e-06,2.7989062519498885e-06,0.005926235794464198,2021-09-17,236,21731,62,0.01,4.056959711461316e-06,3.4637868120143693e-06,4.056959711461316e-06,3.4637868120143693e-06,0.002014189591736914,0.0018611251467900727,0.07599306717440024,5.931728994469464e-07,0.0002999550089979756,0.11290322580645161,0.11290322580645161,1.0,4.714607644662218e-06,4.22037503553602e-06,0.013056707331134839
2021-09-24,2020-01-08,1.987707240210225e-06,2.751179949231225e-06,0.005789007695974937,2021-09-20,237,21842,110,0.01,1.726150753431211e-06,2.3847374841425097e-06,1.726150753431211e-06,2.3847374841425097e-06,0.001313830564963082,0.0015442595261621376,-0.17538712170661874,-6.585867307112987e-07,0.00029995500899797535,0.05454545454545454,0.12727272727272726,1.0,8.811221038374723e-07,1.2008464430866623e-06,0.012775350873234352
2021-09-27,2020-01-08,4.224551028926109e-08,2.4122786465435e-07,0.0057854614756329996,2021-09-22,238,21904,101,0.01,6.238382240182089e-08,2.0854371937137257e-07,6.238382240182089e-08,2.0854371937137257e-07,0.0002497675367252936,0.0004566658727903505,-0.8283636007213124,-1.4615989696955168e-07,0.00029995500899797546,0.26732673267326734,0.5445544554455446,1.0,1.2360429122400276e-07,1.0918391771112124e-07,0.012754342096370885
2021-09-29,2020-01-08,3.0934303151954984e-06,3.3520289146477277e-06,0.005989711789162145,2021-09-24,239,22014,57,100.0,2.7360905366574097e-06,2.971442920880744e-06,2.7360905366574097e-06,2.971442920880744e-06,0.0016541132176055573,0.0017237873769350859,-0.04212175961593889,-2.3535238422333418e-07,0.00039992002132693534,0.10526315789473684,0.08771929824561403,1.0,2.278695620128657e-06,2.4842928488590045e-06,0.013053997971041224
2021-10-01,2020-01-08,3.1846078939728852e-06,3.5248781911536968e-06,0.006007067137809186,2021-09-27,240,22115,108,100.0,2.790095708305696e-06,2.937966057187226e-06,2.790095708305696e-06,2.937966057187226e-06,0.0016703579581352304,0.0017140496075631027,-0.026157057662448135,-1.4787034888152996e-07,0.0003999200213269355,0.25925925925925924,0.26851851851851855,1.0,1.6629180349708687e-06,1.261074245854449e-06,0.01319331686629072
2021-10-04,2020-01-08,3.7987610374470593e-06,3.4833527688102706e-06,0.005958640028040659,2021-09-29,241,22172,104,0.01,2.8349690358971434e-06,2.6548662514567403e-06,2.8349690358971434e-06,2.6548662514567403e-06,0.0016837366290180728,0.001629376031325102,0.032285689315123434,1.8010278444040305e-07,0.0003999200213269354,0.1346153846153846,0.10576923076923077,1.0,2.1896217454737376e-07,4.061171329257299e-07,0.013038365880619015
2021-10-06,2020-01-08,2.215172640508831e-06,1.6394786022468504e-06,0.006023669477712425,2021-10-01,242,22280,57,0.01,1.1951179703122595e-06,8.851086282113054e-07,1.1951179703122595e-06,8.851086282113054e-07,0.0010932145124870323,0.0009408021195827024,0.1394167303520295,3.1000934210095415e-07,0.00039992002132693534,0.24561403508771928,0.19298245614035087,1.0,1.3863277618009527e-07,1.0379686938877634e-07,0.013072685292080348
2021-10-08,2020-01-08,1.4208026326911766e-06,2.044153882876572e-06,0.005932025961337146,2021-10-04,243,22384,55,100.0,1.4208026326911766e-06,2.044153882876572e-06,1.4208026326911766e-06,2.044153882876572e-06,0.0011919742584012361,0.0014297390960859159,-0.1994714533546953,-6.233512501853954e-07,0.0004998750416510478,0.23636363636363636,0.3090909090909091,1.0,,,
2021-10-11,2020-01-08,2.7823586572117384e-06,2.558812432147522e-06,0.005948215535339398,2021-10-06,244,22441,102,100.0,2.279100004259688e-06,2.1083031368833335e-06,2.279100004259688e-06,2.1083031368833335e-06,0.0015096688392689597,0.0014519997027834866,0.03819985879379928,1.707968673763544e-07,0.0004998750416510478,0.3137254901960784,0.22549019607843138,1.0,8.065430978493904e-08,1.4028884704503517e-07,0.012930571415520944
2021-10-15,2020-01-08,3.0988502560791663e-06,3.6929440252624343e-06,0.0059126321647189764,2021-10-08,245,22496,119,0.01,2.537152481029709e-06,2.942843018458249e-06,2.537152481029709e-06,2.942843018458249e-06,0.0015928441483804086,0.001715471660639793,-0.07698651018938119,-4.0569053742853987e-07,0.0004998750416510477,0.10084033613445378,0.12605042016806722,1.0,1.242127055221238e-06,1.2134434749930454e-06,0.01279498305084746
2021-10-18,2020-01-08,6.073423305458061e-07,2.6564836222010764e-07,0.005868544600938968,2021-10-11,246,22598,127,0.01,4.449872775815996e-07,1.9704633952144938e-07,4.449872775815996e-07,1.9704633952144938e-07,0.0006670736672824071,0.0004438990195094481,0.3345577238600209,2.479409380601502e-07,0.0004998750416510478,0.6220472440944882,0.3937007874015748,1.0,6.473465353385266e-08,3.6373181095644604e-08,0.01269827528203288
2021-10-20,2020-01-08,5.921555157662264e-07,3.352083666011754e-07,0.00571390158644797,2021-10-15,247,22717,63,100.0,4.3800698182799413e-07,3.44140649909235e-07,4.3800698182799413e-07,3.44140649909235e-07,0.0006618209590425451,0.000586635022743473,0.11360464680333393,9.386633191875913e-08,0.000499875041651048,0.19047619047619047,0.25396825396825395,1.0,3.146881546774085e-07,3.512864765556827e-07,0.012563864725723415
2021-10-22,2020-01-08,4.254217501501942e-07,3.930262326341567e-07,0.005686379448755686,2021-10-18,248,22844,134,100.0,3.5524409567539223e-07,3.318382211770837e-07,3.5524409567539223e-07,3.318382211770837e-07,0.0005960235697314262,0.0005760540089063557,0.03350464954610599,2.3405874498308514e-08,0.0005998200719676154,0.23134328358208955,0.2537313432835821,1.0,1.6420492516065348e-07,1.6527085665505185e-07,0.012482153486628894
2021-10-25,2020-01-08,2.8429530347076183e-07,1.2431165926666412e-07,0.005716591566346089,2021-10-20,249,22907,132,0.01,2.2369297666639005e-07,1.0768327215484913e-07,2.2369297666639005e-07,1.0768327215484913e-07,0.000472961918833208,0.0003281512946109601,0.3061781899470769,1.1600970451154092e-07,0.0005998200719676154,0.5,0.36363636363636365,1.0,5.573795666570259e-08,6.159888501639042e-08,0.01249510063559322
2021-10-27,2020-01-08,7.279927551242247e-07,6.708306010715585e-07,0.005692472542191267,2021-10-22,250,23041,67,0.01,6.997917635321553e-07,5.877359154849669e-07,6.997917635321553e-07,5.877359154849669e-07,0.0008365355721857591,0.000766639364685226,0.08355437571877944,1.120558480471884e-07,0.0005998200719676154,0.3582089552238806,0.31343283582089554,1.0,6.72420212869264e-07,5.070851912391573e-07,0.012417273445039042
2021-10-29,2020-01-10,6.986852347206949e-06,8.226133082699556e-06,0.0055712132136068685,2021-10-25,250,23139,116,0.01,4.9159156719201e-06,5.7796153914209865e-06,4.9159156719201e-06,5.7796153914209865e-06,0.002217186431475734,0.002404083066664084,-0.08429450610698241,-8.636997195008864e-07,0.0005998200719676153,0.3103448275862069,0.31896551724137934,1.0,1.2317650911339514e-07,1.1767444874772434e-07,0.012353333915168444
2021-11-01,2020-01-13,2.2523257607303286e-07,4.7615681829798137e-07,0.005674232309746329,2021-10-27,250,23170,79,0.01,2.2523257607303286e-07,4.7615681829798137e-07,2.2523257607303286e-07,4.7615681829798137e-07,0.00047458674241178806,0.0006900411714513717,-0.4539832443373202,-2.509242422249485e-07,0.0004998750416510478,0.45569620253164556,0.5949367088607594,1.0,,,
2021-11-03,2020-01-17,5.746373266276345e-07,5.73872064405334e-07,0.005665911211838423,2021-10-29,250,23216,63,0.01,3.3002535888854015e-07,4.0610652407395706e-07,3.3002535888854015e-07,4.0610652407395706e-07,0.0005744783363091598,0.0006372648774834191,-0.10929313989043132,-7.608116518541691e-08,0.000499875041651048,0.31746031746031744,0.3968253968253968,1.0,1.2138573934637137e-07,2.630123867324885e-07,0.012257588222558999
2021-11-05,2020-01-22,4.4720957910789813e-07,3.2562432599573757e-07,0.0056306306306306295,2021-11-01,250,23231,78,0.01,7.112525971846402e-07,5.217897497293815e-07,7.112525971846402e-07,5.217897497293815e-07,0.0008433579294609379,0.0007223501572848043,0.1434832921455781,1.8946284745525878e-07,0.0003999200213269353,0.5128205128205128,0.3717948717948718,1.0,1.090814435669957e-06,8.037775463464946e-07,0.012126062838662697
2021-11-08,2020-01-24,5.038629942791305e-07,4.889506164683894e-07,0.005717874140666315,2021-11-03,250,23255,100,0.01,4.417962209917301e-07,3.8899714812986284e-07,4.417962209917301e-07,3.8899714812986284e-07,0.0006646775315833462,0.0006236963589198375,0.06165572133284891,5.2799072861867265e-08,0.0004998750416510478,0.32,0.36,1.0,3.21313661080894e-07,1.9496982723742888e-07,0.012084135487588844
2021-11-10,2020-01-27,5.062698324732222e-07,3.8110024112623503e-07,0.005735693919501358,2021-11-05,250,23251,60,0.01,2.424058115198342e-07,1.986218345136141e-07,2.424058115198342e-07,1.986218345136141e-07,0.0004923472468896664,0.00044567009605044636,0.09480534548349018,4.378397700622009e-08,0.00039992002132693534,0.4666666666666667,0.45,1.0,2.651706710342583e-08,4.932132001237877e-08,0.012113868800547736
2021-11-12,2020-01-29,1.0774992296036047e-06,1.8980746598135728e-06,0.005849732873469939,2021-11-08,250,23273,77,0.01,7.999964653492641e-07,1.2910753524139977e-06,7.999964653492641e-07,1.2910753524139977e-06,0.0008944252150679027,0.0011362549680481039,-0.27037448062311387,-4.910788870647336e-07,0.0004998750416510478,0.22077922077922077,0.3116883116883117,1.0,4.6699314824405625e-07,5.626761835345076e-07,0.012208163529335665
2021-11-15,2020-01-31,4.391308272967914e-07,3.851905466298584e-07,0.005767051136742449,2021-11-10,250,23296,100,100.0,3.2779276283524046e-07,3.001968297358986e-07,3.2779276283524046e-07,3.001968297358986e-07,0.000572531888050998,0.0005479022081867334,0.04301887873548571,2.759593309934185e-08,0.0004998750416510478,0.49,0.49,1.0,1.2102207169236015e-07,1.4235135550425874e-07,0.012116720525606183
2021-11-19,2020-02-03,2.7336594143643696e-06,1.97142776105994e-06,0.005479191740039272,2021-11-12,250,23320,113,0.01,1.9269641059892655e-06,1.3918969779347033e-06,1.9269641059892655e-06,1.3918969779347033e-06,0.001388151326761339,0.0011797868358032748,0.15010214444284975,5.350671280545622e-07,0.0004998750416510477,0.336283185840708,0.30973451327433627,1.0,2.6996833743499666e-07,2.015094234071905e-07,0.012053264641389732
2021-11-22,2020-02-05,1.7492717555296332e-06,1.1525739186395186e-06,0.005387729679227653,2021-11-15,250,23350,128,0.01,1.3114381732771406e-06,8.539873910245017e-07,1.3114381732771406e-06,8.539873910245017e-07,0.0011451804107987268,0.0009241143820028459,0.193040351294251,4.5745078225263895e-07,0.0004998750416510477,0.3671875,0.3046875,1.0,1.9253012974299365e-07,9.0932931563903e-08,0.012074857642517435
2021-11-24,2020-02-07,2.5586021380149864e-06,2.5099562441333994e-06,0.005359023604485473,2021-11-19,250,23426,72,0.01,1.3210773393189852e-06,1.3458880046501812e-06,1.3210773393189852e-06,1.3458880046501812e-06,0.001149381285439686,0.0011601241332935804,-0.009346635437677886,-2.4810665331196022e-08,0.0005998200719676155,0.3055555555555556,0.2916666666666667,1.0,1.5044577298493022e-07,2.4474237270659603e-07,0.012092910997671888
2021-11-26,2020-02-10,1.0141292064051107e-05,1.0293719946676033e-05,0.005341484500432259,2021-11-22,250,23503,82,0.01,1.6292224720558428e-05,1.6281320565684544e-05,1.6292224720558428e-05,1.6281320565684544e-05,0.004036362808340998,0.004035011842074884,0.000334698918373455,1.0904154873883686e-08,0.0005998200719676154,0.24390243902439024,0.21951219512195122,1.0,2.6411501026425313e-05,2.6131889325988873e-05,0.012060710633946828
2021-11-29,2020-02-12,6.534739310735645e-06,6.130427724358593e-06,0.005516229832281104,2021-11-24,250,23498,115,0.01,8.347904177048136e-06,7.251770539683932e-06,8.347904177048136e-06,7.251770539683932e-06,0.002889273987881408,0.0026929111644619715,0.06796268690440876,1.0961336373642033e-06,0.0005998200719676153,0.25217391304347825,0.2608695652173913,1.0,1.2326793744789428e-05,9.712495051092316e-06,0.012335838943721813
2021-12-01,2020-02-14,1.9447839451291172e-05,1.9088702833677573e-05,0.005232909860859044,2021-11-26,250,23563,72,0.01,1.089863544935309e-05,1.1199007837318031e-05,1.089863544935309e-05,1.1199007837318031e-05,0.003301308142138975,0.0033464918702004985,-0.013686613341173492,-3.0037238796494206e-07,0.000499875041651048,0.2222222222222222,0.20833333333333334,1.0,3.6646936015593287e-06,4.523112071167649e-06,0.012428176310475015
2021-12-03,2020-02-21,9.597336266370877e-07,7.176850807533467e-07,0.0052821201758671225,2021-11-29,250,23648,137,0.01,1.6167237497248245e-06,1.587698855328102e-06,1.6167237497248245e-06,1.587698855328102e-06,0.0012715045221016025,0.0012600392276941627,0.009017108636380944,2.9024894396722435e-08,0.000499875041651048,0.4744525547445255,0.41605839416058393,1.0,3.267622007740162e-06,3.773887314515949e-06,0.012378181023174463
2021-12-08,2020-02-24,8.329054124461065e-07,6.499515376329428e-07,0.005053160415936442,2021-12-01,250,23648,68,0.01,6.258151342465018e-06,5.163977358019314e-06,6.258151342465018e-06,5.163977358019314e-06,0.0025016297372842805,0.002272438636799532,0.09161671572290864,1.0941739844457038e-06,0.0005998200719676154,0.27941176470588236,0.23529411764705882,1.0,1.1683397272483929e-05,9.678003178405684e-06,0.012090586828393271
2021-12-10,2020-02-26,2.4591961724074324e-06,2.4071828605246205e-06,0.004955316223648029,2021-12-03,250,23712,71,0.01,2.4591961724074324e-06,2.4071828605246205e-06,2.4591961724074324e-06,2.4071828605246205e-06,0.00156818244232214,0.0015515098647848234,0.010631784343043793,5.2013311882811825e-08,0.0005998200719676153,0.5633802816901409,0.5352112676056338,1.0,,,
2021-12-13,2020-02-28,6.836637346832846e-06,6.676665858982477e-06,0.0048202842017274995,2021-12-08,250,23741,99,0.01,4.832850187715644e-06,4.702900671700373e-06,4.832850187715644e-06,4.702900671700373e-06,0.0021983744421084513,0.0021686172257225048,0.013536009069231358,1.29949516015271e-07,0.0005998200719676153,0.46464646464646464,0.41414141414141414,1.0,2.2413972174607802e-07,1.6324074095153655e-07,0.012027403662318905
2021-12-17,2020-03-02,3.4442053608649044e-06,4.530303891754549e-06,0.005021479159410195,2021-12-10,250,23750,108,1.0,4.025282855360102e-06,4.7569710117494144e-06,4.025282855360102e-06,4.7569710117494144e-06,0.0020063107574252058,0.0021810481452158303,-0.08709387972124194,-7.316881563893124e-07,0.0004998750416510477,0.5185185185185185,0.5462962962962963,1.0,5.7685153388456975e-06,5.436972371734016e-06,0.012138021224139777
2021-12-20,2020-03-04,1.18823690270638e-06,1.1010833807021355e-06,0.00505434147481594,2021-12-13,250,23789,123,100.0,9.233265566738232e-07,9.15516778637383e-07,9.233265566738232e-07,9.15516778637383e-07,0.0009608988274911272,0.0009568264098766207,0.004238133607821548,7.809778036440155e-09,0.0004998750416510477,0.5203252032520326,0.5934959349593496,1.0,2.0084379476684994e-07,4.0942604573351235e-07,0.012434407549959772
2021-12-22,2020-03-06,4.079045475433973e-06,3.406610775800173e-06,0.005000289034048209,2021-12-17,250,23859,66,0.01,2.7506999148900373e-06,2.6125674111455264e-06,2.7506999148900373e-06,2.6125674111455264e-06,0.0016585234140312996,0.0016163438406309241,0.025432003578322315,1.381325037445109e-07,0.0006997551142733422,0.10606060606060606,0.18181818181818182,1.0,1.2509549271791433e-06,1.7160668381483457e-06,0.01234874746253185
2021-12-27,2020-03-09,5.180346606461675e-07,4.935698092196445e-07,0.004906966190152031,2021-12-20,250,23946,118,0.01,4.841764900101632e-07,4.4630491684670405e-07,4.841764900101632e-07,4.4630491684670405e-07,0.0006958279169522901,0.0006680605637565385,0.03990548887054146,3.78715731634592e-08,0.0006997551142733419,0.3305084745762712,0.2457627118644068,1.0,3.643706554519947e-07,2.790599130655302e-07,0.01215089460263493
2021-12-29,2020-03-13,6.874159650024635e-07,7.229468227346633e-07,0.004824585866473312,2021-12-22,250,23948,66,100.0,6.206595256370509e-07,8.515772215821752e-07,6.206595256370509e-07,8.515772215821752e-07,0.0007878194752841865,0.0009228094178009754,-0.17134628776230065,-2.3091769594512424e-07,0.0005998200719676154,0.30303030303030304,0.24242424242424243,1.0,5.179573112287237e-07,1.0494701428860396e-06,0.011991131754985635
2021-12-31,2020-03-16,2.132091620678506e-06,1.8206171565091095e-06,0.004854096520763187,2021-12-27,250,24045,96,100.0,1.6723802140699023e-06,1.5213769122373046e-06,1.6723802140699023e-06,1.5213769122373046e-06,0.0012932054028923256,0.001233441085839654,0.046214094774894465,1.5100330183259773e-07,0.0004998750416510478,0.3958333333333333,0.375,1.0,3.667998193014689e-07,6.715346185053789e-07,0.01200901167674731
2022-01-03,2020-03-18,1.35314717241869e-06,1.3581428790796107e-06,0.004871318353325449,2021-12-29,250,24098,99,100.0,1.0829939057954724e-06,1.1089332879471188e-06,1.0829939057954724e-06,1.1089332879471188e-06,0.0010406699312440388,0.0010530590144655326,-0.011904911297555776,-2.5939382151646387e-08,0.0005998200719676153,0.29292929292929293,0.2727272727272727,1.0,2.8334023659074873e-07,3.7127289819494277e-07,0.012039352787603168
2022-01-05,2020-03-20,4.448415676078443e-06,5.136157712580534e-06,0.004813578185865332,2021-12-31,250,24152,49,100.0,2.655806065561872e-06,2.963325869280314e-06,2.655806065561872e-06,2.963325869280314e-06,0.0016296644027412122,0.0017214313431793654,-0.056310330080104,-3.075198037184419e-07,0.0007996801705643321,0.32653061224489793,0.30612244897959184,1.0,7.885043879404441e-07,6.99959365842584e-07,0.01197405716678882
2022-01-07,2020-03-23,3.153526803126557e-06,3.3201840884832953e-06,0.00502906976744186,2022-01-03,250,24161,46,100.0,3.153526803126557e-06,3.3201840884832953e-06,3.153526803126557e-06,3.3201840884832953e-06,0.001775817221204524,0.0018221372309689783,-0.026083771016160995,-1.6665728535673807e-07,0.0009995003330835331,0.45652173913043476,0.45652173913043476,1.0,,,
2022-01-10,2020-03-25,3.5360374937286762e-06,3.2264240282439384e-06,0.0050241040831736075,2022-01-05,250,24128,101,100.0,2.561549623595958e-06,2.3644892708469095e-06,2.561549623595958e-06,2.3644892708469095e-06,0.001600484184113032,0.0015376895885863666,0.0392347491777717,1.9706035274904855e-07,0.0009995003330835331,0.5742574257425742,0.504950495049505,1.0,2.0920533607084755e-08,1.1730222477608341e-07,0.012268469608873827
2022-01-14,2020-03-27,1.9845364768491886e-06,1.6869199264532558e-06,0.005023520529647483,2022-01-07,250,24133,50,0.01,1.9845364768491886e-06,1.6869199264532558e-06,1.9845364768491886e-06,1.6869199264532558e-06,0.0014087357725454368,0.001298814816073968,0.07802808632654601,2.9761655039593287e-07,0.0011992805754820971,0.74,0.5,1.0,,,
2022-01-21,2020-03-30,4.569403833182979e-06,2.426795273869267e-06,0.0052580390249832845,2022-01-10,250,24112,124,0.01,3.5051834627562868e-06,1.947723919281679e-06,3.5051834627562868e-06,1.947723919281679e-06,0.0018722135195421185,0.001395608798797743,0.25456750299556496,1.5574595434746076e-06,0.0016985566355814765,0.4435483870967742,0.3870967741935484,1.0,1.5004892766036788e-06,1.0452871815701772e-06,0.012799576944599888
2022-01-24,2020-04-01,7.599337480781951e-06,6.387981173825706e-06,0.0053260267224924576,2022-01-14,250,24004,104,100.0,4.937963959653697e-06,3.814913834987638e-06,4.937963959653697e-06,3.814913834987638e-06,0.0022221530009550864,0.001953180440969968,0.12104142238158822,1.1230501246660587e-06,0.001698556635581477,0.5961538461538461,0.5865384615384616,1.0,1.5823190851876375e-06,5.706115381918142e-07,0.013055872414265497
2022-01-26,2020-04-03,6.069423508792831e-06,5.3589487010539145e-06,0.005413693829014898,2022-01-21,250,24041,74,100.0,4.721194137629158e-06,5.598130904912011e-06,4.721194137629158e-06,5.598130904912011e-06,0.0021728309040579203,0.0023660369618651376,-0.08891904908310666,-8.769367672828523e-07,0.0018981972830802523,0.40540540540540543,0.22972972972972974,1.0,3.8523352095459005e-06,5.752270547398339e-06,0.013161348309434485
2022-01-28,2020-04-06,1.837768567043531e-05,2.5265319660281714e-05,0.005432734581082781,2022-01-24,250,24075,77,100.0,1.837768567043531e-05,2.5265319660281714e-05,1.837768567043531e-05,2.5265319660281714e-05,0.004286920301385985,0.00502646194258762,-0.17251117100603364,-6.887633989846404e-06,0.001998002662673056,0.11688311688311688,0.12987012987012986,1.0,,,
2022-01-31,2020-04-08,5.378205885096772e-06,1.1273893258009429e-05,0.005078377267656903,2022-01-26,250,24042,99,100.0,3.4324730282532126e-06,8.827944063039312e-06,3.4324730282532126e-06,8.827944063039312e-06,0.0018526934523156314,0.002971185632544576,-0.6037114120692615,-5.395471034786099e-06,0.0018981972830802519,0.2727272727272727,0.46464646464646464,1.0,4.390378638785065e-07,5.064945301546823e-06,0.012938592600972961
2022-02-02,2020-04-13,3.2918254092109274e-06,7.569646351524528e-06,0.0049538972567436,2022-01-28,250,24050,69,100.0,4.520936666788568e-06,8.005840180465177e-06,4.520936666788568e-06,8.005840180465177e-06,0.002126249436634509,0.002829459344197258,-0.3307278513267051,-3.484903513676609e-06,0.0018981972830802525,0.17391304347826086,0.13043478260869565,1.0,5.647621986234739e-06,8.405684523660768e-06,0.012624375758913788
2022-02-04,2020-04-17,1.3948876906995518e-06,1.0671903966391743e-06,0.005002891844997108,2022-01-31,250,24083,87,100.0,3.807533161553287e-06,3.9717792120380676e-06,3.807533161553287e-06,3.9717792120380676e-06,0.001951290127467796,0.001992932314966584,-0.021340848760828424,-1.642460504847807e-07,0.001998002662673056,0.27586206896551724,0.2988505747126437,1.0,7.392035003964552e-06,8.287168309202139e-06,0.012803875951634573
2022-02-07,2020-04-20,7.11562948433905e-07,2.2273294524823086e-06,0.005104704449213995,2022-02-02,250,23989,109,100.0,9.416277920999707e-07,2.5318198382500456e-06,9.416277920999707e-07,2.5318198382500456e-06,0.0009703750780497048,0.0015911693304768181,-0.6397466984362461,-1.590192046150075e-06,0.0022973590486834905,0.3394495412844037,0.5321100917431193,1.0,1.371485789476041e-06,3.100736085342395e-06,0.012743951415199465
2022-02-09,2020-04-22,,,,2022-02-04,250,23913,36,100.0,8.615685674561719e-07,3.5107812892502996e-06,8.615685674561719e-07,3.5107812892502996e-06,0.0009282071791664681,0.0018737078985931344,-1.0186311209914662,-2.649212721794128e-06,0.0024968801985871987,0.25,0.3888888888888889,1.0,8.615685674561719e-07,3.5107812892502996e-06,0.012680647092739614
2022-02-11,2020-04-24,9.167669309169019e-06,2.570407162481302e-06,0.005112712061352546,2022-02-07,250,23930,65,100.0,9.167669309169019e-06,2.570407162481302e-06,9.167669309169019e-06,2.570407162481302e-06,0.0030278159305296313,0.0016032489396476462,0.47049326100639055,6.597262146687717e-06,0.003992021269537453,0.46153846153846156,0.2,1.0,,,
2022-02-14,2020-04-27,9.850259915674081e-07,6.5950224874515544e-06,0.005218216318785581,2022-02-09,250,23804,104,100.0,6.386316091053388e-07,5.183946236245746e-06,6.386316091053388e-07,5.183946236245746e-06,0.0007991442980496944,0.002276828108629579,-1.8490825927009187,-4.545314627140408e-06,0.0035935355101301696,0.5096153846153846,0.75,1.0,1.8447008543284773e-07,3.3338684846647976e-06,0.012982361621940695
2022-02-16,2020-04-29,6.7048041116603705e-06,3.501290419559188e-05,0.005092887319868048,2022-02-11,250,23715,71,100.0,5.141973575089142e-06,2.5447363259075756e-05,5.141973575089142e-06,2.5447363259075756e-05,0.0022675920213056718,0.005044537962893703,-1.2246232635750216,-2.0305389683986613e-05,0.003992021269537454,0.1267605633802817,0.19718309859154928,1.0,3.8596510835435175e-06,1.7598714285524062e-05,0.012818226854965253
2022-02-23,2020-05-01,6.460622243926053e-06,2.9940078413453684e-06,0.005355404089581305,2022-02-14,250,23781,63,100.0,3.833440970774199e-06,1.5069866638073083e-06,3.833440970774199e-06,1.5069866638073083e-06,0.0019579175086745096,0.0012275938513235183,0.37301043282738355,2.3264543069668904e-06,0.003693171837617572,0.5079365079365079,0.3333333333333333,1.0,2.1050322384374536e-06,5.286832575322687e-07,0.013311476592871945
2022-02-25,2020-05-04,6.9414574013480495e-06,9.343355962727793e-06,0.0054073983040432575,2022-02-16,250,23769,114,100.0,4.898021799360612e-06,6.6519516924460845e-06,4.898021799360612e-06,6.6519516924460845e-06,0.0022131474870330293,0.002579137780818637,-0.16537094609824599,-1.7539298930854726e-06,0.0031948908965191976,0.14912280701754385,0.2719298245614035,1.0,6.454666276570258e-07,1.0509211840219902e-06,0.01335094793369134
2022-02-28,2020-05-06,2.1943629429189365e-06,1.0870747104407139e-06,0.0053381862299059744,2022-02-23,250,23702,109,100.0,1.8757818103272486e-06,9.43696190632115e-07,1.8757818103272486e-06,9.43696190632115e-07,0.0013695918407785762,0.0009714402661163038,0.29070819700264416,9.320856196951336e-07,0.003294566949430031,0.6605504587155964,0.5045871559633027,1.0,1.3474033465166449e-06,7.058976699739509e-07,0.013062732153055399
2022-03-02,2020-05-08,1.1022938891304024e-06,7.147103179836974e-07,0.0053921568627451,2022-02-25,250,23738,75,0.01,9.450283004411404e-07,8.593509035133807e-07,9.450283004411404e-07,8.593509035133807e-07,0.0009721256608284447,0.0009270118141174796,0.04640742295859068,8.567739692775967e-08,0.0031948908965191976,0.38666666666666666,0.4266666666666667,1.0,8.074209103380364e-07,9.85911415851853e-07,0.013298783664356481
2022-03-04,2020-05-11,2.035267003932031e-06,1.4127046599977621e-06,0.005293869939240811,2022-02-28,250,23763,60,0.01,2.035267003932031e-06,1.4127046599977621e-06,2.035267003932031e-06,1.4127046599977621e-06,0.0014266278435289392,0.0011885725303900313,0.16686574162890921,6.225623439342689e-07,0.0037927982386962373,0.55,0.38333333333333336,1.0,,,
2022-03-07,2020-05-13,4.311887507943256e-06,4.023473641811312e-06,0.0053931482502911085,2022-03-02,250,23729,115,100.0,3.461922916032353e-06,3.372060010948539e-06,3.461922916032353e-06,3.372060010948539e-06,0.0018606243350102547,0.0018363169690847328,0.013064091159158187,8.986290508381369e-08,0.003394233068015548,0.45217391304347826,0.41739130434782606,1.0,1.8682393061994125e-06,2.1506594530808406e-06,0.013231392738968461
2022-03-09,2020-05-15,8.97423471800579e-06,1.0789116026325208e-05,0.005589430894308943,2022-03-04,250,23749,67,100.0,4.410033267465133e-06,5.091770410076452e-06,4.410033267465133e-06,5.091770410076452e-06,0.0021000079208100936,0.002256495160658771,-0.07451745219528072,-6.81737142611319e-07,0.00359353551013017,0.43283582089552236,0.4626865671641791,1.0,1.5156616159027636e-06,1.4788195314796804e-06,0.013737443843843842
2022-03-11,2020-05-18,2.1479057582008003e-06,2.1159775614531478e-06,0.005551349987383296,2022-03-07,250,23786,56,100.0,2.1479057582008003e-06,2.1159775614531478e-06,2.1479057582008003e-06,2.1159775614531478e-06,0.001465573525347944,0.001454640010948808,0.007460229193578138,3.1928196747652546e-08,0.0038924147153438396,0.3392857142857143,0.3392857142857143,1.0,,,
2022-03-14,2020-05-20,3.504468380246304e-06,3.4213583325746848e-06,0.005687326310347058,2022-03-09,250,23752,127,100.0,2.6173834146530924e-06,2.5285817640057837e-06,2.6173834146530924e-06,2.5285817640057837e-06,0.001617832937806958,0.0015901514908982048,0.017110201097943145,8.880165064730867e-08,0.003992021269537453,0.5275590551181102,0.4251968503937008,1.0,7.566686087746461e-07,6.55928473836869e-07,0.013612519342014429
2022-03-18,2020-05-22,2.421755608001595e-06,7.137737863455899e-06,0.005478769767152286,2022-03-11,250,23727,116,0.01,3.3696212498988733e-06,7.671499378899389e-06,3.3696212498988733e-06,7.671499378899389e-06,0.0018356528130065537,0.0027697471687681873,-0.5088622146536044,-4.301878129000516e-06,0.003992021269537453,0.22413793103448276,0.29310344827586204,1.0,5.753646955276872e-06,9.01399046319665e-06,0.012964407010225136
2022-03-21,2020-05-27,1.5699417186305198e-06,1.2564295754651206e-06,0.005366508110745212,2022-03-14,250,23720,145,0.01,1.188924234919533e-06,1.3695860589011224e-06,1.188924234919533e-06,1.3695860589011224e-06,0.0010903780238612354,0.0011702931508391914,-0.07329121206511613,-1.8066182398158935e-07,0.0041912046184680715,0.21379310344827587,0.27586206896551724,1.0,7.676509327665228e-08,1.6998806592008034e-06,0.013062251417259068
2022-03-23,2020-05-29,1.7394360692615455e-06,7.343463428938298e-07,0.005212652529321173,2022-03-18,250,23759,74,100.0,1.0739076571242808e-06,1.6074344759539671e-06,1.0739076571242808e-06,1.6074344759539671e-06,0.0010362951592689609,0.0012678463928859707,-0.22344139268232643,-5.335268188296863e-07,0.005087039048557105,0.36486486486486486,0.25675675675675674,1.0,3.7140544431272393e-07,2.5290275052952236e-06,0.012914949175915838
2022-03-25,2020-06-01,2.0055528177266477e-06,4.888831011001333e-06,0.005055437467685416,2022-03-21,250,23833,98,100.0,1.4296813602198e-06,3.840318006815549e-06,1.4296813602198e-06,3.840318006815549e-06,0.001195692836902438,0.0019596729336334544,-0.6389434419546942,-2.410636646595749e-06,0.00518652668730006,0.21428571428571427,0.47959183673469385,1.0,1.2437272320427825e-07,1.4636885306611073e-06,0.012889147372860666
2022-03-28,2020-06-03,1.7863664439037461e-06,1.3526985651902755e-06,0.005036630036630038,2022-03-23,250,23838,127,100.0,1.4070514831087534e-06,1.2437054271181596e-06,1.4070514831087534e-06,1.2437054271181596e-06,0.0011861920093765399,0.001115215417360323,0.05983566863978618,1.633460559905939e-07,0.005484930230569689,0.49606299212598426,0.47244094488188976,1.0,1.8059977653827707e-07,8.91294280684984e-07,0.012826508206498933
2022-03-30,2020-06-05,1.9418806435077016e-06,2.9594819515262985e-06,0.004917299955297273,2022-03-25,250,23868,69,100.0,1.1818144144126402e-06,1.733081508660424e-06,1.1818144144126402e-06,1.733081508660424e-06,0.0010871128802533065,0.0013164655364499385,-0.21097409511254317,-5.512670942477838e-07,0.005484930230569686,0.4057971014492754,0.43478260869565216,1.0,1.937283165890607e-07,1.3876093293478762e-07,0.012580288159462676
2022-04-01,2020-06-08,2.243521242966054e-06,3.327173223801051e-06,0.005039802989519501,2022-03-28,250,23977,111,100.0,2.4126818198299174e-06,3.508368006514815e-06,2.4126818198299174e-06,3.508368006514815e-06,0.001553280985472338,0.0018730638020406072,-0.20587570411223832,-1.0956861866848977e-06,0.005186526687300058,0.32432432432432434,0.36036036036036034,1.0,2.9389591700730486e-06,4.072085108290976e-06,0.012856328048888492
2022-04-04,2020-06-09,1.7077040144342424e-06,1.5156804209527108e-06,0.005048476851586255,2022-03-30,250,24006,115,100.0,1.4081926085012887e-06,1.3782257162182729e-06,1.4081926085012887e-06,1.3782257162182729e-06,0.0011866729155505693,0.0011739785842247179,0.010697413886759044,2.9966892283015835e-08,0.005286004429237355,0.45217391304347826,0.34782608695652173,1.0,4.320072854605515e-07,9.30225197083808e-07,0.012819994701050956
2022-04-06,2020-06-10,3.4600606043600796e-06,2.7611636640490934e-06,0.00502684793784988,2022-04-01,250,24070,53,0.01,1.928469032228292e-06,1.5147892291917874e-06,1.928469032228292e-06,1.5147892291917874e-06,0.0013886932822723282,0.001230767739742876,0.11372240691698143,4.1367980303650464e-07,0.006478966097709125,0.4339622641509434,0.41509433962264153,1.0,3.3797009193758984e-07,2.2047731607073837e-07,0.01287371571735805
2022-04-08,2020-06-12,3.989941874560523e-06,4.702834642807124e-06,0.005112118043453006,2022-04-04,250,24113,55,0.01,3.989941874560523e-06,4.702834642807124e-06,3.989941874560523e-06,4.702834642807124e-06,0.0019974838859326306,0.002168602001937452,-0.08566683176266321,-7.128927682466014e-07,0.006776984279023748,0.41818181818181815,0.38181818181818183,1.0,,,
2022-04-11,2020-06-15,2.8263610294852937e-06,2.2946257999109663e-06,0.005173731553883238,2022-04-06,250,24122,121,100.0,2.2495548605494963e-06,1.801504933503821e-06,2.2495548605494963e-06,1.801504933503821e-06,0.0014998516128435827,0.0013422015249223273,0.10511045664201746,4.4804992704567534e-07,0.006975613736425242,0.512396694214876,0.4049586776859504,1.0,4.196870142704145e-07,2.3712149524667004e-07,0.01297323770583373
2022-04-18,2020-06-19,6.393529404774099e-07,4.663394102750025e-07,0.00532397604210781,2022-04-08,250,24076,129,0.01,1.138685200109632e-06,9.97057282765544e-07,1.138685200109632e-06,9.97057282765544e-07,0.0010670919361093645,0.0009985275573390772,0.06425348786747864,1.4162791734408807e-07,0.007868958378695178,0.31007751937984496,0.3333333333333333,1.0,2.6522861121198044e-06,2.6057958337524974e-06,0.013263053061970351
2022-04-20,2020-06-22,5.767309335690137e-07,1.1446116443982422e-06,0.005256869772998805,2022-04-11,250,24057,68,100.0,3.424381456442614e-07,1.0243243305959356e-06,3.424381456442614e-07,1.0243243305959356e-06,0.0005851821474073362,0.0010120890922225847,-0.7295283130332499,-6.818861849516742e-07,0.008067371077758798,0.4264705882352941,0.5,1.0,1.0814535771950919e-07,9.040370167936294e-07,0.013046989034693512
2022-04-22,2020-06-24,1.8233482381876956e-05,1.5214180807824945e-05,0.005287825982454032,2022-04-18,250,24057,138,100.0,1.6930794128074266e-05,1.4374230733606034e-05,1.6930794128074266e-05,1.4374230733606034e-05,0.004114704622214609,0.0037913362728207102,0.07858847209787223,2.5565633944682315e-06,0.008265744417032617,0.2463768115942029,0.2463768115942029,1.0,1.2785876956883888e-05,1.1701662315636775e-05,0.013254878327169794
2022-04-25,2020-06-26,2.7937886764636085e-06,3.32864107707104e-06,0.00543914951480314,2022-04-20,250,24051,163,100.0,2.808296308058355e-06,3.2781775036954154e-06,2.808296308058355e-06,3.2781775036954154e-06,0.0016757972156732912,0.0018105738050947868,-0.08042535705452036,-4.6988119563706027e-07,0.008265744417032619,0.1656441717791411,0.19631901840490798,1.0,2.8529072752122047e-06,3.1230020155653706e-06,0.01362884236221951
2022-04-27,2020-06-29,3.507239680127389e-06,2.412026295925065e-06,0.005612244897959185,2022-04-22,250,24060,73,100.0,3.878362777489028e-06,2.6080571727391745e-06,3.878362777489028e-06,2.6080571727391745e-06,0.001969355929609736,0.0016149480402598637,0.1799613183281219,1.2703056047498532e-06,0.008265744417032619,0.2876712328767123,0.1917808219178082,1.0,4.2812964260530915e-06,2.82089069613735e-06,0.01395441480413362
2022-05-02,2020-07-01,1.3868954081201914e-05,1.470805650558707e-05,0.005581985410719949,2022-04-25,250,24091,98,100.0,1.3868954081201914e-05,1.470805650558707e-05,1.3868954081201914e-05,1.470805650558707e-05,0.003724104467009742,0.003835108408583396,-0.029806881777079797,-8.391024243851557e-07,0.008464078412129412,0.37755102040816324,0.37755102040816324,1.0,,,
2022-05-04,2020-07-06,1.3599191818964903e-05,1.6557882652967125e-05,0.005517933283170304,2022-04-27,250,24088,71,100.0,8.488024073775162e-06,1.2081369654418107e-05,8.488024073775162e-06,1.2081369654418107e-05,0.002913421369073681,0.003475826470699898,-0.193039396084691,-3.593345580642945e-06,0.009058844488346039,0.1267605633802817,0.2112676056338028,1.0,4.294245411055371e-06,8.408333347916348e-06,0.013945030981315148
2022-05-06,2020-07-08,5.252373141699099e-06,4.339496540860563e-06,0.005613318874784716,2022-05-02,250,24048,81,0.01,5.099435371410811e-06,4.20787323636376e-06,5.099435371410811e-06,4.20787323636376e-06,0.0022581929437961697,0.00205131012681256,0.09161432266094427,8.915621350470514e-07,0.008464078412129412,0.20987654320987653,0.19753086419753085,1.0,4.934733157254194e-06,4.06612506229028e-06,0.014031637708126916
2022-05-09,2020-07-10,4.668695193332709e-06,4.652883695867264e-06,0.005658697863682604,2022-05-04,250,24049,120,0.01,6.983426403039294e-06,6.942985838650088e-06,6.983426403039294e-06,6.942985838650088e-06,0.002642617339502504,0.0026349546179488723,0.0028996712611726316,4.044056438920554e-08,0.008464078412129412,0.375,0.35833333333333334,1.0,1.2384465892354657e-05,1.228655750514335e-05,0.014115894393932028
2022-05-11,2020-07-13,,,,2022-05-06,250,24058,40,0.01,5.136290999549943e-06,4.505578511855503e-06,5.136290999549943e-06,4.505578511855503e-06,0.002266338677150867,0.0021226348041656867,0.06340794270247296,6.307124876944406e-07,0.008860628432196557,0.15,0.15,1.0,5.136290999549943e-06,4.505578511855503e-06,0.014549179383096546
2022-05-13,2020-07-17,7.703798792002838e-06,7.634746101619894e-06,0.0062429854096520765,2022-05-09,250,24047,58,100.0,7.703798792002838e-06,7.634746101619894e-06,7.703798792002838e-06,7.634746101619894e-06,0.002775571795504998,0.002763104431906238,0.004491818089141342,6.905269038294446e-08,0.009554212804811654,0.4827586206896552,0.4827586206896552,1.0,,,
2022-05-16,2020-07-20,5.699705450498302e-07,7.504637858571198e-07,0.00604989463666644,2022-05-11,250,23923,63,0.01,5.699705450498302e-07,7.504637858571198e-07,5.699705450498302e-07,7.504637858571198e-07,0.0007549639362577727,0.0008662931292911885,-0.1474629286072333,-1.8049324080728958e-07,0.010247316451549525,0.47619047619047616,0.5555555555555556,1.0,,,
2022-05-18,2020-07-22,3.94279747525362e-06,2.170641771178585e-06,0.0059635486464754755,2022-05-13,250,23840,75,0.01,4.752979311961547e-06,3.3230448632919896e-06,4.752979311961547e-06,3.3230448632919896e-06,0.0021801328656670324,0.0018229220672568505,0.16384817826269948,1.4299344486695572e-06,0.010544213875671156,0.3333333333333333,0.36,1.0,5.355905329976748e-06,4.18064716439964e-06,0.014220297805642632
2022-05-20,2020-07-24,1.1590818507886305e-05,1.3369678939214518e-05,0.006479796141244994,2022-05-16,250,23822,134,0.01,8.896528726451787e-06,1.0614782220335412e-05,8.896528726451787e-06,1.0614782220335412e-05,0.002982704934527012,0.0032580334897504373,-0.09230834469621652,-1.7182534938836255e-06,0.010445257861538645,0.27611940298507465,0.30597014925373134,1.0,2.994751109976173e-06,4.580246550409755e-06,0.014908930313767785
2022-05-23,2020-07-27,4.178126750315733e-06,3.519479878914457e-06,0.006468493349807397,2022-05-18,250,23766,145,1.0,3.4366088150882047e-06,2.9226032173557487e-06,3.4366088150882047e-06,2.9226032173557487e-06,0.001853809271496991,0.0017095622882351343,0.07781112408903545,5.14005597732456e-07,0.010247316451549525,0.41379310344827586,0.31724137931034485,1.0,1.7887911812492524e-06,1.5962106361141772e-06,0.014902425377922645
2022-05-25,2020-07-29,1.1633751867918542e-06,1.324240487293606e-06,0.006340837845540039,2022-05-20,250,23768,75,100.0,1.9031373719040838e-06,1.9669517413251007e-06,1.9031373719040838e-06,1.9669517413251007e-06,0.0013795424502000958,0.0014024805671826975,-0.016627336824085903,-6.381436942101694e-08,0.010544213875671156,0.3333333333333333,0.32,1.0,2.516598696143494e-06,2.4999318056439014e-06,0.014741252633984108
2022-05-27,2020-07-31,4.140954179339977e-06,4.605388326661935e-06,0.006190012519126444,2022-05-23,250,23830,118,100.0,5.716074776605308e-06,5.692751979541063e-06,5.716074776605308e-06,5.692751979541063e-06,0.002390831398615408,0.0023859488635637315,0.002042191287308648,2.3322797064244757e-08,0.010643160098479827,0.2796610169491525,0.3305084745762712,1.0,9.032118139269161e-06,7.98193861718133e-06,0.014325903629320765
2022-06-01,2020-08-03,1.2373784627474801e-06,1.3520282818159567e-06,0.00597957538296157,2022-05-25,250,23833,72,100.0,2.0389838171328194e-06,2.1079369920983317e-06,2.0389838171328194e-06,2.1079369920983317e-06,0.0014279299062393853,0.0014518736143681143,-0.016768125679073043,-6.895317496551239e-08,0.011533235813673031,0.3333333333333333,0.375,1.0,2.717265270843491e-06,2.747552054644956e-06,0.014061540696970427
2022-06-03,2020-08-05,1.685117973607197e-06,1.6433915578909071e-06,0.0058858541101778974,2022-05-27,250,23814,62,0.01,1.685117973607197e-06,1.6433915578909071e-06,1.685117973607197e-06,1.6433915578909071e-06,0.0012981209395149578,0.001281948344470598,0.012458465580566513,4.172641571628998e-08,0.01163208422970765,0.46774193548387094,0.43548387096774194,1.0,,,
2022-06-06,2020-08-07,3.906278455584005e-06,3.7542164933302658e-06,0.006121887467327005,2022-06-01,250,23812,120,0.01,2.9598294786642627e-06,2.8564640623986946e-06,2.9598294786642627e-06,2.8564640623986946e-06,0.0017204154959381943,0.0016901077073366343,0.01761655174178267,1.0336541626556818e-07,0.012027380212718456,0.65,0.5916666666666667,1.0,9.174922126795524e-07,9.19208816704252e-07,0.014143401373800359
2022-06-08,2020-08-10,4.901175728105895e-06,5.510961106585928e-06,0.005984802636002959,2022-06-03,250,23760,60,0.01,1.8954354254553039e-06,2.1567574545013854e-06,1.8954354254553039e-06,2.1567574545013854e-06,0.001376748134356936,0.0014685902949772565,-0.06670948616408978,-2.6132202904608147e-07,0.012521280553671745,0.6,0.6166666666666667,1.0,2.7695987787421677e-07,3.506477956866315e-07,0.013966498292201859
2022-06-10,2020-08-12,3.682409232280947e-06,3.7967101475338413e-06,0.0062394840157038705,2022-06-06,250,23715,58,1.0,3.682409232280947e-06,3.7967101475338413e-06,3.682409232280947e-06,3.7967101475338413e-06,0.0019189604561535255,0.0019485148568932804,-0.015401255739785125,-1.1430091525289433e-07,0.01291622526654633,0.603448275862069,0.6551724137931034,1.0,,,
2022-06-13,2020-08-14,1.1536082343260671e-05,1.197812349760802e-05,0.006490191788813531,2022-06-08,250,23740,132,0.01,9.291243576038355e-06,9.757567922625145e-06,9.291243576038355e-06,9.757567922625145e-06,0.0030481541260307613,0.0031237106016123108,-0.024787616523819667,-4.663243465867898e-07,0.013804280976397052,0.2803030303030303,0.26515151515151514,1.0,4.951221959408541e-06,5.464493810991587e-06,0.014895926115956902
2022-06-17,2020-08-17,1.6654610095348305e-06,2.4556260123125685e-06,0.00684299554051976,2022-06-10,250,23721,127,0.01,4.7220469991981775e-06,5.204411632230889e-06,4.7220469991981775e-06,5.204411632230889e-06,0.0021730271510494704,0.00228131795947669,-0.0498340797881518,-4.823646330327113e-07,0.015774919115362215,0.33858267716535434,0.4330708661417323,1.0,1.1880893132883387e-05,1.1642356899934327e-05,0.015836443474703393
2022-06-22,2020-08-19,1.4672072950193867e-06,3.4334592602461235e-06,0.006550379038787076,2022-06-13,250,23776,72,100.0,6.924029771543533e-07,2.3944267470368697e-06,6.924029771543533e-07,2.3944267470368697e-06,0.0008321075514345206,0.0015473935333446594,-0.8596076080273687,-1.7020237698825165e-06,0.0168571170664229,0.2638888888888889,0.5138888888888888,1.0,1.389713215364724e-07,1.6522606661731175e-06,0.01601681819393713
2022-06-27,2020-08-21,3.444396081027113e-06,4.331634850437092e-06,0.006282648595228011,2022-06-17,250,23823,117,100.0,2.5612947511072823e-06,3.055578836248946e-06,2.5612947511072823e-06,3.055578836248946e-06,0.001600404558574888,0.001748021406118628,-0.0922372076190463,-4.942840851416636e-07,0.01715205881756557,0.39316239316239315,0.37606837606837606,1.0,7.950920912676182e-07,5.034668078726517e-07,0.015400502461033635
2022-06-29,2020-08-24,1.1345125204366245e-06,1.321294573563366e-06,0.006475552968568103,2022-06-22,250,23735,74,100.0,1.1294409368631742e-06,1.960719016047764e-06,1.1294409368631742e-06,1.960719016047764e-06,0.0010627515875608817,0.0014002567678992892,-0.317576735983067,-8.312780791845896e-07,0.0177416814761571,0.22972972972972974,0.2972972972972973,1.0,1.1251300908257416e-06,2.5042297921595024e-06,0.015782025482726916
2022-07-01,2020-08-26,2.087832909794576e-06,2.665143710467313e-06,0.006509654768870683,2022-06-27,250,23675,137,100.0,1.5865857979313015e-06,2.174875612929266e-06,1.5865857979313015e-06,2.174875612929266e-06,0.001259597474565308,0.0014747459486058154,-0.17080732407371335,-5.882898149979645e-07,0.017053754565827518,0.5109489051094891,0.5401459854014599,1.0,5.618139247886078e-07,1.17254972462926e-06,0.015924262425447314
2022-07-06,2020-08-28,2.040255522432066e-06,1.9662565431094525e-06,0.006287086747668835,2022-06-29,250,23664,67,0.01,1.7354934782478933e-06,1.5241502104462868e-06,1.7354934782478933e-06,1.5241502104462868e-06,0.001317381295695325,0.0012345647858440993,0.06286449498094215,2.113432678016065e-07,0.018821754240587765,0.208955223880597,0.22388059701492538,1.0,1.4883891180985639e-06,1.1656856163950717e-06,0.015727898209236573
2022-07-08,2020-08-31,5.0212659426810535e-06,5.3456979171355256e-06,0.006081311923471131,2022-07-01,250,23626,64,0.01,5.0212659426810535e-06,5.3456979171355256e-06,5.0212659426810535e-06,5.3456979171355256e-06,0.0022408181413673565,0.002312076537906028,-0.03180016942168695,-3.244319744544721e-07,0.019312311032372815,0.15625,0.15625,1.0,,,
2022-07-11,2020-09-02,5.0593923975395435e-06,4.232060432157064e-06,0.0060527747551686615,2022-07-06,250,23655,125,100.0,3.650741217622549e-06,3.052586619251467e-06,3.650741217622549e-06,3.052586619251467e-06,0.0019106912931247028,0.0017471653096520282,0.08558472216893176,5.981545983710816e-07,0.01960652963891832,0.48,0.424,1.0,1.6824246727219846e-07,1.3666524845707802e-07,0.01545637172923045
2022-07-15,2020-09-04,6.953795290294507e-06,9.601639893525727e-06,0.005994476998720277,2022-07-08,250,23639,137,0.01,5.291013043593253e-06,8.155308349941867e-06,5.291013043593253e-06,8.155308349941867e-06,0.002300220216325657,0.0028557500503268605,-0.24151158661173744,-2.8642953063486137e-06,0.023716526617316044,0.10218978102189781,0.058394160583941604,1.0,1.6560937135951608e-06,4.993560324432966e-06,0.015896451536080016
2022-07-18,2020-09-09,1.0201919626488312e-05,9.215960279018577e-06,0.005926616501298527,2022-07-11,250,23683,132,0.01,7.753421159169295e-06,7.250397749508717e-06,7.753421159169295e-06,7.250397749508717e-06,0.002784496571944253,0.0026926562627837807,0.032982733786001917,5.030234096605779e-07,0.023423514943588058,0.12121212121212122,0.16666666666666666,1.0,2.8564242245312558e-06,3.3192726904889934e-06,0.015598442084490948
2022-07-20,2020-09-11,4.539242774483814e-06,8.604494749701025e-06,0.005894039735099337,2022-07-15,250,23763,79,100.0,2.376210630829931e-06,3.990585260269931e-06,2.376210630829931e-06,3.990585260269931e-06,0.0015414962312084745,0.001997644928477013,-0.29591295005044227,-1.6143746294399997e-06,0.024887715507778987,0.27848101265822783,0.3291139240506329,1.0,6.556168801961608e-07,3.2042998458610605e-07,0.015314523160068321
2022-07-22,2020-09-14,8.9408309376023e-07,7.204309453807456e-07,0.0057289990344383665,2022-07-18,250,23806,158,100.0,9.41498212009152e-07,1.1455151601266992e-06,9.41498212009152e-07,1.1455151601266992e-06,0.0009703083077090251,0.001070287419400368,-0.1030384991007669,-2.0401694811754725e-07,0.024497471600387434,0.5506329113924051,0.45569620253164556,1.0,1.060562842278667e-06,2.212948854933204e-06,0.01506413902053713
2022-07-25,2020-09-18,2.1329026171890527e-06,1.8645146057011657e-06,0.005775845285222921,2022-07-20,250,23743,159,100.0,2.092771696504115e-06,1.951217895543318e-06,2.092771696504115e-06,1.951217895543318e-06,0.0014466415231508168,0.0013968600128657553,0.03441178031212333,1.4155380096079684e-07,0.024595046855380213,0.32075471698113206,0.31446540880503143,1.0,1.991106697435606e-06,2.1708662298101045e-06,0.015205214001872995
2022-07-27,2020-09-21,1.4123534913062365e-06,2.0347080914284496e-06,0.0058707124010554095,2022-07-22,250,23725,73,100.0,2.6108554316446137e-06,2.722876782079079e-06,2.6108554316446137e-06,2.722876782079079e-06,0.001615814169898449,0.001650114172437495,-0.021227690150286138,-1.1202135043446532e-07,0.025180298530298243,0.3013698630136986,0.3150684931506849,1.0,3.5996195324237748e-06,3.2906159518658488e-06,0.015368589628795826
2022-07-29,2020-09-23,1.5098190543222852e-05,1.680864972801103e-05,0.005656180489354941,2022-07-25,250,23709,126,100.0,1.1937868317938708e-05,1.3134521969160784e-05,1.1937868317938708e-05,1.3134521969160784e-05,0.003455122040961608,0.003624158104879088,-0.048923326560828206,-1.1966536512220755e-06,0.023911820046312884,0.20634920634920634,0.23015873015873015,1.0,4.3360121544173885e-06,4.296755197872349e-06,0.014794069987933114
2022-08-01,2020-09-25,2.1802216076880703e-06,1.3312810759094831e-06,0.005476586056242693,2022-07-27,250,23691,93,100.0,2.1802216076880703e-06,1.3312810759094831e-06,2.1802216076880703e-06,1.3312810759094831e-06,0.0014765573499488838,0.001153811542631414,0.2185799334706794,8.489405317785872e-07,0.023814178099254867,0.34408602150537637,0.26881720430107525,1.0,,,
2022-08-03,2020-09-28,1.38006646617452e-06,1.1789968082707078e-06,0.005562152365477158,2022-07-29,250,23663,32,0.01,1.38006646617452e-06,1.1789968082707078e-06,1.38006646617452e-06,1.1789968082707078e-06,0.0011747623019890108,0.0010858161945148488,0.07571413155117923,2.0106965790381212e-07,0.025277807184268544,0.125,0.09375,1.0,,,
2022-08-05,2020-09-30,1.796198179600488e-06,2.3707531816637093e-06,0.005367589409565165,2022-08-01,250,23589,107,0.01,1.2677935221439744e-06,1.7116899773659947e-06,1.2677935221439744e-06,1.7116899773659947e-06,0.0011259633751343665,0.0013083157024839206,-0.16195227249535815,-4.438964552220203e-07,0.024692612590371504,0.32710280373831774,0.40186915887850466,1.0,4.171909028237333e-07,6.507589655696737e-07,0.01450473959968129
2022-08-08,2020-10-02,1.2712249929572104e-06,1.1200430639797998e-06,0.005442999697611124,2022-08-03,250,23534,143,100.0,1.2840914664196822e-06,1.167330617525003e-06,1.2840914664196822e-06,1.167330617525003e-06,0.00113317759703397,0.0010804307555438261,0.046547727053734334,1.1676084889467934e-07,0.02547279597303103,0.4755244755244755,0.5034965034965035,1.0,1.3172226355855468e-06,1.2890960679039018e-06,0.014529295958594335
2022-08-10,2020-10-05,9.670858918666633e-07,1.3635676961721591e-06,0.005457191365510549,2022-08-05,250,23502,75,0.01,8.683175965366547e-07,1.1855498954168441e-06,8.683175965366547e-07,1.1855498954168441e-06,0.0009318356059609735,0.0010888295988890292,-0.16847820787675594,-3.172322988801895e-07,0.026349775322782012,0.4533333333333333,0.5466666666666666,1.0,7.721484668732255e-07,1.012216773628774e-06,0.014604176492038408
2022-08-12,2020-10-07,5.667221505447184e-07,7.269878100334449e-07,0.005341563297525074,2022-08-08,250,23502,99,0.01,4.754843791060415e-07,5.327657293836889e-07,4.754843791060415e-07,5.327657293836889e-07,0.0006895537536015894,0.0007299080280307162,-0.058522304052952334,-5.728135027764736e-08,0.025862659525727368,0.45454545454545453,0.494949494949495,1.0,3.2902374600711285e-07,2.2098817886697515e-07,0.014303740565251551
2022-08-15,2020-10-09,4.665646899386939e-07,4.536965843696008e-07,0.005229517722254506,2022-08-10,250,23494,138,0.01,3.6819002206064824e-07,3.5797439319308394e-07,3.6819002206064824e-07,3.5797439319308394e-07,0.0006067866363563458,0.0005983096131544971,0.013970352499441674,1.0215628867564302e-08,0.025960101669531638,0.6304347826086957,0.5362318840579711,1.0,9.965376650165868e-08,9.667868214367325e-08,0.014065623975649732
2022-08-19,2020-10-12,2.487441391954172e-06,2.6563003763926374e-06,0.005167958656330749,2022-08-12,250,23516,146,0.01,2.064988262428887e-06,2.1986786701558546e-06,2.064988262428887e-06,2.1986786701558546e-06,0.0014370067022908722,0.0014827942103191039,-0.03186311375948181,-1.3369040772696743e-07,0.026739297189621612,0.2465753424657534,0.3013698630136986,1.0,9.830961014495016e-07,1.0267206419884812e-06,0.014039655051531935
2022-08-22,2020-10-16,9.241908815908519e-07,9.254388760886339e-07,0.005247201492537311,2022-08-15,250,23541,152,0.01,1.0222527943519918e-06,8.866896407113191e-07,1.0222527943519918e-06,8.866896407113191e-07,0.0010110651780928822,0.0009416419917948217,0.06866341340032078,1.3556315364067262e-07,0.027031339051030435,0.28289473684210525,0.26973684210526316,1.0,1.2968261500831837e-06,7.781917816548374e-07,0.014230890225991378
2022-08-24,2020-10-19,8.18846045331872e-07,7.95633566881754e-07,0.005381809483944268,2022-08-19,250,23520,80,100.0,8.574922909457932e-07,9.525932149853061e-07,8.574922909457932e-07,9.525932149853061e-07,0.0009260087963652361,0.0009760088191124638,-0.05399519199330238,-9.510092403951294e-08,0.027615167032973363,0.3375,0.35,1.0,8.924579417393409e-07,1.0946043251742345e-06,0.014568759548926882
2022-08-26,2020-10-21,2.0795467674297783e-06,2.006971207537356e-06,0.005293183555843086,2022-08-22,250,23513,141,100.0,2.4774580221212303e-06,2.303889854302114e-06,2.4774580221212303e-06,2.303889854302114e-06,0.0015739942891005768,0.0015178569940222017,0.03566550111846556,1.7356816781911618e-07,0.02839307450121789,0.475177304964539,0.45390070921985815,1.0,3.4479732774662343e-06,3.0280816756795716e-06,0.014320106791256466
2022-08-29,2020-10-23,2.4346896064622394e-06,2.248127181398911e-06,0.005500550055005502,2022-08-24,250,23508,144,100.0,1.7969709461298082e-06,1.6706583583485078e-06,1.7969709461298082e-06,1.6706583583485078e-06,0.0013405114494586788,0.001292539499724673,0.03578630361820312,1.2631258778130042e-07,0.0284902703996275,0.3194444444444444,0.3194444444444444,1.0,1.3890242926548697e-07,1.6923941841745972e-07,0.014821810466063016
2022-08-31,2020-10-26,2.3368272150168483e-06,1.7985498509173773e-06,0.005663583160279403,2022-08-26,250,23480,76,100.0,1.649606264720089e-06,1.273028714798648e-06,1.649606264720089e-06,1.273028714798648e-06,0.0012843699874724918,0.0011282857416446634,0.12152592115219563,3.765775499214411e-07,0.02926749768056809,0.2631578947368421,0.25,1.0,1.0311074094530056e-06,8.000596922917916e-07,0.015086080208934986
2022-09-02,2020-10-28,1.2618898950416368e-07,2.1394636759940793e-07,0.0056976449734109915,2022-08-29,250,23448,155,100.0,2.0226905019063135e-07,2.529000252376621e-07,2.0226905019063135e-07,2.529000252376621e-07,0.000449743315893223,0.0005028916635197506,-0.1181748471813775,-5.063097504703078e-08,0.029267497680568088,0.44516129032258067,0.4838709677419355,1.0,4.0043106872282616e-07,3.543607149000917e-07,0.015154200090812777
2022-09-07,2020-10-30,4.020509871475126e-07,3.069427155247916e-07,0.005824111822947001,2022-08-31,250,23442,75,100.0,7.195530147061387e-07,7.904444521441024e-07,7.195530147061387e-07,7.904444521441024e-07,0.0008482647079220842,0.0008890694304406728,-0.048103760698172016,-7.089143743796367e-08,0.029947076367952116,0.12,0.2,1.0,1.0286997257500641e-06,1.2612224588523786e-06,0.015373702528406185
2022-09-09,2020-11-02,2.92762855150689e-06,3.3774535544484757e-06,0.005826751262462773,2022-09-02,250,23498,81,100.0,2.92762855150689e-06,3.3774535544484757e-06,2.92762855150689e-06,3.3774535544484757e-06,0.00171103142914059,0.0018377849587066697,-0.07408018777875092,-4.4982500294158573e-07,0.030141156911986846,0.2962962962962963,0.35802469135802467,1.0,,,
2022-09-12,2020-11-04,4.72699071392946e-06,3.85193069233901e-06,0.005719006163817753,2022-09-07,250,23424,151,100.0,3.880519804312708e-06,3.0862538986482316e-06,3.880519804312708e-06,3.0862538986482316e-06,0.001969903501269214,0.0017567737186809892,0.10819300663758635,7.942659056644766e-07,0.03033519979607295,0.2582781456953642,0.24503311258278146,1.0,1.2724742990070422e-06,7.271416153847525e-07,0.014774786030496798
2022-09-16,2020-11-06,4.9756927939199016e-06,4.685290889956682e-06,0.005906674542232722,2022-09-09,250,23425,159,0.01,5.155186927663573e-06,4.928331615319311e-06,5.155186927663573e-06,4.928331615319311e-06,0.0022705036726822472,0.0022199845979914614,0.022250162066950296,2.2685531234426214e-07,0.03169244673248972,0.14465408805031446,0.11949685534591195,1.0,5.624319322675448e-06,5.5635516929716375e-06,0.015398923408182092
2022-09-19,2020-11-09,4.8816024794109314e-06,4.7234620035367835e-06,0.0059721300597213025,2022-09-12,250,23462,114,0.01,4.8816024794109314e-06,4.7234620035367835e-06,4.8816024794109314e-06,4.7234620035367835e-06,0.0022094348778388855,0.0021733527103387482,0.016330948633991982,1.5814047587414794e-07,0.03149866705937099,0.3157894736842105,0.32456140350877194,1.0,,,
2022-09-21,2020-11-11,5.228841113231671e-06,5.52040222508469e-06,0.005736137667304016,2022-09-16,250,23513,85,0.01,2.8176049954364574e-06,2.9530773438645443e-06,2.8176049954364574e-06,2.9530773438645443e-06,0.0016785723086708113,0.0017184520196573847,-0.023758113237404954,-1.3547234842808693e-07,0.0329511001396859,0.24705882352941178,0.18823529411764706,1.0,8.680949427509649e-07,8.773678654312355e-07,0.016078807050430882
2022-09-23,2020-11-13,4.909420374584023e-07,5.105214615483323e-07,0.00589236611234778,2022-09-19,250,23582,169,1.0,4.936163389521164e-07,4.767749086487051e-07,4.936163389521164e-07,4.767749086487051e-07,0.0007025783507567796,0.0006904888910393165,0.01720727617701423,1.684143030341126e-08,0.03237038003045072,0.4260355029585799,0.39644970414201186,1.0,5.005581428294169e-07,3.8917747346243863e-07,0.016502883330661102
2022-09-26,2020-11-16,3.535824590010947e-06,4.323326031957248e-06,0.005982849165724919,2022-09-21,250,23559,164,1.0,3.208321115110633e-06,4.022054940950345e-06,3.208321115110633e-06,4.022054940950345e-06,0.0017911786943548187,0.0020055061557996638,-0.11965721908167604,-8.137338258397122e-07,0.03188618886232175,0.16463414634146342,0.12804878048780488,1.0,2.4396905107527533e-06,3.314990135525982e-06,0.016784098382932464
2022-09-28,2020-11-18,1.2088757372400726e-06,7.657457492289386e-07,0.005930416447021612,2022-09-23,250,23630,83,0.01,2.930031985547387e-06,2.4731984516860275e-06,2.930031985547387e-06,2.4731984516860275e-06,0.0017117336199150227,0.0015726405983841406,0.08125856728676473,4.5683353386135966e-07,0.0329511001396859,0.20481927710843373,0.18072289156626506,1.0,4.248364431059373e-06,3.7810345642063503e-06,0.016995181352853755
2022-09-30,2020-11-20,2.296455812767002e-06,2.741875756069307e-06,0.006316676024705221,2022-09-26,250,23712,141,100.0,2.5457141647926324e-06,2.702871360411867e-06,2.5457141647926324e-06,2.702871360411867e-06,0.0015955294308763572,0.0016440411674930367,-0.030404789581370606,-1.5715719561923466e-07,0.03304785404620036,0.2624113475177305,0.3546099290780142,1.0,3.1750915036573476e-06,2.6043852613768316e-06,0.017022820364398134
2022-10-03,2020-11-23,3.18906653362832e-06,2.4268746089588415e-06,0.006512301013024602,2022-09-28,250,23650,136,100.0,2.7079591058642717e-06,2.182562503200505e-06,2.7079591058642717e-06,2.182562503200505e-06,0.0016455877691160298,0.001477349824246277,0.10223577740865575,5.253966026637666e-07,0.03275756423817219,0.4117647058823529,0.3382352941176471,1.0,1.4672083711043598e-06,1.5524944409816368e-06,0.017290187020549862
2022-10-05,2020-11-25,7.2459485618318234e-06,7.16173346225602e-06,0.006160164271047229,2022-09-30,250,23646,78,100.0,3.5210143339448268e-06,3.6158024084852114e-06,3.5210143339448268e-06,3.6158024084852114e-06,0.001876436605362629,0.001901526336521588,-0.013370945273213808,-9.478807454038465e-08,0.033918218203460665,0.3076923076923077,0.28205128205128205,1.0,6.426560669412391e-07,8.757647760259482e-07,0.016339151255390635
2022-10-07,2020-11-27,5.21316922181426e-06,4.796109024190936e-06,0.0061885443168534695,2022-10-03,250,23702,74,100.0,5.21316922181426e-06,4.796109024190936e-06,5.21316922181426e-06,4.796109024190936e-06,0.0022832365672032892,0.0021900020603165963,0.040834361286047005,4.1706019762332406e-07,0.03401487858727765,0.1891891891891892,0.22972972972972974,1.0,,,
2022-10-10,2020-11-30,3.7129567623205405e-06,5.8960080085782645e-06,0.00642444143050896,2022-10-05,250,23639,168,100.0,3.1840231111714136e-06,4.956633540999402e-06,3.1840231111714136e-06,4.956633540999402e-06,0.0017843831178229112,0.002226349824488371,-0.2476859942525651,-1.772610429827988e-06,0.03391821820346067,0.21428571428571427,0.24404761904761904,1.0,1.8223003071491924e-06,2.5382439542538135e-06,0.017022820364398138
2022-10-14,2020-12-02,1.6280530947992027e-06,1.1035256206390238e-06,0.0062941464438072536,2022-10-07,250,23646,86,100.0,1.6280530947992027e-06,1.1035256206390238e-06,1.6280530947992027e-06,1.1035256206390238e-06,0.0012759518387459624,0.0010504882772496911,0.176702250547217,5.24527474160179e-07,0.03719944098910627,0.6162790697674418,0.46511627906976744,1.0,,,
2022-10-17,2020-12-04,3.923473606083352e-06,4.440124355422673e-06,0.0065038300332417994,2022-10-10,250,23726,79,100.0,3.923473606083352e-06,4.440124355422673e-06,3.923473606083352e-06,4.440124355422673e-06,0.0019807760110833713,0.0021071602585998705,-0.0638054211123924,-5.16650749339321e-07,0.037392119217062654,0.25316455696202533,0.34177215189873417,1.0,,,
2022-10-19,2020-12-07,2.4534681846119225e-06,3.6181246595908075e-06,0.0062608695652173925,2022-10-14,250,23746,84,100.0,1.5995284675955388e-06,2.0566378204340895e-06,1.5995284675955388e-06,2.0566378204340895e-06,0.0012647246607841323,0.0014340982603831892,-0.13392132283879454,-4.5710935283855063e-07,0.03960525459235943,0.23809523809523808,0.2976190476190476,1.0,1.0188494600243983e-06,9.948267698075214e-07,0.01664028507531054
2022-10-24,2020-12-09,2.294870270305976e-06,2.637666238916378e-06,0.0061112242819311435,2022-10-17,250,23702,158,100.0,1.8646433835538541e-06,2.2316003029182455e-06,1.8646433835538541e-06,2.2316003029182455e-06,0.0013655194555750037,0.001493854177260366,-0.09398234581090037,-3.669569193643914e-07,0.04008572353928564,0.23417721518987342,0.27848101265822783,1.0,8.48575629735011e-07,1.272593517901378e-06,0.016499796948889898
2022-10-26,2020-12-11,6.43854346396123e-07,8.952718857935966e-07,0.005907837731390311,2022-10-19,250,23730,84,100.0,1.992407375838842e-06,1.8604958566724864e-06,1.992407375838842e-06,1.8604958566724864e-06,0.0014115266118068202,0.001363999947460588,0.033670399090383385,1.319115191663557e-07,0.04056596174666166,0.3333333333333333,0.27380952380952384,1.0,2.9556595397264987e-06,2.5499415501574085e-06,0.016044136443936402
2022-10-28,2020-12-18,1.3778951418690128e-05,1.2975685676747869e-05,0.006215469613259668,2022-10-24,250,23817,155,100.0,9.692876986336603e-06,9.160871009123364e-06,9.692876986336603e-06,9.160871009123364e-06,0.003113338559542891,0.003026693081421267,0.02783040664049896,5.32005977213239e-07,0.04046993255371322,0.14838709677419354,0.14838709677419354,1.0,3.035995673114837e-07,3.949139005393989e-07,0.016252721195852412
2022-10-31,2020-12-21,1.067428311025819e-06,8.363515552857471e-07,0.00577886220624117,2022-10-26,250,23772,109,100.0,1.067428311025819e-06,8.363515552857471e-07,1.067428311025819e-06,8.363515552857471e-07,0.0010331642226799277,0.0009145225832562841,0.11483328285981365,2.3107675574007202e-07,0.040949986328954094,0.6238532110091743,0.6330275229357798,1.0,,,
2022-11-02,2020-12-23,3.2079675359724346e-06,2.3691382263583355e-06,0.005974112180550946,2022-10-28,250,23789,79,0.01,3.7755955876661987e-06,3.326375501906444e-06,3.7755955876661987e-06,3.326375501906444e-06,0.001943089186750366,0.0018238353823485398,0.061373304537434614,4.4922008575975487e-07,0.041429809763139556,0.1518987341772152,0.10126582278481013,1.0,4.162065750521526e-06,3.978111519300901e-06,0.016060826484968278
2022-11-04,2020-12-28,5.156775420991409e-06,4.61268393472536e-06,0.006480414746543778,2022-10-31,250,23834,110,0.01,3.1618098092976244e-06,2.9105686515572456e-06,3.1618098092976244e-06,2.9105686515572456e-06,0.0017781478592337658,0.0017060388775046265,0.04055286030049965,2.512411577403787e-07,0.04162167469081948,0.6454545454545455,0.6454545454545455,1.0,4.877069680910622e-07,6.290098677361545e-07,0.01664566723268914
2022-11-07,2020-12-30,4.755461605641998e-06,4.958278568429935e-06,0.006576094811388931,2022-11-02,250,23773,159,0.01,3.456168439490856e-06,3.588174592041729e-06,3.456168439490856e-06,3.588174592041729e-06,0.0018590773086375014,0.0018942477641643739,-0.018918231836549282,-1.32006152550873e-07,0.04123790801624473,0.3836477987421384,0.3710691823899371,1.0,2.644265313369642e-07,2.224843891750485e-07,0.01640948319383552
2022-11-09,2021-01-04,1.5432118880283799e-06,1.9852509597709266e-06,0.006523297491039427,2022-11-04,250,23823,88,0.01,1.0730921829921974e-06,1.2973340876106486e-06,1.0730921829921974e-06,1.2973340876106486e-06,0.0010359016280478554,0.001139005745205286,-0.09953079941743992,-2.2424190461845123e-07,0.04190940307720963,0.36363636363636365,0.4318181818181818,1.0,6.438524523069873e-07,6.692360738990902e-07,0.01616677748691099
2022-11-11,2021-01-06,2.5667107081680366e-05,2.0072649828408016e-05,0.006195955606999386,2022-11-07,250,23876,105,0.01,1.8699181766636205e-05,1.4555813370518313e-05,1.8699181766636205e-05,1.4555813370518313e-05,0.004324255053374651,0.003815208168700407,0.11771897781028973,4.143368396117893e-06,0.041909403077209625,0.21904761904761905,0.20952380952380953,1.0,7.822420299250207e-06,5.944166216739261e-06,0.015646986242367426
2022-11-14,2021-01-08,5.9562813347391e-07,5.815500115139829e-07,0.006078824315297262,2022-11-09,250,23903,167,100.0,6.947620651898956e-07,6.587189481760712e-07,6.947620651898956e-07,6.587189481760712e-07,0.0008335238839948713,0.0008116150246120825,0.02628462099704354,3.60431170138244e-08,0.04190940307720964,0.47305389221556887,0.5688622754491018,1.0,9.718864652141281e-07,8.744412029360001e-07,0.015496998820606756
2022-11-18,2021-01-11,8.072338464675263e-07,1.7540232430097447e-06,0.006037685774946922,2022-11-11,250,23934,147,0.01,1.4801116192268131e-06,2.250366545577287e-06,1.4801116192268131e-06,2.250366545577287e-06,0.0012165983804143473,0.0015001221768833654,-0.23304633725753932,-7.702549263504739e-07,0.042292912190251455,0.2925170068027211,0.42857142857142855,1.0,3.1075369300864827e-06,3.450824765740645e-06,0.015664846286525976
2022-11-21,2021-01-15,3.6980363758475523e-07,5.231721412825246e-07,0.006014938198162469,2022-11-14,250,23940,186,0.01,4.003844949105441e-07,6.173401107733269e-07,4.003844949105441e-07,6.173401107733269e-07,0.0006327594289384742,0.0007857099406099727,-0.2417198459264216,-2.1695561586278282e-07,0.0424846116061553,0.3763440860215054,0.44623655913978494,1.0,4.427272204385594e-07,7.47726530068284e-07,0.015594043380551974
2022-11-23,2021-01-20,1.9137561766170466e-06,2.856195713123011e-06,0.00605939539219603,2022-11-18,250,23917,75,100.0,1.626690473337827e-06,2.387452755244081e-06,1.626690473337827e-06,2.387452755244081e-06,0.0012754177642395558,0.001545138425916617,-0.2114763250438787,-7.60762281906254e-07,0.043059489460446965,0.17333333333333334,0.24,1.0,1.3886359876916449e-06,1.9987390828566753e-06,0.01544313328332083
2022-11-25,2021-01-22,1.1481882451405936e-06,1.2500402608124474e-06,0.006023697623618192,2022-11-21,250,24021,186,100.0,8.914032638241548e-07,9.995198162105633e-07,8.914032638241548e-07,9.995198162105633e-07,0.0009441415486166017,0.0009997598792763007,-0.058908890029459426,-1.0811655238640847e-07,0.04305948946044697,0.521505376344086,0.6021505376344086,1.0,5.436058840664465e-07,6.602073152940871e-07,0.015346426618955323
2022-11-28,2021-01-25,1.3378153382873274e-06,1.0939604457674964e-06,0.006144082101141043,2022-11-23,250,23934,188,100.0,1.2365747749466787e-06,9.787392235596685e-07,1.2365747749466787e-06,9.787392235596685e-07,0.0011120138375697844,0.000989312500456589,0.11034155598400575,2.578355513870102e-07,0.0431552703139276,0.2872340425531915,0.22340425531914893,1.0,1.0906305862348344e-06,8.126410980392938e-07,0.015349859568016311
2022-11-30,2021-01-27,3.2152984884556258e-06,3.260366534901223e-06,0.006446128780902459,2022-11-25,250,23955,70,100.0,2.469063850090149e-06,2.2663031035742745e-06,2.469063850090149e-06,2.2663031035742745e-06,0.001571325507363178,0.0015054245592437618,0.04193971765277582,2.0276074651587451e-07,0.04286790022717579,0.2,0.37142857142857144,1.0,1.803503226683102e-06,1.3797059891475376e-06,0.01562560787389621
2022-12-02,2021-01-29,1.5753168790762623e-06,1.909581698037534e-06,0.006135796642168429,2022-11-28,250,24069,181,100.0,2.031617638032018e-06,2.564285966563448e-06,2.031617638032018e-06,2.564285966563448e-06,0.0014253482514922512,0.0016013388044269232,-0.1234719674650886,-5.3266832853143e-07,0.042388766491786634,0.2430939226519337,0.26519337016574585,1.0,2.7722797395254183e-06,3.626994344460584e-06,0.015159578280720707
2022-12-05,2021-02-01,2.6289741682740275e-06,1.8897307120235773e-06,0.006156552330694811,2022-11-30,250,24042,199,100.0,2.222738651108617e-06,1.6627963986827637e-06,2.222738651108617e-06,1.6627963986827637e-06,0.0014908851904518394,0.0012894946291794951,0.1350812004587082,5.599422524258535e-07,0.042484611606155284,0.2814070351758794,0.21608040201005024,1.0,1.740612982384833e-06,1.3934677630694899e-06,0.015177088299623998
2022-12-07,2021-02-03,2.5296661180536386e-06,2.845541270393981e-06,0.00636764397173046,2022-12-02,250,24053,72,100.0,2.940512596396209e-06,3.0061897950336264e-06,2.940512596396209e-06,3.0061897950336264e-06,0.0017147922895780145,0.0017338367267518665,-0.011105973177975237,-6.567719863741743e-08,0.04277209184386899,0.20833333333333334,0.18055555555555555,1.0,3.288151924224538e-06,3.1421231620364045e-06,0.015681154305157048
2022-12-09,2021-02-05,6.799860565484543e-07,7.3608964515413e-07,0.006379249912372943,2022-12-05,250,24174,116,0.01,5.045685336560087e-07,6.275646498405116e-07,5.045685336560087e-07,6.275646498405116e-07,0.0007103298766460613,0.0007921897814542368,-0.11524209736846558,-1.2299611618450286e-07,0.04190940307720961,0.4051724137931034,0.4396551724137931,1.0,9.8602266390634e-08,3.764068035432804e-07,0.015585778820916614
2022-12-12,2021-02-08,8.153911854263473e-06,7.914875401442356e-06,0.006401238041643217,2022-12-07,250,24136,172,0.01,5.6605565343055745e-06,5.337859669946992e-06,5.6605565343055745e-06,5.337859669946992e-06,0.002379192412207465,0.002310380849545588,0.028922235254622453,3.226968643585829e-07,0.04219704869978835,0.29651162790697677,0.3023255813953488,1.0,2.8593795699084293e-06,2.442693848143557e-06,0.01570308431651749
2022-12-16,2021-02-10,1.8030952529931684e-06,1.7219731654791413e-06,0.006666666666666669,2022-12-09,250,24104,185,100.0,1.5633958146960438e-06,1.4638485590515952e-06,1.5633958146960438e-06,1.4638485590515952e-06,0.0012503582745341608,0.0012098960943203326,0.03236046902549028,9.954725564444856e-08,0.04248461160615529,0.3783783783783784,0.43243243243243246,1.0,1.2751857757911676e-06,1.1534844489422832e-06,0.015850188640505095
2022-12-19,2021-02-12,8.336876315008259e-07,9.766021531502568e-07,0.006765296260501079,2022-12-12,250,24241,227,0.01,5.483216011948696e-07,6.469427868568405e-07,5.483216011948696e-07,6.469427868568405e-07,0.0007404874078570611,0.0008043275370499511,-0.08621365942959192,-9.862118566197094e-08,0.04219704869978835,0.3876651982378855,0.3832599118942731,1.0,3.0271968986597264e-07,3.632195617682446e-07,0.01649144989172124
2022-12-21,2021-02-17,1.4484265376897377e-06,1.783621816300735e-06,0.006878306878306876,2022-12-16,250,24303,76,0.01,1.7967057398959252e-06,1.887567392548228e-06,1.7967057398959252e-06,1.887567392548228e-06,0.0013404125260142584,0.0013738876928440068,-0.024973779474657176,-9.086165265230268e-08,0.04258044753511838,0.2894736842105263,0.23684210526315788,1.0,2.0238443500303964e-06,1.955357985753115e-06,0.01660975981499973
2022-12-23,2021-02-19,2.2221623087854966e-06,2.260800337010633e-06,0.006881948120698783,2022-12-19,250,24453,192,100.0,2.1438166872220236e-06,2.0302594946779166e-06,2.1438166872220236e-06,2.0302594946779166e-06,0.001464177819536283,0.0014248717467470245,0.026845149724851636,1.1355719254410707e-07,0.04258044753511838,0.21354166666666666,0.1875,1.0,2.049261626714385e-06,1.7520205470349831e-06,0.01660190691321706
2022-12-28,2021-02-22,6.102831180052782e-06,8.685984461600605e-06,0.0069983849880796735,2022-12-21,250,24367,77,100.0,2.840308535694212e-06,3.903377504131391e-06,2.840308535694212e-06,3.903377504131391e-06,0.0016853214932748624,0.0019756967136003926,-0.17229663389700356,-1.0630689684371792e-06,0.0436340370200613,0.16883116883116883,0.18181818181818182,1.0,7.578472733376773e-07,8.50649658938276e-07,0.01657230728893551
2022-12-30,2021-02-24,3.897142848067929e-06,2.549258135132115e-06,0.007021063189568704,2022-12-23,250,24410,190,1.0,2.209127181536983e-06,1.4907013812902915e-06,2.209127181536983e-06,1.4907013812902915e-06,0.001486313285124298,0.0012209428247425395,0.17854274939052706,7.184258002466913e-07,0.043538302014483436,0.4789473684210526,0.41578947368421054,1.0,1.2393135817522687e-07,1.8307245007392126e-07,0.01648413832672647
2023-01-04,2021-02-26,1.0919257655288925e-06,3.660473739259311e-07,0.007275925481730231,2022-12-28,250,24408,75,0.01,5.621123192163678e-07,2.562623855454266e-07,5.621123192163678e-07,2.562623855454266e-07,0.0007497415015966289,0.000506223651704883,0.32480241439637125,3.058499336709412e-07,0.04430392555652441,0.36,0.26666666666666666,1.0,2.0890335500801787e-07,1.8307239329175693e-07,0.016597547397720704
2023-01-06,2021-03-01,3.4319406915844244e-06,3.3094523609827384e-06,0.007278835386338185,2022-12-30,250,24486,111,0.01,2.204664448439677e-06,2.2215936915414312e-06,2.204664448439677e-06,2.2215936915414312e-06,0.0014848112501054391,0.0014905011544918143,-0.003832072518288765,-1.692924310175416e-08,0.04554681495597038,0.36036036036036034,0.35135135135135137,1.0,1.8842490613045003e-07,4.3439730603071314e-07,0.01666054615425168
2023-01-09,2021-03-03,1.5163756870004087e-06,2.11043592509149e-06,0.007020521524456104,2023-01-04,250,24451,231,0.01,9.801970169681645e-07,1.1106320739586048e-06,9.801970169681645e-07,1.1106320739586048e-06,0.0009900489972562794,0.0010538653016199959,-0.06445772334558231,-1.3043505699044024e-07,0.045642357878701065,0.39826839826839827,0.29004329004329005,1.0,4.486405768499913e-07,1.194472215423823e-07,0.016287049062049058
2023-01-13,2021-03-05,5.899914601352264e-06,5.909983102336409e-06,0.0068210778802188735,2023-01-06,250,24519,110,100.0,4.766689610187306e-06,5.206600605100879e-06,4.766689610187306e-06,5.206600605100879e-06,0.0021832749735631804,0.00228179766962386,-0.045126105164796204,-4.39910994913573e-07,0.04554681495597038,0.2818181818181818,0.2909090909090909,1.0,2.6195264690326504e-06,3.873875873496716e-06,0.01592270757758969
2023-01-23,2021-03-08,2.84263210192989e-06,2.896083465108079e-06,0.006600420686153624,2023-01-09,250,24672,218,100.0,1.6966974649728331e-06,1.638924593245638e-06,1.6966974649728331e-06,1.638924593245638e-06,0.0013025734009923715,0.0012802049028361193,0.017172543320177258,5.777287172719521e-08,0.046119935613553105,0.3073394495412844,0.2706422018348624,1.0,5.295418162202751e-07,3.5848500153389154e-07,0.015966146306961707
2023-01-25,2021-03-10,1.1662755655952214e-06,1.7762632972471771e-06,0.00638462078158984,2023-01-13,250,24643,79,0.01,1.0070795311124278e-06,1.5148686714157865e-06,1.0070795311124278e-06,1.5148686714157865e-06,0.0010035335226650018,0.0012308000127623441,-0.22646626641211687,-5.077891403033587e-07,0.046119935613553126,0.4050632911392405,0.3670886075949367,1.0,8.867980828365394e-07,1.317370509676513e-06,0.01579379810094952
2023-01-27,2021-03-12,6.761328978446922e-06,6.421236851824521e-06,0.0063212003334259526,2023-01-23,250,24786,180,0.01,3.826785004996084e-06,3.702003699731452e-06,3.826785004996084e-06,3.702003699731452e-06,0.001956217013778401,0.0019240591726169577,0.01643879024410011,1.2478130526463205e-07,0.04602443831127934,0.4111111111111111,0.39444444444444443,1.0,2.401201485561692e-07,3.7849651383992513e-07,0.015616252007411981
2023-01-30,2021-03-15,1.174325735721845e-05,1.0680095968875234e-05,0.006235866511341053,2023-01-25,250,24787,162,0.01,8.695020976857698e-06,7.75646700766223e-06,8.695020976857698e-06,7.75646700766223e-06,0.0029487320964878615,0.0027850434480744157,0.05551153616444504,9.385539691954672e-07,0.04621542379696298,0.25925925925925924,0.25308641975308643,1.0,3.0798486972457824e-06,2.3708347106909046e-06,0.015580452573456912
2023-02-01,2021-03-22,5.4896297508078344e-06,4.832958232440479e-06,0.0063067433640584935,2023-01-27,250,24835,76,0.01,3.3203409940715845e-06,3.1604981756553027e-06,3.3203409940715845e-06,3.1604981756553027e-06,0.0018221802858311206,0.0017777790007915222,0.02436711964499516,1.598428184162818e-07,0.045928931888399804,0.3157894736842105,0.35526315789473684,1.0,1.7426764437179481e-06,1.9441635889024475e-06,0.015549788427474905
2023-02-03,2021-03-24,1.2255290058485023e-05,1.0086484013244455e-05,0.00603368253547275,2023-01-30,250,24876,149,0.01,7.079256416796501e-06,6.005139062202605e-06,7.079256416796501e-06,6.005139062202605e-06,0.002660687207620712,0.0024505385249374485,0.07898285904534663,1.074117354593896e-06,0.045546814955970405,0.10067114093959731,0.12751677852348994,1.0,2.8500581973680747e-06,2.6703816022049954e-06,0.015165502183406118
2023-02-06,2021-03-26,2.296886626974077e-06,2.206636091028148e-06,0.004466019417475728,2023-02-01,250,24894,214,0.01,1.4110362324431323e-06,1.272554632579366e-06,1.4110362324431323e-06,1.272554632579366e-06,0.0011878704611375487,0.001128075632473003,0.05033783617052301,1.3848159986376638e-07,0.04592893188839981,0.3925233644859813,0.46261682242990654,1.0,5.735049503411477e-07,3.894230718641541e-07,0.01532842973202376
2023-02-08,2021-03-29,3.5919852758668604e-06,2.668834110916332e-06,0.0044616876818622695,2023-02-03,250,24954,84,0.01,1.873851451684664e-06,1.408160324883998e-06,1.873851451684664e-06,1.408160324883998e-06,0.0013688869389707333,0.001186659312896502,0.13312102036070883,4.65691126800666e-07,0.046024438311279336,0.4523809523809524,0.3333333333333333,1.0,3.119116115190309e-07,2.6209324667278584e-07,0.015223579565981842
2023-02-10,2021-03-31,2.1723522925285967e-06,1.9475944581194077e-06,0.00457347385166037,2023-02-06,250,25097,153,0.01,1.2843690483753899e-06,1.1673990446597444e-06,1.2843690483753899e-06,1.1673990446597444e-06,0.0011333000698735484,0.0010804624216786739,0.04662282267464257,1.1697000371564546e-07,0.04659728537678218,0.3137254901960784,0.37254901960784315,1.0,4.740843380855887e-07,4.554707298778019e-07,0.015526488000196518
2023-02-13,2021-04-05,3.2798851111984353e-06,2.7971858063236856e-06,0.006092311767432622,2023-02-08,250,25124,215,100.0,2.0468729896721545e-06,1.7954320870151187e-06,2.0468729896721545e-06,1.7954320870151187e-06,0.0014306896902096396,0.001339937344436343,0.06343258527291029,2.514409026570358e-07,0.04678816149875892,0.3395348837209302,0.28837209302325584,1.0,7.551460052160503e-07,7.459758096442398e-07,0.01549033918243309
2023-02-17,2021-04-07,1.6646242146745176e-06,2.43657292605526e-06,0.005985296987834233,2023-02-10,250,25163,173,1.0,1.952705497750642e-06,2.2609600081875875e-06,1.952705497750642e-06,2.2609600081875875e-06,0.0013973923921900542,0.001503648897910542,-0.07603913282650554,-3.0825451043694536e-07,0.047265192467114234,0.16184971098265896,0.2254335260115607,1.0,2.287599989326637e-06,2.0568099911664185e-06,0.015481233467228375
2023-02-22,2021-04-09,4.287330025688131e-06,2.7478517035755223e-06,0.0061961206896551735,2023-02-13,250,25325,73,100.0,2.7271409785418333e-06,1.7652668009727302e-06,2.7271409785418333e-06,1.7652668009727302e-06,0.001651405758298618,0.0013286334336350002,0.19545306962969422,9.61874177569103e-07,0.04745594115629536,0.273972602739726,0.1780821917808219,1.0,1.439985014646136e-06,9.546342563254276e-07,0.01583772582625473
2023-02-24,2021-04-12,3.2858427024357998e-06,3.3587303908972434e-06,0.006157965194109775,2023-02-17,250,25445,188,100.0,2.2526880819062726e-06,2.3879688327418538e-06,2.2526880819062726e-06,2.3879688327418538e-06,0.0015008957598401937,0.0015453054173016588,-0.029588768687169642,-1.3528075083558111e-07,0.04726519246711424,0.2712765957446808,0.28191489361702127,1.0,8.271962637073059e-07,1.0485636449072016e-06,0.015775665152498366
2023-02-27,2021-04-16,1.6623204829480373e-06,1.7033586749427236e-06,0.006270874514348033,2023-02-22,250,25398,215,100.0,9.640369793691518e-07,1.1002145268061757e-06,9.640369793691518e-07,1.1002145268061757e-06,0.0009818538482733322,0.0010489111148263115,-0.06829658677908612,-1.3617754743702394e-07,0.04745594115629536,0.4046511627906977,0.39069767441860465,1.0,3.097893724123583e-07,5.351064961196806e-07,0.015946006357535698
2023-03-01,2021-04-19,2.680769528786865e-06,3.7706847882292457e-06,0.006241096262126044,2023-02-24,250,25452,70,100.0,1.9030859190023993e-06,2.410357300779453e-06,1.9030859190023993e-06,2.410357300779453e-06,0.0013795238015352977,0.0015525325441933426,-0.12541193016423513,-5.072713817770539e-07,0.04764665346735302,0.21428571428571427,0.24285714285714285,1.0,1.2481944581312706e-06,1.2648183639796277e-06,0.015950835310149892
2023-03-03,2021-04-21,5.3738042984239004e-06,5.640753362516402e-06,0.006305256665067508,2023-02-27,250,25530,146,100.0,3.798127044205837e-06,4.094171752767744e-06,3.798127044205837e-06,4.094171752767744e-06,0.0019488784067267606,0.002023405978237621,-0.03824126289953256,-2.960447085619066e-07,0.047932653755302805,0.3013698630136986,0.363013698630137,1.0,1.8882152209112142e-06,2.219527377314825e-06,0.01588868555340489
2023-03-06,2021-04-23,1.052143457532518e-05,9.493174243266683e-06,0.00609150499900682,2023-03-01,250,25533,160,100.0,5.977075799277749e-06,5.425195561223647e-06,5.977075799277749e-06,5.425195561223647e-06,0.0024448058817169408,0.0023292049204017336,0.04728431086480489,5.51880238054102e-07,0.047932653755302805,0.2875,0.30625,1.0,1.3432880150248054e-07,1.949372557397423e-07,0.015637888121922853
2023-03-08,2021-04-26,3.468504103073465e-06,2.7846695905487946e-06,0.006068601583113457,2023-03-03,250,25535,69,0.01,2.494397682907633e-06,2.141307283701251e-06,2.494397682907633e-06,2.141307283701251e-06,0.0015793662282408197,0.001463320635985583,0.0734760501903946,3.530903992063822e-07,0.049171044006449394,0.3333333333333333,0.3188405797101449,1.0,1.6014667977556203e-06,1.5515585024243353e-06,0.015870334195395085
2023-03-10,2021-04-28,5.951689605853957e-06,5.3143972082322525e-06,0.0061093034066007045,2023-03-06,250,25556,94,0.01,6.960355351789745e-06,5.965636492796971e-06,6.960355351789745e-06,5.965636492796971e-06,0.0026382485386691194,0.0024424652490459245,0.07420957000584905,9.947188589927747e-07,0.04926624130291808,0.4148936170212766,0.39361702127659576,1.0,9.112175609786097e-06,7.354946966535033e-06,0.01614229747675962
2023-03-13,2021-04-30,4.366869851496624e-06,4.053430017027152e-06,0.006195286195286197,2023-03-08,250,25563,169,0.01,3.3415454200541234e-06,3.046607908857331e-06,3.3415454200541234e-06,3.046607908857331e-06,0.0018279894474679341,0.0017454534966183804,0.045151218440500074,2.949375111967926e-07,0.04888539772981063,0.378698224852071,0.31952662721893493,1.0,2.227612704412888e-06,1.9527764826975263e-06,0.016378632323598766
2023-03-17,2021-05-03,2.6364176467514035e-06,3.45655480246388e-06,0.005903111966634585,2023-03-10,250,25572,196,100.0,6.287991419156252e-06,6.643593857261944e-06,6.287991419156252e-06,6.643593857261944e-06,0.0025075867720093462,0.0025775169945631677,-0.027887458705082357,-3.556024381056921e-07,0.04631090286325024,0.30612244897959184,0.3112244897959184,1.0,1.125941113339418e-05,1.0982574739095455e-05,0.01595687561535937
2023-03-20,2021-05-05,2.0357157868018523e-06,2.1618345657319836e-06,0.005935483870967743,2023-03-13,250,25630,189,100.0,1.1889873569953834e-06,1.2431624208352544e-06,1.1889873569953834e-06,1.2431624208352544e-06,0.0010904069685192697,0.001114971937241137,-0.022528257275561625,-5.4175063839870977e-08,0.04420825466432036,0.5132275132275133,0.4603174603174603,1.0,1.7488237711089192e-07,1.4289229380777618e-07,0.016566765814508066
2023-03-22,2021-05-07,5.092633557488022e-06,6.013129649075041e-06,0.005775991963837268,2023-03-17,250,25761,82,100.0,2.9819734666045567e-06,3.1976665302200954e-06,2.9819734666045567e-06,3.1976665302200954e-06,0.0017268391548156872,0.0017882020384229786,-0.035534799773428105,-2.1569306361553867e-07,0.0466927279919823,0.3170731707317073,0.3780487804878049,1.0,1.3301525259131481e-06,9.942606111162245e-07,0.01619631746509238
2023-03-24,2021-05-10,2.2359094855937032e-06,2.0873772072419737e-06,0.00578871201157742,2023-03-20,250,25853,196,100.0,1.406354765504425e-06,1.3617423290526318e-06,1.406354765504425e-06,1.3617423290526318e-06,0.001185898294755678,0.0011669371572851006,0.01598883947673102,4.4612436451793156e-08,0.04621542379696298,0.41836734693877553,0.3622448979591837,1.0,3.4529640259953487e-07,4.336046941592872e-07,0.01643277208332274
2023-03-27,2021-05-17,6.648496511638852e-07,6.297221835950107e-07,0.005741029641185646,2023-03-22,250,25820,194,100.0,4.956953419372833e-07,5.734569174321774e-07,4.956953419372833e-07,5.734569174321774e-07,0.0007040563485526448,0.0007572693823416984,-0.07558064620601135,-7.776157549489411e-08,0.04631090286325024,0.4587628865979381,0.4742268041237113,1.0,2.8326900011782995e-07,5.027982110881542e-07,0.016325642451042323
2023-03-29,2021-05-19,2.0783341143500228e-06,2.282156251111589e-06,0.005835712020298128,2023-03-24,250,25959,78,100.0,1.0735937090956983e-06,1.2281537863712925e-06,1.0735937090956983e-06,1.2281537863712925e-06,0.0010361436720338056,0.0011082210006904275,-0.06956306408274848,-1.5456007727559412e-07,0.046883585898850444,0.34615384615384615,0.3717948717948718,1.0,2.557817513305511e-07,3.7024480344314415e-07,0.01633183265925177
2023-03-31,2021-05-21,2.108650296627815e-06,2.5666086102457452e-06,0.00566642030056664,2023-03-27,250,26127,168,100.0,1.7295991688609091e-06,1.8651977539234194e-06,1.7295991688609091e-06,1.8651977539234194e-06,0.0013151422618336425,0.0013657224293111025,-0.03845984495011079,-1.3559858506251026e-07,0.04850440905961497,0.39880952380952384,0.3392857142857143,1.0,1.312642928317313e-06,1.093645811968861e-06,0.01600414416646024
2023-04-03,2021-05-24,2.013175726443095e-06,1.9917626352447568e-06,0.005579138872043662,2023-03-29,250,26095,174,100.0,1.1724194070348874e-06,1.2520498861785852e-06,1.1724194070348874e-06,1.2520498861785852e-06,0.0010827831763723,0.0011189503501847547,-0.03340204632069321,-7.963047914369784e-08,0.04736057135983759,0.3563218390804598,0.367816091954023,1.0,1.6138332673387853e-07,3.6252189679521416e-07,0.015781706929822427
2023-04-05,2021-05-26,1.044423463316098e-06,1.2307210110004112e-06,0.005554549296625009,2023-03-31,250,26161,79,100.0,7.006103619669621e-07,8.326349569775186e-07,7.006103619669621e-07,8.326349569775186e-07,0.000837024708098251,0.0009124883325158293,-0.09015698543599071,-1.320245950105565e-07,0.04764665346735302,0.24050632911392406,0.25316455696202533,1.0,4.271226677119677e-07,5.159755958229453e-07,0.015809511341669316
2023-04-10,2021-05-27,1.5629492942194626e-06,1.4666751965004437e-06,0.00558727073970606,2023-04-03,250,26311,110,100.0,1.3313006517032192e-06,1.268028961945355e-06,1.3313006517032192e-06,1.268028961945355e-06,0.0011538200256986438,0.0011260679206625836,0.02405236901591834,6.32716897578643e-08,0.04831386027855064,0.4909090909090909,0.4727272727272727,1.0,8.551339976420506e-07,8.597005909154498e-07,0.01578942056257484
2023-04-14,2021-05-28,4.81346322716879e-06,4.674710341023525e-06,0.005556897801401305,2023-04-05,250,26364,93,0.01,3.3805969911664717e-06,3.479541442142992e-06,3.3805969911664717e-06,3.479541442142992e-06,0.0018386399841095788,0.0018653529001620556,-0.014528627835434182,-9.894445097652026e-08,0.049742091894814044,0.3548387096774194,0.3870967741935484,1.0,1.2119345799197193e-06,1.6706371627562406e-06,0.015625977700921466
2023-04-17,2021-06-02,1.1423499252359362e-06,1.1638304469945555e-06,0.00556867017735004,2023-04-10,250,26382,101,100.0,7.680351947187465e-07,8.190959524492545e-07,7.680351947187465e-07,8.190959524492545e-07,0.0008763761719254732,0.0009050391993992605,-0.032706306255237516,-5.1060757730507976e-08,0.050122609403210616,0.5544554455445545,0.4158415841584158,1.0,9.218915350715455e-08,1.9665867063135047e-07,0.015664241380982404
2023-04-19,2021-06-04,6.025260592076344e-07,1.3738546970994827e-06,0.005526521295128252,2023-04-14,250,26417,78,0.01,7.472106253080867e-07,1.2305816676754218e-06,7.472106253080867e-07,1.2305816676754218e-06,0.0008644134573848829,0.001109315855685576,-0.2833162721015454,-4.833710423673351e-07,0.05069311431551815,0.23076923076923078,0.3717948717948718,1.0,8.590123354766178e-07,1.1198706903931932e-06,0.015598061369836557
2023-04-21,2021-06-07,1.6322530159464466e-06,1.6397158973729123e-06,0.00552055205520552,2023-04-17,250,26466,180,0.01,8.969253671745306e-07,1.020890081654967e-06,8.969253671745306e-07,1.020890081654967e-06,0.0009470614379091415,0.0010103910538276587,-0.06686959618832344,-1.2396471448043635e-07,0.049932368748209006,0.4888888888888889,0.5333333333333333,1.0,5.655091143519778e-08,3.136605779773152e-07,0.01568629940759444
2023-04-24,2021-06-09,1.6929699610040769e-06,1.3046302238476668e-06,0.005575081808265664,2023-04-19,250,26436,209,100.0,8.549530949518171e-07,7.01814972000676e-07,8.549530949518171e-07,7.01814972000676e-07,0.0009246367367522324,0.0008377439775973779,0.09397502359690313,1.531381229511411e-07,0.05012260940321061,0.4688995215311005,0.4449760765550239,1.0,1.2917063060298515e-07,1.7973390566890704e-07,0.015674121785541003
2023-04-26,2021-06-11,3.46872270166322e-06,3.1732284972316312e-06,0.005617634487390854,2023-04-21,250,26555,77,100.0,1.876390498032994e-06,1.7131852210394671e-06,1.876390498032994e-06,1.7131852210394671e-06,0.0013698140377558531,0.0013088870161474852,0.04447831598235319,1.6320527699352693e-07,0.049932368748209,0.4155844155844156,0.35064935064935066,1.0,5.494469950078051e-07,4.964824908793308e-07,0.01591034525216706
2023-04-28,2021-06-14,2.7984751757046126e-06,2.5894777102236296e-06,0.005462858500089069,2023-04-24,250,26723,174,100.0,2.703135811845184e-06,2.6427716470573823e-06,2.703135811845184e-06,2.6427716470573823e-06,0.0016441215927799208,0.0016256603726047402,0.011228622175058156,6.036416478780153e-08,0.05050298217310679,0.3563218390804598,0.3160919540229885,1.0,2.5742988336567656e-06,2.7147904806165074e-06,0.015666140491258702
2023-05-01,2021-06-16,2.611048682611899e-06,2.1560260052460135e-06,0.005421970768505422,2023-04-26,250,26739,139,0.01,1.9943945628594855e-06,1.6722791250308202e-06,1.9943945628594855e-06,1.6722791250308202e-06,0.0014122303504950902,0.001293166317621527,0.08430921544195846,3.221154378286653e-07,0.04974209189481407,0.4172661870503597,0.4028776978417266,1.0,9.002154597703006e-08,1.7835493613095623e-07,0.015533558531483664
2023-05-03,2021-06-18,2.2868981250171286e-06,1.5062856088896442e-06,0.005458644832087338,2023-04-28,250,26879,78,0.01,1.5372530777807414e-06,1.053653992140871e-06,1.5372530777807414e-06,1.053653992140871e-06,0.0012398601041168885,0.0010264764937108258,0.17210297330927404,4.835990856398704e-07,0.05107327018400061,0.3974358974358974,0.3076923076923077,1.0,8.947001801495528e-07,6.656840349276362e-07,0.01572600769155876
2023-05-05,2021-06-21,2.3074754645335946e-05,2.401849095751838e-05,0.005549188732734182,2023-05-01,250,26920,130,0.01,1.065920453704175e-05,1.1180213655034738e-05,1.065920453704175e-05,1.1180213655034738e-05,0.003264843723218885,0.0033436826486726782,-0.02414784049022245,-5.210091179929874e-07,0.05126329393754153,0.13846153846153847,0.12307692307692308,1.0,2.6441025683961258e-06,2.8922118521655537e-06,0.0159476538395083
2023-05-08,2021-06-23,1.4826468777903644e-06,2.107650234379983e-06,0.003975341360834247,2023-05-03,250,26891,182,0.01,7.426807156058817e-07,1.1246064675232231e-06,7.426807156058817e-07,1.1246064675232231e-06,0.000861789252431174,0.0010604746425649334,-0.23054985841753362,-3.8192575191734137e-07,0.05126329393754153,0.4065934065934066,0.5,1.0,1.877060939675197e-07,3.873236423806532e-07,0.015657787848677992
2023-05-10,2021-06-25,4.815986538440469e-06,5.378719737262536e-06,0.004016999476043547,2023-05-05,250,26966,73,0.01,2.0926223436097925e-06,2.41482526421106e-06,2.0926223436097925e-06,2.41482526421106e-06,0.0014465899016686769,0.0015539708054564797,-0.07423037010277511,-3.222029206012677e-07,0.0515482618805766,0.4794520547945205,0.5342465753424658,1.0,2.976777606532098e-07,4.6134936151804254e-07,0.01572256345362957
2023-05-12,2021-06-28,1.0134648217519538e-06,1.3229842503208096e-06,0.003971223021582734,2023-05-08,250,27049,135,0.01,1.6395311891897687e-06,1.972483319189177e-06,1.6395311891897687e-06,1.972483319189177e-06,0.0012804417945341243,0.0014044512519803517,-0.09684896101922935,-3.3295212999940837e-07,0.050693114315518144,0.26666666666666666,0.2814814814814815,1.0,2.069951816803267e-06,2.4190139290361802e-06,0.0156767840244583
2023-05-15,2021-06-30,1.839450625896146e-06,2.125395176250027e-06,0.005389117459581619,2023-05-10,250,27026,187,100.0,1.040400937653703e-06,1.2336749725098183e-06,1.040400937653703e-06,1.2336749725098183e-06,0.0010200004596340646,0.0011107092205027464,-0.08893011764055903,-1.9327403485611542e-07,0.05116828657439943,0.4919786096256685,0.5026737967914439,1.0,3.452277088827764e-07,4.5787839525583743e-07,0.015697351733521225
2023-05-19,2021-07-02,1.1805905788380492e-06,1.7439727954543354e-06,0.0053127677806341,2023-05-12,250,27111,181,100.0,7.811732402117528e-07,1.096056831415599e-06,7.811732402117528e-07,1.096056831415599e-06,0.0008838400535231206,0.001046927328622001,-0.18452125409884923,-3.1488359120384624e-07,0.05173819540441443,0.5469613259668509,0.5966850828729282,1.0,2.6546984097273715e-07,2.595071056946992e-07,0.015411284974834826
2023-05-22,2021-07-07,1.3571870816391602e-06,9.541611485385342e-07,0.00530943137702672,2023-05-15,250,27195,215,100.0,8.58401818640801e-07,6.420171453617565e-07,8.58401818640801e-07,6.420171453617565e-07,0.0009264997672103329,0.000801259724035694,0.13517547182093037,2.1638467327904446e-07,0.051548261880576596,0.5302325581395348,0.42790697674418604,1.0,3.822886130514584e-07,3.4406150596574184e-07,0.015433741818355542
2023-05-24,2021-07-09,4.98011201579265e-06,3.758136499780218e-06,0.005420844019584984,2023-05-19,250,27326,79,100.0,3.306791915610425e-06,2.5157623903849607e-06,3.306791915610425e-06,2.5157623903849607e-06,0.0018184586648066613,0.0015861155034816855,0.1277692838564899,7.910295252254645e-07,0.05202302806715193,0.379746835443038,0.2911392405063291,1.0,1.8326765892594165e-06,1.4212899606796142e-06,0.015602581564394216
2023-05-26,2021-07-12,2.127839221201051e-06,2.1699489110038555e-06,0.005376033296722354,2023-05-22,250,27485,176,100.0,1.8087781302487577e-06,1.8038847781891571e-06,1.8087781302487577e-06,1.8038847781891571e-06,0.0013449082237270906,0.0013430877775444006,0.0013535839476429556,4.893352059600596e-09,0.05240267879304834,0.4943181818181818,0.5170454545454546,1.0,1.3889609053115304e-06,1.3222214455382388e-06,0.015581509706981796
2023-05-31,2021-07-16,4.946795579902884e-06,4.872109253218112e-06,0.0052453468697123504,2023-05-24,250,27455,39,0.01,4.946795579902884e-06,4.872109253218112e-06,4.946795579902884e-06,4.872109253218112e-06,0.0022241392896810404,0.0022072854942707595,0.007577670826856231,7.468632668477198e-08,0.05401458830623825,0.5384615384615384,0.5897435897435898,1.0,,,
2023-06-02,2021-07-19,1.2189421756471915e-06,1.6887797669380703e-06,0.00516408462435449,2023-05-26,250,27507,143,1.0,1.196245532294043e-06,1.7580099231871503e-06,1.196245532294043e-06,1.7580099231871503e-06,0.001093730100296249,0.0013258996655807521,-0.2122731789329173,-5.617643908931074e-07,0.053540766928029816,0.45454545454545453,0.5034965034965035,1.0,1.1262101756614703e-06,1.971634405327168e-06,0.015316658764401882
2023-06-07,2021-07-21,2.6522493686386715e-06,2.7368477496259295e-06,0.005189442553428937,2023-05-31,250,27414,69,100.0,1.7765552128241718e-06,2.145413314112016e-06,1.7765552128241718e-06,2.145413314112016e-06,0.0013328747926283893,0.0014647229479024407,-0.09892013563708457,-3.6885810128784416e-07,0.05297188476610571,0.2898550724637681,0.3333333333333333,1.0,9.258808900329427e-07,1.570877005327071e-06,0.015094439642081164
2023-06-09,2021-07-23,2.118653081109318e-06,2.602819792858857e-06,0.005150357202193056,2023-06-02,250,27488,89,100.0,1.582171837586316e-06,2.0620554480596056e-06,1.582171837586316e-06,2.0620554480596056e-06,0.0012578441229287181,0.001435985880174177,-0.1416246687472531,-4.798836104732895e-07,0.05240267879304834,0.47191011235955055,0.5280898876404494,1.0,1.292018030448521e-07,5.974853475616337e-07,0.015055747675529562
2023-06-12,2021-07-26,1.9007900843728907e-06,1.8889011634423828e-06,0.005139257294429709,2023-06-07,250,27421,129,100.0,1.364900762467629e-06,1.3493176665590202e-06,1.364900762467629e-06,1.3493176665590202e-06,0.0011682896740396317,0.0011616013371888913,0.005724895973456601,1.5583095908608737e-08,0.052307779623344874,0.5813953488372093,0.5426356589147286,1.0,4.899794205814872e-07,4.6836501858618337e-07,0.015028781111886486
2023-06-16,2021-07-28,1.3504996259195536e-06,1.8905068257273923e-06,0.004999731197247461,2023-06-09,250,27374,143,0.01,4.772062522793775e-06,4.604654554303411e-06,4.772062522793775e-06,4.604654554303411e-06,0.0021845050979097703,0.002145845883166685,0.017697012829164804,1.6740796849036387e-07,0.0519280928603592,0.3356643356643357,0.4825174825174825,1.0,9.11690429660231e-06,8.051191352495177e-06,0.014597544057840039
2023-06-21,2021-07-30,1.5312434926291871e-06,1.4036997319515009e-06,0.005026755310523758,2023-06-12,250,27435,82,0.01,1.542588202524554e-06,1.5950577434588578e-06,1.542588202524554e-06,1.5950577434588578e-06,0.0012420097433291553,0.0012629559546788866,-0.01686477216642923,-5.2469540934303776e-08,0.05249756895775398,0.2926829268292683,0.2926829268292683,1.0,1.5523859065250982e-06,1.7603214806697577e-06,0.014919184317672357
2023-06-23,2021-08-02,1.6557669684612301e-06,1.9014879957533216e-06,0.004973262032085563,2023-06-16,250,27489,190,100.0,1.3229088575542225e-06,1.6073111216035053e-06,1.3229088575542225e-06,1.6073111216035053e-06,0.0011501777504169617,0.0012677977447540698,-0.10226244969046627,-2.8440226404928285e-07,0.052592450119170596,0.38421052631578945,0.3894736842105263,1.0,8.652289550570867e-07,1.2028179196475082e-06,0.014942083801058399
2023-06-26,2021-08-04,8.230025857979018e-07,8.68870359419102e-07,0.0049817870152132,2023-06-21,250,27485,186,100.0,6.229268613629565e-07,6.973076911026525e-07,6.229268613629565e-07,6.973076911026525e-07,0.0007892571579421731,0.0008350495141622756,-0.058019564041074556,-7.438082973969598e-08,0.052687322279006465,0.521505376344086,0.5161290322580645,1.0,3.5782652648665406e-07,4.699871555833565e-07,0.015055905911682554
2023-06-28,2021-08-06,8.734247006365963e-07,8.746689163071883e-07,0.0049452302456662765,2023-06-23,250,27608,82,100.0,7.890760071800079e-07,8.797598072567194e-07,7.890760071800079e-07,8.797598072567194e-07,0.000888299503084409,0.0009379551200653044,-0.05589963386051444,-9.068380007671147e-08,0.052971884766105724,0.3902439024390244,0.4878048780487805,1.0,7.087439181737333e-07,8.846082748277013e-07,0.014953731343283583
2023-06-30,2021-08-09,3.3633573072737836e-06,2.640536778488114e-06,0.004905322010654571,2023-06-26,250,27707,166,100.0,2.045527428492358e-06,1.6430671037647977e-06,2.045527428492358e-06,1.6430671037647977e-06,0.0014302193637663971,0.0012818217909541082,0.10375860974325835,4.0246032472756025e-07,0.05316154811423236,0.5843373493975904,0.6204819277108434,1.0,4.0714433595328755e-07,4.029696703249988e-07,0.014887514551140128
2023-07-05,2021-08-11,1.7697454389622121e-06,1.5171506180407582e-06,0.004832172919048114,2023-06-28,250,27685,82,100.0,1.0453886071420346e-06,8.59748562630065e-07,1.0453886071420346e-06,8.59748562630065e-07,0.0010224424713117285,0.0009272262736948651,0.09312621520378261,1.8564004451196954e-07,0.052971884766105724,0.34146341463414637,0.35365853658536583,1.0,3.5552495778948445e-07,2.3365136700083328e-07,0.014696971540593526
2023-07-07,2021-08-13,7.321641721118128e-07,7.847541434897148e-07,0.00484854804233356,2023-06-30,250,27817,107,1.0,5.904099580298647e-07,7.077448385256767e-07,5.904099580298647e-07,7.077448385256767e-07,0.0007683813883937225,0.0008412757208702013,-0.09486738431921427,-1.1733488049581203e-07,0.05316154811423236,0.5794392523364486,0.6355140186915887,1.0,2.7253687190670833e-07,5.350573061820762e-07,0.014835029340854296
2023-07-10,2021-08-16,1.7339827247193517e-06,1.2197893202288213e-06,0.004877281308999371,2023-07-05,250,27858,176,0.01,1.0943045081549262e-06,8.04235973968549e-07,1.0943045081549262e-06,8.04235973968549e-07,0.001046090105179724,0.0008967920461113318,0.1427200757651197,2.900685341863772e-07,0.053161548114232356,0.5170454545454546,0.4375,1.0,1.483015118272544e-07,1.8968525062589263e-07,0.014872577813248203
2023-07-14,2021-08-18,1.0258053202535055e-06,1.028733497004752e-06,0.004880864910255066,2023-07-07,250,27921,102,0.01,8.172270378133307e-07,8.959614952061801e-07,8.172270378133307e-07,8.959614952061801e-07,0.000904006104964635,0.000946552426020968,-0.04706419660517369,-7.873445739284937e-08,0.05325636630043148,0.5784313725490197,0.5294117647058824,1.0,3.395154877084139e-07,5.918707814094508e-07,0.014508339265059171
2023-07-17,2021-08-20,1.2802121278072977e-06,9.70840290551456e-07,0.004877025538832662,2023-07-10,250,28035,100,100.0,9.100682045774547e-07,7.167402804739458e-07,9.100682045774547e-07,7.167402804739458e-07,0.0009539749496592951,0.0008466051502760574,0.1125499148815009,1.933279241035089e-07,0.05344597570562601,0.63,0.59,1.0,4.6399050374487275e-08,1.2384025695975528e-07,0.01451738114316239
2023-07-19,2021-08-23,1.412269310241624e-06,1.1463516211242353e-06,0.004800495535022969,2023-07-14,250,28013,78,100.0,1.8710981397202909e-06,1.396915971945983e-06,1.8710981397202909e-06,1.396915971945983e-06,0.001367880893835531,0.0011819119983932742,0.13595401199062063,4.741821677743078e-07,0.053445975705626016,0.20512820512820512,0.16666666666666666,1.0,2.264379993559148e-06,1.6116854155074815e-06,0.014360441665382327
2023-07-21,2021-08-25,2.178463635817678e-06,2.128411282586446e-06,0.004815409309791331,2023-07-17,250,27989,197,100.0,1.4534271205343637e-06,1.6008132787492018e-06,1.4534271205343637e-06,1.6008132787492018e-06,0.0012055816523713206,0.0012652324998786593,-0.04947889459831134,-1.4738615821483809e-07,0.05344597570562602,0.3756345177664975,0.4263959390862944,1.0,4.1510322210393803e-07,8.452408288094453e-07,0.014424275730903628
2023-07-24,2021-08-27,5.656756824665262e-07,4.691347371975657e-07,0.004845264145045326,2023-07-19,250,28005,199,1.0,4.5251900741957314e-07,4.096669737391234e-07,4.5251900741957314e-07,4.096669737391234e-07,0.0006726953303090287,0.0006400523210950207,0.04852569617067526,4.2852033680449736e-08,0.0535407669280298,0.5678391959798995,0.4472361809045226,1.0,2.8063545038622703e-07,3.1933619380224895e-07,0.01442427573090363
2023-07-26,2021-08-30,1.7235852073124884e-06,1.5579547205897092e-06,0.004803222807561202,2023-07-21,250,28102,85,100.0,1.0234563159352487e-06,1.0825042088695153e-06,1.0234563159352487e-06,1.0825042088695153e-06,0.0010116601780910666,0.0010404346249858832,-0.028442798795453195,-5.904789293426661e-08,0.053635549165909395,0.49411764705882355,0.5411764705882353,1.0,3.0665768904902733e-07,5.957334468702696e-07,0.014321028016862816
2023-07-28,2021-09-01,1.4331190185278445e-06,1.6472680674632523e-06,0.004813166338888312,2023-07-24,250,28194,192,100.0,9.715091711835902e-07,1.150898889536831e-06,9.715091711835902e-07,1.150898889536831e-06,0.0009856516479890805,0.0010727995570174473,-0.08841654067759674,-1.793897183532408e-07,0.05363554916590941,0.609375,0.6927083333333334,1.0,2.3542860379680596e-07,3.593912814919971e-07,0.014414393688258307
2023-07-31,2021-09-03,1.48954558080571e-06,1.1102119345277077e-06,0.00474901700454476,2023-07-26,250,28213,149,100.0,1.2019752803781566e-06,9.071553423629704e-07,1.2019752803781566e-06,9.071553423629704e-07,0.0010963463323139073,0.000952447028638848,0.13125350943743375,2.9481993801518616e-07,0.0537303224209678,0.5167785234899329,0.48322147651006714,1.0,1.5054636943991328e-07,1.6472967726064889e-07,0.014274641075024075
2023-08-02,2021-09-08,2.0486708125295027e-06,1.9414981451753175e-06,0.004754479691214437,2023-07-28,250,28349,81,100.0,1.6407823395859944e-06,1.5053512224637549e-06,1.6407823395859944e-06,1.5053512224637549e-06,0.0012809302633578436,0.001226927553877471,0.042158976975693596,1.3543111712223947e-07,0.05391984198943044,0.35802469135802467,0.3333333333333333,1.0,1.1792243307288662e-06,1.0118165467638281e-06,0.014288400368033652
2023-08-04,2021-09-10,1.2048121536315788e-05,1.2749577814399769e-05,0.004864780038709003,2023-07-31,250,28448,142,0.01,5.647840782294818e-06,6.065720418522631e-06,5.647840782294818e-06,6.065720418522631e-06,0.0023765186265406837,0.0024628683315440617,-0.03633453743599335,-4.17879636227813e-07,0.05391984198943044,0.4014084507042254,0.39436619718309857,1.0,2.4500637954984216e-07,4.2350313628868116e-07,0.014531612601372423
2023-08-07,2021-09-13,7.583076960588474e-06,6.6250895144553405e-06,0.0038463651849002687,2023-08-02,250,28468,175,0.01,4.429726125769595e-06,3.94547645800198e-06,4.429726125769595e-06,3.94547645800198e-06,0.0021046914561924737,0.0019863223449384996,0.056240600447968525,4.842496677676154e-07,0.05391984198943046,0.48,0.44,1.0,3.220717488344784e-07,4.5492787130615706e-07,0.01459763434121886
2023-08-09,2021-09-17,2.919764419212531e-06,3.079185677187959e-06,0.00389321468298109,2023-08-04,250,28492,76,0.01,1.550801730049604e-06,1.7120714187457206e-06,1.550801730049604e-06,1.7120714187457206e-06,0.0012453119007098598,0.0013084614701036178,-0.05070984173343329,-1.6126968869611666e-07,0.05420405401351213,0.5789473684210527,0.5657894736842105,1.0,1.8183904088667708e-07,3.4495716030348164e-07,0.01453452701949861
2023-08-11,2021-09-20,2.4921141992689666e-06,3.080442290063893e-06,0.0039332471764904195,2023-08-07,250,28561,132,0.01,1.6329316154223798e-06,2.0998924277465216e-06,1.6329316154223798e-06,2.0998924277465216e-06,0.0012778621269222982,0.0014491005581899834,-0.13400383942836536,-4.669608123241418e-07,0.05391984198943043,0.3484848484848485,0.3712121212121212,1.0,9.998497115354207e-07,1.3773820028810897e-06,0.014627097396335586
2023-08-14,2021-09-22,2.0954419953721467e-06,2.0504675651524215e-06,0.0052871365093649795,2023-08-09,250,28526,170,100.0,1.2189598230060372e-06,1.246464090560934e-06,1.2189598230060372e-06,1.246464090560934e-06,0.0011040651353095238,0.001116451562120334,-0.011218927592834271,-2.7504267554896864e-08,0.05391984198943044,0.6176470588235294,0.6176470588235294,1.0,5.431912821819311e-08,1.781307065147107e-07,0.014635631100639519
2023-08-18,2021-09-24,2.3220165870332444e-06,2.279472793728284e-06,0.005402298850574715,2023-08-11,250,28596,191,0.01,1.9051635145270351e-06,1.927335637289524e-06,1.9051635145270351e-06,1.927335637289524e-06,0.0013802766079764718,0.0013882851426452434,-0.005802123011062532,-2.2172122762488962e-08,0.05410932564703194,0.4397905759162304,0.4607329842931937,1.0,1.3510539425370742e-06,1.4592508805599539e-06,0.01494961837310046
2023-08-21,2021-09-27,1.5415228339288069e-06,1.6233844665995532e-06,0.005387128202189236,2023-08-14,250,28656,216,0.01,8.368788938979863e-07,9.405701649739748e-07,8.368788938979863e-07,9.405701649739748e-07,0.0009148108514321342,0.000969829967042664,-0.060142613660952415,-1.0369127107598855e-07,0.05401458830623825,0.5185185185185185,0.5185185185185185,1.0,1.0564461650751183e-07,2.319892859285633e-07,0.01494242611683849
2023-08-23,2021-09-29,9.895673509849367e-06,7.793543856391674e-06,0.00530384246459403,2023-08-18,250,28746,76,100.0,5.462729234449658e-06,4.365185017346161e-06,5.462729234449658e-06,4.365185017346161e-06,0.0023372482184076337,0.002089302519346148,0.10608445312257464,1.0975442171034971e-06,0.05420405401351213,0.39473684210526316,0.3026315789473684,1.0,1.0297849590499479e-06,9.368261783006483e-07,0.014886155426223893
2023-08-25,2021-10-01,3.293488296985089e-06,3.4474204586043204e-06,0.0053294024265789774,2023-08-21,250,28905,175,100.0,2.1338225807033694e-06,2.3541845578194256e-06,2.1338225807033694e-06,2.3541845578194256e-06,0.0014607609594671433,0.001534335216899953,-0.05036707543145735,-2.203619771160563e-07,0.05429877340737883,0.48,0.5142857142857142,1.0,6.232053976521826e-07,9.301009502180485e-07,0.014929087413307696
2023-08-28,2021-10-04,2.428624373940664e-06,2.1975135932202864e-06,0.005262863221544145,2023-08-23,250,28873,169,100.0,1.4746115780335964e-06,1.3996615012202054e-06,1.4746115780335964e-06,1.3996615012202054e-06,0.0012143358588272012,0.0011830729061305585,0.025744897895740526,7.4950076813391e-08,0.05458287777029171,0.591715976331361,0.5857988165680473,1.0,1.5780518368299597e-07,2.984008671919245e-07,0.014824576675682438
2023-08-30,2021-10-06,1.0336382286276032e-05,7.746205502390499e-06,0.005105366065609384,2023-08-25,250,28944,75,100.0,6.098964977632641e-06,4.679187729855209e-06,6.098964977632641e-06,4.679187729855209e-06,0.0024696082640031478,0.002163143021128101,0.12409467822976805,1.419777247777432e-06,0.05410932564703195,0.4,0.29333333333333333,1.0,1.7470228768637508e-06,1.5292775850892343e-06,0.014521259684744854
2023-09-01,2021-10-08,3.2995920476671013e-06,3.484399021076708e-06,0.005003459839250545,2023-08-28,250,29056,168,100.0,2.5675610734564397e-06,2.9050011147576525e-06,2.5675610734564397e-06,2.9050011147576525e-06,0.0016023610933420843,0.001704406381928222,-0.06368432746535246,-3.374400413012128e-07,0.054109325647031956,0.20238095238095238,0.27380952380952384,1.0,1.2151648668638625e-06,1.834588033591939e-06,0.014482888864216718
2023-09-06,2021-10-11,5.033896450855409e-06,4.0158709497346e-06,0.004955192409066947,2023-08-30,250,29076,72,100.0,3.902499042451567e-06,3.371196562787844e-06,3.902499042451567e-06,3.371196562787844e-06,0.0019754743841547445,0.001836081850786572,0.07056154941123927,5.313024796637228e-07,0.054014588306238245,0.2638888888888889,0.2222222222222222,1.0,2.6379960565884474e-06,2.65067813031794e-06,0.014518673760128217
2023-09-08,2021-10-15,1.7398077500168998e-06,1.8945751317372566e-06,0.005293985131786436,2023-09-01,250,29142,94,100.0,1.3490691328756986e-06,1.543155495713718e-06,1.3490691328756986e-06,1.543155495713718e-06,0.001161494353355064,0.0012422380994453993,-0.06951712322759107,-1.940863628380193e-07,0.05382508669490745,0.44680851063829785,0.5106382978723404,1.0,2.7063054956598267e-07,5.732373002887497e-07,0.014661951219512194
2023-09-11,2021-10-18,1.4309325050249568e-06,1.2820355494325095e-06,0.0052755640363677195,2023-09-06,250,29095,154,100.0,1.0753660297821051e-06,1.1639159986016278e-06,1.0753660297821051e-06,1.1639159986016278e-06,0.0010369985678785217,0.0010788493864305748,-0.04035764353818827,-8.854996881952267e-08,0.054014588306238245,0.42207792207792205,0.42207792207792205,1.0,3.9777708639478334e-07,9.388202507918348e-07,0.014639901687915251
2023-09-15,2021-10-20,2.178224248184765e-06,1.919716037073289e-06,0.005348810743143279,2023-09-08,250,29062,172,100.0,2.0769072493087248e-06,1.8431906316467355e-06,2.0769072493087248e-06,1.8431906316467355e-06,0.001441147892934214,0.0013576415696518486,0.057944312094398875,2.337166176619893e-07,0.054014588306238245,0.4418604651162791,0.36627906976744184,1.0,1.921951839263016e-06,1.7261517762884768e-06,0.014482567279509723
2023-09-18,2021-10-22,2.9606947822181442e-06,2.794698564934308e-06,0.005371121650191418,2023-09-11,250,29153,177,100.0,1.7215061540249231e-06,1.6451312269630645e-06,1.7215061540249231e-06,1.6451312269630645e-06,0.0013120617950481308,0.0012826266904142703,0.022434236516109207,7.637492706185862e-08,0.054109325647031956,0.3898305084745763,0.3954802259887006,1.0,1.1217027325450576e-07,1.5218663219521714e-07,0.014681056453977485
2023-09-20,2021-10-25,2.2961780233102327e-06,2.4146150369331123e-06,0.005249343832020997,2023-09-15,250,29191,83,100.0,2.2744673846671285e-06,2.3211399559722836e-06,2.2744673846671285e-06,2.3211399559722836e-06,0.0015081337423011026,0.0015235287840970658,-0.01020800832456259,-4.6672571305155097e-08,0.05391984198943045,0.13253012048192772,0.10843373493975904,1.0,2.254271441743311e-06,2.2341863922877908e-06,0.014702943235978407
2023-09-22,2021-10-27,9.300111212113417e-07,1.1066271727274133e-06,0.005404473063876271,2023-09-18,250,29236,192,100.0,7.57429219466882e-07,8.523585055184696e-07,7.57429219466882e-07,8.523585055184696e-07,0.0008703040959727134,0.0009232326388936158,-0.06081614824729242,-9.492928605158766e-08,0.05420405401351213,0.546875,0.5104166666666666,1.0,5.158145570246386e-07,4.963823714259491e-07,0.015088759591089271
2023-09-25,2021-10-29,8.852304828482465e-07,7.595011938144372e-07,0.005377882029864408,2023-09-20,250,29252,195,1.0,5.564308713297534e-07,5.117574633720933e-07,5.564308713297534e-07,5.117574633720933e-07,0.0007459429410683859,0.0007153722551036581,0.04098260641885365,4.467340795766007e-08,0.054109325647031956,0.4512820512820513,0.5128205128205128,1.0,1.0332896765183002e-07,1.7035451776252176e-07,0.015122763812090517
2023-09-27,2021-11-01,3.527392184407206e-06,3.0231296657615612e-06,0.005466387531984185,2023-09-22,250,29328,82,0.01,1.8642562086848668e-06,1.6694336718862416e-06,1.8642562086848668e-06,1.6694336718862416e-06,0.0013653776798691513,0.0012920656608261987,0.05369358245989375,1.9482253679862526e-07,0.05429877340737882,0.34146341463414637,0.43902439024390244,1.0,4.2791150237921037e-07,5.003325862666471e-07,0.01528397670705363
2023-09-29,2021-11-03,4.612538920172115e-06,4.692844367688499e-06,0.005507059581697817,2023-09-25,250,29444,174,0.01,2.495949866373328e-06,2.5749347641615216e-06,2.495949866373328e-06,2.5749347641615216e-06,0.0015798575462279275,0.0016046603267238588,-0.01569937780475872,-7.898489778819355e-08,0.05410932564703194,0.5344827586206896,0.5689655172413793,1.0,6.579206386360925e-08,1.4326077492684317e-07,0.015189816111266689
2023-10-02,2021-11-05,2.514574316722034e-06,2.62625887742482e-06,0.005490333508556744,2023-09-27,250,29463,218,0.01,1.2635609282697158e-06,1.3482547460494464e-06,1.2635609282697158e-06,1.3482547460494464e-06,0.0011240822604550416,0.0011611437232528308,-0.032970418715429384,-8.46938177797306e-08,0.054014588306238245,0.43119266055045874,0.41284403669724773,1.0,1.0111485935384594e-07,1.6072878326701948e-07,0.015226770843080382
2023-10-04,2021-11-08,8.161506697964709e-07,1.349888173467932e-06,0.0054524361948955925,2023-09-29,250,29559,81,0.01,7.43421009842576e-07,9.891196608741324e-07,7.43421009842576e-07,9.891196608741324e-07,0.000862218655471207,0.000994544951660875,-0.15347185467397595,-2.4569865103155644e-07,0.05467756129069573,0.4074074074074074,0.3950617283950617,1.0,6.822619776086192e-07,6.857461389202553e-07,0.015439502834507462
2023-10-06,2021-11-10,2.5667975603275554e-06,2.5328380962374185e-06,0.005374192441827226,2023-10-02,250,29677,102,100.0,2.0334340147761856e-06,1.9741603123756804e-06,2.0334340147761856e-06,1.9741603123756804e-06,0.0014259852785972883,0.0014050481530451832,0.014682567812130953,5.9273702400505245e-08,0.054582877770291714,0.4215686274509804,0.35294117647058826,1.0,1.1351375170054583e-06,1.0332293079769649e-06,0.01533366313309777
2023-10-09,2021-11-12,6.996894053080097e-07,8.253519429835037e-07,0.005296073018198209,2023-10-04,250,29698,174,100.0,4.512087851677664e-07,5.231472967138763e-07,4.512087851677664e-07,5.231472967138763e-07,0.0006717207642821281,0.0007232892206537273,-0.07677067483050148,-7.193851154610987e-08,0.05477223584697943,0.5229885057471264,0.5172413793103449,1.0,1.5240297613835964e-07,1.597366461364762e-07,0.0151537458676724
2023-10-13,2021-11-15,1.1382810881208947e-06,9.161623065227028e-07,0.00520170438824636,2023-10-06,250,29723,105,0.01,2.768948629414761e-06,2.3832153503647416e-06,2.768948629414761e-06,2.3832153503647416e-06,0.001664015814051886,0.001543766611364795,0.07226445907042423,3.857332790500195e-07,0.05477223584697944,0.3238095238095238,0.26666666666666666,1.0,5.765851137738626e-06,5.079420944452813e-06,0.015009777244846192
2023-10-16,2021-11-19,5.161746426499754e-07,4.866767153493007e-07,0.005255800950517193,2023-10-09,250,29797,109,0.01,1.0110811358840754e-06,9.207688063450745e-07,1.0110811358840754e-06,9.207688063450745e-07,0.0010055253034529142,0.0009595669889825695,0.045705776187358604,9.031232953900089e-08,0.054677561290695724,0.41284403669724773,0.43119266055045874,1.0,1.9357748469267364e-06,1.7318356079424412e-06,0.015084913093858633
2023-10-18,2021-11-22,9.478867196613701e-07,1.506453667167268e-06,0.0053062376517075925,2023-10-13,250,29789,82,100.0,7.87349996828875e-07,1.1568160134959776e-06,7.87349996828875e-07,1.1568160134959776e-06,0.0008873274462276454,0.0010755538171081805,-0.2121272949245001,-3.694660166671027e-07,0.054677561290695724,0.43902439024390244,0.5121951219512195,1.0,6.417469226319607e-07,8.397027927243419e-07,0.014928535388284944
2023-10-20,2021-11-24,6.519256424200778e-07,8.787867275950468e-07,0.0053573464037387445,2023-10-16,250,29770,198,100.0,2.5213017272512273e-06,2.273171122653275e-06,2.5213017272512273e-06,2.273171122653275e-06,0.0015878607392498963,0.001507703924069071,0.05048101083391687,2.4813060459795217e-07,0.054488185284069734,0.32323232323232326,0.3383838383838384,1.0,5.0583121280935026e-06,4.165549944518014e-06,0.015264263771310656
2023-10-23,2021-11-26,3.4954337739344057e-07,3.984251112483173e-07,0.005437297547431744,2023-10-18,250,29780,201,0.01,1.693211296044555e-06,1.7900098711626254e-06,1.693211296044555e-06,1.7900098711626254e-06,0.001301234527686902,0.0013379125050475556,-0.02818706127161641,-9.679857511807034e-08,0.0542987734073788,0.29850746268656714,0.3482587064676617,1.0,3.64316839750166e-06,3.809504827623633e-06,0.015454165578480025
2023-10-25,2021-11-29,1.188498922351277e-06,1.7775584577554034e-06,0.005419741697416973,2023-10-20,250,29896,80,0.01,1.5029646582179888e-06,1.4333798156087648e-06,1.5029646582179888e-06,1.4333798156087648e-06,0.0012259545906019476,0.001197238412183958,0.023423525339458018,6.958484260922401e-08,0.054298773407378806,0.5125,0.575,1.0,1.7475491194476533e-06,1.1656853161613793e-06,0.015365153553808748
2023-10-27,2021-12-01,1.1323081882679883e-06,1.045065791788119e-06,0.005632452513631733,2023-10-23,250,29982,192,0.01,1.813477763554099e-06,1.478883937280067e-06,1.813477763554099e-06,1.478883937280067e-06,0.0013466542850910546,0.0012160937205988964,0.09695180562495309,3.345938262740321e-07,0.054393483830331636,0.234375,0.2708333333333333,1.0,2.6530588679765147e-06,2.0135900235840957e-06,0.015777820870197547
2023-10-30,2021-12-03,6.964390988543157e-07,6.059709164941143e-07,0.005587920580192604,2023-10-25,250,29990,144,0.01,5.435770843614296e-07,4.962439124622823e-07,5.435770843614296e-07,4.962439124622823e-07,0.000737276803081061,0.0007044458193944245,0.04453006462353981,4.733317189914729e-08,0.05439348383033164,0.4791666666666667,0.4930555555555556,1.0,1.4613584667992547e-07,2.1095370197951882e-07,0.015849663971948962
2023-11-03,2021-12-08,,,,2023-10-27,250,30045,40,0.01,1.8930562276174683e-05,1.4412215462293015e-05,1.8930562276174683e-05,1.4412215462293015e-05,0.0043509265997227166,0.0037963423794875268,0.12746347416445347,4.518346813881668e-06,0.05391984198943043,0.275,0.15,1.0,1.8930562276174683e-05,1.4412215462293015e-05,0.015110827374872318
2023-11-06,2021-12-10,1.1132315872993305e-06,1.384613561438202e-06,0.004019247098782905,2023-10-30,250,30121,165,1.0,9.748043548731706e-07,1.213379712423094e-06,9.748043548731706e-07,1.213379712423094e-06,0.0009873218091752914,0.0011015351616825919,-0.11567996518045387,-2.3857535754992344e-07,0.053825086694907466,0.4484848484848485,0.40606060606060607,1.0,8.204047494747611e-07,1.0223881115985504e-06,0.014974211507051005
2023-11-08,2021-12-13,3.5093567604645227e-06,3.0575908823910585e-06,0.0039049609503904966,2023-11-03,250,30090,35,0.01,3.5093567604645227e-06,3.0575908823910585e-06,3.5093567604645227e-06,3.0575908823910585e-06,0.0018733277237217526,0.0017485968324319526,0.06658252568963019,4.517658780734642e-07,0.054014588306238245,0.6285714285714286,0.5714285714285714,1.0,,,
2023-11-09,2021-12-17,1.5901817447546571e-06,1.4017222552313863e-06,0.0038821149324730704,2023-11-06,250,30156,86,100.0,8.421959510315377e-07,7.775746831651356e-07,8.421959510315377e-07,7.775746831651356e-07,0.000917712346561567,0.0008818019523482218,0.03913033789715514,6.46212678664021e-08,0.05391984198943046,0.6627906976744186,0.6976744186046512,1.0,5.859178617874571e-08,1.2370579814334822e-07,0.014886540880503145
2023-11-10,2021-12-20,4.386551850857925e-06,4.083795399556796e-06,0.003892330464338577,2023-11-08,250,30083,152,100.0,2.638670580694992e-06,2.466458432019359e-06,2.638670580694992e-06,2.466458432019359e-06,0.001624398528900772,0.001570496237505636,0.033182923054979274,1.7221214867563312e-07,0.053919841989430436,0.5394736842105263,0.5,1.0,8.441791433277144e-07,8.059924786809238e-07,0.015003549695740363
2023-11-13,2021-12-22,9.636616531591568e-07,8.067146095181059e-07,0.005096566523605149,2023-11-09,250,30046,174,100.0,5.962795782257958e-07,4.950219677744619e-07,5.962795782257958e-07,4.950219677744619e-07,0.0007721914129448707,0.0007035779756178144,0.08885547828793938,1.0125761045133394e-07,0.05382508669490746,0.5517241379310345,0.4942528735632184,1.0,1.2255006054856747e-07,9.310250868397332e-08,0.014773019223349452
2023-11-17,2021-12-27,1.1779312715497885e-07,6.37043960689596e-07,0.005007643244952822,2023-11-10,250,30132,165,0.01,8.308745776674272e-08,5.006839659567696e-07,8.308745776674272e-08,5.006839659567696e-07,0.00028824895102453143,0.0007075902528700983,-1.4547886483371064,-4.1759650819002683e-07,0.0536355491659094,0.4666666666666667,0.6121212121212121,1.0,3.2323941348128685e-08,3.0123203336248613e-07,0.014457366235035426
2023-11-20,2021-12-29,4.5132737040769257e-07,8.151167409994626e-07,0.005008171226738362,2023-11-13,250,30188,188,0.01,2.748219943214397e-07,5.528589232576515e-07,2.748219943214397e-07,5.528589232576515e-07,0.0005242346748560607,0.0007435448360775909,-0.41834348573326663,-2.7803692893621185e-07,0.05354076692802981,0.5372340425531915,0.5851063829787234,1.0,6.093900918162739e-08,2.3506415587639844e-07,0.014439406375474173
2023-11-21,2021-12-31,4.902299263076911e-07,8.200881810967488e-07,0.004962131104727083,2023-11-17,250,30287,75,100.0,4.198843264938019e-07,8.190811607123314e-07,4.198843264938019e-07,8.190811607123314e-07,0.0006479848196476533,0.0009050310274859815,-0.39668553960584907,-3.991968342185295e-07,0.053919841989430436,0.32,0.5066666666666667,1.0,3.3948935527792847e-07,8.179302802729971e-07,0.014329106678994407
2023-11-22,2022-01-03,1.1979159381226764e-07,5.978142899251335e-07,0.0049832144355853964,2023-11-20,250,30379,176,100.0,3.0022187281881895e-07,6.990909450883613e-07,3.0022187281881895e-07,6.990909450883613e-07,0.0005479250613166174,0.0008361165858230306,-0.525968868468826,-3.9886907226954234e-07,0.05382508669490748,0.4659090909090909,0.5738636363636364,1.0,5.376301346695443e-07,8.323497018820819e-07,0.014360403291636327
2023-11-24,2022-01-05,1.5978630229785362e-06,1.5781342022249814e-06,0.004965762375202551,2023-11-21,250,30355,158,100.0,1.0037613232998243e-06,1.1540064953570083e-06,1.0037613232998243e-06,1.1540064953570083e-06,0.0010018788965238386,0.001074246943378015,-0.07223232978084249,-1.5024517205718406e-07,0.05391984198943045,0.5822784810126582,0.6962025316455697,1.0,1.7561956011131696e-07,5.627981766925613e-07,0.014305173398971475
2023-11-27,2022-01-07,5.791535496358731e-07,6.216604599936748e-07,0.0050007895983576345,2023-11-22,250,30482,162,100.0,4.142234954100527e-07,5.031315991747558e-07,4.142234954100527e-07,5.031315991747558e-07,0.0006436019697064737,0.0007093176997472683,-0.1021061667520462,-8.890810376470306e-08,0.05391984198943044,0.5679012345679012,0.5617283950617284,1.0,1.743252347179505e-07,3.3072598343814604e-07,0.014296376015813753
2023-11-29,2022-01-10,1.4935654761760362e-07,2.8641329127404794e-07,0.004989495798319329,2023-11-24,250,30594,76,100.0,3.6393816488414604e-07,3.871733508378444e-07,3.6393816488414604e-07,3.871733508378444e-07,0.0006032728776301368,0.0006222325536628925,-0.031428026579341184,-2.323518595369837e-08,0.0532563663004315,0.5,0.5394736842105263,1.0,5.901187884894203e-07,4.93379900107792e-07,0.014308003429098983
2023-12-01,2022-01-14,3.2168530064933314e-07,5.893647802945892e-07,0.005001316135825217,2023-11-27,250,30655,127,100.0,3.9718750057852626e-07,6.848082353958836e-07,3.9718750057852626e-07,6.848082353958836e-07,0.0006302281337567582,0.000827531410519192,-0.31306643768236575,-2.8762073481735735e-07,0.05306672093669221,0.49606299212598426,0.5984251968503937,1.0,7.385887524322692e-07,1.116378641071302e-06,0.014261919368974585
2023-12-04,2022-01-21,5.538757223890787e-07,3.7489755810442994e-07,0.004967580004183225,2023-11-29,250,30681,178,100.0,1.0407875635536192e-06,9.821948070046608e-07,1.0407875635536192e-06,9.821948070046608e-07,0.001020189964444671,0.0009910574186214746,0.028556001174795287,5.859275654895839e-08,0.05287703960076691,0.4943820224719101,0.4550561797752809,1.0,1.6794641344317823e-06,1.7787795101075607e-06,0.014178043999128734
2023-12-06,2022-01-24,1.4449303852784406e-06,1.217521825177961e-06,0.004911591355599214,2023-12-01,250,30684,67,100.0,8.272834792559663e-07,8.574628173852303e-07,8.272834792559663e-07,8.574628173852303e-07,0.0009095512515828705,0.0009259928819301098,-0.018076639792014237,-3.017933812926406e-08,0.05306672093669224,0.3582089552238806,0.29850746268656714,1.0,1.517321757938848e-07,4.636482776119313e-07,0.014255672360928603
2023-12-08,2022-01-26,5.395236838160934e-07,8.782627476013228e-07,0.004890101405260719,2023-12-04,250,30758,118,0.01,5.030287990961312e-07,8.441856637758267e-07,5.030287990961312e-07,8.441856637758267e-07,0.0007092452319868856,0.0009187957682618192,-0.29545568559960134,-3.4115686467969547e-07,0.05297188476610573,0.5,0.5084745762711864,1.0,4.5827092160938514e-07,8.023930138011613e-07,0.014204962573380183
2023-12-11,2022-01-28,1.0726420565086232e-06,8.896086694099215e-07,0.0048541208931582435,2023-12-06,250,30751,159,0.01,7.30870838302881e-07,7.307595907739939e-07,7.30870838302881e-07,7.307595907739939e-07,0.0008549098422072827,0.0008548447758359374,7.610904464183665e-05,1.112475288870971e-10,0.05297188476610573,0.6415094339622641,0.6289308176100629,1.0,2.366170765899622e-07,5.010393847466527e-07,0.014144154715341155
2023-12-13,2022-01-31,,,,2023-12-08,250,30792,28,0.01,3.183525026573503e-06,2.1831840249565287e-06,3.183525026573503e-06,2.1831840249565287e-06,0.001784243544635514,0.0014775601595050296,0.1718842621303326,1.0003410016169745e-06,0.05316154811423237,0.32142857142857145,0.21428571428571427,1.0,3.183525026573503e-06,2.1831840249565287e-06,0.014025296272355098
2023-12-15,2022-02-02,2.839582310674678e-06,2.587042571786993e-06,0.004795315733683306,2023-12-11,250,30852,101,0.01,3.568127138008518e-06,3.2040120891893007e-06,3.568127138008518e-06,3.2040120891893007e-06,0.0018889486859119593,0.0017899754437391874,0.05239594008610615,3.641150488192172e-07,0.0528770396007669,0.5742574257425742,0.6237623762376238,1.0,6.184265381616396e-06,5.41949353804304e-06,0.013790258680960154
2023-12-18,2022-02-04,1.0836032294038732e-06,1.4077396534292831e-06,0.004808422331325606,2023-12-13,250,30811,176,100.0,7.960737464973757e-07,9.521591271492589e-07,7.960737464973757e-07,9.521591271492589e-07,0.0008922296489678964,0.0009757864147185381,-0.09364939379373638,-1.560853806518832e-07,0.05297188476610571,0.42045454545454547,0.4943181818181818,1.0,5.564658440752943e-07,5.725086885825722e-07,0.014134645132422817
2023-12-20,2022-02-07,6.184316857990245e-07,8.093844803972623e-07,0.00482380420432619,2023-12-15,250,30825,82,0.01,9.596127063884377e-07,1.140295448916833e-06,9.596127063884377e-07,1.140295448916833e-06,0.0009795982372322021,0.0010678461728717452,-0.09008584569208966,-1.8068274252839535e-07,0.0528770396007669,0.3780487804878049,0.3902439024390244,1.0,1.3178527780073215e-06,1.4877519658623821e-06,0.013970628001010867
2023-12-22,2022-02-09,1.3420274680229763e-06,1.3570838068818693e-06,0.004879802753236079,2023-12-18,250,30892,191,100.0,1.2866360341681487e-06,1.1903061156801646e-06,1.2866360341681487e-06,1.1903061156801646e-06,0.001134299799069077,0.0010910115103334908,0.038163004852079796,9.632991848798408e-08,0.05278218543896946,0.41361256544502617,0.38219895287958117,1.0,1.2063894697374366e-06,9.486922809905166e-07,0.014033875608208164
2023-12-27,2022-02-11,1.2902430251436305e-07,2.482396587251971e-07,0.00492100492100492,2023-12-20,250,30938,82,100.0,7.816100940947207e-07,7.940508170205094e-07,7.816100940947207e-07,7.940508170205094e-07,0.0008840871529972148,0.0008910952906510669,-0.007926976011463527,-1.244072292578869e-08,0.05306672093669223,0.32926829268292684,0.3170731707317073,1.0,1.4668251752540966e-06,1.3671525332305874e-06,0.013946836959949544
2023-12-29,2022-02-14,5.923777902758334e-07,8.994144822652766e-07,0.004907531769810931,2023-12-22,250,31064,138,0.01,6.873213329230167e-07,9.725098857099555e-07,6.873213329230167e-07,9.725098857099555e-07,0.0008290484502868435,0.0009861591584069762,-0.18950726952782282,-2.8518855278693873e-07,0.05306672093669224,0.5579710144927537,0.5942028985507246,1.0,1.0150296898020045e-06,1.2248069234061052e-06,0.013916408986972665
2024-01-03,2022-02-16,4.561869766309663e-06,3.730663169343786e-06,0.005117431588019824,2023-12-27,250,31042,76,0.01,2.5775958040896895e-06,2.231586555747539e-06,2.5775958040896895e-06,2.231586555747539e-06,0.0016054892724928715,0.0014938495760107638,0.06953624567591332,3.460092483421503e-07,0.053161548114232356,0.32894736842105265,0.42105263157894735,1.0,6.9507948095792e-07,8.093856659254604e-07,0.014035360203110124
2024-01-05,2022-02-23,2.2323550380823974e-06,2.1346306784635464e-06,0.005222362706833052,2023-12-29,250,31109,99,0.01,1.4521078933469404e-06,1.4508053282373357e-06,1.4521078933469404e-06,1.4508053282373357e-06,0.0012050343950887627,0.0012044938058111115,0.0004486090022446376,1.3025651096047718e-09,0.05335117549699458,0.6363636363636364,0.5757575757575758,1.0,1.9960589785054842e-07,3.5308568708473386e-07,0.014196655110426299
2024-01-08,2022-02-25,1.8353273387190525e-06,1.8935352393323448e-06,0.005243404349265921,2024-01-03,250,31122,121,0.01,1.4154188428931168e-06,1.4351754308463236e-06,1.4154188428931168e-06,1.4351754308463236e-06,0.0011897137651103802,0.001197988076253818,-0.006954875522239723,-1.97565879532068e-08,0.0532563663004315,0.48760330578512395,0.4462809917355372,1.0,4.239682277485458e-07,3.5293699414321753e-07,0.014177237561976407
2024-01-10,2022-02-28,,,,2024-01-05,250,31107,69,100.0,2.3250880932068384e-07,3.0888311507977983e-07,2.3250880932068384e-07,3.0888311507977983e-07,0.00048219167280313317,0.0005557725389759554,-0.1525967168720963,-7.637430575909599e-08,0.0532563663004315,0.17391304347826086,0.057971014492753624,1.0,2.3250880932068384e-07,3.0888311507977983e-07,0.013998930108888323
2024-01-12,2022-03-02,3.457783046057966e-06,3.1856886229574025e-06,0.00511881028072633,2024-01-08,250,31119,92,100.0,2.437845831595595e-06,2.330811441280451e-06,2.437845831595595e-06,2.330811441280451e-06,0.0015613602504212778,0.0015266995255388176,0.022199056798780537,1.0703439031514413e-07,0.05316154811423236,0.4891304347826087,0.5,1.0,5.254635544786485e-07,7.279167256361667e-07,0.013926341975438227
2024-01-17,2022-03-04,,,,2024-01-10,250,31113,42,1.0,9.63706964898167e-07,8.318711089487949e-07,9.63706964898167e-07,8.318711089487949e-07,0.0009816857770682873,0.0009120696842614576,0.07091484305164497,1.318358559493722e-07,0.05306672093669224,0.047619047619047616,0.0,1.0,9.63706964898167e-07,8.318711089487949e-07,0.013967980544501294
2024-01-19,2022-03-07,6.641520631828085e-06,5.223111416389945e-06,0.005036314478078777,2024-01-12,250,31145,179,100.0,5.521862944861748e-06,4.445595051612774e-06,5.521862944861748e-06,4.445595051612774e-06,0.0023498644524443846,0.002108457979570087,0.102732084237106,1.076267893248974e-06,0.05306672093669224,0.2905027932960894,0.21787709497206703,1.0,4.038680034854394e-06,3.415638308661201e-06,0.01392225020462129
2024-01-22,2022-03-09,1.0890364609213527e-06,1.0448313958819307e-06,0.004959281687199834,2024-01-17,250,31072,193,100.0,6.902598418260387e-07,6.951925953756318e-07,6.902598418260387e-07,6.951925953756318e-07,0.0008308187779690819,0.0008337821030554876,-0.0035667526601281807,-4.932753549593052e-09,0.05306672093669223,0.47150259067357514,0.47150259067357514,1.0,8.950545461751395e-08,1.6846401279471385e-07,0.013750830172252962
2024-01-24,2022-03-11,3.451706812237053e-07,3.468290931000948e-07,0.0048673019776616444,2024-01-19,250,31184,85,100.0,4.085007834073704e-07,4.887254576623726e-07,4.085007834073704e-07,4.887254576623726e-07,0.0006391406601111921,0.0006990890198410876,-0.09379525270613542,-8.022467425500215e-08,0.05306672093669222,0.4588235294117647,0.3764705882352941,1.0,4.703580925169967e-07,6.273219067697135e-07,0.013681914367033783
2024-01-26,2022-03-14,9.355339098107526e-07,8.011633161944847e-07,0.0048926198691867945,2024-01-22,250,31321,139,100.0,8.438459900880594e-07,7.314578801665032e-07,8.438459900880594e-07,7.314578801665032e-07,0.0009186109024434989,0.000855253108831826,0.06897130596114376,1.1238810992155621e-07,0.05297188476610571,0.4244604316546763,0.4316546762589928,1.0,5.493332782515297e-07,5.07555570500866e-07,0.013593043460443006
2024-01-29,2022-03-18,1.2088579009334065e-06,9.440388795770644e-07,0.004937116723833281,2024-01-24,250,31279,165,100.0,8.587912154322187e-07,6.721699540038784e-07,8.587912154322187e-07,6.721699540038784e-07,0.0009267098874147285,0.0008198597160513977,0.11530056257564492,1.866212614283403e-07,0.05297188476610573,0.43636363636363634,0.41818181818181815,1.0,1.9550696921944135e-07,1.5704988449678921e-07,0.013610334215547484
2024-01-31,2022-03-21,3.003035503836946e-06,2.7344757026964855e-06,0.005052116570942351,2024-01-26,250,31302,110,100.0,1.445628855907192e-06,1.3917023980822145e-06,1.445628855907192e-06,1.3917023980822145e-06,0.0012023430691392503,0.0011797043689341048,0.01882881915005541,5.3926457824977446e-08,0.05278218543896946,0.2636363636363636,0.2545454545454545,1.0,6.236642361664882e-07,6.830164873135711e-07,0.01351384831632341
2024-02-02,2022-03-23,1.0640601683243705e-05,1.1345269526285604e-05,0.005084020122016483,2024-01-29,250,31322,95,100.0,7.164504261415106e-06,7.395280817027002e-06,7.164504261415106e-06,7.395280817027002e-06,0.002676659160486278,0.0027194265603297696,-0.015977902780764275,-2.3077655561189592e-07,0.05278218543896947,0.28421052631578947,0.3157894736842105,1.0,1.715486681251353e-06,1.203406624135142e-06,0.013560533524121014
2024-02-05,2022-03-25,3.476460565161078e-07,5.419344730001188e-07,0.005111649179445788,2024-01-31,250,31358,182,100.0,2.429585313998903e-07,4.0078195525362074e-07,2.429585313998903e-07,4.0078195525362074e-07,0.0004929082383161092,0.0006330734201130392,-0.28436364195446884,-1.5782342385373043e-07,0.0528770396007669,0.4230769230769231,0.45054945054945056,1.0,1.5322636701456103e-07,2.797940828994795e-07,0.013419263679579246
2024-02-07,2022-03-28,6.665861844024791e-07,6.820470843179254e-07,0.005018489170628632,2024-02-02,250,31355,72,0.01,5.361607728351911e-07,5.175116299154927e-07,5.361607728351911e-07,5.175116299154927e-07,0.0007322299999557455,0.0007193828118015419,0.01754529062586907,1.8649142919698404e-08,0.05297188476610572,0.4444444444444444,0.4027777777777778,1.0,4.127853835147835e-07,3.6186998385913725e-07,0.013429314952022353
2024-02-09,2022-03-30,2.4610583571371875e-07,5.24756959477585e-07,0.005044604927782497,2024-02-05,250,31410,123,0.01,1.7554928812814777e-07,3.102784619938439e-07,1.7554928812814777e-07,3.102784619938439e-07,0.00041898602378617327,0.0005570264464043372,-0.32946307223033267,-1.3472917386569613e-07,0.05297188476610572,0.4959349593495935,0.4796747967479675,1.0,1.2033112045248352e-07,1.424257248326553e-07,0.013312355514528817
2024-02-12,2022-04-01,6.604271713164103e-07,3.2588864739718686e-07,0.0050833995234312946,2024-02-07,250,31413,133,100.0,5.503314060576242e-07,3.9721587251622975e-07,5.503314060576242e-07,3.9721587251622975e-07,0.0007418432489802844,0.00063025064261469,0.15042612643437303,1.5311553354139448e-07,0.05297188476610571,0.39097744360902253,0.3684210526315789,1.0,4.4187886117583497e-07,4.6747851218573474e-07,0.013235859936153232
2024-02-14,2022-04-04,2.7108388970537213e-06,1.982851260953816e-06,0.005188067444876784,2024-02-09,250,31425,37,0.01,2.7108388970537213e-06,1.982851260953816e-06,2.7108388970537213e-06,1.982851260953816e-06,0.001646462540434407,0.001408137514930206,0.14474974052025547,7.279876360999051e-07,0.05306672093669223,0.5405405405405406,0.40540540540540543,1.0,,,
2024-02-16,2022-04-06,6.949411688281034e-07,5.987030169544272e-07,0.005221364081366257,2024-02-12,250,31443,181,100.0,1.015394328881339e-06,1.0028077276857786e-06,1.015394328881339e-06,1.0028077276857786e-06,0.0010076677671144092,0.0010014028798070128,0.0062172151495295536,1.2586601195560519e-08,0.0528770396007669,0.30386740331491713,0.3314917127071823,1.0,1.4787522765258823e-06,1.5871212959054355e-06,0.013214503695145515
2024-02-21,2022-04-08,2.8716258186523953e-07,3.0217855771103146e-07,0.005287508261731659,2024-02-14,250,31427,77,0.01,2.911906386954975e-07,3.452401264113208e-07,2.911906386954975e-07,3.452401264113208e-07,0.0005396208286338636,0.0005875713798436075,-0.08885971160738637,-5.4049487715823285e-08,0.05297188476610571,0.4805194805194805,0.2727272727272727,1.0,2.957781478632913e-07,3.94282468542206e-07,0.0133541609630405
2024-02-23,2022-04-11,2.3876124661537885e-06,2.7163311364483485e-06,0.005206920865650594,2024-02-16,250,31553,159,0.01,2.393238995335836e-06,2.3705697827847715e-06,2.393238995335836e-06,2.3705697827847715e-06,0.001547009694648303,0.0015396654775582817,0.004747363326440546,2.2669212551064737e-08,0.05306672093669222,0.36477987421383645,0.4276729559748428,1.0,2.4018127540894326e-06,1.8436953391069396e-06,0.013071552709359602
2024-02-26,2022-04-18,9.485222075221681e-07,9.740526144095307e-07,0.005259697567389873,2024-02-21,250,31509,124,0.01,7.137716689396765e-07,7.812554794479994e-07,7.137716689396765e-07,7.812554794479994e-07,0.0008448500866660762,0.0008838865761216194,-0.046205226313686065,-6.748381050832292e-08,0.05316154811423236,0.3951612903225806,0.46774193548387094,1.0,9.237318445661024e-08,2.709101221968872e-07,0.013062544058284928
2024-02-28,2022-04-20,8.499189435008506e-07,9.040130776841202e-07,0.005256529595356729,2024-02-23,250,31539,93,100.0,1.2813400886628773e-06,1.55767037425949e-06,1.2813400886628773e-06,1.55767037425949e-06,0.001131962936081777,0.0012480666545739815,-0.10256848063779422,-2.763302855966128e-07,0.05306672093669223,0.20430107526881722,0.17204301075268819,1.0,1.579412879865732e-06,2.0092881428024735e-06,0.01308625056713944
2024-03-01,2022-04-22,7.023077938868396e-07,6.772108038564191e-07,0.005311203319502076,2024-02-26,250,31595,158,100.0,1.1093781598020834e-06,1.0097264127104403e-06,1.1093781598020834e-06,1.0097264127104403e-06,0.001053270221644039,0.0010048514381292592,0.04596995388249325,9.96517470916431e-08,0.05306672093669223,0.35443037974683544,0.34177215189873417,1.0,2.070757109091276e-06,1.7950292336210005e-06,0.01305663084553613
2024-03-04,2022-04-25,1.7053833848225203e-06,1.1595753974347844e-06,0.005343426472225314,2024-02-28,250,31550,128,100.0,1.0375083991993351e-06,7.402635491607803e-07,1.0375083991993351e-06,7.402635491607803e-07,0.0010185815623696196,0.0008603856979057592,0.1553099627052299,2.9724485003855477e-07,0.05278218543896944,0.3828125,0.21875,1.0,1.788119891123835e-07,2.0114831566563266e-07,0.012935191576484349
2024-03-06,2022-04-27,2.5566802175982582e-06,2.113885694233787e-06,0.005643075476134495,2024-03-01,250,31545,102,0.01,1.8813135067929581e-06,1.5411332428240011e-06,1.8813135067929581e-06,1.5411332428240011e-06,0.0013716098230885335,0.0012414238771765271,0.09491470804638824,3.40180263968957e-07,0.05325636630043148,0.23529411764705882,0.18627450980392157,1.0,4.039488269063629e-07,2.8823725536509586e-07,0.013079800070980717
2024-03-08,2022-05-02,6.82149434951576e-07,7.995892256345642e-07,0.005680473372781064,2024-03-04,250,31600,131,0.01,5.483410467169447e-07,5.580270373490319e-07,5.483410467169447e-07,5.580270373490319e-07,0.0007405005379585789,0.0007470120730945597,-0.008793423910172793,-9.685990632087208e-09,0.053256366300431505,0.4732824427480916,0.4351145038167939,1.0,4.0391294513035843e-07,2.97293246818616e-07,0.012885944328975739
2024-03-11,2022-05-04,1.6689650564171e-06,1.416519092408351e-06,0.005622913371990862,2024-03-06,250,31604,157,100.0,1.2188777164448227e-06,1.1115364833101155e-06,1.2188777164448227e-06,1.1115364833101155e-06,0.001104027950934587,0.0010542943058321596,0.04504745107252639,1.0734123313470723e-07,0.053161548114232356,0.40764331210191085,0.4012738853503185,1.0,5.818310198686763e-07,6.798687904326136e-07,0.012963755569452045
2024-03-13,2022-05-06,,,,2024-03-08,250,31664,35,0.01,5.840115980839338e-07,7.517104166302933e-07,5.840115980839338e-07,7.517104166302933e-07,0.0007642065153372705,0.0008670123509098895,-0.13452624848042194,-1.676988185463595e-07,0.05335117549699458,0.2571428571428571,0.22857142857142856,1.0,5.840115980839338e-07,7.517104166302933e-07,0.012836822245442935
2024-03-15,2022-05-09,2.8648080477752886e-06,3.062507250402144e-06,0.005549132947976877,2024-03-11,250,31740,112,0.01,2.431904003312437e-06,2.549163276905866e-06,2.431904003312437e-06,2.549163276905866e-06,0.0015594563165771708,0.0015966099326090472,-0.02382472380722045,-1.1725927359342884e-07,0.053351175496994564,0.4732142857142857,0.4642857142857143,1.0,9.999906254737738e-07,8.511793645720283e-07,0.012882441013690647
2024-03-18,2022-05-11,2.1975243607356816e-06,2.222806943874932e-06,0.005561348627042056,2024-03-13,250,31655,140,100.0,1.3328794415141941e-06,1.3173693287753672e-06,1.3328794415141941e-06,1.3173693287753672e-06,0.0011545039807268722,0.001147767105633964,0.005835298279930234,1.551011273882697e-08,0.053351175496994585,0.30714285714285716,0.2571428571428571,1.0,4.682345222927064e-07,4.119317136758022e-07,0.013185858031108404
2024-03-20,2022-05-13,3.370543869204335e-06,3.299795638579115e-06,0.0054520672421626525,2024-03-15,250,31727,113,0.01,2.972908952691967e-06,2.8069914052379866e-06,2.972908952691967e-06,2.8069914052379866e-06,0.0017242125601827538,0.0016754078325106358,0.02830551684819249,1.6591754745398021e-07,0.053351175496994564,0.23893805309734514,0.19469026548672566,1.0,2.2472252300568953e-06,1.907623679390428e-06,0.0130355160846212
2024-03-22,2022-05-16,3.1693724719809004e-06,2.7926473186712855e-06,0.005601913987278983,2024-03-18,250,31809,185,0.01,2.2444076341311626e-06,2.0812167875105085e-06,2.2444076341311626e-06,2.0812167875105085e-06,0.0014981347182850956,0.0014426422936786888,0.03704101101797341,1.631908466206541e-07,0.05335117549699457,0.21081081081081082,0.17297297297297298,1.0,8.569603773565549e-07,1.0140709907693428e-06,0.012873508234392952
2024-03-25,2022-05-18,2.441622502421177e-07,3.6899144935608644e-07,0.0055723241235198515,2024-03-20,250,31859,182,100.0,2.217827509950202e-07,3.1901978002109065e-07,2.217827509950202e-07,3.1901978002109065e-07,0.0004709381604786558,0.0005648183602018357,-0.19934719163076786,-9.723702902607044e-08,0.05316154811423236,0.36813186813186816,0.521978021978022,1.0,1.8597555219966413e-07,2.3906510908509725e-07,0.012897960514955583
2024-03-27,2022-05-20,8.152353262253313e-07,7.223966675453902e-07,0.005656708502739968,2024-03-22,250,31969,78,100.0,6.230526738947215e-07,5.683087356571063e-07,6.230526738947215e-07,5.683087356571063e-07,0.0007893368570481943,0.0007538625442725658,0.044941918597705355,5.4743938237615205e-08,0.053161548114232356,0.34615384615384615,0.24358974358974358,1.0,4.20755145125659e-07,4.061109126168078e-07,0.012957626105896186
2024-04-01,2022-05-23,1.5264647285808838e-06,1.3140524639453268e-06,0.00559832050384885,2024-03-25,250,32017,101,0.01,1.5264647285808838e-06,1.3140524639453268e-06,1.5264647285808838e-06,1.3140524639453268e-06,0.0012355018124555236,0.001146321274314198,0.0721816327926561,2.1241226463555708e-07,0.05316154811423236,0.43564356435643564,0.38613861386138615,1.0,,,
2024-04-03,2022-05-25,1.6236537584716024e-07,5.324291574084655e-07,0.0056858564321250905,2024-03-27,250,31950,106,100.0,1.6435592584741574e-07,3.08733385282767e-07,1.6435592584741574e-07,3.08733385282767e-07,0.0004054083445705277,0.0005556378184418039,-0.37056334898686627,-1.4437745943535126e-07,0.05278218543896945,0.24528301886792453,0.46226415094339623,1.0,1.6542332222436435e-07,1.8878057994000112e-07,0.01295687687919204
2024-04-05,2022-05-27,1.339862404184439e-07,2.199240408316141e-07,0.00568653003198673,2024-04-01,250,31976,109,100.0,3.6153405422120416e-07,4.01293262726583e-07,3.6153405422120416e-07,4.01293262726583e-07,0.0006012770195352589,0.0006334771209180194,-0.05355285556672151,-3.975920850537884e-08,0.05268732227900648,0.46788990825688076,0.48623853211009177,1.0,7.699532072005175e-07,7.268277635637067e-07,0.013102590289824002
2024-04-08,2022-06-01,6.296252056721624e-07,7.620830327325092e-07,0.005661044934544167,2024-04-03,250,31964,168,100.0,5.614296813958126e-07,6.71410547916042e-07,5.614296813958126e-07,6.71410547916042e-07,0.0007492861145088788,0.0008193964534436562,-0.09356951580603012,-1.0998086652022937e-07,0.05287703960076691,0.42857142857142855,0.4523809523809524,1.0,4.7050231569401297e-07,5.505139014940857e-07,0.012967123816137184
2024-04-10,2022-06-03,9.840345933960165e-07,1.1064932435801763e-06,0.005658042081687983,2024-04-05,250,32001,64,100.0,2.5794323520524456e-06,2.5338063294933588e-06,2.5794323520524456e-06,2.5338063294933588e-06,0.0016060611296125828,0.0015917934317911224,0.008883658011760831,4.562602255908684e-08,0.05287703960076691,0.3125,0.375,1.0,3.602123222986054e-06,3.448750615335142e-06,0.01294490102441654
2024-04-12,2022-06-06,6.865573988788715e-06,6.3571401230483584e-06,0.005484460694698355,2024-04-08,250,32107,129,100.0,3.4204131002679974e-06,3.14715264672589e-06,3.4204131002679974e-06,3.14715264672589e-06,0.0018494358870390715,0.0017740216026660696,0.040776911977056685,2.7326045354210744e-07,0.05306672093669224,0.26356589147286824,0.24031007751937986,1.0,6.929940635224291e-07,6.059125613039351e-07,0.012977888030888032
2024-04-15,2022-06-08,3.666484225381157e-06,3.7958952303646996e-06,0.005437553101104504,2024-04-10,250,32051,170,100.0,2.485150360883429e-06,2.5411804100204954e-06,2.485150360883429e-06,2.5411804100204954e-06,0.0015764359678982934,0.0015941080295953896,-0.011210136064490284,-5.603004913706647e-08,0.05306672093669224,0.4,0.38823529411764707,1.0,1.124373377727817e-06,1.095875996712615e-06,0.013159530194773417
2024-04-19,2022-06-10,1.1394133249300376e-06,1.1144908029094821e-06,0.005747126436781608,2024-04-12,250,32120,194,0.01,1.1493269687823403e-06,1.0770220621484237e-06,1.1493269687823403e-06,1.0770220621484237e-06,0.0010720666811268507,0.001037796734504606,0.03196624540763038,7.230490663391664e-08,0.053161548114232356,0.33505154639175255,0.3402061855670103,1.0,1.162867555507437e-06,1.0258452454991731e-06,0.013458011691223572
2024-04-22,2022-06-13,4.520992682174856e-07,3.793280075631549e-07,0.0058181818181818196,2024-04-15,250,32232,200,100.0,4.718225368488783e-07,4.300186569374659e-07,4.718225368488783e-07,4.300186569374659e-07,0.0006868933955490315,0.0006557580780573473,0.045327728718075555,4.180387991141238e-08,0.053066720936692235,0.485,0.485,1.0,5.007986969369737e-07,5.044901047836758e-07,0.013576512642378217
2024-04-24,2022-06-17,9.954274355882867e-07,1.3756538173371721e-06,0.005751947273816654,2024-04-19,250,32294,80,100.0,1.3335172499147613e-06,1.6485037547106893e-06,1.3335172499147613e-06,1.6485037547106893e-06,0.001154780173849015,0.0012839407130824574,-0.11184859435448691,-3.1498650479592797e-07,0.053066720936692235,0.4375,0.525,1.0,1.6551148781765295e-06,1.9080439390415957e-06,0.013294860081083753
2024-04-26,2022-06-22,3.8611702507889167e-07,3.40669343680547e-07,0.005650715168638535,2024-04-22,250,32367,179,1.0,2.6785642945089503e-06,2.293267910900079e-06,2.6785642945089503e-06,2.293267910900079e-06,0.0016366319972764038,0.0015143539582607756,0.07471321544434961,3.8529638360887147e-07,0.05325636630043149,0.4134078212290503,0.4022346368715084,1.0,6.420647337255076e-06,5.480597925037843e-06,0.013351895767542551
2024-04-29,2022-06-27,2.5655751688958514e-06,2.7908933407605782e-06,0.005670407560543413,2024-04-24,250,32375,183,100.0,1.5562390454252058e-06,1.7058883361848417e-06,1.5562390454252058e-06,1.7058883361848417e-06,0.001247493104359782,0.0013060966029298298,-0.04697701202935578,-1.4964929075963597e-07,0.05316154811423236,0.37158469945355194,0.366120218579235,1.0,6.951421490763295e-08,1.0770528890436494e-07,0.013226588753787433
2024-05-01,2022-06-29,2.1186890678042654e-06,2.6663420030005275e-06,0.005636118123642341,2024-04-26,250,32437,40,100.0,2.1186890678042654e-06,2.6663420030005275e-06,2.1186890678042654e-06,2.6663420030005275e-06,0.001455571732277137,0.001632893751289571,-0.12182293395807187,-5.476529351962621e-07,0.05316154811423236,0.35,0.375,1.0,,,
2024-05-03,2022-07-01,6.217238220278152e-05,5.309095546893928e-05,0.0055481708374270355,2024-04-29,250,32546,147,100.0,3.379328022896019e-05,2.8869878753658135e-05,3.379328022896019e-05,2.8869878753658135e-05,0.00581319879489427,0.0053730697700344575,0.07571202024716195,4.9234014753020525e-06,0.053161548114232356,0.12244897959183673,0.10204081632653061,1.0,1.7125562585534628e-06,1.4895311624707609e-06,0.01331118151396947
2024-05-06,2022-07-06,8.708635095925535e-07,7.0811892163456e-07,0.005235031082997056,2024-05-01,250,32449,160,100.0,6.209648225615376e-07,5.663107277405473e-07,6.209648225615376e-07,5.663107277405473e-07,0.0007880132121744772,0.0007525361969636725,0.045020838055377044,5.465409482099029e-08,0.053066720936692235,0.35625,0.3,1.0,2.9138829328874873e-07,3.792883270977193e-07,0.013148205519372567
2024-05-08,2022-07-08,4.800313543287694e-07,3.985288537924759e-07,0.00526315789473684,2024-05-03,250,32529,77,0.01,2.980791847455368e-07,3.2129331322081407e-07,2.980791847455368e-07,3.2129331322081407e-07,0.0005459662853560985,0.000566827410435323,-0.0382095481694773,-2.321412847527728e-08,0.053066720936692235,0.4025974025974026,0.5064935064935064,1.0,1.1133880017327158e-07,2.420252584235822e-07,0.012999470162818582
2024-05-10,2022-07-11,3.577077824810974e-07,8.255726854462785e-07,0.0052012786476675526,2024-05-06,250,32625,128,0.01,2.6419710663333324e-07,5.331049375291058e-07,2.6419710663333324e-07,5.331049375291058e-07,0.0005140010764904421,0.0007301403546778563,-0.4205035515940858,-2.689078308957726e-07,0.053161548114232356,0.53125,0.484375,1.0,1.8168768676765892e-07,2.7504515995513e-07,0.012923748005459751
2024-05-13,2022-07-15,1.52882860324881e-06,1.4393647524149995e-06,0.005299098606937995,2024-05-08,250,32577,181,100.0,8.461715919587375e-07,7.652025923756626e-07,8.461715919587375e-07,7.652025923756626e-07,0.0009198758568191349,0.0008747585909127516,0.049047124752676474,8.096899958307497e-08,0.05325636630043149,0.5911602209944752,0.4972375690607735,1.0,2.0021657052297013e-07,1.272857097577955e-07,0.01290712310882421
2024-05-17,2022-07-18,3.039136827837909e-07,5.826874670808716e-07,0.005109565950273913,2024-05-10,250,32568,171,0.01,2.5815909184569793e-07,4.583251695305805e-07,2.5815909184569793e-07,4.583251695305805e-07,0.0005080935857159564,0.0006769971709915636,-0.33242613176784097,-2.0016607768488255e-07,0.053066720936692235,0.4444444444444444,0.543859649122807,1.0,1.85367697171459e-07,2.604760597914807e-07,0.012715477879286535
2024-05-20,2022-07-20,3.120384119972016e-07,4.1800680426610966e-07,0.005108758624321905,2024-05-13,250,32617,169,0.01,2.1791419353852003e-07,2.9675009925983397e-07,2.1791419353852003e-07,2.9675009925983397e-07,0.00046681280352890925,0.0005447477391048392,-0.16695115255360293,-7.883590572131394e-08,0.053161548114232356,0.5562130177514792,0.5502958579881657,1.0,7.102336776209274e-08,1.0751615053791882e-07,0.012697225422608366
2024-05-22,2022-07-22,1.2293843506977822e-06,1.882267131416785e-06,0.005042890564075902,2024-05-17,250,32709,73,100.0,7.067475936256307e-07,1.03184422244072e-06,7.067475936256307e-07,1.03184422244072e-06,0.0008406828139230816,0.0010157973333498765,-0.20830034410911247,-3.2509662881508934e-07,0.053066720936692235,0.5205479452054794,0.4520547945205479,1.0,1.9823615431218586e-07,2.044057164099542e-07,0.012651584613068353
2024-05-24,2022-07-25,8.84448838626535e-07,9.492051347546584e-07,0.005190496575342463,2024-05-20,250,32720,177,100.0,6.387260113087087e-07,7.748899406423541e-07,6.387260113087087e-07,7.748899406423541e-07,0.0007992033604213065,0.0008802783313488718,-0.1014447322704275,-1.361639293336454e-07,0.05316154811423236,0.4519774011299435,0.559322033898305,1.0,2.9670640031227503e-07,5.322620353238767e-07,0.01278147767891094
2024-05-29,2022-07-27,1.999773263012171e-06,2.0273047385340213e-06,0.0051055318700984256,2024-05-22,250,32634,73,100.0,2.191133140778924e-06,2.211477110692551e-06,2.191133140778924e-06,2.211477110692551e-06,0.0014802476619738077,0.0014871035978345796,-0.004631614044659393,-2.0343969913627293e-08,0.053161548114232356,0.2602739726027397,0.273972602739726,1.0,2.4230845077689276e-06,2.434716349672588e-06,0.012688597799211039
2024-05-31,2022-07-29,1.303553899568337e-06,1.399640597211543e-06,0.005070834858068902,2024-05-24,250,32738,125,100.0,1.108806115506087e-06,1.2147439604020978e-06,1.108806115506087e-06,1.2147439604020978e-06,0.0010529986303438798,0.0011021542362129257,-0.04668154777465672,-1.0593784489601069e-07,0.05316154811423236,0.704,0.632,1.0,3.29814979257088e-07,4.7515741316431625e-07,0.012863408660377718
2024-06-03,2022-08-01,1.254849912187164e-06,9.512658216950957e-07,0.005045513654096229,2024-05-29,250,32685,173,0.01,8.174151547310583e-07,6.043132181214667e-07,8.174151547310583e-07,6.043132181214667e-07,0.000904110145242856,0.0007773758538322802,0.14017572093114083,2.1310193660959156e-07,0.053161548114232356,0.49710982658959535,0.4046242774566474,1.0,1.4196442630618923e-07,6.857758025042196e-08,0.012747304548988377
2024-06-05,2022-08-03,1.280014173356549e-07,2.325243307531584e-07,0.004990995626447132,2024-05-31,250,32717,73,0.01,2.8141510950728547e-07,2.736162111705958e-07,2.8141510950728547e-07,2.736162111705958e-07,0.0005304857297866602,0.0005230833692353407,0.013953929645376895,7.798898336689697e-09,0.053730322420967806,0.3972602739726027,0.4794520547945205,1.0,4.6737110001835277e-07,3.2342455107051985e-07,0.01272269725013721
2024-06-07,2022-08-05,9.485475947258966e-08,2.0860280268652343e-07,0.004987659399424103,2024-06-03,250,32858,128,0.01,2.963232734650998e-07,5.323567062679743e-07,2.963232734650998e-07,5.323567062679743e-07,0.0005443558334996511,0.0007296277861128743,-0.34035081689510727,-2.3603343280287446e-07,0.05363554916590941,0.4140625,0.421875,1.0,5.907772554541531e-07,1.0055354884254794e-06,0.01257349717577526
2024-06-10,2022-08-08,1.3244422134268253e-06,1.491071075588303e-06,0.004926608766316218,2024-06-05,250,32824,146,100.0,9.149626900125051e-07,1.0891466358245872e-06,9.149626900125051e-07,1.0891466358245872e-06,0.0009565368210437615,0.0010436218835500658,-0.09104203893717133,-1.741839458120821e-07,0.053730322420967806,0.5068493150684932,0.541095890410959,1.0,1.0436036815150353e-07,2.9350029588417115e-07,0.012588801707833186
2024-06-12,2022-08-10,,,,2024-06-07,250,32809,28,100.0,1.72167227042914e-06,1.2826490441071652e-06,1.72167227042914e-06,1.2826490441071652e-06,0.001312125097095982,0.0011325409679597313,0.13686509733996355,4.3902322632197493e-07,0.05373032242096779,0.21428571428571427,0.14285714285714285,1.0,1.72167227042914e-06,1.2826490441071652e-06,0.012519873358785735
2024-06-14,2022-08-12,2.7930759712380046e-06,3.095608042851081e-06,0.004527632561613144,2024-06-10,250,32880,88,100.0,2.2675989029541883e-06,2.5392928054286326e-06,2.2675989029541883e-06,2.5392928054286326e-06,0.0015058548744663904,0.00159351586293599,-0.0582134374009069,-2.716939024744443e-07,0.05363554916590941,0.3068181818181818,0.32954545454545453,1.0,5.910768279534413e-07,7.643822860331993e-07,0.012392932067471654
2024-06-17,2022-08-15,2.193819227763672e-06,1.8855608452923934e-06,0.00456492070215069,2024-06-12,250,32809,89,100.0,1.732569170771771e-06,1.5258138234945147e-06,1.732569170771771e-06,1.5258138234945147e-06,0.0013162709336499727,0.0012352383670751628,0.06156222438955583,2.0675534727725632e-07,0.05363554916590941,0.449438202247191,0.43820224719101125,1.0,1.4125647414971572e-07,2.8468659829183264e-07,0.009366923983934562
2024-06-21,2022-08-19,4.746124779343717e-06,3.005670085267112e-06,0.004626096909576496,2024-06-14,250,32759,73,0.01,4.221648192636502e-06,3.05372680238816e-06,4.221648192636502e-06,3.05372680238816e-06,0.002054664983065731,0.0017474915743396762,0.14950048365925173,1.1679213902483418e-06,0.05354076692802982,0.3835616438356164,0.3424657534246575,1.0,3.6522164699258115e-06,3.1059026666910136e-06,0.009294659963436928
2024-06-24,2022-08-22,1.1610442968482151e-06,1.2162592265719563e-06,0.004674924092727361,2024-06-17,250,32702,186,0.01,7.615457691955302e-07,8.315650098746873e-07,7.615457691955302e-07,8.315650098746873e-07,0.0008726658978071334,0.0009119018641688849,-0.04496104002728307,-7.001924067915714e-08,0.05344597570562602,0.4838709677419355,0.5,1.0,1.702879482695562e-07,2.6221756916272953e-07,0.012567635121485373
2024-06-26,2022-08-24,1.2491677495439663e-06,1.1941958083826585e-06,0.004639594394222032,2024-06-21,250,32623,84,1.0,7.602598705399871e-07,8.259444098069606e-07,7.602598705399871e-07,8.259444098069606e-07,0.0008719288219459127,0.0009088148380209033,-0.042303930259663725,-6.568453926697355e-08,0.053445975705626,0.23809523809523808,0.44047619047619047,1.0,1.961353947661643e-07,4.010389499119237e-07,0.012560253657104052
2024-06-28,2022-08-26,2.6064736399697385e-06,2.8088550545928343e-06,0.0045305931807566565,2024-06-24,250,32729,152,100.0,2.305911034265739e-06,2.3631500877360953e-06,2.305911034265739e-06,2.3631500877360953e-06,0.0015185226485850446,0.0015372540739045368,-0.01233529531939892,-5.723905347035629e-08,0.05344597570562602,0.40789473684210525,0.4473684210526316,1.0,1.9538234104410545e-06,1.8410385551324874e-06,0.012524851291249514
2024-07-01,2022-08-29,3.2520721415547776e-06,2.8035681236618443e-06,0.004605450574494351,2024-06-26,250,32672,97,100.0,3.2520721415547776e-06,2.8035681236618443e-06,3.2520721415547776e-06,2.8035681236618443e-06,0.0018033502548187297,0.0016743858944884373,0.07151376166980705,4.4850401789293333e-07,0.05335117549699457,0.4742268041237113,0.4742268041237113,1.0,,,
2024-07-03,2022-08-31,,,,2024-06-28,250,32680,69,0.01,4.986608714069593e-07,3.8083682831056865e-07,4.986608714069593e-07,3.8083682831056865e-07,0.0007061592394120177,0.0006171197844102623,0.12608976847190156,1.1782404309639069e-07,0.0532563663004315,0.36231884057971014,0.2753623188405797,1.0,4.986608714069593e-07,3.8083682831056865e-07,0.012464623595198631
2024-07-05,2022-09-02,3.372674064401006e-06,3.2062112400075738e-06,0.004378244188670728,2024-07-01,250,32701,135,0.01,2.4792906137381255e-06,2.355966515269419e-06,2.4792906137381255e-06,2.355966515269419e-06,0.001574576328330299,0.0015349158007100646,0.02518806291359077,1.2332409846870665e-07,0.053256366300431505,0.5407407407407407,0.5703703703703704,1.0,1.1303174441481796e-07,1.0396697407106477e-07,0.012409246364196862
2024-07-08,2022-09-07,5.954987931952497e-07,7.754459680763524e-07,0.004285588053371036,2024-07-03,250,32615,204,100.0,7.046998786221009e-07,7.703737365514605e-07,7.046998786221009e-07,7.703737365514605e-07,0.0008394640424831196,0.0008777093690689763,-0.04555921951430775,-6.567385792935957e-08,0.053161548114232356,0.4019607843137255,0.4068627450980392,1.0,8.324883828450123e-07,7.644381464691397e-07,0.012338098586470503
2024-07-10,2022-09-09,1.9201830535556037e-06,2.5368068993444757e-06,0.0042417351757914985,2024-07-05,250,32675,68,100.0,1.0827682574365656e-06,1.2908026980613284e-06,1.0827682574365656e-06,1.2908026980613284e-06,0.0010405615106453658,0.001136134982324428,-0.09184797890495355,-2.0803444062476277e-07,0.05316154811423236,0.4411764705882353,0.4852941176470588,1.0,3.8115045528277703e-07,2.468532321213945e-07,0.012311904933251775
2024-07-12,2022-09-12,1.6801727037946498e-07,3.290378917083565e-07,0.004262424748429054,2024-07-08,250,32798,133,100.0,1.802275106715893e-07,3.760385181287764e-07,1.802275106715893e-07,3.760385181287764e-07,0.0004245321079395401,0.0006132197959368048,-0.44446034697600934,-1.9581100745718712e-07,0.05297188476610571,0.42105263157894735,0.5789473684210527,1.0,1.9225550857129388e-07,4.2233764266232437e-07,0.012297302688326626
2024-07-15,2022-09-16,1.955686418862419e-06,2.2119106442451013e-06,0.004207512796044069,2024-07-10,250,32715,174,100.0,1.337316351028748e-06,1.4441998180707343e-06,1.337316351028748e-06,1.4441998180707343e-06,0.001156423949522297,0.001201748650122285,-0.03919384462654141,-1.068834670419862e-07,0.0528770396007669,0.42528735632183906,0.40229885057471265,1.0,3.497701232943771e-07,2.1815417029972998e-07,0.012220223575420987
2024-07-19,2022-09-19,1.9696335988903035e-06,1.9125714850918335e-06,0.004326880185565172,2024-07-12,250,32689,206,100.0,1.9260716098635974e-06,1.8874635213057832e-06,1.9260716098635974e-06,1.8874635213057832e-06,0.0013878298202098115,0.0013738498903831462,0.010073230610185169,3.8608088557814235e-08,0.05287703960076691,0.3786407766990291,0.3932038834951456,1.0,1.8545852688966955e-06,1.8462607089389314e-06,0.012382301957804076
2024-07-22,2022-09-21,1.1402854547445941e-06,1.2002449774833902e-06,0.004324372520172973,2024-07-15,250,32749,201,100.0,1.4749824138429832e-06,1.4077725106402526e-06,1.4749824138429832e-06,1.4077725106402526e-06,0.0012144885400212648,0.0011864958957536484,0.023048915938824965,6.720990320273056e-08,0.052877039600766916,0.3383084577114428,0.3333333333333333,1.0,2.0139749194040257e-06,1.7419726939058494e-06,0.012465077688118182
2024-07-24,2022-09-23,6.451912402652406e-06,6.3453415855778175e-06,0.004310919514688236,2024-07-19,250,32870,86,1.0,3.837600193606904e-06,3.7103962148197035e-06,3.837600193606904e-06,3.7103962148197035e-06,0.0019589793754929896,0.001926238877922389,0.016713038422041193,1.272039787872003e-07,0.052687322279006486,0.32558139534883723,0.313953488372093,1.0,1.2232879845614012e-06,1.0754508440615896e-06,0.012357259200404497
2024-07-26,2022-09-26,1.4749514007496622e-06,1.983276977775479e-06,0.004459975171272242,2024-07-22,250,32902,204,0.01,1.2313969255971533e-06,1.5541312437998037e-06,1.2313969255971533e-06,1.5541312437998037e-06,0.0011096832546259104,0.0012466480031668135,-0.12342688597844598,-3.227343182026504e-07,0.052497568957753996,0.4411764705882353,0.47058823529411764,1.0,8.124832283348378e-07,8.160005813616426e-07,0.012710022102115486
2024-07-29,2022-09-28,6.81468937960689e-07,1.1032307424371173e-06,0.004450357863828226,2024-07-24,250,32824,209,0.01,4.7504266796585545e-07,7.629584551229102e-07,4.7504266796585545e-07,7.629584551229102e-07,0.000689233391505269,0.0008734749310214404,-0.2673137166407338,-2.8791578715705475e-07,0.05240267879304836,0.4258373205741627,0.49760765550239233,1.0,9.845420243473992e-08,1.4219144448212692e-07,0.012569250973477334
2024-08-12,2022-09-30,2.743190104393466e-06,3.449189159936835e-06,0.0033758786533481305,2024-07-26,250,32945,37,0.01,2.743190104393466e-06,3.449189159936835e-06,2.743190104393466e-06,3.449189159936835e-06,0.0016562578616850293,0.0018571992784665934,-0.1213225436872083,-7.059990555433693e-07,0.05192809286035919,0.5675675675675675,0.6216216216216216,1.0,,,
2024-08-14,2022-10-03,,,,2024-07-29,250,33013,40,100.0,5.134988155562581e-06,4.262334448597601e-06,5.134988155562581e-06,4.262334448597601e-06,0.0022660512252732903,0.0020645421886213906,0.08892519039484525,8.726537069649803e-07,0.05183314864001729,0.075,0.05,1.0,5.134988155562581e-06,4.262334448597601e-06,0.012624904066120582
2024-08-16,2022-10-05,1.8138273215752815e-06,2.017322872363502e-06,0.004360982556069775,2024-08-12,250,32914,156,100.0,1.4478802660897206e-06,1.616072224147095e-06,1.4478802660897206e-06,1.616072224147095e-06,0.001203278964367665,0.0012712482936653622,-0.05648675935543812,-1.681919580573744e-07,0.05202302806715192,0.4551282051282051,0.5128205128205128,1.0,1.8274901712535354e-07,2.2889141174180103e-07,0.012373122751188816
2024-08-19,2022-10-07,6.175466921923437e-07,6.690575492049143e-07,0.00433532404335324,2024-08-14,250,32876,218,100.0,4.418211781917969e-07,4.927201862770482e-07,4.418211781917969e-07,4.927201862770482e-07,0.0006646963052340496,0.0007019403010776972,-0.056031597513594544,-5.0899008085251286e-08,0.05192809286035919,0.42201834862385323,0.463302752293578,1.0,1.9657787843279202e-07,2.4662298746563053e-07,0.0123454438851906
2024-08-21,2022-10-10,1.0442761890373468e-06,1.31441908275771e-06,0.004326519800450311,2024-08-16,250,32958,88,100.0,8.917606023143543e-07,9.438092972459583e-07,8.917606023143543e-07,9.438092972459583e-07,0.0009443307695475956,0.0009714984803106787,-0.028769274113665144,-5.204869493160402e-08,0.0515482618805766,0.375,0.3068181818181818,1.0,7.001384548931586e-07,4.781713616029884e-07,0.012248439233935923
2024-08-23,2022-10-14,1.0424998316944132e-06,1.248319805321386e-06,0.004364672872221974,2024-08-19,250,33008,205,100.0,6.765982189721337e-07,8.035024814807281e-07,6.765982189721337e-07,8.035024814807281e-07,0.0008225559062897389,0.0008963829993260292,-0.08975328299482821,-1.2690426250859438e-07,0.05145328158891569,0.5414634146341464,0.5951219512195122,1.0,1.3876693280203645e-07,1.4967460788361633e-07,0.012303050951062527
2024-08-26,2022-10-17,1.3378417281243583e-06,1.7032553531777797e-06,0.004320225709751366,2024-08-21,250,33010,192,1.0,1.1240396635206518e-06,1.3912637758259053e-06,1.1240396635206518e-06,1.3912637758259053e-06,0.001060207368169384,0.001179518450820463,-0.11253560976197385,-2.672241123052535e-07,0.05116828657439943,0.2760416666666667,0.296875,1.0,7.831120469904173e-07,8.937636930215643e-07,0.012173701812747939
2024-08-28,2022-10-19,6.566231571754102e-07,5.739156682755935e-07,0.00429768012980748,2024-08-23,250,33136,81,1.0,5.675177025797158e-07,5.744168028630729e-07,5.675177025797158e-07,5.744168028630729e-07,0.0007533377081891732,0.0007579028980437223,-0.0060599513404453464,-6.899100283357091e-09,0.050978244764629435,0.48148148148148145,0.5679012345679012,1.0,4.5040767653966005e-07,5.750754368923312e-07,0.012186058479948714
2024-08-30,2022-10-24,1.4128025868879515e-06,1.513068972900089e-06,0.004264763479698855,2024-08-26,250,33244,146,100.0,1.3610667659691599e-06,1.4656401063491328e-06,1.3610667659691599e-06,1.4656401063491328e-06,0.0011666476614510311,0.001210636240308844,-0.03770511038705693,-1.0457334037997293e-07,0.050883210314569785,0.4383561643835616,0.4863013698630137,1.0,1.1691435593349337e-06,1.2896943110794571e-06,0.012256117130831915
2024-09-04,2022-10-26,5.4273804467811985e-06,5.443860774194741e-06,0.004399156080262152,2024-08-28,250,33167,82,0.01,5.922985487565723e-06,5.662049365653156e-06,5.922985487565723e-06,5.662049365653156e-06,0.002433718448704723,0.0023795061180112895,0.022275514541251318,2.6093612191256743e-07,0.050598052763091386,0.13414634146341464,0.12195121951219512,1.0,6.525748375006362e-06,5.927413868778253e-06,0.012395310462251846
2024-09-06,2022-10-28,2.1382368281952084e-06,2.3587076392241273e-06,0.004406871121503731,2024-08-30,250,33229,118,0.01,2.1551523019771772e-06,2.3331442167961144e-06,2.1551523019771772e-06,2.3331442167961144e-06,0.0014680436989330996,0.0015274633274799478,-0.040475381345958183,-1.779919148189372e-07,0.050217716160617404,0.3813559322033898,0.3813559322033898,1.0,2.1894169796380873e-06,2.2813618995701415e-06,0.01245101617510598
2024-09-09,2022-10-31,2.6279664037630063e-06,2.5139683121201845e-06,0.0044380038040032635,2024-09-04,250,33156,166,0.01,2.011293048467945e-06,1.822020317998229e-06,2.011293048467945e-06,1.822020317998229e-06,0.0014182006375925604,0.0013498223283077773,0.04821483468013199,1.8927273046971598e-07,0.05002749359964816,0.5240963855421686,0.5060240963855421,1.0,1.1861667280027226e-06,8.961744103702608e-07,0.012664155377896221
2024-09-11,2022-11-02,,,,2024-09-06,250,33165,36,0.01,6.855923169101177e-07,6.383291969400267e-07,6.855923169101177e-07,6.383291969400267e-07,0.000828005022273487,0.0007989550656576543,0.03508427586111629,4.726311997009095e-08,0.04936142953772411,0.2777777777777778,0.3055555555555556,1.0,6.855923169101177e-07,6.383291969400267e-07,0.01246962043769019
2024-09-12,2022-11-04,1.2905530182609037e-06,1.267990233111899e-06,0.004401329381119195,2024-09-09,250,33252,88,100.0,1.1028681623592347e-06,1.2172830063070481e-06,1.1028681623592347e-06,1.2172830063070481e-06,0.0010501753007756537,0.0011033054909258125,-0.05059173464746047,-1.1441484394781343e-07,0.049742091894814065,0.5,0.5340909090909091,1.0,6.299023254870289e-07,1.0895007947588234e-06,0.01234299448071859
2024-09-13,2022-11-07,1.1046637102687666e-06,1.1446719865193308e-06,0.004399156080262153,2024-09-11,250,33178,89,100.0,9.593191653054803e-07,9.512405540856226e-07,9.593191653054803e-07,9.512405540856226e-07,0.0009794483984904361,0.0009753156176774894,0.004219498259751431,8.078611219857772e-09,0.0493614295377241,0.34831460674157305,0.3146067415730337,1.0,5.872371301994672e-07,4.560560870553295e-07,0.012239895186821441
2024-09-16,2022-11-09,1.7929611820242595e-06,2.0058913290322206e-06,0.004404494382022471,2024-09-12,250,33107,145,100.0,1.1228088531860579e-06,1.2830401115312097e-06,1.1228088531860579e-06,1.2830401115312097e-06,0.0010596267518263485,0.001132713605255631,-0.06897414896642773,-1.602312583451518e-07,0.04850440905961498,0.43448275862068964,0.4689655172413793,1.0,1.9997613806460028e-07,2.876384349724396e-07,0.009359324567178516
2024-09-17,2022-11-11,1.5447086959824325e-06,1.4127509829988758e-06,0.004530325443786982,2024-09-13,250,33108,92,0.01,7.064533823070698e-07,6.041775027904879e-07,7.064533823070698e-07,6.041775027904879e-07,0.0008405078121630219,0.000777288558252653,0.07521554588252555,1.0227587951658191e-07,0.04840913920768753,0.391304347826087,0.4673913043478261,1.0,1.9173520724325063e-07,1.0768501494323209e-07,0.009345522706275318
2024-09-18,2022-11-14,1.180779583795378e-06,1.1312055609164284e-06,0.004520503713270907,2024-09-16,250,33148,157,0.01,9.557640186534526e-07,8.964908432358366e-07,9.557640186534526e-07,8.964908432358366e-07,0.0009776318420824132,0.0009468320037027881,0.031504536834663366,5.9273175417616046e-08,0.04831386027855062,0.40764331210191085,0.39490445859872614,1.0,6.372804495294966e-07,5.64279242826384e-07,0.009341705294190775
2024-09-19,2022-11-18,2.396664342003199e-06,1.965784417827402e-06,0.004440618061534279,2024-09-17,250,33073,143,0.01,1.937267309826071e-06,1.9930170198027795e-06,1.937267309826071e-06,1.9930170198027795e-06,0.001391857503419826,0.0014117425472807638,-0.014286695162457175,-5.5749709976708566e-08,0.04726519246711421,0.3916083916083916,0.3706293706293706,1.0,1.2832105182518548e-06,2.0317888599033175e-06,0.009369494121838264
2024-09-20,2022-11-21,1.3126205508857982e-06,1.351124004416073e-06,0.004281906759295671,2024-09-18,250,33083,153,1.0,1.4130921970434452e-06,1.4223667586775408e-06,1.4130921970434452e-06,1.4223667586775408e-06,0.001188735545461414,0.0011926301852114682,-0.0032762877874090712,-9.274561634095645e-09,0.04688358589885043,0.40522875816993464,0.47058823529411764,1.0,1.5646232043631752e-06,1.5298148470718861e-06,0.009212291148551611
2024-09-23,2022-11-23,1.628267195141281e-06,1.6035747938033834e-06,0.004294478527607363,2024-09-19,250,33040,155,100.0,1.1600367722159465e-06,1.1248462750403995e-06,1.1600367722159465e-06,1.1248462750403995e-06,0.0010770500323643033,0.0010605877026631978,0.015284647143984476,3.5190497175546985e-08,0.04640637281415574,0.23225806451612904,0.2064516129032258,1.0,5.450475600155071e-07,4.960685190531972e-07,0.012328315002199736
2024-09-24,2022-11-25,6.308099567395452e-07,5.219508704426281e-07,0.004327283966971344,2024-09-20,250,33118,68,100.0,3.226118517775958e-07,2.971954505023999e-07,3.226118517775958e-07,2.971954505023999e-07,0.0005679893060415802,0.0005451563541796059,0.040199615765834196,2.5416401275195915e-08,0.046119935613553126,0.5147058823529411,0.5882352941176471,1.0,1.4413746815646477e-08,7.244003056217171e-08,0.012297584566503416
2024-09-25,2022-11-28,8.734618988603959e-07,1.0869483715265493e-06,0.0043101552535514814,2024-09-23,250,33087,164,100.0,7.304961617625996e-07,8.582613139668656e-07,7.304961617625996e-07,8.582613139668656e-07,0.0008546906819210091,0.0009264239385761065,-0.08392890922113394,-1.27765152204266e-07,0.04583341634317223,0.35365853658536583,0.3902439024390244,1.0,5.182137036476901e-07,5.186956830449115e-07,0.012262497812007705
2024-09-26,2022-11-30,1.7348958901757657e-06,1.957435282807779e-06,0.004329195564783319,2024-09-24,250,32967,158,100.0,9.149696888087559e-07,1.0357170853613054e-06,9.149696888087559e-07,1.0357170853613054e-06,0.0009565404794407584,0.0010177018646741812,-0.06394019547315,-1.207473965525495e-07,0.04583341634317223,0.5569620253164557,0.5822784810126582,1.0,7.401973868874611e-08,9.036508798030772e-08,0.012289602484036209
2024-09-27,2022-12-02,2.7276644543208067e-06,2.5857294069570467e-06,0.0043073136427566805,2024-09-25,250,33061,158,1.0,1.8872082277629444e-06,1.72563223038105e-06,1.8872082277629444e-06,1.72563223038105e-06,0.0013737569755102044,0.0013136332175995892,0.04376593457389766,1.6157599738189447e-07,0.04573789167385374,0.34810126582278483,0.310126582278481,1.0,5.858566511572213e-07,3.938688601988618e-07,0.012241071116547266
2024-09-30,2022-12-05,1.453977656321955e-06,1.3617440853871251e-06,0.004302208174195532,2024-09-26,250,33038,118,0.01,1.148415285013574e-06,1.0656547992395228e-06,1.148415285013574e-06,1.0656547992395228e-06,0.0010716413975829667,0.0010323055745463756,0.03670614360859059,8.276048577405131e-08,0.045737891673853746,0.3983050847457627,0.3983050847457627,1.0,2.1065490410164742e-07,1.5696699002791526e-07,0.012258849983376209
2024-10-01,2022-12-07,1.1119920715176039e-06,1.3028999694764485e-06,0.004206008583690988,2024-09-27,250,32997,94,0.01,1.0456358439553016e-06,9.620614780413937e-07,1.0456358439553016e-06,9.620614780413937e-07,0.0010225633691636434,0.000980847326570957,0.04079555737147711,8.35743659139079e-08,0.04621542379696298,0.22340425531914893,0.26595744680851063,1.0,1.0080339816699974e-06,7.68919666228196e-07,0.012209922267150026
2024-10-02,2022-12-09,4.146841579707388e-07,5.133318253167582e-07,0.004332257636709253,2024-09-30,250,33043,166,0.01,2.851819754776224e-07,3.946589776389235e-07,2.851819754776224e-07,3.946589776389235e-07,0.0005340243210544089,0.0006282188930929438,-0.17638629613825763,-1.0947700216130115e-07,0.046024438311279336,0.4759036144578313,0.4819277108433735,1.0,7.878787212921806e-08,2.0552412665237423e-07,0.012320292990046076
2024-10-03,2022-12-12,4.5762945742760774e-07,4.900834039577569e-07,0.0043213687274010065,2024-10-01,250,33021,165,0.01,4.060265694141369e-07,3.905548772351448e-07,4.060265694141369e-07,3.905548772351448e-07,0.0006372021417212413,0.0006249438992702824,0.01923760396951335,1.5471692178992106e-08,0.04583341634317223,0.4,0.5818181818181818,1.0,3.2459076176787817e-07,2.3348642100102242e-07,0.012315095102485673
2024-10-04,2022-12-16,9.363212289866131e-07,1.0543957481873074e-06,0.004342624185757965,2024-10-02,250,33015,127,0.01,6.408289002391872e-07,8.337079724320704e-07,6.408289002391872e-07,8.337079724320704e-07,0.0008005178950149629,0.000913076104403171,-0.14060673732484674,-1.9287907219288326e-07,0.045737891673853746,0.36220472440944884,0.3700787401574803,1.0,3.4064621706719895e-07,6.095172161092902e-07,0.012337651016167097
2024-10-07,2022-12-19,3.31413516974441e-06,3.4204007298834603e-06,0.004320987654320986,2024-10-03,250,32995,179,0.01,1.987758998851267e-06,1.944725400386838e-06,1.987758998851267e-06,1.944725400386838e-06,0.0014098790724212011,0.001394534115892056,0.010883881340825297,4.303359846442897e-08,0.04621542379696298,0.39664804469273746,0.3575418994413408,1.0,6.761203409680479e-07,4.854464634401776e-07,0.012226543683898217
2024-10-08,2022-12-21,4.527499713073726e-06,3.996230269800081e-06,0.004420587306599305,2024-10-04,250,32895,62,1.0,2.2024357252549507e-06,1.968013568528e-06,2.2024357252549507e-06,1.968013568528e-06,0.0014840605530957794,0.00140285906937511,0.054715748323935665,2.3442215672695093e-07,0.046597285376782156,0.45161290322580644,0.4838709677419355,1.0,1.5919767535360286e-07,1.8564131589495955e-07,0.012338085593518846
2024-10-09,2022-12-23,2.9197469094088717e-06,2.645898866036042e-06,0.004340700713115118,2024-10-07,250,32998,150,0.01,1.753056609211101e-06,1.6027998434401642e-06,1.753056609211101e-06,1.6027998434401642e-06,0.0013240304411950281,0.0012660173156162455,0.04381555270468085,1.5025676577093682e-07,0.04640637281415574,0.46,0.4266666666666667,1.0,9.710908634974808e-08,1.2227219846537015e-07,0.012222490709562607
2024-10-10,2022-12-28,1.62090002399568e-06,1.6905840911967951e-06,0.004269408381981355,2024-10-08,250,32868,123,0.01,8.40569109290176e-07,8.960274475045685e-07,8.40569109290176e-07,8.960274475045685e-07,0.0009168255609930256,0.0009465872635444492,-0.032461684989659734,-5.545833821439251e-08,0.04640637281415573,0.43089430894308944,0.5365853658536586,1.0,7.282417707992196e-08,1.1428623354931302e-07,0.012138415289184596
2024-10-11,2022-12-30,2.7108923516158036e-06,2.3766965808190926e-06,0.004278728606356968,2024-10-09,250,32941,146,100.0,1.5904051302920009e-06,1.38840950825241e-06,1.5904051302920009e-06,1.38840950825241e-06,0.001261112655670381,0.0011783079004455542,0.06566007791017647,2.0199562203959089e-07,0.046406372814155744,0.4863013698630137,0.4520547945205479,1.0,1.1420767997651506e-07,8.638050788678067e-08,0.012159694860534946
2024-10-14,2023-01-04,2.4089224243271114e-06,2.357504305968159e-06,0.004306745770160403,2024-10-10,250,32874,137,1.0,1.5983833563117e-06,1.5209346470038304e-06,1.5983833563117e-06,1.5209346470038304e-06,0.0012642718680377651,0.0012332617917554369,0.024528012578859282,7.744870930786966e-08,0.04621542379696298,0.41605839416058393,0.38686131386861317,1.0,6.178925482285415e-07,5.089552208373049e-07,0.012087313226819423
2024-10-16,2023-01-06,1.209132608414027e-06,1.0536666571875134e-06,0.0041907205473594175,2024-10-11,250,32945,167,100.0,7.743565646857611e-07,6.805673171281557e-07,7.743565646857611e-07,6.805673171281557e-07,0.0008799753204981155,0.0008249650399430001,0.06251343563132716,9.37892475576054e-08,0.04621542379696298,0.41317365269461076,0.3413173652694611,1.0,1.0901746746523236e-07,1.0961226643125948e-07,0.012083143606195456
2024-10-17,2023-01-09,1.1617945733792424e-06,1.0647598555750802e-06,0.0042281473811372865,2024-10-14,250,32971,163,100.0,8.573886686464285e-07,7.925527261926539e-07,8.573886686464285e-07,7.925527261926539e-07,0.0009259528436407702,0.0008902543042258509,0.038553301779986504,6.483594245377454e-08,0.04611993561355311,0.4171779141104294,0.4110429447852761,1.0,4.32115713504997e-07,4.12263354261323e-07,0.012030851794607595
2024-10-18,2023-01-13,1.1159757022065657e-06,1.0105438090587692e-06,0.004221408572043937,2024-10-16,250,32907,166,100.0,7.21827984380882e-07,6.752331723248193e-07,7.21827984380882e-07,6.752331723248193e-07,0.0008496046047314492,0.0008217257281628824,0.03281394240722013,4.659481205606271e-08,0.04631090286325026,0.3614457831325301,0.3614457831325301,1.0,1.5379156751445565e-07,1.919913723258917e-07,0.012029818837468875
2024-10-21,2023-01-23,7.947963642148235e-07,6.584667033161687e-07,0.0041702127659574454,2024-10-17,250,32960,185,100.0,4.809136835034456e-07,4.1143695213513213e-07,4.809136835034456e-07,4.1143695213513213e-07,0.000693479403806231,0.0006414335134175109,0.07505037655489255,6.947673136831344e-08,0.04621542379696299,0.3081081081081081,0.2702702702702703,1.0,1.3492936499204046e-07,1.3914279458330774e-07,0.011983723635368376
2024-10-22,2023-01-25,2.3462270749832848e-07,5.198952494084226e-07,0.004144113667117727,2024-10-18,250,32908,73,100.0,1.8801520192725279e-07,3.7449575919361997e-07,1.8801520192725279e-07,3.7449575919361997e-07,0.0004336071977346003,0.0006119605863073373,-0.41132478774465,-1.864805572663672e-07,0.04621542379696298,0.2876712328767123,0.589041095890411,1.0,1.374127673072277e-07,2.166334555318344e-07,0.012003435395713035
2024-10-23,2023-01-27,2.69651152179752e-06,3.2329883727450514e-06,0.004155007207665563,2024-10-21,250,33014,158,100.0,1.6865370351337055e-06,2.060330116719359e-06,1.6865370351337055e-06,2.060330116719359e-06,0.001298667407434908,0.001435385006442299,-0.10527529852884498,-3.737930815856533e-07,0.04611993561355312,0.27848101265822783,0.3037974683544304,1.0,1.6355963460890481e-07,2.9203592112506117e-07,0.012009814510045937
2024-10-24,2023-01-30,1.2121253191053843e-06,1.259652493200568e-06,0.004246836540128271,2024-10-22,250,32907,167,1.0,8.853468826748465e-07,9.20597826102966e-07,8.853468826748465e-07,9.20597826102966e-07,0.0009409287341105311,0.0009594778924513925,-0.019713669769471087,-3.5250943428119496e-08,0.04621542379696298,0.4431137724550898,0.5688622754491018,1.0,3.976178730770291e-07,4.1454608416624636e-07,0.012120564369625771
2024-10-25,2023-02-01,1.688056970820009e-06,1.8516917856587417e-06,0.004250336123519972,2024-10-23,250,32903,165,0.01,1.4193042910398755e-06,1.4672070238921223e-06,1.4193042910398755e-06,1.4672070238921223e-06,0.0011913455800228057,0.0012112832137415768,-0.016735390681845264,-4.7902732852246815e-08,0.0459289318883998,0.32727272727272727,0.30303030303030304,1.0,1.0262033564360988e-06,9.04826327576768e-07,0.012094408190042125
2024-10-28,2023-02-03,2.2003614180802527e-06,1.999404587274686e-06,0.0042349077395099615,2024-10-24,250,32994,94,0.01,2.2003614180802527e-06,1.999404587274686e-06,2.2003614180802527e-06,1.999404587274686e-06,0.001483361526425791,0.0014140030365153698,0.04675764382101977,2.0095683080556662e-07,0.04621542379696298,0.48936170212765956,0.5638297872340425,1.0,,,
2024-10-29,2023-02-06,1.9020365887076178e-06,1.8396302218610704e-06,0.004198800342759212,2024-10-25,250,33010,69,0.01,2.0272208496089637e-06,1.913733832750068e-06,2.0272208496089637e-06,1.913733832750068e-06,0.0014238050602554282,0.0013833776898410889,0.028393894320818625,1.1348701685889582e-07,0.0459289318883998,0.2318840579710145,0.3188405797101449,1.0,2.1637854978649775e-06,1.9945741355380656e-06,0.012061300208322571
2024-10-30,2023-02-08,3.7653256904239434e-06,4.20299772846922e-06,0.004193948731116534,2024-10-28,250,32890,184,0.01,2.6504480792615444e-06,2.842683569114682e-06,2.6504480792615444e-06,2.842683569114682e-06,0.0016280196802439288,0.0016860259692883387,-0.0356299679594283,-1.9223548985313744e-07,0.045928931888399804,0.33695652173913043,0.34782608695652173,1.0,1.2636490995229511e-06,1.1505854684541607e-06,0.012041812056310913
2024-10-31,2023-02-10,4.180152535657743e-06,4.810229506413816e-06,0.004259017818339852,2024-10-29,250,32875,120,0.01,3.197148396605252e-06,3.6922065872124637e-06,3.197148396605252e-06,3.6922065872124637e-06,0.0017880571569738066,0.0019215115371010562,-0.07463652915498198,-4.950581906072115e-07,0.04564235787870107,0.475,0.4666666666666667,1.0,3.749752231964875e-07,4.823988514408396e-07,0.012078352097377627
2024-11-01,2023-02-13,2.1261554503888148e-05,1.8028728703019757e-05,0.004338010712230534,2024-10-30,250,32906,195,0.01,1.0585164596581278e-05,9.028586497196062e-06,1.0585164596581278e-05,9.028586497196062e-06,0.0032534849925243666,0.0030047606389188575,0.07644859410048321,1.556578099385216e-06,0.04535570172079718,0.26666666666666666,0.29743589743589743,1.0,2.3230165616249883e-07,3.0117587336702394e-07,0.012319859665166008
2024-11-04,2023-02-17,4.2760517244870047e-07,3.9590954187149635e-07,0.0043963931631600195,2024-10-31,250,32811,197,0.01,3.236960693578029e-07,2.66083858249042e-07,3.236960693578029e-07,2.66083858249042e-07,0.0005689429403356746,0.0005158331690081998,0.0933481506882573,5.761221110876091e-08,0.04506896336757811,0.5126903553299492,0.4467005076142132,1.0,2.1872666929659006e-07,1.349334227528892e-07,0.012268081045110674
2024-11-05,2023-02-22,1.108010601509453e-06,6.155175489057685e-07,0.0044142155758749605,2024-11-01,250,32833,67,100.0,9.01557397537258e-07,5.59231765089957e-07,9.01557397537258e-07,5.59231765089957e-07,0.0009495037638352247,0.000747818002651686,0.21241175534564694,3.4232563244730095e-07,0.04545126290391737,0.34328358208955223,0.29850746268656714,1.0,7.011763466230683e-07,5.046014455040224e-07,0.012294563099980695
2024-11-06,2023-02-24,3.3084887974811406e-06,3.020478231454288e-06,0.0043857686283284856,2024-11-04,250,32957,151,100.0,2.6784398616081084e-06,2.4379318474800847e-06,2.6784398616081084e-06,2.4379318474800847e-06,0.001636593981905136,0.0015613877953538913,0.04595286759132422,2.4050801412802365e-07,0.0453557017207972,0.33112582781456956,0.3443708609271523,1.0,1.7740147762419815e-06,1.6016959091945359e-06,0.012147676434888155
2024-11-07,2023-02-27,2.2923417278156405e-06,2.0100750862511483e-06,0.004400143678160919,2024-11-05,250,32836,143,100.0,1.4759175112517899e-06,1.3058311340598434e-06,1.4759175112517899e-06,1.3058311340598434e-06,0.001214873454830498,0.001142729685472397,0.059383772911695165,1.7008637719194645e-07,0.045355701720797205,0.38461538461538464,0.34265734265734266,1.0,4.3918834736118606e-07,4.115530995312022e-07,0.011852945655116407
2024-11-08,2023-03-01,1.4523218067387518e-06,1.615148927114747e-06,0.004308071039212239,2024-11-06,250,32772,142,100.0,6.526682833753748e-07,7.734914569992752e-07,6.526682833753748e-07,7.734914569992752e-07,0.0008078788791492043,0.0008794836308876221,-0.0886330285225756,-1.208231736239004e-07,0.045260131404864574,0.3732394366197183,0.39436619718309857,1.0,1.7647011777695939e-07,2.7227970513275785e-07,0.01176200030221118
2024-11-11,2023-03-03,2.1818661865500757e-06,1.9442148980221143e-06,0.0043620021149101155,2024-11-07,250,32845,166,100.0,1.1267282036786344e-06,1.0085002611915634e-06,1.1267282036786344e-06,1.0085002611915634e-06,0.0010614745421717068,0.001004241136974364,0.05391877329459738,1.1822794248707096e-07,0.04526013140486457,0.41566265060240964,0.35542168674698793,1.0,9.671255373270442e-08,9.506454428554935e-08,0.01171127066651064
2024-11-13,2023-03-06,,,,2024-11-08,250,32841,30,100.0,3.32178827421059e-07,4.140460752108843e-07,3.32178827421059e-07,4.140460752108843e-07,0.0005763495705047927,0.0006434641211527526,-0.11644764580839029,-8.186724778982529e-08,0.04526013140486458,0.3,0.3,1.0,3.32178827421059e-07,4.140460752108843e-07,0.011736580666778355
2024-11-14,2023-03-08,1.3698059065391674e-06,1.1259509957591752e-06,0.004397654584221748,2024-11-11,250,32847,120,100.0,1.8128904476915382e-06,1.6285028521022334e-06,1.8128904476915382e-06,1.6285028521022334e-06,0.0013464362026072896,0.0012761280704154396,0.052217945459059,1.8438759558930484e-07,0.04497336564273114,0.3333333333333333,0.30833333333333335,1.0,3.2687396543350424e-06,3.279744665800852e-06,0.011730881294060516
2024-11-15,2023-03-10,9.884700076553632e-07,7.921813635600206e-07,0.004337919551310139,2024-11-13,250,32808,159,0.01,1.0781990095992566e-06,8.875842736696134e-07,1.0781990095992566e-06,8.875842736696134e-07,0.0010383636210881315,0.0009421169108288066,0.09269075717277653,1.9061473592964313e-07,0.04506896336757812,0.389937106918239,0.4088050314465409,1.0,1.1583141899063042e-06,9.727654434103213e-07,0.011806800370776098
2024-11-18,2023-03-13,1.5906257859942863e-06,1.5390851617324894e-06,0.004400000000000001,2024-11-14,250,32834,158,100.0,9.55811643218941e-07,9.793209321755597e-07,9.55811643218941e-07,9.793209321755597e-07,0.000977656198885345,0.0009896064531800305,-0.012223370862180838,-2.3509288956618564e-08,0.044973365642731154,0.36075949367088606,0.36075949367088606,1.0,4.761742908997913e-07,5.563879587325461e-07,0.011959991463935131
2024-11-19,2023-03-17,1.2521560363750177e-06,1.252939178311659e-06,0.004341724410139462,2024-11-15,250,32824,67,0.01,1.2999695646642182e-06,1.1212736942621017e-06,1.2999695646642182e-06,1.1212736942621017e-06,0.0011401620782433603,0.0010589021174131732,0.07127053458520893,1.7869587040211654e-07,0.04526013140486457,0.2537313432835821,0.29850746268656714,1.0,1.3522656112305306e-06,9.772645710828988e-07,0.01191118762220522
2024-11-20,2023-03-20,9.043975012910179e-07,7.880276416456847e-07,0.004336779393727002,2024-11-18,250,32786,166,0.01,6.255611025529402e-07,5.415840488750098e-07,6.255611025529402e-07,5.415840488750098e-07,0.0007909242078435457,0.0007359239423167382,0.06953923647977056,8.397705367793038e-08,0.04516455195437363,0.5783132530120482,0.5421686746987951,1.0,2.1354911038772079e-07,1.7743605358699755e-07,0.011867804506183298
2024-11-21,2023-03-22,3.175382149207482e-07,3.292014089890157e-07,0.004323144104803493,2024-11-19,250,32664,163,100.0,2.1775684527275141e-07,2.362604131096741e-07,2.1775684527275141e-07,2.362604131096741e-07,0.00046664423844375427,0.0004860662641139314,-0.04162062674329614,-1.850356783692269e-08,0.04516455195437363,0.6503067484662577,0.7055214723926381,1.0,7.110846866887731e-08,9.966531310518727e-08,0.011863784928027095
2024-11-22,2023-03-24,1.0901554020010837e-06,1.2379098246216033e-06,0.004332224750568879,2024-11-20,250,32748,175,1.0,7.470350365188858e-07,9.766152798508689e-07,7.470350365188858e-07,9.766152798508689e-07,0.0008643118861376869,0.0009882384731687332,-0.1433817919418321,-2.2958024333198313e-07,0.04526013140486457,0.49142857142857144,0.5257142857142857,1.0,4.2297691356347646e-07,7.298370986785086e-07,0.011800436269307863
2024-11-25,2023-03-27,1.4929380689586064e-06,1.4037648605006437e-06,0.0043067820942271715,2024-11-21,250,32715,173,1.0,9.263987135837784e-07,9.015950697496308e-07,9.263987135837784e-07,9.015950697496308e-07,0.0009624960849706239,0.0009495236014705642,0.013477959757577263,2.4803643834147608e-08,0.04526013140486457,0.3988439306358382,0.3930635838150289,1.0,4.0392353029365904e-07,4.384829293903632e-07,0.011763975416029956
2024-11-26,2023-03-29,4.0272564279704374e-07,2.6315754851652115e-07,0.004251299008030231,2024-11-22,250,32696,68,100.0,3.5188807568794895e-07,2.604749851488201e-07,3.5188807568794895e-07,2.604749851488201e-07,0.0005932015472737313,0.0005103675000906896,0.13963896008655918,9.141309053912883e-08,0.04516455195437363,0.5735294117647058,0.5,1.0,2.946958126902175e-07,2.574571013601565e-07,0.01172420631600087
2024-11-27,2023-03-31,6.351783219540094e-07,7.165498636298179e-07,0.004211690632179019,2024-11-25,250,32791,162,100.0,8.078848344565203e-07,9.110712618651764e-07,8.078848344565203e-07,9.110712618651764e-07,0.0008988241398941843,0.0009545005300497095,-0.061943585718647665,-1.0318642740865604e-07,0.04506896336757811,0.4567901234567901,0.5061728395061729,1.0,1.0723416817259902e-06,1.2089321529130688e-06,0.011663306418047116
2024-11-29,2023-04-03,1.129293794865681e-06,8.622192882491418e-07,0.004214021197803602,2024-11-26,250,32691,147,100.0,7.52014518578581e-07,5.767024682818476e-07,7.52014518578581e-07,5.767024682818476e-07,0.000867187706657896,0.0007594092890410596,0.12428499249857883,1.7531205029673335e-07,0.044973365642731154,0.673469387755102,0.6394557823129252,1.0,2.201125880754562e-07,1.7417055816402316e-07,0.01169875423742965
2024-12-02,2023-04-05,6.421953091123751e-07,5.883813322699531e-07,0.004171406901782329,2024-11-27,250,32679,111,100.0,7.248859899145692e-07,6.579342884567866e-07,7.248859899145692e-07,6.579342884567866e-07,0.0008514023666366974,0.0008111314865401211,0.04729946929283113,6.695170145778264e-08,0.044782142771893206,0.42342342342342343,0.34234234234234234,1.0,1.0594073804325362e-06,9.39307611212613e-07,0.011626528918761926
2024-12-03,2023-04-10,4.989379078868176e-07,3.0531850846774506e-07,0.004132058934012271,2024-11-29,250,32747,98,100.0,4.0435250495743027e-07,3.84359661869229e-07,4.0435250495743027e-07,3.84359661869229e-07,0.0006358871794252737,0.0006199674683959063,0.025035433241091476,1.9992843088201275e-08,0.04411257461832096,0.3979591836734694,0.42857142857142855,1.0,3.541040096511933e-07,4.2635027461376716e-07,0.011605727018206518
2024-12-04,2023-04-14,6.478963348947301e-07,6.882127319735192e-07,0.004079950546053986,2024-12-02,250,32748,182,100.0,4.0288698710513527e-07,4.6759824567603004e-07,4.0288698710513527e-07,4.6759824567603004e-07,0.0006347337923138607,0.0006838115571383903,-0.07732023317306203,-6.471125857089477e-08,0.04392118705792814,0.5989010989010989,0.6098901098901099,1.0,1.5243298714243823e-07,2.4208121523859666e-07,0.011600346078057992
2024-12-05,2023-04-17,4.7153064742083594e-07,5.203165777394592e-07,0.0040739064236039665,2024-12-03,250,32753,153,100.0,3.7852450919946464e-07,4.4037365731635457e-07,3.7852450919946464e-07,4.4037365731635457e-07,0.0006152434552268432,0.0006636065530993154,-0.07860806557404265,-6.184914811688993e-08,0.04372976286132523,0.6209150326797386,0.6405228758169934,1.0,2.3825295647215041e-07,3.1980400684216396e-07,0.011528757858012701
2024-12-06,2023-04-19,1.3912498496391692e-06,1.5214369155971124e-06,0.004073403554970376,2024-12-04,250,32834,174,100.0,8.05777060400349e-07,9.223930998124016e-07,8.05777060400349e-07,9.223930998124016e-07,0.0008976508566254193,0.0009604129839878268,-0.06991819469582206,-1.1661603941205254e-07,0.04363403702006131,0.4827586206896552,0.5229885057471264,1.0,1.7848478621589887e-07,2.8056044004306895e-07,0.011547761513862791
2024-12-09,2023-04-21,4.842278169694455e-06,4.004510988292296e-06,0.004076758359413605,2024-12-05,250,32909,128,100.0,2.6237039508328093e-06,2.3333536831192404e-06,2.6237039508328093e-06,2.3333536831192404e-06,0.0016197851557638158,0.0015275318926684445,0.05695401193615024,2.9035026771356884e-07,0.04325104199431495,0.3515625,0.3203125,1.0,1.2015409900240611e-06,1.2620990003159995e-06,0.011525912702982841
2024-12-10,2023-04-24,2.2616871187508515e-06,1.8590189579822225e-06,0.004012158054711247,2024-12-06,250,32903,51,100.0,1.2099601132438393e-06,1.0228976988101918e-06,1.2099601132438393e-06,1.0228976988101918e-06,0.0010999818695068748,0.0010113840510954243,0.08054479884397481,1.8706241443364752e-07,0.04325104199431493,0.5490196078431373,0.5490196078431373,1.0,4.7375120938893064e-07,4.3761281738977006e-07,0.011585574188000266
2024-12-11,2023-04-26,1.2819592361727228e-06,1.3391910705900364e-06,0.003995641118779515,2024-12-09,250,32822,135,0.01,8.995195019146792e-07,9.87909677865229e-07,8.995195019146792e-07,9.87909677865229e-07,0.0009484300195136588,0.0009939364556475576,-0.04798080532840343,-8.839017595054991e-08,0.04315527031392761,0.5851851851851851,0.6296296296296297,1.0,3.078202904211023e-07,4.44417711762697e-07,0.011621707033842068
2024-12-12,2023-04-28,1.1922677071493104e-06,1.1548982420996847e-06,0.0040163901172461354,2024-12-10,250,32796,110,1.0,8.87884972808008e-07,9.13075818144296e-07,8.87884972808008e-07,9.13075818144296e-07,0.0009422764842698814,0.0009555500081860164,-0.014086655177880214,-2.5190845336287986e-08,0.04286790022717579,0.5272727272727272,0.509090909090909,1.0,5.72228803861472e-07,6.622970081164853e-07,0.011532553583775059
2024-12-13,2023-05-01,1.3170647690406259e-06,1.331703313251245e-06,0.003992579448298113,2024-12-11,250,32757,149,100.0,8.7334996683993e-07,1.0062859603859312e-06,8.7334996683993e-07,1.0062859603859312e-06,0.0009345319506790178,0.0010031380564936869,-0.07341226350240992,-1.329359935460012e-07,0.04258044753511838,0.5637583892617449,0.5973154362416108,1.0,4.3555136200191035e-07,6.852075055588221e-07,0.011592284017010573
2024-12-16,2023-05-03,1.2972936525551173e-06,1.1465731866570698e-06,0.003989844033369605,2024-12-12,250,32728,139,100.0,9.160386031972507e-07,8.600666836373442e-07,9.160386031972507e-07,8.600666836373442e-07,0.0009570990561050882,0.0009273978022603591,0.03103258085489946,5.597191955990653e-08,0.042484611606155305,0.5323741007194245,0.5323741007194245,1.0,3.159149143932015e-07,4.0908422518036855e-07,0.008439933135830257
2024-12-17,2023-05-05,,,,2024-12-13,250,32799,18,0.01,8.280203326517188e-07,7.357715296480301e-07,8.280203326517188e-07,7.357715296480301e-07,0.0009099562256788613,0.0008577712571822573,0.05734887791736587,9.224880300368866e-08,0.04277209184386899,0.16666666666666666,0.0,1.0,8.280203326517188e-07,7.357715296480301e-07,0.008404047528799091
2024-12-18,2023-05-08,3.7885712450161315e-06,3.7118192091760154e-06,0.0039056335805586232,2024-12-16,250,32808,149,0.01,1.590323931724471e-05,1.53995108473601e-05,1.590323931724471e-05,1.53995108473601e-05,0.003987886572765669,0.003924221049757531,0.01596472764369139,5.037284698846088e-07,0.04286790022717579,0.2953020134228188,0.28187919463087246,1.0,3.6022241651481454e-05,3.480942731791582e-05,0.008438815800360754
2024-12-19,2023-05-10,4.020168193412313e-06,3.870290083049121e-06,0.003991130820399111,2024-12-17,250,32644,124,0.01,8.224830142760104e-06,7.052739902006257e-06,8.224830142760104e-06,7.052739902006257e-06,0.0028678964665343316,0.002655699512747302,0.07399045128133785,1.1720902407538461e-06,0.04267627428043632,0.3548387096774194,0.3548387096774194,1.0,1.5113318868287334e-05,1.2266540669233906e-05,0.008698048713925089
2024-12-20,2023-05-12,6.756242798162757e-06,6.396852506461246e-06,0.0039633291965250825,2024-12-18,250,32720,171,0.01,4.644471978263135e-06,4.7602135748077875e-06,4.644471978263135e-06,4.7602135748077875e-06,0.002155103704758343,0.002181791368304446,-0.012383470682723274,-1.1574159654465248e-07,0.04258044753511838,0.4327485380116959,0.4444444444444444,1.0,2.873309355121518e-06,3.3875486643887577e-06,0.008700720013649545
2024-12-23,2023-05-15,1.4447922961268067e-06,1.5332179880785026e-06,0.003890133207591654,2024-12-19,250,32709,185,0.01,1.7029732840756586e-06,1.7811902241606202e-06,1.7029732840756586e-06,1.7811902241606202e-06,0.0013049801853191713,0.0013346123872348182,-0.0227070129102378,-7.821694008496163e-08,0.04248461160615529,0.2810810810810811,0.34054054054054056,1.0,1.9814606418631836e-06,2.048665894541331e-06,0.011951349065381037
2024-12-24,2023-05-19,8.920956482530391e-07,1.0042231238119001e-06,0.003878246562463274,2024-12-20,250,32693,69,100.0,8.977419458004442e-07,8.767391316998173e-07,8.977419458004442e-07,8.767391316998173e-07,0.0009474924515796652,0.000936343490231986,0.011766807565687265,2.1002814100626912e-08,0.042676274280436306,0.37681159420289856,0.43478260869565216,1.0,9.039015431248858e-07,7.376656857593634e-07,0.011880206494139803
2024-12-26,2023-05-22,,,,2024-12-23,250,32697,61,100.0,3.0616588312928545e-06,3.1527500320483627e-06,3.0616588312928545e-06,3.1527500320483627e-06,0.0017497596495784369,0.0017755984996750708,-0.014767085355328113,-9.10912007555082e-08,0.04305948946044696,0.14754098360655737,0.22950819672131148,1.0,3.0616588312928545e-06,3.1527500320483627e-06,0.011749609180109769
2024-12-27,2023-05-24,7.547361043023138e-07,8.477376789794396e-07,0.0038220986796386395,2024-12-24,250,32551,164,100.0,1.0050719984785152e-06,1.0202480479794588e-06,1.0050719984785152e-06,1.0202480479794588e-06,0.0010025327917223034,0.0010100732884199338,-0.00752144644034658,-1.517604950094367e-08,0.04258044753511838,0.42073170731707316,0.3719512195121951,1.0,1.2949346127878008e-06,1.219996896295271e-06,0.011748827618319085
2024-12-30,2023-05-26,2.14870817243095e-06,2.176880018762196e-06,0.0038733909777377835,2024-12-26,250,32533,170,100.0,1.9324331278888784e-06,1.9195800420394455e-06,1.9324331278888784e-06,1.9195800420394455e-06,0.0013901198250110955,0.0013854890984917368,0.003331170763874014,1.285308584943289e-08,0.04219704869978835,0.31176470588235294,0.37058823529411766,1.0,1.700333080087632e-06,1.6434532377516156e-06,0.011873817246768961
2024-12-31,2023-05-31,6.605525093117179e-07,6.538835334136549e-07,0.003925455987311655,2024-12-27,250,32521,38,0.01,6.605525093117179e-07,6.538835334136549e-07,6.605525093117179e-07,6.538835334136549e-07,0.0008127438153020408,0.0008086306532735789,0.005060834608668685,6.668975898063063e-09,0.04277209184386899,0.5789473684210527,0.5526315789473685,1.0,,,
2025-01-02,2023-06-02,1.7982310796653175e-06,1.682859691362015e-06,0.00395335835795863,2024-12-30,250,32652,155,0.01,1.1183664985678206e-06,1.047434885858993e-06,1.1183664985678206e-06,1.047434885858993e-06,0.0010575284859368188,0.0010234426636890768,0.03223158780214497,7.09316127088276e-08,0.04277209184386898,0.4838709677419355,0.4064516129032258,1.0,1.516840473198168e-07,1.4394024053438417e-07,0.012054736554736555
2025-01-03,2023-06-07,8.691275682389395e-07,7.77726883944294e-07,0.004059872872667624,2024-12-31,250,32547,192,0.01,5.905476035064865e-07,5.986509047340479e-07,5.905476035064865e-07,5.986509047340479e-07,0.0007684709516347945,0.0007737253419231193,-0.006837461165118963,-8.10330122756142e-09,0.042676274280436306,0.4322916666666667,0.4635416666666667,1.0,2.9399473782355264e-07,4.080216365424958e-07,0.012084428024083202
2025-01-06,2023-06-09,6.035348312722853e-07,5.749549426858331e-07,0.0040680473372781065,2025-01-02,250,32633,179,1.0,8.88010875103359e-07,8.414504226827339e-07,8.88010875103359e-07,8.414504226827339e-07,0.0009423432894138733,0.0009173060681597685,0.026569108662807595,4.6560452420625034e-08,0.042484611606155305,0.3463687150837989,0.3407821229050279,1.0,1.1888361168557583e-06,1.1232617348633646e-06,0.011935197229495733
2025-01-07,2023-06-12,3.730705816973324e-07,8.880647049893551e-07,0.0040408163265306125,2025-01-03,250,32736,68,100.0,5.359901841333435e-07,8.299298900124304e-07,5.359901841333435e-07,8.299298900124304e-07,0.0007321135049521649,0.0009110048792473235,-0.24434923421723664,-2.939397058790869e-07,0.04258044753511839,0.3235294117647059,0.38235294117647056,1.0,7.192747368738559e-07,7.645282231633902e-07,0.011866836871808653
2025-01-08,2023-06-16,5.432976698864581e-07,6.162287914331033e-07,0.004087362206349862,2025-01-06,250,32786,163,100.0,3.7882093770731556e-07,4.327151447894334e-07,3.7882093770731556e-07,4.327151447894334e-07,0.0006154843115038071,0.0006578108731158473,-0.06876952153114035,-5.389420708211786e-08,0.04258044753511838,0.5828220858895705,0.6196319018404908,1.0,1.3708998283796957e-07,1.6300569441919142e-07,0.012002514312896045
2025-01-10,2023-06-21,2.7865419425287123e-06,3.173504071027696e-06,0.00407911001236094,2025-01-07,250,32711,115,0.01,2.1736393466995883e-06,2.2645112905975095e-06,2.1736393466995883e-06,2.2645112905975095e-06,0.0014743267435340065,0.00150482932274644,-0.020689158184377776,-9.087194389792123e-08,0.042580447535118374,0.3739130434782609,0.3739130434782609,1.0,1.6677514898247537e-06,1.5142315353217984e-06,0.011985003986496805
2025-01-13,2023-06-23,2.065665985054783e-06,2.2003101961087942e-06,0.004179860671310956,2025-01-08,250,32792,181,0.01,1.5090498152086958e-06,1.554361551185826e-06,1.5090498152086958e-06,1.554361551185826e-06,0.001228433887194869,0.0012467403704002795,-0.014902294210731526,-4.5311735977130134e-08,0.0426762742804363,0.3149171270718232,0.35359116022099446,1.0,9.462490212532081e-07,9.012356990970472e-07,0.012170821202776962
2025-01-15,2023-06-26,2.4694951447298836e-06,2.0192378704947986e-06,0.004243827160493825,2025-01-10,250,32717,163,0.01,1.7920656715271967e-06,1.5259491261434704e-06,1.7920656715271967e-06,1.5259491261434704e-06,0.0013386805711323357,0.0012352931336907327,0.07723084929375779,2.661165453837263e-07,0.042676274280436306,0.36809815950920244,0.3374233128834356,1.0,7.707104657754528e-07,7.82221480813775e-07,0.01213528229615761
2025-01-16,2023-06-28,5.9251293902658535e-06,6.146876569203972e-06,0.004161937192584184,2025-01-13,250,32712,159,0.01,3.6140488334883383e-06,3.769217365882741e-06,3.6140488334883383e-06,3.769217365882741e-06,0.0019010651839135707,0.0019414472348953347,-0.02124180239766038,-1.5516853239440268e-07,0.04258044753511838,0.2641509433962264,0.32075471698113206,1.0,3.575262307563843e-07,4.18879397566461e-07,0.011918485778872431
2025-01-17,2023-06-30,1.8657028019707011e-06,1.3009663226842694e-06,0.00433715937965478,2025-01-15,250,32793,163,100.0,1.491566437667709e-06,1.073653004614178e-06,1.491566437667709e-06,1.073653004614178e-06,0.0012212970308928574,0.001036172285198836,0.15158044358683298,4.17913433053531e-07,0.0424846116061553,0.48466257668711654,0.3803680981595092,1.0,8.820862313031575e-07,7.033522767903201e-07,0.011941450882293283
2025-01-21,2023-07-05,2.164264131945713e-06,2.570669616300315e-06,0.004304722149752154,2025-01-16,250,32786,67,100.0,1.5338711865126524e-06,1.6970867394434928e-06,1.5338711865126524e-06,1.6970867394434928e-06,0.0012384955335053302,0.0013027228175799689,-0.05185911643367436,-1.6321555293084036e-07,0.042484611606155305,0.3582089552238806,0.3880597014925373,1.0,8.843754245513173e-07,7.9703165419707e-07,0.011822751765453996
2025-01-22,2023-07-07,1.5390461653012088e-06,2.2774572854402074e-06,0.004446640316205535,2025-01-17,250,32867,169,0.01,1.0055117558564512e-06,1.4632611907542804e-06,1.0055117558564512e-06,1.4632611907542804e-06,0.001002752090925993,0.001209653334949431,-0.20633339575724507,-4.5774943489782913e-07,0.0426762742804363,0.2958579881656805,0.3136094674556213,1.0,1.3018186536114606e-07,1.2747072291018125e-07,0.011715512809883095
2025-01-23,2023-07-10,2.535916543032652e-07,3.7132406924857464e-07,0.004422999597909128,2025-01-21,250,32827,178,1.0,2.0592524180328532e-07,2.986681377681791e-07,2.0592524180328532e-07,2.986681377681791e-07,0.00045378986524963877,0.00054650538676959,-0.20431377741093137,-9.274289596489376e-08,0.042676274280436306,0.3258426966292135,0.4606741573033708,1.0,1.2503678422756188e-07,1.7537322374084117e-07,0.011650023085548444
2025-01-24,2023-07-14,2.5738107902564333e-07,6.823815481083388e-07,0.004426361441473666,2025-01-22,250,32820,174,0.01,1.940588304743663e-07,5.03006341485098e-07,1.940588304743663e-07,5.03006341485098e-07,0.0004405210897044162,0.0007092293997608235,-0.609978310542878,-3.089475110107317e-07,0.042676274280436306,0.40229885057471265,0.5574712643678161,1.0,7.96702524462528e-08,1.789737101656955e-07,0.011586781467814677
2025-01-27,2023-07-17,2.6243758437451454e-06,2.9171061134715306e-06,0.00444384594667385,2025-01-23,250,32896,182,0.01,2.1255466911384906e-06,2.158025295257192e-06,2.1255466911384906e-06,2.158025295257192e-06,0.0014579254751661659,0.0014690218838591862,-0.007611094587503198,-3.2478604118701505e-08,0.04258044753511838,0.25824175824175827,0.26373626373626374,1.0,1.5035498465301917e-06,1.2115171145207957e-06,0.011620704968995182
2025-01-28,2023-07-19,1.6356460528026597e-06,1.397913289726881e-06,0.004306969459671104,2025-01-24,250,32970,64,0.01,1.1268770479930144e-06,1.0004251459899863e-06,1.1268770479930144e-06,1.0004251459899863e-06,0.001061544651907311,0.0010002125504061557,0.057776280433383675,1.2645190200302813e-07,0.04229291219025145,0.25,0.25,1.0,6.181080431833694e-07,6.029370022530919e-07,0.011787443482323105
2025-01-29,2023-07-21,1.5974839444564997e-06,2.1242912981136415e-06,0.004155124653739614,2025-01-27,250,33074,134,0.01,1.4768996211498602e-06,1.9234707953514136e-06,1.4768996211498602e-06,1.9234707953514136e-06,0.0012152775901619597,0.0013868924959604524,-0.14121457285789463,-4.465711742015533e-07,0.04219704869978836,0.4925373134328358,0.6417910447761194,1.0,9.76010893568436e-07,1.0892933223390849e-06,0.011687024416065638
2025-01-30,2023-07-24,1.5561168583784367e-06,1.2223843094973164e-06,0.004136029411764707,2025-01-28,250,32941,154,0.01,2.697790263753839e-06,2.2806604624202084e-06,2.697790263753839e-06,2.2806604624202084e-06,0.0016424951335556033,0.001510185572179859,0.08055400510644206,4.171298013336308e-07,0.04219704869978835,0.4675324675324675,0.474025974025974,1.0,4.536077950375252e-06,3.984664437465541e-06,0.011739652049650221
2025-01-31,2023-07-26,1.1387937141547784e-05,9.299438162995714e-06,0.004166842038806346,2025-01-29,250,32876,184,0.01,6.1729689025191025e-06,5.082730936838773e-06,6.1729689025191025e-06,5.082730936838773e-06,0.0024845460153756667,0.002254491281162731,0.09259427387910579,1.0902379656803298e-06,0.04210117601863539,0.32608695652173914,0.3423913043478261,1.0,3.585790268204582e-07,3.8134471916953806e-07,0.011676980034377893
2025-02-03,2023-07-28,1.6282206779872123e-06,1.6192810039134009e-06,0.004194915254237287,2025-01-30,250,32945,186,100.0,1.2263563789534753e-06,1.139818865212612e-06,1.2263563789534753e-06,1.139818865212612e-06,0.001107409761088223,0.0010676229976975076,0.035927770179321916,8.653751374086325e-08,0.042197048699788346,0.27419354838709675,0.27956989247311825,1.0,8.068277151270466e-07,6.392814676678325e-07,0.011739456980492504
2025-02-04,2023-07-31,2.1412704601470154e-06,1.1825475803407579e-06,0.004341914828297005,2025-01-31,250,32937,67,100.0,2.203871120716363e-06,1.6831530454955967e-06,2.203871120716363e-06,1.6831530454955967e-06,0.0014845440784012993,0.0012973638832245935,0.12608598013356365,5.207180752207662e-07,0.042484611606155305,0.31343283582089554,0.26865671641791045,1.0,2.268368770999934e-06,2.1989283732308844e-06,0.011818993927430282
2025-02-05,2023-08-02,4.238190910614494e-07,4.658868883112903e-07,0.004252577319587628,2025-02-03,250,32974,165,1.0,7.059617105253154e-07,6.745105312023559e-07,7.059617105253154e-07,6.745105312023559e-07,0.0008402152762984707,0.0008212859010127691,0.02252919676620746,3.145117932295955e-08,0.042388766491786634,0.36363636363636365,0.47878787878787876,1.0,1.162764046800146e-06,1.0122821435021763e-06,0.011740237296021803
2025-02-06,2023-08-04,1.5996190832989209e-06,1.5347271052951972e-06,0.0042586140147115766,2025-02-04,250,32960,118,0.01,1.5598259184542007e-06,1.643969087609688e-06,1.5598259184542007e-06,1.643969087609688e-06,0.0012489299093440755,0.0012821735793603329,-0.026617722714092684,-8.414316915548726e-08,0.042388766491786606,0.3220338983050847,0.288135593220339,1.0,1.5226421414681502e-06,1.7460476612478182e-06,0.011692827115951139
2025-02-07,2023-08-07,1.8494788243551614e-06,1.7630094187838688e-06,0.004244918960638023,2025-02-05,250,32983,153,100.0,1.5919314092612382e-06,1.5100472010406685e-06,1.5919314092612382e-06,1.5100472010406685e-06,0.0012617176424466919,0.0012288397784254335,0.026058020364605805,8.188420822056961e-08,0.0424846116061553,0.37254901960784315,0.32679738562091504,1.0,1.337728765791911e-06,1.2603702069045227e-06,0.011652328803272199
2025-02-10,2023-08-09,5.664703558831877e-07,5.286432639927014e-07,0.0032948205421078065,2025-02-06,250,32926,145,100.0,3.4502223127254285e-07,3.669545686263919e-07,3.4502223127254285e-07,3.669545686263919e-07,0.0005873859304346188,0.0006057677513918943,-0.03129428201263584,-2.1932337353849065e-08,0.04258044753511839,0.47586206896551725,0.503448275862069,1.0,1.8870590801796992e-07,2.5282137189723236e-07,0.011759974699136108
2025-02-11,2023-08-11,2.467441285676965e-06,2.4939914577403144e-06,0.004392708104546453,2025-02-07,250,33003,66,0.01,1.359339117213961e-06,1.3855015285598265e-06,1.359339117213961e-06,1.3855015285598265e-06,0.001165906993380673,0.0011770732893748913,-0.009577347127698754,-2.616241134586555e-08,0.04258044753511839,0.3787878787878788,0.3333333333333333,1.0,1.8198056322201927e-07,2.0773097880555795e-07,0.011680648094568901
2025-02-12,2023-08-14,1.1649324251883095e-06,1.0884258927600284e-06,0.004298856504169891,2025-02-10,250,33016,129,1.0,9.306564860107881e-07,8.821172232599597e-07,9.306564860107881e-07,8.821172232599597e-07,0.0009647053881941305,0.0009392109578044539,0.026427166989707263,4.853926275082838e-08,0.04258044753511839,0.3798449612403101,0.37209302325581395,1.0,1.9004222667539803e-07,2.2991562290490413e-07,0.011671771488989117
2025-02-13,2023-08-18,1.0964736238874016e-06,1.0687302836215226e-06,0.004221724996833706,2025-02-11,250,32912,123,1.0,6.778775452522148e-07,6.856241767893921e-07,6.778775452522148e-07,6.856241767893921e-07,0.0008233331921234652,0.0008280242609908191,-0.005697655471966545,-7.746631537177292e-09,0.042580447535118374,0.44715447154471544,0.4959349593495935,1.0,2.5241923581972996e-07,2.9623764197640704e-07,0.01170949350304959
2025-02-14,2023-08-21,1.920309562943009e-06,1.6625328003781366e-06,0.004140272429925889,2025-02-12,250,32850,148,0.01,8.526563378828831e-07,7.978256811564667e-07,8.526563378828831e-07,7.978256811564667e-07,0.0009233939234600167,0.0008932108828023014,0.0326870687480999,5.483065672641643e-08,0.042484611606155305,0.4391891891891892,0.5135135135135135,1.0,1.6461314839969095e-07,2.405699821025015e-07,0.011587161530513503
2025-02-18,2023-08-23,8.963018892502596e-08,1.3049531258840846e-07,0.00408830744071954,2025-02-13,250,32757,70,0.01,1.0862710162264752e-07,1.6046696628698557e-07,1.0862710162264752e-07,1.6046696628698557e-07,0.0003295862582430395,0.0004005832825855138,-0.21541257430132443,-5.1839864664338055e-08,0.04248461160615531,0.45714285714285713,0.5285714285714286,1.0,1.311859354510731e-07,1.9605830505404575e-07,0.01158773167131376
2025-02-19,2023-08-25,3.7498463678085286e-07,3.4139924975319906e-07,0.004090481449666625,2025-02-14,250,32829,168,100.0,3.901689022321059e-07,4.069626696887763e-07,3.901689022321059e-07,4.069626696887763e-07,0.0006246350152145699,0.0006379362583274102,-0.021294424406020918,-1.679376745667039e-08,0.0424846116061553,0.38095238095238093,0.3869047619047619,1.0,4.154760113175277e-07,5.162350362480717e-07,0.011553811182521386
2025-02-20,2023-08-28,1.7758090446725366e-07,1.9155036646994123e-07,0.004083799567117246,2025-02-18,250,32724,168,0.01,1.834477047415061e-07,2.0588045645914633e-07,1.834477047415061e-07,2.0588045645914633e-07,0.0004283079554963999,0.00045374051666028937,-0.05937914726429416,-2.2432751717640244e-08,0.0424846116061553,0.47023809523809523,0.48214285714285715,1.0,1.9298125518716633e-07,2.291668526916046e-07,0.0115266669929682
2025-02-21,2023-08-30,1.0711531260001866e-06,1.1357629753660093e-06,0.004067851767481592,2025-02-19,250,32723,190,100.0,9.354629901892671e-07,9.46207575284819e-07,9.354629901892671e-07,9.46207575284819e-07,0.0009671933571883479,0.0009727320161713703,-0.00572652711255528,-1.0744585095551892e-08,0.04238876649178662,0.3684210526315789,0.35789473684210527,1.0,7.81477555167887e-07,7.310941437320074e-07,0.011574822241882108
2025-02-24,2023-09-01,1.915084169544845e-06,1.8959646140437515e-06,0.004072490327835471,2025-02-20,250,32816,194,100.0,1.0582102604801904e-06,1.0263864960776284e-06,1.0582102604801904e-06,1.0263864960776284e-06,0.0010286934725564222,0.0010131073467691508,0.01515138007878869,3.1823764402562015e-08,0.04229291219025145,0.3917525773195876,0.3711340206185567,1.0,1.6525744998123465e-07,1.2019456261819463e-07,0.011776244291095778
2025-02-25,2023-09-06,4.29578589307448e-07,8.029501498871052e-07,0.004046944556859573,2025-02-21,250,32838,70,0.01,4.347018954166095e-07,6.738729191460337e-07,4.347018954166095e-07,6.738729191460337e-07,0.000659319266680877,0.0008208976301257262,-0.2450684692687073,-2.391710237294242e-07,0.04219704869978836,0.3142857142857143,0.3,1.0,4.407858214212386e-07,5.205937076410109e-07,0.011830076522496274
2025-02-26,2023-09-08,2.1097850697714675e-06,1.6480880963139195e-06,0.004047927461139898,2025-02-24,250,32960,168,0.01,1.5030256126574202e-06,1.1917185155054388e-06,1.5030256126574202e-06,1.1917185155054388e-06,0.001225979450340592,0.001091658607580886,0.10956206706596106,3.113070971519813e-07,0.04210117601863539,0.3869047619047619,0.32142857142857145,1.0,5.653064516629836e-07,4.864200724377867e-07,0.011889203015616585
2025-02-27,2023-09-11,1.54888505425186e-06,1.9901190954362077e-06,0.004160426027625229,2025-02-25,250,32936,130,0.01,1.3624409817698665e-06,1.6844632834018352e-06,1.3624409817698665e-06,1.6844632834018352e-06,0.0011672364720868974,0.0012978687466003007,-0.11191586078512983,-3.220223016319687e-07,0.04219704869978835,0.46923076923076923,0.46923076923076923,1.0,7.670228148112426e-07,7.083366578727098e-07,0.011883203821441795
2025-02-28,2023-09-15,1.6142723826903163e-06,1.3497660897778942e-06,0.004214075010535187,2025-02-26,250,32950,171,0.01,1.0305143488727513e-06,9.382322366778557e-07,1.0305143488727513e-06,9.382322366778557e-07,0.0010151425263837347,0.0009686238881412412,0.04582473596905445,9.228211219489557e-08,0.04229291219025145,0.5497076023391813,0.5263157894736842,1.0,4.79924385158457e-07,5.500809888675923e-07,0.012075959319716263
2025-03-03,2023-09-18,3.2058022290239602e-06,3.5886373890986067e-06,0.004134965266291763,2025-02-27,250,32908,141,0.01,3.1711263246986067e-06,3.3252134004779505e-06,3.1711263246986067e-06,3.3252134004779505e-06,0.0017807656568730784,0.0018235167672598874,-0.024007151205890587,-1.5408707577934374e-07,0.042292912190251455,0.2127659574468085,0.19858156028368795,1.0,3.1099335523597474e-06,2.860347538206202e-06,0.011890403581406311
2025-03-04,2023-09-20,1.0764398974315889e-06,2.29854171875214e-06,0.00420115111540562,2025-02-28,250,32902,96,0.01,6.981337206017191e-07,1.3216014415238973e-06,6.981337206017191e-07,1.3216014415238973e-06,0.0008355439668872723,0.0011496092560187123,-0.37588122418196135,-6.234677209221782e-07,0.04258044753511838,0.3333333333333333,0.3541666666666667,1.0,4.502779495752525e-07,6.815371219605659e-07,0.012102437603850835
2025-03-05,2023-09-22,1.7372413381874582e-06,9.94019508368057e-07,0.004238545331242315,2025-03-03,250,32960,161,0.01,2.428347088191889e-06,1.769701056698264e-06,2.428347088191889e-06,1.769701056698264e-06,0.0015583154649145626,0.0013303011150481172,0.1463210466687801,6.586460314936251e-07,0.042484611606155305,0.3105590062111801,0.2546583850931677,1.0,3.655655575268723e-06,3.147204495974322e-06,0.012247408383316578
2025-03-06,2023-09-25,2.5324284403452196e-06,3.253188154788271e-06,0.004241961482989734,2025-03-04,250,32864,98,0.01,2.721479748601165e-06,3.448340922757807e-06,2.721479748601165e-06,3.448340922757807e-06,0.001649690803939079,0.001856970899814482,-0.12564784587540045,-7.26861174156642e-07,0.04258044753511838,0.3469387755102041,0.35714285714285715,1.0,3.1113980718790502e-06,3.850843506694977e-06,0.012117174904812542
2025-03-07,2023-09-27,1.916271204698017e-06,1.5958941227828205e-06,0.004249351973823991,2025-03-05,250,32830,149,0.01,2.5480496595238435e-06,2.153553892457318e-06,2.5480496595238435e-06,2.153553892457318e-06,0.0015962611501642967,0.0014674991967484404,0.0806647166740877,3.9449576706652575e-07,0.0424846116061553,0.3691275167785235,0.28859060402684567,1.0,3.45946775828897e-06,2.9580466749385595e-06,0.012336156169789243
2025-03-10,2023-09-29,8.085563329807077e-06,9.574807258919037e-06,0.0041828753084870544,2025-03-06,250,32846,174,100.0,5.163726426603741e-06,6.094248701864619e-06,5.163726426603741e-06,6.094248701864619e-06,0.002272383424205462,0.0024686532162020284,-0.08637177595378387,-9.305222752608779e-07,0.042484611606155305,0.1896551724137931,0.19540229885057472,1.0,2.559480491139897e-06,2.9920117270987257e-06,0.012267398249756912
2025-03-11,2023-10-02,,,,2025-03-07,250,32821,33,0.01,6.240362129443572e-07,1.0384051933454984e-06,6.240362129443572e-07,1.0384051933454984e-06,0.0007899596274141845,0.001019021684433407,-0.2899667895295144,-4.143689804011412e-07,0.04238876649178663,0.2727272727272727,0.30303030303030304,1.0,6.240362129443572e-07,1.0384051933454984e-06,0.012603089657140817
2025-03-12,2023-10-04,4.903568856380244e-06,2.751830951949075e-06,0.004528165187466037,2025-03-10,250,32777,170,0.01,4.899967328491032e-06,3.0651834358556117e-06,4.899967328491032e-06,3.0651834358556117e-06,0.002213586982363926,0.0017507665280829456,0.2090816660778908,1.8347838926354206e-06,0.042484611606155305,0.3235294117647059,0.24705882352941178,1.0,4.894002297924528e-06,3.5841734873258138e-06,0.012708735069794214
2025-03-13,2023-10-06,9.964540183554527e-07,2.3973811115328505e-06,0.004608719697667989,2025-03-11,250,32729,128,0.01,1.2653186176485478e-06,2.3314392650531656e-06,1.2653186176485478e-06,2.3314392650531656e-06,0.0011248638218240231,0.001526905126408699,-0.35741331242456154,-1.0661206474046178e-06,0.042580447535118374,0.28125,0.2890625,1.0,2.143609642005993e-06,2.1160292332195283e-06,0.012641651904736336
2025-03-14,2023-10-09,4.7604205390750914e-06,3.0644605371617333e-06,0.004769172071728347,2025-03-12,250,32797,152,100.0,5.058030302268889e-06,3.997132303269246e-06,5.058030302268889e-06,3.997132303269246e-06,0.0022490065145012116,0.0019992829472761592,0.11103728051247397,1.0608979989996429e-06,0.0424846116061553,0.17105263157894737,0.19078947368421054,1.0,5.305440828297468e-06,4.772485940153806e-06,0.012812447861883862
2025-03-17,2023-10-13,9.915749600171647e-07,9.66692545554726e-07,0.004684060143332242,2025-03-13,250,32751,65,0.01,1.1426148431576636e-06,9.576764692953983e-07,1.1426148431576636e-06,9.576764692953983e-07,0.0010689316363349266,0.0009786094569824053,0.08449762013051765,1.8493837386226523e-07,0.04238876649178663,0.4307692307692308,0.38461538461538464,1.0,1.2803276777857655e-06,9.494559291765994e-07,0.009719271157228907
2025-03-18,2023-10-16,1.2161037405390006e-06,2.575863047304103e-06,0.004672897196261682,2025-03-14,250,32798,152,0.01,1.087274957739743e-06,1.7248670032858904e-06,1.087274957739743e-06,1.7248670032858904e-06,0.0010427247756429991,0.0013133419216966656,-0.25952883481337596,-6.375920455461475e-07,0.0424846116061553,0.2631578947368421,0.3092105263157895,1.0,9.743509629403937e-07,9.789321992699251e-07,0.009644896411883984
2025-03-19,2023-10-18,1.4838557007655532e-06,6.256429229877021e-07,0.004701678499224224,2025-03-17,250,32754,158,100.0,1.3116224601049281e-06,6.563246365148247e-07,1.3116224601049281e-06,6.563246365148247e-07,0.0011452608698916279,0.0008101386526483135,0.29261649118861965,6.552978235901034e-07,0.042484611606155305,0.3670886075949367,0.2721518987341772,1.0,1.0377433724970491e-06,7.051135908120525e-07,0.009750281629888419
2025-03-20,2023-10-20,5.57853126556231e-07,8.419216955313902e-07,0.004645976584278016,2025-03-18,250,32824,157,0.01,4.3523419759799233e-07,6.367094157867837e-07,4.3523419759799233e-07,6.367094157867837e-07,0.0006597228187640566,0.0007979407345077601,-0.2095090723141042,-2.014752181887914e-07,0.042388766491786634,0.40764331210191085,0.6114649681528662,1.0,2.4226014546699367e-07,3.137523853690425e-07,0.00964523654188634
2025-03-21,2023-10-23,1.4165151302449212e-06,1.1896271920582663e-06,0.0046707146193367575,2025-03-19,250,32784,163,0.01,1.963009553810062e-06,1.7440357987014477e-06,1.963009553810062e-06,1.7440357987014477e-06,0.001401074428362056,0.0013206194753605021,0.057423753779883624,2.1897375510861432e-07,0.04238876649178663,0.3619631901840491,0.32515337423312884,1.0,2.80836811526239e-06,2.6016366121026185e-06,0.009673209075315213
2025-03-24,2023-10-25,4.1471494121099915e-05,4.1314331327656186e-05,0.004581481651165988,2025-03-20,250,32740,114,1.0,6.727834655379628e-05,6.692466247566674e-05,6.727834655379628e-05,6.692466247566674e-05,0.008202337871228926,0.008180749505740091,0.0026319771055225427,3.53684078129539e-07,0.04238876649178661,0.0,0.008771929824561403,1.0,0.00010833470269672237,0.000107668371120229,0.012705470052129509
2025-03-25,2023-10-27,7.529298458579934e-06,7.2768660437374975e-06,0.004530421782267929,2025-03-21,250,32823,79,0.01,6.210365523222346e-05,4.559145904384036e-05,6.210365523222346e-05,4.559145904384036e-05,0.007880587239046558,0.006752144773613815,0.14319268744866642,1.65121961883831e-05,0.04238876649178664,0.0379746835443038,0.08860759493670886,1.0,9.375678216093669e-05,6.781392298390001e-05,0.0124819380574136
2025-03-26,2023-10-30,9.025541530432691e-05,8.188931513279445e-05,0.0044692737430167585,2025-03-24,250,32745,107,0.01,7.699109842694306e-05,7.269772709627114e-05,7.699109842694306e-05,7.269772709627114e-05,0.008774457158533687,0.00852629621208829,0.02828219933857057,4.293371330671921e-06,0.04238876649178661,0.0,0.0,1.0,6.068704226515879e-05,6.139973346804456e-05,0.012452005352239946
2025-03-27,2023-11-03,6.694493801024705e-05,5.9496925959890314e-05,0.004514061300952465,2025-03-25,250,32680,114,0.01,4.778118650272331e-05,3.919198246178331e-05,4.778118650272331e-05,3.919198246178331e-05,0.006912393688348726,0.006260350027097791,0.09432964768051277,8.589204040939996e-06,0.04238876649178661,0.017543859649122806,0.0,1.0,2.4932098166829623e-05,1.4982242137117287e-05,0.01260245695492358
2025-03-28,2023-11-06,0.00019996729430658022,0.00019264817018863404,0.004467277194549923,2025-03-26,250,32747,127,0.01,0.00013781494912543227,0.00013869468999020015,0.00013781494912543227,0.00013869468999020015,0.011739461194000015,0.011776870976205868,-0.003186669438029366,-8.797408647678796e-07,0.0423887664917866,0.0,0.0,1.0,8.557094882823539e-05,9.334248924369054e-05,0.012636014318967338
2025-03-31,2023-11-08,0.00025840280259569197,0.00021687731166502458,0.004589261128958238,2025-03-27,250,32696,39,0.01,0.00025840280259569197,0.00021687731166502458,0.00025840280259569197,0.00021687731166502458,0.01607491221113484,0.014726754960446125,0.08386716101347458,4.1525490930667395e-05,0.04238876649178662,0.0,0.0,1.0,,,
2025-04-01,2023-11-09,0.00011310148309998496,8.29124995857201e-05,0.004501868275334266,2025-03-28,250,32788,110,0.01,6.416825855157312e-05,4.7430336836464745e-05,6.416825855157312e-05,4.7430336836464745e-05,0.008010509256693554,0.006886968624617419,0.14025832766341395,1.6737921715108377e-05,0.042292912190251435,0.03636363636363636,0.0,1.0,1.698264916560457e-05,1.3215394185397078e-05,0.012809723091224369
2025-04-02,2023-11-10,4.4876614196897344e-07,1.0726673632443457e-06,0.0044804874770375,2025-03-31,250,32741,170,0.01,3.2860951441148465e-07,7.24488048793446e-07,3.2860951441148465e-07,7.24488048793446e-07,0.0005732447247131757,0.0008511686371063292,-0.4848259397977248,-3.9587853438196135e-07,0.04229291219025145,0.49411764705882355,0.6764705882352942,1.0,1.392717982602902e-07,1.758418563253614e-07,0.012773643866873447
2025-04-03,2023-11-13,2.600092461898229e-05,3.905546258898828e-05,0.004466479074545538,2025-04-01,250,32699,170,0.01,1.550739460072476e-05,2.330242211918326e-05,1.550739460072476e-05,2.330242211918326e-05,0.003937942940257611,0.004827258240366187,-0.2258324494794226,-7.795027518458502e-06,0.04229291219025145,0.13529411764705881,0.14705882352941177,1.0,5.257900164287175e-06,7.915731427745796e-06,0.012693316445830077
2025-04-04,2023-11-17,4.716201329536866e-05,7.968581915654618e-05,0.004921502042423347,2025-04-02,250,32695,110,0.01,3.704579582562514e-05,5.972754800199748e-05,3.704579582562514e-05,5.972754800199748e-05,0.006086525759875262,0.007728359981393043,-0.2697489974233558,-2.2681752176372337e-05,0.04219704869978833,0.10909090909090909,0.10909090909090909,1.0,2.921388552646888e-05,4.427598323718559e-05,0.013351278181479409
2025-04-07,2023-11-20,1.7515862830316456e-05,4.464840038251007e-05,0.005308419152776303,2025-04-03,250,32700,144,100.0,1.934423732897574e-05,4.322435477176266e-05,1.934423732897574e-05,4.322435477176266e-05,0.004398208422639352,0.006574523159268865,-0.4948184641335194,-2.388011744278692e-05,0.041909403077209625,0.10416666666666667,0.20833333333333334,1.0,2.144550354385283e-05,4.158776504000819e-05,0.014181505303989868
2025-04-08,2023-11-21,1.1166834787357524e-05,6.374392153203036e-05,0.005510856387082552,2025-04-04,250,32622,50,100.0,7.2692882068783094e-06,3.6753509218186015e-05,7.2692882068783094e-06,3.6753509218186015e-05,0.0026961617545834134,0.006062467255019693,-1.2485547258852838,-2.9484221011307706e-05,0.04200529414503014,0.16,0.28,1.0,5.4351486395939715e-06,2.405213871755338e-05,0.014206810341409254
2025-04-09,2023-11-22,7.107297621638972e-05,3.1619042259956605e-05,0.005799791207516528,2025-04-07,250,32691,106,100.0,5.502999599480165e-05,2.8169784893049126e-05,5.502999599480165e-05,2.8169784893049126e-05,0.007418220540992405,0.005307521539574675,0.2845290174044033,2.6860211101752527e-05,0.042197048699788346,0.25471698113207547,0.08490566037735849,1.0,4.015377797114725e-05,2.4971382607371287e-05,0.014432869400580082
2025-04-10,2023-11-24,5.1075768892985165e-05,8.094497815304371e-05,0.005028916268544128,2025-04-08,250,32565,145,100.0,5.11061317735558e-05,7.304526390694753e-05,5.11061317735558e-05,7.304526390694753e-05,0.007148855277144432,0.00854665220463238,-0.1955273779225657,-2.1939132133391727e-05,0.04258044753511839,0.15862068965517243,0.16551724137931034,1.0,5.115038953167572e-05,6.153042619229883e-05,0.013061191717400026
2025-04-11,2023-11-27,5.336515411778589e-06,8.088224217170475e-06,0.005251549207016071,2025-04-09,250,32513,155,0.01,4.114341542694028e-06,5.186723374310928e-06,4.114341542694028e-06,5.186723374310928e-06,0.0020283839731899947,0.002277437896916385,-0.12278440720210826,-1.0723818316169e-06,0.0424846116061553,0.14838709677419354,0.15483870967741936,1.0,3.25479068971148e-06,3.146107396915203e-06,0.013659748751382058
2025-04-14,2023-11-29,1.2221970549672347e-05,4.9629391660003536e-06,0.005046681806712086,2025-04-10,250,32496,167,100.0,1.2086097302495479e-05,5.242186927678727e-06,1.2086097302495479e-05,5.242186927678727e-06,0.003476506479570472,0.0022895822605180026,0.3414129172568422,6.843910374816752e-06,0.042484611606155305,0.23952095808383234,0.16766467065868262,1.0,1.1897815802836106e-05,5.629144540290187e-06,0.013420292542233205
2025-04-15,2023-12-01,,,,2025-04-11,250,32575,33,100.0,2.5305492546531783e-06,2.5654335867097955e-06,2.5305492546531783e-06,2.5654335867097955e-06,0.0015907700194098386,0.0016016970958048827,-0.006869048487032625,-3.488433205661716e-08,0.04238876649178663,0.09090909090909091,0.09090909090909091,1.0,2.5305492546531783e-06,2.5654335867097955e-06,0.013291347009942127
2025-04-16,2023-12-04,2.094362081022598e-06,8.886415201737728e-06,0.00494706638963095,2025-04-14,250,32615,201,100.0,1.8559604172179543e-06,5.864426548471172e-06,1.8559604172179543e-06,5.864426548471172e-06,0.001362336381815429,0.0024216578099457344,-0.777576993663393,-4.008466131253218e-06,0.04238876649178662,0.13432835820895522,0.13930348258706468,1.0,1.619919165926228e-06,2.8723585749399297e-06,0.013328678782016698
2025-04-17,2023-12-06,1.356509739765712e-06,1.4247265344984541e-06,0.005147475163432337,2025-04-15,250,32470,201,0.01,1.6977935231540545e-06,1.2511985817836582e-06,1.6977935231540545e-06,1.2511985817836582e-06,0.0013029940610586276,0.0011185698823871749,0.14153877149801886,4.4659494137039635e-07,0.04238876649178662,0.2835820895522388,0.208955223880597,1.0,2.029039548207446e-06,1.0827743923840031e-06,0.013631683978236884
2025-04-21,2023-12-08,7.175880896136383e-06,1.4868663831532382e-05,0.005076657528683116,2025-04-16,250,32604,172,0.01,5.605413411592351e-06,1.1384148228775323e-05,5.605413411592351e-06,1.1384148228775323e-05,0.0023675754289129523,0.0033740403419009863,-0.42510363162965503,-5.7787348171829725e-06,0.0424846116061553,0.09302325581395349,0.09302325581395349,1.0,3.3170179341139016e-06,6.306711207615036e-06,0.013612262305047395
2025-04-22,2023-12-11,4.3565949733461335e-06,3.4328396241054363e-06,0.005177055290950506,2025-04-17,250,32687,64,0.01,3.086184181650767e-06,2.444514255157535e-06,3.086184181650767e-06,2.444514255157535e-06,0.0017567538762304658,0.0015634942453228075,0.11000950874367377,6.416699264932316e-07,0.0424846116061553,0.40625,0.25,1.0,1.9652334830960314e-06,1.5724624590270338e-06,0.01394417179107963
2025-04-23,2023-12-13,8.823474269675126e-06,7.390600361585874e-06,0.005006508460999301,2025-04-21,250,32700,164,0.01,5.703804784498082e-06,4.9370290017215365e-06,5.703804784498082e-06,4.9370290017215365e-06,0.002388263968764358,0.002221942618908404,0.06964110836626058,7.667757827765459e-07,0.042388766491786634,0.2682926829268293,0.2926829268292683,1.0,1.6174771489844904e-06,1.7231960937302216e-06,0.013590575628259837
2025-04-24,2023-12-15,3.7242253094312135e-06,2.3268702837194135e-06,0.004887585532746824,2025-04-22,250,32736,167,0.01,2.9342010996890394e-06,2.236883307421596e-06,2.9342010996890394e-06,2.236883307421596e-06,0.0017129509916191529,0.0014956213783647238,0.12687439063799488,6.973177922674433e-07,0.042388766491786634,0.2934131736526946,0.17365269461077845,1.0,1.8394532661891692e-06,2.1121870688374775e-06,0.013383196369205484
2025-04-25,2023-12-18,1.9004812659384636e-06,1.479069088713091e-06,0.004799155348658634,2025-04-23,250,32799,212,0.01,1.8469104799317685e-06,1.4503707439646498e-06,1.8469104799317685e-06,1.4503707439646498e-06,0.0013590108461420639,0.0012043133910924723,0.1138309201054164,3.965397359671187e-07,0.04229291219025144,0.41509433962264153,0.3113207547169811,1.0,1.7891380636500392e-06,1.4194215486477034e-06,0.013107302127348222
2025-04-28,2023-12-20,2.118280325501097e-06,3.0302590725331875e-06,0.004778287461773699,2025-04-24,250,32790,221,1.0,1.2630259482216748e-06,1.8312877398717782e-06,1.2630259482216748e-06,1.8312877398717782e-06,0.001123844272228886,0.0013532508044970001,-0.20412661961887224,-5.682617916501034e-07,0.04229291219025144,0.27601809954751133,0.27601809954751133,1.0,3.999965311488026e-07,6.214166678225361e-07,0.013013277277349987
2025-04-29,2023-12-22,2.859833542236734e-07,1.5308385284066294e-06,0.004758732273722281,2025-04-25,250,32920,79,100.0,5.443436919908597e-07,1.300803437996225e-06,5.443436919908597e-07,1.300803437996225e-06,0.0007377965112352183,0.0011405277015470623,-0.5458567290289726,-7.564597460053654e-07,0.042292912190251455,0.22784810126582278,0.34177215189873417,1.0,8.093286538033581e-07,1.0648700119342722e-06,0.013008316238540436
2025-04-30,2023-12-27,1.986799337567111e-06,4.573572239202462e-06,0.004734624307561195,2025-04-28,250,32950,190,100.0,3.1571156782503234e-06,5.296262475922098e-06,3.1571156782503234e-06,5.296262475922098e-06,0.0017768274193771109,0.0023013610051276392,-0.2952079532487235,-2.1391467976717744e-06,0.042197048699788346,0.23157894736842105,0.2578947368421053,1.0,5.075134125481144e-06,6.480671474990388e-06,0.012926885192668493
2025-05-01,2023-12-29,2.393205215556294e-06,2.6148528453042145e-06,0.004705882352941178,2025-04-29,250,32947,132,1.0,3.7162868668346776e-06,3.5435496999626936e-06,3.7162868668346776e-06,3.5435496999626936e-06,0.0019277673269444831,0.0018824318579865496,0.023517085451277175,1.7273716687198398e-07,0.04219704869978835,0.49242424242424243,0.5303030303030303,1.0,9.379076334306158e-06,7.518372237900983e-06,0.012921756771378079
2025-05-02,2024-01-03,2.0511346760097494e-05,1.3861187404648745e-05,0.004687792987061691,2025-04-30,250,32999,203,100.0,1.5878146984295062e-05,1.200984788895292e-05,1.5878146984295062e-05,1.200984788895292e-05,0.003984739261770469,0.003465522743967051,0.13030125277826177,3.8682990953421425e-06,0.042197048699788346,0.09852216748768473,0.08374384236453201,1.0,1.1105951215218555e-05,1.0102968187786219e-05,0.012830825290525896
2025-05-05,2024-01-05,2.9247213621784126e-06,3.510329788235569e-06,0.0048697345994643286,2025-05-01,250,33055,223,100.0,2.1452234438919526e-06,2.3818917659681664e-06,2.1452234438919526e-06,2.3818917659681664e-06,0.0014646581320881514,0.0015433378651378209,-0.05371883808646616,-2.3666832207621376e-07,0.04238876649178661,0.32286995515695066,0.27802690582959644,1.0,1.3444664914704075e-06,1.2226781612752887e-06,0.012643148775495805
2025-05-06,2024-01-08,7.021362930069667e-07,2.4935528553694617e-06,0.005027904872039821,2025-05-02,250,33159,79,100.0,4.937477866974404e-07,1.7552732749543393e-06,4.937477866974404e-07,1.7552732749543393e-06,0.0007026718912105709,0.0013248672669193466,-0.8854707061596709,-1.261525488256899e-06,0.04238876649178664,0.3670886075949367,0.5569620253164557,1.0,2.8001598535433684e-07,9.980634488875478e-07,0.012716067150538586
2025-05-07,2024-01-10,1.5545204913141554e-06,2.294512424734867e-06,0.005037529595486374,2025-05-05,250,33261,191,100.0,1.0129124784430815e-06,1.4344567718178473e-06,1.0129124784430815e-06,1.4344567718178473e-06,0.0010064355311906875,0.0011976880945462585,-0.19002962179733962,-4.2154429337476587e-07,0.04238876649178662,0.4712041884816754,0.612565445026178,1.0,2.1105126458201077e-07,1.6112762334329845e-07,0.012823248031496062
2025-05-08,2024-01-12,1.3657475574253066e-06,1.0734657748642363e-06,0.005095541401273885,2025-05-06,250,33271,147,0.01,9.348475472429696e-07,7.920002126185093e-07,9.348475472429696e-07,7.920002126185093e-07,0.0009668751456330697,0.0008899439379076129,0.07956684797713509,1.4284733462446033e-07,0.042484611606155305,0.4013605442176871,0.41496598639455784,1.0,5.097705101712051e-07,5.143382390517785e-07,0.012769546467076537
2025-05-09,2024-01-17,1.1669621322388308e-06,9.790177678676525e-07,0.005063547521393487,2025-05-07,250,33370,214,100.0,7.899219811581783e-07,7.05919685412509e-07,7.899219811581783e-07,7.05919685412509e-07,0.000888775551620418,0.000840190267387399,0.05466541484454446,8.400229574566928e-08,0.042484611606155284,0.42990654205607476,0.3691588785046729,1.0,3.9851839575064377e-07,4.2241786648288357e-07,0.012681186068736064
2025-05-12,2024-01-19,1.6834790942073062e-05,1.3452006134174743e-05,0.0037777665843953066,2025-05-08,250,33475,195,100.0,1.0133202159066333e-05,8.325471408019327e-06,1.0133202159066333e-05,8.325471408019327e-06,0.003183269099379808,0.002885389299214116,0.09357669454452577,1.807730751047006e-06,0.04248461160615529,0.26153846153846155,0.26153846153846155,1.0,2.932558892218676e-06,2.817173457575741e-06,0.012697365063614135
2025-05-13,2024-01-22,,,,2025-05-09,250,33510,37,100.0,1.4897225520109747e-07,2.313510071811305e-07,1.4897225520109747e-07,2.313510071811305e-07,0.0003859692412629502,0.00048098961234223185,-0.2461863820245378,-8.237875198003302e-08,0.04325104199431492,0.5135135135135135,0.5405405405405406,1.0,1.4897225520109747e-07,2.313510071811305e-07,0.012291173090447522
2025-05-14,2024-01-24,8.59988030545803e-07,1.5891318852882092e-06,0.004743342882637485,2025-05-12,250,33512,191,100.0,6.172977810022295e-07,1.0584498054106912e-06,6.172977810022295e-07,1.0584498054106912e-06,0.0007856830028721695,0.0010288098976053307,-0.30944655012820466,-4.4115202440846167e-07,0.0431552703139276,0.39790575916230364,0.35602094240837695,1.0,2.1618472967326813e-07,1.813502567242379e-07,0.012210536091609296
2025-05-15,2024-01-26,7.108538021489116e-07,8.587740563910066e-07,0.004756746573729573,2025-05-13,250,33464,150,100.0,5.934598293348362e-07,7.266340279314521e-07,5.934598293348362e-07,7.266340279314521e-07,0.0007703634397703698,0.0008524283124881835,-0.1065274758395538,-1.3317419859661586e-07,0.04315527031392761,0.43333333333333335,0.38666666666666666,1.0,1.428184498227396e-07,2.1938682190929113e-07,0.012194950560765153
2025-05-16,2024-01-29,5.766406547452235e-07,1.3382714415466876e-06,0.004776542917947505,2025-05-14,250,33516,213,0.01,3.43644841371262e-07,9.199217711119313e-07,3.43644841371262e-07,9.199217711119313e-07,0.0005862122835383629,0.0009591255241687249,-0.6361402705167944,-5.762769297406693e-07,0.0428679002271758,0.4413145539906103,0.43661971830985913,1.0,7.534663203154868e-08,4.3818578697493936e-07,0.012135675574975443
2025-05-19,2024-01-31,7.270192320589164e-07,8.915884898464491e-07,0.004780838776862633,2025-05-15,250,33501,200,100.0,6.748691747938397e-07,7.16024402814551e-07,6.748691747938397e-07,7.16024402814551e-07,0.0008215042147145927,0.0008461822515360098,-0.03004006112128188,-4.1155228020711365e-08,0.04277209184386899,0.41,0.41,1.0,6.124037215862203e-07,5.057333535126076e-07,0.012059291484348702
2025-05-20,2024-02-02,6.8035727178644085e-06,9.614924074119526e-06,0.004837628125299358,2025-05-16,250,33604,80,100.0,3.6967115282660336e-06,5.34388494068453e-06,3.6967115282660336e-06,5.34388494068453e-06,0.0019226834186277348,0.0023116844379552606,-0.2023219296316423,-1.6471734124184967e-06,0.042963699432115664,0.2,0.2,1.0,2.628123187099341e-07,6.232627405721669e-07,0.012046114146423469
2025-05-21,2024-02-05,9.71092506392632e-06,9.66473683912668e-06,0.004882529246833608,2025-05-19,250,33709,194,100.0,5.354786584381142e-06,5.38331852563978e-06,5.354786584381142e-06,5.38331852563978e-06,0.0023140411803555146,0.0023201979496671786,-0.002660613546522139,-2.853194125863765e-08,0.0428679002271758,0.20103092783505155,0.20103092783505155,1.0,5.25154791841924e-07,6.365286563390886e-07,0.01208675212954373
2025-05-22,2024-02-07,7.147226716953763e-07,1.045517175166453e-06,0.004997773269335444,2025-05-20,250,33607,196,1.0,4.6826960765537756e-07,7.711859985940003e-07,4.6826960765537756e-07,7.711859985940003e-07,0.0006843022779849396,0.0008781719641357268,-0.28331001136175393,-3.029163909386228e-07,0.04267627428043632,0.41836734693877553,0.5153061224489796,1.0,7.913319075011634e-08,3.380315092690749e-07,0.012293914490615242
2025-05-23,2024-02-09,1.9447253304008723e-06,3.50060575346597e-06,0.005015891934843067,2025-05-21,250,33729,218,0.01,1.8034903603013942e-06,2.5791293043206375e-06,1.8034903603013942e-06,2.5791293043206375e-06,0.0013429409370115256,0.0016059667818235338,-0.1958580884408252,-7.756389440192434e-07,0.04277209184386899,0.2706422018348624,0.22935779816513763,1.0,1.6458008305786745e-06,1.5502963756632263e-06,0.012289065152892355
2025-05-27,2024-02-12,5.118796401464905e-06,2.6537241196242625e-06,0.005172325498028371,2025-05-22,250,33802,74,0.01,4.652379468939041e-06,3.0623084401626837e-06,4.652379468939041e-06,3.0623084401626837e-06,0.0021569375208705145,0.0017499452677620189,0.18868986661432752,1.5900710287763575e-06,0.042676274280436306,0.12162162162162163,0.13513513513513514,1.0,4.160050484606187e-06,3.4935918896199057e-06,0.012373523164856414
2025-05-28,2024-02-14,2.4199177420047135e-07,8.05355358923401e-07,0.005044703061785128,2025-05-23,250,33887,187,0.01,1.945891390338324e-07,5.936376457727045e-07,1.945891390338324e-07,5.936376457727045e-07,0.00044112258957554237,0.0007704788418721857,-0.7466320249288456,-3.9904850673887213e-07,0.04258044753511838,0.5401069518716578,0.7005347593582888,1.0,1.1352376295175421e-07,2.3156967255846918e-07,0.012121510614903158
2025-05-29,2024-02-16,3.1160293391126474e-07,7.076471065242738e-07,0.005039417223829957,2025-05-27,250,33924,182,100.0,5.139409132675002e-07,7.779732096605146e-07,5.139409132675002e-07,7.779732096605146e-07,0.0007168967242689147,0.0008820278961917897,-0.23034164661761358,-2.640322963930144e-07,0.04258044753511838,0.4010989010989011,0.5769230769230769,1.0,8.695652406208838e-07,9.015766636575437e-07,0.01219204566722815
2025-05-30,2024-02-21,3.879778079370213e-07,8.039354958751775e-07,0.005051262815703926,2025-05-28,250,33930,168,100.0,3.52451624013306e-07,6.849658400594869e-07,3.52451624013306e-07,6.849658400594869e-07,0.0005936763630239173,0.0008276266308302838,-0.3940703763490436,-3.3251421604618087e-07,0.042676274280436306,0.4642857142857143,0.49404761904761907,1.0,2.7745190239657374e-07,4.3380767778191796e-07,0.012144108126429963
2025-06-02,2024-02-23,7.263246627637244e-07,8.110536230284889e-07,0.005028628329599203,2025-05-29,250,34035,177,100.0,6.351889516814867e-07,6.691765650798254e-07,6.351889516814867e-07,6.691765650798254e-07,0.000796987422536571,0.0008180321296133945,-0.026405318931940647,-3.398761339833871e-08,0.0426762742804363,0.3672316384180791,0.3954802259887006,1.0,4.781551110474771e-07,4.2471148061443666e-07,0.01215770712092163
2025-06-03,2024-02-26,2.1875227484990316e-07,2.47956178002838e-07,0.005007436787307884,2025-05-30,250,34044,104,100.0,4.08762776147357e-07,5.026900570779907e-07,4.08762776147357e-07,5.026900570779907e-07,0.000639345584287056,0.0007090063871912514,-0.10895641514733412,-9.392728093063364e-08,0.043442557842836724,0.40384615384615385,0.34615384615384615,1.0,5.181627617428608e-07,6.49355017757624e-07,0.012089607059101415
2025-06-04,2024-02-28,6.145419177128212e-07,1.1581058607617942e-06,0.004968760761548681,2025-06-02,250,34097,152,100.0,4.965546864754585e-07,9.01587875837057e-07,4.965546864754585e-07,9.01587875837057e-07,0.0007046663653641051,0.0009495198132935705,-0.3474742941689124,-4.050331893615985e-07,0.04334680450336586,0.48026315789473684,0.618421052631579,1.0,1.2983761641338547e-07,1.0430224701692795e-07,0.012021055545303564
2025-06-05,2024-03-01,1.6046436019983024e-06,1.4628206801805856e-06,0.004979785031062026,2025-06-03,250,34108,142,100.0,9.003762067583697e-07,8.415170547519276e-07,9.003762067583697e-07,8.415170547519276e-07,0.0009488815557056475,0.0009173423868719506,0.03323825681303538,5.885915200644214e-08,0.043442557842836724,0.4647887323943662,0.5422535211267606,1.0,1.7598688594015316e-07,2.0246189716816547e-07,0.012024283053378756
2025-06-06,2024-03-04,3.6758049237977545e-06,3.0771779916608825e-06,0.005034142451278471,2025-06-04,250,34102,192,100.0,2.1498514185067774e-06,1.949480778171206e-06,2.1498514185067774e-06,1.949480778171206e-06,0.0014662371631174737,0.0013962380807624488,0.04774062758455444,2.003706403355712e-07,0.04344255784283673,0.4270833333333333,0.4166666666666667,1.0,4.912063040600627e-07,7.237229374215579e-07,0.012082675996964842
2025-06-09,2024-03-06,1.3549591132672418e-06,1.2521439731893477e-06,0.004952922714790114,2025-06-05,250,34116,168,100.0,1.0101624956098418e-06,9.439823493205051e-07,1.0101624956098418e-06,9.439823493205051e-07,0.0010050684034481642,0.0009715875407396418,0.03331202393156241,6.618014628933669e-08,0.043346804503365866,0.5059523809523809,0.5833333333333334,1.0,3.731653545139672e-07,3.746668069187449e-07,0.011959860800480688
2025-06-10,2024-03-08,,,,2025-06-06,250,34206,56,100.0,8.126810987899885e-08,1.6938892726284492e-07,8.126810987899885e-08,1.6938892726284492e-07,0.00028507562133405737,0.00041156886090039043,-0.4437181929987122,-8.812081738384607e-08,0.04344255784283673,0.44642857142857145,0.42857142857142855,1.0,8.126810987899885e-08,1.6938892726284492e-07,0.011949091181963715
2025-06-11,2024-03-11,7.351575095962714e-07,1.3692488288701316e-06,0.004983470666600877,2025-06-09,250,34243,172,100.0,5.75247016203996e-07,1.0090209018611696e-06,5.75247016203996e-07,1.0090209018611696e-06,0.0007584504045776467,0.0010045003244704153,-0.3244113503107495,-4.337738856571736e-07,0.043538302014483436,0.4186046511627907,0.37790697674418605,1.0,2.6094018436400647e-07,3.0098670049872775e-07,0.011881725475890427
2025-06-12,2024-03-13,1.1763329877986743e-06,1.329791152051661e-06,0.005080994063789114,2025-06-10,250,34142,131,1.0,6.95834743753331e-07,8.0549123358821e-07,6.95834743753331e-07,8.0549123358821e-07,0.000834167095822732,0.0008974916342719914,-0.0759134935510768,-1.0965648983487899e-07,0.043538302014483436,0.48854961832061067,0.46564885496183206,1.0,1.0946400525731876e-07,1.6566760427687987e-07,0.011915709392044695
2025-06-13,2024-03-15,8.96182514391162e-07,9.591003029065072e-07,0.005070281124497991,2025-06-11,250,34279,94,0.01,9.171039317330825e-07,9.539677782573097e-07,9.171039317330825e-07,9.539677782573097e-07,0.0009576554347640295,0.000976712740910709,-0.01989996135862282,-3.686384652422716e-08,0.043634037020061314,0.6170212765957447,0.5531914893617021,1.0,9.71821484781182e-07,9.40544252251717e-07,0.01186853995859213
2025-06-16,2024-03-18,7.664273021079783e-07,7.214084613192017e-07,0.005141257317383559,2025-06-12,250,34298,132,0.01,7.492433901389632e-07,7.338919291093288e-07,7.492433901389632e-07,7.338919291093288e-07,0.000865588464652206,0.0008566749261588837,0.010297663216784825,1.5351461029634395e-08,0.043538302014483436,0.42424242424242425,0.4015151515151515,1.0,6.791859028806712e-07,7.847860670229239e-07,0.01200273199329983
2025-06-17,2024-03-20,9.580929287704814e-07,3.2675302860170597e-06,0.00509021268017337,2025-06-13,250,34252,101,100.0,1.1110969477670153e-06,2.0320615745713654e-06,1.1110969477670153e-06,2.0320615745713654e-06,0.0010540858351040562,0.001425503972134545,-0.3523604289719191,-9.209646268043501e-07,0.04334680450336585,0.24752475247524752,0.3069306930693069,1.0,1.2114274520270375e-06,1.221918157229926e-06,0.011889611402402606
2025-06-18,2024-03-22,2.911106292075595e-06,2.918128351748018e-06,0.0051625434471478234,2025-06-16,250,34271,180,100.0,1.8557734477092624e-06,1.943879174962264e-06,1.8557734477092624e-06,1.943879174962264e-06,0.001362267759182923,0.001394230674946676,-0.023463020062167494,-8.810572725300151e-08,0.04325104199431494,0.49444444444444446,0.4888888888888889,1.0,2.7277418115976333e-07,4.825054097836336e-07,0.011992085753016583
2025-06-20,2024-03-25,4.249521110619884e-06,3.9263014020864005e-06,0.005137857360870893,2025-06-17,250,34187,173,0.01,3.869512775031316e-06,3.9064765516997135e-06,3.869512775031316e-06,3.9064765516997135e-06,0.001967107718207449,0.0019764808503245643,-0.004764930781552046,-3.696377666839764e-08,0.04325104199431494,0.2658959537572254,0.2658959537572254,1.0,3.31035765266528e-06,3.877305700416448e-06,0.011993892273701118
2025-06-23,2024-03-27,6.704821853072391e-07,8.374246308316341e-07,0.00502487562189055,2025-06-18,250,34185,181,0.01,5.098490941989104e-07,6.28239006670384e-07,5.098490941989104e-07,6.28239006670384e-07,0.0007140371798435362,0.0007926152955062021,-0.11004765281253892,-1.1838991247147361e-07,0.042963699432115664,0.425414364640884,0.430939226519337,1.0,2.6666844238213516e-07,3.115552145373805e-07,0.012061190011442418
2025-06-24,2024-04-01,2.1625234839367014e-07,6.747520635118302e-07,0.005012406947890819,2025-06-20,250,34280,76,100.0,6.18271376183404e-07,8.356329463049545e-07,6.18271376183404e-07,8.356329463049545e-07,0.0007863023440022318,0.000914129611327056,-0.16256757759895657,-2.1736157012155046e-07,0.04286790022717579,0.32894736842105265,0.39473684210526316,1.0,1.0649591848386638e-06,1.0143894827417598e-06,0.0119432208614513
2025-06-25,2024-04-03,1.26490263774681e-06,1.689365542210965e-06,0.005042436345481778,2025-06-23,250,34360,173,100.0,8.502612270564897e-07,1.1591034068057716e-06,8.502612270564897e-07,1.1591034068057716e-06,0.0009220961051086213,0.0010766166480255502,-0.16757531244395252,-3.0884217974928187e-07,0.04286790022717579,0.4508670520231214,0.5549132947976878,1.0,2.2529446311745644e-07,3.5986772445591554e-07,0.011812722897920165
2025-06-26,2024-04-05,1.102798242440783e-06,1.299201608968787e-06,0.005010914864060331,2025-06-24,250,34330,176,100.0,7.422656820142939e-07,8.728509143470054e-07,7.422656820142939e-07,8.728509143470054e-07,0.0008615484211663869,0.0009342649058735993,-0.08440208689462514,-1.3058523233271155e-07,0.0428679002271758,0.42045454545454547,0.5170454545454546,1.0,1.557276359473189e-07,1.7923560518619627e-07,0.011806107524047966
2025-06-27,2024-04-08,5.742796788739015e-07,1.0310116894064802e-06,0.00502487562189055,2025-06-25,250,34394,199,100.0,3.3646344589835106e-07,6.227194759155464e-07,3.3646344589835106e-07,6.227194759155464e-07,0.000580054692161309,0.0007891257668556682,-0.3604333824373547,-2.862560300171953e-07,0.04296369943211568,0.507537688442211,0.5879396984924623,1.0,5.987282711156948e-08,1.4785787979022092e-07,0.011714455685031126
2025-06-30,2024-04-10,2.3474912139305823e-06,2.57777837564856e-06,0.005022876467077782,2025-06-26,250,34402,122,0.01,2.0228750228571393e-06,2.23190550349773e-06,2.0228750228571393e-06,2.23190550349773e-06,0.0014222781102362291,0.0014939563258334328,-0.050396764937413296,-2.0903048064059075e-07,0.042963699432115664,0.4180327868852459,0.4098360655737705,1.0,4.616257229324808e-07,5.684216898199295e-07,0.01165654160771495
2025-07-01,2024-04-12,7.584193247872213e-07,8.866007439716838e-07,0.004922746990300726,2025-06-27,250,34537,110,100.0,3.9071766279684956e-07,4.7396441774305227e-07,3.9071766279684956e-07,4.7396441774305227e-07,0.0006250741258417673,0.0006884507373393192,-0.10139055333990132,-8.32467549462027e-08,0.043155270313927595,0.33636363636363636,0.35454545454545455,1.0,1.8060242737377997e-07,2.3817223132669125e-07,0.011601074694505137
2025-07-02,2024-04-15,1.3817943409843851e-06,1.436460428746654e-06,0.0048599749783466446,2025-06-30,250,34530,180,0.01,9.262481656000807e-07,9.683604643653584e-07,9.262481656000807e-07,9.683604643653584e-07,0.0009624178747301407,0.0009840530800548101,-0.022480053511823916,-4.211229876527767e-08,0.043059489460446965,0.4,0.39444444444444443,1.0,1.759368179082851e-07,1.973722877373425e-07,0.011604831215089456
2025-07-03,2024-04-19,9.657513841937352e-07,1.1870445977706684e-06,0.004754283562417624,2025-07-01,250,34470,136,0.01,6.825425071909431e-07,7.502813727223332e-07,6.825425071909431e-07,7.502813727223332e-07,0.0008261613082146507,0.0008661878391678869,-0.048448808429112145,-6.77388655313901e-08,0.0431552703139276,0.40441176470588236,0.4117647058823529,1.0,3.821694558243453e-07,2.870476491862204e-07,0.011552460311064546
2025-07-07,2024-04-22,3.365325972296591e-06,3.780497059966393e-06,0.004729571528915943,2025-07-02,250,34456,157,100.0,2.5292028936560817e-06,2.7447941766149036e-06,2.5292028936560817e-06,2.7447941766149036e-06,0.0015903467840870688,0.0016567420368346134,-0.04174891502400113,-2.1559128295882185e-07,0.04325104199431493,0.3375796178343949,0.27388535031847133,1.0,1.1774705831872577e-06,1.0704078485299936e-06,0.011462123005085229
2025-07-08,2024-04-24,1.3262495831029442e-06,1.2187172939155833e-06,0.004810669206954036,2025-07-03,250,34392,65,100.0,1.0147078242212395e-06,9.728053722931907e-07,1.0147078242212395e-06,9.728053722931907e-07,0.001007327069139532,0.0009863089639120142,0.020865224286558237,4.190245192804876e-08,0.04325104199431494,0.5692307692307692,0.5384615384615384,1.0,7.476720308940635e-07,7.620237251882831e-07,0.01154817941612425
2025-07-09,2024-04-26,6.522089556282063e-07,9.181041090337867e-07,0.00480929479548593,2025-07-07,250,34469,166,100.0,4.450598131099343e-07,6.38145374241929e-07,4.450598131099343e-07,6.38145374241929e-07,0.0006671280335212532,0.0007988400179271999,-0.1974313441915203,-1.9308556113199466e-07,0.04325104199431494,0.46987951807228917,0.608433734939759,1.0,1.3119747596103742e-07,2.1396547304214436e-07,0.011554508817745106
2025-07-10,2024-04-29,3.7601870803034133e-07,6.644408132046711e-07,0.004783555934451075,2025-07-08,250,34355,139,100.0,2.076283262327822e-07,3.908824707786497e-07,2.076283262327822e-07,3.908824707786497e-07,0.0004556625135259452,0.0006252059426930055,-0.37208114368487877,-1.8325414454586747e-07,0.04325104199431494,0.5179856115107914,0.4892086330935252,1.0,2.667149803242012e-08,9.690932667904444e-08,0.011485632791718745
2025-07-11,2024-05-01,1.0773376314862222e-06,1.4604911026966733e-06,0.0047549550397815565,2025-07-09,250,34338,191,100.0,5.728442674042382e-07,8.01156269491787e-07,5.728442674042382e-07,8.01156269491787e-07,0.0007568647616346254,0.0008950733319073846,-0.18260669181409073,-2.2831200208754882e-07,0.04325104199431496,0.5026178010471204,0.6544502617801047,1.0,5.22500512770848e-08,1.2077883522717038e-07,0.011453331628902884
2025-07-14,2024-05-03,1.3354411290699528e-06,1.6996063685726424e-06,0.004783102860390227,2025-07-10,250,34437,165,100.0,8.927597698714413e-07,1.077056086215948e-06,8.927597698714413e-07,1.077056086215948e-06,0.0009448596561772765,0.0010378131268277292,-0.09837807132810061,-1.8429631634450678e-07,0.043155270313927616,0.44242424242424244,0.4121212121212121,1.0,2.452556922377974e-07,1.664601508285442e-07,0.01149373657034733
2025-07-16,2024-05-06,1.5622446708235112e-07,3.728140363683431e-07,0.004829993783176317,2025-07-11,250,34481,186,100.0,1.6282950936153513e-07,3.987402221991244e-07,1.6282950936153513e-07,3.987402221991244e-07,0.00040352138649833063,0.0006314588048314193,-0.5648707254678103,-2.3591071283758929e-07,0.04325104199431494,0.4946236559139785,0.6075268817204301,1.0,1.7260497193472744e-07,4.371109772286807e-07,0.011521078856848941
2025-07-17,2024-05-08,1.0505408753335886e-06,2.382297735791573e-06,0.004805862200228397,2025-07-14,250,34486,214,100.0,6.524443991649382e-07,1.421635952274362e-06,6.524443991649382e-07,1.421635952274362e-06,0.0008077403042840801,0.0011923237615154543,-0.47612265376832963,-7.691915531094239e-07,0.0431552703139276,0.5093457943925234,0.5607476635514018,1.0,2.070493317683299e-07,3.468361350719375e-07,0.01148268879561693
2025-07-18,2024-05-10,8.545640968772049e-07,7.420059401540459e-07,0.004809065803256831,2025-07-16,250,34595,188,100.0,5.243968920835636e-07,5.52173882235616e-07,5.243968920835636e-07,5.52173882235616e-07,0.0007241525337134184,0.0007430840344373011,-0.026142973810783898,-2.7776990152052408e-08,0.0431552703139276,0.43617021276595747,0.425531914893617,1.0,2.6944970194477154e-08,2.6616024830518157e-07,0.011412846315521306
2025-07-21,2024-05-13,4.4959097195809344e-07,6.512495427311544e-07,0.004782649872146982,2025-07-17,250,34681,226,100.0,3.401778016624476e-07,4.831214378025949e-07,3.401778016624476e-07,4.831214378025949e-07,0.0005832476332249001,0.0006950693762514609,-0.19172258343900106,-1.4294363614014725e-07,0.04305948946044698,0.37168141592920356,0.4336283185840708,1.0,2.0476546218763837e-07,2.7504210001972417e-07,0.011421211638356864
2025-07-22,2024-05-17,1.3416013886779387e-06,2.6613966462032074e-06,0.004753388554216867,2025-07-18,250,34688,75,100.0,7.11347629067182e-07,1.3865256077296016e-06,7.11347629067182e-07,1.3865256077296016e-06,0.0008434142689492406,0.0011775082198140282,-0.39612081887233797,-6.751779786624195e-07,0.04315527031392761,0.37333333333333335,0.4533333333333333,1.0,9.767949470934007e-08,1.4520380711056485e-07,0.011399596036706587
2025-07-23,2024-05-20,1.329811999918646e-06,1.3788607128882168e-06,0.004710820895522391,2025-07-21,250,34743,178,100.0,8.905159341498216e-07,9.572500848322506e-07,8.905159341498216e-07,9.572500848322506e-07,0.0009436715181406195,0.0009783915805199116,-0.03679252972231639,-6.673415068242907e-08,0.04315527031392761,0.5168539325842697,0.5842696629213483,1.0,1.7988994540613477e-07,2.7523289238877565e-07,0.011397964570810673
2025-07-24,2024-05-22,8.964579139327267e-07,1.0669284274955128e-06,0.004716320336212935,2025-07-22,250,34649,188,1.0,6.680978222931857e-07,8.614347158124035e-07,6.680978222931857e-07,8.614347158124035e-07,0.0008173725113393438,0.0009281350741203586,-0.13551050621890814,-1.9333689351921787e-07,0.0431552703139276,0.39893617021276595,0.4521276595744681,1.0,2.831479535293877e-07,5.15031030403734e-07,0.01130181485627789
2025-07-25,2024-05-24,3.174194890218222e-07,5.352825993102799e-07,0.004724925149700597,2025-07-23,250,34754,183,1.0,2.4713932397358714e-07,4.3056508667817406e-07,2.4713932397358714e-07,4.3056508667817406e-07,0.0004971310933482105,0.0006561745855168227,-0.31992264072127097,-1.8342576270458691e-07,0.04325104199431495,0.5027322404371585,0.4808743169398907,1.0,1.2828316249495427e-07,2.534692932562303e-07,0.011298073831215916
2025-07-28,2024-05-29,8.00612887082038e-07,8.424451720410411e-07,0.004722274172433141,2025-07-24,250,34765,199,100.0,5.14024672386979e-07,5.897620494266058e-07,5.14024672386979e-07,5.897620494266058e-07,0.0007169551397311961,0.0007679596665363396,-0.07114047166781767,-7.573737703962688e-08,0.043251041994314954,0.3768844221105528,0.38190954773869346,1.0,1.873757395087399e-07,3.0175763010262567e-07,0.01125054779469471
2025-07-29,2024-05-31,1.0419650734822448e-06,2.133434738759104e-06,0.00471852370941369,2025-07-25,250,34875,75,100.0,6.478566482364645e-07,1.2448626880121038e-06,6.478566482364645e-07,1.2448626880121038e-06,0.0008048954268949877,0.0011157341475513348,-0.38618522390598864,-5.970060397756392e-07,0.043059489460446965,0.3466666666666667,0.36,1.0,2.209058542202024e-07,2.822429663695207e-07,0.011253373944170565
2025-07-30,2024-06-03,8.459609240546339e-07,9.661224669962422e-07,0.00478061248639182,2025-07-28,250,34949,172,100.0,4.0217921135979145e-06,4.339550632643071e-06,4.0217921135979145e-06,4.339550632643071e-06,0.00200544062829043,0.002083158811191089,-0.038753669295565896,-3.1775851904515674e-07,0.043059489460446965,0.36627906976744184,0.45348837209302323,1.0,1.0263943072355395e-05,1.0970081854776495e-05,0.011283134464628657
2025-07-31,2024-06-05,5.904716866025114e-06,7.743315892618743e-06,0.00483138005261899,2025-07-29,250,34851,122,0.01,6.91730000549804e-06,7.884078319758949e-06,6.91730000549804e-06,7.884078319758949e-06,0.0026300760455732148,0.002807860096186943,-0.06759654380068736,-9.667783142609087e-07,0.04315527031392761,0.4098360655737705,0.4016393442622951,1.0,1.0656068520474995e-05,8.40381651227663e-06,0.011297361535794213
2025-08-01,2024-06-07,1.393073132546739e-05,1.0233348707282615e-05,0.004865828395240161,2025-07-30,250,34950,172,0.01,8.835762801895672e-06,6.524852448438933e-06,8.835762801895672e-06,6.524852448438933e-06,0.002972501102084854,0.0025543790729723207,0.14066337227571435,2.3109103534567387e-06,0.04315527031392761,0.22093023255813954,0.20930232558139536,1.0,8.511106380892433e-07,7.130299532361488e-07,0.011339900012656624
2025-08-04,2024-06-10,2.00886010502504e-06,1.954687996006124e-06,0.004990611720525742,2025-07-31,250,34944,183,100.0,1.8480706038373392e-06,1.827540832745884e-06,1.8480706038373392e-06,1.827540832745884e-06,0.0013594376057169152,0.001351865685911838,0.005569891382461889,2.0529771091455155e-08,0.04258044753511838,0.4644808743169399,0.43169398907103823,1.0,1.7116431482841381e-06,1.719658391191742e-06,0.011528861867078424
2025-08-05,2024-06-12,2.062560280195233e-06,2.1763884125042594e-06,0.004966805999508238,2025-08-01,250,34970,69,0.01,1.1692784185763913e-06,1.2122028267222477e-06,1.1692784185763913e-06,1.2122028267222477e-06,0.0010813317800640058,0.0011010008295738237,-0.018189652678712198,-4.292440814585639e-08,0.04258044753511839,0.42028985507246375,0.463768115942029,1.0,3.0151889586094523e-07,2.755654005340078e-07,0.011356249504887747
2025-08-06,2024-06-14,4.648572812857764e-06,4.033774486835297e-06,0.004977330967869112,2025-08-04,250,35125,170,0.01,2.86189891426277e-06,2.546002228836226e-06,2.86189891426277e-06,2.546002228836226e-06,0.0016917147851404416,0.0015956197005665936,0.056803360364241495,3.1589668542654415e-07,0.042484611606155305,0.3235294117647059,0.3235294117647059,1.0,1.8188806637027952e-07,3.143438418376207e-07,0.011414118508845966
2025-08-07,2024-06-17,4.04517592846929e-06,3.724362933575573e-06,0.00473622508792497,2025-08-05,250,35106,170,100.0,2.5253144157643906e-06,2.336435679659293e-06,2.5253144157643906e-06,2.336435679659293e-06,0.001589123788684944,0.0015285403755410888,0.03812378467632793,1.8887873610509768e-07,0.04229291219025145,0.3352941176470588,0.34705882352941175,1.0,3.5408368332881964e-07,3.536824597788924e-07,0.011327355478997438
2025-08-08,2024-06-21,2.323465171383618e-06,2.0056947162442974e-06,0.004590283143207746,2025-08-06,250,35187,158,0.01,1.1344506472024897e-06,1.1343256799895532e-06,1.1344506472024897e-06,1.1343256799895532e-06,0.0010651059323853612,0.0010650472665518433,5.5079811063007966e-05,1.2496721293650815e-10,0.04229291219025145,0.41139240506329117,0.4177215189873418,1.0,3.459462785350044e-07,5.564704243679855e-07,0.011336850929221043
2025-08-11,2024-06-24,1.1160219856862822e-06,1.0307338551186143e-06,0.0044037497274907345,2025-08-07,250,35284,195,0.01,9.902189318305057e-07,9.196963898592386e-07,9.902189318305057e-07,9.196963898592386e-07,0.0009950974484092027,0.0009590080238763587,0.036267226481725756,7.052254197126709e-08,0.04229291219025145,0.48717948717948717,0.4717948717948718,1.0,8.522413888919122e-07,7.979133634457298e-07,0.01124913525220503
2025-08-12,2024-06-26,,,,2025-08-08,250,35256,35,100.0,9.693549416485392e-07,8.434030501716419e-07,9.693549416485392e-07,8.434030501716419e-07,0.0009845582469557295,0.0009183697785596181,0.0672265644016159,1.2595189147689725e-07,0.04248461160615529,0.42857142857142855,0.4857142857142857,1.0,9.693549416485392e-07,8.434030501716419e-07,0.011271424078500443
2025-08-13,2024-06-28,7.113047987773422e-07,8.310738777023579e-07,0.004441541476159372,2025-08-11,250,35367,167,100.0,4.37479840570039e-07,5.556329982132099e-07,4.37479840570039e-07,5.556329982132099e-07,0.0006614225884939514,0.0007454079408036984,-0.12697684320243785,-1.1815315764317091e-07,0.042388766491786634,0.5688622754491018,0.6047904191616766,1.0,2.8785873096452088e-08,1.445272079308995e-07,0.01115269258896202
2025-08-14,2024-07-01,7.2906826213544e-07,9.882010855441079e-07,0.004371491021300306,2025-08-12,250,35250,148,100.0,5.761069930015555e-07,7.920321896879634e-07,5.761069930015555e-07,7.920321896879634e-07,0.0007590171229962836,0.0008899619035037193,-0.1725188754510838,-2.159251966864079e-07,0.04200529414503013,0.4594594594594595,0.5337837837837838,1.0,4.306014601983625e-08,1.084133101892778e-07,0.011114645908604568
2025-08-15,2024-07-03,4.407242490641049e-07,5.060491999156488e-07,0.004381819743964258,2025-08-13,250,35320,200,100.0,3.5348701344522756e-07,4.509295866097915e-07,3.5348701344522756e-07,4.509295866097915e-07,0.0005945477385754886,0.0006715129087439731,-0.12945162377186015,-9.744257316456396e-08,0.04210117601863539,0.495,0.495,1.0,2.510780846752411e-07,3.8622395359856755e-07,0.011113611907899836
2025-08-18,2024-07-05,4.85956709982007e-07,5.418014786654581e-07,0.004404335247635907,2025-08-14,250,35399,193,100.0,4.612549107915511e-07,5.030852065503411e-07,4.612549107915511e-07,5.030852065503411e-07,0.0006791575007253849,0.0007092849967046681,-0.04436010196030393,-4.183029575879002e-08,0.04210117601863539,0.44041450777202074,0.45595854922279794,1.0,4.3115846580088113e-07,4.5591365661698005e-07,0.011139692900658959
2025-08-19,2024-07-08,9.106828937728385e-08,5.02827545671627e-07,0.00441768807657326,2025-08-15,250,35464,83,100.0,1.356898748621839e-07,3.8408609614540334e-07,1.356898748621839e-07,3.8408609614540334e-07,0.0003683610658880549,0.0006197468000283691,-0.6824438232478958,-2.483962212832194e-07,0.042388766491786634,0.4578313253012048,0.5903614457831325,1.0,1.771983264760444e-07,2.7362893379542793e-07,0.0111421172081455
2025-08-20,2024-07-10,9.847039104796469e-07,9.018964346864759e-07,0.004424011103400417,2025-08-18,250,35453,210,100.0,6.133876611147629e-07,5.917768672511604e-07,6.133876611147629e-07,5.917768672511604e-07,0.0007831906926890557,0.000769270347310463,0.0177738902013731,2.1610793863602405e-08,0.04210117601863538,0.3333333333333333,0.319047619047619,1.0,8.842330856440944e-08,1.533319615667489e-07,0.011202894609337145
2025-08-21,2024-07-12,2.546662970475887e-07,4.504192116846841e-07,0.004513074642714924,2025-08-19,250,35468,214,100.0,2.1462947228159454e-07,3.167211150031861e-07,2.1462947228159454e-07,3.167211150031861e-07,0.0004632812021673171,0.0005627798104082857,-0.2147693620537492,-1.0209164272159153e-07,0.042101176018635375,0.45794392523364486,0.5280373831775701,1.0,1.5143882114490502e-07,1.057036371082916e-07,0.011232740436601841
2025-08-22,2024-07-15,2.660280353220846e-07,2.9794589111291125e-07,0.004535349044019563,2025-08-20,250,35545,242,100.0,7.144621923682536e-07,9.161705456870098e-07,7.144621923682536e-07,9.161705456870098e-07,0.0008452586541220702,0.0009571679819587624,-0.1323965478388709,-2.017083533187562e-07,0.04229291219025145,0.4380165289256198,0.47520661157024796,1.0,1.1935585139987758e-06,1.5766669715140385e-06,0.011277985996381093
2025-08-25,2024-07-19,6.780079966182413e-07,7.153110380123657e-07,0.004478398314014752,2025-08-21,250,35585,239,100.0,4.475329824031521e-07,4.942838013197513e-07,4.475329824031521e-07,4.942838013197513e-07,0.0006689790597643188,0.000703053199494712,-0.0509345385824147,-4.67508189165992e-08,0.0418135028134104,0.3723849372384937,0.3389121338912134,1.0,1.9902079316253422e-07,2.559587808859757e-07,0.011107411941547473
2025-08-27,2024-07-22,6.850095006555634e-07,9.511344597973216e-07,0.004448126989664646,2025-08-22,250,35621,81,100.0,4.5814205101756966e-07,6.088134004456326e-07,4.5814205101756966e-07,6.088134004456326e-07,0.0006768619142909207,0.0007802649552848267,-0.15276829558689364,-1.5067134942806296e-07,0.04190940307720963,0.345679012345679,0.345679012345679,1.0,2.256029151386262e-07,2.579343146101514e-07,0.01110999441998884
2025-08-28,2024-07-24,5.053242398495901e-07,6.951321830435069e-07,0.004425354679161787,2025-08-25,250,35659,200,100.0,3.4149944568296153e-07,5.034980602865832e-07,3.4149944568296153e-07,5.034980602865832e-07,0.0005843795390693975,0.0007095759721739337,-0.21423822145434257,-1.6199861460362167e-07,0.04171759335186849,0.575,0.6,1.0,9.57622544330186e-08,2.1604687615119769e-07,0.011084737794411022
2025-08-29,2024-07-26,1.3031141389655747e-06,1.4303439266568471e-06,0.0043859649122807015,2025-08-27,250,35654,185,1.0,9.828586554743132e-07,1.1089626939639866e-06,9.828586554743132e-07,1.1089626939639866e-06,0.0009913922813267779,0.0010530729765614473,-0.06221623508317253,-1.2610403848967333e-07,0.04171759335186849,0.4594594594594595,0.4594594594594595,1.0,4.802354661060828e-07,6.045727037654692e-07,0.011045620415459534
2025-09-02,2024-07-29,1.3380849583452737e-06,1.3646391702367021e-06,0.004393900232618248,2025-08-28,250,35650,81,100.0,1.7588438069353527e-06,1.6747561060345186e-06,1.7588438069353527e-06,1.6747561060345186e-06,0.001326214087896578,0.0012941236826650375,0.024197002221894026,8.408770090083418e-08,0.04142980976313955,0.3333333333333333,0.37037037037037035,1.0,2.1693402445842096e-06,1.977309214129949e-06,0.011111889000852648
2025-09-03,2024-08-12,4.5672982710998504e-06,4.284622627596722e-06,0.004440188055023505,2025-08-29,250,35626,189,100.0,3.3787349227845094e-06,3.2335342673491245e-06,3.3787349227845094e-06,3.2335342673491245e-06,0.0018381335432401285,0.001798203066216139,0.02172338194405765,1.4520065543538494e-07,0.04114194333117518,0.2962962962962963,0.291005291005291,1.0,1.7593173607048577e-06,1.801426376511774e-06,0.011194845924375654
2025-09-04,2024-08-14,7.192278892059396e-07,1.175062228877139e-06,0.004277267580827779,2025-09-02,250,35670,117,0.01,5.710691201972628e-07,9.113819857606204e-07,5.710691201972628e-07,9.113819857606204e-07,0.0007556911539757911,0.0009546632839701234,-0.2632982124344232,-3.403128655633576e-07,0.040949986328954094,0.4017094017094017,0.48717948717948717,1.0,2.96433353254349e-07,4.2260885217878077e-07,0.011134501506819524
2025-09-05,2024-08-16,6.980667395917089e-07,8.347575285139862e-07,0.004253899407790474,2025-09-03,250,35819,210,100.0,5.895345346470195e-07,7.805211906824417e-07,5.895345346470195e-07,7.805211906824417e-07,0.0007678115228667902,0.0008834711034790225,-0.1506353801260918,-1.9098665603542221e-07,0.04075799247216773,0.45714285714285713,0.5238095238095238,1.0,4.87031896643702e-07,7.292979827304276e-07,0.011042217155533642
2025-09-08,2024-08-19,9.82685721601522e-07,6.664518998088348e-07,0.0042554966832158226,2025-09-04,250,35780,205,100.0,5.966753640810813e-07,4.439743488091238e-07,5.966753640810813e-07,4.439743488091238e-07,0.0007724476448802736,0.0006663140016607214,0.1373991414473179,1.5270101527195752e-07,0.03989356366167667,0.47804878048780486,0.40487804878048783,1.0,2.144126799346255e-07,2.2365677403271107e-07,0.011074290834929864
2025-09-09,2024-08-21,4.561806210640044e-06,3.89894928922023e-06,0.004287876240121069,2025-09-05,250,35772,73,100.0,2.056059903072801e-06,1.7612822109311129e-06,2.056059903072801e-06,1.7612822109311129e-06,0.0014338967546768495,0.0013271330795858842,0.07445701703608787,2.9477769214168795e-07,0.04018178963283182,0.4794520547945205,0.4931506849315068,1.0,1.0035546789836632e-07,9.285912543716773e-08,0.011047152566928162
2025-09-10,2024-08-23,1.7759131737312855e-06,1.7812797776478421e-06,0.004352464262854704,2025-09-08,250,35889,113,100.0,1.7759131737312855e-06,1.7812797776478421e-06,1.7759131737312855e-06,1.7812797776478421e-06,0.0013326339233755403,0.0013346459371862795,-0.0015098023361455049,-5.366603916556631e-09,0.04018178963283182,0.3805309734513274,0.3805309734513274,1.0,,,
2025-09-11,2024-08-26,1.3581915581203715e-06,1.7194405461800224e-06,0.004497552802151769,2025-09-09,250,35757,149,100.0,8.430681358545643e-07,1.0042205446520037e-06,8.430681358545643e-07,1.0042205446520037e-06,0.0009181874186976013,0.0010021080503877832,-0.09139815029182019,-1.6115240879743936e-07,0.04008572353928564,0.37583892617449666,0.38926174496644295,1.0,2.6171455929743853e-07,1.9704368578466858e-07,0.010989902025421262
2025-09-12,2024-08-28,1.8243949468664812e-06,1.9074250439857135e-06,0.004434204234230318,2025-09-10,250,35678,199,100.0,9.253955792280824e-07,1.052630117119721e-06,9.253955792280824e-07,1.052630117119721e-06,0.0009619748329494293,0.0010259776396782344,-0.06653272469984639,-1.272345378916387e-07,0.03998964821615846,0.4221105527638191,0.3869346733668342,1.0,1.205770977232296e-07,2.873851349730232e-07,0.010899326368930855
2025-09-15,2024-08-30,9.873550033483717e-07,1.0427277346733815e-06,0.004357670782244627,2025-09-11,250,35746,176,100.0,7.315614499214899e-07,7.419233126126253e-07,7.315614499214899e-07,7.419233126126253e-07,0.0008553136558722127,0.0008613497040184232,-0.0070571165382073975,-1.0361862691135342e-08,0.03998964821615847,0.42613636363636365,0.3806818181818182,1.0,3.789811465493012e-07,3.2730100112347454e-07,0.010902973791089276
2025-09-16,2024-09-04,,,,2025-09-12,250,35799,28,100.0,1.5740826874902665e-07,8.768990793504992e-08,1.5740826874902665e-07,8.768990793504992e-08,0.0003967471093140146,0.00029612481816803185,0.25361820863663287,6.971836081397673e-08,0.03979746987406609,0.25,0.35714285714285715,1.0,1.5740826874902665e-07,8.768990793504992e-08,0.01084523460077772
2025-09-17,2024-09-06,6.983671671018132e-07,1.4207484164613146e-06,0.004283014906571488,2025-09-15,250,35893,235,0.01,4.6272571200369653e-07,1.0459255998770584e-06,4.6272571200369653e-07,1.0459255998770584e-06,0.0006802394519606288,0.001022705040506332,-0.5034485835225044,-5.831998878733618e-07,0.039605254592359425,0.3191489361702128,0.4127659574468085,1.0,2.126150447504323e-07,6.480873471867515e-07,0.01086018787878788
2025-09-18,2024-09-09,2.410484451032824e-07,5.347387147213884e-07,0.004267961002552409,2025-09-16,250,35803,207,0.01,1.8029232430805497e-07,3.5372456032278625e-07,1.8029232430805497e-07,3.5372456032278625e-07,0.00042460843645417004,0.0005947474760961885,-0.40069632403637456,-1.7343223601473128e-07,0.03941300235683504,0.5314009661835749,0.5507246376811594,1.0,9.649077838360332e-08,1.0404986460057629e-07,0.010873697624321124
2025-09-19,2024-09-11,1.4285145634167734e-06,1.5993087378915125e-06,0.00428787624012107,2025-09-17,250,35872,204,100.0,1.5658610339593092e-06,1.6118118954480184e-06,1.5658610339593092e-06,1.6118118954480184e-06,0.0012513436913811125,0.0012695715401063535,-0.01456662054620872,-4.595086148870922e-08,0.03950913309471249,0.35294117647058826,0.37254901960784315,1.0,1.746908654219924e-06,1.6282933304088671e-06,0.010823126868601455
2025-09-22,2024-09-12,5.315289162205953e-06,4.95267275181604e-06,0.0041547861507128326,2025-09-18,250,36043,241,100.0,2.832289836722542e-06,2.579862050632701e-06,2.832289836722542e-06,2.579862050632701e-06,0.0016829408298340562,0.0016061948980845074,0.04560227572416564,2.524277860898411e-07,0.03950913309471249,0.26141078838174275,0.2572614107883817,1.0,4.103478717018388e-07,2.6539915357682105e-07,0.010928592737682685
2025-09-23,2024-09-13,3.530457892504264e-07,8.184261540381958e-07,0.003983130271790065,2025-09-19,250,36159,88,100.0,3.190124436592567e-07,6.070014312907509e-07,3.190124436592567e-07,6.070014312907509e-07,0.0005648118657210175,0.0007791029657822841,-0.37940261716653323,-2.879889876314942e-07,0.039220713153281295,0.3522727272727273,0.4772727272727273,1.0,2.864916912054723e-07,4.0497336288763687e-07,0.010877132445564153
2025-09-24,2024-09-16,9.795821934537407e-07,1.2190621208658486e-06,0.004008961207404787,2025-09-22,250,36311,214,1.0,6.348187693056515e-07,8.679231937976223e-07,6.348187693056515e-07,8.679231937976223e-07,0.0007967551501594774,0.000931623955143717,-0.1692725863864757,-2.3310442449197081e-07,0.03922071315328131,0.3177570093457944,0.37850467289719625,1.0,1.41180230184524e-07,3.651560936772075e-07,0.010936667119012077
2025-09-25,2024-09-17,1.1671114059934574e-06,1.3194199783042062e-06,0.004042645951408982,2025-09-23,250,36254,212,0.01,8.94090898010583e-07,1.0028645897208097e-06,8.94090898010583e-07,1.0028645897208097e-06,0.0009455637990165354,0.0010014312705926502,-0.059083767413919075,-1.0877369171022673e-07,0.03941300235683504,0.3443396226415094,0.33490566037735847,1.0,5.167704206859363e-07,5.653779290943175e-07,0.010971573135682951
2025-09-26,2024-09-18,1.1828856798379508e-06,1.389790977490319e-06,0.003970880211780277,2025-09-24,250,36376,239,100.0,7.598201371029887e-07,9.79141510470076e-07,7.598201371029887e-07,9.79141510470076e-07,0.0008716766241577141,0.0009895157959679453,-0.13518679811346002,-2.1932137336708734e-07,0.039605254592359425,0.35564853556485354,0.35564853556485354,1.0,3.472438227002979e-07,5.786734351941368e-07,0.011022425347617963
2025-09-29,2024-09-19,2.623674347754543e-07,3.30822464039148e-07,0.0039927973068190695,2025-09-25,250,36431,238,100.0,2.161566020315001e-07,2.2908065975425117e-07,2.161566020315001e-07,2.2908065975425117e-07,0.0004649264479802156,0.00047862371415784567,-0.029461146461198906,-1.292405772275107e-08,0.03941300235683505,0.48739495798319327,0.453781512605042,1.0,1.7071594983327838e-07,1.2903455220743591e-07,0.010959637061436647
2025-09-30,2024-09-20,9.569838508040637e-08,4.362310327914068e-07,0.004008961207404788,2025-09-26,250,36527,45,100.0,9.569838508040637e-08,4.362310327914068e-07,9.569838508040637e-08,4.362310327914068e-07,0.0003093515558073151,0.000660477882136417,-1.13503979449131,-3.405326477110004e-07,0.03960525459235943,0.5555555555555556,0.7111111111111111,1.0,,,
2025-10-01,2024-09-23,4.1739022108196755e-07,7.739086919857634e-07,0.004005812355182028,2025-09-29,250,36612,214,100.0,4.238816468617999e-07,6.116811861277758e-07,4.238816468617999e-07,6.116811861277758e-07,0.0006510619378076098,0.0007821004961817732,-0.20126895885731466,-1.877995392659759e-07,0.03941300235683505,0.37850467289719625,0.3364485981308411,1.0,4.3354330383643404e-07,3.702262936879805e-07,0.010887908673331535
2025-10-02,2024-09-24,2.9536191384899433e-07,5.72684435774125e-07,0.003992953611274221,2025-09-30,250,36502,208,1.0,3.309209929439967e-07,4.7211653546994357e-07,3.309209929439967e-07,4.7211653546994357e-07,0.0005752573275882687,0.0006871073682256242,-0.1944347951312153,-1.4119554252594684e-07,0.039316862376950375,0.44711538461538464,0.47115384615384615,1.0,3.8341296684614317e-07,3.236591588304377e-07,0.010850934250878895
2025-10-03,2024-09-25,2.783758163431988e-07,4.62511678765591e-07,0.003966865009917163,2025-10-01,250,36648,208,0.01,2.766029461920173e-07,4.221572556278854e-07,2.766029461920173e-07,4.221572556278854e-07,0.0005259305526322057,0.0006497362969912374,-0.2354032176670513,-1.455543094358681e-07,0.03941300235683504,0.40384615384615385,0.44711538461538464,1.0,2.740374987967782e-07,3.637620315580292e-07,0.010838449239413045
2025-10-06,2024-09-26,1.110355064994732e-06,1.1461013290480998e-06,0.003953181923881872,2025-10-02,250,36692,244,0.01,7.327712484288338e-07,7.572966884501699e-07,7.327712484288338e-07,7.572966884501699e-07,0.0008560205887879297,0.0008702279520046285,-0.01659698773929663,-2.4525440021336122e-08,0.0395091330947125,0.3442622950819672,0.30327868852459017,1.0,3.489463770436647e-07,3.6206552486715054e-07,0.010838611198278562
2025-10-07,2024-09-27,3.1453623998860235e-07,1.9890568543685453e-07,0.003973664731777631,2025-10-03,250,36742,82,100.0,2.1957028394794456e-07,2.1767153001171585e-07,2.1957028394794456e-07,2.1767153001171585e-07,0.00046858327322680285,0.0004665528158866002,0.00433318356888901,1.8987539362287062e-09,0.03941300235683503,0.4634146341463415,0.35365853658536583,1.0,1.2912651629017515e-07,2.3554376294015513e-07,0.010799879394291329
2025-10-08,2024-09-30,1.4072576891240387e-07,3.099219507198245e-07,0.0039769182782283235,2025-10-06,250,36828,211,0.01,1.044330970819674e-07,2.486038520510266e-07,1.044330970819674e-07,2.486038520510266e-07,0.0003231611008181019,0.0004986018973600347,-0.5428895869515045,-1.4417075496905917e-07,0.03931686237695038,0.43601895734597157,0.6255924170616114,1.0,5.1682120584239954e-08,1.5947870863707603e-07,0.010840069045911048
2025-10-09,2024-10-01,3.648264483684626e-07,5.473609550797484e-07,0.0039525691699604714,2025-10-07,250,36792,210,0.01,2.523183485134786e-07,4.0037060323308504e-07,2.523183485134786e-07,4.0037060323308504e-07,0.0005023129985511809,0.0006327484517824481,-0.2596696752970391,-1.4805225471960645e-07,0.039316862376950375,0.3904761904761905,0.4666666666666667,1.0,8.355619873100243e-08,1.7988507546309002e-07,0.010775812274368229
2025-10-10,2024-10-02,5.193080991255482e-06,5.051365343133032e-06,0.00401511572980633,2025-10-08,250,36909,198,100.0,3.0605284158030944e-06,2.9718244597745447e-06,3.0605284158030944e-06,2.9718244597745447e-06,0.001749436599538004,0.0017238980421633249,0.014598161134518062,8.870395602854972e-08,0.03950913309471249,0.3333333333333333,0.3282828282828283,1.0,1.4891738865223875e-06,1.4395311772998696e-06,0.010807120507777575
2025-10-13,2024-10-03,2.2714590461337296e-06,2.3001634429129856e-06,0.004158682268520404,2025-10-09,250,36953,218,1.0,1.3990838191089402e-06,1.4020343231485185e-06,1.3990838191089402e-06,1.4020343231485185e-06,0.001182828736169755,0.0011840753029890112,-0.0010538861469435723,-2.950504039578288e-09,0.03941300235683504,0.38073394495412843,0.3761467889908257,1.0,6.866440503720291e-07,6.685622086742038e-07,0.01110732749379805
2025-10-15,2024-10-04,2.638961897897156e-07,7.215355215093601e-07,0.004116721152681923,2025-10-10,250,36986,218,0.01,7.843194399687844e-07,1.0698871988171287e-06,7.843194399687844e-07,1.0698871988171287e-06,0.000885618111811623,0.0010343535173320236,-0.167945306827733,-2.8556775884834437e-07,0.03941300235683504,0.3853211009174312,0.41743119266055045,1.0,1.553126514096954e-06,1.584497631203605e-06,0.010952851728251512
2025-10-16,2024-10-07,1.127346579381799e-06,1.3664456782595733e-06,0.004090799711237668,2025-10-13,250,37077,216,0.01,2.0871882299234015e-06,2.1407583577001243e-06,2.0871882299234015e-06,2.1407583577001243e-06,0.0014447104311672292,0.001463133062199103,-0.012751781003608853,-5.3570127776722814e-08,0.0395091330947125,0.37962962962962965,0.3194444444444444,1.0,3.538111655160709e-06,3.3112310126683984e-06,0.010904440969977596
2025-10-17,2024-10-08,3.03006359066135e-05,2.994175836258227e-05,0.0041220448575469805,2025-10-15,250,37116,234,100.0,1.444104482273257e-05,1.4233940480433737e-05,1.444104482273257e-05,1.4233940480433737e-05,0.0038001374741886075,0.003772789482655206,0.00719657952354491,2.0710434229883235e-07,0.03941300235683505,0.19658119658119658,0.18803418803418803,1.0,6.114813975883982e-07,5.367232872002156e-07,0.010979212581738923
2025-10-20,2024-10-09,5.3711926543981006e-05,4.653895100606953e-05,0.00404296642752388,2025-10-16,250,37270,234,0.01,2.842410018691949e-05,2.5283451288921196e-05,2.842410018691949e-05,2.5283451288921196e-05,0.005331425718034482,0.0050282652365324955,0.0568629288928274,3.140648897998296e-06,0.03922071315328131,0.10256410256410256,0.08974358974358974,0.9957264957264957,4.808196233630629e-06,5.433273867121517e-06,0.010917242884450397
2025-10-21,2024-10-10,4.6500431256548864e-07,1.2476881608569733e-06,0.0038895668090298983,2025-10-17,250,37354,93,0.01,5.479777432574233e-07,9.766758080199392e-07,5.479777432574233e-07,9.766758080199392e-07,0.000740255187930097,0.0009882690969669845,-0.33503839362529075,-4.286980647625159e-07,0.038932210001787475,0.3118279569892473,0.3763440860215054,1.0,6.291857818069764e-07,7.114296754560336e-07,0.010804866676597644
2025-10-22,2024-10-11,7.498210212518812e-07,9.82329461224593e-07,0.003881721657723485,2025-10-20,250,37465,226,100.0,6.742154713337772e-07,8.752473206256584e-07,6.742154713337772e-07,8.752473206256584e-07,0.0008211062485048918,0.0009355465357883905,-0.1393732997305488,-2.0103184929188118e-07,0.03883602378519814,0.42035398230088494,0.5,1.0,5.51136669141515e-07,7.00927556859951e-07,0.010805027633362635
2025-10-23,2024-10-14,1.5361874514704153e-06,1.1777229931436187e-06,0.003946604759141033,2025-10-21,250,37412,225,100.0,9.86074103521358e-07,7.840697665059344e-07,9.86074103521358e-07,7.840697665059344e-07,0.0009930126401619256,0.0008854771405891484,0.10829217597395535,2.0200433701542361e-07,0.03883602378519814,0.3422222222222222,0.3022222222222222,1.0,1.1348051711940495e-07,1.596543035634004e-07,0.010861495956873319
2025-10-24,2024-10-16,2.053214572717309e-07,2.436258958694407e-07,0.003929424454888665,2025-10-22,250,37501,258,100.0,1.4989845776853615e-07,2.066366061364952e-07,1.4989845776853615e-07,2.066366061364952e-07,0.0003871672219707347,0.00045457299318865744,-0.17409989119124814,-5.673814836795905e-08,0.03873982831593057,0.5542635658914729,0.49612403100775193,1.0,8.906833636259065e-08,1.6603860521009172e-07,0.010797467845659164
2025-10-27,2024-10-17,1.4760223738751446e-06,1.4282572273812355e-06,0.0038809831824062105,2025-10-23,250,37559,245,100.0,1.1133833843233742e-06,1.0002072094954573e-06,1.1133833843233742e-06,1.0002072094954573e-06,0.0010551698367198402,0.0010001035993813128,0.05218708441259978,1.131761748279169e-07,0.03854740961223891,0.30612244897959184,0.31020408163265306,1.0,7.356344368736135e-07,5.543217741977712e-07,0.010709940199335547
2025-10-28,2024-10-18,1.676692097452604e-07,5.973817884851301e-07,0.003794501692645363,2025-10-24,250,37654,90,100.0,3.1193963229974015e-07,5.108758558793409e-07,3.1193963229974015e-07,5.108758558793409e-07,0.0005585155613765298,0.0007147558015709568,-0.2797419642334653,-1.989362235796008e-07,0.03816246109434891,0.34444444444444444,0.45555555555555555,1.0,4.5621005485422015e-07,4.243699232735517e-07,0.010585060708656821
2025-10-29,2024-10-21,1.4626162236494113e-06,1.3750188621962173e-06,0.0037918215613382896,2025-10-27,250,37733,210,0.01,1.1052572671562735e-06,1.0149706629279552e-06,1.1052572671562735e-06,1.0149706629279552e-06,0.001051312164466993,0.0010074575241308963,0.04171419471621041,9.028660422831827e-08,0.03816246109434891,0.42857142857142855,0.41904761904761906,1.0,6.098278047453325e-07,5.15812932124229e-07,0.010557021220854073
2025-10-30,2024-10-22,1.6842321624151348e-06,1.8220113719577143e-06,0.0037819799777530586,2025-10-28,250,37638,137,0.01,2.6558621474205225e-06,2.7843048923710056e-06,2.6558621474205225e-06,2.7843048923710056e-06,0.0016296816092171264,0.0016686236521070309,-0.023895491407436076,-1.2844274495048315e-07,0.03854740961223893,0.45255474452554745,0.4744525547445255,1.0,5.7179687668314405e-06,5.816987502158345e-06,0.010551953039759088
2025-10-31,2024-10-23,4.301284461154273e-06,4.747321401548761e-06,0.0037582903463522486,2025-10-29,250,37775,220,0.01,2.6357548743473773e-06,2.7458349977920205e-06,2.6357548743473773e-06,2.7458349977920205e-06,0.001623500808237365,0.0016570561239113238,-0.02066849335935328,-1.1008012344464318e-07,0.03845118637425273,0.2409090909090909,0.2636363636363636,1.0,8.116034221303022e-07,5.53730841296541e-07,0.010669295264992718
2025-11-03,2024-10-24,7.471331597851789e-07,8.908626008127483e-07,0.0037726079076820652,2025-10-30,250,37754,218,0.01,5.261938340636993e-07,7.123490357915414e-07,5.261938340636993e-07,7.123490357915414e-07,0.0007253921932745756,0.0008440077225899899,-0.16351916992648952,-1.861552017278421e-07,0.03816246109434891,0.43119266055045874,0.5,1.0,3.1709054364872755e-07,5.433986974678992e-07,0.010634411928569332
2025-11-04,2024-10-25,3.9778794113468037e-07,8.817092438204187e-07,0.0037911168927708605,2025-10-31,250,37807,82,100.0,3.6905286068785813e-07,6.099936740956996e-07,3.6905286068785813e-07,6.099936740956996e-07,0.0006074972104362769,0.0007810209178349192,-0.2856370439528857,-2.4094081340784146e-07,0.03902838696747835,0.45121951219512196,0.5,1.0,3.416861174051703e-07,3.5121694102453856e-07,0.01061449205373606
2025-11-05,2024-10-28,3.3786486504001596e-07,4.950496750777717e-07,0.0037772181898977912,2025-11-03,250,37860,205,100.0,2.990294706876423e-07,3.935349676637467e-07,2.990294706876423e-07,3.935349676637467e-07,0.000546835871800344,0.0006273236546343097,-0.14718819116415371,-9.45054969761044e-08,0.03883602378519814,0.424390243902439,0.4,1.0,2.473960486509638e-07,2.5856654985191804e-07,0.010741820685978317
2025-11-06,2024-10-29,1.0404379398347233e-06,7.068552065580042e-07,0.0037758199452135937,2025-11-04,250,37848,166,100.0,6.068899114920739e-07,4.92901764408468e-07,6.068899114920739e-07,4.92901764408468e-07,0.0007790313931364217,0.0007020696293164005,0.09879160775558615,1.1398814708360594e-07,0.03883602378519813,0.40963855421686746,0.3674698795180723,1.0,2.0358942001053947e-07,2.938753065949458e-07,0.0107047241654122
2025-11-07,2024-10-30,1.9178114072173754e-06,1.84355598393311e-06,0.0037809986284612824,2025-11-05,250,37984,227,100.0,8.893208313516173e-07,8.881886523522009e-07,8.893208313516173e-07,8.881886523522009e-07,0.0009430380858436298,0.0009424376119150811,0.0006367440907878441,1.1321789994164214e-09,0.03854740961223892,0.44933920704845814,0.4581497797356828,1.0,9.384765158044461e-08,1.4927173183259166e-07,0.010820824693052464
2025-11-10,2024-10-31,1.0397900033804716e-06,1.1334605722983923e-06,0.0028681044436994828,2025-11-06,250,37966,233,100.0,6.672491932350414e-07,7.279403245791539e-07,6.672491932350414e-07,7.279403245791539e-07,0.0008168532262500047,0.0008531941892553851,-0.04448897529879847,-6.069113134411256e-08,0.038451186374252724,0.4206008583690987,0.4248927038626609,1.0,3.2241803012522175e-07,3.525827399134125e-07,0.010810180783045438
2025-11-11,2024-11-01,,,,2025-11-07,250,38073,43,100.0,3.5543734975656315e-08,6.467133566286335e-08,3.5543734975656315e-08,6.467133566286335e-08,0.00018853046166510153,0.00025430559502862563,-0.3488833198762573,-2.9127600687207034e-08,0.03873982831593056,0.46511627906976744,0.5581395348837209,1.0,3.5543734975656315e-08,6.467133566286335e-08,0.010644087520544729
2025-11-12,2024-11-04,3.1878854745434935e-07,5.983194844816639e-07,0.00374205267938238,2025-11-10,250,38111,209,100.0,2.008096745480298e-07,3.7398845285065213e-07,2.008096745480298e-07,3.7398845285065213e-07,0.0004481179248233994,0.0006115459531798507,-0.36469870831624807,-1.7317877830262233e-07,0.03873982831593057,0.5167464114832536,0.583732057416268,1.0,3.2072449344805214e-08,5.31429076109493e-08,0.01061977598828697
2025-11-13,2024-11-05,1.4647156074964588e-06,1.7256345745801165e-06,0.003766409478187735,2025-11-11,250,37957,289,100.0,1.1348921052451586e-06,1.3737552549094042e-06,1.1348921052451586e-06,1.3737552549094042e-06,0.0010653131489121678,0.0011720730586910544,-0.10021457999265593,-2.3886314966424556e-07,0.03873982831593057,0.36678200692041524,0.3494809688581315,1.0,6.897644518003149e-07,8.988612137277927e-07,0.010613870760045652
2025-11-14,2024-11-06,8.048854952588623e-07,9.101945785949966e-07,0.003773584905660377,2025-11-12,250,38099,234,100.0,9.700594202346038e-07,9.3095897258781e-07,9.700594202346038e-07,9.3095897258781e-07,0.0009849159457713148,0.0009648621521169799,0.020360918858543076,3.910044764679373e-08,0.03883602378519814,0.3803418803418803,0.39316239316239315,1.0,1.1352333452103448e-06,9.517233665806232e-07,0.010792969168501872
2025-11-17,2024-11-07,9.736523539334802e-07,7.949996569444903e-07,0.0037810653059726146,2025-11-13,250,38237,236,0.01,8.254860218571776e-07,6.822281668398612e-07,8.254860218571776e-07,6.822281668398612e-07,0.0009085626130637214,0.0008259710447950711,0.09090355147912943,1.432578550173164e-07,0.03873982831593057,0.4491525423728814,0.4491525423728814,1.0,6.939143189734206e-07,5.820870836269505e-07,0.010794736058815648
2025-11-18,2024-11-08,3.5724828091987016e-07,1.1035464690225406e-06,0.0038510431466387504,2025-11-14,250,38328,134,0.01,8.522422712241384e-07,1.2264453685373402e-06,8.522422712241384e-07,1.2264453685373402e-06,0.000923169687123737,0.0011074499395175117,-0.199616879717883,-3.7420309731320183e-07,0.038932210001787475,0.35074626865671643,0.35074626865671643,1.0,1.1025201314903413e-06,1.2885852615504412e-06,0.01089625039433954
2025-11-19,2024-11-11,1.2364831947473293e-05,1.2898201293714835e-05,0.0038513311396948845,2025-11-17,250,38422,275,0.01,6.28031978020164e-06,6.557004796565079e-06,6.28031978020164e-06,6.557004796565079e-06,0.0025060566195123446,0.00256066491297965,-0.02179052661544878,-2.7668501636343907e-07,0.03864362359220442,0.20363636363636364,0.1890909090909091,1.0,2.398982808087656e-07,2.6175899867002985e-07,0.010988527148224457
2025-11-20,2024-11-13,1.1540354538409476e-05,9.715699345901084e-06,0.0038352695859398276,2025-11-18,250,38390,266,0.01,6.063377223975312e-06,5.3874810070848065e-06,6.063377223975312e-06,5.3874810070848065e-06,0.0024623925812053836,0.002321094786320629,0.057382318304251445,6.758962168905056e-07,0.03873982831593057,0.21052631578947367,0.20676691729323307,1.0,6.681458396073303e-07,1.1238629419822042e-06,0.010946239983097654
2025-11-21,2024-11-14,2.215011571201464e-05,2.1188800135583476e-05,0.0038685446009389672,2025-11-19,250,38635,245,0.01,2.3659039039373823e-05,2.308097448494789e-05,2.3659039039373823e-05,2.308097448494789e-05,0.00486405582198373,0.004804266279563186,0.012292116827754662,5.780645544259326e-07,0.03864362359220441,0.02857142857142857,0.024489795918367346,1.0,2.5392977248883057e-05,2.5255315184656126e-05,0.011115668245138153
2025-11-24,2024-11-15,3.20478621705305e-05,2.8023553107164168e-05,0.003793878227559027,2025-11-20,250,38781,276,0.01,3.77512228824067e-05,3.176738340053911e-05,3.77512228824067e-05,3.176738340053911e-05,0.006144202379675225,0.00563625615107574,0.08267081668399323,5.983839481867593e-06,0.03825871211709034,0.010869565217391304,0.018115942028985508,1.0,4.2829557762844435e-05,3.510093092203735e-05,0.011006034626648257
2025-11-25,2024-11-18,9.390689981369552e-07,1.361646729724932e-06,0.0037329660771238046,2025-11-21,250,38867,165,0.01,6.666757738792502e-07,9.126360810193595e-07,6.666757738792502e-07,9.126360810193595e-07,0.0008165021579146317,0.0009553198841327231,-0.17001513697481907,-2.459603071401094e-07,0.03835495387646399,0.36363636363636365,0.3878787878787879,1.0,4.2246115902751466e-07,5.10074809766088e-07,0.010846390920102285
2025-11-26,2024-11-19,6.737738900322361e-07,9.479052242274417e-07,0.003718814312019354,2025-11-24,250,38985,250,100.0,5.630363506877922e-07,6.920663427434809e-07,5.630363506877922e-07,6.920663427434809e-07,0.0007503574819296415,0.00083190524865725,-0.10867855481083222,-1.2902999205568872e-07,0.03825871211709033,0.388,0.388,1.0,4.574896335001189e-07,4.482199088290807e-07,0.010745321620100142
2025-11-28,2024-11-20,7.980074699583668e-07,8.431832946968797e-07,0.003711043055305349,2025-11-25,250,39083,210,100.0,8.144562694904397e-07,8.632916632394182e-07,8.144562694904397e-07,8.632916632394182e-07,0.000902472309542204,0.0009291349004527912,-0.029543943485770052,-4.883539374897853e-08,0.038451186374252724,0.48095238095238096,0.6333333333333333,1.0,8.396249145575873e-07,8.940598898045071e-07,0.010671649894067796
2025-12-01,2024-11-21,1.6555067854057728e-06,1.3503105491301797e-06,0.003693742155280617,2025-11-26,250,39167,210,100.0,1.142934221593464e-06,9.091735933153418e-07,1.142934221593464e-06,9.091735933153418e-07,0.0010690810173197651,0.0009535059482328056,0.10810693222924439,2.337606282781221e-07,0.03806620080645634,0.4238095238095238,0.38571428571428573,1.0,2.575816113722036e-07,1.4720976054425844e-07,0.010613715447987244
2025-12-02,2024-11-22,3.6536592089863485e-07,5.00868712306971e-07,0.003638290356764394,2025-11-28,250,39214,126,100.0,1.8697883585845188e-07,2.569821618438001e-07,1.8697883585845188e-07,2.569821618438001e-07,0.00043241049462108556,0.0005069340803731784,-0.17234453529486293,-7.000332598534822e-08,0.037392119217062654,0.626984126984127,0.5714285714285714,1.0,1.0093330072142249e-07,1.3934276691450595e-07,0.010662394343422461
2025-12-03,2024-11-25,2.9718919380524364e-07,5.65354469644848e-07,0.0035990076522589903,2025-12-01,250,39249,245,100.0,1.507538866950696e-07,3.144202398778489e-07,1.507538866950696e-07,3.144202398778489e-07,0.0003882703783384326,0.0005607318787779494,-0.4441788765281294,-1.636663531827793e-07,0.03700672562909566,0.5061224489795918,0.563265306122449,1.0,1.907562603785891e-08,8.877395574628377e-08,0.010642681906885977
2025-12-04,2024-11-26,4.279997651589579e-06,4.576978144146647e-06,0.0036248460320253396,2025-12-02,250,39202,209,0.01,2.854431604723386e-06,3.0899401285682894e-06,2.854431604723386e-06,3.0899401285682894e-06,0.0016895063198234526,0.0017578225532084543,-0.04043561872686019,-2.355085238449033e-07,0.036524774682372266,0.11961722488038277,0.14832535885167464,1.0,1.6433312463237875e-06,1.826615796749508e-06,0.010605955636140313
2025-12-05,2024-11-27,9.920071992523539e-06,8.98115052773215e-06,0.003669397933737087,2025-12-03,250,39379,210,100.0,5.717334227844926e-06,5.147956413771803e-06,5.717334227844926e-06,5.147956413771803e-06,0.0023910947760063645,0.00226891084306365,0.05109957755283445,5.693778140731229e-07,0.03642835661355149,0.15714285714285714,0.14285714285714285,1.0,1.8966635326825517e-06,1.6632344919896692e-06,0.010598207162582739
2025-12-08,2024-11-29,1.1809303303529975e-06,8.924197369391768e-07,0.0036946696319678607,2025-12-04,250,39426,300,0.01,8.309876203254412e-07,6.800032501161194e-07,8.309876203254412e-07,6.800032501161194e-07,0.000911585223841107,0.0008246230957935385,0.09539659679995693,1.5098437020932182e-07,0.03642835661355149,0.49,0.4066666666666667,1.0,5.407912266440534e-07,5.038529927506571e-07,0.010578114016538086
2025-12-09,2024-12-02,4.023794674143594e-06,4.421368561931259e-06,0.003706502572960525,2025-12-05,250,39489,71,100.0,1.6610332001321966e-06,1.893199219468609e-06,1.6610332001321966e-06,1.893199219468609e-06,0.0012888107697145445,0.0013759357613888118,-0.06760107358007605,-2.3216601933641243e-07,0.03662118345564529,0.6338028169014085,0.6338028169014085,1.0,2.9602658552898272e-08,1.4755848300630207e-07,0.01060998932170911
2025-12-10,2024-12-03,1.0382492764376699e-06,1.3037523570857564e-06,0.0037159968251677606,2025-12-08,250,39678,220,100.0,6.264576124811096e-07,8.007537369034331e-07,6.264576124811096e-07,8.007537369034331e-07,0.0007914907532505415,0.0008948484435385878,-0.13058609953883948,-1.7429612442232352e-07,0.0366211834556453,0.4,0.42272727272727273,1.0,2.6394016472447975e-07,3.579429858027554e-07,0.010619154075895993
2025-12-11,2024-12-04,1.0893879921790337e-06,1.264307184683887e-06,0.00369466963196786,2025-12-09,250,39651,221,100.0,8.625301275372851e-07,9.758786149011687e-07,8.625301275372851e-07,9.758786149011687e-07,0.0009287250010295217,0.0009878656866705963,-0.0636794374820484,-1.1334848736388362e-07,0.03623549258209542,0.416289592760181,0.4343891402714932,1.0,6.571846466115646e-07,7.148010301840532e-07,0.010549190627863343
2025-12-12,2024-12-05,4.671259756589062e-07,5.172738273344576e-07,0.0037046361903391727,2025-12-10,250,39689,270,1.0,7.560578253603379e-07,8.629495343631023e-07,7.560578253603379e-07,8.629495343631023e-07,0.0008695158568768818,0.0009289507706886853,-0.06835403097222548,-1.0689170900276438e-07,0.03594612677346913,0.5407407407407407,0.5370370370370371,1.0,1.012661635934337e-06,1.1699482392067239e-06,0.010524699275940625
2025-12-15,2024-12-06,5.035184740123455e-07,6.99976764552949e-07,0.0037013080350725897,2025-12-11,250,39757,245,1.0,3.194310077056024e-07,4.891110529399918e-07,3.194310077056024e-07,4.891110529399918e-07,0.0005651822783010826,0.0006993647495692014,-0.23741450576169232,-1.696800452343894e-07,0.035656677208034684,0.5142857142857142,0.5224489795918368,1.0,1.3077938934166714e-07,2.730172658324986e-07,0.0106390914691387
2025-12-16,2024-12-09,3.4069811346408026e-07,3.98748185306586e-07,0.003757615555798767,2025-12-12,250,39853,106,0.01,2.944863707784821e-07,4.6349350186842436e-07,2.944863707784821e-07,4.6349350186842436e-07,0.0005426659845415798,0.0006808035706930629,-0.25455361140458366,-1.6900713108994227e-07,0.03584965289369723,0.5754716981132075,0.5660377358490566,1.0,2.7359613093430763e-07,4.927619326429541e-07,0.01065518928209422
2025-12-17,2024-12-10,5.675766419068031e-07,8.381354679750373e-07,0.003750773824696844,2025-12-15,250,39970,303,100.0,6.452889056554626e-07,8.208979458723852e-07,6.452889056554626e-07,8.208979458723852e-07,0.0008032987648785865,0.0009060341858188272,-0.1278919194600885,-1.7560904021692263e-07,0.035753169705817864,0.5181518151815182,0.5115511551155115,1.0,7.214773995266972e-07,8.039984143991969e-07,0.010684382871536523
2025-12-18,2024-12-11,6.023690486060005e-07,7.071507242686083e-07,0.0037889935256032966,2025-12-16,250,40025,308,100.0,1.0648562972504513e-06,1.2031493858395296e-06,1.0648562972504513e-06,1.2031493858395296e-06,0.0010319187454690662,0.0010968816644650093,-0.06295352156473699,-1.382930885890783e-07,0.035753169705817864,0.38961038961038963,0.42207792207792205,1.0,1.5333891308445024e-06,1.7056316900453654e-06,0.010803257372654156
2025-12-19,2024-12-12,1.8251159849744695e-06,1.9155318054145394e-06,0.0037841213857966872,2025-12-17,250,40193,247,100.0,3.4237176808661557e-06,3.12235195233794e-06,3.4237176808661557e-06,3.12235195233794e-06,0.0018503290736693718,0.0017670178132486215,0.04502510478070609,3.0136572852821564e-07,0.035560175398550886,0.3481781376518219,0.3481781376518219,1.0,5.143222026026962e-06,4.420444211213529e-06,0.01072228923677325
2025-12-22,2024-12-13,1.96040680490954e-06,1.7897223144517987e-06,0.0037636569591113396,2025-12-18,250,40391,303,100.0,1.0237374340320747e-06,1.0288249961471934e-06,1.0237374340320747e-06,1.0288249961471934e-06,0.0010117991075465893,0.0010143101084713656,-0.00248171885708115,-5.087562115118711e-09,0.03556017539855088,0.4521452145214521,0.46534653465346537,1.0,1.8658918381034e-07,3.487730179124525e-07,0.010698257394319633
2025-12-23,2024-12-16,6.524280706101872e-07,5.350343979299541e-07,0.0038011587998671437,2025-12-19,250,40489,162,0.01,3.621482626264359e-07,3.2772228160593485e-07,3.621482626264359e-07,3.2772228160593485e-07,0.0006017875560581457,0.0005724703325115938,0.04871689893122222,3.442598102050106e-08,0.035753169705817864,0.5925925925925926,0.48148148148148145,1.0,9.260272664152401e-08,1.352181735907742e-07,0.01063202108552487
2025-12-24,2024-12-17,5.593789273234155e-07,8.654126820892486e-07,0.003781759436040533,2025-12-22,250,40653,242,0.01,2.846723125131129e-07,4.605611340167543e-07,2.846723125131129e-07,4.605611340167543e-07,0.000533546916880899,0.0006786465457193121,-0.2719528953267345,-1.7588882150364138e-07,0.03584965289369723,0.49586776859504134,0.6157024793388429,1.0,4.001173369768702e-08,9.999022401468908e-08,0.010583648758648758
2025-12-26,2024-12-18,5.017856424072877e-07,6.247289475622495e-07,0.003761732588291151,2025-12-23,250,40797,224,100.0,3.166048860096012e-07,4.293133986432075e-07,3.166048860096012e-07,4.293133986432075e-07,0.0005626765376391673,0.0006552201146509527,-0.1644702965580762,-1.1270851263360633e-07,0.036235492582095415,0.6026785714285714,0.7589285714285714,1.0,1.9454369929592575e-08,1.1573961084288441e-07,0.010546549726237722
2025-12-29,2024-12-19,4.782331315038486e-07,5.773889560113922e-07,0.0037673738112655453,2025-12-24,250,40890,299,100.0,2.79261539363187e-07,3.7093871253585766e-07,2.79261539363187e-07,3.7093871253585766e-07,0.0005284520218176736,0.000609047381191199,-0.15251216013197944,-9.167717317267068e-08,0.035753169705817864,0.5284280936454849,0.5351170568561873,1.0,1.1324843181024228e-07,1.9868574865443006e-07,0.010547619185583293
2025-12-30,2024-12-20,6.389188351000498e-07,6.066798000597938e-07,0.0037624196376388067,2025-12-26,250,40990,124,100.0,4.1119016322562276e-07,4.120239148060427e-07,4.1119016322562276e-07,4.120239148060427e-07,0.0006412411116152978,0.0006418908901098712,-0.0010133138421779542,-8.337515804199463e-10,0.0361390466158732,0.5645161290322581,0.5241935483870968,1.0,1.1399828157183874e-08,7.029469402723504e-08,0.010585341280802501
2025-12-31,2024-12-23,5.91176619675376e-07,8.897384651909298e-07,0.0037717884868902905,2025-12-29,250,41118,243,100.0,3.105777658074057e-07,5.006311174139284e-07,3.105777658074057e-07,5.006311174139284e-07,0.0005572950437671286,0.0007075529078549027,-0.2696199540410069,-1.9005335160652272e-07,0.03584965289369723,0.5390946502057613,0.6584362139917695,1.0,4.56924477560418e-08,1.333137811124395e-07,0.010598283867774852
2026-01-02,2024-12-24,2.3175737112934695e-06,2.088854713192448e-06,0.003788714779666004,2025-12-30,250,41057,211,100.0,1.4271917244554262e-06,1.3185975502137257e-06,1.4271917244554262e-06,1.3185975502137257e-06,0.0011946512982688405,0.0011483020291777446,0.03879732032121874,1.0859417424170058e-07,0.03604259134692933,0.4881516587677725,0.5213270142180095,1.0,2.6468842722406862e-08,1.0685152552768658e-07,0.010677391776161425
2026-01-05,2024-12-26,5.726361175062451e-07,5.763670060802971e-07,0.0038005977639201513,2025-12-31,250,41231,295,100.0,3.711337589104083e-07,3.6165965328929207e-07,3.711337589104083e-07,3.6165965328929207e-07,0.000609207484286272,0.0006013814540616397,0.012846247668478528,9.474105621116243e-09,0.03584965289369723,0.5084745762711864,0.49491525423728816,1.0,2.0111614384517099e-07,1.8050032437188173e-07,0.010657855292240585
2026-01-06,2024-12-27,7.9616553785655e-07,1.262866891462772e-06,0.003853925016837537,2026-01-02,250,41381,83,100.0,6.127950876934954e-07,8.808347520361114e-07,6.127950876934954e-07,8.808347520361114e-07,0.0007828122940357384,0.0009385279708331081,-0.1989182821779505,-2.6803966434261605e-07,0.035753169705817864,0.30120481927710846,0.2891566265060241,1.0,4.3379060062956087e-07,5.078986159291329e-07,0.010587342232303844
2026-01-07,2024-12-30,6.256643659773337e-07,9.277222565076494e-07,0.003925903338923618,2026-01-05,250,41512,251,100.0,4.388508093957851e-07,5.858560208498187e-07,4.388508093957851e-07,5.858560208498187e-07,0.0006624581567131505,0.0007654123208113512,-0.15541232763895252,-1.4700521145403362e-07,0.03565667720803468,0.41832669322709165,0.38247011952191234,1.0,2.677238873363513e-07,2.726961103235617e-07,0.010524749569968631
2026-01-08,2024-12-31,3.860858045927507e-07,8.503222349630893e-07,0.003956516728767334,2026-01-06,250,41425,254,100.0,3.416312474217077e-07,6.194994135457539e-07,3.416312474217077e-07,6.194994135457539e-07,0.0005844922988557743,0.000787082850496537,-0.3466094455604669,-2.778681661240462e-07,0.035560175398550886,0.39763779527559057,0.38976377952755903,1.0,3.024453785079734e-07,4.1603337096306576e-07,0.01055878505757127
2026-01-09,2025-01-02,7.959223144843733e-07,8.468739943958801e-07,0.003976219888820258,2026-01-07,250,41638,302,100.0,4.19971300276083e-07,5.037870001724641e-07,4.19971300276083e-07,5.037870001724641e-07,0.0006480519271447953,0.0007097795433600943,-0.09525103410657265,-8.381569989638107e-08,0.03556017539855088,0.46688741721854304,0.46688741721854304,1.0,1.1605880376039918e-07,2.2644122639904382e-07,0.010559856999898476
2026-01-12,2025-01-03,1.1196455495010873e-06,1.4663058722606727e-06,0.003971160889848481,2026-01-08,250,41737,304,100.0,6.12736428344118e-07,7.631139368572441e-07,6.12736428344118e-07,7.631139368572441e-07,0.0007827748260797086,0.0008735639283173523,-0.11598367654761388,-1.5037750851312611e-07,0.03556017539855088,0.4473684210526316,0.4407894736842105,1.0,2.1317276813803636e-07,2.088332348333653e-07,0.01049047934646361
2026-01-13,2025-01-06,8.597488405132782e-07,1.1442938205371574e-06,0.003957732949087416,2026-01-09,250,41847,78,100.0,4.4768844143042865e-07,6.344589307371378e-07,4.4768844143042865e-07,6.344589307371378e-07,0.0006690952409264534,0.0007965293031252132,-0.19045728381255578,-1.867704893067092e-07,0.03604259134692934,0.5256410256410257,0.6025641025641025,1.0,1.2927813304822662e-07,2.4049560680075923e-07,0.010474030439035616
2026-01-14,2025-01-07,3.363666547991975e-07,6.405150064473531e-07,0.003945604290365831,2026-01-12,250,41972,299,100.0,3.4555680272280495e-07,5.020574175334333e-07,3.4555680272280495e-07,5.020574175334333e-07,0.0005878407970894883,0.0007085601015675617,-0.20536054162245554,-1.5650061481062838e-07,0.03604259134692933,0.5284280936454849,0.5284280936454849,1.0,3.5613539026077055e-07,3.4268177561813005e-07,0.01049501563918878
2026-01-15,2025-01-08,3.1949605339037763e-07,4.4897995414006334e-07,0.003962148022772734,2026-01-13,250,41982,292,100.0,2.9104132091456986e-07,3.933821007710494e-07,2.9104132091456986e-07,3.933821007710494e-07,0.0005394824565401269,0.0006272018022702497,-0.16259907002851381,-1.0234077985647956e-07,0.03604259134692934,0.541095890410959,0.5856164383561644,1.0,2.5749021844309517e-07,3.278264229180331e-07,0.010546855263920274
2026-01-16,2025-01-10,9.006695224926993e-07,9.042449382598391e-07,0.003989001200573176,2026-01-14,250,42118,336,100.0,4.467210126627775e-07,5.045762799926695e-07,4.467210126627775e-07,5.045762799926695e-07,0.0006683719119343493,0.0007103353292584211,-0.06278453144840368,-5.7855267329892016e-08,0.036139046615873194,0.49702380952380953,0.47023809523809523,1.0,3.893675806979684e-08,1.4555189205775448e-07,0.01051821189182942
2026-01-20,2025-01-13,1.1962994244067644e-05,1.503163965742496e-05,0.004030837866395336,2026-01-15,250,42295,165,100.0,6.253198686301235e-06,7.927975853399661e-06,6.253198686301235e-06,7.927975853399661e-06,0.0025006396554284336,0.0028156661473618745,-0.12597836367570014,-1.6747771670984264e-06,0.03604259134692934,0.23030303030303031,0.23030303030303031,1.0,1.2571275732556286e-06,1.7122700248775242e-06,0.010527032067778967
2026-01-21,2025-01-15,2.1984028066875402e-06,1.3939188924539536e-06,0.004175111471422781,2026-01-16,250,42450,295,100.0,1.5415883321863039e-06,1.052780415207857e-06,1.5415883321863039e-06,1.052780415207857e-06,0.0012416071569487281,0.001026050883342467,0.1736106886947998,4.888079169784469e-07,0.036331929247390274,0.4033898305084746,0.31186440677966104,1.0,7.193167763221606e-07,6.257062910219038e-07,0.010745782047876266
2026-01-22,2025-01-16,5.179836965693516e-07,5.498184283143499e-07,0.0041590954976781745,2026-01-20,250,42452,260,100.0,3.1936147323168174e-07,3.5689082102130397e-07,3.1936147323168174e-07,3.5689082102130397e-07,0.0005651207598661384,0.0005974033989033741,-0.05712520461092696,-3.7529347789622225e-08,0.03633192924739028,0.5153846153846153,0.45384615384615384,1.0,1.2073924989401187e-07,1.6396321372825802e-07,0.010623179165450832
2026-01-23,2025-01-17,9.13185900836606e-07,1.216628644573252e-06,0.00414737265955305,2026-01-21,250,42588,253,0.01,7.681091146754903e-07,9.591300021045671e-07,7.681091146754903e-07,9.591300021045671e-07,0.0008764183445566907,0.0009793518275393002,-0.11744788732677103,-1.9102088742907684e-07,0.03642835661355149,0.43478260869565216,0.5177865612648221,1.0,5.053589352948032e-07,4.927713496335043e-07,0.01056798020261836
2026-01-26,2025-01-21,1.7812770448162365e-06,2.643289850184128e-06,0.004152556039348492,2026-01-22,250,42685,280,100.0,1.1232215376962994e-06,1.4940859331880444e-06,1.1232215376962994e-06,1.4940859331880444e-06,0.0010598214650101682,0.001222328079194798,-0.15333395250969994,-3.70864395491745e-07,0.03633192924739028,0.29285714285714287,0.30357142857142855,1.0,6.224371580641459e-07,6.195345246564338e-07,0.010564146946592575
2026-01-27,2025-01-22,1.252277617768312e-06,1.1999056943239222e-06,0.004032731686308288,2026-01-23,250,42871,201,100.0,7.588737326825221e-07,7.75741545818213e-07,7.588737326825221e-07,7.75741545818213e-07,0.0008711335906062411,0.0008807619121069059,-0.011052634870805988,-1.6867813135690998e-08,0.03604259134692934,0.4577114427860697,0.4925373134328358,1.0,1.5034227441004817e-07,2.526057626611713e-07,0.010510771873601547
2026-01-28,2025-01-23,1.044658701781991e-06,1.7428021203293179e-06,0.003988074495682815,2026-01-26,250,42982,248,100.0,5.499784037675763e-07,8.899724499577733e-07,5.499784037675763e-07,8.899724499577733e-07,0.0007416052883897042,0.0009433835115994837,-0.2720830425143188,-3.3999404619019694e-07,0.03604259134692934,0.5604838709677419,0.6532258064516129,1.0,1.491790382230507e-07,1.9899366593411287e-07,0.010469060662266893
2026-01-29,2025-01-24,5.277049190017089e-06,8.076521910620158e-06,0.004016534082046483,2026-01-27,250,43005,146,100.0,2.1134733591079613e-06,3.2538020919517446e-06,2.1134733591079613e-06,3.2538020919517446e-06,0.0014537789925253293,0.0018038298400768695,-0.24078683854378324,-1.1403287328437833e-06,0.036139046615873194,0.5,0.6027397260273972,1.0,8.736299549200385e-08,1.6509389347871604e-07,0.010470114463202092
2026-01-30,2025-01-27,2.1099557158783806e-05,1.5619366901509924e-05,0.003987920086727583,2026-01-28,250,43079,238,100.0,1.0542097967573063e-05,7.888476740653651e-06,1.0542097967573063e-05,7.888476740653651e-06,0.0032468597086374187,0.002808643220605574,0.13496625273524587,2.653621226919412e-06,0.03604259134692935,0.3949579831932773,0.35714285714285715,1.0,6.713027887987926e-07,6.604087040807139e-07,0.01049093279926229
2026-02-02,2025-01-28,6.460666055050304e-06,5.534681793605322e-06,0.003969477416371203,2026-01-29,250,43043,282,100.0,3.5225661055597902e-06,3.199304886244381e-06,3.5225661055597902e-06,3.199304886244381e-06,0.001876850048767826,0.0017886600812464007,0.04698828634675578,3.232612193154092e-07,0.03604259134692934,0.425531914893617,0.4078014184397163,1.0,1.469436020373648e-06,1.567354758209024e-06,0.010522315996358222
2026-02-03,2025-01-29,1.838544188479226e-06,2.519267439206049e-06,0.0038146735306099798,2026-01-30,250,43217,83,1.0,1.2127099259830037e-06,1.5157295892160224e-06,1.2127099259830037e-06,1.5157295892160224e-06,0.0011012310956302514,0.0012311497021954814,-0.11797578826165966,-3.0301966323301873e-07,0.03623549258209542,0.42168674698795183,0.3132530120481928,1.0,6.579931933158977e-07,6.262301312703166e-07,0.010470265023511312
2026-02-04,2025-01-30,5.245473788449438e-06,4.981005217867499e-06,0.0038221760427489967,2026-02-02,250,43365,229,1.0,2.41195024506927e-06,2.461171955084442e-06,2.41195024506927e-06,2.461171955084442e-06,0.0015530454742438387,0.0015688122752848543,-0.010152182471470983,-4.9221710015171706e-08,0.03623549258209542,0.4148471615720524,0.44541484716157204,1.0,4.389782963453019e-07,7.066213869243872e-07,0.010559550708453588
2026-02-05,2025-01-31,2.356714726288701e-06,2.760669777289114e-06,0.003725270353358167,2026-02-03,250,43294,246,100.0,3.574302243122152e-06,3.5953941564559497e-06,3.574302243122152e-06,3.5953941564559497e-06,0.0018905825142326246,0.0018961524612899538,-0.0029461539051576224,-2.109191333379778e-08,0.03623549258209542,0.3130081300813008,0.27235772357723576,1.0,4.6258550985692235e-06,4.316292483918216e-06,0.010610948862559935
2026-02-06,2025-02-03,4.1208853930303116e-06,2.5422047281173244e-06,0.0037331013736363297,2026-02-04,250,43339,282,100.0,4.326752283348964e-06,3.1492912349686853e-06,4.326752283348964e-06,3.1492912349686853e-06,0.0020800846817735485,0.0017746242517695642,0.14684999734892457,1.1774610483802783e-06,0.03604259134692934,0.2765957446808511,0.23404255319148937,1.0,4.474876021505067e-06,3.5860973801422245e-06,0.010745147722912546
2026-02-09,2025-02-04,5.803764329172678e-07,3.8251663095879383e-07,0.0037034373651661156,2026-02-05,250,43399,283,100.0,5.018133653274698e-07,4.7397233959596165e-07,5.018133653274698e-07,4.7397233959596165e-07,0.000708387863622373,0.0006884564907065382,0.02813624278360005,2.7841025731508164e-08,0.036139046615873194,0.46996466431095407,0.45229681978798586,1.0,4.495920321648394e-07,5.347634871018439e-07,0.010542884654368536
2026-02-10,2025-02-05,4.932262473681195e-07,5.93999934707808e-07,0.004697400043696744,2026-02-06,250,43614,119,0.01,3.207848390580818e-07,4.2822008061194624e-07,3.207848390580818e-07,4.2822008061194624e-07,0.0005663787063953604,0.0006543852692504212,-0.15538466023054864,-1.0743524155386442e-07,0.03623549258209542,0.5630252100840336,0.6218487394957983,1.0,2.6850620347789963e-08,1.4564078385763646e-07,0.010492293392895742
2026-02-11,2025-02-06,8.371350254060089e-07,1.32462284658147e-06,0.003800058462437882,2026-02-09,250,43732,256,0.01,4.0856673266397474e-07,6.889355548163261e-07,4.0856673266397474e-07,6.889355548163261e-07,0.0006391922501595077,0.0008300214182877006,-0.29854737456621594,-2.8036882215235135e-07,0.03623549258209542,0.42578125,0.5859375,1.0,4.7829392730032296e-08,1.5386064016508963e-07,0.01052003554296943
2026-02-12,2025-02-07,4.452601926998799e-06,4.8717449350202605e-06,0.003774954627949183,2026-02-10,250,43733,205,100.0,2.87344598917567e-06,3.128333451070576e-06,2.87344598917567e-06,3.128333451070576e-06,0.001695124181048595,0.0017687095440095798,-0.043410013132763714,-2.54887461894906e-07,0.036331929247390274,0.3804878048780488,0.40487804878048783,1.0,8.951627264082337e-07,9.442795041446012e-07,0.010522468061737674
2026-02-13,2025-02-10,1.3740290848767887e-06,9.238389082895594e-07,0.003973560539487259,2026-02-11,250,43836,340,100.0,1.2465079380573639e-06,9.893485072806357e-07,1.2465079380573639e-06,9.893485072806357e-07,0.0011164711989376905,0.000994659995817986,0.1091037576568088,2.571594307767282e-07,0.036331929247390274,0.45294117647058824,0.3911764705882353,1.0,1.127681414884718e-06,1.0503915427041387e-06,0.010687579080247185
2026-02-17,2025-02-11,1.942145893734868e-06,2.343918871477506e-06,0.004065994213777465,2026-02-12,250,43896,86,100.0,1.0207702545891713e-06,1.2076854045059735e-06,1.0207702545891713e-06,1.2076854045059735e-06,0.0010103317547168213,0.001098947407525025,-0.08770946017928649,-1.8691514991680227e-07,0.0361390466158732,0.27906976744186046,0.37209302325581395,1.0,1.8129467225642537e-07,1.724504679319109e-07,0.010680054272093878
2026-02-18,2025-02-12,1.7995697533309518e-06,1.9684490494647213e-06,0.0039411853872972575,2026-02-13,250,44170,274,100.0,9.325501775334706e-07,1.0730197400948503e-06,9.325501775334706e-07,1.0730197400948503e-06,0.0009656863763839017,0.001035866661349254,-0.07267399300811173,-1.4046956256137965e-07,0.03623549258209542,0.5437956204379562,0.5802919708029197,1.0,5.278031385661516e-08,1.6442235264601106e-07,0.01066284982060482
2026-02-19,2025-02-13,3.4194650752880346e-05,3.636563134573355e-05,0.00393417817287687,2026-02-17,250,44127,111,0.01,3.4194650752880346e-05,3.636563134573355e-05,3.4194650752880346e-05,3.636563134573355e-05,0.0058476192380216025,0.006030392304463578,-0.031255979399885225,-2.170980592853202e-06,0.036331929247390274,0.0,0.0,1.0,,,
2026-02-20,2025-02-14,3.301739612153865e-05,2.4766050248532833e-05,0.003991096784097016,2026-02-18,250,44278,90,100.0,3.301739612153865e-05,2.4766050248532833e-05,3.301739612153865e-05,2.4766050248532833e-05,0.005746076585074258,0.004976550034766337,0.1339220838627191,8.25134587300582e-06,0.036235492582095415,0.022222222222222223,0.0,1.0,,,
2026-02-23,2025-02-18,2.7737402785837196e-06,3.7638421516185996e-06,0.003930758182780256,2026-02-19,250,44241,208,100.0,2.002206239959444e-06,2.7036821564250925e-06,2.002206239959444e-06,2.7036821564250925e-06,0.0014149933709948763,0.0016442877352899924,-0.16204624629011533,-7.014759164656486e-07,0.036235492582095415,0.3701923076923077,0.3942307692307692,1.0,9.077044642366335e-07,1.199734256266862e-06,0.010561082343385115
2026-02-24,2025-02-19,1.6087724669730033e-05,1.7203877881551403e-05,0.003907130513186566,2026-02-20,250,44261,168,0.01,1.6797874988986463e-05,1.7651749022046966e-05,1.6797874988986463e-05,1.7651749022046966e-05,0.004098521073385675,0.004201398460280454,-0.02510109989743059,-8.538740330605033e-07,0.036235492582095415,0.08333333333333333,0.08928571428571429,1.0,1.7678461384864443e-05,1.8207109236261462e-05,0.01067003766174768
2026-02-25,2025-02-20,1.2691767227074774e-05,9.155615374351653e-06,0.003821562431101641,2026-02-23,250,44301,204,0.01,1.8593854247888328e-05,1.3273848816060725e-05,1.8593854247888328e-05,1.3273848816060725e-05,0.004312059165629378,0.0036433293587130886,0.15508363434495764,5.3200054318276035e-06,0.036235492582095415,0.10784313725490197,0.10784313725490197,1.0,2.344199715784232e-05,1.6656683428893177e-05,0.010593041390848908
2026-02-26,2025-02-21,8.232532252965513e-07,6.014482133651187e-07,0.0037924370054333956,2026-02-24,250,44301,251,100.0,6.463991662944458e-07,5.647358259951338e-07,6.463991662944458e-07,5.647358259951338e-07,0.000803989531209484,0.0007514890724389369,0.06529992833559395,8.1663340299312e-08,0.03623549258209542,0.5258964143426295,0.4342629482071713,1.0,4.869625524970933e-07,5.316390525327991e-07,0.010504403087354827
2026-02-27,2025-02-24,0.00014687064674557065,0.00014990980562315978,0.003810221652317273,2026-02-25,250,44315,164,0.01,7.735048045239553e-05,7.891634984707548e-05,7.735048045239553e-05,7.891634984707548e-05,0.008794912191283977,0.008883487482237789,-0.010071196735948362,-1.5658693946799483e-06,0.036139046615873194,0.17073170731707318,0.1524390243902439,1.0,7.000406932537592e-07,6.41513991392793e-07,0.010563074133178587
2026-03-02,2025-02-25,0.0001549193454608111,0.0001125975402868715,0.003936709819062759,2026-02-26,250,44372,217,0.01,7.504203356634627e-05,5.557065148802025e-05,7.504203356634627e-05,5.557065148802025e-05,0.008662680506999336,0.007454572522151773,0.13946121917706966,1.947138207832602e-05,0.03604259134692934,0.0,0.009216589861751152,1.0,5.493684416855352e-06,5.917929344192843e-06,0.010614042478753334
2026-03-03,2025-02-26,1.5477199757062768e-06,2.941592792338975e-06,0.003928679359323058,2026-02-27,250,44466,116,100.0,2.354487912562655e-06,2.7621374755008572e-06,2.354487912562655e-06,2.7621374755008572e-06,0.0015344340691481845,0.001661967952609453,-0.08311460624180933,-4.076495629382022e-07,0.03652477468237227,0.28448275862068967,0.29310344827586204,1.0,2.7955210513774756e-06,2.664035235629352e-06,0.010608011597074503
2026-03-04,2025-02-27,1.8380349213455775e-06,1.5540637487314007e-06,0.003943127962085307,2026-03-02,250,44515,228,0.01,1.8257699751448325e-06,1.3530229547581975e-06,1.8257699751448325e-06,1.3530229547581975e-06,0.0013512105591449589,0.0011631951490434428,0.13914590056230136,4.72747020386635e-07,0.036428356613551496,0.4780701754385965,0.42543859649122806,1.0,1.8154832460732396e-06,1.1844080952968008e-06,0.010702345920362174
2026-03-05,2025-02-28,1.1815791138298896e-05,1.0738232981141425e-05,0.003961602925491393,2026-03-03,250,44501,207,0.01,7.727808946557341e-06,7.404364275773836e-06,7.727808946557341e-06,7.404364275773836e-06,0.002779893693391411,0.002721096153349572,0.02115100306951212,3.2344467078350525e-07,0.03642835661355149,0.20772946859903382,0.2028985507246377,1.0,2.5167547241175574e-06,3.1545975744261394e-06,0.010627365609446384
2026-03-06,2025-03-03,2.0103931083589423e-06,3.173296099119275e-06,0.003995543432325484,2026-03-04,250,44558,238,100.0,1.667597022479194e-06,2.6390685005667954e-06,1.667597022479194e-06,2.6390685005667954e-06,0.0012913547237220276,0.0016245210065021613,-0.2579974941508403,-9.714714780876014e-07,0.03633192924739029,0.23949579831932774,0.2815126050420168,1.0,1.4972769546521494e-06,2.373634662292292e-06,0.010686951607931778
2026-03-09,2025-03-04,5.7875106913544685e-05,6.444200509219877e-05,0.004039462440767497,2026-03-05,250,44624,182,0.01,0.0001278260674739764,0.0001319039662316285,0.0001278260674739764,0.0001319039662316285,0.011306019081620922,0.011484945199330666,-0.015825739937110672,-4.077898757652104e-06,0.036235492582095415,0.0,0.005494505494505495,1.0,0.00019188642082931904,0.00019368492011721155,0.01082888693893334
2026-03-10,2025-03-05,6.525549104786742e-05,4.4611922063542297e-05,0.004001847006310606,2026-03-06,250,44766,102,100.0,0.0001681323162002585,0.00011247260827326553,0.0001681323162002585,0.00011247260827326553,0.012966584600435788,0.010605310380807604,0.18210456279665388,5.565970792699298e-05,0.03642835661355149,0.0,0.0,1.0,0.0002130503666189081,0.0001421019219704686,0.010734850428295513
2026-03-11,2025-03-06,4.8042588948281476e-06,5.956668514035596e-06,0.00398727140282943,2026-03-09,250,44787,255,100.0,3.67332600975896e-06,4.18968100988206e-06,3.67332600975896e-06,4.18968100988206e-06,0.001916592290957824,0.002046871029127644,-0.0679741532846887,-5.163550001231002e-07,0.036428356613551496,0.403921568627451,0.5176470588235295,1.0,2.5858905433462795e-06,2.490654563580583e-06,0.010752129419061403
2026-03-12,2025-03-07,1.6403804866893365e-06,3.86005796062728e-06,0.003987577163452321,2026-03-10,250,44791,240,0.01,1.6121505973587022e-06,3.648236747110636e-06,1.6121505973587022e-06,3.648236747110636e-06,0.001269704925310878,0.0019100357973374834,-0.504314710655962,-2.036086149751934e-06,0.03642835661355149,0.37083333333333335,0.4041666666666667,1.0,1.5866092689166996e-06,3.45658898250034e-06,0.010765642511791582
2026-03-13,2025-03-10,0.00012811457357419663,0.0001349567485392498,0.0040663121676571806,2026-03-11,250,44897,198,0.01,9.203837601061812e-05,9.72194019211573e-05,9.203837601061812e-05,9.72194019211573e-05,0.009593663325894761,0.009859989955428824,-0.02776068124208675,-5.18102591053918e-06,0.03652477468237227,0.0,0.0,1.0,2.7507712763090407e-05,2.971738754794945e-05,0.010931638290844667
2026-03-16,2025-03-11,0.00010636322110949715,7.19498673697788e-05,0.004158004158004158,2026-03-12,250,44963,146,100.0,8.868698249181032e-05,6.00510915636401e-05,8.868698249181032e-05,6.00510915636401e-05,0.009417376624719346,0.007749263936893626,0.177131355609921,2.863589092817022e-05,0.03652477468237227,0.00684931506849315,0.0,1.0,2.3113839232649426e-05,1.5910471637641802e-05,0.01099386522520346
2026-03-17,2025-03-12,2.7858144868418808e-06,1.3032337819877458e-06,0.004113598607705087,2026-03-13,250,45128,169,100.0,1.0045976820468618e-06,6.327880051371739e-07,1.0045976820468618e-06,6.327880051371739e-07,0.0010022962047453146,0.0007954797327004465,0.20634266703366455,3.718096769096879e-07,0.036524774682372266,0.3905325443786982,0.3136094674556213,1.0,4.3405167426095755e-07,4.180358422397251e-07,0.01088310987549138
2026-03-18,2025-03-13,6.088020752306756e-05,6.58875879414846e-05,0.004090783935806161,2026-03-16,250,45104,224,0.01,4.1690322290185515e-05,4.503852815149579e-05,4.1690322290185515e-05,4.503852815149579e-05,0.006456804340398237,0.0067110750369442146,-0.03938026973422182,-3.3482058613102736e-06,0.036524774682372266,0.008928571428571428,0.004464285714285714,1.0,2.7297908365523967e-05,2.9401733309004176e-05,0.010854555076849683
2026-03-19,2025-03-14,1.3002446651450023e-05,7.753283770604969e-06,0.004160998639673522,2026-03-17,250,45145,202,0.01,2.5046994530726182e-05,1.741433789311658e-05,2.5046994530726182e-05,1.741433789311658e-05,0.0050046972466599995,0.0041730489924174845,0.1661735392280791,7.632656637609603e-06,0.036621183455645294,0.09900990099009901,0.01485148514851485,1.0,3.6623792977797444e-05,2.6700205447763662e-05,0.01100815959360779
2026-03-20,2025-03-17,1.7213344709444873e-05,1.2478624602969526e-05,0.004177377892030849,2026-03-18,250,45217,250,100.0,1.26466914275963e-05,1.0059478980636978e-05,1.26466914275963e-05,1.0059478980636978e-05,0.0035562186979425634,0.0031716681700072248,0.10813466791505788,2.5872124469593224e-06,0.036621183455645294,0.128,0.092,1.0,7.5382318241724715e-06,7.353316081078534e-06,0.011035354652925131
2026-03-23,2025-03-18,2.290133536327774e-06,2.413451054621529e-06,0.004193717488608411,2026-03-19,250,45354,256,0.01,1.227653995141088e-06,1.535653566610324e-06,1.227653995141088e-06,1.535653566610324e-06,0.0011079954851627727,0.0012392148992851578,-0.11842955669003308,-3.07999571469236e-07,0.036717582935162765,0.38671875,0.4921875,1.0,2.7535751748487326e-07,7.488869292076884e-07,0.011382885424857764
2026-03-24,2025-03-19,2.5419432143668226e-05,2.8797494704167122e-05,0.004135353294365582,2026-03-20,250,45452,148,0.01,1.549036655191165e-05,1.8725512943219673e-05,1.549036655191165e-05,1.8725512943219673e-05,0.003935780297718821,0.004327298573384979,-0.09947665927721672,-3.2351463913080235e-06,0.03671758293516276,0.02702702702702703,0.006756756756756757,1.0,7.05066079891856e-06,1.0164328446414344e-05,0.011264606793005586
2026-03-25,2025-03-20,2.380688031059413e-05,1.749604534433378e-05,0.0041328882530599275,2026-03-23,250,45550,221,0.01,1.4372620317737603e-05,1.007988168100996e-05,1.4372620317737603e-05,1.007988168100996e-05,0.0037911238858335406,0.0031748829397333627,0.16254835364333842,4.292738636727644e-06,0.03671758293516275,0.15384615384615385,0.02262443438914027,1.0,5.986611435198472e-06,3.487736202499895e-06,0.01130254753666677
2026-03-26,2025-03-21,1.1403206525588195e-06,3.1411339126449754e-06,0.004116855355870476,2026-03-24,250,45541,216,100.0,8.950378495083538e-07,2.71748176556028e-06,8.950378495083538e-07,2.71748176556028e-06,0.0009460644002964882,0.0016484786215053807,-0.742459203611046,-1.8224439160519263e-06,0.0366211834556453,0.35648148148148145,0.3888888888888889,1.0,7.535974010339978e-07,2.4731860019129023e-06,0.011239910477756462
2026-03-27,2025-03-24,1.5491388098375743e-06,4.379405503881453e-06,0.004112459962829689,2026-03-25,250,45599,180,0.01,1.4726475379326617e-06,3.908325342130781e-06,1.4726475379326617e-06,3.908325342130781e-06,0.0012135269003745494,0.0019769484925335765,-0.6290932586030031,-2.4356778041981195e-06,0.036621183455645294,0.4666666666666667,0.5611111111111111,1.0,1.2362199702265681e-06,2.4522593876287055e-06,0.011444291494210111
2026-03-30,2025-03-25,9.425555546675727e-06,1.0861964392568082e-05,0.004180064308681673,2026-03-26,250,45701,175,100.0,1.49136588076382e-05,1.7059386468969078e-05,1.49136588076382e-05,1.7059386468969078e-05,0.0038618206596938444,0.004130301014329232,-0.06952170447414607,-2.145727661330878e-06,0.036621183455645294,0.15428571428571428,0.12571428571428572,1.0,2.072459167218671e-05,2.3621362785158366e-05,0.01164282357394061
2026-03-31,2025-03-26,0.00017309687121400057,0.00016492946852502254,0.004216843044236305,2026-03-27,250,45802,93,100.0,0.00011427552820016721,0.00010296331691874794,0.00011427552820016721,0.00010296331691874794,0.010689973255353225,0.010147084158453992,0.05078488822480165,1.131221128141927e-05,0.03642835661355149,0.0,0.0,1.0,7.877989017457812e-05,6.55699495701339e-05,0.011681880469009604
2026-04-01,2025-03-27,0.00017902971810481035,0.0001248513240091536,0.004097876196855667,2026-03-30,250,45870,193,100.0,0.000113869462212943,7.787731724259566e-05,0.000113869462212943,7.787731724259566e-05,0.010670963509118706,0.008824812589658528,0.17300695648359943,3.5992144970347335e-05,0.036331929247390274,0.010362694300518135,0.015544041450777202,1.0,7.061653373299662e-05,4.669629550962189e-05,0.011351905157302333
2026-04-02,2025-03-28,2.3146153860370708e-05,2.2832668780660128e-05,0.004068380080585223,2026-03-31,250,45849,206,0.01,8.054691941938435e-06,8.173656328409909e-06,8.054691941938435e-06,8.173656328409909e-06,0.0028380789174965583,0.0028589607077415227,-0.007357720081788255,-1.1896438647147403e-07,0.036331929247390274,0.23786407766990292,0.2524271844660194,1.0,2.8702771921594145e-07,6.285763897517061e-07,0.011267013613332518
2026-04-06,2025-03-31,8.536794512352158e-05,7.922956940240718e-05,0.004063769928102533,2026-04-01,250,45915,211,0.01,3.004435089332553e-05,2.8030591622700995e-05,3.004435089332553e-05,2.8030591622700995e-05,0.005481272743927776,0.005294392469651357,0.0340943213386794,2.013759270624535e-06,0.03642835661355149,0.21800947867298578,0.2843601895734597,1.0,1.6153357190575703e-07,3.756693183341414e-07,0.011256877544485611
2026-04-07,2025-04-01,5.651224969099906e-05,4.187584308828774e-05,0.004017615699605965,2026-04-02,250,46082,72,0.01,1.9944739240404633e-05,1.6237647105949975e-05,1.9944739240404633e-05,1.6237647105949975e-05,0.004465953340598694,0.004029596394919717,0.09770745737806585,3.7070921344546577e-06,0.03652477468237227,0.2916666666666667,0.19444444444444445,1.0,1.6609840151074216e-06,3.4185491147810944e-06,0.011203918473889489
2026-04-08,2025-04-02,3.5286823864436878e-06,1.7580519254456233e-06,0.004102564102564102,2026-04-06,250,46183,212,100.0,3.2605062379189427e-06,2.110538212148958e-06,3.2605062379189427e-06,2.110538212148958e-06,0.0018056871927105598,0.0014527691530828145,0.19544804939219385,1.1499680257699847e-06,0.03642835661355149,0.5330188679245284,0.4669811320754717,1.0,3.0979752388130373e-06,2.324166264696434e-06,0.011198989715117865
2026-04-09,2025-04-03,5.537034184699104e-05,5.723216791454351e-05,0.004016994978756277,2026-04-07,250,46085,182,0.01,2.5197456782212938e-05,2.69128099442964e-05,2.5197456782212938e-05,2.69128099442964e-05,0.005019706842258115,0.005187755771458059,-0.033477837348036665,-1.715353162083463e-06,0.036235492582095415,0.02197802197802198,0.01098901098901099,1.0,8.434742857336214e-06,1.0068722183048003e-05,0.01092084140767149
2026-04-10,2025-04-04,5.582212519476274e-05,4.014430087703537e-05,0.003992475718837575,2026-04-08,250,46127,192,0.01,3.19958357620619e-05,2.288773978711538e-05,3.19958357620619e-05,2.288773978711538e-05,0.005656486167406573,0.00478411327072378,0.15422523292101764,9.108095974946521e-06,0.036139046615873194,0.026041666666666668,0.026041666666666668,1.0,1.7379708631077358e-05,1.2301782143719083e-05,0.010858198879263436
2026-04-13,2025-04-07,9.202113530046753e-07,1.4489183686001499e-06,0.003992628992628992,2026-04-09,250,46199,270,100.0,7.660057883889682e-07,1.0437054424996854e-06,7.660057883889682e-07,1.0437054424996854e-06,0.000875217566316495,0.0010216190300203327,-0.16727436621272762,-2.776996541107172e-07,0.03623549258209542,0.5814814814814815,0.5777777777777777,1.0,6.047908799270927e-07,6.200737470310184e-07,0.010865390162776321
2026-04-14,2025-04-08,1.0939825917820082e-06,1.8503361388605208e-06,0.004012345679012346,2026-04-10,250,46247,79,0.01,6.2582118916917e-07,9.189382594281617e-07,6.2582118916917e-07,9.189382594281617e-07,0.0007910886101879927,0.0009586126743519312,-0.2117639693031712,-2.9311707025899174e-07,0.03642835661355149,0.5063291139240507,0.5822784810126582,1.0,2.7209924052835883e-07,2.1521541719037858e-07,0.010760236117184081
2026-04-15,2025-04-09,2.8686183010548447e-06,4.087203642082915e-06,0.004018081366147666,2026-04-13,250,46467,250,0.01,1.5494168405279173e-06,2.044821949342889e-06,1.5494168405279173e-06,2.044821949342889e-06,0.0012447557352862116,0.0014299727093000372,-0.1487978474517635,-4.954051088149715e-07,0.03642835661355149,0.428,0.44,1.0,4.4361561626269846e-07,3.3282553042845625e-07,0.010630702992252973
2026-04-16,2025-04-10,1.2680705095014721e-06,8.660713312045013e-07,0.0039034643245880714,2026-04-14,250,46440,255,100.0,6.702639892162382e-07,5.494254138797059e-07,6.702639892162382e-07,5.494254138797059e-07,0.0008186965183853161,0.0007412323615977016,0.09461889118619193,1.2083857533653226e-07,0.036428356613551496,0.5568627450980392,0.49411764705882355,1.0,1.7137509458971205e-07,2.8517414474534426e-07,0.010547472640512045
2026-04-17,2025-04-11,4.194035439584735e-07,6.918296754592008e-07,0.003948367501898253,2026-04-15,250,46545,292,0.01,7.215713909832994e-07,7.194475022254627e-07,7.215713909832994e-07,7.194475022254627e-07,0.0008494535837721207,0.0008482025125083412,0.0014727953212275713,2.1238887578366626e-09,0.03633192924739028,0.4828767123287671,0.5171232876712328,1.0,1.0729814056714302e-06,7.515660118721526e-07,0.010521617307527865
2026-04-20,2025-04-14,1.100380946916882e-06,1.8499465204136437e-06,0.003848573437442179,2026-04-16,250,46645,338,0.01,7.930160062920048e-07,1.1371957020946027e-06,7.930160062920048e-07,1.1371957020946027e-06,0.0008905144615849901,0.0010663937837846781,-0.1975030499635544,-3.44179695802598e-07,0.036331929247390274,0.3727810650887574,0.4230769230769231,1.0,4.92840888839639e-07,4.4111741753741035e-07,0.010395975441462244
2026-04-21,2025-04-15,4.953677194153267e-07,1.3844794753507458e-06,0.0038088262223036073,2026-04-17,250,46770,168,100.0,5.995174103273351e-07,1.078974349498324e-06,5.995174103273351e-07,1.078974349498324e-06,0.0007742850962838785,0.0010387369009996342,-0.3415431938248219,-4.794569391709889e-07,0.03642835661355149,0.42857142857142855,0.5595238095238095,1.0,6.815075925346608e-07,8.384703142528007e-07,0.010416804944124619
2026-04-22,2025-04-16,7.49720609727168e-07,6.888672337473251e-07,0.00390727730397866,2026-04-20,250,47075,278,0.01,7.440556345712994e-07,6.569492389129535e-07,7.440556345712994e-07,6.569492389129535e-07,0.0008625865954043683,0.0008105240520261897,0.06035630933236613,8.710639565834587e-08,0.03623549258209542,0.5719424460431655,0.5827338129496403,1.0,7.381407340409071e-07,6.236230972476535e-07,0.010485453357573003
2026-04-23,2025-04-17,4.360366106263662e-06,5.437603814557497e-06,0.0038071530548742555,2026-04-21,250,47042,214,0.01,2.9961177694845786e-06,3.687799353895282e-06,2.9961177694845786e-06,3.687799353895282e-06,0.0017309297413484403,0.0019203643805005555,-0.10944097534804653,-6.916815844107032e-07,0.036235492582095415,0.32242990654205606,0.3598130841121495,1.0,2.1146034595657867e-06,2.5571564716212343e-06,0.010380334922174885
2026-04-24,2025-04-21,4.9053646655118685e-06,3.1529295814926436e-06,0.0038035328969023155,2026-04-22,250,47119,218,0.01,1.1400564491704713e-05,9.692105022983755e-06,1.1400564491704713e-05,9.692105022983755e-06,0.0033764721961989726,0.0031132145802985948,0.07796824632429589,1.7084594687209586e-06,0.036235492582095415,0.3119266055045872,0.3211009174311927,1.0,2.329437196564227e-05,2.1666439272986955e-05,0.0104207749311878
2026-04-27,2025-04-22,2.429378363600043e-06,3.4230944518466715e-06,0.0038367889028259423,2026-04-23,250,47161,256,0.01,3.257943883721892e-06,2.6537208347000474e-06,3.257943883721892e-06,2.6537208347000474e-06,0.0018049775299770056,0.001629024504020749,0.09748211433884069,6.042230490218447e-07,0.03623549258209542,0.31640625,0.265625,1.0,3.852954022332884e-06,2.101217633124955e-06,0.010340642070762246
2026-04-28,2025-04-23,9.300417667050216e-07,5.677474483456289e-07,0.0038862523821979744,2026-04-24,250,47315,185,100.0,1.5556132186291723e-06,1.2622693493681405e-06,1.5556132186291723e-06,1.2622693493681405e-06,0.0012472422453674236,0.001123507609839889,0.09920657834283331,2.9334386926103185e-07,0.036139046615873194,0.5297297297297298,0.5351351351351351,1.0,2.2159386401046643e-06,1.9953758004474586e-06,0.010322857502412016
2026-04-29,2025-04-24,8.653776465801315e-07,2.0301892020222842e-06,0.0038417494736064438,2026-04-27,250,47407,203,1.0,5.695783240578581e-07,1.264406791269987e-06,5.695783240578581e-07,1.264406791269987e-06,0.0007547041301449583,0.001124458443549599,-0.4899328076204126,-6.948284672121288e-07,0.036139046615873194,0.5369458128078818,0.6059113300492611,1.0,2.0551761941506006e-07,3.2190536265177477e-07,0.010373333895375795
2026-04-30,2025-04-25,4.621509945682941e-07,5.564967694731632e-07,0.0038494281378391383,2026-04-28,250,47425,213,100.0,1.6035528485015652e-05,1.6844918416757975e-05,1.6035528485015652e-05,1.6844918416757975e-05,0.0040044385979829495,0.00410425613439975,-0.024926724177286363,-8.09389931742323e-07,0.036139046615873194,0.3286384976525822,0.39906103286384975,1.0,3.1176312156283916e-05,3.2680883907173765e-05,0.010374937463110264
2026-05-04,2025-04-28,6.45299924135315e-06,4.305675001707416e-06,0.003712429499535946,2026-04-29,250,47416,145,100.0,1.4013417701970696e-05,8.624522479779287e-06,1.4013417701970696e-05,8.624522479779287e-06,0.003743449973215977,0.002936753731551096,0.2154953979448676,5.388895222191409e-06,0.036139046615873194,0.16551724137931034,0.15172413793103448,1.0,2.18932904637411e-05,1.3125856471009124e-05,0.01024435995282037
2026-05-05,2025-04-29,1.8714246632379802e-06,1.32044890319307e-06,0.003756818263916484,2026-04-30,250,47408,125,100.0,1.0508702448432963e-06,7.798598661929547e-07,1.0508702448432963e-06,7.798598661929547e-07,0.0010251196246503606,0.0008830967479234394,0.1385427352201566,2.710103786503416e-07,0.036331929247390295,0.392,0.408,1.0,7.189605924589295e-07,5.611946377434698e-07,0.010282026712719878
2026-05-06,2025-04-30,9.698178058094803e-06,1.0811674188745286e-05,0.0036596523330283616,2026-05-04,250,47474,184,0.01,9.463423560718933e-06,1.0402302748734214e-05,9.463423560718933e-06,1.0402302748734214e-05,0.0030762677973022656,0.003225260105593689,-0.04843281473156602,-9.388791880152812e-07,0.03623549258209541,0.1358695652173913,0.11956521739130435,1.0,9.309035467850118e-06,1.0133076486384588e-05,0.010200198958232582
2026-05-07,2025-05-01,9.954135486850922e-06,7.135511457002968e-06,0.0036172654864178645,2026-05-05,250,47409,181,1.0,1.1156681431158995e-05,7.707214432553061e-06,1.1156681431158995e-05,7.707214432553061e-06,0.003340161886968803,0.0027761870312630345,0.1688465633674946,3.449466998605934e-06,0.036235492582095415,0.13259668508287292,0.07734806629834254,1.0,1.1915043738380302e-05,8.067747840557627e-06,0.010060365479743266
2026-05-08,2025-05-02,2.0517102688561413e-06,1.4689000964293773e-06,0.0036181463957695517,2026-05-06,250,47461,305,0.01,1.043140182518084e-06,7.402146751459807e-07,1.043140182518084e-06,7.402146751459807e-07,0.0010213423434471342,0.0008603572950501325,0.15762104590088843,3.0292550737210325e-07,0.03623549258209541,0.5770491803278689,0.5573770491803278,1.0,2.527987113525887e-07,1.691980292279975e-07,0.010091306487328795
2026-05-11,2025-05-05,1.5796275454809897e-06,1.5621758105745132e-06,0.0035456157098049915,2026-05-07,250,47439,249,0.01,7.924630651536243e-07,6.863488556383989e-07,7.924630651536243e-07,6.863488556383989e-07,0.0008902039458200712,0.0008284617406002518,0.06935737086959493,1.0611420951522548e-07,0.036235492582095415,0.5060240963855421,0.4578313253012048,1.0,4.5316803052975984e-07,3.0883723713145294e-07,0.010008673842900136
2026-05-12,2025-05-06,1.9323826504261447e-06,1.3737300971540604e-06,0.0044758780921142554,2026-05-08,250,47521,93,1.0,1.3117492405831576e-06,1.1717469140660763e-06,1.3117492405831576e-06,1.1717469140660763e-06,0.0011453162185977974,0.0010824725927551589,0.054870109077454154,1.4000232651708132e-07,0.036331929247390274,0.6451612903225806,0.6774193548387096,1.0,6.497402700839715e-07,9.56298185438893e-07,0.00998592993372109
2026-05-15,2025-05-07,1.656104275995678e-06,1.5941887304805223e-06,0.003521008685154758,2026-05-11,250,47691,206,0.01,4.229657411500884e-06,4.1058595856473316e-06,4.229657411500884e-06,4.1058595856473316e-06,0.0020566130923197205,0.0020262920780695294,0.014743178657873446,1.2379782585355217e-07,0.03623549258209542,0.3932038834951456,0.3300970873786408,1.0,7.12158825449127e-06,6.928252608463644e-06,0.009867540799550904
2026-05-18,2025-05-08,2.0727089921727393e-06,1.7626048064772575e-06,0.003497318722312894,2026-05-12,250,47593,220,0.01,3.8718071672413e-06,3.200469932348866e-06,3.8718071672413e-06,3.200469932348866e-06,0.0019676908210492063,0.0017889857272624804,0.09081970189373412,6.713372348924343e-07,0.036235492582095415,0.5136363636363637,0.4681818181818182,1.0,7.647379393793632e-06,6.217961534530129e-06,0.009987686188562847
2026-05-19,2025-05-09,8.83379709871247e-07,1.098991868800986e-06,0.003525382755842065,2026-05-15,250,47652,205,1.0,6.48284506308001e-07,8.073551012005629e-07,6.48284506308001e-07,8.073551012005629e-07,0.0008051611679086374,0.0008985294103147448,-0.11596217767012584,-1.5907059489256186e-07,0.036139046615873194,0.4878048780487805,0.526829268292683,1.0,5.038953261667945e-07,6.282396061388856e-07,0.009994717389832796
2026-05-20,2025-05-12,1.7379386447160812e-05,1.7203327918181864e-05,0.00351205806602669,2026-05-18,250,47658,213,100.0,1.9257104261279208e-05,2.0034851604720334e-05,1.9257104261279208e-05,2.0034851604720334e-05,0.00438829172472378,0.004476030786837858,-0.019993899133859516,-7.77747343441126e-07,0.03604259134692934,0.018779342723004695,0.014084507042253521,1.0,2.104868823071327e-05,2.2736488883619433e-05,0.01006173660610851
2026-05-21,2025-05-13,2.5643299691030257e-05,1.8000399811165766e-05,0.003473945409429281,2026-05-19,250,47668,187,100.0,2.670824574337222e-05,1.8035227552891456e-05,2.670824574337222e-05,1.8035227552891456e-05,0.005168002103654005,0.004246790264763667,0.17825299224220537,8.673018190480765e-06,0.03584965289369723,0.0213903743315508,0.0374331550802139,1.0,2.7390184882152604e-05,1.8057529527856158e-05,0.00995966003372681
2026-05-22,2025-05-14,5.993928735243571e-07,8.951638043431107e-07,0.003442735827404178,2026-05-20,250,47844,258,100.0,3.7599838897544034e-07,5.586261597464243e-07,3.7599838897544034e-07,5.586261597464243e-07,0.0006131870750231452,0.000747412978042544,-0.2188987806279712,-1.82627770770984e-07,0.036139046615873194,0.5542635658914729,0.6162790697674418,1.0,1.383066574153929e-07,2.0055010589555006e-07,0.009939947759586383
2026-05-26,2025-05-15,8.572870526154976e-07,6.980742427588263e-07,0.003400038857586944,2026-05-21,250,47840,160,1.0,4.7134301467815375e-07,4.1070272255442475e-07,4.7134301467815375e-07,4.1070272255442475e-07,0.0006865442554403567,0.0006408609229422752,0.06654098717755597,6.064029212372901e-08,0.036139046615873194,0.575,0.50625,1.0,1.4750491388015252e-07,1.695748952564786e-07,0.009901021940883003
2026-05-27,2025-05-16,2.547831956706834e-07,4.2465823315437227e-07,0.003405442220996984,2026-05-22,250,47948,245,100.0,3.099854346248296e-07,4.978141976743947e-07,3.099854346248296e-07,4.978141976743947e-07,0.0005567633560363232,0.0007055594926541594,-0.26725202907952994,-1.8782876304956505e-07,0.0361390466158732,0.5877551020408164,0.6408163265306123,1.0,3.572418967598185e-07,5.604401369983532e-07,0.009835726561771407
2026-05-28,2025-05-19,3.2793502786970824e-06,3.317051546765933e-06,0.003377834968634389,2026-05-26,250,47895,202,100.0,3.449755378515482e-06,3.7832588021244547e-06,3.449755378515482e-06,3.7832588021244547e-06,0.001857351711043302,0.001945060102445283,-0.04722228476194945,-3.3350342360897274e-07,0.036139046615873194,0.26732673267326734,0.19801980198019803,1.0,3.5951468856999883e-06,4.181031964953285e-06,0.009837430376036028
2026-05-29,2025-05-20,5.624341604488598e-06,5.174915922812166e-06,0.00335989248344053,2026-05-27,250,47940,194,100.0,4.8706723089247115e-06,4.096440828606739e-06,4.8706723089247115e-06,4.096440828606739e-06,0.002206959969941619,0.002023966607581938,0.08291648459963752,7.742314803179728e-07,0.036235492582095415,0.25257731958762886,0.1958762886597938,1.0,4.162223171094659e-06,3.082674240053637e-06,0.009783458786111851
2026-06-01,2025-05-21,5.028546410251164e-05,4.987046946649758e-05,0.0033647375504710633,2026-05-28,250,48062,111,100.0,3.585370433557191e-05,3.567905093717635e-05,3.585370433557191e-05,3.567905093717635e-05,0.005987796283740113,0.005973194366264699,0.002438612935958595,1.7465339839556516e-07,0.03623549258209542,0.0,0.018018018018018018,1.0,5.7875381544474775e-06,6.113595667757113e-06,0.009759144987309641
2026-06-02,2025-05-22,2.8144293112988078e-05,2.1568430235174904e-05,0.003427899840031339,2026-05-29,250,48062,102,100.0,1.2512875730745376e-05,9.393045094938766e-06,1.2512875730745376e-05,9.393045094938766e-06,0.0035373543405694285,0.003064807513521651,0.13358764250112098,3.1198306358066104e-06,0.0371030879515022,0.058823529411764705,0.029411764705882353,1.0,5.687890676526737e-06,4.077031864694816e-06,0.009732641653703163
2026-06-03,2025-05-23,0.00013657631407508632,0.00013541558395152364,0.003331218274111675,2026-06-01,250,47977,192,100.0,5.491923286005291e-05,5.457867483823328e-05,5.491923286005291e-05,5.457867483823328e-05,0.007410751167058094,0.007387738140881367,0.0031053567523658954,3.4055802181962957e-07,0.037006725629095676,0.052083333333333336,0.052083333333333336,1.0,2.5749500299032927e-06,2.760143355354834e-06,0.009719443895888467
2026-06-04,2025-05-27,0.00010165244340987084,6.490856953218233e-05,0.003384258363952814,2026-06-02,250,47861,140,0.01,4.445736195819513e-05,2.910739783387479e-05,4.445736195819513e-05,2.910739783387479e-05,0.0066676354098132214,0.005395127230554882,0.19084849441310192,1.5349964124320342e-05,0.03710308795150221,0.02857142857142857,0.02142857142857143,1.0,5.17881204559856e-06,4.52105100491661e-06,0.009788128447178617
2026-06-05,2025-05-28,0.0001676122585186747,0.00016731838367412907,0.0033737107605307966,2026-06-03,250,47979,201,0.01,0.00011863978332233954,0.00011776292210646378,0.00011863978332233954,0.00011776292210646378,0.010892189096886794,0.010851862610006808,0.0037023307731145483,8.768612158757639e-07,0.0371030879515022,0.0,0.0,1.0,8.348005754035529e-05,8.218464200660154e-05,0.009751281881942703
2026-06-08,2025-05-29,0.00020106098997909504,0.00012282317535606649,0.003416411791501269,2026-06-04,250,47932,176,0.01,0.00010523980331879819,6.313490908649496e-05,0.00010523980331879819,6.313490908649496e-05,0.010258645296470591,0.007945747862001095,0.22545836878337444,4.2104894232303225e-05,0.0371030879515022,0.005681818181818182,0.0,0.9943181818181818,6.826942421364431e-05,4.01055780061091e-05,0.010009623754321737
2026-06-09,2025-05-30,2.754346259908333e-06,1.868660760914899e-06,0.003482125091198514,2026-06-05,250,47951,131,0.01,2.1650841348534455e-06,1.597993052164369e-06,2.1650841348534455e-06,1.597993052164369e-06,0.0014714224868654976,0.001264117499350582,0.14088746730826962,5.670910826890764e-07,0.03729578474369689,0.6564885496183206,0.549618320610687,1.0,9.164096317609447e-07,1.024435288383485e-06,0.009987010632829198
2026-06-10,2025-06-02,1.5991742608950198e-06,2.3293251412590844e-06,0.0036138358286009293,2026-06-08,250,47959,190,0.01,1.443521595074835e-06,2.109475359357817e-06,1.443521595074835e-06,2.109475359357817e-06,0.0012014664352676837,0.0014524033046498543,-0.20885882619455987,-6.659537642829821e-07,0.03719944098910626,0.4631578947368421,0.5421052631578948,1.0,1.3587351836118073e-06,1.9897197871026554e-06,0.01001641408316939
2026-06-11,2025-06-03,0.0001685456498036097,0.00016619682222777699,0.0036010700322381497,2026-06-09,250,47913,152,0.01,8.383489250460563e-05,8.894900400481383e-05,8.383489250460563e-05,8.894900400481383e-05,0.009156139607094556,0.009431277962440395,-0.030049602469216508,-5.114111500208201e-06,0.03719944098910627,0.0,0.0,1.0,4.707362046918877e-05,5.5426365908056216e-05,0.010176857863611928
2026-06-12,2025-06-04,0.0001172939523238867,7.599266234584272e-05,0.003551736968507931,2026-06-10,250,47999,180,100.0,9.168751713440904e-05,5.381461194338262e-05,9.168751713440904e-05,5.381461194338262e-05,0.009575359895816399,0.007335844323824124,0.23388317476931064,3.787290519102642e-05,0.0371030879515022,0.005555555555555556,0.0,1.0,7.210612551892612e-05,3.685492634150135e-05,0.010006774560832791
2026-06-15,2025-06-05,5.660571646104311e-07,5.917419354394052e-07,0.0036066362106275548,2026-06-11,250,47999,237,100.0,8.01366323621847e-07,1.4195188599962798e-06,8.01366323621847e-07,1.4195188599962798e-06,0.0008951906632789727,0.0011914356298165167,-0.33092946417965896,-6.181525363744328e-07,0.0371030879515022,0.48945147679324896,0.540084388185654,1.0,1.073041443571391e-06,2.3752249456210343e-06,0.009952946410515673
2026-06-16,2025-06-06,9.635526614508233e-06,1.0430625001293512e-05,0.003542271101814991,2026-06-12,250,48037,72,0.01,1.0814600279846314e-05,1.0607668232859517e-05,1.0814600279846314e-05,1.0607668232859517e-05,0.003288555956623867,0.0032569415458155704,0.009613462937925088,2.0693204698679685e-07,0.03719944098910626,0.25,0.2222222222222222,1.0,1.1368043020719293e-05,1.0690770157880298e-05,0.00978047772346091
2026-06-17,2025-06-09,1.0629045015429041e-05,9.997677419824834e-06,0.0035088891859377113,2026-06-15,250,48082,235,0.01,1.1695809977166822e-05,8.467288390519641e-06,1.1695809977166822e-05,8.467288390519641e-06,0.0034199137382639965,0.0029098605448577156,0.14914212241657065,3.2285215866471813e-06,0.037199440989106256,0.14042553191489363,0.08936170212765958,1.0,1.2419686201203172e-05,7.428810120633973e-06,0.009839134780696493
2026-06-18,2025-06-10,5.129062005288641e-06,6.3590633792761345e-06,0.0035478966041561084,2026-06-16,250,47986,240,100.0,2.395471072906449e-06,3.1917008494487804e-06,2.395471072906449e-06,3.1917008494487804e-06,0.0015477309433187829,0.0017865331929322725,-0.15429183647477407,-7.962297765423312e-07,0.03758476032727121,0.3875,0.4125,1.0,1.5889667368465663e-07,6.002224159536722e-07,0.009963558086806303
2026-06-22,2025-06-11,5.427275649351697e-05,5.932075637186781e-05,0.0035233716989362795,2026-06-17,250,48165,227,0.01,3.408475832296207e-05,3.6432577672530226e-05,3.408475832296207e-05,3.6432577672530226e-05,0.005838215337152448,0.006035940496105824,-0.03386739740398381,-2.3478193495681562e-06,0.03758476032727121,0.00881057268722467,0.00881057268722467,1.0,1.818869677134402e-05,1.8410389720295916e-05,0.01007713126389372
2026-06-23,2025-06-12,8.608240706886907e-05,4.518682451435178e-05,0.0035352345038887584,2026-06-18,250,48233,138,100.0,4.636117342551095e-05,2.3276468660556705e-05,4.636117342551095e-05,2.3276468660556705e-05,0.006808903981222745,0.004824569272023846,0.29143232371482963,2.3084704764954245e-05,0.037777364334029936,0.028985507246376812,0.028985507246376812,1.0,8.877755762060332e-06,2.6004990520458667e-06,0.010108944236220257
2026-06-24,2025-06-13,1.2381902426596627e-06,1.914679724019243e-06,0.003567787971457695,2026-06-22,250,48329,227,100.0,2.9285362948860428e-06,4.370780159721655e-06,2.9285362948860428e-06,4.370780159721655e-06,0.0017112966706231982,0.002090641088212335,-0.22167075066592146,-1.4422438648356126e-06,0.03777736433402994,0.34801762114537443,0.3920704845814978,1.0,4.462631871696541e-06,6.599846101367542e-06,0.010257909157828732
2026-06-25,2025-06-16,1.3602139188094553e-05,1.2316204648189217e-05,0.003582639552340659,2026-06-23,250,48373,186,0.01,8.976961707163033e-06,6.3216781543511105e-06,8.976961707163033e-06,6.3216781543511105e-06,0.002996157824141284,0.0025142947628213983,0.1608269956399878,2.655283552811922e-06,0.03777736433402994,0.27956989247311825,0.15591397849462366,1.0,6.121417349370526e-06,2.620709623372803e-06,0.010262665702907642
2026-06-26,2025-06-17,4.689338903023251e-06,6.484345777519986e-06,0.003816100308922408,2026-06-24,250,48468,176,1.0,3.3026143069053494e-06,4.795777543749545e-06,3.3026143069053494e-06,4.795777543749545e-06,0.0018173096342960792,0.0021899263786140264,-0.20503756612850266,-1.4931632368441954e-06,0.037681066967688484,0.42045454545454547,0.48295454545454547,1.0,2.40837134305362e-06,3.7068877481405677e-06,0.0102478510145717
2026-06-29,2025-06-18,1.1892884603205485e-05,1.075395182006311e-05,0.0037000493339911203,2026-06-25,250,48553,149,0.01,2.4631696687800757e-05,2.2324723144528022e-05,2.4631696687800757e-05,2.2324723144528022e-05,0.004963033012967046,0.00472490456459472,0.047980428046753176,2.3069735432727357e-06,0.03758476032727121,0.2080536912751678,0.1610738255033557,1.0,3.448911080088044e-05,3.127829619322111e-05,0.010322496879243886
2026-06-30,2025-06-20,2.0450869651247368e-06,1.9523794932196854e-06,0.0037268403492581813,2026-06-26,250,48549,161,0.01,1.923678552602707e-05,1.0412028735623303e-05,1.923678552602707e-05,1.0412028735623303e-05,0.004385976006093407,0.003226767536656972,0.26429886251679313,8.824756790403769e-06,0.03796993125162867,0.43478260869565216,0.40372670807453415,1.0,3.944864734762846e-05,2.0357832574665394e-05,0.010155191632928473
2026-07-01,2025-06-23,1.0002593131374297e-05,1.1289050715230694e-05,0.0036286978158695045,2026-06-29,250,48525,229,100.0,4.435125962638381e-06,5.128019646383878e-06,4.435125962638381e-06,5.128019646383878e-06,0.0021059738751082312,0.002264513114641617,-0.07528072470758351,-6.928936837454972e-07,0.037969931251628675,0.3799126637554585,0.38427947598253276,1.0,6.27960913429259e-07,9.149616360695109e-07,0.010076726435180846
2026-07-02,2025-06-24,3.120222677934363e-05,1.5566000426607544e-05,0.003566818397988995,2026-06-30,250,48505,154,0.01,1.4418047184273829e-05,7.630966997724868e-06,1.4418047184273829e-05,7.630966997724868e-06,0.003797110372938062,0.0027624204961817214,0.2724940218042007,6.787080186548961e-06,0.03777736433402994,0.3961038961038961,0.35064935064935066,1.0,1.4922996800246669e-06,1.5200791846772883e-06,0.010090373578631196
2026-07-06,2025-06-25,7.444613871496571e-06,9.207969096972134e-06,0.0034021320027217065,2026-07-01,250,48658,199,0.01,4.078169210154073e-06,5.117411485048723e-06,4.078169210154073e-06,5.117411485048723e-06,0.0020194477488051214,0.002262169641085461,-0.12019221216491216,-1.0392422748946506e-06,0.03748844441099159,0.32160804020100503,0.23618090452261306,1.0,1.1245904035045227e-06,1.528526033078186e-06,0.010103650742501141
2026-07-07,2025-06-26,2.5370188414215012e-05,2.276975304270289e-05,0.0033582805603530994,2026-07-02,250,48639,79,0.01,1.4081829633627576e-05,1.2758356313822184e-05,1.4081829633627576e-05,1.2758356313822184e-05,0.003752576399439134,0.0035718841405933347,0.048151520345543375,1.3234733198053915e-06,0.03796993125162866,0.12658227848101267,0.05063291139240506,1.0,3.619448324790445e-06,3.479500809005922e-06,0.0100162349590033
2026-07-08,2025-06-27,8.419391409703835e-05,7.756972541145717e-05,0.0033799008562415507,2026-07-06,250,48662,197,0.01,2.9695973557980773e-05,2.710440838517939e-05,2.9695973557980773e-05,2.710440838517939e-05,0.005449401210957106,0.0052061894303971875,0.04463091836051514,2.591565172801384e-06,0.03787365242808151,0.15228426395939088,0.03553299492385787,1.0,3.471400667005698e-06,2.8203460567449707e-06,0.01006405825788073
2026-07-09,2025-06-30,4.985860572083302e-06,1.7685212519755602e-05,0.003350457895912441,2026-07-07,250,48542,172,100.0,4.318405544303323e-06,1.0163837069735229e-05,4.318405544303323e-06,1.0163837069735229e-05,0.002078077367256408,0.0031880773312037507,-0.5341475642039382,-5.845431525431905e-06,0.03796993125162867,0.08139534883720931,0.1569767441860465,1.0,3.942203619554607e-06,5.9245163615419284e-06,0.010095246847330295
2026-07-10,2025-07-01,3.0500239497884547e-05,1.0024792303312121e-05,0.0033204730883562078,2026-07-08,250,48617,214,1.0,1.6510199620694208e-05,5.690679656904601e-06,1.6510199620694208e-05,5.690679656904601e-06,0.00406327449487408,0.00238551454761957,0.4129083450726858,1.0819519963789608e-05,0.03758476032727121,0.29439252336448596,0.03271028037383177,1.0,2.779234556044423e-06,1.436828355800924e-06,0.0100105053810645
2026-07-13,2025-07-02,6.69557399453444e-05,5.944223741684064e-05,0.0033299505264493203,2026-07-09,250,48679,190,100.0,3.924365028752754e-05,3.5235433467072475e-05,3.924365028752754e-05,3.5235433467072475e-05,0.0062644752603492285,0.005935944193392697,0.05244350936078512,4.008216820455063e-06,0.03777736433402994,0.015789473684210527,0.031578947368421054,1.0,1.4824086133609718e-05,1.3904685432128249e-05,0.009967543545930196
2026-07-14,2025-07-03,3.643783465153348e-05,2.0017736256622016e-05,0.0033090668431502313,2026-07-10,250,48713,66,100.0,1.9983113977380026e-05,1.0710279706490268e-05,1.9983113977380026e-05,1.0710279706490268e-05,0.00447024764161674,0.003272656368531574,0.2679026687326962,9.272834270889758e-06,0.03816246109434891,0.09090909090909091,0.10606060606060606,1.0,6.2708467489188155e-06,2.9540659147138083e-06,0.010044445186005845
2026-07-15,2025-07-07,3.002585763946718e-05,3.529105094418435e-05,0.0033348154735437976,2026-07-13,250,48767,185,0.01,1.8469882607819955e-05,2.1700279468347528e-05,1.8469882607819955e-05,2.1700279468347528e-05,0.004297660131725164,0.004658355876094862,-0.08392840134264135,-3.2303968605275724e-06,0.037681066967688484,0.08648648648648649,0.03783783783783784,1.0,2.6174553208167126e-06,3.0565288540585555e-06,0.010008907598792277
2026-07-16,2025-07-08,5.657410958197137e-05,3.5009950374288974e-05,0.0032061068702290063,2026-07-14,250,48676,219,0.01,2.503894573812469e-05,1.5803949195358493e-05,2.503894573812469e-05,1.5803949195358493e-05,0.005003893058222237,0.003975418115790903,0.20553495657573595,9.234996542766198e-06,0.03758476032727121,0.3607305936073059,0.319634703196347,1.0,8.789411803389357e-07,1.089674098597236e-06,0.009969392297399347
2026-07-17,2025-07-09,1.2854924376846711e-06,5.66655652929903e-06,0.0031506931524935486,2026-07-15,250,48796,234,0.01,9.489380897427533e-07,3.052644753447615e-06,9.489380897427533e-07,3.052644753447615e-06,0.0009741345336978631,0.001747181946291689,-0.7935735628417766,-2.1037066637048614e-06,0.03768106696768849,0.4017094017094017,0.5085470085470085,1.0,6.74998504208634e-07,9.25042145196462e-07,0.010023706575021314
2026-07-20,2025-07-10,5.119008497291164e-07,1.926937434078872e-06,0.0031461616827470488,2026-07-16,250,48849,276,0.01,4.2434281166282534e-07,1.3594676974703664e-06,4.2434281166282534e-07,1.3594676974703664e-06,0.0006514160050711261,0.001165962133806397,-0.7898886805507477,-9.35124885807541e-07,0.037777364334029936,0.4601449275362319,0.5942028985507246,1.0,3.121816885200558e-07,6.325436547074041e-07,0.010123904532551225
2026-07-21,2025-07-11,7.776594985022671e-07,1.5441956523290732e-06,0.0032150402645518853,2026-07-17,250,48944,166,0.01,5.387598501138679e-07,9.942749655801656e-07,5.387598501138679e-07,9.942749655801656e-07,0.0007340026226886849,0.000997133374017822,-0.358487481100922,-4.555151154662977e-07,0.037873652428081515,0.4819277108433735,0.5120481927710844,1.0,3.165276190548917e-07,4.82720838371879e-07,0.010140275438289154
2026-07-22,2025-07-14,4.648842128035579e-07,1.6564198796644708e-06,0.003203759077317385,2026-07-20,250,49029,263,100.0,3.093456677314984e-07,1.1400121948742075e-06,3.093456677314984e-07,1.1400121948742075e-06,0.0005561885181586351,0.0010677135359609372,-0.9196971909736651,-8.306665271427091e-07,0.03796993125162867,0.5551330798479087,0.7186311787072244,1.0,1.5498544497059076e-07,6.275166895141736e-07,0.010056391992302348
2026-07-23,2025-07-16,8.320121861159513e-06,9.498455227100454e-06,0.003221946055417473,2026-07-21,250,49030,208,100.0,4.655212190804269e-06,5.6800414933733724e-06,4.655212190804269e-06,5.6800414933733724e-06,0.002157594074612801,0.002383283762663056,-0.10460247861533323,-1.0248293025691033e-06,0.03816246109434891,0.15384615384615385,0.23557692307692307,1.0,2.0201118493091777e-06,2.934570461685307e-06,0.010068097831176997
2026-07-24,2025-07-17,1.2933629668146464e-05,6.210213975763606e-06,0.0032643163588882665,2026-07-22,250,49107,228,100.0,9.637962401196802e-06,4.974150995387257e-06,9.637962401196802e-06,4.974150995387257e-06,0.003104506788718105,0.002230280474601178,0.2815990988629493,4.663811405809546e-06,0.03873982831593057,0.34210526315789475,0.18859649122807018,1.0,4.676353438865995e-06,3.113264969985501e-06,0.010193986561543257
2026-07-27,2025-07-18,6.978032043395202e-07,2.951909731272654e-06,0.0031529637859588,2026-07-23,250,49101,285,100.0,4.291083932391725e-07,1.4542173147802225e-06,4.291083932391725e-07,1.4542173147802225e-06,0.0006550636558680176,0.001205909331077682,-0.8409040408137816,-1.02510892154105e-06,0.03883602378519813,0.4421052631578947,0.4982456140350877,1.0,2.5515568316264676e-07,4.846129757793421e-07,0.010183639857631982
2026-07-28,2025-07-21,1.1622662729868893e-05,1.4736333804497106e-05,0.0031165593185123615,2026-07-24,250,49141,184,0.01,8.958235774184066e-06,1.0877948731718474e-05,8.958235774184066e-06,1.0877948731718474e-05,0.0029930312016723222,0.003298173544815141,-0.10195093955997647,-1.9197129575344082e-06,0.03883602378519813,0.19021739130434784,0.07065217391304347,1.0,5.715981285941086e-06,6.1828054503854385e-06,0.010181435278518176
2026-07-29,2025-07-22,1.4589684613941208e-05,1.0557849171105141e-05,0.0030875088214537753,2026-07-27,250,49200,197,100.0,6.63183893692236e-06,5.285054044422716e-06,6.63183893692236e-06,5.285054044422716e-06,0.002575235705119506,0.002298924540828323,0.10729548512467546,1.3467848924996438e-06,0.03825871211709033,0.49238578680203043,0.40609137055837563,1.0,1.0750673865902345e-06,1.6031884818255069e-06,0.010157110655184516
2026-07-30,2025-07-23,7.599508911464488e-06,6.6856741745453595e-06,0.0031047635944291664,2026-07-28,250,49309,152,100.0,4.818966909526373e-06,5.512322811159735e-06,4.818966909526373e-06,5.512322811159735e-06,0.0021952145474933363,0.0023478336421390114,-0.06952354375564207,-6.933559016333621e-07,0.03758476032727121,0.3684210526315789,0.3881578947368421,1.0,1.8881253399159273e-06,4.2755470497532646e-06,0.010315845968250487
2026-07-31,2025-07-24,0.0001748298350938167,0.00016774737047204038,0.0031490867648381955,2026-07-29,250,49328,176,100.0,7.772424954616512e-05,7.853106854936311e-05,7.772424954616512e-05,7.853106854936311e-05,0.00881613574907766,0.008861775699562877,-0.005176865668157671,-8.068190031979889e-07,0.03748844441099159,0.022727272727272728,0.0625,1.0,3.92400452994993e-06,1.0726679088128362e-05,0.010145744178834822
2026-08-03,2025-07-25,8.820319071711262e-05,5.174149446450104e-05,0.003399048266485385,2026-07-30,250,49292,212,100.0,6.571004147035424e-05,3.74030755421199e-05,6.571004147035424e-05,3.74030755421199e-05,0.00810617304715081,0.006115805387855299,0.24553727729697228,2.830696592823434e-05,0.03758476032727121,0.009433962264150943,0.0,1.0,3.853081946385457e-05,2.0077486010909348e-05,0.010073219281688821
2026-08-04,2025-07-28,1.065650131178448e-06,1.279306784669073e-06,0.003460549733043306,2026-07-31,250,49285,123,100.0,2.50725742899887e-06,1.5878925125512378e-06,2.50725742899887e-06,1.5878925125512378e-06,0.0015834321674763558,0.0012601160710629946,0.20418689417473201,9.19364916447632e-07,0.038354953876463996,0.43902439024390244,0.3821138211382114,1.0,3.2020079339725665e-06,1.736608525988426e-06,0.009931760528990193
2026-08-05,2025-07-29,9.03104190631366e-07,4.4101572328349426e-07,0.0033938845432801086,2026-08-03,250,49298,165,0.01,7.427739411023338e-07,7.199733780788268e-07,7.427739411023338e-07,7.199733780788268e-07,0.0008618433390717444,0.0008485124501613555,0.015467879492747527,2.2800563023507014e-08,0.03816246109434891,0.5696969696969697,0.5575757575757576,1.0,6.024849727644306e-07,9.640613260247428e-07,0.009755872324426639
2026-08-06,2025-07-30,7.927043467359365e-07,7.150368353590418e-07,0.0033762057877813507,2026-08-04,250,49346,208,0.01,4.757079444398953e-07,8.81874821030399e-07,4.757079444398953e-07,8.81874821030399e-07,0.000689715843257131,0.0009390819032599867,-0.36154898055588114,-4.0616687659050366e-07,0.03816246109434891,0.5096153846153846,0.4567307692307692,1.0,3.04295075050184e-07,9.720909169860216e-07,0.009775389391912076
2026-08-07,2025-07-31,2.8940514788271958e-06,3.037279501269251e-06,0.0033609679587721254,2026-08-05,250,49339,263,100.0,2.074713084112445e-06,2.3439913667024077e-06,2.074713084112445e-06,2.3439913667024077e-06,0.0014403864356874669,0.0015310099172449563,-0.06291608926061332,-2.692782825899626e-07,0.03825871211709034,0.3231939163498099,0.39543726235741444,1.0,1.5038192348918446e-06,1.86092608584293e-06,0.009791033881544708
2026-08-10,2025-08-01,6.146595204420034e-06,4.473917667785691e-06,0.0033510994797816994,2026-08-06,250,49425,252,100.0,2.6163695182154647e-06,2.0402556810795832e-06,2.6163695182154647e-06,2.0402556810795832e-06,0.0016175195572899466,0.0014283751891851046,0.11693482607514283,5.761138371358814e-07,0.03796993125162867,0.5238095238095238,0.48412698412698413,1.0,5.161086669292025e-07,5.923808282291144e-07,0.009731522385743476
2026-08-11,2025-08-04,1.6138462724165957e-05,1.5766909513481104e-05,0.0042820995263738405,2026-08-07,250,49516,81,0.01,1.1021391178559937e-05,1.0645053019500147e-05,1.1021391178559937e-05,1.0645053019500147e-05,0.0033198480655837154,0.003262675745381411,0.017221366482098932,3.7633815905978966e-07,0.03816246109434891,0.09876543209876543,0.07407407407407407,1.0,6.029126256017476e-06,5.6481198546406775e-06,0.009734417810434265
2026-08-12,2025-08-05,4.1481428535663055e-06,2.251477858859875e-06,0.003476435669541831,2026-08-10,250,49585,222,0.01,5.057809399256204e-06,3.2367539744213563e-06,5.057809399256204e-06,3.2367539744213563e-06,0.002248957402721582,0.0017990981002772907,0.20003015704072158,1.8210554248348474e-06,0.03816246109434892,0.33783783783783783,0.2702702702702703,1.0,5.935275359257962e-06,4.187153059343493e-06,0.009765621106727575
2026-08-13,2025-08-06,4.840971948259977e-06,4.299670023459492e-06,0.0035070306038047982,2026-08-11,250,49597,208,0.01,1.982916508771857e-06,2.007813803837964e-06,1.982916508771857e-06,2.007813803837964e-06,0.0014081606828667873,0.0014169734661728722,-0.006258364839546227,-2.489729506610711e-08,0.03796993125162867,0.5673076923076923,0.5528846153846154,1.0,1.9663185909178169e-07,5.754036665745092e-07,0.009741222540097603
2026-08-14,2025-08-07,2.67863357098701e-06,3.134488316534003e-06,0.003472449714997051,2026-08-12,250,49649,178,0.01,1.1590509081254842e-06,1.5550520796103851e-06,1.1590509081254842e-06,1.5550520796103851e-06,0.0010765922664247056,0.001247017273180442,-0.15830041889647517,-3.9600117148490096e-07,0.03796993125162867,0.4550561797752809,0.5112359550561798,1.0,3.8638175751792917e-07,7.519489082932915e-07,0.009673724739034302
2026-08-17,2025-08-08,2.9829847022889135e-06,3.0696656558625993e-06,0.003464844899159938,2026-08-13,250,49687,152,0.01,2.277716045517519e-06,2.5031523194303503e-06,2.277716045517519e-06,2.5031523194303503e-06,0.0015092104046545395,0.0015821353669741253,-0.048319944054638686,-2.254362739128315e-07,0.037873652428081515,0.46710526315789475,0.5197368421052632,1.0,4.899420085853812e-07,1.067106885218369e-06,0.009692914187082976
2026-08-18,2025-08-11,6.389516411217919e-07,1.6671464485542575e-06,0.003468699892012174,2026-08-14,250,49707,157,100.0,3.745780190957285e-07,8.755082359685644e-07,3.745780190957285e-07,8.755082359685644e-07,0.0006120277927477874,0.0009356859708088844,-0.5288292164118671,-5.00930216872836e-07,0.03796993125162867,0.4140127388535032,0.5095541401273885,1.0,2.8113561820720615e-07,5.957050746236211e-07,0.00973895324006367
2026-08-19,2025-08-12,1.7690305467530985e-06,1.5482920393484917e-06,0.003419023965422701,2026-08-17,250,49664,264,100.0,1.2443989321850757e-06,1.5000934819108897e-06,1.2443989321850757e-06,1.5000934819108897e-06,0.0011155263027759926,0.0012247830346273129,-0.09794186975191388,-2.5569454972581403e-07,0.03787365242808151,0.48863636363636365,0.5,1.0,7.276565148286023e-07,1.4526197148106948e-06,0.009805195126718354
2026-08-20,2025-08-13,0.00010245045616100155,0.00010164181802233636,0.0033456427737272353,2026-08-18,250,49786,198,100.0,5.186699471226018e-05,5.173995993488712e-05,5.186699471226018e-05,5.173995993488712e-05,0.007201874388814358,0.007193049418354299,0.0012253713385733667,1.2703477737305963e-07,0.03787365242808151,0.005050505050505051,0.005050505050505051,1.0,7.9643677944847e-06,8.428913292950037e-06,0.009784668296361793
2026-08-21,2025-08-14,0.0001238361291413579,7.911117223768953e-05,0.003405075489881144,2026-08-19,250,49883,174,100.0,7.951282788932885e-05,5.140284955615576e-05,7.951282788932885e-05,5.140284955615576e-05,0.008916996573360834,0.007169578059841162,0.1959649192576809,2.810997833317309e-05,0.03796993125162867,0.017241379310344827,0.0,1.0,1.2064325984067209e-05,9.238010692952199e-06,0.00986755441909258
2026-08-24,2025-08-15,2.7299877076690085e-05,2.0027865583143444e-05,0.0034265395183449157,2026-08-20,250,49933,278,100.0,1.2790703108698697e-05,9.541993072228168e-06,1.2790703108698697e-05,9.541993072228168e-06,0.0035764092479327217,0.0030890116659262018,0.13628126654919348,3.248710036470529e-06,0.03806620080645634,0.2302158273381295,0.25539568345323743,1.0,2.2906927063903694e-07,4.636202272075627e-07,0.009827348116805098
2026-08-25,2025-08-18,3.895246407149876e-06,2.2799011022155326e-06,0.003415608687246247,2026-08-21,250,49907,161,0.01,1.9341879882826635e-06,1.4220944230940885e-06,1.9341879882826635e-06,1.4220944230940885e-06,0.0013907508721128538,0.001192516005382774,0.14253801360477858,5.120935651885749e-07,0.03796993125162867,0.4720496894409938,0.5527950310559007,1.0,2.2396262299149093e-07,6.740072029300383e-07,0.009856310005632179
2026-08-26,2025-08-19,4.763101111319282e-06,5.181681240476427e-06,0.0034204582123265586,2026-08-24,250,49992,250,0.01,2.4171643439955367e-06,2.68061781687881e-06,2.4171643439955367e-06,2.68061781687881e-06,0.001554723237105414,0.0016372592393627864,-0.05308726356405291,-2.6345347288327313e-07,0.037873652428081515,0.508,0.472,1.0,4.1877376442345716e-07,5.500823078882464e-07,0.00982491023749527
2026-08-27,2025-08-20,1.5278794007311477e-05,2.0591445805035526e-05,0.0033817195724996016,2026-08-25,250,50070,224,0.01,9.706964137795036e-06,1.312943393075959e-05,9.706964137795036e-06,1.312943393075959e-05,0.0031156001248226696,0.0036234560754560816,-0.1630042143685937,-3.422469792964554e-06,0.03777736433402994,0.08035714285714286,0.022321428571428572,1.0,3.932522273023447e-06,5.396076170146346e-06,0.009822730002088553
2026-08-28,2025-08-21,4.383927935777821e-05,2.2278294849355905e-05,0.003369572127916588,2026-08-26,250,50110,125,100.0,2.3667879149604206e-05,1.2462292474717437e-05,2.3667879149604206e-05,1.2462292474717437e-05,0.004864964455122381,0.003530197228869435,0.27436320214992593,1.1205586674886769e-05,0.03768106696768848,0.176,0.216,1.0,1.8155289240823595e-06,1.8282899021924308e-06,0.00975878225911036
2026-08-31,2025-08-22,7.442806367685603e-07,8.376734370198753e-07,0.0033156083828589306,2026-08-27,250,50120,187,100.0,4.5436427745444726e-07,7.167438351984805e-07,4.5436427745444726e-07,7.167438351984805e-07,0.0006740654845446748,0.0008466072496727632,-0.2559718144367513,-2.6237955774403324e-07,0.03825871211709033,0.6898395721925134,0.7700534759358288,1.0,9.887159877166579e-08,5.684611091555796e-07,0.009780980048092549
2026-09-01,2025-08-25,1.3333057454996692e-06,1.4268267420155006e-06,0.0033454315922360747,2026-08-28,250,50003,161,0.01,8.172505164480317e-07,9.636438908073322e-07,8.172505164480317e-07,9.636438908073322e-07,0.0009040190907541896,0.000981653651145521,-0.08587712492505428,-1.4639337435930056e-07,0.03835495387646399,0.4658385093167702,0.5031055900621118,1.0,5.420210609538251e-07,7.166130368296424e-07,0.009810308324098821
2026-09-02,2025-08-27,4.4265507471032166e-07,8.311166562239984e-07,0.003260234367791345,2026-08-31,250,49951,191,0.01,2.263662490075169e-06,3.436683284489651e-06,2.263662490075169e-06,3.436683284489651e-06,0.0015045472708011432,0.0018538293568960578,-0.2321509552231804,-1.1730207944144823e-06,0.038451186374252724,0.2774869109947644,0.36649214659685864,1.0,3.6932384049410303e-06,5.482174843128109e-06,0.009878176113838639
2026-09-03,2025-08-28,1.0151769020206888e-05,1.0305595188844862e-05,0.0032619399310684395,2026-09-01,250,50031,139,100.0,5.013673490356175e-06,5.943494567816875e-06,5.013673490356175e-06,5.943494567816875e-06,0.0022391233754208754,0.0024379283352504184,-0.08878696100976335,-9.298210774607005e-07,0.03845118637425273,0.14388489208633093,0.17266187050359713,1.0,3.682720524089528e-07,1.9996775679833525e-06,0.009834540488263892
2026-09-04,2025-08-29,8.12620819707018e-05,7.39985605534922e-05,0.003229639560037781,2026-09-02,250,50022,211,100.0,3.980338942291205e-05,3.466336245411856e-05,3.980338942291205e-05,3.466336245411856e-05,0.00630899274234105,0.005887559974566591,0.06679874030384125,5.1400269687934856e-06,0.03816246109434891,0.0,0.0,1.0,1.2381891989728262e-05,8.64638103406041e-06,0.009732655172859789
