session,prior_session,gap_days,predicted_at_utc,symbol,contractSymbol,option_type,expiration,strike,spot,r,q,T,days_to_expiry,rv_sigma,b1_sigma,m_rv_sigma,m_rv_supported,m_b1_sigma,m_b1_supported,rv_price,b1_price,m_rv_price,m_b1_price,prior_observation_id
2026-09-16,2026-09-04,12,2026-09-17T18:41:25.797939+00:00,AAPL,AAPL260918C00240000,call,2026-09-18,240.0,332.41,0.04027784649857017,0.003199130802197139,0.005479452054794521,2.0,0.32433623215717694,1.3305195756618307,0.32433623215717694,False,1.3305195756618307,False,92.45713535763124,92.46054842642619,92.45713535763124,92.46054842642619,8d73f5272bba24f0c2569e61a60514ed69022b2fe41f4f72af724297fbf2c3bd
2026-09-16,2026-09-04,12,2026-09-17T18:41:25.797939+00:00,AAPL,AAPL260918C00255000,call,2026-09-18,255.0,332.41,0.04027784649857017,0.003199130802197139,0.005479452054794521,2.0,0.32433623215717694,1.1271297911081462,0.32433623215717694,False,1.1271297911081462,False,77.46044550027409,77.465289125482,77.46044550027409,77.465289125482,ce5d88d5928ff5898d4aea58c7cb32e807c200838cecf585dc0f6d1240d0ebea
2026-09-16,2026-09-04,12,2026-09-17T18:41:25.797939+00:00,AAPL,AAPL260918C00265000,call,2026-09-18,265.0,332.41,0.04027784649857017,0.003199130802197139,0.005479452054794521,2.0,0.32433623215717694,0.9485617400723335,0.32433623215717694,False,0.9485617400723335,False,67.46265226203599,67.46609415636715,67.46265226203599,67.46609415636715,9c9c81fe4a2a0b602f3fccb5dc65b16644cb51da7577f9b38621de02267fe6e4
2026-09-16,2026-09-04,12,2026-09-17T18:41:25.797939+00:00,AAPL,AAPL260918C00270000,call,2026-09-18,270.0,332.41,0.04027784649857017,0.003199130802197139,0.005479452054794521,2.0,0.32433623215717694,0.9141997828378393,0.32433623215717694,False,0.9141997828378393,False,62.46375564291691,62.469663264362,62.46375564291691,62.469663264362,07042bf9296a488200ef4933c81d447e61e4d4756e03c4aab359b1e5fdd25679
2026-09-16,2026-09-04,12,2026-09-17T18:41:25.797939+00:00,AAPL,AAPL260918C00280000,call,2026-09-18,280.0,332.41,0.04027784649857017,0.003199130802197139,0.005479452054794521,2.0,0.32433623215717694,0.7529655317837038,0.32433623215717694,False,0.7529655317837038,False,52.4659624046792,52.47080952054654,52.4659624046792,52.47080952054654,f98d1c3a7cb6b0f713f58ea76fb02cf94372983ef83d330152fa6f4138191406
2026-09-16,2026-09-04,12,2026-09-17T18:41:25.797939+00:00,AAPL,AAPL260918C00287500,call,2026-09-18,287.5,332.41,0.04027784649857017,0.003199130802197139,0.005479452054794521,2.0,0.32433623215717694,0.6840252362525798,0.32433623215717694,False,0.6840252362525798,False,44.96761747682382,44.97699265072822,44.96761747682382,44.97699265072822,d32a84b31648eb6f68c070216f993bfe2cd274c943ae90b445a6510dc4dcfcb7
2026-09-16,2026-09-04,12,2026-09-17T18:41:25.797939+00:00,AAPL,AAPL260918C00295000,call,2026-09-18,295.0,332.41,0.04027784649857017,0.003199130802197139,0.005479452054794521,2.0,0.32433623215717694,0.5846031272312935,0.32433623215717694,False,0.5846031272312935,False,37.46927299112434,37.48091259916339,37.46927299112434,37.48091259916339,39e2643275cbe845aa16b6c6d5736b1c7c77295342fcaf5419d4b591a29b3903
2026-09-16,2026-09-04,12,2026-09-17T18:41:25.797939+00:00,AAPL,AAPL260918C00300000,call,2026-09-18,300.0,332.41,0.04027784649857017,0.003199130802197139,0.005479452054794521,2.0,0.32433623215717694,0.5252357334714431,0.32433623215717694,False,0.5252357334714431,False,32.470390931400175,32.48599258921996,32.470390931400175,32.48599258921996,2fc6a14e6ae09d67ec42f67246b54b71f3daa4042e39122b489232f8da8ac400
2026-09-16,2026-09-04,12,2026-09-17T18:41:25.797939+00:00,AAPL,AAPL260918C00307500,call,2026-09-18,307.5,332.41,0.04027784649857017,0.003199130802197139,0.005479452054794521,2.0,0.32433623215717694,0.4370121936738224,0.32433623215717694,False,0.4370121936738224,False,24.973197876598192,24.998979884577295,24.973197876598192,24.998979884577295,4e1de6b2a456298024bea4bf139a89808027fca33f89b3d73a54e4cfa5312d76
2026-09-16,2026-09-04,12,2026-09-17T18:41:25.797939+00:00,AAPL,AAPL260918C00310000,call,2026-09-18,310.0,332.41,0.04027784649857017,0.003199130802197139,0.005479452054794521,2.0,0.32433623215717694,0.4283072255467632,0.32433623215717694,False,0.4283072255467632,False,22.476537227656536,22.521206575441852,22.476537227656536,22.521206575441852,0a8982af6e0bf4ee2d785a6966afee168ad37e9b710c619d2080d3edb219d13e
2026-09-16,2026-09-04,12,2026-09-17T18:41:25.797939+00:00,AAPL,AAPL260918C00312500,call,2026-09-18,312.5,332.41,0.04027784649857017,0.003199130802197139,0.005479452054794521,2.0,0.32433623215717694,0.4079510474800376,0.32433623215717694,False,0.4079510474800376,False,19.98516098153425,20.04491864283449,19.98516098153425,20.04491864283449,27b3031943701780888d8c5fc72adebafe9017ed065551578d4065a5d63220f1
2026-09-16,2026-09-04,12,2026-09-17T18:41:25.797939+00:00,AAPL,AAPL260918C00317500,call,2026-09-18,317.5,332.41,0.04027784649857017,0.003199130802197139,0.005479452054794521,2.0,0.32433623215717694,0.3690027716001724,0.32433623215717694,False,0.3690027716001724,False,15.056079855477492,15.1414851008891,15.056079855477492,15.1414851008891,173dd269469763b1e209c652d11e52437d220558e1e3aba26b48902aa8770708
2026-09-16,2026-09-04,12,2026-09-17T18:41:25.797939+00:00,AAPL,AAPL260918C00320000,call,2026-09-18,320.0,332.41,0.04027784649857017,0.003199130802197139,0.005479452054794521,2.0,0.32433623215717694,0.35531393366300884,0.32433623215717694,False,0.35531393366300884,False,12.659666860615403,12.753488954504178,12.659666860615403,12.753488954504178,b760e52fb134060a8cb275213916b2b1083ef496caeb0272bfb36fc71f8a9723
2026-09-16,2026-09-04,12,2026-09-17T18:41:25.797939+00:00,AAPL,AAPL260918C00322500,call,2026-09-18,322.5,332.41,0.04027784649857017,0.003199130802197139,0.005479452054794521,2.0,0.32433623215717694,0.3423155383623307,0.32433623215717694,False,0.3423155383623307,False,10.357324571766696,10.438386814047192,10.357324571766696,10.438386814047192,a98dd8e17cf82b69964474fa5fedcfd38bd5dcbef79d4000df22cb0084f9b0ce
2026-09-16,2026-09-04,12,2026-09-17T18:41:25.797939+00:00,AAPL,AAPL260918C00327500,call,2026-09-18,327.5,332.41,0.04027784649857017,0.003199130802197139,0.005479452054794521,2.0,0.32433623215717694,0.3218740840688556,0.32433623215717694,False,0.3218740840688556,False,6.2519719871974075,6.232312204832169,6.2519719871974075,6.232312204832169,15fab4a527ac19f393d3365748e10e40793c3a9fcd5f1caef2650bc6b6d2a8d8
2026-09-16,2026-09-04,12,2026-09-17T18:41:25.797939+00:00,AAPL,AAPL260918C00330000,call,2026-09-18,330.0,332.41,0.04027784649857017,0.003199130802197139,0.005479452054794521,2.0,0.32433623215717694,0.3152250185758837,0.32433623215717694,False,0.3152250185758837,False,4.563007235888733,4.478249064547015,4.563007235888733,4.478249064547015,812d82d415eec9fd4d0708118a252685f5e744e44ada318deed75415ca6684bd
2026-09-16,2026-09-04,12,2026-09-17T18:41:25.797939+00:00,AAPL,AAPL260918C00332500,call,2026-09-18,332.5,332.41,0.04027784649857017,0.003199130802197139,0.005479452054794521,2.0,0.32433623215717694,0.30622993462221404,0.32433623215717694,False,0.30622993462221404,False,3.172579396311404,2.9948505093726245,3.172579396311404,2.9948505093726245,d5a49d267c7f44539f227cdd79a7f7e20e844d4f8adc3539eede7bf045645d04
2026-09-16,2026-09-04,12,2026-09-17T18:41:25.797939+00:00,AAPL,AAPL260918C00340000,call,2026-09-18,340.0,332.41,0.04027784649857017,0.003199130802197139,0.005479452054794521,2.0,0.32433623215717694,0.2930882872070038,0.32433623215717694,False,0.2930882872070038,False,0.7641809752808845,0.5722757874482134,0.7641809752808845,0.5722757874482134,1a7e201114cfb09ea0f9681eba76584edfcf6462fac57fedd06f789314c97698
2026-09-16,2026-09-04,12,2026-09-17T18:41:25.797939+00:00,AAPL,AAPL260918C00345000,call,2026-09-18,345.0,332.41,0.04027784649857017,0.003199130802197139,0.005479452054794521,2.0,0.32433623215717694,0.2901235718540286,0.32433623215717694,False,0.2901235718540286,False,0.21735590389995185,0.1261505845648599,0.21735590389995185,0.1261505845648599,69ebf792ba5498ccf655a87d69b985f7aabffab54bc00a164da5f11fd8edaf87
2026-09-16,2026-09-04,12,2026-09-17T18:41:25.797939+00:00,AAPL,AAPL260918C00350000,call,2026-09-18,350.0,332.41,0.04027784649857017,0.003199130802197139,0.005479452054794521,2.0,0.32433623215717694,0.29009022319988886,0.32433623215717694,False,0.29009022319988886,False,0.047484807948426,0.020418262540192765,0.047484807948426,0.020418262540192765,051fb3eba981b1667b59181d83eefdf5d8f3bad5b5626874873b489b89f29018
2026-09-16,2026-09-04,12,2026-09-17T18:41:25.797939+00:00,AAPL,AAPL260918C00360000,call,2026-09-18,360.0,332.41,0.04027784649857017,0.003199130802197139,0.005479452054794521,2.0,0.32433623215717694,0.3008691883102567,0.32433623215717694,False,0.3008691883102567,False,0.00100713577768022,0.0003388192595313665,0.00100713577768022,0.0003388192595313665,33f9633b52e4ecbc61704c0f13a1df5378349b850c01b0606234bba33daedad5
2026-09-16,2026-09-04,12,2026-09-17T18:41:25.797939+00:00,AAPL,AAPL260918P00270000,put,2026-09-18,270.0,332.41,0.04027784649857017,0.003199130802197139,0.005479452054794521,2.0,0.32433623215717694,0.396431989110168,0.32433623215717694,False,0.396431989110168,False,1.749139847045304e-18,7.826654914940683e-13,1.749139847045304e-18,7.826654914940683e-13,33b5c6c9f199f71112d3ca3a9e20fd57ba5c322e36af00448c9107cd54e56499
2026-09-16,2026-09-04,12,2026-09-17T18:41:25.797939+00:00,AAPL,AAPL260918P00280000,put,2026-09-18,280.0,332.41,0.04027784649857017,0.003199130802197139,0.005479452054794521,2.0,0.32433623215717694,0.34687435426838453,0.32433623215717694,False,0.34687435426838453,False,4.1261001726565827e-13,1.251884459442892e-11,4.1261001726565827e-13,1.251884459442892e-11,0f63605454755b41e3c15fe36aef2e778e0669f5fb4c20159edee0c090d4488d
2026-09-16,2026-09-04,12,2026-09-17T18:41:25.797939+00:00,AAPL,AAPL260918P00295000,put,2026-09-18,295.0,332.41,0.04027784649857017,0.003199130802197139,0.005479452054794521,2.0,0.32433623215717694,0.2731469289542198,0.32433623215717694,False,0.2731469289542198,False,4.4380267042494334e-07,1.6864316442714656e-09,4.4380267042494334e-07,1.6864316442714656e-09,a873bc652e259c139ef0af3fb117763432a9b78d0622ca86dd92db0930b7f4a4
2026-09-16,2026-09-04,12,2026-09-17T18:41:25.797939+00:00,AAPL,AAPL260918P00300000,put,2026-09-18,300.0,332.41,0.04027784649857017,0.003199130802197139,0.005479452054794521,2.0,0.32433623215717694,0.2551646713633406,0.32433623215717694,False,0.2551646713633406,False,1.500319754691334e-05,2.717989263843107e-08,1.500319754691334e-05,2.717989263843107e-08,304db86abef591edb094d151cbdc7f8ff27150de6eed24026bae6099bde4db6d
2026-09-16,2026-09-04,12,2026-09-17T18:41:25.797939+00:00,AAPL,AAPL260918P00307500,put,2026-09-18,307.5,332.41,0.04027784649857017,0.003199130802197139,0.005479452054794521,2.0,0.32433623215717694,0.2293091776591451,0.32433623215717694,False,0.2293091776591451,False,0.0011668770741778904,2.287621070789511e-06,0.0011668770741778904,2.287621070789511e-06,bebb8ad36e97467ad8f6744be6097e088cb111761fcef4af7e445a737a92589c
2026-09-16,2026-09-04,12,2026-09-17T18:41:25.797939+00:00,AAPL,AAPL260918P00310000,put,2026-09-18,310.0,332.41,0.04027784649857017,0.003199130802197139,0.005479452054794521,2.0,0.32433623215717694,0.22134584421893258,0.32433623215717694,False,0.22134584421893258,False,0.00395453769202493,1.0864204452331634e-05,0.00395453769202493,1.0864204452331634e-05,ec425b250ed72344cf2539406cdd88072398dfe3911bdc6f641a2f7ce336ec08
2026-09-16,2026-09-04,12,2026-09-17T18:41:25.797939+00:00,AAPL,AAPL260918P00312500,put,2026-09-18,312.5,332.41,0.04027784649857017,0.003199130802197139,0.005479452054794521,2.0,0.32433623215717694,0.21330474787066328,0.32433623215717694,False,0.21330474787066328,False,0.012026601129274471,5.0648444143964527e-05,0.012026601129274471,5.0648444143964527e-05,3ca21becad4004bcd26e3d95f833799581b10920f5020b405696217cfde8d139
2026-09-16,2026-09-04,12,2026-09-17T18:41:25.797939+00:00,AAPL,AAPL260918P00317500,put,2026-09-18,317.5,332.41,0.04027784649857017,0.003199130802197139,0.005479452054794521,2.0,0.32433623215717694,0.19638964096037645,0.32433623215717694,False,0.19638964096037645,False,0.08184209419156419,0.000974630786553101,0.08184209419156419,0.000974630786553101,31867ba1c3ae1889d3ffabd44053cdf9d5211edf14b4c5681d8f73eefe2f2a71
2026-09-16,2026-09-04,12,2026-09-17T18:41:25.797939+00:00,AAPL,AAPL260918P00320000,put,2026-09-18,320.0,332.41,0.04027784649857017,0.003199130802197139,0.005479452054794521,2.0,0.32433623215717694,0.1850087915503729,0.32433623215717694,False,0.1850087915503729,False,0.18487740888898796,0.0034786204141597915,0.18487740888898796,0.0034786204141597915,81d6fc8b7a0324c298fac1c11fa46984c36463152693d0fbe1181144c7050b18
2026-09-16,2026-09-04,12,2026-09-17T18:41:25.797939+00:00,AAPL,AAPL260918P00322500,put,2026-09-18,322.5,332.41,0.04027784649857017,0.003199130802197139,0.005479452054794521,2.0,0.32433623215717694,0.17125960945106602,0.32433623215717694,False,0.17125960945106602,False,0.381983429599882,0.011173092525845363,0.381983429599882,0.011173092525845363,c0cdedb8ad14c4494732b1390e7597372ddba36809de150564a4add9285c248b
2026-09-16,2026-09-04,12,2026-09-17T18:41:25.797939+00:00,AAPL,AAPL260918P00327500,put,2026-09-18,327.5,332.41,0.04027784649857017,0.003199130802197139,0.005479452054794521,2.0,0.32433623215717694,0.12836123499618604,0.32433623215717694,False,0.12836123499618604,False,1.2755274641495775,0.07502502943777982,1.2755274641495775,0.07502502943777982,72d94afb1d963fbd588581cd04cb03ac0ace3e941f590537bef2a4da2ca53793
2026-09-16,2026-09-04,12,2026-09-17T18:41:25.797939+00:00,AAPL,AAPL261002C00240000,call,2026-10-02,240.0,332.41,0.04027784649857017,0.003199130802197139,0.043835616438356165,16.0,0.32433623215717694,0.9357153779472407,1.191660296612596,True,1.0214638876872206,True,92.7867612524523,93.86767937009833,95.89396697236569,94.42847848468605,e5a17d46b959e4b4027f324948c1f117e174b6485610f5ec07278203afdb4ab8
2026-09-16,2026-09-04,12,2026-09-17T18:41:25.797939+00:00,AAPL,AAPL261002C00255000,call,2026-10-02,255.0,332.41,0.04027784649857017,0.003199130802197139,0.043835616438356165,16.0,0.32433623215717694,0.7971727895621604,0.8283815492834727,True,0.8248700952792101,True,77.81341299113734,78.9436639414377,79.16481486408895,79.13889652092718,af621b9701e5a8a40836e10833937ffda987c19dd7b0e4e5653355ab28494691
2026-09-16,2026-09-04,12,2026-09-17T18:41:25.797939+00:00,AAPL,AAPL261002C00265000,call,2026-10-02,265.0,332.41,0.04027784649857017,0.003199130802197139,0.043835616438356165,16.0,0.32433623215717694,0.7101905477223909,0.6533684422274876,True,0.7100581156642397,True,67.83288426017555,69.02052036273551,68.6298149381899,69.01951384622225,0543cffd3cc4d1bb71857f88bd43ef70294a3371ff172141806929e621d2503c
2026-09-16,2026-09-04,12,2026-09-17T18:41:25.797939+00:00,AAPL,AAPL261002C00270000,call,2026-10-02,270.0,332.41,0.04027784649857017,0.003199130802197139,0.043835616438356165,16.0,0.32433623215717694,0.6617952101366575,0.583117684598547,True,0.6531724518857673,True,62.84538638524975,64.01877042914055,63.48049053167722,63.95127996198448,e92a761c0f1891e4b752498f08ea5bcfc60fb338ea8e11124ef3dd135ca6fd66
2026-09-16,2026-09-04,12,2026-09-17T18:41:25.797939+00:00,AAPL,AAPL261002C00280000,call,2026-10-02,280.0,332.41,0.04027784649857017,0.003199130802197139,0.043835616438356165,16.0,0.32433623215717694,0.5863374831139793,0.47112743634596776,True,0.5627015813987807,True,52.892719759163015,54.19489486989124,53.33603472223746,53.98192437204921,93a7d1384f44fc4b919a27cb2c4ef610cbd941a9bd5eb7cf5b40b14215de9ae1
2026-09-16,2026-09-04,12,2026-09-17T18:41:25.797939+00:00,AAPL,AAPL261002C00290000,call,2026-10-02,290.0,332.41,0.04027784649857017,0.003199130802197139,0.043835616438356165,16.0,0.32433623215717694,0.4861426846416543,0.3897878721872454,True,0.464413193811828,True,43.03812945199388,44.14575850231245,43.34628802023917,43.931191499157535,2ecf1f060d77adf18c89922c520334a53f598f75a22969d3e6e8167f66057150
2026-09-16,2026-09-04,12,2026-09-17T18:41:25.797939+00:00,AAPL,AAPL261002C00295000,call,2026-10-02,295.0,332.41,0.04027784649857017,0.003199130802197139,0.043835616438356165,16.0,0.32433623215717694,0.4440633916706536,0.3582425966057906,True,0.4240270487120136,True,38.20080987723537,39.202397822374564,38.411787172253355,38.98694565853083,dd82169f11002d6aaca5a5bbd7ae1fd0fa4bf69c28d5680f2223198518246735
2026-09-16,2026-09-04,12,2026-09-17T18:41:25.797939+00:00,AAPL,AAPL261002C00300000,call,2026-10-02,300.0,332.41,0.04027784649857017,0.003199130802197139,0.043835616438356165,16.0,0.32433623215717694,0.4152701075467649,0.3317478174390992,True,0.39468522173117965,True,33.472262041316014,34.43494713912662,33.533995914798595,34.180358090880986,c8705f7597ba63a433a2b2af88771372d709c20358b79462c1d00f6b509fb052
2026-09-16,2026-09-04,12,2026-09-17T18:41:25.797939+00:00,AAPL,AAPL261002C00305000,call,2026-10-02,305.0,332.41,0.04027784649857017,0.003199130802197139,0.043835616438356165,16.0,0.32433623215717694,0.38592105290018885,0.3096688540378199,True,0.3664787254949355,True,28.90296349725037,29.71648174765693,28.74024639345214,29.438766475265254,143a29ecaa9729cbbad554ca3965e85640c5e7f22d676cb95f0fc84275eb3b1c
2026-09-16,2026-09-04,12,2026-09-17T18:41:25.797939+00:00,AAPL,AAPL261002C00310000,call,2026-10-02,310.0,332.41,0.04027784649857017,0.003199130802197139,0.043835616438356165,16.0,0.32433623215717694,0.3610188899413076,0.29147355483957954,True,0.34272049323658116,True,24.55209389008911,25.14982368476643,24.07630221231983,24.84372804011116,58ba388a6c57939fcca100bfa804a7fff0a09002591173c3036b3a8f7b75ca6c
2026-09-16,2026-09-04,12,2026-09-17T18:41:25.797939+00:00,AAPL,AAPL261002C00315000,call,2026-10-02,315.0,332.41,0.04027784649857017,0.003199130802197139,0.043835616438356165,16.0,0.32433623215717694,0.33971729228487424,0.2767233430361653,True,0.32266089606835263,True,20.482751625518745,20.78477953819396,19.61247394280298,20.450402632901046,9ca3c427f3732902b5b879fa1d5d01df6cd07974185536b0713c8e6554dc24a8
2026-09-16,2026-09-04,12,2026-09-17T18:41:25.797939+00:00,AAPL,AAPL261002C00320000,call,2026-10-02,320.0,332.41,0.04027784649857017,0.003199130802197139,0.043835616438356165,16.0,0.32433623215717694,0.316867783615859,0.26506452650276513,True,0.30256662842838056,True,16.755343245161555,16.584758025664712,15.446476541669085,16.262173171100187,65b07e5f43353a66aa08afa514b8ee7bfd9da6a6c0d693ea15b6bc1cfc5ea0ff
2026-09-16,2026-09-04,12,2026-09-17T18:41:25.797939+00:00,AAPL,AAPL261002C00325000,call,2026-10-02,325.0,332.41,0.04027784649857017,0.003199130802197139,0.043835616438356165,16.0,0.32433623215717694,0.3016009485825502,0.2562205626715145,True,0.2887141906307365,True,13.42034490549105,12.838140654774804,11.696737762847022,12.510880086195527,b1914403aae975bc064e3d10438f10f1bccb7597d6c3a72a5de6a7a606e07bb6
2026-09-16,2026-09-04,12,2026-09-17T18:41:25.797939+00:00,AAPL,AAPL261002C00330000,call,2026-10-02,330.0,332.41,0.04027784649857017,0.003199130802197139,0.043835616438356165,16.0,0.32433623215717694,0.29059554142306876,0.24998570459771766,True,0.27871065357414604,True,10.511941991125013,9.588801630215073,8.480756444531266,9.264118787634516,1dbf3b5809f7a5546115e498f54386b685adc5715d58deeb94d7bca668a70213
2026-09-16,2026-09-04,12,2026-09-17T18:41:25.797939+00:00,AAPL,AAPL261002C00335000,call,2026-10-02,335.0,332.41,0.04027784649857017,0.003199130802197139,0.043835616438356165,16.0,0.32433623215717694,0.2815103207771503,0.24622029834466438,True,0.2708540603994543,True,8.04390401381035,6.857549731909101,5.881292055277251,6.562601070189075,a7d527f1b1f8484c369137c69790eebe90d571527905a9aca1dbdf7b7283d37a
2026-09-16,2026-09-04,12,2026-09-17T18:41:25.797939+00:00,AAPL,AAPL261002C00340000,call,2026-10-02,340.0,332.41,0.04027784649857017,0.003199130802197139,0.043835616438356165,16.0,0.32433623215717694,0.27606530048191463,0.2448479253697662,True,0.26632464750481727,True,6.008496001419265,4.728590019932546,3.915650832705089,4.473422605781078,be5cccd5fc1ba2c62c1c53e70ec8f57e22ee2bdfba99540a752f5a66471edaf9
2026-09-16,2026-09-04,12,2026-09-17T18:41:25.797939+00:00,AAPL,AAPL261002C00345000,call,2026-10-02,345.0,332.41,0.04027784649857017,0.003199130802197139,0.043835616438356165,16.0,0.32433623215717694,0.2697291367552408,0.24585456691834615,True,0.26189253531260603,True,4.378468403805533,3.0701913916357193,2.527494511210001,2.8896843113977164,ba91849bbce659eb7545e778e7dfed09795cd09764fa9b0b2f6c1854dfa504de
2026-09-16,2026-09-04,12,2026-09-17T18:41:25.797939+00:00,AAPL,AAPL261002C00350000,call,2026-10-02,350.0,332.41,0.04027784649857017,0.003199130802197139,0.043835616438356165,16.0,0.32433623215717694,0.26900639751621275,0.24928999803930124,True,0.26218692251360615,True,3.1114667127058073,1.9746107560929527,1.6074929734689745,1.8449779673397089,4e36c7eec7cd573153de6f7d435ca494a1071b6a467e24c8ccc5d3dc928a7e25
2026-09-16,2026-09-04,12,2026-09-17T18:41:25.797939+00:00,AAPL,AAPL261002C00360000,call,2026-10-02,360.0,332.41,0.04027784649857017,0.003199130802197139,0.043835616438356165,16.0,0.32433623215717694,0.27247106921454356,0.2639916163009973,True,0.2685998169685234,True,1.4561583714348725,0.7731531382392195,0.6801510315473919,0.7299885297417105,5b531fdce1601f49c86895c489a2c743b13738c809b9807770560357d74687d7
2026-09-16,2026-09-04,12,2026-09-17T18:41:25.797939+00:00,AAPL,AAPL261002C00370000,call,2026-10-02,370.0,332.41,0.04027784649857017,0.003199130802197139,0.043835616438356165,16.0,0.32433623215717694,0.27788684731678254,0.2908522778966987,True,0.27977892421259376,True,0.6159234528414178,0.2812056954191669,0.36009804596713874,0.29201575734515894,d39d6ce1c13ca25ea5368c2e559f1c98dc537aeef6e31121125d5b68dd5f4607
2026-09-16,2026-09-04,12,2026-09-17T18:41:25.797939+00:00,AAPL,AAPL261002P00290000,put,2026-10-02,290.0,332.41,0.04027784649857017,0.003199130802197139,0.043835616438356165,16.0,0.32433623215717694,0.262556924636056,0.41936197840719835,True,0.2990562309235689,True,0.16316851367028246,0.032866458225117315,0.6738988185097022,0.09331753620729526,a38cffcffb9f4d6742fcbb03043922a94750b0d54bb22466f30964c69ac04ca1
2026-09-16,2026-09-04,12,2026-09-17T18:41:25.797939+00:00,AAPL,AAPL261002P00295000,put,2026-10-02,295.0,332.41,0.04027784649857017,0.003199130802197139,0.043835616438356165,16.0,0.32433623215717694,0.25233762841475466,0.38542328990207125,True,0.28343533086636935,True,0.3170287065724608,0.062180410457278686,0.7399484568459453,0.1417283932137868,b8dac24712a8f41b4e3fba6a68573e4855de58bce0557d7b23a5fac22451d319
2026-09-16,2026-09-04,12,2026-09-17T18:41:25.797939+00:00,AAPL,AAPL261002P00300000,put,2026-10-02,300.0,332.41,0.04027784649857017,0.003199130802197139,0.043835616438356165,16.0,0.32433623215717694,0.24020416071360604,0.3569182906406575,True,0.26728529359625564,True,0.5796606383137566,0.1107670014304362,0.8744685854481158,0.2151069321059123,d88e535b4ce629b29d9f68b44b053e8e8195670e50d7ad88e6ef0b30e87d0e0f
2026-09-16,2026-09-04,12,2026-09-17T18:41:25.797939+00:00,AAPL,AAPL261002P00305000,put,2026-10-02,305.0,332.41,0.04027784649857017,0.003199130802197139,0.043835616438356165,16.0,0.32433623215717694,0.2279232555700277,0.33316414528671284,True,0.2520064007407574,True,1.0015418619089163,0.19706527841046062,1.1056724992507705,0.33657537844671026,603e8c66cff39f5bb79af99f17d5fb6eafa0bdd2154441f8d87cf8686f6ad614
2026-09-16,2026-09-04,12,2026-09-17T18:41:25.797939+00:00,AAPL,AAPL261002P00310000,put,2026-10-02,310.0,332.41,0.04027784649857017,0.003199130802197139,0.043835616438356165,16.0,0.32433623215717694,0.21823721476153102,0.3135883267096292,True,0.23973202035353583,True,1.6418520224083166,0.3712557538350314,1.4794518415761497,0.5608973968160493,5e431e6361523ef5b6f44a050e600a3f856fd6b550f7eaeb42e7f9ae1d01ec15
2026-09-16,2026-09-04,12,2026-09-17T18:41:25.797939+00:00,AAPL,AAPL261002P00315000,put,2026-10-02,315.0,332.41,0.04027784649857017,0.003199130802197139,0.043835616438356165,16.0,0.32433623215717694,0.2074242679133834,0.29771898226570165,True,0.22736391450212448,True,2.5636895254986625,0.672158531409072,2.063851288227061,0.9284358975828199,8281c3788f570742b328ae3e52abbcf6fbdf6cfd6360829cd6bc995406354386
2026-09-16,2026-09-04,12,2026-09-17T18:41:25.797939+00:00,AAPL,AAPL261002P00320000,put,2026-10-02,320.0,332.41,0.04027784649857017,0.003199130802197139,0.043835616438356165,16.0,0.32433623215717694,0.1949263731259347,0.2851755843916278,True,0.2143795008994929,True,3.8274609128021853,1.1678651427896278,2.950062974836418,1.5124118391019277,7f99a8ef96486760e30efb500a280ac6afd0aea5bff5daa45a90678374b479bc
2026-09-16,2026-09-04,12,2026-09-17T18:41:25.797939+00:00,AAPL,AAPL261002P00325000,put,2026-10-02,325.0,332.41,0.04027784649857017,0.003199130802197139,0.043835616438356165,16.0,0.32433623215717694,0.18010603121563848,0.2756606085961435,True,0.20015188678969897,True,5.483642340792408,1.9527653601388606,4.245045148833385,2.4097290112271272,bf67ff6bff7cc58b827dc55fe1b5a97eba218956b02e5f5852e4a4b506235a32
2026-09-16,2026-09-04,12,2026-09-17T18:41:25.797939+00:00,AAPL,AAPL261002P00330000,put,2026-10-02,330.0,332.41,0.04027784649857017,0.003199130802197139,0.043835616438356165,16.0,0.32433623215717694,0.15896158209354008,0.26895269743861133,True,0.1811643163064837,True,7.566419194087061,3.076630004885913,6.0522491901031215,3.6712118602030386,70dc9d44d1fa1e7049232b7c3360c2a0f07f3c79631aa8f25ec06c2866a72ea0
2026-09-16,2026-09-04,12,2026-09-17T18:41:25.797939+00:00,AAPL,AAPL261002P00335000,put,2026-10-02,335.0,332.41,0.04027784649857017,0.003199130802197139,0.043835616438356165,16.0,0.32433623215717694,0.12006162849059641,0.26490160111556127,True,0.1466485911406162,True,10.089560984433092,4.4651471431731125,8.443557342119732,5.187591198219877,a2336eb232b9fc6427cd14032b5b7c095d55b2d3cc0b4e7dd142f4001c882864
2026-09-16,2026-09-04,12,2026-09-17T18:41:25.797939+00:00,AAPL,AAPL261016C00240000,call,2026-10-16,240.0,332.41,0.04027784649857017,0.003199130802197139,0.0821917808219178,30.0,0.32433623215717694,0.7835769178578802,0.7740903107650884,True,0.7928479052872717,True,93.11714247141256,95.12273532062088,95.0199136007046,95.22581473433584,65b6a5577cd8c1adb8d1d1693358045d59c204014eba9a07186d9e5cf4632809
2026-09-16,2026-09-04,12,2026-09-17T18:41:25.797939+00:00,AAPL,AAPL261016C00255000,call,2026-10-16,255.0,332.41,0.04027784649857017,0.003199130802197139,0.0821917808219178,30.0,0.32433623215717694,0.6709901403530663,0.6140227217670858,True,0.666652713978362,True,78.18084952098155,80.23598349779365,79.58288409238446,80.18200750677426,d7659673b38107b9a6ad751e8eb69f4dfb76e7e319079d85de8150343911b48d
2026-09-16,2026-09-04,12,2026-09-17T18:41:25.797939+00:00,AAPL,AAPL261016C00265000,call,2026-10-16,265.0,332.41,0.04027784649857017,0.003199130802197139,0.0821917808219178,30.0,0.32433623215717694,0.5909543717856857,0.518636958574516,True,0.580099054669691,True,68.25892056455297,70.22091018256924,69.3609908295582,70.07717396878456,66347d4bceba83b574fdede34a23eff2ed0cb74bb94e996192e6fbca54c8d1d3
2026-09-16,2026-09-04,12,2026-09-17T18:41:25.797939+00:00,AAPL,AAPL261016C00270000,call,2026-10-16,270.0,332.41,0.04027784649857017,0.003199130802197139,0.0821917808219178,30.0,0.32433623215717694,0.5547626271139773,0.476501798890642,True,0.5409545280155885,True,63.326271100366625,65.25613715155407,64.29401908155194,65.0651625947512,91f570e303ba514d81d2f8d0e6327a09a4345c4b85f563c4f26583f84852f705
2026-09-16,2026-09-04,12,2026-09-17T18:41:25.797939+00:00,AAPL,AAPL261016C00280000,call,2026-10-16,280.0,332.41,0.04027784649857017,0.003199130802197139,0.0821917808219178,30.0,0.32433623215717694,0.4784016213366387,0.40410317544219243,True,0.46325966152488823,True,53.579089734862634,55.25725182902681,54.26363859506864,55.02938232659443,5caea5d0740fb40b9c0a4215ef70436383020c1ee7acd7d0465df6486486ea84
2026-09-16,2026-09-04,12,2026-09-17T18:41:25.797939+00:00,AAPL,AAPL261016C00290000,call,2026-10-16,290.0,332.41,0.04027784649857017,0.003199130802197139,0.0821917808219178,30.0,0.32433623215717694,0.4291737745342485,0.3468465055338341,True,0.40950453834328165,True,44.123754887832206,45.72323807793305,44.40208579088511,45.36844853878347,7cfe5d1a890f175263278ed822190da3c02f23020eeb966659b8a5d76019ddde
2026-09-16,2026-09-04,12,2026-09-17T18:41:25.797939+00:00,AAPL,AAPL261016C00295000,call,2026-10-16,295.0,332.41,0.04027784649857017,0.003199130802197139,0.0821917808219178,30.0,0.32433623215717694,0.39302092741902134,0.32337798944701207,True,0.3762066187910411,True,39.573380318468935,40.77624674390546,39.559036464216945,40.45228947752594,c8a3af5291b9d72813258f6f4ac5bea4b98f1364e79d1ea07398bf5b81e31246
2026-09-16,2026-09-04,12,2026-09-17T18:41:25.797939+00:00,AAPL,AAPL261016C00300000,call,2026-10-16,300.0,332.41,0.04027784649857017,0.003199130802197139,0.0821917808219178,30.0,0.32433623215717694,0.3699700596252044,0.3030205516013229,True,0.3531554369566313,True,35.18485315912284,36.11899273889054,34.7999052514715,35.75886330939045,a1451d84e9b91cf82ee6bcc81a7f99811b649863ca784bf505fa58d180c4c6b9
2026-09-16,2026-09-04,12,2026-09-17T18:41:25.797939+00:00,AAPL,AAPL261016C00305000,call,2026-10-16,305.0,332.41,0.04027784649857017,0.003199130802197139,0.0821917808219178,30.0,0.32433623215717694,0.3515866020219917,0.28552965530902746,True,0.3343378420742526,True,30.993107482388325,31.641041829591188,30.15589445559806,31.225752305756487,d66dcdddc066ab18e329d775ce15f0453cf354e19dce8d116e7d732002cf4a24
2026-09-16,2026-09-04,12,2026-09-17T18:41:25.797939+00:00,AAPL,AAPL261016C00310000,call,2026-10-16,310.0,332.41,0.04027784649857017,0.003199130802197139,0.0821917808219178,30.0,0.32433623215717694,0.3340474911892251,0.2706766077623739,True,0.3170041134216454,True,27.03241934112691,27.29633765272041,25.671136398951603,26.8363139115246,27020d81aea039785eaaa40d545b9ccfdb812daff4d37ed39034e95954994280
2026-09-16,2026-09-04,12,2026-09-17T18:41:25.797939+00:00,AAPL,AAPL261016C00315000,call,2026-10-16,315.0,332.41,0.04027784649857017,0.003199130802197139,0.0821917808219178,30.0,0.32433623215717694,0.3169233606573942,0.25825566277609574,True,0.3007925308735835,True,23.334164893491277,23.108211726881223,21.404322247787718,22.623785147022943,2c5e075ca6eb9005018cb2b6836435a753e835a9b59bb27bae066af62f3890d9
2026-09-16,2026-09-04,12,2026-09-17T18:41:25.797939+00:00,AAPL,AAPL261016C00320000,call,2026-10-16,320.0,332.41,0.04027784649857017,0.003199130802197139,0.0821917808219178,30.0,0.32433623215717694,0.3036954008323909,0.24808845197127005,True,0.288066512543023,True,19.924678137408534,19.232923532824998,17.42748642858828,18.7159142453022,2758ccc0e2cc1045d48e3b7d694b32a3c78af474a45b157be8373532678daebb
2026-09-16,2026-09-04,12,2026-09-17T18:41:25.797939+00:00,AAPL,AAPL261016C00325000,call,2026-10-16,325.0,332.41,0.04027784649857017,0.003199130802197139,0.0821917808219178,30.0,0.32433623215717694,0.29242130722284265,0.24002667044577042,True,0.27741863089943486,True,16.82346462358703,15.676226124431139,13.819902873348497,15.14067028121508,d6d3f833c3a63867628ec8a2f0ca30cdc61b0d029514be66362a35a46577bff0
2026-09-16,2026-09-04,12,2026-09-17T18:41:25.797939+00:00,AAPL,AAPL261016C00330000,call,2026-10-16,330.0,332.41,0.04027784649857017,0.003199130802197139,0.0821917808219178,30.0,0.32433623215717694,0.2830759803935046,0.23395373691675042,True,0.26878818024550144,True,14.041975054373097,12.494245991655475,10.65614391553629,11.958983352873133,4faff6657861abf5603b43471954444fdabf26f35d65adc799781daf4f8c201d
2026-09-16,2026-09-04,12,2026-09-17T18:41:25.797939+00:00,AAPL,AAPL261016C00335000,call,2026-10-16,335.0,332.41,0.04027784649857017,0.003199130802197139,0.0821917808219178,30.0,0.32433623215717694,0.2752071123621022,0.22978598619352328,True,0.2618268098685714,True,11.5830585021137,9.7158742295522,7.990226648019556,9.207437175767852,9439ff789069c872d0cd118d3275b0f6152d4a2c45543066b9f6f42e2ea6b552
2026-09-16,2026-09-04,12,2026-09-17T18:41:25.797939+00:00,AAPL,AAPL261016C00340000,call,2026-10-16,340.0,332.41,0.04027784649857017,0.003199130802197139,0.0821917808219178,30.0,0.32433623215717694,0.27000536725558216,0.22747383213346564,True,0.2573452275810488,True,9.44111738081516,7.412163585172096,5.841233007874309,6.942537344911295,0ae75035c66c77654f78ddee46587701c3f51b9397caac937bd123bb4b93f274
2026-09-16,2026-09-04,12,2026-09-17T18:41:25.797939+00:00,AAPL,AAPL261016C00345000,call,2026-10-16,345.0,332.41,0.04027784649857017,0.003199130802197139,0.0821917808219178,30.0,0.32433623215717694,0.26506081414220733,0.2270032580709097,True,0.2536468449043647,True,7.602894381488683,5.494230945500593,4.187010473422587,5.097346015522197,01ff86e38eca868261f45290d13f439ce08438a93f254d2622a8f8e553ae5912
2026-09-16,2026-09-04,12,2026-09-17T18:41:25.797939+00:00,AAPL,AAPL261016C00350000,call,2026-10-16,350.0,332.41,0.04027784649857017,0.003199130802197139,0.0821917808219178,30.0,0.32433623215717694,0.2625636389404483,0.22839794483836942,True,0.25226787105462867,True,6.04875077468622,4.016886088502962,2.9694668640557937,3.6941107196158343,8f1fcd4f8c10ad509cd3b2f79b4d5e6f8bb029cc66090d153351e9745a3fedd5
2026-09-16,2026-09-04,12,2026-09-17T18:41:25.797939+00:00,AAPL,AAPL261016C00360000,call,2026-10-16,360.0,332.41,0.04027784649857017,0.003199130802197139,0.0821917808219178,30.0,0.32433623215717694,0.2607512313068132,0.2370859082879769,True,0.25360798743772095,True,3.6918895097305118,2.0459868315661276,1.5220689848893603,1.881852758894515,258dbead501ee965d8f8a1dade33a782f1dec9cb330af280148e3d861553c83d
2026-09-16,2026-09-04,12,2026-09-17T18:41:25.797939+00:00,AAPL,AAPL261016C00370000,call,2026-10-16,370.0,332.41,0.04027784649857017,0.003199130802197139,0.0821917808219178,30.0,0.32433623215717694,0.2652662793599157,0.2546312070532192,True,0.26213394444249566,True,2.147809130713282,1.0450422888635862,0.8846140214937942,0.9964661906497442,5e25b00958ad00b024a779474eb039f9327d534000b7a84938e8df65c4ac03f7
2026-09-16,2026-09-04,12,2026-09-17T18:41:25.797939+00:00,AAPL,AAPL261016C00375000,call,2026-10-16,375.0,332.41,0.04027784649857017,0.003199130802197139,0.0821917808219178,30.0,0.32433623215717694,0.266434050994992,0.2673207175336963,True,0.2667073765944813,True,1.6095201116604652,0.7220308435771523,0.7330116562155702,0.7254066402424906,02ca14ea882fb5d4038a00f1ccd506a62f59a5a8629808d6b09fd1b1b4552c8e
2026-09-16,2026-09-04,12,2026-09-17T18:41:25.797939+00:00,AAPL,AAPL261016P00255000,put,2026-10-16,255.0,332.41,0.04027784649857017,0.003199130802197139,0.0821917808219178,30.0,0.32433623215717694,0.340643034185414,0.6606100439767444,True,0.41021520652638965,True,0.015458935003876238,0.025852698705829014,1.9425612962575571,0.1324447157723658,3f073d8812daaf3535e97e1de1931252e07494d365ed1c49390bfa118d568d22
2026-09-16,2026-09-04,12,2026-09-17T18:41:25.797939+00:00,AAPL,AAPL261016P00265000,put,2026-10-16,265.0,332.41,0.04027784649857017,0.003199130802197139,0.0821917808219178,30.0,0.32433623215717694,0.31026771485234605,0.5579871426025812,True,0.3658768990503839,True,0.06047963615630756,0.04079175648190237,1.601593604876542,0.15620228860940097,ee7423629c9fec9b7da7e7ae286c69bdced8226800929c54103c209d3b8d646c
2026-09-16,2026-09-04,12,2026-09-17T18:41:25.797939+00:00,AAPL,AAPL261016P00270000,put,2026-10-16,270.0,332.41,0.04027784649857017,0.003199130802197139,0.0821917808219178,30.0,0.32433623215717694,0.2967455945735975,0.5126550910269888,True,0.3458896887749873,True,0.11130500076041015,0.054177216105696174,1.4865412152596222,0.17743538706398904,9ce063414584c411517b87582205343f3417f4c61ae207896f4a43f4b20bcda5
2026-09-16,2026-09-04,12,2026-09-17T18:41:25.797939+00:00,AAPL,AAPL261016P00280000,put,2026-10-16,280.0,332.41,0.04027784649857017,0.003199130802197139,0.0821917808219178,30.0,0.32433623215717694,0.27673200495188305,0.43476341678650665,True,0.3137336397792404,True,0.3310732928373973,0.11763389536728756,1.3868290970505117,0.2714481927280387,870dace187665ac7985890e6353c84e340734a986edd4c8f5c59be1c4c5ca51c
2026-09-16,2026-09-04,12,2026-09-17T18:41:25.797939+00:00,AAPL,AAPL261016P00290000,put,2026-10-16,290.0,332.41,0.04027784649857017,0.003199130802197139,0.0821917808219178,30.0,0.32433623215717694,0.2527967913295678,0.37316255107706114,True,0.2810449115716039,True,0.8426881033879225,0.2323237282744207,1.4943709541240835,0.422205617270454,13be218fab7168c515ccd754e9f6135e844a76571516cd5e028f5300339a32b7
2026-09-16,2026-09-04,12,2026-09-17T18:41:25.797939+00:00,AAPL,AAPL261016P00295000,put,2026-10-16,295.0,332.41,0.04027784649857017,0.003199130802197139,0.0821917808219178,30.0,0.32433623215717694,0.2438521454550619,0.3479134244656434,True,0.26823731857104843,True,1.2757883628150894,0.35205362402082,1.651201406586362,0.5687603612560947,4fa249e203c5e4304a6ea91c038a2297dde84839838708a83e020a02f7b334a7
2026-09-16,2026-09-04,12,2026-09-17T18:41:25.797939+00:00,AAPL,AAPL261016P00300000,put,2026-10-16,300.0,332.41,0.04027784649857017,0.003199130802197139,0.0821917808219178,30.0,0.32433623215717694,0.23446362930474116,0.3260114207876821,True,0.2557484805949359,True,1.8707360322595221,0.5263159301529363,1.9024849923816707,0.7739483378413068,35cbb80ca6f4b0de20d1706aa5effa896c636f6b7c4a5411452a089499a73322
2026-09-16,2026-09-04,12,2026-09-17T18:41:25.797939+00:00,AAPL,AAPL261016P00305000,put,2026-10-16,305.0,332.41,0.04027784649857017,0.003199130802197139,0.0821917808219178,30.0,0.32433623215717694,0.22616274855173177,0.3071934497920925,True,0.24478853513943402,True,2.6624651843154568,0.7992658590782938,2.2790338346500456,1.082309281847982,9987c37f506291acdfa0be5f8a7e4295892fa5541314a25e53db04ddcac987a0
2026-09-16,2026-09-04,12,2026-09-17T18:41:25.797939+00:00,AAPL,AAPL261016P00310000,put,2026-10-16,310.0,332.41,0.04027784649857017,0.003199130802197139,0.0821917808219178,30.0,0.32433623215717694,0.21809509396309554,0.2912134672195495,True,0.23464218696091385,True,3.685251871844524,1.206693205306752,2.8233839036179575,1.5293686617436084,1adddc93f49daef6e3853afae639156e809e08603ca66de302c136607f319be6
2026-09-16,2026-09-04,12,2026-09-17T18:41:25.797939+00:00,AAPL,AAPL261016P00315000,put,2026-10-16,315.0,332.41,0.04027784649857017,0.003199130802197139,0.0821917808219178,30.0,0.32433623215717694,0.2100093606633539,0.27785011644646446,True,0.22508278969594478,True,4.970472252999373,1.799653174752102,3.590692517016225,2.1669375124964265,05afeb596f78b293b8484b1062fc256f9adbbc5ff163938dfd6c82ad42637724
2026-09-16,2026-09-04,12,2026-09-17T18:41:25.797939+00:00,AAPL,AAPL261016P00320000,put,2026-10-16,320.0,332.41,0.04027784649857017,0.003199130802197139,0.0821917808219178,30.0,0.32433623215717694,0.2005524302242127,0.266911495872999,True,0.2150158216357631,True,6.544460325707097,2.607743397845276,4.6470337721846535,3.0319584863990876,a3ba36f5484da470e42b9bda1ea5f92ce9cefb2843134212cb490685c5055ff6
2026-09-16,2026-09-04,12,2026-09-17T18:41:25.797939+00:00,AAPL,AAPL261016P00325000,put,2026-10-16,325.0,332.41,0.04027784649857017,0.003199130802197139,0.0821917808219178,30.0,0.32433623215717694,0.1902089713836655,0.258238048361538,True,0.20478133142756053,True,8.42672164067608,3.7106468861816353,6.063601089224145,4.204121706905413,8ae83a89a67e66b5345517684ef782a643c4c1776a37d518eeaddb405f777ecc
2026-09-16,2026-09-04,12,2026-09-17T18:41:25.797939+00:00,AAPL,AAPL261016P00330000,put,2026-10-16,330.0,332.41,0.04027784649857017,0.003199130802197139,0.0821917808219178,30.0,0.32433623215717694,0.17815561759863113,0.25170434733801866,True,0.1936623619748722,True,10.628706900252634,5.166450130669843,7.906329216177379,5.741687478703329,e2efeaf9b0cb4c81a7d81e7a93aeec30ed26a81c4e32bca70af3fdc53d8582de
2026-09-16,2026-09-04,12,2026-09-17T18:41:25.797939+00:00,AAPL,AAPL261016P00335000,put,2026-10-16,335.0,332.41,0.04027784649857017,0.003199130802197139,0.0821917808219178,30.0,0.32433623215717694,0.1631862191103037,0.24722037974048153,True,0.1805718305577463,True,13.153265176783748,7.0332247466940885,10.222691412872791,7.692358526892235,c0487e7c7ddd0099f47c66288956d52cd286067f67e4bb68b7e9b0e4ccbba901
2026-09-16,2026-09-04,12,2026-09-17T18:41:25.797939+00:00,AAPL,AAPL261016P00340000,put,2026-10-16,340.0,332.41,0.04027784649857017,0.003199130802197139,0.0821917808219178,30.0,0.32433623215717694,0.13051529475623494,0.2447327972111251,True,0.1527534611072034,True,15.994798884275667,8.953282952834229,13.029941542560664,9.712942481114169,e6c3d29423b49047279ea174ff7b4df8a43a0c9d2877f4cc345f611a3d1d10e9
2026-09-16,2026-09-04,12,2026-09-17T18:41:25.797939+00:00,AAPL,AAPL261023C00240000,call,2026-10-23,240.0,332.41,0.04027784649857017,0.003199130802197139,0.10136986301369863,37.0,0.32433623215717694,0.7289638233659312,0.6583880865231481,True,0.718096219799249,True,93.28570398982097,95.56573166511637,94.74116232959099,95.42678161293335,b52a59b4979d33f2df9e01b342d40deb0edd13fe637f898942708dfa64b9ff99
2026-09-16,2026-09-04,12,2026-09-17T18:41:25.797939+00:00,AAPL,AAPL261023C00255000,call,2026-10-23,255.0,332.41,0.04027784649857017,0.003199130802197139,0.10136986301369863,37.0,0.32433623215717694,0.6309009878658134,0.5512758890733973,True,0.6177438582574332,True,78.3846081081025,80.77919627281136,79.72655370243365,80.5856717965745,c336f6f613bccddb39ffe4427d51e2827509eb2a562f8b9b55066d54f9828313
2026-09-16,2026-09-04,12,2026-09-17T18:41:25.797939+00:00,AAPL,AAPL261023C00265000,call,2026-10-23,265.0,332.41,0.04027784649857017,0.003199130802197139,0.10136986301369863,37.0,0.32433623215717694,0.5596623278785018,0.47889854252785236,True,0.5446680420470517,True,68.51856954776059,70.8138024509056,69.6696171405772,70.575776983271,bf272a247e4e6e840d74001a538d3e871c681e206b8929c8cb62fa4e2fc2375e
2026-09-16,2026-09-04,12,2026-09-17T18:41:25.797939+00:00,AAPL,AAPL261023C00270000,call,2026-10-23,270.0,332.41,0.04027784649857017,0.003199130802197139,0.10136986301369863,37.0,0.32433623215717694,0.5334722590104081,0.4452570114341523,True,0.5153769270850825,True,63.63103842789582,65.98366263320389,64.66089878764097,65.67723038026475,7ebec680a97117cc65d94169eef155c52a89682ebb0772ed6ddc301b06354984
2026-09-16,2026-09-04,12,2026-09-17T18:41:25.797939+00:00,AAPL,AAPL261023C00280000,call,2026-10-23,280.0,332.41,0.04027784649857017,0.003199130802197139,0.10136986301369863,37.0,0.32433623215717694,0.47301988398775013,0.38518145254603264,True,0.4530375635722138,True,54.02027773343991,56.20432925051932,54.72306923667452,55.82454183418622,e0265a977ba95fc5d43bd90ad541e95460bc90dd9401362d717f05a2e7993ed0
2026-09-16,2026-09-04,12,2026-09-17T18:41:25.797939+00:00,AAPL,AAPL261023C00290000,call,2026-10-23,290.0,332.41,0.04027784649857017,0.003199130802197139,0.10136986301369863,37.0,0.32433623215717694,0.42333274952325156,0.33562219699603013,True,0.4015344297392166,True,44.76815042756448,46.69770894904735,44.95007163048666,46.21395586626244,43721dec81e5d1c9d8a53940b4d7daf3d914db878cd697b3bff500a6c08d7380
2026-09-16,2026-09-04,12,2026-09-17T18:41:25.797939+00:00,AAPL,AAPL261023C00295000,call,2026-10-23,295.0,332.41,0.04027784649857017,0.003199130802197139,0.10136986301369863,37.0,0.32433623215717694,0.3961272451599114,0.31475686798316066,True,0.3754378025118393,True,40.340437333816055,41.9330517884128,40.15795511798524,41.43739167961786,5f0cbf56876d525f84ee5283fefec38e8932717da7bd4268febc5a104ad60a18
2026-09-16,2026-09-04,12,2026-09-17T18:41:25.797939+00:00,AAPL,AAPL261023C00300000,call,2026-10-23,300.0,332.41,0.04027784649857017,0.003199130802197139,0.10136986301369863,37.0,0.32433623215717694,0.35445872155916486,0.2963739483039342,True,0.34005908538128077,True,36.08278053380394,36.82403575595282,35.45686212290127,36.46176350844701,a00394888cb7d3eb31c91ebd7e25c7cbff17cdc664976b05bf4c3973a9fb5645
2026-09-16,2026-09-04,12,2026-09-17T18:41:25.797939+00:00,AAPL,AAPL261023C00305000,call,2026-10-23,305.0,332.41,0.04027784649857017,0.003199130802197139,0.10136986301369863,37.0,0.32433623215717694,0.3392691651648848,0.28034678849480466,True,0.3240357805967183,True,32.023694154728275,32.442884740262855,30.878222556801575,32.01540201295643,2c48cc635fd45b75948ccfb3402c433479c639b8168e8d7d77c752868e896446
2026-09-16,2026-09-04,12,2026-09-17T18:41:25.797939+00:00,AAPL,AAPL261023C00310000,call,2026-10-23,310.0,332.41,0.04027784649857017,0.003199130802197139,0.10136986301369863,37.0,0.32433623215717694,0.33390679036403775,0.26654157168104714,True,0.31559905843956837,True,28.190014755085826,28.493930057648242,26.464057061079643,27.9164810190332,bed48c8eed7ca19c2779848a36f058b46b47b3a5964bc98d1e89d2253a4b2e10
2026-09-16,2026-09-04,12,2026-09-17T18:41:25.797939+00:00,AAPL,AAPL261023C00315000,call,2026-10-23,315.0,332.41,0.04027784649857017,0.003199130802197139,0.10136986301369863,37.0,0.32433623215717694,0.3177276753087253,0.2548275743234672,True,0.30033190962644046,True,24.60540732386579,24.3744240469523,22.267744294030535,23.77399572641042,a71be33cf1aacf0544ab287e58772b4bb63099a8a272d53ce7d59d91c1788442
2026-09-16,2026-09-04,12,2026-09-17T18:41:25.797939+00:00,AAPL,AAPL261023C00320000,call,2026-10-23,320.0,332.41,0.04027784649857017,0.003199130802197139,0.10136986301369863,37.0,0.32433623215717694,0.3068489514500433,0.24508451450784324,True,0.28942469694987477,True,21.289042685187837,20.62701659623235,18.352445762380796,19.974143514044613,1ac6caccc40f40271c1fd4edcfd9df1d1ce98607292ab82eb2e0013f3bbf18b3
2026-09-16,2026-09-04,12,2026-09-17T18:41:25.797939+00:00,AAPL,AAPL261023C00325000,call,2026-10-23,325.0,332.41,0.04027784649857017,0.003199130802197139,0.10136986301369863,37.0,0.32433623215717694,0.2997822869188383,0.23720777957103342,True,0.2817996436785645,True,18.254573175972723,17.268225992269265,14.785930832085,16.549551997875824,ce6b7207147e74c852dc6f887886013f3274f2e56967b063ed2096bb657936ba
2026-09-16,2026-09-04,12,2026-09-17T18:41:25.797939+00:00,AAPL,AAPL261023C00330000,call,2026-10-23,330.0,332.41,0.04027784649857017,0.003199130802197139,0.10136986301369863,37.0,0.32433623215717694,0.2828290389671954,0.23111219390759996,True,0.2679452674391239,True,15.509495067314276,13.78058171145858,11.631374254989908,13.16134759595252,78af368fb404cb918c3e98838dca95c978e9cfc673f38b7dd77365c137c0cb29
2026-09-16,2026-09-04,12,2026-09-17T18:41:25.797939+00:00,AAPL,AAPL261023C00345000,call,2026-10-23,345.0,332.41,0.04027784649857017,0.003199130802197139,0.10136986301369863,37.0,0.32433623215717694,0.2714521056121288,0.22300903145496218,True,0.25725017195596955,True,8.991693915765786,6.861942294933822,4.964988192042056,6.299130263896497,3dbe9fb7cad76e7fb79be89a4d222184606ef03e87347d1d4e2704bac99431f7
2026-09-16,2026-09-04,12,2026-09-17T18:41:25.797939+00:00,AAPL,AAPL261023P00325000,put,2026-10-23,325.0,332.41,0.04027784649857017,0.003199130802197139,0.10136986301369863,37.0,0.32433623215717694,0.19661870114415378,0.2552052817248792,True,0.20928421873269323,True,9.628098103241424,4.588825948589027,6.8675403088472535,5.074191993150548,d3b5a0a9822f24ede21f24d2e7850d1105680901d7b151bced9452b5e0a199c7
2026-09-16,2026-09-04,12,2026-09-17T18:41:25.797939+00:00,AAPL,AAPL261023P00330000,put,2026-10-23,330.0,332.41,0.04027784649857017,0.003199130802197139,0.10136986301369863,37.0,0.32433623215717694,0.175907412290646,0.24864720989718508,True,0.19138563956216242,True,11.86264681541102,5.702432108661373,8.712392135292772,6.340385288663673,51004085946e5bbca2c476b8699af4e20ba621e86a6421e363a62d827fe3a370
2026-09-16,2026-09-04,12,2026-09-17T18:41:25.797939+00:00,AAPL,AAPL261023P00335000,put,2026-10-23,335.0,332.41,0.04027784649857017,0.003199130802197139,0.10136986301369863,37.0,0.32433623215717694,0.16061946257586932,0.24393776723955962,True,0.17801647151849984,True,14.387716851159382,7.479508094829839,10.994327954441985,8.21297966010576,357d4c2246c6336975fa4b9c408caff439d617f5b810f621167e395a0c0ae484
2026-09-16,2026-09-04,12,2026-09-17T18:41:25.797939+00:00,AAPL,AAPL261023P00340000,put,2026-10-23,340.0,332.41,0.04027784649857017,0.003199130802197139,0.10136986301369863,37.0,0.32433623215717694,0.1386103021772999,0.24103582781653166,True,0.15919096281753867,True,17.198280163855884,9.590573810417936,13.731006968249517,10.400513341560611,920e6053796dba41d4e2ed05b9b64679f67aa9e6c7ebe3a50c3b7e1d8e60ae90
2026-09-16,2026-09-04,12,2026-09-17T18:41:25.797939+00:00,AAPL,AAPL261023P00345000,put,2026-10-23,345.0,332.41,0.04027784649857017,0.003199130802197139,0.10136986301369863,37.0,0.32433623215717694,0.07734728907991978,0.2399292417920597,True,0.10357950125319447,True,20.283726126346664,11.627249276053703,16.911751591144878,12.197111105732006,31b19d028cc38b0bdd91e41e4e4d6a3b61813deb3a86fc8286508773982cb354
2026-09-16,2026-09-04,12,2026-09-17T18:41:25.797939+00:00,SPY,SPY260918C00580000,call,2026-09-18,580.0,754.05,0.04027784649857017,0.009935432207977397,0.005479452054794521,2.0,0.11473269422683792,0.855871379840607,0.11473269422683792,False,0.855871379840607,False,174.13694227133885,174.13709817675135,174.13694227133885,174.13709817675135,5bda194958fc96bdd4b0797158d54b9dffd0b33f0dd8f9c07f1a144d9015cde3
2026-09-16,2026-09-04,12,2026-09-17T18:41:25.797939+00:00,SPY,SPY260918C00616000,call,2026-09-18,616.0,754.05,0.04027784649857017,0.009935432207977397,0.005479452054794521,2.0,0.11473269422683792,0.7034380827009888,0.11473269422683792,False,0.7034380827009888,False,138.1448866136817,138.14530316169987,138.1448866136817,138.14530316169987,7d0bc835be633dd8e1cc8296ed1326f3bf3fdbd2ad2f76662059de2fdbfd4708
2026-09-16,2026-09-04,12,2026-09-17T18:41:25.797939+00:00,SPY,SPY260918C00635000,call,2026-09-18,635.0,754.05,0.04027784649857017,0.009935432207977397,0.005479452054794521,2.0,0.11473269422683792,0.6253858241340993,0.11473269422683792,False,0.6253858241340993,False,119.14907946102926,119.14985774722504,119.14907946102926,119.14985774722504,39b64679cb11a95db6d30f4107c15c18b7e4fc24f653eac1c0fbf673b26cb311
2026-09-16,2026-09-04,12,2026-09-17T18:41:25.797939+00:00,SPY,SPY260918C00655000,call,2026-09-18,655.0,754.05,0.04027784649857017,0.009935432207977397,0.005479452054794521,2.0,0.11473269422683792,0.5443978559753858,0.11473269422683792,False,0.5443978559753858,False,99.15349298455305,99.15515749555004,99.15349298455305,99.15515749555004,3df60e68d0c6bf35523daa03205c77ce595f021a0dbbe3879e5584a23e3d82f7
2026-09-16,2026-09-04,12,2026-09-17T18:41:25.797939+00:00,SPY,SPY260918C00674000,call,2026-09-18,674.0,754.05,0.04027784649857017,0.009935432207977397,0.005479452054794521,2.0,0.11473269422683792,0.4685911154714852,0.11473269422683792,False,0.4685911154714852,False,80.15768583190061,80.1616268656536,80.15768583190061,80.1616268656536,6bf70efbee296fb4a643b8eaa98971b7c0417a200b47778cad498780dc51889e
2026-09-16,2026-09-04,12,2026-09-17T18:41:25.797939+00:00,SPY,SPY260918C00693000,call,2026-09-18,693.0,754.05,0.04027784649857017,0.009935432207977397,0.005479452054794521,2.0,0.11473269422683792,0.3928531803092713,0.11473269422683792,False,0.3928531803092713,False,61.161878679248275,61.17291455911845,61.161878679248275,61.17291455911845,4fa4e4747676f8638dc20deda0414a0c196d84e59b8f62e3540f88214a3b63f8
2026-09-16,2026-09-04,12,2026-09-17T18:41:25.797939+00:00,SPY,SPY260918C00709000,call,2026-09-18,709.0,754.05,0.04027784649857017,0.009935432207977397,0.005479452054794521,2.0,0.11473269422683792,0.3297323745683538,0.11473269422683792,False,0.3297323745683538,False,45.16540949806733,45.19790980087453,45.16540949806733,45.19790980087453,bd847c560cbe45675ae405488d13089e12e5fc0c4b35746e1f05b5c38f278ef8
2026-09-16,2026-09-04,12,2026-09-17T18:41:25.797939+00:00,SPY,SPY260918C00724000,call,2026-09-18,724.0,754.05,0.04027784649857017,0.009935432207977397,0.005479452054794521,2.0,0.11473269422683792,0.2712464163034999,0.11473269422683792,False,0.2712464163034999,False,30.168720563832835,30.283737108221658,30.168720563832835,30.283737108221658,b9e1693c85fb92a4d8ac8a1ef3434a6bdd553a2819bc54def4dc13c26c87c1c6
2026-09-16,2026-09-04,12,2026-09-17T18:41:25.797939+00:00,SPY,SPY260918C00739000,call,2026-09-18,739.0,754.05,0.04027784649857017,0.009935432207977397,0.005479452054794521,2.0,0.11473269422683792,0.2151691084793467,0.11473269422683792,False,0.2151691084793467,False,15.18961975643208,15.741205158611706,15.18961975643208,15.741205158611706,7b9507281715f5747e36c70eef2b890402f3e1e8451b68979a3ccef36658b092
2026-09-16,2026-09-04,12,2026-09-17T18:41:25.797939+00:00,SPY,SPY260918C00747000,call,2026-09-18,747.0,754.05,0.04027784649857017,0.009935432207977397,0.005479452054794521,2.0,0.11473269422683792,0.18766147337205225,0.11473269422683792,False,0.18766147337205225,False,7.589418979270704,8.693220752765455,7.589418979270704,8.693220752765455,ab06c5ebc5eba3cea41dec9a4cc5148a270ba83ca939c03408a28ce9a426e9ab
2026-09-16,2026-09-04,12,2026-09-17T18:41:25.797939+00:00,SPY,SPY260918C00755000,call,2026-09-18,755.0,754.05,0.04027784649857017,0.009935432207977397,0.005479452054794521,2.0,0.11473269422683792,0.16415424508885673,0.11473269422683792,False,0.16415424508885673,False,2.165014766736066,3.2597029106968916,2.165014766736066,3.2597029106968916,5c3488f45699e8bcb76b42a706e10522ed9de55ba02cbaa277f9364537ef52ac
2026-09-16,2026-09-04,12,2026-09-17T18:41:25.797939+00:00,SPY,SPY260918C00762000,call,2026-09-18,762.0,754.05,0.04027784649857017,0.009935432207977397,0.005479452054794521,2.0,0.11473269422683792,0.14408659693965647,0.11473269422683792,False,0.14408659693965647,False,0.34991683639544036,0.7159027121793464,0.34991683639544036,0.7159027121793464,41480bfaa57dcafe0c67c4c387304f76d85cabc704a130b04e4de244db063e93
2026-09-16,2026-09-04,12,2026-09-17T18:41:25.797939+00:00,SPY,SPY260918C00770000,call,2026-09-18,770.0,754.05,0.04027784649857017,0.009935432207977397,0.005479452054794521,2.0,0.11473269422683792,0.12508946319091993,0.11473269422683792,False,0.12508946319091993,False,0.015354828079007784,0.030516270609250887,0.015354828079007784,0.030516270609250887,ea230f3803753206a16c9f8a3ee5aaf8987dade0f31db36385c718db8e583fac
2026-09-16,2026-09-04,12,2026-09-17T18:41:25.797939+00:00,SPY,SPY260918C00778000,call,2026-09-18,778.0,754.05,0.04027784649857017,0.009935432207977397,0.005479452054794521,2.0,0.11473269422683792,0.1119202388328021,0.11473269422683792,False,0.1119202388328021,False,0.000197269075013821,0.0001311534351816447,0.000197269075013821,0.0001311534351816447,1663fcbfae2588797b0cfa7522e8fc6e744d05fa6029a2ab26d23194f7babdf6
2026-09-16,2026-09-04,12,2026-09-17T18:41:25.797939+00:00,SPY,SPY260918C00786000,call,2026-09-18,786.0,754.05,0.04027784649857017,0.009935432207977397,0.005479452054794521,2.0,0.11473269422683792,0.10320899129050769,0.11473269422683792,False,0.10320899129050769,False,7.085403165866477e-07,3.223302718871242e-08,7.085403165866477e-07,3.223302718871242e-08,6996ce935a140aee3fc9c146b45356102b41d25dbc5ae883652ace8138c18f18
2026-09-16,2026-09-04,12,2026-09-17T18:41:25.797939+00:00,SPY,SPY260918C00793000,call,2026-09-18,793.0,754.05,0.04027784649857017,0.009935432207977397,0.005479452054794521,2.0,0.11473269422683792,0.09910353503938683,0.11473269422683792,False,0.09910353503938683,False,1.797704385446878e-09,3.094790421752174e-12,1.797704385446878e-09,3.094790421752174e-12,97df6eae5bfb1ef90636f546d2e02f655e5afefe84fa866b9b718d401f9a863d
2026-09-16,2026-09-04,12,2026-09-17T18:41:25.797939+00:00,SPY,SPY260918C00801000,call,2026-09-18,801.0,754.05,0.04027784649857017,0.009935432207977397,0.005479452054794521,2.0,0.11473269422683792,0.10051751513722386,0.11473269422683792,False,0.10051751513722386,False,5.904543456324391e-13,1.9779776852495261e-16,5.904543456324391e-13,1.9779776852495261e-16,3500e4ff98903a33f4a96b645c4edaf7186cc35b9995247f141dc791a1002423
2026-09-16,2026-09-04,12,2026-09-17T18:41:25.797939+00:00,SPY,SPY260918P00655000,put,2026-09-18,655.0,754.05,0.04027784649857017,0.009935432207977397,0.005479452054794521,2.0,0.11473269422683792,0.3379173507289103,0.11473269422683792,False,0.3379173507289103,False,1.2252006020845155e-62,2.5575019985795716e-08,1.2252006020845155e-62,2.5575019985795716e-08,994c7690e02c10c1141f4802f09025261b8b5e42caf0eef0da52c782f21b5035
2026-09-16,2026-09-04,12,2026-09-17T18:41:25.797939+00:00,SPY,SPY260918P00674000,put,2026-09-18,674.0,754.05,0.04027784649857017,0.009935432207977397,0.005479452054794521,2.0,0.11473269422683792,0.2962646789158178,0.11473269422683792,False,0.2962646789158178,False,1.2631533573795194e-40,4.2428347885941774e-07,1.2631533573795194e-40,4.2428347885941774e-07,fa0f87bb53554bda750ee9ed7d2e39806def99831b382f7a7a29ac7feaa7f74b
2026-09-16,2026-09-04,12,2026-09-17T18:41:25.797939+00:00,SPY,SPY260918P00693000,put,2026-09-18,693.0,754.05,0.04027784649857017,0.009935432207977397,0.005479452054794521,2.0,0.11473269422683792,0.251812446289276,0.11473269422683792,False,0.251812446289276,False,6.845978817939769e-24,7.746414630563204e-06,6.845978817939769e-24,7.746414630563204e-06,155b12db1354159ce02ee87e9869af210c2ca6630b730a979b65417ff66318e9
2026-09-16,2026-09-04,12,2026-09-17T18:41:25.797939+00:00,SPY,SPY260918P00709000,put,2026-09-18,709.0,754.05,0.04027784649857017,0.009935432207977397,0.005479452054794521,2.0,0.11473269422683792,0.21566324993866268,0.11473269422683792,False,0.21566324993866268,False,1.4479799759175438e-13,0.00014769833073437547,1.4479799759175438e-13,0.00014769833073437547,2de173763b5e2e17fc1a1830adde6f501ef11c1cd764a1fcdbad1df8d04611be
2026-09-16,2026-09-04,12,2026-09-17T18:41:25.797939+00:00,SPY,SPY260918P00724000,put,2026-09-18,724.0,754.05,0.04027784649857017,0.009935432207977397,0.005479452054794521,2.0,0.11473269422683792,0.18450499556506375,0.11473269422683792,False,0.18450499556506375,False,9.231227025871123e-07,0.003997258723322532,9.231227025871123e-07,0.003997258723322532,37b10949fac4bffe528859d5d87f5a5e58cc48854ecdc833b162316692fbdf0d
2026-09-16,2026-09-04,12,2026-09-17T18:41:25.797939+00:00,SPY,SPY260918P00739000,put,2026-09-18,739.0,754.05,0.04027784649857017,0.009935432207977397,0.005479452054794521,2.0,0.11473269422683792,0.15597984276672322,0.11473269422683792,False,0.15597984276672322,False,0.017589973079160083,0.13579690014089182,0.017589973079160083,0.13579690014089182,84b633423304c6d822e40869827fe09d11fcd572e1f12a31c2ede4b62376b627
2026-09-16,2026-09-04,12,2026-09-17T18:41:25.797939+00:00,SPY,SPY260918P00747000,put,2026-09-18,747.0,754.05,0.04027784649857017,0.009935432207977397,0.005479452054794521,2.0,0.11473269422683792,0.1418611006482967,0.11473269422683792,False,0.1418611006482967,False,0.4156237865082533,0.7764832317090137,0.4156237865082533,0.7764832317090137,5599e0c5597be2aee81d32f832f51d2b6e7ea6aa743e38007fcbc82b42d7a116
2026-09-16,2026-09-04,12,2026-09-17T18:41:25.797939+00:00,SPY,SPY260918P00755000,put,2026-09-18,755.0,754.05,0.04027784649857017,0.009935432207977397,0.005479452054794521,2.0,0.11473269422683792,0.12882188413100806,0.11473269422683792,False,0.12882188413100806,False,2.9894541645641084,3.3010359254689092,2.9894541645641084,3.3010359254689092,78384c0e53504b988d84fb7c92578bcb4723d3fb459c51d34a7237b7705b6e4b
2026-09-16,2026-09-04,12,2026-09-17T18:41:25.797939+00:00,SPY,SPY260918P00762000,put,2026-09-18,762.0,754.05,0.04027784649857017,0.009935432207977397,0.005479452054794521,2.0,0.11473269422683792,0.11808783805034521,0.11473269422683792,False,0.11808783805034521,False,8.172811500990179,8.209456786553233,8.172811500990179,8.209456786553233,0f34adf2410568315f8e65ac579e0dadc8a47919d14a02a813149c512b4d537b
2026-09-16,2026-09-04,12,2026-09-17T18:41:25.797939+00:00,SPY,SPY260918P00770000,put,2026-09-18,770.0,754.05,0.04027784649857017,0.009935432207977397,0.005479452054794521,2.0,0.11473269422683792,0.10732126805944438,0.11473269422683792,False,0.10732126805944438,False,15.836484083264168,15.829605032712266,15.836484083264168,15.829605032712266,3fe6ead0137bebf67313f7aa25974a2b9935195070d5b831e01e911f12d88729
2026-09-16,2026-09-04,12,2026-09-17T18:41:25.797939+00:00,SPY,SPY260918P00778000,put,2026-09-18,778.0,754.05,0.04027784649857017,0.009935432207977397,0.005479452054794521,2.0,0.11473269422683792,0.09872807941197974,0.11473269422683792,False,0.09872807941197974,False,23.81956111485067,23.819376337826384,23.81956111485067,23.819376337826384,3911f0f63adb519ae27b55a36ef0f96ac3c3ca14a49270289a2f426260719add
2026-09-16,2026-09-04,12,2026-09-17T18:41:25.797939+00:00,SPY,SPY260918P00786000,put,2026-09-18,786.0,754.05,0.04027784649857017,0.009935432207977397,0.005479452054794521,2.0,0.11473269422683792,0.11091490742002347,0.11473269422683792,False,0.11091490742002347,False,31.81759914490658,31.81759871754491,31.81759914490658,31.81759871754491,6e46d11b860b98a4abc5f3b9f5deeedcbc9b4102ec7f821a985485cd5d3f2812
2026-09-16,2026-09-04,12,2026-09-17T18:41:25.797939+00:00,SPY,SPY260918P00793000,put,2026-09-18,793.0,754.05,0.04027784649857017,0.009935432207977397,0.005479452054794521,2.0,0.11473269422683792,0.09017539438809523,0.11473269422683792,False,0.09017539438809523,False,38.816053704930596,38.816053703132866,38.816053704930596,38.816053703132866,c6d632a20991fbd372a0f74424b8f55bcc901c59ec2d8bf3e2fb0525d812e044
2026-09-16,2026-09-04,12,2026-09-17T18:41:25.797939+00:00,SPY,SPY261002C00580000,call,2026-10-02,580.0,754.05,0.04027784649857017,0.009935432207977397,0.043835616438356165,16.0,0.11473269422683792,0.573992378017642,0.5141962617268586,True,0.5906760816971609,True,174.7448102300682,175.1380124217227,174.91084245809066,175.22654572514602,90cf2e963c96be9d7ab3477458590e73c75c1a99b2ddb18df35660f290a27371
2026-09-16,2026-09-04,12,2026-09-17T18:41:25.797939+00:00,SPY,SPY261002C00615000,call,2026-10-02,615.0,754.05,0.04027784649857017,0.009935432207977397,0.043835616438356165,16.0,0.11473269422683792,0.4730615140790089,0.3830950171614845,True,0.46409420245678573,True,139.8065518564432,140.2774777148146,139.8977441135919,140.22033190716456,a272aa307a8fb438ddeb4d0c348f54a7c51f720697dd185d4e1ccce0ed17769f
2026-09-16,2026-09-04,12,2026-09-17T18:41:25.797939+00:00,SPY,SPY261002C00635000,call,2026-10-02,635.0,754.05,0.04027784649857017,0.009935432207977397,0.043835616438356165,16.0,0.11473269422683792,0.4178024523768494,0.3177242514347274,True,0.4018234341652633,True,119.8418327858011,120.38358688566257,119.90844741719059,120.26328850623293,2c6e4f6dd55aafa8d7f6ee39912b7f68844bf4f3efc69279251e406f73e08950
2026-09-16,2026-09-04,12,2026-09-17T18:41:25.797939+00:00,SPY,SPY261002C00655000,call,2026-10-02,655.0,754.05,0.04027784649857017,0.009935432207977397,0.043835616438356165,16.0,0.11473269422683792,0.3646661328063437,0.2684124005881711,True,0.3464684878535302,True,99.87711371957334,100.5305545789771,99.94921317008391,100.35827951566205,9eb6ea1d1c2a9c564d9ceb34eef85378a11fd3e717a43dc7c98084ee91100115
2026-09-16,2026-09-04,12,2026-09-17T18:41:25.797939+00:00,SPY,SPY261002C00675000,call,2026-10-02,675.0,754.05,0.04027784649857017,0.009935432207977397,0.043835616438356165,16.0,0.11473269422683792,0.31283944687072535,0.23170896566942933,True,0.29663599821647096,True,79.91239985996492,80.74284979542801,80.0352107240011,80.53675941875122,017e3f7cb5a1701d85f3dbc4cfff3841be043df9f5a99a07d7d412eaf32d5d19
2026-09-16,2026-09-04,12,2026-09-17T18:41:25.797939+00:00,SPY,SPY261002C00695000,call,2026-10-02,695.0,754.05,0.04027784649857017,0.009935432207977397,0.043835616438356165,16.0,0.11473269422683792,0.26298778307752346,0.204911067154986,True,0.25184307781753734,True,59.948912959328595,61.10058136898033,60.26327205026871,60.89432087217665,9eb964a2a33bed5f85f0d14d35b5f4f707c88a947ca44d56779abee3a2a7fc0c
2026-09-16,2026-09-04,12,2026-09-17T18:41:25.797939+00:00,SPY,SPY261002C00710000,call,2026-10-02,710.0,754.05,0.04027784649857017,0.009935432207977397,0.043835616438356165,16.0,0.11473269422683792,0.22770591070935964,0.19007951680111806,True,0.22152378359986938,True,45.00319754730219,46.59257882190923,45.741077911472985,46.432250378500044,bc7a8209b76fe7911bf90d902605f6ebc6d74bd74496cf478917972d33a32b21
2026-09-16,2026-09-04,12,2026-09-17T18:41:25.797939+00:00,SPY,SPY261002C00724000,call,2026-10-02,724.0,754.05,0.04027784649857017,0.009935432207977397,0.043835616438356165,16.0,0.11473269422683792,0.19295840570271316,0.1796778637706152,True,0.1928286839762362,True,31.28676189915518,33.30125184241058,32.842936121222124,33.2965957806357,36f0c774a1ade55ec3a44a34b720b0084761040a0ca964e0274dfa3ed51f0064
2026-09-16,2026-09-04,12,2026-09-17T18:41:25.797939+00:00,SPY,SPY261002C00739000,call,2026-10-02,739.0,754.05,0.04027784649857017,0.009935432207977397,0.043835616438356165,16.0,0.11473269422683792,0.15361082701082043,0.17178091496675552,True,0.16082147733362304,True,17.841850885600252,19.63975508065755,20.566572853818002,20.00256430782167,1e13eddfe51d4242db52d3c28696d8ec59fcdcd46d6c577d3feaaedb6ba0015c
2026-09-16,2026-09-04,12,2026-09-17T18:41:25.797939+00:00,SPY,SPY261002C00747000,call,2026-10-02,747.0,754.05,0.04027784649857017,0.009935432207977397,0.043835616438356165,16.0,0.11473269422683792,0.16494568989926361,0.16883014386447093,True,0.16850576290189948,True,11.908254124105952,14.841986072934901,15.074000009686529,15.05460588770859,17c825b04a21973aaf9c80ac4f70df2857e7e88e5d71fd244d75e1204edd331f
2026-09-16,2026-09-04,12,2026-09-17T18:41:25.797939+00:00,SPY,SPY261002C00755000,call,2026-10-02,755.0,754.05,0.04027784649857017,0.009935432207977397,0.043835616438356165,16.0,0.11473269422683792,0.14170793103564036,0.16671105128222202,True,0.1500840923647959,True,7.249430494110015,8.947453874039866,10.521275980856785,9.474698783572421,a9f39e9a19e4c747bcbc4d05f9f0f0486cdda801565c758412ecc469309d99b7
2026-09-16,2026-09-04,12,2026-09-17T18:41:25.797939+00:00,SPY,SPY261002C00762000,call,2026-10-02,762.0,754.05,0.04027784649857017,0.009935432207977397,0.043835616438356165,16.0,0.11473269422683792,0.13139399890117134,0.16552130986857533,True,0.14161082478540465,True,4.310026856720554,5.298906743555845,7.364182333748778,5.912624308308959,c93d73c9ffaa877aebe1adf8aa1f8d4edc7c53419f6604c4b8707689a15ec918
2026-09-16,2026-09-04,12,2026-09-17T18:41:25.797939+00:00,SPY,SPY261002C00770000,call,2026-10-02,770.0,754.05,0.04027784649857017,0.009935432207977397,0.043835616438356165,16.0,0.11473269422683792,0.12145207828705622,0.1649097260580994,True,0.13343244666769913,True,2.1364316536004124,2.448333969634715,4.6696076429471685,3.029526480316021,b7ece21bb27d6e96d1b1cb2c341d874d10a902518e0947d14351948e3b28c6b2
2026-09-16,2026-09-04,12,2026-09-17T18:41:25.797939+00:00,SPY,SPY261002C00778000,call,2026-10-02,778.0,754.05,0.04027784649857017,0.009935432207977397,0.043835616438356165,16.0,0.11473269422683792,0.11296158230983175,0.16509375928018977,True,0.12647610218856267,True,0.9368996113274906,0.8854724447481539,2.824746297147489,1.308154231673909,01988095fad5c76fd53ff96913d1c3db094afc8ab6c12f0348c898e7a95e50c8
2026-09-16,2026-09-04,12,2026-09-17T18:41:25.797939+00:00,SPY,SPY261002C00786000,call,2026-10-02,786.0,754.05,0.04027784649857017,0.009935432207977397,0.043835616438356165,16.0,0.11473269422683792,0.10641728625515977,0.16608115561533532,True,0.12118328066257109,True,0.36140487144440747,0.24284952851129,1.64328172062247,0.47177384046196386,6916de2e331bef5a8614408cc7a96a63faee1c8a2c4b00ce4d71a9f0cf811b5c
2026-09-16,2026-09-04,12,2026-09-17T18:41:25.797939+00:00,SPY,SPY261002C00793000,call,2026-10-02,793.0,754.05,0.04027784649857017,0.009935432207977397,0.043835616438356165,16.0,0.11473269422683792,0.10226666865728662,0.16761853666354562,True,0.11794125517168126,True,0.14094482060543925,0.062335335401478356,0.9999779960604225,0.16823428864690715,73cf5fc2e7531d362fdbc2ded90aa49785007a4eb04164e29fc9437eaab124f0
2026-09-16,2026-09-04,12,2026-09-17T18:41:25.797939+00:00,SPY,SPY261002C00801000,call,2026-10-02,801.0,754.05,0.04027784649857017,0.009935432207977397,0.043835616438356165,16.0,0.11473269422683792,0.10021295995702813,0.17017160964821285,True,0.11663120716863631,True,0.04238582386607461,0.011768979646202493,0.5598902802946943,0.048675492392479466,9cb81c441a659e5fd37a8f3812c6b605850390d48deb0da3a7603603abe283eb
2026-09-16,2026-09-04,12,2026-09-17T18:41:25.797939+00:00,SPY,SPY261002C00816000,call,2026-10-02,816.0,754.05,0.04027784649857017,0.009935432207977397,0.043835616438356165,16.0,0.11473269422683792,0.10341080067721428,0.17739649630308316,True,0.12065338505800739,True,0.003100662566399597,0.000704290678471236,0.19347876876336867,0.005832293074690842,c69486065564b4d7d3b1b7460f87252fa640cfb4d324e8ae377853366b166856
2026-09-16,2026-09-04,12,2026-09-17T18:41:25.797939+00:00,SPY,SPY261002P00580000,put,2026-10-02,580.0,754.05,0.04027784649857017,0.009935432207977397,0.043835616438356165,16.0,0.11473269422683792,0.40704185201265486,0.5141962617268586,True,0.46456841036366564,True,3.384514653657162e-28,0.015309300919996514,0.16603222802243556,0.0654823161624086,e4ce895a8cc75fa6e89e1b24ffab2678c2f28d562f5dbe099e6a3df73d109654
2026-09-16,2026-09-04,12,2026-09-17T18:41:25.797939+00:00,SPY,SPY261002P00615000,put,2026-10-02,615.0,754.05,0.04027784649857017,0.009935432207977397,0.043835616438356165,16.0,0.11473269422683792,0.3480848788123864,0.4121613210110457,True,0.3750430974214511,True,1.2407194165439534e-17,0.03583069194235193,0.1707116992926908,0.07500693769639083,a2e24ce71aa72df13023754c37982009bfc30436a2a69a2c8f116fb6f0c95a76
2026-09-16,2026-09-04,12,2026-09-17T18:41:25.797939+00:00,SPY,SPY261002P00635000,put,2026-10-02,635.0,754.05,0.04027784649857017,0.009935432207977397,0.043835616438356165,16.0,0.11473269422683792,0.3162071401787972,0.34183072429099887,True,0.33150761154560693,True,6.276444919863036e-13,0.06370567297436085,0.12679601001687862,0.09763568909554403,518b94acedbae1dd56d0a75bde2bd4a950935d227dd3845bba5556051c7019e0
2026-09-16,2026-09-04,12,2026-09-17T18:41:25.797939+00:00,SPY,SPY261002P00655000,put,2026-10-02,655.0,754.05,0.04027784649857017,0.009935432207977397,0.043835616438356165,16.0,0.11473269422683792,0.28304811795602286,0.2887774694170286,True,0.2911879026140813,True,4.415816690907207e-09,0.11356473476548273,0.13359279571960403,0.14270584244233633,fd84b5b2222fc0a19e5efe4c7ff683568213ad14d2596458bdc8ade5f97aa248
2026-09-16,2026-09-04,12,2026-09-17T18:41:25.797939+00:00,SPY,SPY261002P00675000,put,2026-10-02,675.0,754.05,0.04027784649857017,0.009935432207977397,0.043835616438356165,16.0,0.11473269422683792,0.24957071592461508,0.24928926011104624,True,0.25437671367990405,True,5.215450202750999e-06,0.21254131804800322,0.21086702349433356,0.2424872604559106,a44324e0d75a04e9a6f61f6657045d3433bc2b99dec54b521a180d53bbd3c292
2026-09-16,2026-09-04,12,2026-09-17T18:41:25.797939+00:00,SPY,SPY261002P00695000,put,2026-10-02,695.0,754.05,0.04027784649857017,0.009935432207977397,0.043835616438356165,16.0,0.11473269422683792,0.2174150210176111,0.2204581431368019,True,0.22169319497225473,True,0.0012373854567671893,0.44592345288060936,0.4817670109634888,0.49677913015199004,2dca05d72ba0bf053418d80dcc0e9c7bdb4b095f51d9259e5dbed9812b7844b5
2026-09-16,2026-09-04,12,2026-09-17T18:41:25.797939+00:00,SPY,SPY261002P00710000,put,2026-10-02,710.0,754.05,0.04027784649857017,0.009935432207977397,0.043835616438356165,16.0,0.11473269422683792,0.19383912220189808,0.20450128879871673,True,0.19924085768806427,True,0.02906127641242881,0.8380405213951632,1.0571473459727163,0.9458556837947961,7eca50845d994a4148e239c2a7bd83884af79d455ca135857e03624a7a8243e9
2026-09-16,2026-09-04,12,2026-09-17T18:41:25.797939+00:00,SPY,SPY261002P00724000,put,2026-10-02,724.0,754.05,0.04027784649857017,0.009935432207977397,0.043835616438356165,16.0,0.11473269422683792,0.17316573302737262,0.1933104383263822,True,0.1802888094225944,True,0.28792897771541115,1.6338251919954174,2.3150713516840264,1.864339171464605,dceab9399648a55add1585d5ca4f0e05a76a11329853054fcf7d76616d55c3fd
2026-09-16,2026-09-04,12,2026-09-17T18:41:25.797939+00:00,SPY,SPY261002P00739000,put,2026-10-02,739.0,754.05,0.04027784649857017,0.009935432207977397,0.043835616438356165,16.0,0.11473269422683792,0.15229583947425746,0.1848143297758932,True,0.16177607382065237,True,1.8165572671426597,3.5490825733281124,5.228816599559208,4.025820572683872,2b722a18db04cd2efbb52e3f2023b2b504f63c38cfd6cfbd8e4cf3c908a2abe5
2026-09-16,2026-09-04,12,2026-09-17T18:41:25.797939+00:00,SPY,SPY261002P00747000,put,2026-10-02,747.0,754.05,0.04027784649857017,0.009935432207977397,0.043835616438356165,16.0,0.11473269422683792,0.14171499063052112,0.18163967685419735,True,0.15258638413281994,True,3.86884813390549,5.4274371590159,7.803000839657854,6.068052855675616,f9b6265730de1080042af9a6ef33b21e072753bef42562313dbbc300662b8c0a
2026-09-16,2026-09-04,12,2026-09-17T18:41:25.797939+00:00,SPY,SPY261002P00755000,put,2026-10-02,755.0,754.05,0.04027784649857017,0.009935432207977397,0.043835616438356165,16.0,0.11473269422683792,0.1316547500320564,0.17935980382291683,True,0.14393923797737634,True,7.195912132166601,8.261120330343156,11.263907402874683,9.034387778703415,e5d205cd4b622d683eba6514890e74888c7ee8e835da8c1303992455dec39ca9
2026-09-16,2026-09-04,12,2026-09-17T18:41:25.797939+00:00,SPY,SPY261002P00762000,put,2026-10-02,762.0,754.05,0.04027784649857017,0.009935432207977397,0.043835616438356165,16.0,0.11473269422683792,0.12326679576621484,0.1780797939800755,True,0.1367873379954644,True,11.244160169502265,11.748559068717668,15.067085521449371,12.556427977543763,0a9c6f8c5a6ed957ffdfa1077c3a30070eb1a18d47c5d4ab0905936afc42cd6c
2026-09-16,2026-09-04,12,2026-09-17T18:41:25.797939+00:00,SPY,SPY261002P00770000,put,2026-10-02,770.0,754.05,0.04027784649857017,0.009935432207977397,0.043835616438356165,16.0,0.11473269422683792,0.11455731012256987,0.17742180789322312,True,0.1294000909196707,True,17.056452594639268,17.048464610962014,20.27433924627894,17.75067352217286,59c74a18ea6ec66c60dd53bff823265ae7469ae1c99bbeab93465b649a7d64cc
2026-09-16,2026-09-04,12,2026-09-17T18:41:25.797939+00:00,SPY,SPY261002P00778000,put,2026-10-02,778.0,754.05,0.04027784649857017,0.009935432207977397,0.043835616438356165,16.0,0.11473269422683792,0.10762508662541509,0.17761980414096526,True,0.12356255778844961,True,23.84280818062348,23.64425476687336,26.29548815935709,24.11727131039538,7e439de67d0f1f7582720b6b90ea9c5379197a83bccbb357a0fa0b28d67b3284
2026-09-16,2026-09-04,12,2026-09-17T18:41:25.797939+00:00,SPY,SPY261002P00786000,put,2026-10-02,786.0,754.05,0.04027784649857017,0.009935432207977397,0.043835616438356165,16.0,0.11473269422683792,0.10291397602735726,0.1786821165168099,True,0.1196958753909886,True,31.25320106899744,31.092704429701826,32.97049686285504,31.33670727500987,9e05cbaeefd3372babbdaf876b20acb46b8d9e02b962d7e4ef4f282a34d5cfac
2026-09-16,2026-09-04,12,2026-09-17T18:41:25.797939+00:00,SPY,SPY261002P00793000,put,2026-10-02,793.0,754.05,0.04027784649857017,0.009935432207977397,0.043835616438356165,16.0,0.11473269422683792,0.11600214474472169,0.18033614221628957,True,0.13096924043964348,True,38.02039269288355,38.03082544265169,39.21079160926922,38.19088275259264,4e494188bba760728936d87f0ac9e65c546962374e3c5cb4fad1a0f15ef64815
2026-09-16,2026-09-04,12,2026-09-17T18:41:25.797939+00:00,SPY,SPY261002P00801000,put,2026-10-02,801.0,754.05,0.04027784649857017,0.009935432207977397,0.043835616438356165,16.0,0.11473269422683792,0.10753420975704443,0.18308292274555574,True,0.12434094873526269,True,45.90772132440134,45.88905084554119,46.658873196139325,45.946305392258864,f483b0e26bd68403cd529e3484785e2afc952bd9618c68434bbf7a2dd8ed161c
2026-09-16,2026-09-04,12,2026-09-17T18:41:25.797939+00:00,SPY,SPY261002P00816000,put,2026-10-02,816.0,754.05,0.04027784649857017,0.009935432207977397,0.043835616438356165,16.0,0.11473269422683792,0.12947095946243775,0.19085597823943914,True,0.14405465483283092,True,60.841975466083795,60.85190623170354,61.1484448706492,60.87647255447894,2be711416839a68880ecaf212821dd6070f12b3bd54d1c82b7116c9d765c2901
2026-09-16,2026-09-04,12,2026-09-17T18:41:25.797939+00:00,SPY,SPY261002P00830000,put,2026-10-02,830.0,754.05,0.04027784649857017,0.009935432207977397,0.043835616438356165,16.0,0.11473269422683792,0.15761995342442742,0.2015324346992937,True,0.16890439137687724,True,74.81435506635,74.82995687463767,74.95828834308122,74.84619747054114,62c6e8b1e119a5a5e6d4ba82a4f158c73ca99f16584b5c3841fb4eea8a069140
2026-09-16,2026-09-04,12,2026-09-17T18:41:25.797939+00:00,SPY,SPY261002P00845000,put,2026-10-02,845.0,754.05,0.04027784649857017,0.009935432207977397,0.043835616438356165,16.0,0.11473269422683792,0.18813210753945753,0.21724609648974838,True,0.19635208791077144,True,89.78772273949994,89.8074042328218,89.86636096190682,89.81841023617324,82699b473724d440a9810bbf91593d1f504ff7939691824042c02cf8b25ffcf7
2026-09-16,2026-09-04,12,2026-09-17T18:41:25.797939+00:00,SPY,SPY261002P00865000,put,2026-10-02,865.0,754.05,0.04027784649857017,0.009935432207977397,0.043835616438356165,16.0,0.11473269422683792,0.22781225773263497,0.24667643592380054,True,0.23412786516602305,True,109.75243655122324,109.77715592219795,109.80745668512452,109.78534762233801,84bc498edbbd9eef2fcc037a58a50b1316d24912924f68c5fa76b268b40719ee
2026-09-16,2026-09-04,12,2026-09-17T18:41:25.797939+00:00,SPY,SPY261002P00885000,put,2026-10-02,885.0,754.05,0.04027784649857017,0.009935432207977397,0.043835616438356165,16.0,0.11473269422683792,0.26579144181650427,0.2888145841095466,True,0.2741176522764021,True,129.71715559728955,129.7459790924238,129.78357816534765,129.75695238679702,c990fa76a378648207eb1b0755bf5fd5bd1841783250d6eaca4cd4b620c9e9f9
2026-09-16,2026-09-04,12,2026-09-17T18:41:25.797939+00:00,SPY,SPY261002P00905000,put,2026-10-02,905.0,754.05,0.04027784649857017,0.009935432207977397,0.043835616438356165,16.0,0.11473269422683792,0.30267856003662436,0.348601388060901,True,0.31812925727743313,True,149.6818746678781,149.71451751744337,149.8094463432535,149.73648004906886,3705b61456d88a94425c5931faca36ad1015a567a43c0c9d0da2baeca21434d5
2026-09-16,2026-09-04,12,2026-09-17T18:41:25.797939+00:00,SPY,SPY261002P00925000,put,2026-10-02,925.0,754.05,0.04027784649857017,0.009935432207977397,0.043835616438356165,16.0,0.11473269422683792,0.338371169103082,0.43363837784471576,True,0.3675001454978854,True,169.6465937385209,169.68260962212514,169.980281785045,169.72964848552135,8f7dfbb21b7869a149c10c8d18ca9f1bbd9f7df5464f9c3ee433cfb39ace82c9
2026-09-16,2026-09-04,12,2026-09-17T18:41:25.797939+00:00,SPY,SPY261002P00930000,put,2026-10-02,930.0,754.05,0.04027784649857017,0.009935432207977397,0.043835616438356165,16.0,0.11473269422683792,0.34659596329989345,0.46010252109447114,True,0.3804479871304744,True,174.6377735061816,174.6739769214596,175.07423558399978,174.73032000204478,80ba8f5384330c1c7e9b1b14007cf999b2b3bb229dad8ae443218db52073d052
2026-09-16,2026-09-04,12,2026-09-17T18:41:25.797939+00:00,SPY,SPY261016C00580000,call,2026-10-16,580.0,754.05,0.04027784649857017,0.009935432207977397,0.0821917808219178,30.0,0.11473269422683792,0.4702829108920024,0.4157528435778814,True,0.46899655146720887,True,175.35140578843323,176.1794336288542,175.7112366147876,176.16545315124995,52da9da800f8749c819ccea6729e8a264a2582cece68eb23e1debef7062f6cc1
2026-09-16,2026-09-04,12,2026-09-17T18:41:25.797939+00:00,SPY,SPY261016C00615000,call,2026-10-16,615.0,754.05,0.04027784649857017,0.009935432207977397,0.0821917808219178,30.0,0.11473269422683792,0.3963126059925813,0.32027290842167294,True,0.3850961604405695,True,140.46708198750298,141.5244824981454,140.73328313134175,141.36491312062844,1686645cbe771e3f4aa9fc58d7e6b5631fd7617ac6074dd7b3cbfb1615818ee2
2026-09-16,2026-09-04,12,2026-09-17T18:41:25.797939+00:00,SPY,SPY261016C00635000,call,2026-10-16,635.0,754.05,0.04027784649857017,0.009935432207977397,0.0821917808219178,30.0,0.11473269422683792,0.35555904321736786,0.2770572255525461,True,0.34139703062174487,True,120.53318290488266,121.78767725376372,120.80510173383175,121.54392948865677,1b9ec57254526dc6b265ebe5a483b0b48b79784133b809db814bc4a6ba615d78
2026-09-16,2026-09-04,12,2026-09-17T18:41:25.797939+00:00,SPY,SPY261016C00655000,call,2026-10-16,655.0,754.05,0.04027784649857017,0.009935432207977397,0.0821917808219178,30.0,0.11473269422683792,0.3162681945757244,0.24191803470110756,True,0.30138448975126275,True,100.59931527875608,102.14494296752105,100.9441719704281,101.82319558425252,5183f2cf2a0062947acac8cec79eb043789fe74c2b69f6f4283f6716e56e1409
2026-09-16,2026-09-04,12,2026-09-17T18:41:25.797939+00:00,SPY,SPY261016C00675000,call,2026-10-16,675.0,754.05,0.04027784649857017,0.009935432207977397,0.0821917808219178,30.0,0.11473269422683792,0.2780995142925314,0.21405967514343804,True,0.26471771603603345,True,80.66710148426364,82.65428498159781,81.22134504394114,82.27674022438941,bc90c5b3db89592b52b459adbfcc7fc902c42146d5e5da70b65fbd6b42dc7e5e
2026-09-16,2026-09-04,12,2026-09-17T18:41:25.797939+00:00,SPY,SPY261016C00695000,call,2026-10-16,695.0,754.05,0.04027784649857017,0.009935432207977397,0.0821917808219178,30.0,0.11473269422683792,0.24142067884616872,0.19256031962421408,True,0.23135885649330531,True,60.771592129554165,63.454700166617954,61.84176904978142,63.06962141918757,ad955892379b93b9bbeb2c717f97a603bedba5cd082da345a33f168b41e700f9
2026-09-16,2026-09-04,12,2026-09-17T18:41:25.797939+00:00,SPY,SPY261016C00709000,call,2026-10-16,709.0,754.05,0.04027784649857017,0.009935432207977397,0.0821917808219178,30.0,0.11473269422683792,0.21630796650265774,0.180828648323478,True,0.20952543232925658,True,47.01131411878305,50.311561303428334,48.74590605365927,49.9855968034891,33ddad97a8766832d730084977d88dbde61f4f9addee31cd5490153dec40a8d9
2026-09-16,2026-09-04,12,2026-09-17T18:41:25.797939+00:00,SPY,SPY261016C00724000,call,2026-10-16,724.0,754.05,0.04027784649857017,0.009935432207977397,0.0821917808219178,30.0,0.11473269422683792,0.19181554711931398,0.17096119423580966,True,0.18866718484598452,True,32.903163759475774,36.831763353625206,35.587023592032324,36.63770845988165,d5af7f903bb837f678ec7c5faec3108434d3d990624227c0c6bb84df800cc5b4
2026-09-16,2026-09-04,12,2026-09-17T18:41:25.797939+00:00,SPY,SPY261016C00739000,call,2026-10-16,739.0,754.05,0.04027784649857017,0.009935432207977397,0.0821917808219178,30.0,0.11473269422683792,0.17865838382731744,0.16364505083062827,True,0.1767469177866962,True,20.44491363894099,25.12452703550673,23.975249952529907,24.97704613631572,3d2f3e0affcc938cf30b2845777a8a516baca010522cef682e86cb3f63ed6fed
2026-09-16,2026-09-04,12,2026-09-17T18:41:25.797939+00:00,SPY,SPY261016C00747000,call,2026-10-16,747.0,754.05,0.04027784649857017,0.009935432207977397,0.0821917808219178,30.0,0.11473269422683792,0.16661932221342174,0.16071974197195843,True,0.16700628079485785,True,14.914485660568516,19.163084294147097,18.6738140830073,19.19521440432618,0961856dabf970137e69b6401bb99f6d94885b6c255b8898610896ad66b47c2a
2026-09-16,2026-09-04,12,2026-09-17T18:41:25.797939+00:00,SPY,SPY261016C00755000,call,2026-10-16,755.0,754.05,0.04027784649857017,0.009935432207977397,0.0821917808219178,30.0,0.11473269422683792,0.14670553861443988,0.15844633497453475,True,0.1514417614140862,True,10.352135563549496,13.103619197163994,14.114085756168947,13.511237104433917,2a03ffc40e0a2161cdb4006e36a8ceb0f323ff63cef6a82fd75fd4ecd0631c55
2026-09-16,2026-09-04,12,2026-09-17T18:41:25.797939+00:00,SPY,SPY261016C00762000,call,2026-10-16,762.0,754.05,0.04027784649857017,0.009935432207977397,0.0821917808219178,30.0,0.11473269422683792,0.1382056516328745,0.15698046794490567,True,0.1445285095881254,True,7.194190756375124,9.1755173505799,10.770671115304525,9.711903633991048,4769b83a00d56b39abce5543a35b0e0ba7792180707f1068a58ce6c1fa539998
2026-09-16,2026-09-04,12,2026-09-17T18:41:25.797939+00:00,SPY,SPY261016C00770000,call,2026-10-16,770.0,754.05,0.04027784649857017,0.009935432207977397,0.0821917808219178,30.0,0.11473269422683792,0.1293865361545577,0.1558954225354192,True,0.13738942946799046,True,4.495723992056061,5.6043270392367335,7.684851530434303,6.223795800773168,13796cbbafd9d835e62a1be50558298bcd80331828358c5c7fc8d41d5730d28f
2026-09-16,2026-09-04,12,2026-09-17T18:41:25.797939+00:00,SPY,SPY261016C00778000,call,2026-10-16,778.0,754.05,0.04027784649857017,0.009935432207977397,0.0821917808219178,30.0,0.11473269422683792,0.1216104521111376,0.15543718134185072,True,0.1311357988987397,True,2.6436536761969864,3.062700999741975,5.32934845776122,3.6698661286701166,6f55bcc5d498a0a5c47317884380847cc4ac143fe9defe20fa0b276268ceece0
2026-09-16,2026-09-04,12,2026-09-17T18:41:25.797939+00:00,SPY,SPY261016C00786000,call,2026-10-16,786.0,754.05,0.04027784649857017,0.009935432207977397,0.0821917808219178,30.0,0.11473269422683792,0.11551454296670391,0.15560898620169955,True,0.126290320769335,True,1.4594132395192634,1.4935826607663707,3.606759056689161,1.9958571697443876,52f66898a5e1395518d17d9f465898843ade37930bc746f32f1180cabc10843f
2026-09-16,2026-09-04,12,2026-09-17T18:41:25.797939+00:00,SPY,SPY261016C00793000,call,2026-10-16,793.0,754.05,0.04027784649857017,0.009935432207977397,0.0821917808219178,30.0,0.11473269422683792,0.11140196509670014,0.15628376253571039,True,0.12310636315484826,True,0.8228766771930226,0.7241027427687887,2.524085254671561,1.098504390307393,d5a05dbcc44217ddf34e398995a526d651f5cbf9880c2178ff1602c581814a35
2026-09-16,2026-09-04,12,2026-09-17T18:41:25.797939+00:00,SPY,SPY261016C00800000,call,2026-10-16,800.0,754.05,0.04027784649857017,0.009935432207977397,0.0821917808219178,30.0,0.11473269422683792,0.1083859345739414,0.15745945411855716,True,0.12089365397393173,True,0.4411916343083036,0.32404948477275775,1.750817331859299,0.5749070482119278,0c352b087ff50cfbfeff3febb8307b6dc6b5736442ae9896317beea3cc2f4f6c
2026-09-16,2026-09-04,12,2026-09-17T18:41:25.797939+00:00,SPY,SPY261016C00815000,call,2026-10-16,815.0,754.05,0.04027784649857017,0.009935432207977397,0.0821917808219178,30.0,0.11473269422683792,0.10564139452632057,0.16174385840021877,True,0.11953154810880243,True,0.0977776977946531,0.04986806726175334,0.799280929570038,0.13270035833256094,21734893796978d84e353d0905bf4b8928154c4d63bb8f384da33c70220ce468
2026-09-16,2026-09-04,12,2026-09-17T18:41:25.797939+00:00,SPY,SPY261016C00830000,call,2026-10-16,830.0,754.05,0.04027784649857017,0.009935432207977397,0.0821917808219178,30.0,0.11473269422683792,0.10881909902238747,0.16863538206584558,True,0.12362419729565698,True,0.01716448498693089,0.00953932238649696,0.38658998099404596,0.036340208961690275,ea05831016fd9a813559c753104845091224f6de26c7c280e5216498e6254555
2026-09-16,2026-09-04,12,2026-09-17T18:41:25.797939+00:00,SPY,SPY261016C00845000,call,2026-10-16,845.0,754.05,0.04027784649857017,0.009935432207977397,0.0821917808219178,30.0,0.11473269422683792,0.11593760868723814,0.17848461467635846,True,0.13164925209414025,True,0.002394664770302454,0.002771885682617784,0.2127198560969832,0.013637335083834383,477197ff858c0d4ebabb6756ede0151f94ee85d5a88c574cff7336669e928b24
2026-09-16,2026-09-04,12,2026-09-17T18:41:25.797939+00:00,SPY,SPY261016P00580000,put,2026-10-16,580.0,754.05,0.04027784649857017,0.009935432207977397,0.0821917808219178,30.0,0.11473269422683792,0.367868756553727,0.4472969721528034,True,0.39641776494444597,True,1.047305572224353e-15,0.1342491620375576,0.6001897347629682,0.25031546734133403,05bf2f949b15a8056d289b94bae8f565a726b789753c96875efcbfe4ea3dbd67
2026-09-16,2026-09-04,12,2026-09-17T18:41:25.797939+00:00,SPY,SPY261016P00615000,put,2026-10-16,615.0,754.05,0.04027784649857017,0.009935432207977397,0.0821917808219178,30.0,0.11473269422683792,0.3187806608976838,0.3445727537705959,True,0.33224086109735174,True,6.030909608509845e-10,0.2570321675200567,0.4475937080319524,0.3477987760639973,9f31375e49eb9bbb84c3670e0be38f532f38c45bf89a0a188149b4640ac43744
2026-09-16,2026-09-04,12,2026-09-17T18:41:25.797939+00:00,SPY,SPY261016P00635000,put,2026-10-16,635.0,754.05,0.04027784649857017,0.009935432207977397,0.0821917808219178,30.0,0.11473269422683792,0.29043847070761214,0.29807819721982354,True,0.2978894077635916,True,2.331447884059557e-07,0.37826508979284473,0.449552765923475,0.4476954776791738,10072999b861b96aede2f1f6cd01ea6b4a0ffb785fb5b20d73be0c62d5796b81
2026-09-16,2026-09-04,12,2026-09-17T18:41:25.797939+00:00,SPY,SPY261016P00655000,put,2026-10-16,655.0,754.05,0.04027784649857017,0.009935432207977397,0.0821917808219178,30.0,0.11473269422683792,0.2627756412313886,0.2602729147917225,True,0.2662814223764173,True,3.192218005771504e-05,0.5801246571845546,0.5478435953030367,0.6272477685552262,48195fc117bb8d6bb365c9fd06982da249e3cc79cea95a4989f6329181c619bc
2026-09-16,2026-09-04,12,2026-09-17T18:41:25.797939+00:00,SPY,SPY261016P00675000,put,2026-10-16,675.0,754.05,0.04027784649857017,0.009935432207977397,0.0821917808219178,30.0,0.11473269422683792,0.2353046583396827,0.23030087714538122,True,0.23703077278568443,True,0.0017174428495507624,0.9247316781094463,0.8281855206759321,0.9594203536884708,2d81ecbbc75bc1e183db50b99e7c37dbb384ea76bae90bda5d63c406ad45117c
2026-09-16,2026-09-04,12,2026-09-17T18:41:25.797939+00:00,SPY,SPY261016P00695000,put,2026-10-16,695.0,754.05,0.04027784649857017,0.009935432207977397,0.0821917808219178,30.0,0.11473269422683792,0.20799362319903342,0.20717031586231902,True,0.20992728577466213,True,0.04010740330193646,1.5467990500807076,1.521711896113179,1.6064970123652837,58c02e92b431df105235e495310a495b9780e53fb4d481637d69d02d693356cd
2026-09-16,2026-09-04,12,2026-09-17T18:41:25.797939+00:00,SPY,SPY261016P00709000,put,2026-10-16,709.0,754.05,0.04027784649857017,0.009935432207977397,0.0821917808219178,30.0,0.11473269422683792,0.18963352878951367,0.19454853556142696,True,0.19256451115690798,True,0.2335589131441308,2.322617143785323,2.53088461941296,2.4459467025284467,50289c1eb89f9ada79cf1babd575dcd7ea0b22784492a65ccbe51d85a287cbef
2026-09-16,2026-09-04,12,2026-09-17T18:41:25.797939+00:00,SPY,SPY261016P00724000,put,2026-10-16,724.0,754.05,0.04027784649857017,0.009935432207977397,0.0821917808219178,30.0,0.11473269422683792,0.17056476125792713,0.18393241493964682,True,0.1752110508988341,True,1.0758330402084586,3.7370331135662633,4.522425995326206,4.005128838413072,5c0347ced381217b9ff95888e9cd439549509eb79d59c201619642ef6ea29ecb
2026-09-16,2026-09-04,12,2026-09-17T18:41:25.797939+00:00,SPY,SPY261016P00739000,put,2026-10-16,739.0,754.05,0.04027784649857017,0.009935432207977397,0.0821917808219178,30.0,0.11473269422683792,0.15242940989099357,0.17606117883501554,True,0.1592312275905693,True,3.568007406044966,6.255377931323828,8.047307964688178,6.764830479565319,27e715bd7ceb03efacdef6d770ed73ad62fbb746e11eb1c590146359bfa5630a
2026-09-16,2026-09-04,12,2026-09-17T18:41:25.797939+00:00,SPY,SPY261016P00747000,put,2026-10-16,747.0,754.05,0.04027784649857017,0.009935432207977397,0.0821917808219178,30.0,0.11473269422683792,0.14322060613480025,0.17291392003617181,True,0.1512810755241837,True,6.011139153737307,8.326743494286191,10.782940195953808,8.990213668440383,4e86e9afa7881350e50e62bc307017fe436d7e94052c3af23cf350dc13735adc
2026-09-16,2026-09-04,12,2026-09-17T18:41:25.797939+00:00,SPY,SPY261016P00755000,put,2026-10-16,755.0,754.05,0.04027784649857017,0.009935432207977397,0.0821917808219178,30.0,0.11473269422683792,0.134406978815543,0.17046802439859185,True,0.14375896525874424,True,9.422348782783033,11.115399429166281,14.218957981008709,11.92024146813363,34cd8d38f8a706b9fdae04e67c9b47737a4ec8dec37467b94d2eff340062eb35
2026-09-16,2026-09-04,12,2026-09-17T18:41:25.797939+00:00,SPY,SPY261016P00762000,put,2026-10-16,762.0,754.05,0.04027784649857017,0.009935432207977397,0.0821917808219178,30.0,0.11473269422683792,0.12710631921527907,0.16889093865147084,True,0.13758346158459928,True,13.241268735915355,14.2834920132575,17.832941050132376,15.16986446127612,af182bb7506d8c75c606b54697e43f9048088931bc76d670e7c8832c3d363d0b
2026-09-16,2026-09-04,12,2026-09-17T18:41:25.797939+00:00,SPY,SPY261016P00770000,put,2026-10-16,770.0,754.05,0.04027784649857017,0.009935432207977397,0.0821917808219178,30.0,0.11473269422683792,0.11969818063889634,0.16772356834045893,True,0.13135415329875133,True,18.51636169766107,18.887791889235245,22.65571320709705,19.776457483983677,30d086e7fa2966b47a8b333f884d8adb14dd2297755076a45b4b5e3d95838c6b
2026-09-16,2026-09-04,12,2026-09-17T18:41:25.797939+00:00,SPY,SPY261016P00778000,put,2026-10-16,778.0,754.05,0.04027784649857017,0.009935432207977397,0.0821917808219178,30.0,0.11473269422683792,0.11366213289056645,0.16723055932905942,True,0.12632139760771577,True,24.637851107866823,24.57425391228719,28.172735031370394,25.353572426916344,14dcce6dbcd6923aaf2bdb379142e2cd583da205332454623f6e103a1d18019a
2026-09-16,2026-09-04,12,2026-09-17T18:41:25.797939+00:00,SPY,SPY261016P00786000,put,2026-10-16,786.0,754.05,0.04027784649857017,0.009935432207977397,0.0821917808219178,30.0,0.11473269422683792,0.11017007921095567,0.16741539942047087,True,0.12347377080837707,True,31.427170397253803,31.234381571997915,34.30163675563381,31.82692112196321,e86cdc037cd45a87e3ce415254ca5eec5e788f7219b7223132bb4947c42f8f72
2026-09-16,2026-09-04,12,2026-09-17T18:41:25.797939+00:00,SPY,SPY261016P00793000,put,2026-10-16,793.0,754.05,0.04027784649857017,0.009935432207977397,0.0821917808219178,30.0,0.11473269422683792,0.1185879288070387,0.16814137259358491,True,0.1304752105297203,True,37.7674985952342,37.88963961313982,40.084389473194165,38.31624458402791,42b656bdf46c1ecc5e347471b5fc1bde1e57b49d075e52497f1d829db4a538b9
2026-09-16,2026-09-04,12,2026-09-17T18:41:25.797939+00:00,SPY,SPY261016P00800000,put,2026-10-16,800.0,754.05,0.04027784649857017,0.009935432207977397,0.0821917808219178,30.0,0.11473269422683792,0.11149064825078797,0.16940626661251035,True,0.12494606157759916,True,44.36267831265616,44.300228274861524,46.18170126160658,44.59501325650979,3167d8982fd8208f0fe49829d1abcb07d47a440852dd8a52adb94bb71eb9c553
2026-09-16,2026-09-04,12,2026-09-17T18:41:25.797939+00:00,SPY,SPY261016P00815000,put,2026-10-16,815.0,754.05,0.04027784649857017,0.009935432207977397,0.0821917808219178,30.0,0.11473269422683792,0.1278829245068043,0.1740157385434143,True,0.13922860636819503,True,58.969688862513976,59.083453361087436,59.994600536549456,59.230854582351526,aae8a07e5edce4e3b3c44ca9d0c382199b9af8dc42fad0e85e00874015baa8e3
2026-09-16,2026-09-04,12,2026-09-17T18:41:25.797939+00:00,SPY,SPY261016P00830000,put,2026-10-16,830.0,754.05,0.04027784649857017,0.009935432207977397,0.0821917808219178,30.0,0.11473269422683792,0.1542494993067548,0.18143013802803698,True,0.16168911442170378,True,73.83950013607762,74.03970033033966,74.4127514513549,74.11955408471067,b210d45070114a85ea94dc64056d1ac610dd3bcf60a74de120bed46bdd277a23
2026-09-16,2026-09-04,12,2026-09-17T18:41:25.797939+00:00,SPY,SPY261016P00845000,put,2026-10-16,845.0,754.05,0.04027784649857017,0.009935432207977397,0.0821917808219178,30.0,0.11473269422683792,0.18241362925983176,0.19202665466710064,True,0.18589662610590893,True,88.77515480223258,89.02072902113093,89.12244973270674,89.05499747796819,c2d43fd5ad80bb9202019f4d2d3ca372bd8520dac687febe78948001a332da50
2026-09-16,2026-09-04,12,2026-09-17T18:41:25.797939+00:00,SPY,SPY261016P00865000,put,2026-10-16,865.0,754.05,0.04027784649857017,0.009935432207977397,0.0821917808219178,30.0,0.11473269422683792,0.21902573523931762,0.21206582284187386,True,0.21884040449811465,True,108.70678188146212,108.99428364925723,108.93482114431242,108.9925809465924,a775893babb53b3f6c6174c1cdba75c7fa0c9ed70670d2eb2edd4798c7058c66
2026-09-16,2026-09-04,12,2026-09-17T18:41:25.797939+00:00,SPY,SPY261016P00885000,put,2026-10-16,885.0,754.05,0.04027784649857017,0.009935432207977397,0.0821917808219178,30.0,0.11473269422683792,0.25407056220450436,0.24062276142812072,True,0.2532167347595885,True,128.64056304379255,128.9615820662449,128.85554901216233,128.95399186125042,fbd7ef226491b6349e67e33efbdaf4d78f224d02da22d1e51f19275dfb5ff1d9
2026-09-16,2026-09-04,12,2026-09-17T18:41:25.797939+00:00,SPY,SPY261016P00905000,put,2026-10-16,905.0,754.05,0.04027784649857017,0.009935432207977397,0.0821917808219178,30.0,0.11473269422683792,0.2878794663825688,0.28052565394241813,True,0.2903266186533542,True,148.5744581869551,148.9253884750459,148.86497345553437,148.9472055627998,3c1876bf323ed7a515187f7b3068e606451f6b97f67acfecbafa7f0ad8d4db83
2026-09-16,2026-09-04,12,2026-09-17T18:41:25.797939+00:00,SPY,SPY261016P00925000,put,2026-10-16,925.0,754.05,0.04027784649857017,0.009935432207977397,0.0821917808219178,30.0,0.11473269422683792,0.3205051120935689,0.3360080074140209,True,0.3312825895727594,True,168.50835739990714,168.8858743170241,169.03396748679256,168.98540737479277,c9f5b7694081bcf60e7b20d3353df4afb2532e441053b4e2470bd5344cdcffcf
2026-09-16,2026-09-04,12,2026-09-17T18:41:25.797939+00:00,SPY,SPY261016P00965000,put,2026-10-16,965.0,754.05,0.04027784649857017,0.009935432207977397,0.0821917808219178,30.0,0.11473269422683792,0.38274124319954217,0.5141962617268586,True,0.42998312590665755,True,208.3761560284339,208.80034884641987,210.9214199465041,209.3126997834321,263e50b714595574368e9082ca112663ed837e6507c6104e1216c4f2465c631e
2026-09-16,2026-09-04,12,2026-09-17T18:41:25.797939+00:00,SPY,SPY261016P01000000,put,2026-10-16,1000.0,754.05,0.04027784649857017,0.009935432207977397,0.0821917808219178,30.0,0.11473269422683792,0.43448257879693947,0.5141962617268586,True,0.5430268210031498,True,243.26047982996704,243.72176641126748,244.67679407524963,245.1951100700985,9c33291589311f3a9a85063f628da963eec150c38c1a4a4780a3db8b797f4cc6
2026-09-16,2026-09-04,12,2026-09-17T18:41:25.797939+00:00,SPY,SPY261030C00580000,call,2026-10-30,580.0,754.05,0.04027784649857017,0.009935432207977397,0.12054794520547946,44.0,0.11473269422683792,0.4359380947794478,0.3469663161686061,True,0.41958997112242474,True,175.95673103796616,177.53560490558937,176.3347151703142,177.23646850707235,dce29c0b54603fec14e08e96476c778d79e9c8c6e8c1ccf58610691ce9b39d6b
2026-09-16,2026-09-04,12,2026-09-17T18:41:25.797939+00:00,SPY,SPY261030C00615000,call,2026-10-30,615.0,754.05,0.04027784649857017,0.009935432207977397,0.12054794520547946,44.0,0.11473269422683792,0.3710740066062451,0.2886754335328655,True,0.3546902262820439,True,141.1262590113621,143.10633766391436,141.60349534103614,142.71015948467402,0ba80c6d251a68e647fd262cbc846f287158db3c8d0e0486673ec67701725042
2026-09-16,2026-09-04,12,2026-09-17T18:41:25.797939+00:00,SPY,SPY261030C00635000,call,2026-10-30,635.0,754.05,0.04027784649857017,0.009935432207977397,0.12054794520547946,44.0,0.11473269422683792,0.33563041349845213,0.2580977797113634,True,0.3193305523790825,True,121.2231615880462,123.54446649855674,121.80912140746557,123.07198327524804,1b58214abd4b7e19941820463c49f283172657a8e9ee576040fc69a15c0838fd
2026-09-16,2026-09-04,12,2026-09-17T18:41:25.797939+00:00,SPY,SPY261030C00655000,call,2026-10-30,655.0,754.05,0.04027784649857017,0.009935432207977397,0.12054794520547946,44.0,0.11473269422683792,0.3012068057111774,0.2312651188817053,True,0.2859040451998039,True,101.32098196420827,104.11519855534107,102.12391613362286,103.57225843410185,2e43b742c6d1d9db5a36bd26a4e5221259b08969f058066ce5a8f5c1de7b7701
2026-09-16,2026-09-04,12,2026-09-17T18:41:25.797939+00:00,SPY,SPY261030C00674000,call,2026-10-30,674.0,754.05,0.04027784649857017,0.009935432207977397,0.12054794520547946,44.0,0.11473269422683792,0.26970902969873434,0.20965806521827107,True,0.2563397523749563,True,82.42689129624318,85.8649626488384,83.63681428657605,85.27736614224762,222ace167857a13144de62b976fdd971346b9255e74b513aee4ab45a557ecf68
2026-09-16,2026-09-04,12,2026-09-17T18:41:25.797939+00:00,SPY,SPY261030C00693000,call,2026-10-30,693.0,754.05,0.04027784649857017,0.009935432207977397,0.12054794520547946,44.0,0.11473269422683792,0.2391897840018308,0.19185452701831698,True,0.22878977218322097,True,63.63990823667416,67.93802207483384,65.58694876361824,67.36183971613798,749601209ead2b5c5b4a16aeacd2be7487a666d36b1a2db725a2b2eaaee29cf8
2026-09-16,2026-09-04,12,2026-09-17T18:41:25.797939+00:00,SPY,SPY261030C00709000,call,2026-10-30,709.0,754.05,0.04027784649857017,0.009935432207977397,0.12054794520547946,44.0,0.11473269422683792,0.21478048923087584,0.17969284844288952,True,0.20744562920492934,True,48.19779538911814,53.291866867826684,51.04902952999464,52.79398617196455,a6eb9ae1bfa927187833ea4e618b17f58556869649072e16f0ed23d5079c40c5
2026-09-16,2026-09-04,12,2026-09-17T18:41:25.797939+00:00,SPY,SPY261030C00724000,call,2026-10-30,724.0,754.05,0.04027784649857017,0.009935432207977397,0.12054794520547946,44.0,0.11473269422683792,0.19314468322229106,0.17051354384274148,True,0.18900277664712545,True,34.61746171790219,40.18824180082322,38.38587824915703,39.85036414988281,1fce8824ef13f595a72e4756e0ec89021739d98ce63cc696484ad7d1e048b9c7
2026-09-16,2026-09-04,12,2026-09-17T18:41:25.797939+00:00,SPY,SPY261030C00739000,call,2026-10-30,739.0,754.05,0.04027784649857017,0.009935432207977397,0.12054794520547946,44.0,0.11473269422683792,0.1727791460083597,0.16337103349494583,True,0.1720184023476007,True,22.743800023844187,28.05822668836754,27.166333095954087,27.985806822073528,9fc8d55c536fc7ac3bac85d0aa190829acb0a68515019e4c5d48a4e213d868e6
2026-09-16,2026-09-04,12,2026-09-17T18:41:25.797939+00:00,SPY,SPY261030C00747000,call,2026-10-30,747.0,754.05,0.04027784649857017,0.009935432207977397,0.12054794520547946,44.0,0.11473269422683792,0.16285426628824334,0.1603613886130043,True,0.16382804085977662,True,17.40584058415891,22.20692841334369,21.95555630038416,22.305175453081006,4ed43207518447d67bff9aa0978b57fced266eae2ddd493af4226f3053200634
2026-09-16,2026-09-04,12,2026-09-17T18:41:25.797939+00:00,SPY,SPY261030C00755000,call,2026-10-30,755.0,754.05,0.04027784649857017,0.009935432207977397,0.12054794520547946,44.0,0.11473269422683792,0.1531584050774831,0.15789336013968996,True,0.15591435662182887,True,12.877698262213585,16.874963931363823,17.367658859184985,17.161731730496285,780bdfb4d11f94c1e786cefcb76a0f454d0a99c480349a2312d64de0e3ee336d
2026-09-16,2026-09-04,12,2026-09-17T18:41:25.797939+00:00,SPY,SPY261030C00762000,call,2026-10-30,762.0,754.05,0.04027784649857017,0.009935432207977397,0.12054794520547946,44.0,0.11473269422683792,0.1453399116666308,0.15617177750651895,True,0.14956315517715152,True,9.604410284740954,12.770526515578384,13.894368723173475,13.208543632470475,f06a1a23485b5804810227a5f1f731b8b5a393e3610f62e3e3ecbea407ee0024
2026-09-16,2026-09-04,12,2026-09-17T18:41:25.797939+00:00,SPY,SPY261030C00770000,call,2026-10-30,770.0,754.05,0.04027784649857017,0.009935432207977397,0.12054794520547946,44.0,0.11473269422683792,0.13718919718901215,0.15470027956034957,True,0.14297764236771177,True,6.6284000987733664,8.812256888568545,10.549943402125546,9.38393551045502,075a31d26b52ed19b6070d0a25fc7445f82d0eee085c164660e085615f94ecef
2026-09-16,2026-09-04,12,2026-09-17T18:41:25.797939+00:00,SPY,SPY261030C00778000,call,2026-10-30,778.0,754.05,0.04027784649857017,0.009935432207977397,0.12054794520547946,44.0,0.11473269422683792,0.13003342787259498,0.15375636865856046,True,0.1372349424476166,True,4.396680236681512,5.705825222041425,7.847583954163476,6.343689701091467,1091536fc2e08c1da96dfda91cd624903ebd4d3ec06481ec33ab3b8fc8069102
2026-09-16,2026-09-04,12,2026-09-17T18:41:25.797939+00:00,SPY,SPY261030C00786000,call,2026-10-30,786.0,754.05,0.04027784649857017,0.009935432207977397,0.12054794520547946,44.0,0.11473269422683792,0.124062698328954,0.15334220732975853,True,0.13249424161574178,True,2.7993548755524404,3.4528529212811416,5.731926880422418,4.077321929318112,b82fba57dd25cc193b5f60edd4ef99c9457c37c8565848f4315b4c7b15217b09
2026-09-16,2026-09-04,12,2026-09-17T18:41:25.797939+00:00,SPY,SPY261030C00793000,call,2026-10-30,793.0,754.05,0.04027784649857017,0.009935432207977397,0.12054794520547946,44.0,0.11473269422683792,0.1198060251905174,0.15341926629950708,True,0.12917858377886507,True,1.8221593980487787,2.102631966293195,4.30137927219774,2.660453766685375,01d1bf9a5af8803dfd52dbd3ecfd8d43e15d135d2fa9da2bfbf91802406dfce3
2026-09-16,2026-09-04,12,2026-09-17T18:41:25.797939+00:00,SPY,SPY261030C00801000,call,2026-10-30,801.0,754.05,0.04027784649857017,0.009935432207977397,0.12054794520547946,44.0,0.11473269422683792,0.11604732151105096,0.15401911830854872,True,0.12635788910303977,True,1.0719632414755655,1.123698195917083,3.0678646471217217,1.5691072920063003,d9d9316f67ba6c0d4469aae5e61529558f71c7e145f12f5966eef88285073bcc
2026-09-16,2026-09-04,12,2026-09-17T18:41:25.797939+00:00,SPY,SPY261030C00816000,call,2026-10-30,816.0,754.05,0.04027784649857017,0.009935432207977397,0.12054794520547946,44.0,0.11473269422683792,0.11175124622627314,0.15667127717088392,True,0.12357269224389528,True,0.35315295794116836,0.3015508446158551,1.6143611325632976,0.535883865177877,9de3435c31c5ae5ab68d76148778b9a815d5e091bd2fc0f9887c273164f48947
2026-09-16,2026-09-04,12,2026-09-17T18:41:25.797939+00:00,SPY,SPY261030C00832000,call,2026-10-30,832.0,754.05,0.04027784649857017,0.009935432207977397,0.12054794520547946,44.0,0.11473269422683792,0.11121413241537051,0.16185304847708765,True,0.12438247244691818,True,0.09149119255353284,0.07062962664525385,0.8404558465117326,0.16986446279717152,2566a18c75da986f525c64e222b2ef9a32f09ecdaf357be343e037d4895e71fc
2026-09-16,2026-09-04,12,2026-09-17T18:41:25.797939+00:00,SPY,SPY261030C00845000,call,2026-10-30,845.0,754.05,0.04027784649857017,0.009935432207977397,0.12054794520547946,44.0,0.11473269422683792,0.11467666797657958,0.1680448490818078,True,0.12868849430791035,True,0.026945626984641174,0.026811545196614505,0.5278122946301116,0.07891925925036207,3d6480a6b83691e876402d18eb0c3c3d8b7f2113ae3312cb9f83d47572cad897
2026-09-16,2026-09-04,12,2026-09-17T18:41:25.797939+00:00,SPY,SPY261030C00865000,call,2026-10-30,865.0,754.05,0.04027784649857017,0.009935432207977397,0.12054794520547946,44.0,0.11473269422683792,0.12292988131047969,0.1815898396659562,True,0.1386711526412042,True,0.003318313395629266,0.008219520512334693,0.3112107889947733,0.03205777209372642,1b970f927bca4ed50e04272696444a75fbb15ba5f6195788dce846fc1d1a17b0
2026-09-16,2026-09-04,12,2026-09-17T18:41:25.797939+00:00,SPY,SPY261030P00580000,put,2026-10-30,580.0,754.05,0.04027784649857017,0.009935432207977397,0.12054794520547946,44.0,0.11473269422683792,0.3451740535009701,0.37329145202143965,True,0.3578372568906525,True,4.5148996979762655e-11,0.36391425301464236,0.6276602021477752,0.47113473336875594,cf30395f59e9b7087ae68ad6a67e9213a0a89b4a378c305ef747f1fa4275f037
2026-09-16,2026-09-04,12,2026-09-17T18:41:25.797939+00:00,SPY,SPY261030P00615000,put,2026-10-30,615.0,754.05,0.04027784649857017,0.009935432207977397,0.12054794520547946,44.0,0.11473269422683792,0.3020917834078013,0.3105779054760941,True,0.30872333324485424,True,4.6227239583621303e-07,0.6400474466636296,0.7588995361261013,0.7318542266247489,62a8a975c282e4e4ac3fa5daf33fff62fb14825842834c4eaa70af4fcf992541
2026-09-16,2026-09-04,12,2026-09-17T18:41:25.797939+00:00,SPY,SPY261030P00635000,put,2026-10-30,635.0,754.05,0.04027784649857017,0.009935432207977397,0.12054794520547946,44.0,0.11473269422683792,0.2773748038511551,0.2776802544289224,True,0.28103081023179066,True,3.0175431595465853e-05,0.8958093963694158,0.9013611679350043,0.963590996730688,8fc7a24131a717caa53647a756b27bfd8fcd6950e0f2807d9ca56ba3591ad380
2026-09-16,2026-09-04,12,2026-09-17T18:41:25.797939+00:00,SPY,SPY261030P00655000,put,2026-10-30,655.0,754.05,0.04027784649857017,0.009935432207977397,0.12054794520547946,44.0,0.11473269422683792,0.25284767802847596,0.2488117376423118,True,0.25451816197065247,True,0.000977688068706872,1.2813530622826113,1.1825297435971593,1.3235342362538418,0f881bdf8306aaab6d173bbf46d3fb52ef3f7b6088b90e4a7ba315817603a9bf
2026-09-16,2026-09-04,12,2026-09-17T18:41:25.797939+00:00,SPY,SPY261030P00674000,put,2026-10-30,674.0,754.05,0.04027784649857017,0.009935432207977397,0.12054794520547946,44.0,0.11473269422683792,0.22996605202911968,0.22556530690806997,True,0.2308281935934032,True,0.014857799754985803,1.855206904275641,1.7072749266317695,1.884903700401853,cbcdef100009c1a263e5d61b75f7181374604c8ce9d54bd5d58b4555ea48e353
2026-09-16,2026-09-04,12,2026-09-17T18:41:25.797939+00:00,SPY,SPY261030P00693000,put,2026-10-30,693.0,754.05,0.04027784649857017,0.009935432207977397,0.12054794520547946,44.0,0.11473269422683792,0.2072278382108744,0.20641097314112736,True,0.20845088165941253,True,0.13584551983718812,2.7659733259640817,2.727571535781821,2.823894681494991,e1a602c5da6ce8b63a6cd6b8fb65ccdfbb6849ef52abeba4a1f96688680652c0
2026-09-16,2026-09-04,12,2026-09-17T18:41:25.797939+00:00,SPY,SPY261030P00709000,put,2026-10-30,709.0,754.05,0.04027784649857017,0.009935432207977397,0.12054794520547946,44.0,0.11473269422683792,0.18851924123963665,0.19332655992035452,True,0.19082020523367765,True,0.6162343814612111,3.996319998209674,4.295115068687139,4.138425347808933,1f5bf6407ba33e719ab2ce9a3db8dfe6e84cdb2712045b179af207db7847647b
2026-09-16,2026-09-04,12,2026-09-17T18:41:25.797939+00:00,SPY,SPY261030P00724000,put,2026-10-30,724.0,754.05,0.04027784649857017,0.009935432207977397,0.12054794520547946,44.0,0.11473269422683792,0.17145824515456792,0.18345080027724486,True,0.17530622093022036,True,1.9632460626015333,5.804574002884594,6.748540691725072,6.103827878376666,a457e1fac0cbf1a1200a4b2f061a4ed804e657636b7a5de5e52183c3e04d9579
2026-09-16,2026-09-04,12,2026-09-17T18:41:25.797939+00:00,SPY,SPY261030P00739000,put,2026-10-30,739.0,754.05,0.04027784649857017,0.009935432207977397,0.12054794520547946,44.0,0.11473269422683792,0.15510208567568012,0.17576637117113206,True,0.16086667411255773,True,5.016929720899834,8.662940974670185,10.616206492147585,9.203503158263542,d369ae632c17f2b8c122c8c96de6c591795479f05cee2cf2a542ef53ea875078
2026-09-16,2026-09-04,12,2026-09-17T18:41:25.797939+00:00,SPY,SPY261030P00747000,put,2026-10-30,747.0,754.05,0.04027784649857017,0.009935432207977397,0.12054794520547946,44.0,0.11473269422683792,0.14686527898375204,0.1725283775801262,True,0.15372462299944398,True,7.640221135804609,10.832991004081908,13.41864235399644,11.521770755882093,49e8f0f70228090cd0942b04b314ed54b10caf1804a5e20a382abdb345a091c2
2026-09-16,2026-09-04,12,2026-09-17T18:41:25.797939+00:00,SPY,SPY261030P00755000,put,2026-10-30,755.0,754.05,0.04027784649857017,0.009935432207977397,0.12054794520547946,44.0,0.11473269422683792,0.13889478830200155,0.16987309408573056,True,0.14690012086227144,True,11.073329668449297,13.58653377170075,16.809910112673325,14.419422281653386,2e82a54433a0836b61a5cc3338059663c34be117fd8970ce259de6e33add57f2
2026-09-16,2026-09-04,12,2026-09-17T18:41:25.797939+00:00,SPY,SPY261030P00762000,put,2026-10-30,762.0,754.05,0.04027784649857017,0.009935432207977397,0.12054794520547946,44.0,0.11473269422683792,0.13243526194139857,0.1680208910015585,True,0.14141106694002434,True,14.766136188742962,16.595326855528697,20.28682935618474,17.52497088253358,8102e20b8c60385a00a18eaf01466b78e5b901d344bc63e52cf37083752dea66
2026-09-16,2026-09-04,12,2026-09-17T18:41:25.797939+00:00,SPY,SPY261030P00770000,put,2026-10-30,770.0,754.05,0.04027784649857017,0.009935432207977397,0.12054794520547946,44.0,0.11473269422683792,0.1256795073223849,0.16643774710725265,True,0.1357171820455758,True,19.751376857365358,20.808296603999338,24.849581977282924,21.790342295950495,dcd29a927add5f667f069df93064fb7b425bf7bbb165f2c433251975cf3a2990
2026-09-16,2026-09-04,12,2026-09-17T18:41:25.797939+00:00,SPY,SPY261030P00778000,put,2026-10-30,778.0,754.05,0.04027784649857017,0.009935432207977397,0.12054794520547946,44.0,0.11473269422683792,0.12002764516736106,0.16542221950503863,True,0.1309909473861751,True,25.48090784986357,25.925978937673676,30.02107306542257,26.874150348076114,e5004d7cd34bbed2351415cac387f9462a49404b748b93debe12d539a30941e7
2026-09-16,2026-09-04,12,2026-09-17T18:41:25.797939+00:00,SPY,SPY261030P00786000,put,2026-10-30,786.0,754.05,0.04027784649857017,0.009935432207977397,0.12054794520547946,44.0,0.11473269422683792,0.11631718408626018,0.16497663479956404,True,0.12792331554009756,True,31.844833343324467,31.95275711216891,35.755158530828,32.78057635781681,57a87fbf5e7178e1c30bb911ddb63fbaa5578c8e22d7b282ef613cde034c7ea8
2026-09-16,2026-09-04,12,2026-09-17T18:41:25.797939+00:00,SPY,SPY261030P00793000,put,2026-10-30,793.0,754.05,0.04027784649857017,0.009935432207977397,0.12054794520547946,44.0,0.11473269422683792,0.1146228662683809,0.16505954041134316,True,0.12658958465259448,True,37.83373236358716,37.82783947859252,41.182271111759746,38.513084614540276,7b8531fff66f5f9dcb2a24cdab4728c892aa07a4817a314bf7ee7881661f7225
2026-09-16,2026-09-04,12,2026-09-17T18:41:25.797939+00:00,SPY,SPY261030P00801000,put,2026-10-30,801.0,754.05,0.04027784649857017,0.009935432207977397,0.12054794520547946,44.0,0.11473269422683792,0.11650768977988239,0.16570490457788759,True,0.12828536551521544,True,45.044787061603984,45.11491761753268,47.78374727569951,45.63266450291587,2f3a3ffe97ee09bc273e0702b3fcec3eda52a8794f75da314a819b44d9bac03c
2026-09-16,2026-09-04,12,2026-09-17T18:41:25.797939+00:00,SPY,SPY261030P00816000,put,2026-10-30,816.0,754.05,0.04027784649857017,0.009935432207977397,0.12054794520547946,44.0,0.11473269422683792,0.1283079081901486,0.16855828885923535,True,0.1384507707718558,True,59.25332213042577,59.552474934510656,61.04320034602665,59.845275212975935,6602a0674539b86d5ebe2ba869dced9b909b5715626db0ef271f613e1c0aa960
2026-09-16,2026-09-04,12,2026-09-17T18:41:25.797939+00:00,SPY,SPY261030P00832000,put,2026-10-30,832.0,754.05,0.04027784649857017,0.009935432207977397,0.12054794520547946,44.0,0.11473269422683792,0.1530906015139577,0.1741332131236295,True,0.15921660337871243,True,74.91416207421821,75.44946918246012,76.02225921310071,75.59509141008732,a997bec2ba660dc1740369de8621e396592bb2ee8e37b8dc18f9edde6e48bc51
2026-09-16,2026-09-04,12,2026-09-17T18:41:25.797939+00:00,SPY,SPY261030P00845000,put,2026-10-30,845.0,754.05,0.04027784649857017,0.009935432207977397,0.12054794520547946,44.0,0.11473269422683792,0.17546983865216295,0.18079479994244918,True,0.17803415668087777,True,87.78664914735816,88.43578646867854,88.55567206665364,88.49209910528702,c3913f4ef1a199abeaf2e4e3d4179637030c33566e32cb047ce0e0b6a4771f67
2026-09-16,2026-09-04,12,2026-09-17T18:41:25.797939+00:00,SPY,SPY261030P00865000,put,2026-10-30,865.0,754.05,0.04027784649857017,0.009935432207977397,0.12054794520547946,44.0,0.11473269422683792,0.2097104239241679,0.19536748024930767,True,0.2077954749238673,True,107.6661489702442,108.42830996424107,108.1652673919723,108.3892881971974,2d0a2f6c6958d2725d559dfc51657a2e21ee9675b4c9f32cfff94a6b5390cdff
2026-09-16,2026-09-04,12,2026-09-17T18:41:25.797939+00:00,SPY,SPY261030P00885000,put,2026-10-30,885.0,754.05,0.04027784649857017,0.009935432207977397,0.12054794520547946,44.0,0.11473269422683792,0.2422823523016922,0.21629950442778167,True,0.23831086722506026,True,127.56627599462058,128.4049287147045,127.97971939461058,128.32781152822122,f7499e10e60cd6f21358d26fefd60e2cdc05c9e5990031166a4580707ab2314f
2026-09-16,2026-09-04,12,2026-09-17T18:41:25.797939+00:00,SPY,SPY261030P00900000,put,2026-10-30,900.0,754.05,0.04027784649857017,0.009935432207977397,0.12054794520547946,44.0,0.11473269422683792,0.26602484613546906,0.23723809185328254,True,0.26252233897658067,True,142.49334999814812,143.38478822068942,142.92616597687083,143.3178757874299,787b0efad77f1bd76e4a4c370b90c96dda705b5ec894165db8d7d82a5c88ea2f
