evaluated_session,train_start,baseline_loss_AAPL,model_loss_AAPL,baseline_loss_SPY,model_loss_SPY,train_end,train_sessions,train_rows,evaluation_rows,alpha,baseline_loss,model_loss,baseline_rmse,model_rmse,model_within_spread,baseline_within_spread,learned_coverage
2020-10-23,2019-05-10,0.06224732843449517,0.00036761411022031426,4.290541842008742e-05,9.26923656347591e-06,2020-10-19,120,23519,247,0.01,0.0335375947347682,0.00020222416853254272,0.18313272436888006,0.014220554438296094,0.020242914979757085,0.004048582995951417,1.0
2020-10-26,2019-05-10,0.0539932782609742,0.0002505908247533031,6.076916586194789e-05,1.7049115471677717e-05,2020-10-21,121,23780,277,0.01,0.026929672613968413,0.0001333984146805741,0.1641026282969545,0.011549823144991186,0.10830324909747292,0.05776173285198556,1.0
2020-10-28,2019-05-10,0.062442394944809396,0.00022399449563279743,0.00014259171588996655,7.054396197446625e-05,2020-10-23,122,24027,240,0.01,0.026620008088180724,0.000135760438779257,0.16315639150269512,0.011651628160015106,0.15833333333333333,0.0625,1.0
2020-10-30,2019-05-10,0.05864791384988004,0.000316052273978894,0.00010584373863336339,4.584411158842866e-05,2020-10-26,123,24304,238,1.0,0.02642517778024426,0.00016732425182279753,0.1625582288912015,0.012935387579148819,0.08403361344537816,0.04201680672268908,1.0
2020-11-02,2019-05-10,0.055582870203789075,0.00030527979376196587,7.572117751744915e-05,2.6832706275024196e-05,2020-10-28,124,24544,244,1.0,0.024644459271113087,0.00015007977778563772,0.1569855384139351,0.012250705195442331,0.06557377049180328,0.02459016393442623,1.0
2020-11-04,2019-05-10,0.06214656348428005,0.0005279250718481991,2.3728914925704453e-05,5.110559986691138e-06,2020-10-30,125,24782,239,1.0,0.027836043973172204,0.0002391739606945629,0.16684137368522295,0.015465250101261308,0.14644351464435146,0.100418410041841,1.0
2020-11-06,2019-05-10,0.06202322586419771,0.0006567632633474536,1.078566227494885e-05,6.903524642474425e-06,2020-11-02,126,25026,243,1.0,0.029358236786641685,0.000314450314564584,0.1713424547117313,0.017732746954845547,0.12345679012345678,0.06172839506172839,1.0
2020-11-09,2019-05-10,0.04855284532575967,0.0004118874915934951,9.451157180046053e-06,6.980257592913927e-06,2020-11-04,127,25265,196,1.0,0.017594048024369608,0.00015365583725638975,0.13264255736515942,0.012395799177801719,0.2602040816326531,0.1326530612244898,1.0
2020-11-11,2019-05-10,0.07516260230431734,0.0008240080016174107,8.410194126540881e-06,1.2611201019941819e-05,2020-11-06,128,25508,238,1.0,0.038532827998510065,0.00042853729208251,0.19629780436497518,0.020701142289316066,0.1092436974789916,0.07563025210084033,1.0
2020-11-13,2019-05-10,0.07571720231788541,0.000863795626461024,1.4372499918683807e-05,1.7598850642756026e-05,2020-11-09,129,25704,221,1.0,0.03803706077953093,0.0004426117108953702,0.19503092262390323,0.021038339071689338,0.03619909502262444,0.03167420814479638,1.0
2020-11-16,2019-05-10,0.06739559635361216,0.0007780013986039254,,,2020-11-11,130,25942,115,0.01,0.06739559635361216,0.0007780013986039254,0.2596066184703544,0.02789267643314147,0.0,0.0,1.0
2020-11-18,2019-05-10,0.07302426522094987,0.0008102776732285473,1.427527379501971e-05,1.452998179132734e-05,2020-11-13,131,26163,222,0.01,0.03849251321891717,0.00043391052187310536,0.19619508969114688,0.02083051900153007,0.036036036036036036,0.04054054054054054,1.0
2020-11-20,2019-05-10,0.0707379894775585,0.0008078602619876803,2.8934833670146067e-05,2.333679823279899e-05,2020-11-16,132,26278,214,0.01,0.03703554287159302,0.00043392851758114806,0.1924462077350266,0.020830950952396485,0.014018691588785047,0.0,1.0
2020-11-23,2019-05-10,0.0635330931517872,0.0006543526238950842,1.4537211563007462e-05,1.7284787516742602e-05,2020-11-18,133,26500,226,0.01,0.03346014852522088,0.0003527320110964889,0.182921153848375,0.01878116106891395,0.048672566371681415,0.05752212389380531,1.0
2020-11-25,2019-05-10,0.00012176242453380239,1.2942457400313701e-05,1.4579501537692952e-05,2.0911688531016117e-05,2020-11-20,134,26714,223,0.01,6.745000167030297e-05,1.6980677659369185e-05,0.008212794997459938,0.004120761781439105,0.14349775784753363,0.1031390134529148,1.0
2020-11-27,2019-05-10,9.800268451152e-05,1.2182770213274813e-05,1.6962477055071364e-05,2.240800370543167e-05,2020-11-23,135,26940,211,1.0,5.844277281477019e-05,1.7174234903758966e-05,0.007644787296895199,0.004144180848341318,0.07582938388625593,0.061611374407582936,1.0
2020-11-30,2019-05-10,4.825561640286653e-05,1.442492269822572e-05,1.0768274230738846e-05,1.7337008938283297e-05,2020-11-25,136,27163,165,100.0,2.2128074888959355e-05,1.6454558562508273e-05,0.004704048776209634,0.0040564218915823185,0.2727272727272727,0.19393939393939394,1.0
2020-12-02,2019-05-10,2.949726632400943e-05,6.637917683148939e-06,1.06892140096126e-05,1.5928227996179642e-05,2020-11-27,137,27374,223,100.0,2.005106964592672e-05,1.1303903131845974e-05,0.004477842074696999,0.003362127768518914,0.13901345291479822,0.1210762331838565,1.0
2020-12-04,2019-05-10,2.6304845954918584e-05,9.267456426911775e-06,2.5453758766238972e-05,2.982653130392553e-05,2020-11-30,138,27539,185,1.0,2.58770021249337e-05,1.9602558932653825e-05,0.005086944281681656,0.004427477716787948,0.15675675675675677,0.07567567567567568,1.0
2020-12-07,2019-05-10,1.737889767491847e-05,9.205215862554722e-06,1.8533732514518613e-05,2.4849826671932828e-05,2020-12-02,139,27762,195,1.0,1.7941509519851874e-05,1.682694933379021e-05,0.0042357419090227715,0.004102066471156972,0.17435897435897435,0.14358974358974358,1.0
2020-12-09,2019-05-10,9.618678395215805e-06,9.41725710005254e-06,1.546996730151312e-05,1.782944627896854e-05,2020-12-04,140,27947,196,100.0,1.2604029878020558e-05,1.3709190354601519e-05,0.00355021546923853,0.0037025923829935047,0.2193877551020408,0.2602040816326531,1.0
2020-12-11,2019-05-10,1.1669036465710613e-05,1.4303053867894071e-05,1.7723472406903688e-05,1.7418022278850156e-05,2020-12-07,141,28142,195,100.0,1.4680730241586143e-05,1.585255097488248e-05,0.0038315441066998227,0.003981526211753789,0.20512820512820512,0.23076923076923078,1.0
2020-12-16,2019-05-10,1.6584386544878167e-05,2.3617271179635335e-05,2.4559930982089305e-05,2.6815589974019843e-05,2020-12-09,142,28338,202,100.0,2.057215876348374e-05,2.521643057682759e-05,0.004535654171504232,0.005021596417159347,0.10891089108910891,0.10891089108910891,1.0
2020-12-18,2019-05-10,2.0709739459537887e-05,2.467396851569195e-05,1.329588090268426e-05,2.350105404934782e-05,2020-12-11,143,28533,208,100.0,1.7002810181111074e-05,2.4087511282519884e-05,0.004123446396051618,0.004907902941432306,0.25,0.16346153846153846,1.0
2020-12-21,2019-05-10,2.4888154703770275e-05,3.26579951281908e-05,1.385559189803427e-05,9.323158124437838e-06,2020-12-16,144,28735,234,1.0,1.8806100849326065e-05,1.979391831842955e-05,0.0043366001486563254,0.004449035661627084,0.27350427350427353,0.18803418803418803,1.0
2020-12-23,2019-05-10,1.941843298181416e-05,2.3751945999741412e-05,1.3179237315221326e-05,1.3771731354929577e-05,2020-12-18,145,28943,221,1.0,1.6397645939617633e-05,1.891989637533025e-05,0.00404940068894369,0.004349700722501521,0.13122171945701358,0.13122171945701358,1.0
2020-12-28,2019-05-10,1.8909769281765146e-05,2.2839068490561583e-05,7.0590856626951334e-06,1.5555301591209494e-05,2020-12-21,146,29177,237,1.0,1.3059431798933116e-05,1.9243284831387763e-05,0.003613783584960936,0.004386716862459642,0.25738396624472576,0.16033755274261605,1.0
2020-12-30,2019-05-10,2.3580097595839557e-05,2.8769062936183942e-05,1.0126975779617627e-05,1.296743560505973e-05,2020-12-23,147,29398,209,1.0,1.688572118968128e-05,2.09060522068207e-05,0.00410922391573899,0.004572313660152888,0.19138755980861244,0.18660287081339713,1.0
2021-01-04,2019-05-10,3.395196942143037e-05,3.6167213286618525e-05,1.8469709631688778e-05,4.981676904935658e-06,2020-12-28,148,29635,200,0.01,2.474002484653412e-05,1.761181913951722e-05,0.004973934543852997,0.00419664379469085,0.25,0.19,1.0
2021-01-06,2019-05-10,3.741510994055188e-05,4.002288413292362e-05,1.2571605885376164e-05,9.000047657263496e-06,2020-12-30,149,29844,237,0.01,2.536024510365227e-05,2.49696090497974e-05,0.005035895660520804,0.0049969599808080715,0.3037974683544304,0.16877637130801687,1.0
2021-01-08,2019-05-10,4.332831849612065e-05,4.0873879560116275e-05,7.731127794893335e-06,1.5259586451133977e-05,2021-01-04,150,30044,221,0.01,2.6415626081510387e-05,2.8704192788880344e-05,0.005139613417515989,0.005357629400106015,0.25339366515837103,0.15384615384615385,1.0
2021-01-11,2019-05-10,6.63894057987251e-05,5.838552494988325e-05,1.1611398542791272e-05,8.596539061338577e-06,2021-01-06,151,30281,251,0.01,4.151015150718543e-05,3.5772200681779295e-05,0.006442837224948759,0.005980986597692666,0.2151394422310757,0.13545816733067728,1.0
2021-01-13,2019-05-10,6.593279203336183e-05,5.7742688444319134e-05,1.7167044315053583e-05,1.3556536256190885e-05,2021-01-08,152,30502,263,0.01,4.368226075504628e-05,3.758170645734047e-05,0.0066092556884301485,0.00613039203129298,0.1444866920152091,0.09125475285171103,1.0
2021-01-15,2019-05-10,7.27332427123525e-05,6.144948105513549e-05,4.004516480826629e-05,1.501102106048319e-05,2021-01-11,153,30753,245,0.01,5.872406646774413e-05,4.154728391457022e-05,0.007663162954534122,0.0064457182621155745,0.08163265306122448,0.036734693877551024,1.0
2021-01-20,2019-05-10,6.216117828965756e-05,5.2670779588008686e-05,1.5519708597887003e-05,1.4431877368448234e-05,2021-01-13,154,31016,247,1.0,4.120084170752586e-05,3.548649559460298e-05,0.006418788180609005,0.0059570542715844865,0.11740890688259109,0.03643724696356275,1.0
2021-01-22,2019-05-10,7.91161511017232e-05,7.602846901699801e-05,1.5090536887723408e-05,1.315236505537371e-05,2021-01-15,155,31261,247,1.0,4.930665460532653e-05,4.675416960166686e-05,0.007021869737137434,0.006837702070262118,0.1700404858299595,0.12550607287449392,1.0
2021-01-25,2019-05-10,0.00014159701683837475,0.00013674843178171397,1.890244562177907e-05,1.1242750962932269e-05,2021-01-20,156,31508,236,1.0,8.544865373925468e-05,7.931362869515287e-05,0.009243844099683566,0.008905819933905742,0.11864406779661017,0.038135593220338986,1.0
2021-01-27,2019-05-10,0.0002099404332059314,0.00020757662582902874,0.00017009069349762946,6.178643633970762e-05,2021-01-22,157,31755,187,1.0,0.00018713871048513833,0.00012415657088059363,0.01367986514864596,0.011142556747918928,0.21390374331550802,0.1711229946524064,1.0
2021-01-29,2019-05-10,0.00014415991210714078,9.986616237896449e-05,9.048258211227148e-05,1.8934570011422817e-05,2021-01-25,158,31991,270,0.01,0.00011851407666514768,6.119884602558346e-05,0.010886417071982301,0.007822969131064205,0.14814814814814814,0.05555555555555555,1.0
2021-02-01,2019-05-10,4.2392574482173383e-05,2.6727961187980926e-05,6.292539104012218e-05,1.1199116344623748e-05,2021-01-27,159,32178,244,0.01,5.190162477335458e-05,1.9536324026917972e-05,0.007204278227092189,0.004419991405751596,0.09016393442622951,0.040983606557377046,1.0
2021-02-03,2019-05-10,1.990310770051897e-05,8.669942877073787e-06,2.5342998839072846e-05,1.2361641262746624e-05,2021-01-29,160,32448,230,0.01,2.2339232862567e-05,1.032318171935336e-05,0.004726439766099533,0.0032129708556651055,0.06086956521739131,0.04782608695652174,1.0
2021-02-05,2019-05-10,1.193999127195419e-05,8.65355899006934e-06,1.5224681444275428e-05,1.277056724303196e-05,2021-02-01,161,32692,243,0.01,1.3562060492853567e-05,1.0686649485359522e-05,0.0036826702938022524,0.003269044124107156,0.18518518518518517,0.13168724279835392,1.0
2021-02-08,2019-05-10,7.9734635743887e-06,8.216231191508146e-06,1.8254712086410638e-05,1.5936729999480757e-05,2021-02-03,162,32922,213,0.01,1.2510728175938286e-05,1.1623399679533619e-05,0.0035370507737291935,0.0034093107337896935,0.11267605633802817,0.09859154929577464,1.0
2021-02-10,2019-05-10,1.90980975733959e-05,6.9717600540572036e-06,1.5180583646467543e-05,1.0125856042214638e-05,2021-02-05,163,33165,244,100.0,1.720356214971743e-05,8.497101556526784e-06,0.004147717703715795,0.0029149788260854972,0.11885245901639344,0.10655737704918032,1.0
2021-02-12,2019-05-10,1.0636463413583507e-05,9.064913302815194e-06,1.9652513736027874e-05,1.4908873661240636e-05,2021-02-08,164,33378,247,100.0,1.4980228548688286e-05,1.1880424568615308e-05,0.0038704300211589264,0.0034467991772970047,0.1700404858299595,0.1417004048582996,1.0
2021-02-17,2019-05-10,1.0237263967777355e-05,4.79032367036267e-06,2.5579749373401175e-05,1.5507808037051192e-05,2021-02-10,165,33622,236,100.0,1.6868338168513074e-05,9.422456744100929e-06,0.004107108248940254,0.0030696020497942285,0.11440677966101695,0.09322033898305085,1.0
2021-02-19,2019-05-10,9.020604920279458e-06,7.227404218245804e-06,3.470151092965028e-05,1.654202763634148e-05,2021-02-12,166,33869,231,100.0,2.0360225755586054e-05,1.1340354818443893e-05,0.004512230685103107,0.0033675443305833247,0.20346320346320346,0.19480519480519481,1.0
2021-02-22,2019-05-10,1.3937118932856568e-05,6.482061931812804e-06,2.971363178970986e-05,8.592063839863726e-06,2021-02-17,167,34105,244,100.0,2.117879696551054e-05,7.450587397803391e-06,0.0046020426948813215,0.002729576413622339,0.2827868852459016,0.20901639344262296,1.0
2021-02-24,2019-05-10,2.2275492786295503e-05,7.66538380773915e-06,1.950429930725264e-05,1.0950431776422484e-05,2021-02-19,168,34336,233,100.0,2.095531048512058e-05,9.230363741317907e-06,0.0045776970722319075,0.003038151369059466,0.21030042918454936,0.06437768240343347,1.0
2021-02-26,2019-05-10,4.0412617361584846e-05,2.313313296878947e-05,4.9565314323933984e-05,9.1967818381914e-06,2021-02-22,169,34580,208,100.0,4.5340992649003613e-05,1.562894389846743e-05,0.006733572057162796,0.003953345911815387,0.27884615384615385,0.125,1.0
2021-03-01,2019-05-10,9.978243692646235e-06,3.5985580703010117e-06,1.842942994995574e-05,9.69280511428041e-06,2021-02-24,170,34813,236,100.0,1.4168026710041202e-05,6.6198585115958825e-06,0.0037640439304079862,0.0025729085703918597,0.2584745762711864,0.19491525423728814,1.0
2021-03-03,2019-05-10,1.8388270228617817e-05,1.2233710960816645e-05,2.2900383405805884e-05,5.440555756948275e-06,2021-02-26,171,35021,199,0.01,1.99527717825172e-05,9.878295337364798e-06,0.004466852558851389,0.0031429755546877546,0.17587939698492464,0.06532663316582915,1.0
2021-03-05,2019-05-10,1.2211071999777473e-05,8.575611840637657e-06,2.5201528774441284e-05,8.203519563255628e-06,2021-03-01,172,35257,225,0.01,1.8446491251616096e-05,8.397007547494284e-06,0.004294937863533779,0.0028977590561491276,0.2222222222222222,0.08444444444444445,1.0
2021-03-08,2019-05-10,4.2307636255288954e-05,3.333681001239791e-05,1.99608008183643e-05,5.5942632819706846e-06,2021-03-03,173,35456,244,100.0,3.159214549250131e-05,2.0034031457234036e-05,0.005620689058514206,0.004475939170412622,0.13934426229508196,0.06147540983606557,1.0
2021-03-10,2019-05-10,7.3890951242706675e-06,8.709061496454331e-06,9.65162195393563e-06,8.295076874521322e-06,2021-03-05,174,35681,247,100.0,8.479138414676054e-06,8.509611415442072e-06,0.002911896017146913,0.002917123825867197,0.14979757085020243,0.10121457489878542,1.0
2021-03-12,2019-05-10,8.351121467409976e-06,9.435694372056393e-06,1.4367366761525347e-05,1.8741340947325547e-05,2021-03-08,175,35925,206,0.01,1.0921168000818483e-05,1.3410922035278166e-05,0.0033047190502096366,0.003662092576011448,0.1796116504854369,0.1650485436893204,1.0
2021-03-15,2019-05-10,6.000903304998313e-06,9.952061254656884e-06,1.324903561966918e-05,2.3193024605479285e-05,2021-03-10,176,36172,188,0.01,9.277984404716526e-06,1.5938667024975526e-05,0.0030459783985965043,0.003992326016869805,0.14361702127659576,0.20212765957446807,1.0
2021-03-17,2019-05-10,1.0132277920489345e-05,8.25480484101471e-06,1.9691396196343042e-05,3.094081310798676e-05,2021-03-12,177,36378,203,0.01,1.4511578411397689e-05,1.8647902224405845e-05,0.0038094065694537892,0.004318321690704138,0.2019704433497537,0.21182266009852216,1.0
2021-03-22,2019-05-10,1.0365542690151294e-05,9.68951251460757e-06,6.3623433625238065e-06,2.638456974123091e-05,2021-03-15,178,36566,211,0.01,8.278566737359713e-06,1.839309685076192e-05,0.0028772498566095564,0.004288717389938619,0.17061611374407584,0.15165876777251186,1.0
2021-03-24,2019-05-10,8.653196881817144e-06,5.843553938981074e-06,8.229521304612159e-06,1.6628413986355058e-05,2021-03-17,179,36769,222,0.01,8.427999953392872e-06,1.1576047117314992e-05,0.002903101781438755,0.003402359051792593,0.21171171171171171,0.11261261261261261,1.0
2021-03-26,2019-05-10,2.474144962645249e-05,1.5001470110012763e-05,6.3941818516933905e-06,2.6967810537773666e-05,2021-03-22,180,36980,166,100.0,1.3799404387288933e-05,2.213802253379788e-05,0.0037147549565602483,0.004705106006648296,0.20481927710843373,0.24096385542168675,1.0
2021-03-29,2019-05-10,9.427229175609015e-06,1.1223680397593868e-05,,,2021-03-24,181,37202,91,100.0,9.427229175609015e-06,1.1223680397593868e-05,0.0030703793211277683,0.003350176174112918,0.37362637362637363,0.3516483516483517,1.0
2021-03-31,2019-05-10,9.769775622944956e-06,1.2279833398292892e-05,7.495687816730433e-06,2.562521263883652e-05,2021-03-26,182,37368,184,100.0,8.632731719837693e-06,1.895252301856471e-05,0.0029381510716499403,0.004353449553924417,0.24456521739130435,0.28804347826086957,1.0
2021-04-05,2019-05-10,6.4196693650133995e-06,9.247888964446707e-06,4.289464324220085e-06,2.8574261971975008e-05,2021-03-29,183,37459,193,100.0,5.415272169613445e-06,1.8360323905820158e-05,0.002327073735319413,0.004284894853531433,0.18652849740932642,0.21243523316062177,1.0
2021-04-07,2019-05-10,1.0216369011507408e-05,1.2126003328149961e-05,3.1394587423874843e-06,2.580010290700972e-05,2021-03-31,184,37643,202,100.0,6.432674412175963e-06,1.9436908053480924e-05,0.002536271754401717,0.00440873088921074,0.13861386138613863,0.1188118811881188,1.0
2021-04-09,2019-05-10,1.1637526921888638e-05,1.2944346428954152e-05,7.490893047888505e-06,3.773152251132498e-05,2021-04-05,185,37836,177,100.0,9.810196740125867e-06,2.386750877033791e-05,0.003132123359659684,0.004885438441976105,0.12429378531073447,0.07909604519774012,1.0
2021-04-12,2019-05-10,7.3298298630699735e-06,8.730913075602683e-06,4.294319548425438e-06,3.293816317995443e-05,2021-04-07,186,38038,190,100.0,6.003791146672624e-06,1.9305659173819497e-05,0.0024502634851526935,0.004393820566866551,0.07894736842105263,0.1368421052631579,1.0
2021-04-14,2019-05-10,9.479178534122187e-06,9.111064055547595e-06,9.071215737260869e-06,3.08105631003993e-05,2021-04-09,187,38215,226,100.0,9.280612571048093e-06,1.9672767130475416e-05,0.0030464097838354075,0.0044353993202952335,0.14601769911504425,0.1415929203539823,1.0
2021-04-16,2019-05-10,1.0971780811244632e-05,1.0555110500142614e-05,1.620803764466873e-05,4.412726658873288e-05,2021-04-12,188,38405,198,100.0,1.3193223104212431e-05,2.4797843386211217e-05,0.0036322476655939132,0.004979743305252914,0.06565656565656566,0.04040404040404041,1.0
2021-04-19,2019-05-10,1.0966715450186647e-05,8.929954645607567e-06,1.0417246521291442e-05,3.014789713742522e-05,2021-04-14,189,38631,206,100.0,1.0713319584919444e-05,1.871492812484386e-05,0.0032731207715144648,0.004326075372071534,0.09223300970873786,0.08737864077669903,1.0
2021-04-21,2019-05-10,1.1133174444432357e-05,9.049335449518737e-06,1.7208601441144116e-05,3.458694860410034e-05,2021-04-16,190,38829,195,100.0,1.3750281458400498e-05,2.0050153423800045e-05,0.0037081371951965987,0.004477739767315653,0.07179487179487179,0.035897435897435895,1.0
2021-04-23,2019-05-10,9.636985556718778e-06,8.619174057170276e-06,1.4393391527432807e-05,3.144387317190223e-05,2021-04-19,191,39035,198,100.0,1.1774966018302356e-05,1.8878761032984137e-05,0.0034314670358758155,0.004344969623942627,0.050505050505050504,0.025252525252525252,1.0
2021-04-26,2019-05-10,9.567866721852822e-06,6.475211651551802e-06,1.28386543286907e-05,2.9513102615675523e-05,2021-04-21,192,39230,190,100.0,1.10311138091224e-05,1.6781636556554518e-05,0.0033213120613881496,0.0040965395831792616,0.07894736842105263,0.03684210526315789,1.0
2021-04-28,2019-05-10,1.0642949294491206e-05,1.4416409006699701e-05,9.877432603038846e-06,2.693200669822541e-05,2021-04-23,193,39428,151,100.0,1.0191750714761007e-05,2.1793152016936707e-05,0.003192452147607072,0.0046683136159577695,0.23841059602649006,0.24503311258278146,1.0
2021-04-30,2019-05-10,1.3635496664338245e-05,2.868288503740726e-05,1.1477080692818698e-05,1.9656821290550758e-05,2021-04-26,194,39618,208,100.0,1.24213876803585e-05,2.360572417980048e-05,0.0035243989105035343,0.0048585722367584985,0.14903846153846154,0.10096153846153846,1.0
2021-05-03,2019-05-10,1.5913782786818958e-05,2.9971893804074365e-05,1.6610514533545414e-05,2.7894807176563715e-05,2021-04-28,195,39769,181,100.0,1.626022398684869e-05,2.8939088298682326e-05,0.004032396804240462,0.005379506324811072,0.049723756906077346,0.03314917127071823,1.0
2021-05-05,2019-05-10,1.0204342621209349e-05,1.6102289268462762e-05,1.4590894080016609e-05,2.000683364089476e-05,2021-04-30,196,39977,202,100.0,1.2332471546769307e-05,1.799657317191987e-05,0.003511761886399661,0.00424223681233378,0.06435643564356436,0.04455445544554455,1.0
2021-05-07,2019-05-10,1.7271510438064145e-05,3.2195025645015136e-05,8.257560272554566e-06,2.6164965922479326e-05,2021-05-03,197,40158,212,100.0,1.284957262102171e-05,2.9236883139620213e-05,0.00358463005357899,0.005407114123043845,0.08490566037735849,0.07547169811320754,1.0
2021-05-10,2019-05-10,7.422542616117246e-06,1.6871399641933985e-05,1.3954913965506544e-05,1.8517964819100565e-05,2021-05-05,198,40360,202,100.0,1.0559374402705177e-05,1.766207697948427e-05,0.0032495191032990063,0.0042026273900364125,0.15346534653465346,0.20297029702970298,1.0
2021-05-14,2019-05-10,1.3016362458777033e-05,1.8837064493933166e-05,6.1194574807537835e-06,1.64225365724538e-05,2021-05-07,199,40572,222,100.0,9.56790996976541e-06,1.7629800533193486e-05,0.0030932038357931427,0.004198785602194221,0.13513513513513514,0.16666666666666666,1.0
2021-05-17,2019-05-10,1.1089460372831047e-05,1.6370595645842875e-05,1.32750643790022e-05,2.1545541489460328e-05,2021-05-10,200,40774,200,100.0,1.2193190395947475e-05,1.8983943296869687e-05,0.0034918749112686546,0.004357056724082174,0.09,0.075,1.0
2021-05-19,2019-05-10,6.9403743985009185e-06,9.325707888082155e-06,,,2021-05-14,201,40996,100,100.0,6.9403743985009185e-06,9.325707888082155e-06,0.0026344590333692644,0.003053802201859537,0.1,0.1,1.0
2021-05-21,2019-05-10,1.3805480351678222e-05,2.2561989588472835e-05,1.2324522380987526e-05,1.6468930587830843e-05,2021-05-17,202,41196,209,100.0,1.29905991716331e-05,1.920934946850236e-05,0.003604247379361342,0.004382847187445891,0.11961722488038277,0.1291866028708134,1.0
2021-05-24,2019-05-10,1.80234095201569e-05,3.156999764916994e-05,1.1278045044096031e-05,2.3298109451222983e-05,2021-05-19,203,41296,191,100.0,1.4456489038051411e-05,2.7195857816747732e-05,0.0038021689912537304,0.005214964795350754,0.1256544502617801,0.07329842931937172,1.0
2021-05-26,2019-05-10,1.3511937424697246e-05,3.339829778011996e-05,,,2021-05-21,204,41505,96,100.0,1.3511937424697246e-05,3.339829778011996e-05,0.0036758587329625775,0.005779126039473439,0.052083333333333336,0.08333333333333333,1.0
2021-05-27,2019-05-10,,,6.66769533433288e-06,2.455449958061607e-05,2021-05-24,205,41696,101,100.0,6.66769533433288e-06,2.455449958061607e-05,0.0025821880904250334,0.004955249699118711,0.0594059405940594,0.019801980198019802,1.0
2021-05-28,2019-05-10,1.2979996713972177e-05,3.423542400953995e-05,1.2861996857677441e-05,3.227500023072478e-05,2021-05-26,206,41792,176,100.0,1.292166723955376e-05,3.3266350891602907e-05,0.00359467206286662,0.005767698925186968,0.2215909090909091,0.22727272727272727,1.0
2021-06-02,2019-05-10,7.744410178999628e-06,2.6826017114334764e-05,1.4826065070010681e-05,2.6832657428156907e-05,2021-05-27,207,41893,183,100.0,1.1149796137518606e-05,2.6829210270708255e-05,0.003339131045274894,0.005179692101921528,0.03825136612021858,0.08743169398907104,1.0
2021-06-04,2019-05-10,4.659604860296904e-06,3.1385984413990196e-05,1.8442678936364598e-05,3.254790018606366e-05,2021-05-28,208,42069,173,100.0,1.1272293578872734e-05,3.194343533353989e-05,0.003357423651979704,0.005651852380727923,0.07514450867052024,0.17341040462427745,1.0
2021-06-07,2019-05-10,3.6579000658763457e-06,2.4785319596492704e-05,1.2024874331835902e-05,2.9939907556815485e-05,2021-06-02,209,42252,175,100.0,7.530613868977625e-06,2.717115745241353e-05,0.0027441963976686553,0.005212596037716095,0.07428571428571429,0.12571428571428572,1.0
2021-06-09,2019-05-10,4.060019574396921e-06,2.960209708869221e-05,1.2383349459438722e-05,2.152511168181759e-05,2021-06-04,210,42425,189,100.0,8.155626343227013e-06,2.5627707444039622e-05,0.0028558057257500927,0.005062381598026726,0.08465608465608465,0.10582010582010581,1.0
2021-06-11,2019-05-10,1.1396833205979369e-05,4.074822550053468e-05,1.4993493443349783e-05,3.8182291332700106e-05,2021-06-07,211,42600,147,100.0,1.3231863939331624e-05,3.943907541490479e-05,0.003637562912078858,0.006280053774841803,0.08843537414965986,0.09523809523809523,1.0
2021-06-14,2019-05-10,1.0162549095225977e-05,2.192383773699263e-05,,,2021-06-09,212,42789,85,100.0,1.0162549095225977e-05,2.192383773699263e-05,0.003187875326173528,0.004682289796348858,0.15294117647058825,0.15294117647058825,1.0
2021-06-15,2019-05-10,,,2.372817017829586e-05,3.8968036460633094e-05,2021-06-11,213,42936,81,100.0,2.372817017829586e-05,3.8968036460633094e-05,0.004871156965064446,0.006242438342557585,0.024691358024691357,0.0,1.0
2021-06-16,2019-05-10,1.616713996709076e-05,1.8193289183851585e-05,2.4270437061581184e-05,3.158651197998579e-05,2021-06-14,214,43021,168,100.0,2.0459958070719613e-05,2.5288508403232205e-05,0.00452326851631866,0.005028768080080071,0.047619047619047616,0.08928571428571429,1.0
2021-06-18,2019-05-10,1.7578052852816284e-05,1.5879041389095186e-05,2.131314777023014e-05,1.3133225199586815e-05,2021-06-15,215,43102,184,100.0,1.9770391173907026e-05,1.426736666916636e-05,0.00444639080310166,0.00377721678874358,0.07608695652173914,0.059782608695652176,1.0
2021-06-21,2019-05-10,1.2041037195904662e-05,2.1393077615244008e-05,8.455873541068463e-06,2.053603724523779e-05,2021-06-16,216,43270,198,100.0,9.958745174156365e-06,2.089530164276565e-05,0.003155747957958044,0.004571137893650294,0.18181818181818182,0.19696969696969696,1.0
2021-06-23,2019-05-10,1.1611405212905303e-05,2.7335264414723422e-05,6.439345528821485e-06,2.715527339820973e-05,2021-06-18,217,43454,188,100.0,8.750265813199362e-06,2.7235694916226487e-05,0.002958084821839861,0.0052187828960617326,0.14361702127659576,0.13829787234042554,1.0
2021-06-25,2019-05-10,1.1466626149450687e-05,3.18331772494012e-05,6.795244741781474e-06,3.529711254740944e-05,2021-06-21,218,43652,173,100.0,9.00942552460734e-06,3.3655247261648306e-05,0.003001570509684445,0.005801314270201909,0.08670520231213873,0.15028901734104047,1.0
2021-06-28,2019-05-10,1.1119939241328325e-05,2.7360169678733723e-05,6.327275575476918e-06,3.5229280439011475e-05,2021-06-23,219,43840,160,100.0,8.633744964667908e-06,3.144227088562781e-05,0.0029383234955783727,0.005607340803413665,0.075,0.05625,1.0
2021-06-30,2019-05-10,1.0933472954914368e-05,1.5897295352949414e-05,4.581744421448063e-06,2.500220188739937e-05,2021-06-25,220,44013,192,100.0,7.526035252065255e-06,2.0781698337576215e-05,0.0027433620344506585,0.00455869480636467,0.296875,0.2552083333333333,1.0
2021-07-02,2019-05-10,1.2519455616729323e-05,1.3966600070966891e-05,6.722049205243371e-06,3.159118797566516e-05,2021-06-28,221,44173,173,100.0,9.637507920846134e-06,2.272795590798453e-05,0.0031044335909866288,0.004767384598287045,0.06358381502890173,0.028901734104046242,1.0
2021-07-07,2019-05-10,3.193111844947942e-05,6.516053319619988e-06,5.6211575394691935e-06,2.3667812700749182e-05,2021-06-30,222,44365,176,100.0,1.9075114822997152e-05,1.489702665358085e-05,0.0043675067055469015,0.003859666650577592,0.11363636363636363,0.03977272727272727,1.0
2021-07-09,2019-05-10,4.598718029384181e-05,6.300102514552478e-06,6.010012477338809e-06,2.5484061796654523e-05,2021-07-02,223,44538,172,100.0,2.623102177987231e-05,1.5780547508614534e-05,0.005121622963463077,0.003972473726610981,0.13953488372093023,0.0755813953488372,1.0
2021-07-12,2019-05-10,3.094340818937517e-05,4.888753610201225e-06,5.295811232628578e-06,2.4833727354725008e-05,2021-07-07,224,44714,173,100.0,1.8638491730358018e-05,1.4457729452949632e-05,0.004317231952346089,0.0038023321071349926,0.07514450867052024,0.028901734104046242,1.0
2021-07-14,2019-05-10,5.9909513974277545e-05,7.986233246985904e-06,1.7453658445052707e-05,2.7120249683407194e-05,2021-07-09,225,44886,181,100.0,3.879886757853038e-05,1.750038506620091e-05,0.00622887370064046,0.0041833461566311856,0.1878453038674033,0.0718232044198895,1.0
2021-07-16,2019-05-10,4.371769864210003e-05,5.530948455339726e-06,2.5595858589138105e-05,1.8829846181860416e-05,2021-07-12,226,45059,197,100.0,3.534669638413286e-05,1.1674094105661464e-05,0.00594530877113484,0.003416737348064885,0.06598984771573604,0.015228426395939087,1.0
2021-07-19,2019-05-10,5.419074289489457e-05,7.452365639762339e-06,3.225739725402497e-05,9.42033507653897e-06,2021-07-14,227,45240,221,100.0,4.3670676659907346e-05,8.396278582288687e-06,0.006608379276336018,0.002897633272567232,0.1085972850678733,0.03619909502262444,1.0
2021-07-21,2019-05-10,3.551703769998377e-05,4.671155448551705e-06,1.4803600858853948e-05,1.9115035053267024e-05,2021-07-16,228,45437,210,100.0,2.5850767174123187e-05,1.1411632597418853e-05,0.005084364972552933,0.0033781108030108862,0.11904761904761904,0.06190476190476191,1.0
2021-07-23,2019-05-10,2.446654243791817e-05,5.070185319790906e-06,1.7145861596491455e-05,2.4230657192099138e-05,2021-07-19,229,45658,195,100.0,2.112530861798495e-05,1.3815221199972614e-05,0.004596227650800703,0.003716883264238011,0.06666666666666667,0.020512820512820513,1.0
2021-07-26,2019-05-10,2.6610871618891118e-05,4.925970161884065e-06,1.3290635687169504e-05,2.2525014795829433e-05,2021-07-21,230,45868,190,100.0,2.0441499187356893e-05,1.3077106623921921e-05,0.004521227619503014,0.0036162282317245852,0.08421052631578947,0.02631578947368421,1.0
2021-07-28,2019-05-10,1.4339334085059636e-05,8.56901939128719e-06,1.5588852175231853e-05,1.9492262819902766e-05,2021-07-23,231,46063,190,100.0,1.4924634664140307e-05,1.3685696576270276e-05,0.003863241471114679,0.003699418410543781,0.06842105263157895,0.07894736842105263,1.0
2021-07-30,2019-05-10,1.1655306527302792e-05,1.504575391166691e-05,,,2021-07-26,232,46253,92,100.0,1.1655306527302792e-05,1.504575391166691e-05,0.0034139868961820564,0.003878885653337426,0.05434782608695652,0.07608695652173914,1.0
2021-08-02,2019-05-10,1.097508772137932e-05,1.513844856621777e-05,1.5679475398113013e-05,1.5472966880528268e-05,2021-07-28,233,46443,193,100.0,1.3583219749413026e-05,1.532390690627592e-05,0.0036855419885565037,0.0039145762103037305,0.10880829015544041,0.12435233160621761,1.0
2021-08-04,2019-05-10,1.1187206556741819e-05,1.4088069693361154e-05,1.357937706173075e-05,1.8729606460991133e-05,2021-07-30,234,46535,186,100.0,1.24604585997198e-05,1.6558565069680334e-05,0.003529937478160173,0.00406922167861132,0.11290322580645161,0.13440860215053763,1.0
2021-08-06,2019-05-10,6.818141051068213e-06,2.6206843302575787e-05,1.2542718952398273e-05,2.5259525613043605e-05,2021-08-02,235,46728,174,100.0,9.746229747725542e-06,2.5722295748734607e-05,0.0031218952172879766,0.005071715266922484,0.10344827586206896,0.14367816091954022,1.0
2021-08-09,2019-05-10,6.875080861202397e-06,2.0788987856329945e-05,1.4598116049574103e-05,2.2355088527781123e-05,2021-08-04,236,46914,172,100.0,1.0691697088013996e-05,2.156293295559361e-05,0.0032698160633304737,0.004643590524108862,0.06976744186046512,0.05232558139534884,1.0
2021-08-11,2019-05-10,1.5242328547818089e-05,1.9390077215975265e-05,1.5408895856827315e-05,2.332812392626303e-05,2021-08-06,237,47088,176,100.0,1.5320880176498572e-05,2.1247224244122337e-05,0.00391418959383658,0.004609471145817309,0.0625,0.028409090909090908,1.0
2021-08-13,2019-05-10,1.1701101659648314e-05,1.910680499276198e-05,1.236860190340604e-05,2.348089194717894e-05,2021-08-09,238,47260,165,100.0,1.202878359749301e-05,2.1254084043112124e-05,0.0034682536812483903,0.00461021518403557,0.07878787878787878,0.10303030303030303,1.0
2021-08-16,2019-05-10,2.159951218366838e-05,7.158850220440106e-06,1.9652932497620168e-05,2.426081943261194e-05,2021-08-11,239,47436,177,100.0,2.064271877866163e-05,1.5564902884049994e-05,0.004543425885679399,0.003945238000938599,0.0847457627118644,0.03954802259887006,1.0
2021-08-18,2019-05-10,3.95386806234439e-05,1.8497210219495402e-06,3.3350456782645783e-05,9.881885415348166e-06,2021-08-13,240,47601,201,100.0,3.63368135615384e-05,6.0056667777378835e-06,0.006028002452018281,0.002450646195952791,0.2835820895522388,0.10945273631840796,1.0
2021-08-20,2019-05-10,2.218701098704969e-05,4.16845173867237e-06,2.9562129614737193e-05,1.820895701681785e-05,2021-08-16,241,47778,196,100.0,2.5686429519574883e-05,1.0830528222690375e-05,0.0050681781262673555,0.0032909767885371624,0.07653061224489796,0.01020408163265306,1.0
2021-08-23,2019-05-10,1.4595484304847318e-05,7.668094103733983e-06,1.5579620621193147e-05,1.8480144290267708e-05,2021-08-18,242,47979,201,100.0,1.5080208162151981e-05,1.2993432255310295e-05,0.003883324369937693,0.0036046403780835468,0.1791044776119403,0.1044776119402985,1.0
2021-08-25,2019-05-10,1.2841234991123743e-05,1.1572357187321787e-05,1.7074337836593752e-05,2.291332257599435e-05,2021-08-20,243,48175,179,100.0,1.4875016246489218e-05,1.702108916176782e-05,0.0038568142613417643,0.004125662269474783,0.0446927374301676,0.061452513966480445,1.0
2021-08-27,2019-05-10,1.1998819077410996e-05,1.7891454620705073e-05,1.8021384741098527e-05,2.590874702384527e-05,2021-08-23,244,48376,162,100.0,1.5047278240512092e-05,2.1949590281553816e-05,0.0038790821389230847,0.004685038983995098,0.17901234567901234,0.19753086419753085,1.0
2021-08-30,2019-05-10,1.5779835718865126e-05,5.8251727795974295e-06,1.4334808871273813e-05,2.443069575054555e-05,2021-08-25,245,48555,173,100.0,1.5094909698619534e-05,1.4643975575075726e-05,0.0038852168148791302,0.003826744775272546,0.08092485549132948,0.011560693641618497,1.0
2021-09-01,2019-05-10,1.255684495622197e-05,6.986960366046615e-06,1.1120107552283244e-05,2.0271896680350515e-05,2021-08-27,246,48717,197,100.0,1.1871295128961865e-05,1.3325965510942896e-05,0.0034454745868982787,0.0036504746966583533,0.1065989847715736,0.09137055837563451,1.0
2021-09-03,2019-05-10,1.4801691100000164e-05,7.290947343729726e-06,1.639583076697662e-05,2.7246378752176875e-05,2021-08-30,247,48890,165,100.0,1.5506977134480652e-05,1.611971396686089e-05,0.003937889934277068,0.00401493635900507,0.24242424242424243,0.15151515151515152,1.0
2021-09-08,2019-05-10,2.444446316544585e-05,1.848884707725645e-06,2.077810004796841e-05,2.2581330056914043e-05,2021-09-01,248,49087,170,100.0,2.3021051602189907e-05,9.897951725645847e-06,0.004798025802576504,0.003146101035511391,0.11176470588235295,0.023529411764705882,1.0
2021-09-10,2019-05-10,5.090322558459805e-05,5.251184132556873e-06,2.3097141574190816e-05,1.0255328671521464e-05,2021-09-03,249,49252,204,100.0,3.7545400912931834e-05,7.655135920883e-06,0.006127430204656095,0.002766791629465978,0.2696078431372549,0.10294117647058823,1.0
2021-09-13,2019-05-10,2.6558529684724432e-05,2.514626645513582e-06,1.6080697876277856e-05,1.1322329811798512e-05,2021-09-08,250,49422,199,100.0,2.1609202096814994e-05,6.675049246673299e-06,0.0046485698980240145,0.0025836116671576824,0.2914572864321608,0.10050251256281408,1.0
2021-09-15,2020-01-06,2.7568812101630143e-05,5.582217306907826e-06,3.203250606189395e-05,2.131075267771069e-05,2021-09-10,250,49507,183,100.0,2.9690896115526047e-05,1.3059717729092797e-05,0.005448935319447832,0.003613823145796263,0.12021857923497267,0.02185792349726776,1.0
2021-09-17,2020-01-08,3.448114108128466e-05,3.265455204941146e-06,3.3983196477858475e-05,1.0428847491301828e-05,2021-09-13,250,49599,196,1.0,3.422454717849872e-05,6.9567951076066e-06,0.005850174969904637,0.002637573716051667,0.1683673469387755,0.025510204081632654,1.0
2021-09-20,2020-01-10,5.0663459942235556e-05,5.1141439246823075e-06,5.905871627795697e-05,9.185138703356534e-06,2021-09-15,250,49676,213,100.0,5.4841380935599266e-05,7.140084988247885e-06,0.007405496670419835,0.0026720937461563515,0.11737089201877934,0.03755868544600939,1.0
2021-09-22,2020-01-13,2.8079907613415278e-05,4.491555957315969e-06,2.342051116312874e-05,7.145567390934869e-06,2021-09-17,250,49759,212,100.0,2.5618339677414842e-05,5.893675205265577e-06,0.005061456280302621,0.002427689272799461,0.20754716981132076,0.09905660377358491,1.0
2021-09-24,2020-01-15,1.6629454643144356e-05,9.914390044587315e-06,1.2985827921299264e-05,1.5198831754894581e-05,2021-09-20,250,49860,194,1.0,1.4788859701181373e-05,1.2583850290000264e-05,0.0038456286483722494,0.0035473723077794166,0.14432989690721648,0.07731958762886598,1.0
2021-09-27,2020-01-17,1.7141854563017962e-05,8.125663143416779e-06,1.4705040946695745e-05,1.3867951997798924e-05,2021-09-22,250,49955,186,1.0,1.5910346606382005e-05,1.1027680091330336e-05,0.003988777582967244,0.0033207950992692,0.15591397849462366,0.03763440860215054,1.0
2021-09-29,2020-01-22,3.8486416666948e-05,4.154300980087366e-06,2.5749243770044634e-05,7.186402618061584e-06,2021-09-24,250,50049,213,100.0,3.1908533950237344e-05,5.720175065426165e-06,0.005648763931183294,0.0023916887476062108,0.13615023474178403,0.06103286384976526,1.0
2021-10-01,2020-01-24,3.566394529127078e-05,3.671327639517483e-06,2.0547478485832653e-05,5.943211662206192e-06,2021-09-27,250,50123,195,100.0,2.752430931911179e-05,4.894649805580633e-06,0.005246361531491305,0.0022123855463233874,0.3333333333333333,0.14358974358974358,1.0
2021-10-04,2020-01-27,5.0237794536650225e-05,8.404116901027537e-06,2.3220189742243186e-05,4.12127355777327e-06,2021-09-29,250,50217,216,100.0,3.5603258606346404e-05,6.084243423431476e-06,0.0059668466216542225,0.002466625918827473,0.18055555555555555,0.08796296296296297,1.0
2021-10-06,2020-01-29,2.875060258319961e-05,3.490935476714479e-06,1.623111735207168e-05,5.8605410406718045e-06,2021-10-01,250,50293,199,0.01,2.245940397459261e-05,4.681692041517156e-06,0.004739135361497138,0.0021637218031709056,0.22110552763819097,0.05025125628140704,1.0
2021-10-08,2020-01-31,2.212810562856e-05,6.180960148578243e-06,1.3810019622565913e-05,1.2862918150449863e-05,2021-10-04,250,50393,175,1.0,1.84681477859226e-05,9.121021669401756e-06,0.0042974582936804165,0.003020102923643788,0.26285714285714284,0.18285714285714286,1.0
2021-10-11,2020-02-03,2.483772129726682e-05,2.7362616665483675e-06,1.451882335768942e-05,8.617995251575071e-06,2021-10-06,250,50476,187,0.01,1.987140678089267e-05,5.567042536347317e-06,0.00445773561137184,0.0023594581022657124,0.12834224598930483,0.03208556149732621,1.0
2021-10-13,2020-02-05,3.657196480782081e-05,3.824533030656944e-06,2.83025345800023e-05,1.4892671525505732e-05,2021-10-08,250,50539,191,100.0,3.2545488309458916e-05,9.213731355373892e-06,0.0057048653191340915,0.003035412880544242,0.13612565445026178,0.031413612565445025,1.0
2021-10-15,2020-02-07,1.974498331032555e-05,9.79875180315202e-06,1.8296969148645608e-05,2.3861654883481754e-05,2021-10-11,250,50612,185,100.0,1.9040543988427204e-05,1.664016411250162e-05,0.00436354717958076,0.004079235726518096,0.13513513513513514,0.06486486486486487,1.0
2021-10-18,2020-02-10,1.821667333243979e-05,8.32173172201149e-06,1.7157219241579933e-05,2.451056737339991e-05,2021-10-13,250,50687,180,100.0,1.7716375567311525e-05,1.5966459668500464e-05,0.004209082508969327,0.003995805259081136,0.18888888888888888,0.09444444444444444,1.0
2021-10-20,2020-02-12,1.813491927394406e-05,9.005257037065398e-06,1.9433351458513214e-05,2.9261866118088098e-05,2021-10-15,250,50759,175,100.0,1.872106866012099e-05,1.8149669136498504e-05,0.004326785025873251,0.004260242849474488,0.07428571428571429,0.017142857142857144,1.0
2021-10-22,2020-02-14,2.2480148067438683e-05,6.7378845964179844e-06,1.5667378041545125e-05,2.5248278723914455e-05,2021-10-18,250,50824,188,100.0,1.9254953746669927e-05,1.55007839440094e-05,0.004388046689208072,0.003937103496735817,0.06382978723404255,0.026595744680851064,1.0
2021-10-25,2020-02-19,2.122305289897842e-05,5.7624890594716285e-06,1.395761824297457e-05,2.7028064324900013e-05,2021-10-20,250,50892,180,100.0,1.791324377791e-05,1.545014001372234e-05,0.004232404018747501,0.003930666611876711,0.06666666666666667,0.044444444444444446,1.0
2021-10-27,2020-02-21,2.8041667586193128e-05,6.0466908510534325e-06,1.1907689661352891e-05,1.5551974623803508e-05,2021-10-22,250,50965,196,100.0,1.948078134035953e-05,1.1090310812104495e-05,0.004413703812033555,0.0033302118269119903,0.1836734693877551,0.11224489795918367,1.0
2021-10-29,2020-02-24,1.6258291918099986e-05,1.7948200538829454e-05,1.07486009131512e-05,1.9662027118847572e-05,2021-10-25,250,51027,179,100.0,1.3303373837233601e-05,1.8867347754928556e-05,0.0036473790366828617,0.004343656035522214,0.15083798882681565,0.1005586592178771,1.0
2021-11-01,2020-02-26,1.1216676062043266e-05,1.7237434453561967e-05,1.568249509980467e-05,2.6256330548907528e-05,2021-10-27,250,51103,166,100.0,1.3503390629571696e-05,2.185554389997385e-05,0.0036746959914490474,0.0046749913261923655,0.13855421686746988,0.04819277108433735,1.0
2021-11-03,2020-02-28,1.0477416474358797e-05,1.809256254148174e-05,1.3322670264582564e-05,3.1266447120749545e-05,2021-10-29,250,51159,165,100.0,1.1874177425923192e-05,2.455974224403139e-05,0.0034458928343642945,0.004955778671816508,0.06060606060606061,0.01818181818181818,1.0
2021-11-05,2020-03-02,9.174193694425205e-06,1.4157983697407915e-05,1.5868327164315107e-05,2.4974765200947275e-05,2021-11-01,250,51206,171,100.0,1.2736568815828606e-05,1.9914282626192028e-05,0.0035688329767346364,0.00446254217080265,0.18128654970760233,0.2222222222222222,1.0
2021-11-08,2020-03-04,7.854302314683263e-06,1.200718619959597e-05,1.2830843809256725e-05,2.2081211766392285e-05,2021-11-03,250,51251,172,100.0,1.0400439823534801e-05,1.7161338815166177e-05,0.003224971290342722,0.004142624628803119,0.046511627906976744,0.06976744186046512,1.0
2021-11-10,2020-03-06,1.1416720356003486e-05,7.24571732872991e-06,1.3440101915100423e-05,1.4426506944364962e-05,2021-11-05,250,51300,186,100.0,1.2450167926509986e-05,1.0913324928113408e-05,0.003528479548829777,0.0033035321896590334,0.16129032258064516,0.03225806451612903,1.0
2021-11-12,2020-03-09,1.075098329823165e-05,1.2661434653914507e-05,8.03894743668683e-06,1.748566271541128e-05,2021-11-08,250,51345,184,100.0,9.247572114114413e-06,1.5335734992352938e-05,0.0030409820969736754,0.00391608669367175,0.20652173913043478,0.14673913043478262,1.0
2021-11-15,2020-03-11,8.4023723797377e-06,9.999359722203583e-06,9.04505851666989e-06,1.9200772235578024e-05,2021-11-10,250,51410,166,100.0,8.74307346437645e-06,1.4877216958209314e-05,0.0029568688615453425,0.003857099552540654,0.1686746987951807,0.13855421686746988,1.0
2021-11-17,2020-03-13,1.8585471633934265e-05,1.0171178648164212e-05,2.0617243625581503e-05,2.2950727512436252e-05,2021-11-12,250,51465,179,100.0,1.9607032970516678e-05,1.6596650144166915e-05,0.0044279829460507954,0.0040738986418622294,0.18994413407821228,0.16759776536312848,1.0
2021-11-19,2020-03-16,1.613399426874102e-05,7.724829014827332e-06,2.0490169344663853e-05,1.878244924323375e-05,2021-11-15,250,51543,199,100.0,1.8323026970209778e-05,1.3281422094428547e-05,0.004280540499774506,0.003644368545362632,0.19597989949748743,0.09547738693467336,1.0
2021-11-22,2020-03-18,1.7884075793581582e-05,4.081778166562162e-06,1.8824165772218863e-05,1.2759946351119435e-05,2021-11-17,250,51599,219,100.0,1.8343389162139526e-05,8.321796411985123e-06,0.004282918299727363,0.0028847524004644008,0.2831050228310502,0.1552511415525114,1.0
2021-11-24,2020-03-20,3.328494385910256e-05,3.465948156674477e-06,2.0321964845940157e-05,1.5276137515555615e-05,2021-11-19,250,51651,187,100.0,2.6768793980828413e-05,9.402620882529166e-06,0.005173856780084699,0.0030663693323748796,0.16042780748663102,0.0481283422459893,1.0
2021-11-26,2020-03-23,6.568241807878584e-05,1.637096837273016e-05,8.735603432850053e-05,2.437445707502287e-05,2021-11-22,250,51715,162,100.0,7.638543844901532e-05,2.0323308472627794e-05,0.00873987634060204,0.00450813802723783,0.4382716049382716,0.2716049382716049,1.0
2021-11-29,2020-03-25,1.9829316706706758e-05,3.5287404125729537e-06,2.1685767052485402e-05,7.20401101173981e-06,2021-11-24,250,51761,221,100.0,2.0786942676927414e-05,5.424581355129612e-06,0.004559269971928337,0.002329073067795343,0.3393665158371041,0.2081447963800905,1.0
2021-12-01,2020-03-27,4.986061259567593e-05,1.4619230045616035e-05,5.381887659716996e-05,1.4705034165225327e-05,2021-11-26,250,51774,224,0.01,5.192809870359914e-05,1.4664047375947673e-05,0.007206115368463035,0.0038293664457645826,0.23214285714285715,0.125,1.0
2021-12-03,2020-03-30,4.677181550526353e-05,1.3388857296443341e-05,5.874201459780587e-05,1.8937916708304073e-05,2021-11-29,250,51723,228,1.0,5.280941592474761e-05,1.618772498225029e-05,0.0072670087329483515,0.0040233971941942654,0.17543859649122806,0.05701754385964912,1.0
2021-12-08,2020-04-01,2.5285731057254866e-05,7.925019814536303e-06,1.4954117560788925e-05,1.343120206406177e-05,2021-12-01,250,51668,219,0.01,2.0945509862392463e-05,1.0238119207031019e-05,0.004576626471801305,0.003199706112603315,0.2009132420091324,0.1415525114155251,1.0
2021-12-10,2020-04-03,4.573057791809339e-05,1.395990833647334e-05,1.3878076376725834e-05,1.667029894881182e-05,2021-12-03,250,51626,180,0.01,3.104303554068502e-05,1.520969956327386e-05,0.005571627728113663,0.0038999614822808008,0.29444444444444445,0.26666666666666666,1.0
2021-12-13,2020-04-06,5.0908514936125994e-05,2.5248131746366135e-05,1.3785708660427599e-05,1.1195511381106754e-05,2021-12-08,250,51577,167,0.01,3.290284243114654e-05,1.843219013207865e-05,0.005736099932109494,0.004293272659880647,0.281437125748503,0.281437125748503,1.0
2021-12-15,2020-04-08,7.087720896310092e-05,1.8379074519807752e-05,2.375236448085307e-05,1.738724012020661e-05,2021-12-10,250,51543,185,100.0,4.846106672289654e-05,1.7907283021619104e-05,0.006961398331003372,0.00423169977923991,0.1945945945945946,0.16216216216216217,1.0
2021-12-17,2020-04-13,7.330978804349398e-05,3.0136430959357882e-05,1.9180755162605733e-05,9.088851369078472e-06,2021-12-13,250,51487,200,100.0,4.353881995900544e-05,1.8560262184704206e-05,0.006598395256348731,0.004308162274648462,0.28,0.2,1.0
2021-12-20,2020-04-15,5.045481263450295e-05,2.0568687709602278e-05,2.508571251261586e-05,1.0437474490638634e-05,2021-12-15,250,51431,215,1.0,3.794725629534002e-05,1.5573763983043456e-05,0.006160134438089807,0.003946360853120689,0.20930232558139536,0.14883720930232558,1.0
2021-12-22,2020-04-17,2.831652161598301e-05,1.032985488598324e-05,7.079455272164169e-06,1.1166040030037122e-05,2021-12-17,250,51369,222,1.0,1.7124013678024432e-05,1.0770547056498126e-05,0.004138117165816409,0.0032818511630630246,0.3063063063063063,0.2072072072072072,1.0
2021-12-27,2020-04-20,2.2394353410727992e-05,6.107491932521957e-06,7.699613318193651e-06,1.7777949711303563e-05,2021-12-20,250,51334,196,1.0,1.579671500183502e-05,1.1347289302587171e-05,0.003974508145901203,0.0033685737787062303,0.15306122448979592,0.061224489795918366,1.0
2021-12-29,2020-04-22,2.3067294963458628e-05,1.0544153756885512e-05,6.50390943507559e-06,1.8696078788995573e-05,2021-12-22,250,51302,194,1.0,1.529787185478411e-05,1.436799488019487e-05,0.003911249398182646,0.003790513801609865,0.20103092783505155,0.17525773195876287,1.0
2021-12-31,2020-04-24,1.6873061143776707e-05,6.909557368327162e-06,4.075405152834358e-06,1.4001675368065685e-05,2021-12-27,250,51236,211,0.01,1.0079992560906834e-05,1.0674093936908748e-05,0.003174900401730239,0.0032671231897356957,0.4218009478672986,0.3127962085308057,1.0
2022-01-03,2020-04-27,1.8730728998890383e-05,4.917746376714136e-06,5.769704701625907e-06,1.8807925265480283e-05,2021-12-29,250,51176,182,100.0,1.2535074527121099e-05,1.1557557164201253e-05,0.003540490718406292,0.003399640740460858,0.2032967032967033,0.17582417582417584,1.0
2022-01-05,2020-04-29,2.761332914786631e-05,1.0853658872681822e-05,7.236651380063365e-06,9.24397012217004e-06,2021-12-31,250,51157,181,100.0,1.646807445718956e-05,9.973221379307976e-06,0.004058087536905723,0.0031580407501025027,0.4088397790055249,0.2983425414364641,1.0
2022-01-07,2020-05-01,1.3496097909158475e-05,9.806092162269274e-06,6.438724618992752e-06,9.887387739590732e-06,2022-01-03,250,51226,192,100.0,9.930654111522667e-06,9.847163365395217e-06,0.0031512940376173513,0.0031380190192851314,0.3645833333333333,0.2864583333333333,1.0
2022-01-10,2020-05-04,2.7860102369466044e-05,9.323179516174094e-06,6.734753516642264e-06,9.330597853256822e-06,2022-01-05,250,51193,180,100.0,1.71800648938718e-05,9.326929897699251e-06,0.004144884183408724,0.003054002275326469,0.2722222222222222,0.09444444444444444,1.0
2022-01-12,2020-05-06,1.612061129124849e-05,6.7647075378963145e-06,1.1561286212949022e-05,1.4484299267497884e-05,2022-01-07,250,51151,197,100.0,1.3806233078913735e-05,1.0683282019927565e-05,0.0037156739737110593,0.003268529029996149,0.350253807106599,0.2131979695431472,1.0
2022-01-14,2020-05-08,2.0170600487347785e-05,6.938898569237352e-06,6.420868186057511e-06,8.078171476461412e-06,2022-01-10,250,51125,191,100.0,1.3115764018622933e-05,7.523446971896818e-06,0.0036215692756901576,0.002742890258814016,0.3507853403141361,0.28272251308900526,1.0
2022-01-19,2020-05-11,3.985416979186005e-05,1.7320084122384795e-05,2.60128050196997e-05,4.91194496968214e-06,2022-01-12,250,51127,215,100.0,3.2772541303778016e-05,1.0971733858211342e-05,0.005724730675217658,0.003312360768124653,0.11627906976744186,0.05116279069767442,1.0
2022-01-21,2020-05-13,5.6139859687980775e-05,3.74337696082377e-05,4.716774680069778e-05,1.3563015603881433e-05,2022-01-14,250,51102,236,100.0,5.115957668698894e-05,2.4183478190565367e-05,0.007152592305380542,0.004917669996102358,0.2627118644067797,0.15677966101694915,1.0
2022-01-24,2020-05-15,7.06708265098425e-05,5.307174404567346e-05,5.280445690349093e-05,1.8762964993697808e-05,2022-01-19,250,51102,194,100.0,5.971155855543097e-05,3.202666823544098e-05,0.007727325446455001,0.005659210919858084,0.35051546391752575,0.24742268041237114,1.0
2022-01-26,2020-05-18,0.00010529294053675047,7.664727198206595e-05,6.866121878875342e-05,2.721479138359056e-05,2022-01-21,250,51118,195,1.0,8.275034253798305e-05,4.62272839214657e-05,0.009096721526900945,0.006799064929934534,0.2358974358974359,0.21025641025641026,1.0
2022-01-28,2020-05-20,2.7889631615114137e-05,1.044579922648302e-05,4.75386615640957e-05,1.1948528069344013e-05,2022-01-24,250,51117,215,0.01,3.839957786689497e-05,1.1249584421501692e-05,0.006196739293119808,0.0033540400148927402,0.16279069767441862,0.05116279069767442,1.0
2022-01-31,2020-05-22,1.377919862125101e-05,4.267280113364983e-06,3.230845698259451e-05,8.727959829093828e-06,2022-01-26,250,51076,163,0.01,2.5033165356054738e-05,6.976527302672686e-06,0.005003315436393626,0.002641311663297742,0.36809815950920244,0.22699386503067484,1.0
2022-02-02,2020-05-27,1.7548523078609726e-05,8.120349061521016e-06,5.298304215451129e-05,2.8124092321181475e-05,2022-01-28,250,51062,178,0.01,3.4469501289012157e-05,1.767269837090944e-05,0.005871073265512206,0.004203890860965522,0.16853932584269662,0.10112359550561797,1.0
2022-02-04,2020-05-29,8.906321598702993e-06,8.030517658440135e-06,1.8809701579420687e-05,5.237700621922757e-06,2022-01-31,250,50999,200,100.0,1.4006562288772605e-05,6.592216884633683e-06,0.0037425342067605215,0.002567531282113946,0.3,0.205,1.0
2022-02-07,2020-06-01,6.514631625726688e-06,9.129405230235955e-06,1.1474585446922978e-05,4.439844788601538e-06,2022-02-02,250,50994,210,100.0,9.207177985804675e-06,6.583643847634413e-06,0.003034333202831336,0.002565861229223906,0.32857142857142857,0.3238095238095238,1.0
2022-02-09,2020-06-03,2.2915964826778516e-05,1.808121950988881e-05,1.050539182605913e-05,8.158059690160792e-06,2022-02-04,250,50977,184,100.0,1.6643229560110565e-05,1.3065709383613233e-05,0.004079611447198196,0.0036146520418448625,0.2391304347826087,0.20652173913043478,1.0
2022-02-11,2020-06-05,1.1079368650518607e-05,9.597547695219913e-06,2.4871067081522482e-05,8.453449095779055e-06,2022-02-07,250,50986,229,100.0,1.890871710480028e-05,8.948059407327722e-06,0.004348415470582391,0.002991330708451963,0.37117903930131,0.3318777292576419,1.0
2022-02-14,2020-06-08,1.2260369114572594e-05,7.768699251696326e-06,2.433607206418572e-05,8.465979283302084e-06,2022-02-09,250,51024,198,100.0,1.9883918956500074e-05,8.208901291851476e-06,0.004459138813324841,0.002865118024070121,0.4595959595959596,0.3888888888888889,1.0
2022-02-16,2020-06-09,1.4835955454226961e-05,1.1765159336914704e-05,1.6665842802719874e-05,5.815496887479364e-06,2022-02-11,250,51168,196,100.0,1.5778907608297285e-05,8.699261850215883e-06,0.003972267313298198,0.0029494511099890913,0.2193877551020408,0.20408163265306123,1.0
2022-02-23,2020-06-10,1.4571524960307295e-05,2.872533850641586e-05,3.442558347637242e-05,1.7536067344564397e-05,2022-02-14,250,51211,211,1.0,2.567474251905462e-05,2.246783141116244e-05,0.005067025016620168,0.0047400244103973175,0.3080568720379147,0.3127962085308057,1.0
2022-02-25,2020-06-12,9.884955336400427e-06,8.164997976577232e-06,2.031370143711031e-05,7.38265975773571e-06,2022-02-16,250,51243,214,100.0,1.52942582204135e-05,7.75920572287906e-06,0.003910787416929422,0.0027855350873537852,0.2102803738317757,0.13551401869158877,1.0
2022-02-28,2020-06-15,8.284462920850904e-06,7.909951589657886e-06,2.3868780332529864e-05,1.0389461752004325e-05,2022-02-23,250,51236,187,100.0,1.7451708457132646e-05,9.368486979273439e-06,0.004177524201860792,0.0030607984218620865,0.3422459893048128,0.32085561497326204,1.0
2022-03-02,2020-06-17,9.228824829057129e-06,7.1183414483054635e-06,3.0528912381361986e-05,1.4457179027962503e-05,2022-02-25,250,51240,208,100.0,2.0083677139366335e-05,1.0858325984092225e-05,0.004481481578603926,0.0032951974120061798,0.12980769230769232,0.08173076923076923,1.0
2022-03-04,2020-06-19,2.2376102569601928e-05,2.066243926666455e-05,4.295160357706767e-05,2.3141669478668463e-05,2022-02-28,250,51176,215,100.0,3.338160310847895e-05,2.1988539147503854e-05,0.005777681464781435,0.004689193869686329,0.20930232558139536,0.16279069767441862,1.0
2022-03-07,2020-06-22,4.673514788330631e-05,4.619165024728654e-05,7.047594177203983e-05,4.383711786860915e-05,2022-03-02,250,51160,207,100.0,5.980978799594217e-05,4.489495125613088e-05,0.007733678813859686,0.006700369486538103,0.18840579710144928,0.178743961352657,1.0
2022-03-09,2020-06-24,2.246525360805617e-05,1.6786078821844093e-05,3.941385164486091e-05,2.2571608291279273e-05,2022-03-04,250,51135,198,100.0,3.17099434463133e-05,1.9941822168808736e-05,0.005631158268625851,0.004465626738634649,0.23737373737373738,0.23737373737373738,1.0
2022-03-11,2020-06-26,3.614827778555152e-05,3.802756909428934e-05,2.823704355893001e-05,1.5558426491882367e-05,2022-03-07,250,51132,225,0.01,3.1928952864686714e-05,2.604402637300562e-05,0.0056505710211169555,0.0051033348286199706,0.21333333333333335,0.1688888888888889,1.0
2022-03-14,2020-06-29,6.473568014719155e-05,6.92930051222078e-05,2.584771101186793e-05,1.6992299210084273e-05,2022-03-09,250,51083,227,0.01,4.297897494813384e-05,4.0032257761680536e-05,0.006555835183112358,0.006327105006373811,0.2643171806167401,0.21585903083700442,1.0
2022-03-16,2020-07-01,1.6136212611273533e-05,1.1155450285338832e-05,2.171527203289751e-05,6.9032939747382544e-06,2022-03-11,250,51072,193,0.01,1.896910288753856e-05,8.996324283064963e-06,0.004355353359664238,0.002999387317947611,0.29015544041450775,0.21761658031088082,1.0
2022-03-18,2020-07-06,1.3700261841527826e-05,9.6566195298143e-06,8.479192450131694e-06,5.355638058226867e-06,2022-03-14,250,51070,226,0.01,1.0789400145439715e-05,7.2587272049469715e-06,0.0032847222326156766,0.002694202517433864,0.33185840707964603,0.2831858407079646,1.0
2022-03-21,2020-07-08,1.1206527079316029e-05,7.2193372264288644e-06,8.459758088026232e-06,5.841748104036411e-06,2022-03-16,250,51036,228,0.01,9.809048118835255e-06,6.518458550123932e-06,0.003131939992853512,0.002553127209937635,0.23684210526315788,0.18421052631578946,1.0
2022-03-23,2020-07-10,1.0594484030638757e-05,8.005632459271519e-06,8.959382685151082e-06,5.11524818333208e-06,2022-03-18,250,51022,209,1.0,9.757374729360375e-06,6.525866346709223e-06,0.0031236796777775367,0.0025545775280287,0.3062200956937799,0.24401913875598086,1.0
2022-03-25,2020-07-13,1.6664055063229233e-05,8.176420262273826e-06,1.2429528357918627e-05,8.982055652227865e-06,2022-03-21,250,51009,194,0.01,1.4437654424354585e-05,8.600001755961002e-06,0.0037996913590914966,0.0029325759591118865,0.30412371134020616,0.211340206185567,1.0
2022-03-28,2020-07-15,1.3236212773131574e-05,7.305100383959863e-06,1.4484993879720281e-05,1.238240151125421e-05,2022-03-23,250,50996,202,0.01,1.3842057072367678e-05,9.768345485320484e-06,0.0037204915095142574,0.0031254352473408377,0.3465346534653465,0.297029702970297,1.0
2022-03-30,2020-07-17,1.2910063466553929e-05,6.055188807462305e-06,1.2623241251685974e-05,1.0988101764643228e-05,2022-03-25,250,50932,210,0.01,1.2759823258765952e-05,8.639095594557072e-06,0.0035720894807893533,0.0029392338448236935,0.38571428571428573,0.3142857142857143,1.0
2022-04-01,2020-07-20,1.5574174186782288e-05,5.344707853252837e-06,1.773074788355002e-05,1.126294201704512e-05,2022-03-28,250,50905,185,1.0,1.670491823319564e-05,8.447781982376358e-06,0.004087165060674164,0.0029065068350816515,0.23243243243243245,0.21621621621621623,1.0
2022-04-04,2020-07-22,1.0346805944196526e-05,5.214272489706671e-06,2.0058015796305528e-05,1.667545513392187e-05,2022-03-30,250,50891,187,100.0,1.4864855447584138e-05,1.0546480457870963e-05,0.003855496783500686,0.003247534519889044,0.20855614973262032,0.19786096256684493,1.0
2022-04-06,2020-07-24,1.2068413897101263e-05,1.3008868295354237e-05,1.0139674717669182e-05,6.771892598312028e-06,2022-04-01,250,50847,173,100.0,1.0975833321469217e-05,9.475783796451713e-06,0.0033129795232493086,0.003078276107897359,0.3699421965317919,0.32947976878612717,1.0
2022-04-08,2020-07-27,8.377120381007752e-06,8.275777090341924e-06,1.133273380161906e-05,8.103829522568272e-06,2022-04-04,250,50829,200,100.0,9.84014902421035e-06,8.190663044293965e-06,0.00313690118177324,0.002861933445119569,0.295,0.275,1.0
2022-04-11,2020-07-29,1.0974616007730692e-05,1.2482927707511783e-05,7.388443107682781e-06,4.317242765509471e-06,2022-04-06,250,50783,210,100.0,9.198606571516489e-06,8.43896945052016e-06,0.0030329204690391224,0.002904990438972246,0.3238095238095238,0.28095238095238095,1.0
2022-04-13,2020-07-31,9.494159632523875e-06,5.264397818836842e-06,1.6304807673676348e-05,7.721645967303925e-06,2022-04-08,250,50759,199,100.0,1.2813922748060506e-05,6.462151941456476e-06,0.0035796539983719805,0.0025420763051994476,0.19597989949748743,0.1507537688442211,1.0
2022-04-18,2020-08-03,1.0374374905796804e-05,1.0594007053526158e-05,1.1567255687729615e-05,9.130148943689167e-06,2022-04-11,250,50761,206,100.0,1.0965024613355768e-05,9.869184105936969e-06,0.0033113478544779568,0.0031415257608265715,0.1553398058252427,0.06796116504854369,1.0
2022-04-20,2020-08-05,1.325776238713389e-05,1.047082991001743e-05,1.131903017068361e-05,9.491796412244034e-06,2022-04-13,250,50753,214,100.0,1.2297455775247304e-05,9.985888084017524e-06,0.003506772843405644,0.0031600455825854037,0.22429906542056074,0.22897196261682243,1.0
2022-04-22,2020-08-07,4.65599828300723e-05,5.097763635352113e-05,2.5195645341844272e-05,1.195864413533102e-05,2022-04-18,250,50742,232,100.0,3.633825239389424e-05,3.230906680085258e-05,0.0060281217965378105,0.005684106508577455,0.19827586206896552,0.2025862068965517,1.0
2022-04-25,2020-08-10,3.946849311011831e-05,4.935296491579301e-05,1.2696808903018244e-05,6.542977681759877e-06,2022-04-20,250,50724,232,100.0,2.7005812530951034e-05,2.942417775512241e-05,0.005196711703659443,0.00542440575133557,0.09051724137931035,0.07327586206896551,1.0
2022-04-27,2020-08-12,9.373119737201644e-05,9.424970244826444e-05,2.6027289754919e-05,2.5512885646684207e-05,2022-04-22,250,50731,225,100.0,6.093241545973368e-05,6.095053341994336e-05,0.007805921819986008,0.007807082260354592,0.16444444444444445,0.14222222222222222,1.0
2022-05-02,2020-08-14,2.388448973466569e-05,2.704658740509535e-05,2.160703858202928e-05,1.856596414965002e-05,2022-04-25,250,50768,219,0.01,2.2657369935528266e-05,2.2477119167001515e-05,0.004759975833502547,0.004741004025204104,0.1917808219178082,0.2100456621004566,1.0
2022-05-04,2020-08-17,9.425555560129426e-06,7.0824375868295145e-06,1.4341763015134379e-05,4.325432928466324e-06,2022-04-27,250,50760,192,0.01,1.1960475029116353e-05,5.660857059860994e-06,0.0034583919715839547,0.002379255568420718,0.3020833333333333,0.34375,1.0
2022-05-06,2020-08-19,1.0791807160076753e-05,3.572251721061096e-05,2.006651295700214e-05,1.5688908187695356e-05,2022-05-02,250,50756,208,0.01,1.591964930741531e-05,2.4646242991210507e-05,0.0039899435218327724,0.004964498261779382,0.23557692307692307,0.30288461538461536,1.0
2022-05-09,2020-08-21,3.1706692238234404e-05,6.607000462048513e-05,2.7976872713472026e-05,4.168149273168589e-05,2022-05-04,250,50705,221,100.0,2.968145086732271e-05,5.282737373063939e-05,0.005448068544660824,0.007268244198610789,0.2171945701357466,0.2081447963800905,1.0
2022-05-11,2020-08-24,3.9705216592080636e-05,7.654707634042275e-05,1.6948720434561492e-05,3.086346746061409e-05,2022-05-06,250,50665,199,100.0,2.71262488668188e-05,5.1294830225955645e-05,0.005208286557671227,0.007162040926017922,0.23618090452261306,0.22110552763819097,1.0
2022-05-13,2020-08-26,1.2738203611134372e-05,3.956352339152832e-05,1.4440831462754727e-05,1.327825079343288e-05,2022-05-09,250,50649,195,100.0,1.3689928923065753e-05,2.487072999054164e-05,0.0036999903949964186,0.004987056244974749,0.2205128205128205,0.28717948717948716,1.0
2022-05-16,2020-08-28,9.36063817314139e-06,3.1768414626619664e-05,1.0002934907728745e-05,6.444165017395082e-06,2022-05-11,250,50595,215,1.0,9.686267680443817e-06,1.8929609010780226e-05,0.0031122769286237714,0.004350817050943446,0.13023255813953488,0.16744186046511628,1.0
2022-05-18,2020-08-31,1.7869983403436775e-05,6.007270184782922e-05,2.008622047855408e-05,1.9577608841695565e-05,2022-05-13,250,50552,214,1.0,1.900917068503913e-05,3.9257467125050237e-05,0.004359950766354952,0.006265577956186503,0.17757009345794392,0.24766355140186916,1.0
2022-05-20,2020-09-02,9.510633810809184e-06,4.063199406979052e-05,1.1861772815515797e-05,1.1340693178319076e-05,2022-05-16,250,50559,229,0.01,1.0773472664865574e-05,2.4899111931576597e-05,0.0032822968581262685,0.004989900994165776,0.22270742358078602,0.31004366812227074,1.0
2022-05-23,2020-09-04,9.465374263493833e-06,2.917285045258665e-05,7.639648484124778e-06,7.181008316507557e-06,2022-05-18,250,50541,244,1.0,8.462721581381318e-06,1.7095363377854687e-05,0.0029090757263057483,0.0041346539610776,0.2336065573770492,0.3114754098360656,1.0
2022-05-25,2020-09-09,1.0439825273918496e-05,4.421638795490907e-05,1.274582942291739e-05,1.0493630974390478e-05,2022-05-20,250,50544,206,1.0,1.1592827348417942e-05,2.7355009464649772e-05,0.0034048241288527578,0.005230201665772532,0.1796116504854369,0.3058252427184466,1.0
2022-05-27,2020-09-11,2.5982531056632137e-05,1.4102469378263446e-05,1.0085229965474942e-05,2.808084195265302e-06,2022-05-23,250,50546,226,100.0,1.6767723786979072e-05,7.555723984578682e-06,0.0040948411186490586,0.002748767721103164,0.3008849557522124,0.28761061946902655,1.0
2022-06-01,2020-09-14,1.829648100742005e-05,2.5135810881181506e-05,1.5133129897058308e-05,4.159451195176648e-06,2022-05-25,250,50540,205,100.0,1.6722520942752257e-05,1.4698792891071771e-05,0.0040893179067849755,0.0038339004800687993,0.2146341463414634,0.21951219512195122,1.0
2022-06-03,2020-09-16,1.8041791419596957e-05,2.1289441365089424e-05,1.3471597674187726e-05,2.8896531742614365e-06,2022-05-27,250,50554,225,100.0,1.5563730810975063e-05,1.131266732384047e-05,0.003945089455383117,0.0033634308858426793,0.27111111111111114,0.26222222222222225,1.0
2022-06-06,2020-09-18,2.0645949180711395e-05,1.9039675217250204e-05,1.79099150234411e-05,4.8713507110343e-06,2022-06-01,250,50494,186,100.0,1.914554335253091e-05,1.1269948875131803e-05,0.004375562061327769,0.003357074451830314,0.26881720430107525,0.23655913978494625,1.0
2022-06-08,2020-09-21,2.70531427181412e-05,1.3154129018034654e-05,1.80979989644668e-05,4.1519173616890196e-06,2022-06-03,250,50447,179,100.0,2.2350441529060788e-05,8.426710606322422e-06,0.004727625358365528,0.002902879709240881,0.36312849162011174,0.2346368715083799,1.0
2022-06-10,2020-09-23,1.0214395592956099e-05,5.476180476783086e-05,6.418621333379614e-06,7.228045115968407e-06,2022-06-06,250,50360,234,100.0,7.959640797737588e-06,2.6525938991724525e-05,0.00282128353728185,0.00515033387186933,0.24358974358974358,0.33760683760683763,1.0
2022-06-13,2020-09-25,3.062396782295953e-05,0.00010491907098301426,1.8102424084721256e-05,3.129707552475234e-05,2022-06-08,250,50298,220,100.0,2.3680202659027394e-05,6.409232804706901e-05,0.0048662308472808185,0.008005768423272622,0.18636363636363637,0.19545454545454546,1.0
2022-06-15,2020-09-28,1.4120223804523933e-05,4.0713067787843116e-05,1.8018398070956897e-05,1.6556192884197694e-05,2022-06-10,250,50271,204,0.01,1.6203071819431743e-05,2.7805717961875714e-05,0.0040253039412486286,0.005273112739348147,0.15196078431372548,0.2107843137254902,1.0
2022-06-17,2020-09-30,1.3584298483516033e-05,4.386690394873511e-05,9.011942291908308e-06,2.1198403233824416e-05,2022-06-13,250,50226,226,0.01,1.089348709641945e-05,3.0526591581110676e-05,0.0033005283056534223,0.00552508747271124,0.19469026548672566,0.21238938053097345,1.0
2022-06-22,2020-10-02,1.8704513540854243e-05,4.374795799515778e-05,8.84575995658313e-06,1.2825129046489572e-05,2022-06-15,250,50189,211,100.0,1.305091551385517e-05,2.601496129947601e-05,0.003612605086894383,0.005100486378716839,0.1943127962085308,0.22274881516587677,1.0
2022-06-27,2020-10-05,3.0792465092688055e-05,2.3484164381398176e-05,1.6276702878380764e-05,5.963560103057609e-06,2022-06-17,250,50179,219,1.0,2.2639776725748347e-05,1.36438249921932e-05,0.004758127438998281,0.00369375486357625,0.2100456621004566,0.2146118721461187,1.0
2022-06-29,2020-10-07,1.796636213168289e-05,3.410306546070405e-05,1.044832792905134e-05,6.457133882662936e-06,2022-06-22,250,50165,227,1.0,1.3760237269417662e-05,1.863595836638149e-05,0.0037094793798345426,0.004316938540954862,0.24669603524229075,0.21585903083700442,1.0
2022-07-01,2020-10-09,2.195869076022616e-05,3.0246712677904e-05,1.3316391470309608e-05,4.657777820732969e-06,2022-06-27,250,50145,211,1.0,1.7166515324585228e-05,1.605758766231627e-05,0.004143249367897765,0.004007191992195566,0.2796208530805687,0.27014218009478674,1.0
2022-07-06,2020-10-12,2.5384245801228034e-05,3.332576399806602e-05,1.2645068353334056e-05,7.148304161063651e-06,2022-06-29,250,50148,205,0.01,1.8300020293618698e-05,1.8768542430172018e-05,0.004277852299182231,0.004332267585245863,0.22926829268292684,0.23902439024390243,1.0
2022-07-08,2020-10-14,5.418712642647431e-05,1.7396294326536885e-05,2.021424465560827e-05,5.07602817412137e-06,2022-07-01,250,50160,214,0.01,3.57719194852572e-05,1.0718019215881746e-05,0.00598096309010992,0.0032738386056557134,0.21495327102803738,0.17757009345794392,1.0
2022-07-11,2020-10-16,3.0233217165557997e-05,3.249526799083909e-05,1.6359009821985012e-05,6.731843425446398e-06,2022-07-06,250,50125,219,100.0,2.2884321951610665e-05,1.8848887855745243e-05,0.004783756050595668,0.004341530589060181,0.2328767123287671,0.2191780821917808,1.0
2022-07-13,2020-10-19,2.6219109776688564e-05,4.046715551578688e-05,1.825470418919829e-05,4.948117288927278e-06,2022-07-08,250,50107,233,100.0,2.2253997982058214e-05,2.2783857514431884e-05,0.004717414332243694,0.004773243919435909,0.18454935622317598,0.17167381974248927,1.0
2022-07-15,2020-10-21,5.4969660146565926e-05,1.705729501010299e-05,3.167429541688391e-05,2.691447147203893e-06,2022-07-11,250,50073,208,100.0,4.28739899984618e-05,9.59810477359769e-06,0.006547823302324353,0.0030980808210241528,0.052884615384615384,0.02403846153846154,1.0
2022-07-18,2020-10-23,3.174847383843124e-05,3.354791813660215e-05,2.1397097784173383e-05,4.939488838959054e-06,2022-07-13,250,50045,229,100.0,2.636937449145882e-05,1.8681529112936082e-05,0.005135111925894003,0.004322213450644945,0.2314410480349345,0.24017467248908297,1.0
2022-07-20,2020-10-26,6.746688121052581e-05,1.9536145643589014e-05,2.9592408569672514e-05,2.682904292917686e-06,2022-07-15,250,50006,229,100.0,4.86123402452102e-05,1.1146322438451318e-05,0.006972255033001174,0.003338610854599757,0.24017467248908297,0.24890829694323144,1.0
2022-07-22,2020-10-28,5.357904741962177e-05,1.5714864944809602e-05,3.333484370493083e-05,2.3812106612371326e-06,2022-07-18,250,49958,227,1.0,4.3679899347680386e-05,9.194884215838042e-06,0.006609077042044553,0.0030323067483086275,0.2511013215859031,0.21585903083700442,1.0
2022-07-25,2020-10-30,3.483046934427815e-05,2.316982690489755e-05,2.7319187707443668e-05,4.42490581481102e-06,2022-07-20,250,49947,233,1.0,3.1090947155982865e-05,1.3837591512408117e-05,0.005575925677049763,0.0037198913307256863,0.24034334763948498,0.20600858369098712,1.0
2022-07-27,2020-11-02,4.04092455103041e-05,1.694731433107109e-05,3.2102077957365144e-05,2.7903379998166656e-06,2022-07-22,250,49936,199,100.0,3.644351225638852e-05,1.0188958796050133e-05,0.006036846217719027,0.0031920148489708085,0.3165829145728643,0.2562814070351759,1.0
2022-07-29,2020-11-04,0.00010092909405847705,1.4128623687923856e-05,3.3602788773934746e-05,4.4149484841936385e-06,2022-07-25,250,49925,199,100.0,6.57434872766057e-05,9.052130114115099e-06,0.008108235768439748,0.0030086758074134704,0.27638190954773867,0.18090452261306533,1.0
2022-08-01,2020-11-06,8.623444911864946e-05,1.2547049562809388e-05,,,2022-07-27,250,49885,96,100.0,8.623444911864946e-05,1.2547049562809388e-05,0.009286250541453718,0.00354218146949156,0.21875,0.052083333333333336,1.0
2022-08-03,2020-11-09,6.612870545844658e-05,1.0538889379495973e-05,3.373887794869083e-05,4.04632676005058e-06,2022-07-29,250,49841,197,100.0,5.067366085988293e-05,7.4409153377301486e-06,0.007118543450726625,0.002727804123783478,0.1218274111675127,0.02030456852791878,1.0
2022-08-05,2020-11-11,8.539770309719109e-05,1.598357750799203e-05,2.938279288816636e-05,5.275818238670481e-06,2022-08-01,250,49741,206,100.0,5.820599911222763e-05,1.0785636115117489e-05,0.007629285622666623,0.00328414922241933,0.21359223300970873,0.0825242718446602,1.0
2022-08-08,2020-11-13,6.080772232808192e-05,1.6077681706034255e-05,1.8720933204297926e-05,5.593661136330598e-06,2022-08-03,250,49700,228,100.0,4.013351012692487e-05,1.0927636513899125e-05,0.006335101429884519,0.003305697583551636,0.29385964912280704,0.22807017543859648,1.0
2022-08-10,2020-11-16,6.997707465110085e-05,2.1057293759582908e-05,2.8878773904734615e-05,9.163842054863015e-06,2022-08-05,250,49685,195,100.0,5.0587107119481906e-05,1.5446024237356094e-05,0.007112461396695374,0.003930143030139755,0.2205128205128205,0.15897435897435896,1.0
2022-08-12,2020-11-18,6.818973044355035e-05,2.65963005470725e-05,2.8508068565866796e-05,1.0133922684684248e-05,2022-08-08,250,49798,201,100.0,4.982955852999527e-05,1.8979379446564504e-05,0.007059005491568573,0.0043565329617213395,0.1691542288557214,0.16417910447761194,1.0
2022-08-15,2020-11-20,6.532075277631153e-05,2.4962468370325135e-05,2.9254298496973383e-05,1.0793607166587325e-05,2022-08-10,250,49771,192,100.0,4.860244844891e-05,1.8394610833175833e-05,0.00697154562840336,0.004288893893905028,0.09375,0.046875,1.0
2022-08-17,2020-11-23,2.515168577778391e-05,1.717679925661187e-05,1.5703450433563544e-05,1.0719219707748058e-05,2022-08-12,250,49758,223,100.0,2.053349002657306e-05,1.4020403871741217e-05,0.004531389414580594,0.0037443829761045033,0.2062780269058296,0.12556053811659193,1.0
2022-08-19,2020-11-25,2.021415499350491e-05,1.9757828782084625e-05,1.4780544296724925e-05,8.47732960780641e-06,2022-08-15,250,49724,222,100.0,1.739944674967744e-05,1.3914326957571134e-05,0.004171264406589139,0.0037301912762713837,0.22072072072072071,0.15765765765765766,1.0
2022-08-22,2020-11-27,9.98044735775414e-06,1.6531012022597844e-05,9.547240608087724e-06,4.05240761775268e-06,2022-08-17,250,49724,222,100.0,9.769698128186695e-06,1.0460339609429926e-05,0.0031256516325698703,0.0032342448283068995,0.14864864864864866,0.0990990990990991,1.0
2022-08-24,2020-11-30,1.4912838738793183e-05,1.7852307705075607e-05,1.1773848702467292e-05,5.33782766914144e-06,2022-08-19,250,49735,223,100.0,1.3406686568896904e-05,1.1847602037609435e-05,0.0036615142453494433,0.003442034578212345,0.2242152466367713,0.23766816143497757,1.0
2022-08-26,2020-12-02,1.035838262356773e-05,2.1842556648389992e-05,1.0998401170051733e-05,2.9659218831887208e-06,2022-08-22,250,49792,217,100.0,1.0679866593921447e-05,1.2360744715639125e-05,0.0032680065168113493,0.003515785078135341,0.31336405529953915,0.34101382488479265,1.0
2022-08-29,2020-12-04,6.270606654330928e-06,1.2286897244835727e-05,9.118944521955004e-06,2.4717212961693072e-06,2022-08-24,250,49792,228,100.0,7.694775588142963e-06,7.3793092705025165e-06,0.0027739458516962733,0.002716488407945544,0.20175438596491227,0.15789473684210525,1.0
2022-08-31,2020-12-07,5.782015494973705e-06,1.3456901015576523e-05,7.2731830149037355e-06,2.6774538296631094e-06,2022-08-26,250,49824,235,100.0,6.537117345491466e-06,7.998372440582071e-06,0.002556778704833773,0.0028281393955358835,0.17446808510638298,0.1702127659574468,1.0
2022-09-02,2020-12-09,6.086489465609593e-06,1.766134663709854e-05,7.5632255608812686e-06,2.3381209158073984e-06,2022-08-29,250,49857,244,100.0,6.855118498804277e-06,9.685733249377331e-06,0.002618228121994773,0.003112191068905849,0.11885245901639344,0.10655737704918032,1.0
2022-09-07,2020-12-11,6.311726525030822e-06,1.5420518686250585e-05,1.2871197721840386e-05,4.453953739337748e-06,2022-08-31,250,49896,222,100.0,9.32553761545684e-06,1.0381826683614958e-05,0.003053774322941504,0.0032220842142338486,0.12612612612612611,0.07657657657657657,1.0
2022-09-09,2020-12-16,9.963033829603792e-06,1.1750443573050943e-05,1.414754525099406e-05,6.153410556958788e-06,2022-09-02,250,49945,223,100.0,1.1783202474782517e-05,9.31585970506467e-06,0.0034326669624043806,0.0030521893298196085,0.16143497757847533,0.15246636771300448,1.0
2022-09-12,2020-12-18,9.412532100152934e-06,8.529994864933521e-06,8.16621364577656e-06,3.089403101761338e-06,2022-09-07,250,49965,219,100.0,8.849127867352656e-06,6.070549273362534e-06,0.0029747483704260862,0.0024638484680196008,0.182648401826484,0.1552511415525114,1.0
2022-09-14,2020-12-21,1.5634990458669762e-05,1.9631154536920928e-05,1.5862899705586432e-05,5.117710357051788e-06,2022-09-09,250,49980,222,100.0,1.574483860921068e-05,1.2635935945722737e-05,0.003967976639196693,0.00355470616869,0.11711711711711711,0.0945945945945946,1.0
2022-09-16,2020-12-23,3.5342669349922516e-05,3.3735954643797e-05,9.555036481991377e-06,7.661435422773373e-06,2022-09-12,250,49965,254,0.01,2.1535117893077495e-05,1.9774794745926086e-05,0.004640594562453985,0.004446885960526319,0.20078740157480315,0.08267716535433071,1.0
2022-09-19,2020-12-28,1.9733617210405342e-05,2.286637035113437e-05,,,2022-09-14,250,49966,118,1.0,1.9733617210405342e-05,2.286637035113437e-05,0.004442253618424475,0.004781879374381412,0.22033898305084745,0.15254237288135594,1.0
2022-09-21,2020-12-30,3.848626927521124e-05,4.444263275831649e-05,1.496988415562911e-05,1.0638301613433924e-05,2022-09-16,250,49983,255,1.0,2.6497523920130157e-05,2.720905217465087e-05,0.005147574566738218,0.0052162296895986926,0.1843137254901961,0.07450980392156863,1.0
2022-09-23,2021-01-04,4.2664731105306825e-05,4.835690086267323e-05,2.3742909569220585e-05,1.6056205691413514e-05,2022-09-19,250,49892,261,1.0,3.2587592432831774e-05,3.1154614928554075e-05,0.005708554320739339,0.005581631923421149,0.14942528735632185,0.08045977011494253,1.0
2022-09-26,2021-01-06,5.7850601370212854e-05,6.0499855238574226e-05,3.662796773080682e-05,2.464655744465223e-05,2022-09-21,250,49947,237,1.0,4.6925870129674736e-05,4.204372726026839e-05,0.006850245990449886,0.006484113452143507,0.0759493670886076,0.029535864978902954,1.0
2022-09-28,2021-01-08,6.267409752929904e-05,6.617734212082097e-05,2.4312327665331744e-05,1.793677652539547e-05,2022-09-23,250,49971,254,1.0,4.27380596472373e-05,4.110744189012739e-05,0.00653743524994606,0.006411508550265483,0.1220472440944882,0.015748031496062992,1.0
2022-09-30,2021-01-11,9.587910571774603e-05,0.00011619258130072065,3.972291412758316e-05,3.7633803741580923e-05,2022-09-26,250,49987,227,0.01,6.718254966286104e-05,7.60480077462704e-05,0.00819649618208055,0.008720550885481399,0.06607929515418502,0.03524229074889868,1.0
2022-10-03,2021-01-13,4.995427205293309e-05,6.78043802688683e-05,1.823438247004218e-05,1.632087169077848e-05,2022-09-28,250,49990,232,0.01,3.2863814303530666e-05,4.006542090567336e-05,0.005732696948516524,0.006329725184056048,0.15086206896551724,0.15086206896551724,1.0
2022-10-05,2021-01-15,4.05569060681406e-05,5.6374655419236326e-05,1.0266701043055439e-05,1.1826495134899046e-05,2022-09-30,250,49954,226,100.0,2.4473611364555563e-05,3.272076500277405e-05,0.004947081095409248,0.005720206727276039,0.1592920353982301,0.1592920353982301,1.0
2022-10-07,2021-01-20,5.112222836349444e-05,7.810726237855737e-05,1.6653865779942236e-05,1.3996679302469503e-05,2022-10-03,250,49941,263,100.0,3.395357627815094e-05,4.617385407830067e-05,0.005826969733759645,0.006795134588681866,0.12927756653992395,0.09505703422053231,1.0
2022-10-10,2021-01-22,5.792085059416723e-05,9.501840783664062e-05,1.658572695707542e-05,2.0335224822742526e-05,2022-10-05,250,49920,260,100.0,3.693532628610523e-05,5.710233030650774e-05,0.006077444058656996,0.007556608386472581,0.1423076923076923,0.10384615384615385,1.0
2022-10-12,2021-01-25,8.627033356270307e-05,0.00011563887774871923,2.9542826243586756e-05,2.933946179922553e-05,2022-10-07,250,49936,257,0.01,5.7134026301522706e-05,7.131388589917382e-05,0.007558705332364975,0.008444754934228336,0.07782101167315175,0.03501945525291829,1.0
2022-10-14,2021-01-27,6.640503787084573e-05,0.00010366748325662128,1.4215175194077809e-05,1.7327435294848044e-05,2022-10-10,250,49960,269,100.0,3.9437041915192415e-05,5.905310903102098e-05,0.006279891871297819,0.0076846020736939255,0.19330855018587362,0.12639405204460966,1.0
2022-10-17,2021-01-29,4.952817189470299e-05,6.978913905371518e-05,2.1535633600132446e-05,2.3247240699022447e-05,2022-10-12,250,50030,243,100.0,3.5013522408629375e-05,4.5656302869800425e-05,0.005917222524853141,0.006756944788127281,0.102880658436214,0.09053497942386832,1.0
2022-10-19,2021-02-01,3.9999955598803694e-05,6.610676837009733e-05,1.3856687454415854e-05,1.5383519975527003e-05,2022-10-14,250,50029,243,100.0,2.5260746809580924e-05,3.7509710633240807e-05,0.005026007044322652,0.006124517175520108,0.20987654320987653,0.13991769547325103,1.0
2022-10-24,2021-02-03,3.168216360259992e-05,5.1372454176746486e-05,1.0751499070756273e-05,1.3831238303477076e-05,2022-10-17,250,50028,241,100.0,2.1086557491044208e-05,3.236818722015368e-05,0.004592010179762694,0.005689304634149386,0.0912863070539419,0.04149377593360996,1.0
2022-10-26,2021-02-05,3.0008266799409535e-05,5.1115243014972506e-05,7.251580212811239e-06,9.816966564113612e-06,2022-10-19,250,50041,243,1.0,1.8770396880101735e-05,3.072103242195577e-05,0.004332481607589551,0.005542655719233856,0.19753086419753085,0.18518518518518517,1.0
2022-10-28,2021-02-08,5.828103661263654e-06,9.143584243322113e-06,4.700455168253562e-06,5.738885220241408e-06,2022-10-24,250,50039,242,100.0,5.222342074109471e-06,7.314613693733306e-06,0.0022852444232749963,0.0027045542504696234,0.19421487603305784,0.09504132231404959,1.0
2022-10-31,2021-02-10,8.861023771131899e-06,1.350529611046242e-05,4.425639027625361e-06,3.824646174507967e-06,2022-10-26,250,50069,241,100.0,6.523704839906462e-06,8.403874774917958e-06,0.002554154427576074,0.002898943734348419,0.23236514522821577,0.24066390041493776,1.0
2022-11-02,2021-02-12,6.190245412177864e-06,2.0652343896591398e-05,4.921564678633346e-06,2.8701276237452397e-06,2022-10-28,250,50067,233,100.0,5.547737572872056e-06,1.1646757973004072e-05,0.0023553635755169636,0.0034127346766199204,0.22317596566523606,0.15879828326180256,1.0
2022-11-04,2021-02-17,1.2341565303527451e-05,1.8153479648399778e-05,3.8964069725795365e-06,2.330467848292414e-06,2022-10-31,250,50061,220,100.0,7.351244471603683e-06,8.803518130154519e-06,0.0027113178477640135,0.002967072316300113,0.4,0.38636363636363635,1.0
2022-11-07,2021-02-19,7.257433937190633e-06,2.8751858032503812e-05,3.704763669405961e-06,2.349827736481401e-06,2022-11-02,250,50058,246,100.0,5.524424050466403e-06,1.5872818863712392e-05,0.002350409336789318,0.003984070639899899,0.10569105691056911,0.11788617886178862,1.0
2022-11-09,2021-02-22,6.963075613175335e-06,4.287686876859945e-05,3.413366056001193e-06,3.499905672468788e-06,2022-11-04,250,50047,248,100.0,5.159594144611053e-06,2.287083106653307e-05,0.00227147400262716,0.004782345770281888,0.16129032258064516,0.18951612903225806,1.0
2022-11-11,2021-02-24,6.901569641053567e-05,1.6478715116104388e-05,1.922589789909009e-05,5.992575441855273e-06,2022-11-07,250,50049,248,100.0,4.4522327787969705e-05,1.1320210921514097e-05,0.006672505360654999,0.0033645521130626133,0.25,0.16129032258064516,1.0
2022-11-14,2021-02-26,5.5100112845453635e-05,2.2206179676331136e-05,2.0484915465240587e-05,9.388211376334112e-06,2022-11-09,250,50064,238,100.0,3.9246934213339246e-05,1.6335765622971155e-05,0.006264737361880325,0.004041752790927613,0.13025210084033614,0.1638655462184874,1.0
2022-11-16,2021-03-01,6.612293940691143e-05,2.963333037584857e-05,2.226652671037151e-05,9.71577087793314e-06,2022-11-11,250,50104,228,100.0,4.381002768411041e-05,1.9499835192698615e-05,0.00661891438863734,0.004415861772372253,0.12719298245614036,0.16666666666666666,1.0
2022-11-18,2021-03-03,8.029914580122789e-05,2.1379544779007854e-05,2.459533608927907e-05,7.11795006594753e-06,2022-11-14,250,50106,214,100.0,5.16663464165813e-05,1.4048818524631053e-05,0.007187930607384945,0.003748175359375686,0.14018691588785046,0.1308411214953271,1.0
2022-11-21,2021-03-05,6.18324446004613e-05,1.730716034671602e-05,2.2733454266178216e-05,8.174697608384103e-06,2022-11-16,250,50135,231,100.0,4.169054048886093e-05,1.2602558329999578e-05,0.006456821237177078,0.003550008215483392,0.10822510822510822,0.1471861471861472,1.0
2022-11-23,2021-03-08,9.70057851841276e-05,2.0810007644309443e-05,2.9094481092476057e-05,1.2901556546114203e-05,2022-11-18,250,50124,220,0.01,6.181538215481725e-05,1.671199207524464e-05,0.00786227588900423,0.004088030341771529,0.23636363636363636,0.17272727272727273,1.0
2022-11-25,2021-03-10,6.42282645830904e-05,2.6979101683639455e-05,2.752006979728323e-05,1.0477756352072815e-05,2022-11-21,250,50111,228,100.0,4.667917146180539e-05,1.9090300626004527e-05,0.0068322157066214905,0.004369244857638964,0.38596491228070173,0.36403508771929827,1.0
2022-11-28,2021-03-12,4.164343071696817e-05,1.5815026051779207e-05,1.7001529643376214e-05,6.388720176037485e-06,2022-11-23,250,50084,229,100.0,2.9053463792905896e-05,1.099896584452252e-05,0.005390126509916618,0.003316468881886655,0.13100436681222707,0.1222707423580786,1.0
2022-11-30,2021-03-15,7.72983956837133e-05,1.3098656896851514e-05,2.253537556534648e-05,7.616745807391551e-06,2022-11-25,250,50106,232,100.0,4.9208743122999273e-05,1.0286814570792307e-05,0.007014894377180549,0.0032073064354364877,0.25,0.1853448275862069,1.0
2022-12-02,2021-03-17,9.33324259408785e-05,1.589462382878688e-05,4.194149891845724e-05,1.4295652403105354e-05,2022-11-28,250,50147,214,100.0,6.955811858003876e-05,1.5154912748681876e-05,0.008340150992640287,0.003892931125602131,0.1542056074766355,0.13551401869158877,1.0
2022-12-05,2021-03-22,6.595288169981661e-05,1.4497233079494246e-05,2.156840072133642e-05,6.347111655575455e-06,2022-11-30,250,50176,226,100.0,4.297507517555917e-05,1.0277922430828323e-05,0.006555537748770819,0.0032059199039945344,0.16371681415929204,0.18141592920353983,1.0
2022-12-07,2021-03-24,3.515912608928499e-05,2.6076646729525635e-05,2.1870113032596624e-05,4.789013453666292e-06,2022-12-02,250,50179,219,1.0,2.921244444747924e-05,1.655067384809086e-05,0.00540485378594826,0.004068251940095508,0.2054794520547945,0.1963470319634703,1.0
2022-12-09,2021-03-26,3.4607983094761755e-05,2.551387921269267e-05,1.4125709224384629e-05,4.4876758626696974e-06,2022-12-05,250,50183,197,100.0,2.431486069289711e-05,1.4947411539330869e-05,0.0049310101087806655,0.0038661882441664514,0.22842639593908629,0.19796954314720813,1.0
2022-12-12,2021-03-29,2.9095554802809693e-05,2.2363321039090134e-05,1.616316676780394e-05,7.349456962606374e-06,2022-12-07,250,50236,198,100.0,2.289062114965037e-05,1.5159699386231763e-05,0.004784414399866547,0.003893545862864821,0.2828282828282828,0.21212121212121213,1.0
2022-12-14,2021-03-31,4.3605200057503265e-05,1.933770387260662e-05,2.198381631953867e-05,1.2426754790553876e-05,2022-12-09,250,50342,217,100.0,3.274468933198188e-05,1.586630548576907e-05,0.005722297557099061,0.0039832531285080375,0.09216589861751152,0.10138248847926268,1.0
2022-12-16,2021-04-05,2.5149715932286324e-05,3.293339274531914e-05,1.4194050016513561e-05,9.541552970989772e-06,2022-12-12,250,50356,242,100.0,1.930971220032481e-05,2.046418889867249e-05,0.004394281761599364,0.004523736165900095,0.13636363636363635,0.1322314049586777,1.0
2022-12-19,2021-04-07,2.296577184552928e-05,2.77062805053584e-05,1.2531094278577455e-05,8.181520792147495e-06,2022-12-14,250,50380,232,100.0,1.729866247727096e-05,1.7102316178355927e-05,0.004159166079548996,0.004135494671542441,0.14224137931034483,0.15086206896551724,1.0
2022-12-21,2021-04-09,4.285405000569618e-05,1.9366189303266602e-05,2.3515293853471827e-05,1.608094419795271e-05,2022-12-16,250,50420,220,0.01,3.3272575366639575e-05,1.7738499682906538e-05,0.005768238497725244,0.004211709828906372,0.14545454545454545,0.16818181818181818,1.0
2022-12-23,2021-04-12,2.9485348119590547e-05,2.3095243062031445e-05,1.618240616127234e-05,8.876958888144117e-06,2022-12-19,250,50475,229,1.0,2.2514374167633405e-05,1.564461380060577e-05,0.004744931418643836,0.0039553272684577905,0.14847161572052403,0.14847161572052403,1.0
2022-12-28,2021-04-14,1.1667085326364645e-05,7.326521153484904e-05,1.2261650204413782e-05,1.1347516881766758e-05,2022-12-21,250,50505,211,1.0,1.1962958843877249e-05,4.2453088603220404e-05,0.003458751052602261,0.006515603471914202,0.13744075829383887,0.20853080568720378,1.0
2022-12-30,2021-04-16,1.0120576423020897e-05,3.782862097555927e-05,7.474898277502361e-06,6.7591511232593524e-06,2022-12-23,250,50508,239,0.01,8.71471397749431e-06,2.131890268584341e-05,0.0029520694398157896,0.004617239725836575,0.1589958158995816,0.14225941422594143,1.0
2023-01-04,2021-04-19,9.66541666260844e-06,4.971365701467552e-05,7.30145004617739e-06,5.929426721092447e-06,2022-12-28,250,50521,222,100.0,8.494081852665127e-06,2.801876813046769e-05,0.0029144608168004465,0.005293275746687271,0.10810810810810811,0.09009009009009009,1.0
2023-01-06,2021-04-21,2.1815942963816267e-05,3.161174604387142e-05,7.825320914600871e-06,5.904705878005015e-06,2022-12-30,250,50554,235,100.0,1.4612260972518125e-05,1.837535514995723e-05,0.0038225987197871196,0.004286648475202653,0.2,0.2,1.0
2023-01-09,2021-04-23,1.8871136604929665e-05,2.8676985136201928e-05,6.020373898664276e-06,4.300666853531848e-06,2023-01-04,250,50581,248,100.0,1.2497572843354492e-05,1.658711760084539e-05,0.0035351906374839945,0.004072728520395804,0.1693548387096774,0.16532258064516128,1.0
2023-01-11,2021-04-26,3.1216368812166897e-05,2.349889760835227e-05,1.0922519096545963e-05,9.165483126957924e-06,2023-01-06,250,50618,226,100.0,2.124903554476015e-05,1.645903474359664e-05,0.004609667617601095,0.004056973594145843,0.16371681415929204,0.12831858407079647,1.0
2023-01-13,2021-04-28,4.97872276672902e-05,1.3035551507108763e-05,1.6110865023510575e-05,1.7573857993360285e-05,2023-01-09,250,50676,182,100.0,3.368918618372522e-05,1.520496175053669e-05,0.005804238639453518,0.003899354017082405,0.26373626373626374,0.13186813186813187,1.0
2023-01-20,2021-04-30,3.537838964945152e-05,1.566405646545924e-05,9.402603867453001e-06,8.362404220842446e-06,2023-01-11,250,50751,216,100.0,2.130817235086899e-05,1.1708994832958476e-05,0.004616077593679399,0.003421840854417177,0.2222222222222222,0.2175925925925926,1.0
2023-01-23,2021-05-03,3.292108574754186e-05,1.827660718884421e-05,8.73872569597932e-06,7.650004538025754e-06,2023-01-13,250,50725,235,100.0,2.0778453891863646e-05,1.29406960705609e-05,0.004558338939993783,0.0035973178995691913,0.2425531914893617,0.225531914893617,1.0
2023-01-25,2021-05-05,3.71794656914585e-05,1.9846310499025667e-05,1.2243378493539285e-05,1.3150294901071657e-05,2023-01-20,250,50760,198,100.0,2.4207662755167187e-05,1.6363029657665754e-05,0.004920128327103592,0.004045124183219318,0.2828282828282828,0.2676767676767677,1.0
2023-01-27,2021-05-07,2.096611342662583e-05,1.1642743523235637e-05,9.574347328233683e-06,1.020912460523538e-05,2023-01-23,250,50793,222,100.0,1.5013659068907412e-05,1.0893645349866134e-05,0.0038747463231684487,0.0033005522795232518,0.3063063063063063,0.25675675675675674,1.0
2023-01-30,2021-05-10,1.052809718686997e-05,2.127662130594204e-05,1.1353689737887237e-05,1.362410550982424e-05,2023-01-25,250,50779,216,100.0,1.0940893462378602e-05,1.745036340788314e-05,0.0033077021423306243,0.0041773632123485675,0.18981481481481483,0.20833333333333334,1.0
2023-02-01,2021-05-14,1.530902847747074e-05,1.3203811403086602e-05,1.503898283716381e-05,1.94363083573415e-05,2023-01-27,250,50799,214,100.0,1.5175267552832726e-05,1.62909360626708e-05,0.003895544577184649,0.004036203174106923,0.3037383177570093,0.29439252336448596,1.0
2023-02-03,2021-05-17,2.5225219409905012e-05,8.326589389386839e-06,9.454867666303445e-06,1.0553752382434945e-05,2023-01-30,250,50793,229,100.0,1.7099011961236956e-05,9.474210494974945e-06,0.004135095157458526,0.003078020548172956,0.2838427947598253,0.2183406113537118,1.0
2023-02-06,2021-05-19,2.1718395953625662e-05,6.3617495614794275e-06,7.511232309797913e-06,8.612089431936649e-06,2023-02-01,250,50807,229,100.0,1.4459714091932008e-05,7.5114865258615e-06,0.0038025930747230905,0.0027407091282844118,0.22707423580786026,0.18340611353711792,1.0
2023-02-08,2021-05-21,1.831821695761389e-05,1.0821771216062265e-05,7.1171142354271275e-06,7.5745468720252186e-06,2023-02-03,250,50936,239,100.0,1.3069164635919674e-05,9.300059389567917e-06,0.0036151299611382817,0.00304959987368309,0.25523012552301255,0.2301255230125523,1.0
2023-02-10,2021-05-24,5.476380049029003e-06,7.200796362775939e-06,5.641907481754855e-06,3.4384358030335217e-06,2023-02-06,250,50956,231,100.0,5.559502049878349e-06,5.31147244532953e-06,0.002357859633200914,0.0023046631956382545,0.2987012987012987,0.31601731601731603,1.0
2023-02-13,2021-05-26,6.597491284868258e-06,7.211716070317269e-06,4.694299649642461e-06,4.0593158959186614e-06,2023-02-08,250,51004,231,100.0,5.658253854497086e-06,5.655986114120554e-06,0.00237870844251604,0.0023782317200223687,0.2510822510822511,0.20346320346320346,1.0
2023-02-15,2021-05-27,1.1226939807567503e-05,9.686971111268846e-06,6.689156256664932e-06,1.2659548015424818e-05,2023-02-10,250,51139,209,100.0,8.925480207588209e-06,1.1194593847347952e-05,0.0029875542183512268,0.0033458323101058056,0.2583732057416268,0.24401913875598086,1.0
2023-02-17,2021-05-28,1.2099894516561694e-05,1.211302782298766e-05,6.294871073025264e-06,6.875078355991464e-06,2023-02-13,250,51269,214,100.0,8.926120017058133e-06,9.249289095704692e-06,0.0029876612955718612,0.0030412643909572697,0.2102803738317757,0.10747663551401869,1.0
2023-02-22,2021-06-02,8.232490567600917e-06,1.1047614375641296e-05,7.590278608392011e-06,4.4371504862343704e-06,2023-02-15,250,51302,221,100.0,7.924461302098002e-06,7.876984636830734e-06,0.0028150419716405656,0.0028065966288069854,0.23529411764705882,0.2171945701357466,1.0
2023-02-24,2021-06-04,8.56507880719976e-06,7.950199752185369e-06,6.428882424989225e-06,3.3080847049160802e-06,2023-02-17,250,51333,228,100.0,7.4595034865820265e-06,5.547701613686349e-06,0.0027312091619980383,0.0023553559420364367,0.2543859649122807,0.20614035087719298,1.0
2023-02-27,2021-06-07,7.043891806961497e-06,7.281286782806405e-06,4.927430418182412e-06,3.731765289604638e-06,2023-02-22,250,51381,223,100.0,5.9334613922209e-06,5.418981784131039e-06,0.0024358697404050366,0.0023278706545104776,0.25112107623318386,0.2242152466367713,1.0
2023-03-01,2021-06-09,7.009930054385048e-06,1.1019647722769178e-05,7.995170029293737e-06,3.4499893041922567e-06,2023-02-24,250,51434,190,100.0,7.533662883152299e-06,6.99577666868355e-06,0.0027447518800708197,0.0026449530560453335,0.19473684210526315,0.16842105263157894,1.0
2023-03-03,2021-06-11,1.3717917544725892e-05,9.190157109230389e-06,5.949289474911412e-06,5.767759129803411e-06,2023-02-27,250,51468,214,100.0,9.470583506556293e-06,7.3190329802913416e-06,0.0030774313163020053,0.0027053711354066267,0.37850467289719625,0.32710280373831774,1.0
2023-03-06,2021-06-14,7.246798553620505e-06,1.1129704041760033e-05,6.121553485796778e-06,6.183976637447599e-06,2023-03-01,250,51511,189,100.0,6.705013891335006e-06,8.74842788412812e-06,0.0025894041575881903,0.0029577741435289004,0.23809523809523808,0.2275132275132275,1.0
2023-03-08,2021-06-15,7.960213037904993e-06,9.560959217341824e-06,7.849788597165671e-06,5.72062640500946e-06,2023-03-03,250,51640,200,100.0,7.909969917368602e-06,7.813607787730599e-06,0.0028124668740037813,0.0027952831319439896,0.325,0.305,1.0
2023-03-10,2021-06-16,1.1480525942142162e-05,1.544158467115016e-05,1.816541899802787e-05,5.508149989709097e-06,2023-03-06,250,51748,213,100.0,1.5278047349476297e-05,9.79864759859444e-06,0.003908714283428286,0.0031302791566559106,0.352112676056338,0.3192488262910798,1.0
2023-03-13,2021-06-18,1.4196605206243872e-05,1.471299881051636e-05,2.0883774628076845e-05,6.899246033151677e-06,2023-03-08,250,51780,220,100.0,1.7752963489673226e-05,1.0557503015281506e-05,0.004213426573428476,0.003249231142175254,0.2545454545454545,0.20909090909090908,1.0
2023-03-15,2021-06-21,2.2460803487401943e-05,1.6148301368064783e-05,3.221249352635569e-05,9.980784140286226e-06,2023-03-10,250,51809,211,100.0,2.726732369617535e-05,1.3108387663377723e-05,0.005221812299975493,0.0036205507403401656,0.27014218009478674,0.2132701421800948,1.0
2023-03-17,2021-06-23,1.821555110336151e-05,1.0537182386553247e-05,2.9360831792570606e-05,1.3728814300608522e-05,2023-03-13,250,51831,251,100.0,2.4121217763380673e-05,1.2228365831052655e-05,0.004911335639454981,0.0034969080386897016,0.199203187250996,0.20318725099601595,1.0
2023-03-20,2021-06-25,1.604974572378801e-05,1.0733618418412232e-05,2.4906154348184148e-05,1.0607596205620203e-05,2023-03-15,250,51854,208,1.0,2.0350213373134215e-05,1.0672424940085334e-05,0.004511121077197354,0.0032668677567488607,0.1971153846153846,0.19230769230769232,1.0
2023-03-22,2021-06-28,1.8755543459771897e-05,1.686278997020564e-05,1.858253712320535e-05,8.835997478269911e-06,2023-03-17,250,51932,216,1.0,1.866904029148862e-05,1.2849393724237778e-05,0.0043207684839029065,0.0035846051001801825,0.2222222222222222,0.23148148148148148,1.0
2023-03-24,2021-06-30,1.3752924604238084e-05,8.935572867682055e-06,1.2785846565529421e-05,7.387545707825682e-06,2023-03-20,250,51980,237,1.0,1.325102334364245e-05,8.132166366997101e-06,0.003640195508986083,0.0028516953496117185,0.16877637130801687,0.13924050632911392,1.0
2023-03-27,2021-07-02,1.3382301823117734e-05,7.575605330089031e-06,1.1457394556128423e-05,9.298468943320664e-06,2023-03-22,250,52004,207,1.0,1.2461693999775021e-05,8.399583579895464e-06,0.003530112462765885,0.002898203509054439,0.15458937198067632,0.09178743961352658,1.0
2023-03-29,2021-07-07,1.3514902463385676e-05,8.495941758473957e-06,8.806887382868507e-06,8.615584947555232e-06,2023-03-24,250,52068,218,0.01,1.1247280520934744e-05,8.553568065141543e-06,0.0033536965457439264,0.002924648366067542,0.23853211009174313,0.12385321100917432,1.0
2023-03-31,2021-07-09,1.2031583592593063e-05,6.53387584330661e-06,6.766817472009083e-06,8.865971857497079e-06,2023-03-27,250,52099,211,1.0,9.162161299383785e-06,7.804923433979141e-06,0.003026906225733428,0.00279372930578092,0.26540284360189575,0.27014218009478674,1.0
2023-04-03,2021-07-12,9.662122901910866e-06,6.628534301424622e-06,7.0006284446704255e-06,1.1639357960687643e-05,2023-03-29,250,52145,197,1.0,8.365150983661719e-06,9.070356998324368e-06,0.002892257074269457,0.00301170333836591,0.17258883248730963,0.15228426395939088,1.0
2023-04-05,2021-07-14,2.073677580139695e-05,8.436024085734341e-06,6.747030236457834e-06,8.581447716742826e-06,2023-03-31,250,52183,215,1.0,1.409978023105374e-05,8.505015761840691e-06,0.003754967407455588,0.002916336016620974,0.2372093023255814,0.15813953488372093,1.0
2023-04-10,2021-07-16,2.3285058609363132e-05,8.420428230189636e-06,7.593488118017801e-06,1.0717287786131103e-05,2023-04-03,250,52199,219,1.0,1.5618400880714954e-05,9.542638150215831e-06,0.0039520122571564675,0.0030891160791099823,0.2328767123287671,0.1780821917808219,1.0
2023-04-12,2021-07-19,2.9303501995315915e-05,1.1977937675512649e-05,1.3684663578746329e-05,1.367655566251414e-05,2023-04-05,250,52217,214,1.0,2.1640053239522426e-05,1.2811371734555437e-05,0.004651887062206307,0.003579297659395686,0.21962616822429906,0.20093457943925233,1.0
2023-04-14,2021-07-21,1.425312437458432e-05,8.136166516488135e-06,6.939671100499741e-06,1.474453945338423e-05,2023-04-10,250,52215,198,1.0,1.0190094777870667e-05,1.1807484814763744e-05,0.003192192785198079,0.0034362020916651197,0.26262626262626265,0.20707070707070707,1.0
2023-04-17,2021-07-23,1.0809871868464875e-05,7.016058275130768e-06,1.0392431178174663e-05,1.7841791475765557e-05,2023-04-12,250,52219,205,100.0,1.0602169671344867e-05,1.2402520648129543e-05,0.003256097306799179,0.0035217212621287256,0.23902439024390243,0.18536585365853658,1.0
2023-04-19,2021-07-26,1.1302035987659248e-05,7.381082809685439e-06,9.412856011218703e-06,1.4027087478815929e-05,2023-04-14,250,52222,225,100.0,1.0328058755361013e-05,1.0807467439103822e-05,0.0032137297265577595,0.0032874712833884682,0.28888888888888886,0.2088888888888889,1.0
2023-04-21,2021-07-28,1.4397866431096333e-05,5.218891279510401e-06,9.048553749659012e-06,1.300096162813582e-05,2023-04-17,250,52237,214,100.0,1.1523235784529547e-05,9.400844971528735e-06,0.003394589192307303,0.0030660797399168754,0.2102803738317757,0.1822429906542056,1.0
2023-04-24,2021-07-30,1.4837518687408183e-05,5.0884198720147565e-06,8.463640225434139e-06,1.1248870897112018e-05,2023-04-19,250,52272,214,100.0,1.1471872583655534e-05,8.341368310500693e-06,0.003387015291322957,0.002888142709510853,0.21495327102803738,0.16355140186915887,1.0
2023-04-26,2021-08-02,2.27587888523792e-05,8.35528517193599e-06,1.2909743110681213e-05,1.082932978138102e-05,2023-04-21,250,52394,216,100.0,1.787986341551955e-05,9.58085356642959e-06,0.004228458751781735,0.0030952953924350403,0.24074074074074073,0.20833333333333334,1.0
2023-04-28,2021-08-04,1.2217906846093849e-05,3.038723041739674e-06,7.6275196022465365e-06,1.5635796481867932e-05,2023-04-24,250,52415,219,100.0,9.93319356034336e-06,9.308499320159677e-06,0.003151696933454002,0.0030509833365916107,0.2420091324200913,0.182648401826484,1.0
2023-05-01,2021-08-06,1.6390439185954948e-05,5.027871089334586e-06,9.65845092045434e-06,2.1097217955555423e-05,2023-04-26,250,52445,196,100.0,1.3333566963355183e-05,1.2324666350016499e-05,0.003651515707669239,0.0035106504169479047,0.23979591836734693,0.18877551020408162,1.0
2023-05-03,2021-08-09,3.094826537580568e-05,8.81084167472854e-06,1.5823563872276844e-05,1.748668057961447e-05,2023-04-28,250,52490,202,100.0,2.4059787463307395e-05,1.2762213849231045e-05,0.004905077722453274,0.0035724240858597744,0.22772277227722773,0.13366336633663367,1.0
2023-05-05,2021-08-11,8.745102792682225e-06,8.533162824169013e-06,8.022366706769195e-06,1.1231289039193141e-05,2023-05-01,250,52514,212,100.0,8.349643424918492e-06,1.0009496036163352e-05,0.0028895749557536128,0.003163778759041686,0.3018867924528302,0.28773584905660377,1.0
2023-05-08,2021-08-13,7.889453537230897e-06,1.2956201318824424e-05,7.2179147723591544e-06,1.1545883395882265e-05,2023-05-03,250,52540,198,100.0,7.512984835711889e-06,1.2165568543841697e-05,0.0027409824581182364,0.0034879175081761462,0.22727272727272727,0.1919191919191919,1.0
2023-05-10,2021-08-16,7.870925166182919e-06,1.5029132023162384e-05,8.777792240047657e-06,1.5454448517040268e-05,2023-05-05,250,52587,193,100.0,8.35020206532387e-06,1.525391068832064e-05,0.0028896716189428634,0.0039056255181879177,0.20207253886010362,0.21761658031088082,1.0
2023-05-12,2021-08-18,8.908301455295737e-06,1.40712652539256e-05,6.78282012479405e-06,1.2411112710449808e-05,2023-05-08,250,52608,204,100.0,7.7517895548757e-06,1.316794695821083e-05,0.002784203576406672,0.0036287665891058395,0.3431372549019608,0.25,1.0
2023-05-15,2021-08-20,8.241261514982864e-06,1.6320248393032596e-05,5.942770880891121e-06,1.2164568116690267e-05,2023-05-10,250,52600,200,100.0,7.000076572573322e-06,1.4076181043807738e-05,0.0026457657818811783,0.003751823695725552,0.22,0.15,1.0
2023-05-17,2021-08-23,1.1233691033878983e-05,2.2022336876431915e-05,9.810625463626437e-06,1.8372631439300115e-05,2023-05-12,250,52608,204,100.0,1.0529134060371596e-05,2.0215374870793135e-05,0.003244862718262761,0.004496151117432902,0.28431372549019607,0.1323529411764706,1.0
2023-05-19,2021-08-25,1.0309739781812014e-05,2.32289442465204e-05,7.415054706794429e-06,1.4343578480028095e-05,2023-05-15,250,52607,226,100.0,8.772738857023917e-06,1.8511050919179354e-05,0.0029618809660457183,0.004302447084994695,0.3008849557522124,0.2345132743362832,1.0
2023-05-22,2021-08-27,1.0091627062176356e-05,1.8768720252267716e-05,7.543025655905201e-06,1.299135454983839e-05,2023-05-17,250,52632,219,100.0,8.76495783699411e-06,1.5761324407167518e-05,0.0029605671478610497,0.003970053451424492,0.228310502283105,0.1598173515981735,1.0
2023-05-24,2021-08-30,1.3765749151621613e-05,1.035589929061251e-05,1.2352362011650887e-05,9.514629085863486e-06,2023-05-19,250,52696,207,100.0,1.310343730342277e-05,9.961680885488574e-06,0.0036198670284173107,0.0031562130608513385,0.25120772946859904,0.2560386473429952,1.0
2023-05-26,2021-09-01,1.1077919507485243e-05,1.067448299340461e-05,6.4800289904672955e-06,1.1650301123173507e-05,2023-05-22,250,52742,224,100.0,8.696869061172377e-06,1.1179817382034933e-05,0.0029490454491533998,0.0033436233911783384,0.29017857142857145,0.22321428571428573,1.0
2023-05-31,2021-09-03,1.2183944066739893e-05,7.414102298192929e-06,,,2023-05-24,250,52752,108,100.0,1.2183944066739893e-05,7.414102298192929e-06,0.0034905506824482427,0.002722884921951886,0.32407407407407407,0.21296296296296297,1.0
2023-06-02,2021-09-08,8.508634655523328e-06,6.691064834959696e-06,5.885970751967141e-06,1.6126339836997923e-05,2023-05-26,250,52811,234,100.0,7.208510669145047e-06,1.1368380647935911e-05,0.002684866974199103,0.0033717029299651998,0.32905982905982906,0.2264957264957265,1.0
2023-06-07,2021-09-10,8.085969147898728e-06,1.0794170033282608e-05,6.1564271538424155e-06,1.9815520432550383e-05,2023-05-31,250,52749,193,100.0,7.126196964326677e-06,1.528147385882513e-05,0.002669493765553064,0.0039091525755366886,0.3316062176165803,0.3160621761658031,1.0
2023-06-09,2021-09-13,6.054474027150692e-06,1.162984111545841e-05,6.002751364614709e-06,2.0783655285712635e-05,2023-06-02,250,52779,181,100.0,6.028469815599451e-06,1.623203498006137e-05,0.0024552942421631366,0.004028899971463845,0.39226519337016574,0.4088397790055249,1.0
2023-06-12,2021-09-15,8.763576188390236e-06,1.0800835781298899e-05,8.020665294902032e-06,2.273785416419525e-05,2023-06-07,250,52773,154,100.0,8.44518580546672e-06,1.5916700802540193e-05,0.002906060186139771,0.003989574012666038,0.35064935064935066,0.35064935064935066,1.0
2023-06-14,2021-09-17,1.1001240007303442e-05,1.5611377304715e-05,1.2230692955310332e-05,2.6024824824517325e-05,2023-06-09,250,52771,202,100.0,1.1555102473979811e-05,2.0302583860665547e-05,0.0033992796992862785,0.004505838863149186,0.2524752475247525,0.1782178217821782,1.0
2023-06-16,2021-09-20,1.2647548568646221e-05,1.8759813847234804e-05,1.0490397791731464e-05,2.243899798311326e-05,2023-06-12,250,52729,186,100.0,1.141820457750125e-05,2.0856553193488117e-05,0.0033790833930966028,0.004566897545762124,0.23118279569892472,0.15053763440860216,1.0
2023-06-21,2021-09-22,9.93607873137842e-06,1.0658612269525331e-05,1.079049237751184e-05,2.0520694545021393e-05,2023-06-14,250,52718,216,100.0,1.0339551842052533e-05,1.5315706677398468e-05,0.003215517352161629,0.003913528673383966,0.24537037037037038,0.12962962962962962,1.0
2023-06-23,2021-09-24,1.1677798283060162e-05,1.2585919381717271e-05,8.699031966927231e-06,1.736832542747242e-05,2023-06-16,250,52692,223,100.0,1.0235167062690851e-05,1.4902062220020213e-05,0.0031992447644234494,0.0038603189272416617,0.25112107623318386,0.14798206278026907,1.0
2023-06-26,2021-09-27,1.0607376998990291e-05,1.0492961304147135e-05,1.076130314866738e-05,2.0252151190957837e-05,2023-06-21,250,52714,196,100.0,1.0678057373842016e-05,1.497422196645817e-05,0.003267729697181518,0.0038696539853658968,0.18877551020408162,0.11224489795918367,1.0
2023-06-28,2021-09-29,1.2138506516773108e-05,1.271407714634964e-05,9.018899113084531e-06,2.0677122320019004e-05,2023-06-23,250,52751,203,100.0,1.0647856673631274e-05,1.6519079027364065e-05,0.0032631053727440787,0.004064366989749334,0.24630541871921183,0.10837438423645321,1.0
2023-06-30,2021-10-01,1.224538051507643e-05,1.1768367043113625e-05,5.823864097068957e-06,1.5905638468454468e-05,2023-06-26,250,52734,208,100.0,9.034622306072696e-06,1.3837002755784045e-05,0.0030057648454382946,0.003719812193617313,0.3173076923076923,0.28365384615384615,1.0
2023-07-05,2021-10-04,9.845973089232959e-06,5.846804482043904e-06,6.5435280438606984e-06,1.4963314685387691e-05,2023-06-28,250,52742,217,100.0,8.369764935310794e-06,9.921926554506334e-06,0.0028930546028913444,0.0031499089755906177,0.2488479262672811,0.11981566820276497,1.0
2023-07-07,2021-10-06,1.2938464857511424e-05,7.2098050265352615e-06,9.242881835297294e-06,1.548632225021053e-05,2023-06-30,250,52734,214,100.0,1.1159749664576584e-05,1.11933623818556e-05,0.003340621149513453,0.00334564827527575,0.2803738317757009,0.19158878504672897,1.0
2023-07-10,2021-10-08,1.3918447941744742e-05,4.175391639649596e-06,8.400518181907096e-06,1.5106266127797871e-05,2023-07-05,250,52752,197,100.0,1.1537615304251342e-05,8.891758804586668e-06,0.0033967065378468215,0.002981905230651482,0.20304568527918782,0.14213197969543148,1.0
2023-07-12,2021-10-11,1.4904552851249042e-05,7.364659467482737e-06,1.2385877816685197e-05,2.276962210178064e-05,2023-07-07,250,52791,207,100.0,1.3712136651310605e-05,1.4657830183237298e-05,0.0037029902310579494,0.0038285545814624737,0.2222222222222222,0.10628019323671498,1.0
2023-07-14,2021-10-13,1.31394608698526e-05,5.2712146177033054e-06,4.629354804358876e-06,1.386744153035625e-05,2023-07-10,250,52801,203,100.0,8.94729039423993e-06,9.505809155955988e-06,0.0029912021653910204,0.003083149227000858,0.3793103448275862,0.24630541871921183,1.0
2023-07-17,2021-10-15,1.3813017826344226e-05,5.771940514092441e-06,1.0527786096660599e-05,2.0135235051229822e-05,2023-07-12,250,52817,195,100.0,1.2330451712435715e-05,1.2253837535980078e-05,0.0035114742932898873,0.003500548176497515,0.2564102564102564,0.18461538461538463,1.0
2023-07-19,2021-10-18,2.113951124978129e-05,4.228338996028916e-06,9.699395648697088e-06,1.7450213406226868e-05,2023-07-14,250,52835,218,100.0,1.5839274205242278e-05,1.0354069800753655e-05,0.003979858565984761,0.0032177740443905716,0.20642201834862386,0.0963302752293578,1.0
2023-07-21,2021-10-20,1.9681296576748193e-05,4.578975040843825e-06,8.259838459662443e-06,1.5937143986069392e-05,2023-07-17,250,52850,229,100.0,1.4244882014467203e-05,9.985265062807086e-06,0.0037742392630127734,0.003159947003164307,0.24017467248908297,0.13100436681222707,1.0
2023-07-24,2021-10-22,1.8907441681169266e-05,3.922015195618203e-06,9.704540685957314e-06,1.733327873253144e-05,2023-07-19,250,52893,212,100.0,1.4957139838884893e-05,9.678736808161148e-06,0.0038674461649627254,0.00311106682798058,0.27358490566037735,0.12264150943396226,1.0
2023-07-26,2021-10-25,2.1450868245902742e-05,3.87747749494579e-06,9.815553323170374e-06,1.747758188429469e-05,2023-07-21,250,52934,221,100.0,1.6343965316015686e-05,9.846754082126076e-06,0.004042767037069498,0.00313795380497006,0.27601809954751133,0.18552036199095023,1.0
2023-07-28,2021-10-27,1.657426329152411e-05,2.2810704338763312e-06,7.217744104787872e-06,1.3300236630425139e-05,2023-07-24,250,52966,226,100.0,1.2227207917155501e-05,7.400594551741928e-06,0.0034967424722383406,0.0027204033803357045,0.3008849557522124,0.20353982300884957,1.0
2023-07-31,2021-10-29,1.852701399013492e-05,2.3785213229148267e-06,7.882602009065982e-06,1.5484092255876305e-05,2023-07-26,250,52991,212,100.0,1.4058369337705034e-05,7.880388365526013e-06,0.003749449204577258,0.002807202943416456,0.24528301886792453,0.16981132075471697,1.0
2023-08-02,2021-11-01,2.7613203823630826e-05,3.7825644570282864e-06,1.4204825816204168e-05,1.0535708010993691e-05,2023-07-28,250,53038,223,100.0,2.1780860026678418e-05,6.720030487228485e-06,0.004666996895936231,0.0025923021597083324,0.273542600896861,0.17488789237668162,1.0
2023-08-04,2021-11-03,2.3243287350945797e-05,1.9421268802442476e-06,1.238396787829195e-05,7.525556917873384e-06,2023-07-31,250,53084,231,100.0,1.7602082430086657e-05,4.8426100166749675e-06,0.004195483575237384,0.0022005931056592373,0.2597402597402597,0.18181818181818182,1.0
2023-08-07,2021-11-05,1.81059969490177e-05,5.488861943589101e-06,1.0123454488099168e-05,9.253519267991693e-06,2023-08-02,250,53142,206,100.0,1.4114725718558433e-05,7.3711906057903965e-06,0.0037569569758726853,0.0027149936658840287,0.25728155339805825,0.1796116504854369,1.0
2023-08-09,2021-11-08,1.5145888622554934e-05,3.2811139191473477e-06,1.432075815996777e-05,1.0880605257846146e-05,2023-08-04,250,53202,200,100.0,1.4762202957451904e-05,6.8148773916422886e-06,0.003842161235223205,0.002610532013142587,0.31,0.18,1.0
2023-08-11,2021-11-10,1.1678524109943903e-05,6.628576159891262e-06,7.862327990056457e-06,8.446765084992578e-06,2023-08-07,250,53236,206,100.0,9.696325154468385e-06,7.572975261764275e-06,0.003113892283697107,0.0027519039339635887,0.21359223300970873,0.16019417475728157,1.0
2023-08-14,2021-11-12,1.1284670779171393e-05,8.69524027716797e-06,7.343641383423019e-06,8.618211641209655e-06,2023-08-09,250,53250,193,100.0,9.406045367726571e-06,8.658521963654162e-06,0.003066927675659563,0.002942536654598233,0.29533678756476683,0.15544041450777202,1.0
2023-08-16,2021-11-15,1.74981633119816e-05,6.413641540523693e-06,1.9285863450279476e-05,8.483409498698814e-06,2023-08-11,250,53272,217,100.0,1.837141775741743e-05,7.4246802666368845e-06,0.004286189188243728,0.002724826648914915,0.17511520737327188,0.11059907834101383,1.0
2023-08-18,2021-11-17,1.783913841592384e-05,6.023845840822648e-06,1.551949957659437e-05,5.915983055765106e-06,2023-08-14,250,53299,229,100.0,1.6633736573652194e-05,5.967794873915018e-06,0.0040784478142612286,0.002442907053883757,0.18340611353711792,0.11353711790393013,1.0
2023-08-21,2021-11-19,1.6610639764164736e-05,6.498421920064329e-06,1.3647534507413651e-05,5.724069927776611e-06,2023-08-16,250,53337,231,100.0,1.5084191601595995e-05,6.099513317976718e-06,0.003883837226454785,0.002469719279184725,0.22077922077922077,0.11255411255411256,1.0
2023-08-23,2021-11-22,1.4274228595193877e-05,9.416609015016814e-06,1.2085280333687569e-05,7.931578093169774e-06,2023-08-18,250,53367,209,100.0,1.321641149274346e-05,8.698962492975898e-06,0.003635438280695116,0.0029494003615948613,0.35406698564593303,0.2679425837320574,1.0
2023-08-25,2021-11-24,1.398389102480246e-05,1.0594630948895566e-05,9.236479937070703e-06,7.190782900489924e-06,2023-08-21,250,53379,211,100.0,1.1486437798554948e-05,8.80398102769639e-06,0.003389164764149856,0.0029671503210481924,0.33649289099526064,0.20853080568720378,1.0
2023-08-28,2021-11-26,1.3989617149131845e-05,1.0723833785512972e-05,7.762388387631402e-06,8.752817895436557e-06,2023-08-23,250,53401,203,100.0,1.095269277775971e-05,9.76259943518014e-06,0.003309485273839379,0.003124515872128055,0.3251231527093596,0.2315270935960591,1.0
2023-08-30,2021-11-29,1.5708933751915916e-05,1.404056833170005e-05,5.918654334727481e-06,1.153878104891157e-05,2023-08-25,250,53450,213,100.0,1.1204485944946588e-05,1.2889511272013333e-05,0.003347310255256687,0.0035901965506101936,0.3051643192488263,0.1643192488262911,1.0
2023-09-01,2021-12-01,7.596046904453944e-06,1.3058292827471053e-05,7.770809657755815e-06,1.4317124743809976e-05,2023-08-28,250,53432,208,100.0,7.679227253381276e-06,1.3657448403036212e-05,0.0027711418681441186,0.0036955985175660265,0.24519230769230768,0.14903846153846154,1.0
2023-09-06,2021-12-03,1.0093855276674947e-05,5.019731034164105e-06,1.0907108433082826e-05,1.2854067783323795e-05,2023-08-30,250,53421,198,100.0,1.0438871767272229e-05,8.343389048959125e-06,0.0032309242899319426,0.002888492521880423,0.25252525252525254,0.16666666666666666,1.0
2023-09-08,2021-12-08,1.1747435058922569e-05,5.715176824951087e-06,6.715349603148546e-06,9.931381639167466e-06,2023-09-01,250,53401,205,100.0,9.170025435233435e-06,7.874696363939962e-06,0.00302820498566947,0.0028061889394586322,0.33658536585365856,0.1951219512195122,1.0
2023-09-11,2021-12-10,8.520108322003104e-06,5.541560830224507e-06,9.209276080474833e-06,1.4336043300438647e-05,2023-09-06,250,53380,181,100.0,8.79425240272114e-06,9.039918497934e-06,0.0029655104792802776,0.003006645722052068,0.3314917127071823,0.2430939226519337,1.0
2023-09-13,2021-12-13,1.1015634316360407e-05,7.060397035382209e-06,1.4155261293755566e-05,1.6997381958959643e-05,2023-09-08,250,53405,203,100.0,1.2423053306227203e-05,1.1514907518365195e-05,0.0035246352018651807,0.0033933622733750657,0.2315270935960591,0.20689655172413793,1.0
2023-09-15,2021-12-15,1.1596230446383949e-05,8.145944630597332e-06,1.2110843536583043e-05,1.317904031296483e-05,2023-09-11,250,53419,215,100.0,1.1861914413882084e-05,1.0744426587540551e-05,0.003444113008291407,0.0032778692145264965,0.26046511627906976,0.2,1.0
2023-09-18,2021-12-17,8.080874623865292e-06,7.125272879147377e-06,1.2541383637078955e-05,1.4279809795793212e-05,2023-09-13,250,53437,201,100.0,1.0233458575515667e-05,1.0577959848871983e-05,0.003198977739140375,0.0032523775686214514,0.17412935323383086,0.10945273631840796,1.0
2023-09-20,2021-12-20,9.963966132097216e-06,6.144106389220881e-06,1.396651242372818e-05,1.082421720657733e-05,2023-09-15,250,53452,218,0.01,1.1818356845192294e-05,8.31241461194107e-06,0.003437783711229125,0.0028831258404622352,0.1834862385321101,0.0963302752293578,1.0
2023-09-22,2021-12-22,1.0804148311284208e-05,4.072078699626568e-06,1.5396954962217247e-05,7.560497025576436e-06,2023-09-18,250,53438,234,100.0,1.3139806394451011e-05,5.8461034038489375e-06,0.003624887087131268,0.0024178716681926976,0.24358974358974358,0.17094017094017094,1.0
2023-09-25,2021-12-27,1.3114029721730485e-05,4.1354875023325665e-06,1.4966138556070258e-05,7.703500955544753e-06,2023-09-20,250,53434,224,100.0,1.3990474080837699e-05,5.823922440013333e-06,0.0037403842156705906,0.002413280431282973,0.21428571428571427,0.11160714285714286,1.0
2023-09-27,2021-12-29,1.819457829815692e-05,4.42770227391849e-06,1.9824048023838638e-05,8.103058761559514e-06,2023-09-22,250,53472,212,0.01,1.899394080509512e-05,6.230707343327295e-06,0.0043582038507962335,0.0024961384864080147,0.24528301886792453,0.16037735849056603,1.0
2023-09-29,2021-12-31,1.6141552733733773e-05,9.280623831637876e-06,1.384563939008766e-05,6.061102952797799e-06,2023-09-25,250,53502,214,0.01,1.4875581824620496e-05,7.5053740012494235e-06,0.0038568875825749052,0.0027395937657341504,0.4252336448598131,0.3411214953271028,1.0
2023-10-02,2022-01-03,1.0527227992627632e-05,3.5363543768942383e-06,1.3516720874938887e-05,5.723351805207756e-06,2023-09-27,250,53503,219,0.01,1.2069751717290517e-05,4.664805104745505e-06,0.0034741548205701077,0.0021598159886308615,0.2557077625570776,0.136986301369863,1.0
2023-10-04,2022-01-05,1.67411476989556e-05,4.788764524894211e-06,1.62155571595616e-05,5.488221213458676e-06,2023-09-29,250,53535,212,0.01,1.64783524292586e-05,5.138492869176444e-06,0.0040593536960036635,0.002266824401928046,0.3018867924528302,0.24056603773584906,1.0
2023-10-06,2022-01-07,9.387892668672993e-06,4.059485145657013e-06,1.264386093593074e-05,6.266035456176195e-06,2023-10-02,250,53573,213,0.01,1.1161096044268764e-05,5.261174516643984e-06,0.0033408226598053304,0.0022937250307401677,0.2535211267605634,0.1267605633802817,1.0
2023-10-09,2022-01-10,9.252175990489679e-06,5.4420308335991065e-06,1.2525056410102102e-05,6.247848363572328e-06,2023-10-04,250,53593,209,0.01,1.0880786342832704e-05,5.84301180545181e-06,0.003298603695934494,0.0024172322613790777,0.23444976076555024,0.1339712918660287,1.0
2023-10-11,2022-01-12,1.082461609483664e-05,6.4145577643517305e-06,2.076560663111209e-05,1.5069808110837803e-05,2023-10-06,250,53626,208,0.01,1.5651731691778086e-05,1.0617347596058909e-05,0.003956226951500392,0.0032584271659895836,0.20673076923076922,0.11057692307692307,1.0
2023-10-13,2022-01-14,1.1943593789944762e-05,5.387567563829388e-06,1.4354522679814405e-05,5.4810880756977205e-06,2023-10-09,250,53638,233,100.0,1.3164579236316512e-05,5.43492988314468e-06,0.0036283025282239784,0.0023312936072371238,0.23605150214592274,0.16738197424892703,1.0
2023-10-16,2022-01-19,1.2393371753061092e-05,3.1777642116409784e-06,1.7417877988437415e-05,9.81516824361823e-06,2023-10-11,250,53655,216,100.0,1.4835840061924584e-05,6.404280060518809e-06,0.003851732085948422,0.0025306679079876936,0.18055555555555555,0.0787037037037037,1.0
2023-10-18,2022-01-21,1.943900428572763e-05,5.722124397317906e-06,2.713371849372638e-05,1.0906441848493457e-05,2023-10-13,250,53673,217,0.01,2.3126793583570353e-05,8.206774235669323e-06,0.0048090324997415385,0.002864746801319328,0.19815668202764977,0.059907834101382486,1.0
2023-10-20,2022-01-24,2.4916993668579456e-05,7.766009228354507e-06,2.5277695869627073e-05,6.292082725276424e-06,2023-10-16,250,53653,242,100.0,2.5106287798881308e-05,6.992502344507745e-06,0.005010617506743187,0.0026443340077433003,0.16115702479338842,0.05785123966942149,1.0
2023-10-23,2022-01-26,2.3234248109564918e-05,7.551931339326054e-06,3.179843603182588e-05,1.3208381242281005e-05,2023-10-18,250,53676,217,100.0,2.7062479577119356e-05,1.0080390512536333e-05,0.005202161048748813,0.0031749630726256224,0.18433179723502305,0.0967741935483871,1.0
2023-10-25,2022-01-28,2.9664914348488456e-05,1.074648043353306e-05,2.6758719801870645e-05,9.141431050282722e-06,2023-10-20,250,53723,206,100.0,2.8155386113109303e-05,9.912789734466135e-06,0.005306164915747465,0.0031484583107397397,0.2815533980582524,0.18446601941747573,1.0
2023-10-27,2022-01-31,2.65929157964504e-05,1.0533165177900777e-05,2.1794012654740023e-05,5.006926791161948e-06,2023-10-23,250,53725,241,0.01,2.4083945689166136e-05,7.643928510975083e-06,0.004907539677798453,0.002764765543581423,0.13692946058091288,0.03734439834024896,1.0
2023-10-30,2022-02-02,2.474264534846765e-05,8.872187627844718e-06,1.8868801519623814e-05,4.39515861759003e-06,2023-10-25,250,53768,223,0.01,2.173987316690623e-05,6.583482214530662e-06,0.004662603689668063,0.0025658297321783964,0.14798206278026907,0.03139013452914798,1.0
2023-11-03,2022-02-04,5.62179652145204e-06,8.440240201586864e-06,6.21332548942615e-06,1.2157902387904721e-05,2023-10-27,250,53831,210,0.01,5.9485458561425e-06,1.0493805980695778e-05,0.00243896409488588,0.0032394144502819917,0.29523809523809524,0.26666666666666666,1.0
2023-11-06,2022-02-07,5.27445765209445e-06,1.0677339488126358e-05,6.106434438271368e-06,1.4298802832966818e-05,2023-10-30,250,53854,193,0.01,5.662426101607002e-06,1.236610477846647e-05,0.0023795852793306238,0.00351654728085184,0.27461139896373055,0.17616580310880828,1.0
2023-11-08,2022-02-09,8.080617605395123e-06,1.546260204182966e-05,,,2023-11-03,250,53854,99,100.0,8.080617605395123e-06,1.546260204182966e-05,0.002842642715044422,0.003932251523215378,0.5151515151515151,0.5050505050505051,1.0
2023-11-09,2022-02-11,1.0552674164875514e-05,1.2688680747093196e-05,5.412249231812712e-06,1.0944338171601706e-05,2023-11-06,250,53863,174,100.0,7.568864289936761e-06,1.16761600567217e-05,0.002751156900276093,0.003417039662737572,0.3218390804597701,0.26436781609195403,1.0
2023-11-10,2022-02-14,1.0439697853968908e-05,1.6732147551151068e-05,4.312265716406898e-06,1.3138717621815687e-05,2023-11-08,250,53733,202,100.0,7.163645027945655e-06,1.4810907786951952e-05,0.0026764986508394984,0.0038484942233231885,0.2871287128712871,0.2079207920792079,1.0
2023-11-13,2022-02-16,7.6063406150237465e-06,1.2640758519050082e-05,4.35755367110587e-06,1.247606085930969e-05,2023-11-09,250,53709,194,100.0,6.048932440877549e-06,1.2561805517215772e-05,0.0024594577534240245,0.0035442637482579896,0.24742268041237114,0.12886597938144329,1.0
2023-11-16,2022-02-23,1.2955824225944488e-05,2.1877650759317138e-05,5.698416188478394e-06,2.2505752655725246e-05,2023-11-10,250,53715,194,100.0,9.514166806115206e-06,2.21755135143148e-05,0.0030845043047652253,0.0047090883952538845,0.20103092783505155,0.041237113402061855,1.0
2023-11-17,2022-02-25,1.2290803878908538e-05,2.186715611468961e-05,5.7536676244828214e-06,2.0070073447738545e-05,2023-11-13,250,53698,203,100.0,8.941729147577135e-06,2.094648322127626e-05,0.002990272420295036,0.004576732810780662,0.22167487684729065,0.08374384236453201,1.0
2023-11-20,2022-02-28,1.0956173606808513e-05,2.151897333159305e-05,5.467420655084885e-06,1.8356713208685536e-05,2023-11-16,250,53678,208,100.0,8.317350072326e-06,1.9998655964810594e-05,0.0028839816352268957,0.004471985684772548,0.25,0.1201923076923077,1.0
2023-11-21,2022-03-02,1.2136388433010597e-05,2.313971583170922e-05,6.88972422704159e-06,2.2046889901205302e-05,2023-11-17,250,53694,204,0.01,9.641651040956707e-06,2.2620087815734323e-05,0.0031051008101117598,0.0047560580122339045,0.2696078431372549,0.16666666666666666,1.0
2023-11-22,2022-03-04,1.204409730232822e-05,2.3570659777464883e-05,5.988090721532588e-06,2.152428203343536e-05,2023-11-20,250,53694,198,100.0,9.107851687397005e-06,2.2578476628844506e-05,0.003017921749714032,0.004751681452795895,0.3181818181818182,0.18686868686868688,1.0
2023-11-24,2022-03-07,1.1949912297663853e-05,2.0488729349647745e-05,5.9202323814729046e-06,1.9667452941954352e-05,2023-11-21,250,53683,200,100.0,8.87477554040647e-06,2.0069878381724118e-05,0.0029790561492537312,0.004479941783296309,0.41,0.37,1.0
2023-11-27,2022-03-09,8.970882603287138e-06,1.656663666528198e-05,5.248796981961826e-06,1.7667201716324852e-05,2023-11-22,250,53674,194,100.0,7.148211809339176e-06,1.7105573159349368e-05,0.002673613997820025,0.004135888436521151,0.3247422680412371,0.22164948453608246,1.0
2023-11-29,2022-03-11,8.45268574306728e-06,1.5735423115555218e-05,4.26995179800615e-06,1.6510423813488277e-05,2023-11-24,250,53676,201,100.0,6.517390932665861e-06,1.609400552803171e-05,0.0025529181210265754,0.004011733481679922,0.27860696517412936,0.11940298507462686,1.0
2023-12-01,2022-03-14,6.5102215657212665e-06,1.4168413961975483e-05,5.440095945682749e-06,1.6662475754192034e-05,2023-11-27,250,53645,213,100.0,5.9776707876739295e-06,1.540959025293771e-05,0.0024449275628684645,0.003925505095263246,0.3192488262910798,0.2300469483568075,1.0
2023-12-04,2022-03-16,6.039862522196657e-06,9.544832959849733e-06,7.097977316761126e-06,1.649545425294912e-05,2023-11-29,250,53619,195,100.0,6.549928115473889e-06,1.2895388865241232e-05,0.0025592827345711313,0.003591015018799174,0.24102564102564103,0.18461538461538463,1.0
2023-12-06,2022-03-18,5.705183345727834e-06,1.0934535933026365e-05,6.321540374097489e-06,1.6788241927333746e-05,2023-12-01,250,53639,194,100.0,5.987945075237624e-06,1.3619998992270476e-05,0.002447027804345023,0.0036905282809200197,0.33505154639175255,0.22164948453608246,1.0
2023-12-08,2022-03-21,7.247302682822095e-06,1.29775477354783e-05,1.0531439172431863e-05,2.4139914857599786e-05,2023-12-04,250,53608,173,100.0,8.671061276583556e-06,1.781672423350784e-05,0.0029446665815646353,0.004220986168362536,0.3583815028901734,0.23121387283236994,1.0
2023-12-11,2022-03-23,6.483187317893125e-06,1.0036744233721478e-05,9.746896563152556e-06,2.161567237241176e-05,2023-12-06,250,53574,174,100.0,7.871201594612653e-06,1.4961115970865621e-05,0.0028055661807579327,0.003867960182171686,0.3333333333333333,0.21839080459770116,1.0
2023-12-13,2022-03-25,1.1647027393139564e-05,1.0402384547921553e-05,8.64600850592252e-06,2.369465299272057e-05,2023-12-08,250,53538,179,100.0,1.0473444588082621e-05,1.560047835315022e-05,0.0032362701661144766,0.003949744087045415,0.2569832402234637,0.18994413407821228,1.0
2023-12-15,2022-03-28,1.9069276201120914e-05,1.2353084987405824e-05,1.1391758362369612e-05,2.1473719807038636e-05,2023-12-11,250,53518,187,100.0,1.4963651688419685e-05,1.723042981073888e-05,0.003868287953141504,0.004150955288935172,0.26737967914438504,0.18716577540106952,1.0
2023-12-18,2022-03-30,1.139481073720117e-05,6.668397893226845e-06,8.156183540776303e-06,1.5388879870588046e-05,2023-12-13,250,53495,207,100.0,9.845902078041452e-06,1.0839063186747419e-05,0.0031378180441257986,0.003292273255176037,0.21256038647342995,0.13043478260869565,1.0
2023-12-20,2022-04-01,1.3389544268434783e-05,6.862263217623602e-06,9.331952953124009e-06,1.3268518372708074e-05,2023-12-15,250,53472,224,100.0,1.1433205598552801e-05,9.950993381682186e-06,0.0033813023524306134,0.0031545195167698974,0.21428571428571427,0.16964285714285715,1.0
2023-12-22,2022-04-04,1.601280869071713e-05,5.598963596879663e-06,7.364546677309806e-06,1.289134270667756e-05,2023-12-18,250,53494,223,100.0,1.1785631294029245e-05,9.163400022745e-06,0.0034330207243809707,0.003027110837538824,0.23318385650224216,0.15695067264573992,1.0
2023-12-27,2022-04-06,1.4411870208662985e-05,4.354127425005487e-06,9.146496550264717e-06,1.7448550990341195e-05,2023-12-20,250,53531,203,100.0,1.2051530292829278e-05,1.0224041437052529e-05,0.0034715314045575445,0.003197505502270876,0.19704433497536947,0.11330049261083744,1.0
2023-12-29,2022-04-08,1.1370157255134591e-05,4.915174214054279e-06,7.580673349865426e-06,1.5202305938058274e-05,2023-12-22,250,53581,205,100.0,9.558599095542502e-06,9.832924989431797e-06,0.0030916984160073734,0.0031357495099946673,0.37073170731707317,0.28780487804878047,1.0
2024-01-03,2022-04-11,1.4077655769751727e-05,3.4482850221392037e-06,9.516337150591903e-06,1.4287932350163409e-05,2023-12-27,250,53584,194,100.0,1.2126163783203966e-05,8.085866095469146e-06,0.0034822641748155705,0.002843565736090718,0.16494845360824742,0.03608247422680412,1.0
2024-01-05,2022-04-13,1.618025208091832e-05,3.718156471838075e-06,7.579306464139683e-06,1.2682326657664305e-05,2023-12-29,250,53579,199,0.01,1.1598843862935729e-05,8.493041093433957e-06,0.003405707542190863,0.002914282260426048,0.36180904522613067,0.2562814070351759,1.0
2024-01-08,2022-04-18,1.6129946256801713e-05,4.066763908240264e-06,6.588890257885221e-06,1.5224351703190363e-05,2024-01-03,250,53574,183,0.01,1.1437623634383769e-05,9.554102168051788e-06,0.0033819555932010355,0.003090971072017949,0.273224043715847,0.14207650273224043,1.0
2024-01-10,2022-04-20,1.3704003963282093e-05,4.171433621928828e-06,6.529710557328863e-06,1.6288246289255724e-05,2024-01-05,250,53567,195,100.0,1.053995661501554e-05,9.515258695724278e-06,0.0032465299344092823,0.003084681295648592,0.24615384615384617,0.15897435897435896,1.0
2024-01-12,2022-04-22,1.4304467985573583e-05,5.39491530174104e-06,8.680875393325351e-06,1.6081481416244286e-05,2024-01-08,250,53536,198,100.0,1.1407465741082068e-05,1.0900116027394228e-05,0.0033774940031156336,0.0033015323756392617,0.3686868686868687,0.2727272727272727,1.0
2024-01-17,2022-04-25,2.0628288285906553e-05,3.3374155946975605e-06,1.0151389900058798e-05,1.0449670386155928e-05,2024-01-10,250,53499,227,100.0,1.5551377173821737e-05,6.783882674258885e-06,0.003943523446592113,0.0026045887725817457,0.15418502202643172,0.05286343612334802,1.0
2024-01-19,2022-04-27,1.0884415439789867e-05,2.7223679522262965e-06,8.584747918361683e-06,1.2005244288365162e-05,2024-01-12,250,53465,230,100.0,9.794573005721727e-06,7.1216441289181944e-06,0.0031296282535984567,0.002668640876723242,0.3,0.14782608695652175,1.0
2024-01-22,2022-05-02,1.0553627800805188e-05,2.5747812761254034e-06,8.1341031474186e-06,1.2935257718017275e-05,2024-01-17,250,53467,215,100.0,9.473281909060478e-06,7.2008544780864255e-06,0.0030778697030674445,0.002683440790866537,0.28837209302325584,0.15813953488372093,1.0
2024-01-24,2022-05-04,1.045939453902228e-05,3.0900412808426177e-06,7.906901004675342e-06,1.2233345927054865e-05,2024-01-19,250,53478,215,100.0,9.331548558729448e-06,7.130106124517799e-06,0.003054758347026725,0.002670225856461921,0.24651162790697675,0.13023255813953488,1.0
2024-01-26,2022-05-06,1.3843173779604623e-05,2.2345756476072066e-06,6.252312918717329e-06,1.0108375837671032e-05,2024-01-22,250,53501,218,100.0,1.02566661251487e-05,5.954765645664884e-06,0.003202603023346587,0.0024402388501261274,0.2798165137614679,0.13302752293577982,1.0
2024-01-29,2022-05-09,1.691513146561773e-05,3.450976457512495e-06,6.648976146377764e-06,8.956139021494788e-06,2024-01-24,250,53508,214,100.0,1.2165835313259056e-05,5.997757269822062e-06,0.0034879557498997973,0.002449031904614977,0.2757009345794392,0.14953271028037382,1.0
2024-01-31,2022-05-11,2.109533070749976e-05,5.210380142782081e-06,9.91785636340745e-06,9.057242265479326e-06,2024-01-26,250,53505,207,100.0,1.6073566871748144e-05,6.9386805167475085e-06,0.004009185312722292,0.002634137528062555,0.27053140096618356,0.2028985507246377,1.0
2024-02-02,2022-05-13,7.382690945408477e-06,4.4471241017042505e-06,5.138656107518094e-06,7.934120425557153e-06,2024-01-29,250,53520,202,100.0,6.2051281096838185e-06,6.276934053825081e-06,0.002491009455960338,0.0025053810196904343,0.2722772277227723,0.17326732673267325,1.0
2024-02-05,2022-05-16,5.567801024935313e-06,3.2072814884276398e-06,4.678910839779053e-06,8.488358624477285e-06,2024-01-31,250,53532,204,100.0,5.123355932357183e-06,5.847820056452462e-06,0.0022634831416109957,0.0024182266346338306,0.25,0.11764705882352941,1.0
2024-02-07,2022-05-18,5.5762731742593545e-06,6.352254146377438e-06,4.7909335509150074e-06,1.1217063735748998e-05,2024-02-02,250,53519,187,100.0,5.223500295323924e-06,8.537516207913325e-06,0.002285497822209403,0.002921902840258951,0.1925133689839572,0.1711229946524064,1.0
2024-02-09,2022-05-20,7.833363145496053e-06,6.794315007530422e-06,3.775036018189696e-06,8.451791510277789e-06,2024-02-05,250,53509,197,100.0,5.752697968552184e-06,7.644087224675011e-06,0.00239847826101305,0.0027647942463545115,0.25380710659898476,0.22842639593908629,1.0
2024-02-12,2022-05-23,9.467513531995588e-06,6.442722563179781e-06,4.35893822913367e-06,7.375174611768228e-06,2024-02-07,250,53467,199,100.0,7.131431358325061e-06,6.869120233639825e-06,0.002670473995066243,0.0026209006531419357,0.22110552763819097,0.12562814070351758,1.0
2024-02-14,2022-05-25,1.0805767274190864e-05,5.142883660534956e-06,9.536338518889969e-06,9.685634197048994e-06,2024-02-09,250,53420,212,100.0,1.0206980125464027e-05,7.2856905173812e-06,0.003194836478673678,0.002699201829686176,0.20754716981132076,0.08490566037735849,1.0
2024-02-16,2022-05-27,1.0864301216131144e-05,2.7444518021823272e-06,7.275394310680073e-06,8.082370893801455e-06,2024-02-12,250,53413,220,100.0,9.118787403025396e-06,5.340621542197086e-06,0.0030197330019432838,0.002310978481552151,0.20909090909090908,0.06818181818181818,1.0
2024-02-21,2022-06-01,1.1643480187867147e-05,2.9012558803512935e-06,7.957602046437055e-06,7.234241729942044e-06,2024-02-14,250,53399,206,0.01,9.979467240522498e-06,4.857409686234495e-06,0.0031590294776279782,0.0022039531951097546,0.13592233009708737,0.02912621359223301,1.0
2024-02-23,2022-06-03,1.1023175675104427e-05,7.398691801403177e-06,3.6880951743646917e-06,8.935226587011288e-06,2024-02-16,250,53414,202,0.01,7.283010865321295e-06,8.182172409906322e-06,0.0026987054054344825,0.0028604496866587816,0.24257425742574257,0.1188118811881188,1.0
2024-02-26,2022-06-06,6.221930542810569e-06,4.599482241125774e-06,3.774736109794113e-06,9.46897822354415e-06,2024-02-21,250,53395,190,100.0,5.011213297002429e-06,7.008601306111708e-06,0.002238573942714966,0.0026473763061022715,0.1736842105263158,0.11578947368421053,1.0
2024-02-28,2022-06-08,7.784431930176071e-06,3.527925174059515e-06,7.289961653240354e-06,1.4013867841943558e-05,2024-02-23,250,53411,188,100.0,7.5792793684687e-06,7.87847585541566e-06,0.0027530491038971136,0.0028068622793816695,0.17553191489361702,0.07446808510638298,1.0
2024-03-01,2022-06-10,7.221833729102972e-06,3.612885995850434e-06,3.971393835492613e-06,1.1010189559093728e-05,2024-02-26,250,53422,303,100.0,5.1728765684442965e-06,8.27587273043614e-06,0.0022743958688944844,0.002876781661933373,0.1617161716171617,0.0627062706270627,1.0
2024-03-04,2022-06-13,1.0928665103793542e-05,3.1216789037726083e-06,4.688649542235774e-06,1.0413089759404452e-05,2024-02-28,250,53376,194,100.0,8.258967724364187e-06,6.2412000430377776e-06,0.0028738419797136004,0.0024982393886570954,0.20618556701030927,0.07731958762886598,1.0
2024-03-06,2022-06-15,1.0830231526983974e-05,2.5148556399421653e-06,5.056625690032954e-06,7.31491852546167e-06,2024-03-01,250,53459,204,100.0,8.198146513079833e-06,4.7031196024584105e-06,0.0028632405615106517,0.0021686677021753266,0.27450980392156865,0.12745098039215685,1.0
2024-03-08,2022-06-17,1.09428423958553e-05,2.815324307964474e-06,4.977721276361899e-06,6.267663803441322e-06,2024-03-04,250,53449,195,100.0,7.76144446545882e-06,4.6565720388854595e-06,0.002785936909813074,0.0021579091822607967,0.3230769230769231,0.2,1.0
2024-03-11,2022-06-22,1.1337417933375302e-05,3.2744743193577074e-06,5.6399881337780856e-06,6.305312368733563e-06,2024-03-06,250,53427,186,100.0,8.641859748619629e-06,4.708419202933382e-06,0.0029397040239826236,0.0021698892144377743,0.3602150537634409,0.2903225806451613,1.0
2024-03-13,2022-06-27,2.0642278400601207e-05,5.673934400605348e-06,5.066782357313732e-06,1.0296362578772544e-05,2024-03-08,250,53411,192,100.0,1.374687650643748e-05,7.720321875314785e-06,0.003707678047840384,0.00277854672001656,0.21875,0.13541666666666666,1.0
2024-03-15,2022-06-29,2.3461141887795276e-05,8.05963752830185e-06,1.1590092402922484e-05,1.000255030258136e-05,2024-03-11,250,53378,197,100.0,1.71941919059335e-05,9.085337673099155e-06,0.004146587983623825,0.003014189389056228,0.2436548223350254,0.2131979695431472,1.0
2024-03-18,2022-07-01,1.684760326441907e-05,4.814253831661997e-06,1.2051689117119505e-05,1.156567859088284e-05,2024-03-13,250,53343,199,100.0,1.4702696937234848e-05,7.833735256640163e-06,0.003834409594348894,0.0027988810722572983,0.23618090452261306,0.12562814070351758,1.0
2024-03-20,2022-07-06,1.0673231034793714e-05,5.1936870802757555e-06,1.1721465804242429e-05,1.4562102028028135e-05,2024-03-15,250,53329,207,100.0,1.1134049218464406e-05,9.312169013828735e-06,0.0033367722754878565,0.0030515846725641966,0.22705314009661837,0.10144927536231885,1.0
2024-03-22,2022-07-08,9.799882643609e-06,5.11384930527063e-06,6.885933629366663e-06,1.114546699886616e-05,2024-03-18,250,53323,219,1.0,8.442700910948185e-06,7.923095902287727e-06,0.002905632618027989,0.002814799442640226,0.2100456621004566,0.1643835616438356,1.0
2024-03-25,2022-07-11,8.747250842719874e-06,4.4731370614826505e-06,8.16389916912872e-06,1.1947252400325935e-05,2024-03-20,250,53316,202,0.01,8.487341681218866e-06,7.803188450076195e-06,0.002913304254831422,0.0027934187745621303,0.22277227722772278,0.13861386138613863,1.0
2024-03-27,2022-07-13,6.822788365682053e-06,5.331166221887681e-06,7.390694007503957e-06,1.2957344569467063e-05,2024-03-22,250,53316,199,0.01,7.082483910434782e-06,8.818514109474231e-06,0.0026612936535517426,0.002969598307763902,0.2663316582914573,0.17587939698492464,1.0
2024-04-01,2022-07-15,8.810778243105014e-06,3.41899096268149e-06,9.355573555954485e-06,1.1896158778059034e-05,2024-03-25,250,53285,194,0.01,9.063518336694973e-06,7.351697681155609e-06,0.0030105677764659233,0.002711401423831523,0.22164948453608246,0.12886597938144329,1.0
2024-04-03,2022-07-18,1.2626252433170959e-05,4.922160221675042e-06,1.1409061233334496e-05,1.1058296173879975e-05,2024-03-27,250,53276,199,1.0,1.2069647412140215e-05,7.728131938512473e-06,0.003474139808951306,0.0027799517870841705,0.22110552763819097,0.1306532663316583,1.0
2024-04-05,2022-07-20,1.3895741081920707e-05,4.594528164344756e-06,1.0918335881235952e-05,6.258930518982124e-06,2024-04-01,250,53241,200,0.01,1.2347490377564634e-05,5.460017388756187e-06,0.00351389959696697,0.002336668009956953,0.28,0.195,1.0
2024-04-08,2022-07-22,1.4358411402958172e-05,6.4183568543956955e-06,1.1397873159638161e-05,9.064661354600694e-06,2024-04-03,250,53211,189,0.01,1.293296706358187e-05,7.69250346560551e-06,0.003596243465559843,0.002773536274434771,0.26455026455026454,0.21164021164021163,1.0
2024-04-10,2022-07-25,1.611452982736164e-05,7.448602951321233e-06,1.0151266291236801e-05,5.887949916547288e-06,2024-04-05,250,53184,182,0.01,1.3100132875034797e-05,6.659701417259678e-06,0.0036194105701114923,0.002580639730233509,0.26373626373626374,0.14835164835164835,1.0
2024-04-12,2022-07-27,1.686380667008487e-05,9.439950587741657e-06,1.0928502005113129e-05,4.919329972993078e-06,2024-04-08,250,53140,206,100.0,1.3636844910488585e-05,6.9821374379754395e-06,0.00369280989362959,0.0026423734478637647,0.24271844660194175,0.15048543689320387,1.0
2024-04-15,2022-07-29,1.9518241490525753e-05,1.2151141065007414e-05,1.5241481181755662e-05,4.555734708623331e-06,2024-04-10,250,53123,195,100.0,1.7368895284066934e-05,8.333962485901568e-06,0.004167600662739526,0.0028868603163127874,0.2564102564102564,0.18974358974358974,1.0
2024-04-17,2022-08-01,3.498363997867001e-05,1.996705791068062e-05,2.1070794032248488e-05,6.936176823759588e-06,2024-04-12,250,53130,222,100.0,2.840323986887605e-05,1.3803803342542294e-05,0.005329469004401475,0.0037153470016328613,0.15315315315315314,0.0990990990990991,1.0
2024-04-19,2022-08-03,3.4786836325213146e-05,1.7575652100848492e-05,1.838867365861672e-05,5.293000709122963e-06,2024-04-15,250,53229,232,0.01,2.637570978501929e-05,1.127549901629962e-05,0.005135728749166888,0.0033579009836949662,0.14655172413793102,0.06896551724137931,1.0
2024-04-22,2022-08-05,2.6442455486099347e-05,1.281648174838987e-05,1.3427398232359697e-05,5.8359989395232675e-06,2024-04-17,250,53254,223,100.0,2.0431016485493138e-05,9.592312558644306e-06,0.004520068194783474,0.0030971458730005446,0.15695067264573992,0.08071748878923767,1.0
2024-04-24,2022-08-08,2.4901621050195467e-05,1.2000092150006796e-05,1.5174731236273414e-05,1.103403380706422e-05,2024-04-19,250,53280,207,100.0,2.0625548716538918e-05,1.1575399834993394e-05,0.004541535942447106,0.0034022639278858706,0.28019323671497587,0.1497584541062802,1.0
2024-04-26,2022-08-10,2.322692732692327e-05,9.963520233692756e-06,8.366846982472672e-06,7.514720972650679e-06,2024-04-22,250,53275,222,100.0,1.59976990512446e-05,8.772212485077693e-06,0.003999712371064275,0.0029617921069983446,0.16666666666666666,0.1036036036036036,1.0
2024-04-29,2022-08-12,2.798732170893171e-05,1.4240608082812437e-05,8.73681584853781e-06,7.887519988790767e-06,2024-04-24,250,53287,212,100.0,1.9360915780925005e-05,1.1393705399170652e-05,0.004400104064783582,0.0033754563245834853,0.16981132075471697,0.09905660377358491,1.0
2024-05-01,2022-08-15,2.9311405185818207e-05,1.7414441796955535e-05,1.0995226869745196e-05,7.805904807422534e-06,2024-04-26,250,53308,212,100.0,2.1276477905654104e-05,1.3199376042113227e-05,0.004612643266680625,0.003633094554524177,0.1792452830188679,0.1320754716981132,1.0
2024-05-03,2022-08-17,6.744586422179335e-06,1.003796653559791e-05,6.366752081164149e-06,9.757282773718156e-06,2024-04-29,250,53328,200,0.01,6.555669251671742e-06,9.897624654658032e-06,0.002560404118820258,0.003146049054712598,0.2,0.2,1.0
2024-05-06,2022-08-19,9.19847124863093e-06,1.1063028342907347e-05,4.300695230389406e-06,9.421234938946747e-06,2024-05-01,250,53317,185,0.01,6.89519279680924e-06,1.0290941715098847e-05,0.002625869912392699,0.0032079497681695153,0.12972972972972974,0.0972972972972973,1.0
2024-05-08,2022-08-22,1.457293077713639e-05,1.9940424329125638e-05,4.408829275451387e-06,1.0732202102343565e-05,2024-05-03,250,53295,197,100.0,9.981027053024891e-06,1.578036454139161e-05,0.0031592763495814813,0.003972450697163101,0.14213197969543148,0.12690355329949238,1.0
2024-05-10,2022-08-24,1.8572727100214277e-05,2.166251969973831e-05,3.2269111130541774e-06,1.0363039248118848e-05,2024-05-06,250,53258,189,100.0,1.0940416503425653e-05,1.6042672279356143e-05,0.003307630043312833,0.004005330483163174,0.26455026455026454,0.2275132275132275,1.0
2024-05-13,2022-08-26,1.4923811837233902e-05,1.3623994108763708e-05,3.0546201136903703e-06,7.66879549147898e-06,2024-05-08,250,53232,187,100.0,9.020951782209578e-06,1.0662317791076649e-05,0.003003489933761986,0.0032653204729515676,0.2727272727272727,0.23529411764705882,1.0
2024-05-15,2022-08-29,2.7001663799731054e-05,2.303943525783419e-05,6.068839950160013e-06,1.740084032619281e-05,2024-05-10,250,53204,196,100.0,1.7710053213441867e-05,2.0536589548381127e-05,0.0042083314048969415,0.004531731407352065,0.23469387755102042,0.12755102040816327,1.0
2024-05-17,2022-08-31,2.853494949368528e-05,2.432778073112432e-05,4.739927648877627e-06,1.5332189481566852e-05,2024-05-13,250,53163,204,100.0,1.7104007627061998e-05,2.0006369248493775e-05,0.0041356991702808845,0.0044728480019439265,0.22549019607843138,0.15196078431372548,1.0
2024-05-20,2022-09-02,2.3479624667439347e-05,2.3702514973615066e-05,5.029224765867754e-06,1.3963915347581531e-05,2024-05-15,250,53124,196,100.0,1.5289906343782573e-05,1.9379769221243033e-05,0.003910230983430848,0.004402245929209661,0.22448979591836735,0.15816326530612246,1.0
2024-05-22,2022-09-07,2.636370530709156e-05,2.8204699190524474e-05,5.8174961958807945e-06,1.432399211673456e-05,2024-05-17,250,53084,185,0.01,1.6479312815752328e-05,2.152695362529581e-05,0.00405947198730972,0.00463971482154839,0.2756756756756757,0.22162162162162163,1.0
2024-05-24,2022-09-09,2.1862424035279957e-05,1.8607453715735006e-05,4.161221420719171e-06,1.2412786510479016e-05,2024-05-20,250,53058,214,100.0,1.3259970428203688e-05,1.5596961242152655e-05,0.0036414242307377053,0.003949298829178751,0.2102803738317757,0.14018691588785046,1.0
2024-05-29,2022-09-12,1.150948618146488e-05,8.215511744811483e-06,5.773094568225563e-06,9.288320024911348e-06,2024-05-22,250,53020,210,100.0,8.96908418131604e-06,8.690612554569996e-06,0.002994842930992549,0.002947984490218698,0.3238095238095238,0.21904761904761905,1.0
2024-05-31,2022-09-14,8.250100007726076e-06,8.77368645054986e-06,4.2741491261037946e-06,9.732414144079571e-06,2024-05-24,250,53015,209,100.0,6.290660099558158e-06,9.246169476547756e-06,0.002508118836809404,0.003040751465764303,0.33014354066985646,0.23444976076555024,1.0
2024-06-03,2022-09-16,6.4886735281810405e-06,4.84210278645104e-06,4.342863465015445e-06,9.018488267637755e-06,2024-05-29,250,53003,204,100.0,5.531473941180703e-06,6.705098270705899e-06,0.0023519085741543406,0.002589420450739103,0.28431372549019607,0.12254901960784313,1.0
2024-06-05,2022-09-19,6.862568800590798e-06,7.927510913484053e-06,3.7011687201879264e-06,1.0583429444195406e-05,2024-05-31,250,52958,203,100.0,5.538829850668412e-06,9.03959502732871e-06,0.002353471871654389,0.0030065919289668677,0.3054187192118227,0.12807881773399016,1.0
2024-06-07,2022-09-21,1.029202880454448e-05,7.417191374716047e-06,4.471985266191276e-06,1.1095607880547871e-05,2024-06-03,250,53044,192,100.0,7.503257942416903e-06,9.17976595042713e-06,0.0027392075391282243,0.0030298128573275165,0.34375,0.24479166666666666,1.0
2024-06-10,2022-09-23,9.191921987717461e-06,8.01134235896139e-06,5.751442626521864e-06,1.3485274368876235e-05,2024-06-05,250,52992,170,100.0,7.775254015460451e-06,1.0265314363043974e-05,0.0027884142474640405,0.0032039529277197525,0.3352941176470588,0.2647058823529412,1.0
2024-06-12,2022-09-26,1.792371138979739e-05,8.502374539030784e-06,3.436922042333237e-06,1.2389934891277157e-05,2024-06-07,250,52923,180,100.0,1.1324174020397056e-05,1.0273374255054132e-05,0.0033651410104774296,0.0032052104852964233,0.4388888888888889,0.3111111111111111,1.0
2024-06-14,2022-09-28,1.4652058728437657e-05,8.676574329178652e-06,6.967017255505508e-06,1.324505831994099e-05,2024-06-10,250,52856,184,100.0,1.143603593813453e-05,1.0588385564443326e-05,0.0033817208545553444,0.003253979957597054,0.358695652173913,0.32065217391304346,1.0
2024-06-17,2022-09-30,1.1266622667285622e-05,8.688505974043508e-06,1.0875285996871944e-05,1.4394836531502471e-05,2024-06-12,250,52782,190,1.0,1.1114207332492926e-05,1.0910971559580158e-05,0.003333797734190382,0.003303175980716159,0.2578947368421053,0.22631578947368422,1.0
2024-06-21,2022-10-03,1.5927806547494562e-05,1.528475585596302e-05,9.164732998777351e-06,1.0718492980250976e-05,2024-06-14,250,52739,201,0.01,1.2495799075011202e-05,1.2967547829482282e-05,0.003534939755499548,0.0036010481570623687,0.3333333333333333,0.32338308457711445,1.0
2024-06-24,2022-10-05,1.255173283634805e-05,1.404950495336432e-05,9.654106597674975e-06,1.0806755319934375e-05,2024-06-17,250,52697,218,0.01,1.1328881396174091e-05,1.2681005108063613e-05,0.003365840369978067,0.0035610398913889763,0.22018348623853212,0.18807339449541285,1.0
2024-06-26,2022-10-07,1.289158659505117e-05,1.0579737725869027e-05,8.179375112968605e-06,1.1987587139618809e-05,2024-06-21,250,52672,214,0.01,1.0975874450466204e-05,1.1152087721178519e-05,0.00331298573049541,0.0033394741683652114,0.2336448598130841,0.16355140186915887,1.0
2024-06-28,2022-10-10,1.25093866787358e-05,2.4095844982650624e-05,1.1794531367969002e-05,1.4018585450509163e-05,2024-06-24,250,52627,177,100.0,1.2141862196929142e-05,1.8914881042397105e-05,0.0034845174984392234,0.004349124169576802,0.3389830508474576,0.3333333333333333,1.0
2024-07-01,2022-10-12,1.2121096991053479e-05,1.1286214507980861e-05,1.1441933091270255e-05,1.6269765489838254e-05,2024-06-26,250,52581,191,100.0,1.1840186268106488e-05,1.3347473814612976e-05,0.0034409571732450387,0.003653419468746092,0.24607329842931938,0.18324607329842932,1.0
2024-07-03,2022-10-14,1.2891981662792992e-05,1.4852208697619175e-05,8.803943623376974e-06,1.2655452905909267e-05,2024-06-28,250,52501,194,100.0,1.1037613892336242e-05,1.3855742152926022e-05,0.0033222904587552607,0.0037223302047139804,0.28350515463917525,0.15463917525773196,1.0
2024-07-05,2022-10-17,8.306163556397936e-06,7.691923207726058e-06,6.76041435815266e-06,1.011056516059557e-05,2024-07-01,250,52423,212,100.0,7.598910385502691e-06,8.798565988048429e-06,0.0027566121209743476,0.0029662376823256136,0.2971698113207547,0.2641509433962264,1.0
2024-07-08,2022-10-19,7.095372645654935e-06,5.039990900096767e-06,8.227418353129451e-06,1.091348869418235e-05,2024-07-03,250,52374,206,100.0,7.611937191784082e-06,7.72013067021349e-06,0.0027589739382212516,0.0027785123124099143,0.2961165048543689,0.2621359223300971,1.0
2024-07-10,2022-10-24,7.076404382975739e-06,5.172053080284158e-06,8.051698643004478e-06,9.977379169982907e-06,2024-07-05,250,52343,187,100.0,7.524935433042431e-06,7.381989142926361e-06,0.0027431615761822035,0.002716981623590112,0.31016042780748665,0.20855614973262032,1.0
2024-07-12,2022-10-26,6.147174609308034e-06,1.058019569991403e-05,6.497119382886895e-06,8.636444614915177e-06,2024-07-08,250,52308,210,100.0,6.305482959260377e-06,9.70087973289074e-06,0.002511072073688921,0.0031146235298813787,0.319047619047619,0.36666666666666664,1.0
2024-07-15,2022-10-28,4.6999179355294905e-06,6.170106461541538e-06,7.72778388672586e-06,7.952513407710318e-06,2024-07-10,250,52252,208,100.0,5.937267002124159e-06,6.898493915504741e-06,0.0024366507755778544,0.0026264984133832522,0.2692307692307692,0.2692307692307692,1.0
2024-07-17,2022-10-31,6.726902988122125e-06,1.9060093893161618e-05,1.5203794575840814e-05,8.087633686770636e-06,2024-07-12,250,52220,243,100.0,1.0633947670527446e-05,1.4002828283631617e-05,0.003260973423768959,0.0037420353129856507,0.16872427983539096,0.13991769547325103,1.0
2024-07-19,2022-11-02,9.862765351954654e-06,1.5226448065610312e-05,1.7097793813688423e-05,6.73989417667068e-06,2024-07-15,250,52187,246,100.0,1.3215583419587375e-05,1.129365480000414e-05,0.003635324389870507,0.003360603338688477,0.22764227642276422,0.23577235772357724,1.0
2024-07-22,2022-11-04,7.116316044875162e-06,1.3717242987539448e-05,1.580241276003367e-05,8.348953903196e-06,2024-07-17,250,52197,225,1.0,1.0860988850965718e-05,1.1402913915622495e-05,0.003295601439944721,0.003376820089318129,0.20444444444444446,0.20444444444444446,1.0
2024-07-24,2022-11-07,8.363593002954981e-06,2.0238603350682216e-05,3.116402740471426e-05,1.0991115839390313e-05,2024-07-19,250,52223,220,0.01,1.7691043440038327e-05,1.6455540277880984e-05,0.004206072210511646,0.00405654289733031,0.2590909090909091,0.2772727272727273,1.0
2024-07-26,2022-11-09,7.062149435840196e-06,2.3182721507672607e-05,1.4834365396340696e-05,5.746806263984931e-06,2024-07-22,250,52202,238,0.01,1.0425755502779489e-05,1.563692625515231e-05,0.0032288938512715915,0.00395435535266525,0.2184873949579832,0.21428571428571427,1.0
2024-07-29,2022-11-11,6.697662939391338e-06,2.308761297279956e-05,1.623702953927813e-05,5.568116969004556e-06,2024-07-24,250,52174,231,0.01,1.0496891195623306e-05,1.611015136089852e-05,0.003239890614762064,0.004013745303441478,0.19480519480519481,0.1774891774891775,1.0
2024-08-12,2022-11-14,9.658887762747847e-06,1.3058772780812002e-05,1.1539503180639192e-05,4.450233092288052e-06,2024-07-26,250,52164,207,100.0,1.0549227429189158e-05,8.983232251945593e-06,0.0032479574241650946,0.0029972040724557934,0.2995169082125604,0.22705314009661837,1.0
2024-08-14,2022-11-16,1.853307155192713e-05,1.3900356993860999e-05,8.431474330538264e-06,9.345535211182512e-06,2024-07-29,250,52157,215,0.01,1.4163543451512415e-05,1.193013175763263e-05,0.0037634483458010176,0.0034540022810694015,0.26976744186046514,0.11162790697674418,1.0
2024-08-16,2022-11-18,2.049573389886809e-05,1.316451731441061e-05,6.191968974414273e-06,9.128336523680433e-06,2024-08-12,250,52136,236,0.01,1.3949943170728211e-05,1.1317451528822224e-05,0.0037349622716606134,0.003364142019716502,0.2288135593220339,0.1440677966101695,1.0
2024-08-19,2022-11-21,2.083116951843449e-05,1.3776961489007083e-05,5.59831647470609e-06,9.574030154639977e-06,2024-08-14,250,52137,231,100.0,1.397308849441824e-05,1.1884732663144834e-05,0.003738059455709371,0.003447424061983793,0.3246753246753247,0.2077922077922078,1.0
2024-08-21,2022-11-23,1.7993468624293103e-05,1.2198806223908757e-05,6.560126062069221e-06,8.49492879027584e-06,2024-08-16,250,52142,231,0.01,1.2994474690160585e-05,1.0579361978034623e-05,0.0036047849714179324,0.003252593115966801,0.2554112554112554,0.15584415584415584,1.0
2024-08-23,2022-11-25,1.7264528874058442e-05,1.0338431038983964e-05,5.30215386344627e-06,8.00281973419481e-06,2024-08-19,250,52153,237,0.01,1.1510475071485499e-05,9.214972436680322e-06,0.0033927091050494585,0.003035617307349581,0.2109704641350211,0.10970464135021098,1.0
2024-08-26,2022-11-28,1.2725974631325152e-05,1.0063403279157437e-05,5.363398379350126e-06,8.33620766554402e-06,2024-08-21,250,52156,221,0.01,9.427806989037697e-06,9.289682167176766e-06,0.0030704734144815027,0.003047897991596301,0.26244343891402716,0.13574660633484162,1.0
2024-08-28,2022-11-30,1.2432621110540298e-05,1.177098577276694e-05,6.087331629263486e-06,7.344840425012989e-06,2024-08-23,250,52164,217,100.0,9.62548843679572e-06,9.81287538850713e-06,0.0031024971292163543,0.003132550939491189,0.391705069124424,0.2073732718894009,1.0
2024-08-30,2022-12-02,1.2764423259805265e-05,1.248293054041625e-05,5.0454086627431624e-06,1.04353193428211e-05,2024-08-26,250,52153,226,100.0,9.178155416037474e-06,1.1531606753922925e-05,0.0030295470645027903,0.003395821955568773,0.2920353982300885,0.15486725663716813,1.0
2024-09-04,2022-12-05,7.615712922119737e-06,8.609236657896178e-06,8.016001262886438e-06,3.969077347602606e-06,2024-08-28,250,52156,230,100.0,7.782789794787578e-06,6.672474510991035e-06,0.0027897651863172247,0.0025831133368458756,0.2217391304347826,0.12608695652173912,1.0
2024-09-06,2022-12-07,8.414828916456961e-06,1.3315933063608831e-05,1.0255867400702931e-05,3.6303857262256353e-06,2024-08-30,250,52156,230,100.0,9.359361704026634e-06,8.346826168777453e-06,0.003059307389594356,0.0028890874283720547,0.3391304347826087,0.3217391304347826,1.0
2024-09-09,2022-12-09,1.4431196603563258e-05,1.3170068614707584e-05,6.564427820666519e-06,3.3327625531738557e-06,2024-09-04,250,52167,192,100.0,1.0620730474347648e-05,8.405123491152185e-06,0.0032589462214568142,0.002899159100696646,0.3697916666666667,0.3020833333333333,1.0
2024-09-11,2022-12-12,1.6742781048602882e-05,1.6759071481346717e-05,5.2565163030269085e-06,5.236438182308431e-06,2024-09-06,250,52200,215,100.0,1.193457720161759e-05,1.1935643588726038e-05,0.003454645741840629,0.0034548000794150215,0.34418604651162793,0.20930232558139536,1.0
2024-09-12,2022-12-14,9.429319741456164e-06,4.4861667735967195e-06,7.214614041544012e-06,1.0592323246601428e-05,2024-09-09,250,52194,141,100.0,8.486891784046739e-06,7.0845312301944674e-06,0.002913227039563985,0.002661678273231847,0.3546099290780142,0.3262411347517731,1.0
2024-09-13,2022-12-16,1.0685593143750946e-05,8.95186484791309e-06,9.681310860664458e-06,9.237442877498524e-06,2024-09-11,250,52192,186,1.0,1.0221247572001278e-05,9.083906302452591e-06,0.0031970685904436393,0.0030139519409659787,0.1935483870967742,0.12365591397849462,1.0
2024-09-16,2022-12-19,1.7879897970441263e-05,1.5153020902609449e-05,9.60630167512972e-06,8.489446754295555e-06,2024-09-12,250,52091,176,1.0,1.383711796250494e-05,1.189695626195607e-05,0.003719827679141191,0.0034491964661288966,0.1590909090909091,0.14204545454545456,1.0
2024-09-17,2022-12-21,1.2615124260797798e-05,1.0331405602226837e-05,9.61328519369352e-06,7.609398002842764e-06,2024-09-13,250,52045,193,1.0,1.1184195793577106e-05,9.033868300966035e-06,0.0033442780676219354,0.0030056394163249247,0.17616580310880828,0.08290155440414508,1.0
2024-09-18,2022-12-23,1.232835121057034e-05,1.0263297494290656e-05,9.503065855025899e-06,6.419743257057411e-06,2024-09-16,250,52001,183,1.0,1.1000621480642351e-05,8.45703703307722e-06,0.003316718480764135,0.002908098525338717,0.26229508196721313,0.15300546448087432,1.0
2024-09-19,2022-12-28,7.617423607228136e-06,5.58379925487662e-06,1.0612160769180459e-05,1.2646561171175858e-05,2024-09-17,250,51965,175,1.0,8.95222074226974e-06,8.731773137569993e-06,0.0029920261934464646,0.00295495738337628,0.32,0.22285714285714286,1.0
2024-09-20,2022-12-30,7.895532392168974e-06,5.830918507521429e-06,8.124301673051869e-06,8.511291430139963e-06,2024-09-18,250,51937,188,1.0,8.012350748364495e-06,7.1996195743904675e-06,0.0028306096071985085,0.0026832106839364046,0.3191489361702128,0.26063829787234044,1.0
2024-09-23,2023-01-04,5.645781041206255e-06,4.737583231477762e-06,9.276194255231933e-06,9.88822490680063e-06,2024-09-19,250,51873,180,1.0,7.319804912118094e-06,7.112601337321085e-06,0.0027055137981755136,0.002666946069443678,0.2111111111111111,0.11666666666666667,1.0
2024-09-24,2023-01-06,5.732798683456117e-06,3.6124685335637456e-06,9.68979257762132e-06,1.091835490177896e-05,2024-09-20,250,51839,181,0.01,7.591055484583422e-06,7.043409645709012e-06,0.0027551870144480978,0.002653942283793868,0.23204419889502761,0.16022099447513813,1.0
2024-09-25,2023-01-09,6.704174572731263e-06,4.914812474386222e-06,1.0845950583987705e-05,1.1212282658188051e-05,2024-09-23,250,51784,181,0.01,8.603442025406868e-06,7.802602669168276e-06,0.002933162461475134,0.0027933139224169336,0.2154696132596685,0.16574585635359115,1.0
2024-09-26,2023-01-11,8.716167864379406e-06,7.122550461652434e-06,9.54960892816906e-06,9.988527486573879e-06,2024-09-24,250,51717,177,0.01,9.135242749561774e-06,8.563634954409546e-06,0.0030224564098695907,0.0029263689026521496,0.2542372881355932,0.1807909604519774,1.0
2024-09-27,2023-01-13,1.0451522333738164e-05,7.655287081596787e-06,7.516210512889002e-06,6.460516923337877e-06,2024-09-25,250,51672,195,0.01,9.006445745012422e-06,7.067092542146247e-06,0.0030010740985541196,0.0026584003728081004,0.21025641025641026,0.1076923076923077,1.0
2024-09-30,2023-01-20,7.847262022578445e-06,5.881390313762045e-06,9.002953848939322e-06,7.661526818500987e-06,2024-09-26,250,51667,188,0.01,8.418960638810156e-06,6.761989754936096e-06,0.0029015445264221184,0.002600382617026982,0.2553191489361702,0.16489361702127658,1.0
2024-10-01,2023-01-23,1.350806895979338e-05,1.1343169780190205e-05,1.3570705322063283e-05,8.399498803205251e-06,2024-09-27,250,51646,192,0.01,1.3537103523553908e-05,9.978655629400305e-06,0.003679280299671922,0.003158901016081432,0.140625,0.0625,1.0
2024-10-02,2023-01-25,9.995348647025082e-06,9.722272545562327e-06,1.2145704194013209e-05,8.03612243839923e-06,2024-09-30,250,51599,195,0.01,1.1020902830973264e-05,8.918108648299926e-06,0.0033197745150797915,0.002986320252133037,0.13333333333333333,0.06666666666666667,1.0
2024-10-03,2023-01-27,1.0183834457959193e-05,9.90578012520538e-06,1.2073061872365473e-05,6.936848402084187e-06,2024-10-01,250,51593,196,0.01,1.1099531419023461e-05,8.466757096141535e-06,0.0033315959267329314,0.002909769251356804,0.15306122448979592,0.08673469387755102,1.0
2024-10-04,2023-01-30,8.36926206350003e-06,7.764418950251012e-06,9.920702575371145e-06,7.214173454684345e-06,2024-10-02,250,51566,186,0.01,9.16166447547721e-06,7.483379584235779e-06,0.0030268241566825797,0.002735576645651841,0.1989247311827957,0.1774193548387097,1.0
2024-10-07,2023-02-01,2.0074733054843564e-05,1.6594114257700456e-05,1.2852133803507187e-05,7.074206294261415e-06,2024-10-03,250,51546,191,0.01,1.6444526101292295e-05,1.1809239050945756e-05,0.004055185088413634,0.0034364573401900037,0.2198952879581152,0.17801047120418848,1.0
2024-10-08,2023-02-03,1.578637367700426e-05,1.4489248218700386e-05,1.1320204028655882e-05,6.5288097496052836e-06,2024-10-04,250,51518,181,0.01,1.3516276397180777e-05,1.0443058499602323e-05,0.003676448884070167,0.003231572140553623,0.23204419889502761,0.15469613259668508,1.0
2024-10-09,2023-02-06,9.808772366224985e-06,9.110848962179887e-06,8.744078346273135e-06,5.741145308480658e-06,2024-10-07,250,51480,188,0.01,9.282088622312634e-06,7.443921090935056e-06,0.0030466520349906445,0.0027283550155606687,0.26063829787234044,0.14893617021276595,1.0
2024-10-10,2023-02-08,1.2175011469994404e-05,1.0683235975667045e-05,9.445816189308214e-06,6.252946137868158e-06,2024-10-08,250,51432,173,0.01,1.0755198896227023e-05,8.378460915540457e-06,0.0032795119905600317,0.0028945571190668283,0.27167630057803466,0.17341040462427745,1.0
2024-10-11,2023-02-10,8.917776150931126e-06,7.381873902986935e-06,7.405318248942083e-06,5.256003500925581e-06,2024-10-09,250,51381,182,0.01,8.153236991683918e-06,6.307258095351526e-06,0.0028553873628080514,0.002511425510611757,0.2802197802197802,0.25824175824175827,1.0
2024-10-14,2023-02-13,8.391095436877124e-06,6.245056490340102e-06,7.169660136205028e-06,5.612420106612683e-06,2024-10-10,250,51323,174,0.01,7.73825932789721e-06,5.906923250761655e-06,0.0027817726952246136,0.0024304162710864275,0.25862068965517243,0.1839080459770115,1.0
2024-10-15,2023-02-15,9.821016189537468e-06,8.32209661603886e-06,1.4035812892823464e-05,8.34435002261069e-06,2024-10-11,250,51274,187,0.01,1.1714293853045617e-05,8.332092798670055e-06,0.0034226150605999525,0.0028865364710445036,0.1657754010695187,0.13903743315508021,1.0
2024-10-16,2023-02-17,7.809973369597769e-06,5.94966425423431e-06,1.1401715031253096e-05,7.577325506168484e-06,2024-10-14,250,51239,196,0.01,9.532543350187568e-06,6.730277303631312e-06,0.0030874817165754305,0.0025942778000112693,0.14795918367346939,0.08673469387755102,1.0
2024-10-17,2023-02-22,7.563024948445707e-06,5.1923053835933635e-06,1.1802152174298475e-05,9.088506646488674e-06,2024-10-15,250,51212,193,100.0,9.693570756257718e-06,7.150499800696188e-06,0.003113449976514432,0.0026740418472223255,0.11917098445595854,0.10362694300518134,1.0
2024-10-18,2023-02-24,6.4379359457396115e-06,3.3228675423653035e-06,9.318911228506538e-06,7.736340950839629e-06,2024-10-16,250,51187,203,100.0,7.81455960302233e-06,5.431768629173233e-06,0.0027954533805846825,0.0023306155043621487,0.11822660098522167,0.059113300492610835,1.0
2024-10-21,2023-02-27,7.26101296233178e-06,3.993904688717728e-06,9.294871851882342e-06,6.7774995750846065e-06,2024-10-17,250,51152,194,100.0,8.236007172270966e-06,5.328308422903912e-06,0.0028698444508842226,0.002308312895364039,0.12886597938144329,0.07731958762886598,1.0
2024-10-22,2023-03-01,7.998205652047014e-06,4.7224477601059565e-06,1.0333378835571915e-05,7.645063446051896e-06,2024-10-18,250,51132,186,1.0,9.040245298458664e-06,6.026625727490436e-06,0.0030067000679247446,0.002454918680423129,0.15591397849462366,0.08602150537634409,1.0
2024-10-23,2023-03-03,1.5094969982719384e-05,1.1563133671936688e-05,1.1420136351299513e-05,6.458963281581595e-06,2024-10-21,250,51136,194,100.0,1.3314380491206662e-05,9.089978946713086e-06,0.003648887569000539,0.003014959194867003,0.15463917525773196,0.11855670103092783,1.0
2024-10-24,2023-03-06,1.3799911311753165e-05,1.1754487220560917e-05,1.2967061049719177e-05,7.54454150694097e-06,2024-10-22,250,51108,192,100.0,1.3409512751424736e-05,9.781075167301567e-06,0.003661900155851431,0.003127471049794317,0.1875,0.125,1.0
2024-10-25,2023-03-08,1.4880518464219892e-05,1.316294269655849e-05,1.1934229003547395e-05,5.074797927628989e-06,2024-10-23,250,51113,199,100.0,1.3444387420575508e-05,9.220480170999888e-06,0.0036666588906762937,0.0030365243570569115,0.1708542713567839,0.12562814070351758,1.0
2024-10-28,2023-03-10,1.855967330504631e-05,1.357848817784099e-05,,,2024-10-24,250,51105,95,1.0,1.855967330504631e-05,1.357848817784099e-05,0.0043080939294595595,0.003684900022774158,0.29473684210526313,0.24210526315789474,1.0
2024-10-29,2023-03-13,1.382424462842525e-05,1.0613243127450084e-05,1.759908336721592e-05,8.560282830592313e-06,2024-10-25,250,51091,184,1.0,1.5506509718538486e-05,9.698336908198252e-06,0.003937830585301822,0.0031142152957363517,0.20108695652173914,0.14130434782608695,1.0
2024-10-30,2023-03-15,4.221728738415774e-05,2.4885742776639444e-05,1.7094283396344345e-05,5.256977083311049e-06,2024-10-28,250,50966,201,0.01,2.996826056422882e-05,1.5315498806757937e-05,0.005474327407474714,0.003913502115338375,0.19900497512437812,0.13930348258706468,1.0
2024-10-31,2023-03-17,6.247335869411896e-05,4.040321351458696e-05,3.1944699427611576e-05,1.1496622104808399e-05,2024-10-29,250,50939,191,0.01,4.6809439279890036e-05,2.557155928339168e-05,0.00684174241548818,0.0050568329301442895,0.225130890052356,0.18848167539267016,1.0
2024-11-01,2023-03-20,1.4122549992430362e-05,5.891158402898024e-06,2.0531164610084837e-05,6.664667417709153e-06,2024-10-30,250,50889,201,0.01,1.73109154738505e-05,6.275988758525452e-06,0.004160638830017633,0.0025051923595854775,0.19900497512437812,0.13432835820895522,1.0
2024-11-04,2023-03-22,1.129562075521776e-05,3.843299079948842e-06,2.109269692377751e-05,6.439382287913216e-06,2024-10-31,250,50872,200,0.01,1.6194158839497634e-05,5.141340683931029e-06,0.004024196670081823,0.0022674524656387017,0.15,0.09,1.0
2024-11-05,2023-03-24,9.380749505159163e-06,2.7254363873433983e-06,1.7255554073774403e-05,5.776763519357638e-06,2024-11-01,250,50857,195,0.01,1.3217192756535818e-05,4.211980374734951e-06,0.003635545730222055,0.0020523109839239643,0.17435897435897435,0.09743589743589744,1.0
2024-11-06,2023-03-27,6.28132655489489e-06,2.9659568686863494e-06,6.271048243141924e-06,6.154707815899238e-06,2024-11-04,250,50820,184,0.01,6.276075678238483e-06,4.594992678675543e-06,0.00250520970743738,0.002143593403300995,0.2391304347826087,0.16304347826086957,1.0
2024-11-07,2023-03-29,4.740224134022788e-06,4.1690299596588935e-06,5.5752429135232865e-06,7.958240991854132e-06,2024-11-05,250,50808,178,0.01,5.167115757250571e-06,6.106210880612641e-06,0.002273129067442184,0.0024710748431831524,0.21910112359550563,0.21910112359550563,1.0
2024-11-08,2023-03-31,5.980293483071395e-06,5.22938508465013e-06,4.061993468887324e-06,7.637063901982474e-06,2024-11-06,250,50774,166,100.0,4.95180733088837e-06,6.5202490288825315e-06,0.0022252656764728948,0.002553477830113771,0.24096385542168675,0.1566265060240964,1.0
2024-11-11,2023-04-03,4.537985634853164e-06,2.6952746307458146e-06,3.9908751107087175e-06,6.478610038688901e-06,2024-11-07,250,50741,177,100.0,4.26597588273615e-06,4.576254946559327e-06,0.002065423899042555,0.0021392183026889347,0.24858757062146894,0.13559322033898305,1.0
2024-11-13,2023-04-05,6.011458771169677e-06,4.859715915652771e-06,5.962788592789432e-06,1.045535600147599e-05,2024-11-08,250,50710,170,100.0,5.9908455191498096e-06,7.229634069648487e-06,0.002447620378888403,0.002688797885607709,0.2,0.10588235294117647,1.0
2024-11-14,2023-04-10,4.680795741309002e-06,4.28654552985422e-06,6.736304453102121e-06,9.672557516270752e-06,2024-11-11,250,50672,188,100.0,5.675749426272692e-06,6.893604523279242e-06,0.002382383140108386,0.0026255674669067716,0.19680851063829788,0.13297872340425532,1.0
2024-11-15,2023-04-12,5.874032287833831e-06,3.033625852186325e-06,9.065723472921142e-06,7.06752989878141e-06,2024-11-13,250,50623,178,100.0,7.5953938258584485e-06,5.2092145514735626e-06,0.002755974206312252,0.0022823703799939137,0.2752808988764045,0.2247191011235955,1.0
2024-11-18,2023-04-14,6.247440060176189e-06,3.588826502667048e-06,6.5165489688104716e-06,6.389645686135904e-06,2024-11-14,250,50597,168,0.01,6.3932073856864245e-06,5.105936893712678e-06,0.002528479263447977,0.0022596320261743233,0.2261904761904762,0.17261904761904762,1.0
2024-11-19,2023-04-17,4.694803248114436e-06,3.424232526129661e-06,9.238136076305938e-06,7.325347708638852e-06,2024-11-15,250,50577,184,0.01,6.744241426048647e-06,5.18397470084848e-06,0.0025969677368131946,0.0022768343595546163,0.20652173913043478,0.14130434782608695,1.0
2024-11-20,2023-04-19,6.225302569649752e-06,3.372108652310209e-06,8.05206992373621e-06,5.264813093961261e-06,2024-11-18,250,50540,194,0.01,7.1104372669906135e-06,4.289192247749378e-06,0.0026665403179008213,0.0020710365153104805,0.18041237113402062,0.12886597938144329,1.0
2024-11-21,2023-04-21,5.636764256004418e-06,2.530865255889754e-06,7.6139643685440634e-06,5.747019587594601e-06,2024-11-19,250,50499,195,0.01,6.6101550806393205e-06,4.1142027730367554e-06,0.002571022185948484,0.002028349765951808,0.23076923076923078,0.14871794871794872,1.0
2024-11-22,2023-04-24,7.3357378655949826e-06,4.644949244539987e-06,5.831133635882362e-06,7.665374515306644e-06,2024-11-20,250,50479,179,0.01,6.5540161149621685e-06,6.214220474603111e-06,0.0025600812711635093,0.0024928338241052314,0.2681564245810056,0.20670391061452514,1.0
2024-11-25,2023-04-26,5.93664364101711e-06,4.988401912157187e-06,5.964300331454079e-06,8.478255966993712e-06,2024-11-21,250,50460,188,0.01,5.950177766124564e-06,6.696202832609103e-06,0.002439298621760887,0.002587702230282515,0.26063829787234044,0.15425531914893617,1.0
2024-11-26,2023-04-28,7.173843732336347e-06,7.001578231142086e-06,6.2247416846945e-06,1.1940849540215198e-05,2024-11-22,250,50423,174,0.01,6.7592934126766904e-06,9.15896110177172e-06,0.0025998641142714923,0.0030263775543992724,0.2471264367816092,0.14367816091954022,1.0
2024-11-27,2023-05-01,7.254475789173455e-06,7.079364181444495e-06,4.655734834396383e-06,1.0432944699747277e-05,2024-11-25,250,50392,179,100.0,6.107545423657317e-06,8.55943603030438e-06,0.0024713448613371053,0.002925651385641218,0.25139664804469275,0.11731843575418995,1.0
2024-11-29,2023-05-03,5.415387904964631e-06,6.2962280399313175e-06,4.15723788419008e-06,9.16568810613589e-06,2024-11-26,250,50370,178,100.0,4.786312894577354e-06,7.730958073033603e-06,0.002187764359929413,0.0027804600470126527,0.3258426966292135,0.2696629213483146,1.0
2024-12-02,2023-05-05,4.64849667417098e-06,5.553374719491097e-06,6.480679808542396e-06,9.823110160016008e-06,2024-11-27,250,50347,185,100.0,5.520021624574681e-06,7.584384010119163e-06,0.0023494726269047443,0.002753976036591307,0.24324324324324326,0.11891891891891893,1.0
2024-12-03,2023-05-08,5.372363733933982e-06,6.470256374351486e-06,4.927629733394864e-06,8.613975795447686e-06,2024-11-29,250,50313,188,100.0,5.147631127278576e-06,7.5535188477777576e-06,0.0022688391585298806,0.002748366578129227,0.24468085106382978,0.11170212765957446,1.0
2024-12-04,2023-05-10,6.3019706506193e-06,6.827318379243213e-06,4.762135461554403e-06,9.011915202296701e-06,2024-12-02,250,50300,186,100.0,5.523774372274675e-06,7.93136193497992e-06,0.0023502711273967257,0.002816267376329868,0.2849462365591398,0.1881720430107527,1.0
2024-12-05,2023-05-12,6.616249917651118e-06,7.859410058869275e-06,5.2881566021351275e-06,8.803175425066612e-06,2024-12-03,250,50295,185,100.0,5.9557927012864076e-06,8.328742024762006e-06,0.002440449282670387,0.00288595599841058,0.2756756756756757,0.1837837837837838,1.0
2024-12-06,2023-05-15,8.371599240606932e-06,1.0206050918636481e-05,5.37534489309612e-06,9.466008589100817e-06,2024-12-04,250,50277,179,100.0,6.881841492403233e-06,9.838096911213718e-06,0.002623326417433262,0.0031365740723301463,0.2905027932960894,0.2122905027932961,1.0
2024-12-09,2023-05-17,7.600172340751736e-06,6.065097640249874e-06,7.567892478528082e-06,8.466674789934502e-06,2024-12-05,250,50262,161,100.0,7.583130177465956e-06,7.333011042257285e-06,0.0027537483867386935,0.0027079532939578714,0.3416149068322981,0.19875776397515527,1.0
2024-12-10,2023-05-19,5.889584424363075e-06,5.82667396172643e-06,6.136555600066689e-06,7.79910198580264e-06,2024-12-06,250,50237,172,100.0,6.0145058911433926e-06,6.8243555785556755e-06,0.0024524489579078688,0.0026123467569516257,0.3023255813953488,0.19186046511627908,1.0
2024-12-11,2023-05-22,6.129707060171941e-06,5.858491089696688e-06,6.095615651634488e-06,1.0716602200903671e-05,2024-12-09,250,50172,158,100.0,6.114387503170934e-06,8.041566335871977e-06,0.002472728756489667,0.002835765564335666,0.3291139240506329,0.2721518987341772,1.0
2024-12-12,2023-05-24,8.332546803817998e-06,6.413811084414356e-06,6.93411565422314e-06,8.922729540351283e-06,2024-12-10,250,50125,164,100.0,7.5821691137914906e-06,7.760060011990267e-06,0.002753573880213039,0.0027856884269405052,0.35365853658536583,0.23170731707317074,1.0
2024-12-13,2023-05-26,7.73127679070533e-06,5.499998444084785e-06,9.054075096627803e-06,1.1558030131966534e-05,2024-12-11,250,50076,160,100.0,8.367873475430521e-06,8.415426193877876e-06,0.002892727687742232,0.0029009353998112187,0.34375,0.225,1.0
2024-12-16,2023-05-31,9.264414908587432e-06,3.934441360735061e-06,9.84767496725083e-06,1.0416343338598588e-05,2024-12-12,250,50016,164,1.0,9.531149691512767e-06,6.898725801831186e-06,0.003087256013276639,0.002626542556638134,0.2682926829268293,0.18902439024390244,1.0
2024-12-17,2023-06-02,1.7378307876699228e-05,6.2757035451281e-06,1.9298124137912783e-05,1.1549462440186696e-05,2024-12-13,250,50068,195,0.01,1.8254531708740288e-05,8.682701194667663e-06,0.004272532236126521,0.0029466423594775907,0.18461538461538463,0.07179487179487179,1.0
2024-12-18,2023-06-07,3.013813435183505e-05,1.0702556456595984e-05,6.961935104442743e-05,3.777287913183032e-05,2024-12-16,250,49998,159,0.01,4.5285016227609484e-05,2.1088026162189035e-05,0.006729414255907381,0.004592170092906951,0.29559748427672955,0.11320754716981132,1.0
2024-12-19,2023-06-09,3.35443366265655e-05,1.3177913857029053e-05,3.225870874177224e-05,1.1958304350508813e-05,2024-12-17,250,50000,177,1.0,3.283252005758392e-05,1.2502649836469825e-05,0.005729966846115596,0.003535908629542034,0.23728813559322035,0.12994350282485875,1.0
2024-12-20,2023-06-12,2.1511926387610538e-05,7.247970254066371e-06,1.6411568571758718e-05,7.018430051950772e-06,2024-12-18,250,49978,184,1.0,1.879543146395033e-05,7.1257151464178455e-06,0.004335369818591066,0.0026694035188442092,0.32608695652173914,0.2826086956521739,1.0
2024-12-23,2023-06-14,1.2880228812334042e-05,5.263542492989182e-06,1.2351340771191148e-05,7.766158158413302e-06,2024-12-19,250,50001,191,1.0,1.262270741010216e-05,6.4820935761538065e-06,0.003552844974116118,0.0025459955962557766,0.24083769633507854,0.17277486910994763,1.0
2024-12-24,2023-06-16,1.0650376929803667e-05,5.238387165946834e-06,9.755512541176856e-06,1.113921445751344e-05,2024-12-20,250,49983,178,1.0,1.025824534377619e-05,7.82414294539737e-06,0.0032028495662107187,0.002797166949861479,0.29213483146067415,0.1348314606741573,1.0
2024-12-26,2023-06-21,,,9.645341839679838e-06,1.0971918596880157e-05,2024-12-23,250,49988,85,1.0,9.645341839679838e-06,1.0971918596880157e-05,0.003105695065469216,0.003312388654261477,0.08235294117647059,0.058823529411764705,1.0
2024-12-27,2023-06-23,2.0168775762269243e-05,5.090988884966068e-06,8.173770907633407e-06,6.738386577851842e-06,2024-12-24,250,49950,183,1.0,1.4138500097643578e-05,5.91918881800154e-06,0.003760119691930508,0.002432938309534695,0.22404371584699453,0.18579234972677597,1.0
2024-12-30,2023-06-26,2.2124289621329645e-05,6.350291067409787e-06,8.407240379770423e-06,4.833791079489359e-06,2024-12-26,250,49812,182,0.01,1.5416501805402335e-05,5.608705908481665e-06,0.003926385335827641,0.0023682706577757675,0.2692307692307692,0.12637362637362637,1.0
2024-12-31,2023-06-28,2.557232719699796e-05,7.01437715879233e-06,1.23501927211583e-05,7.065784076936145e-06,2024-12-27,250,49799,177,0.01,1.9446818569772803e-05,7.03819279318664e-06,0.004409854710732861,0.0026529592520780714,0.23163841807909605,0.15254237288135594,1.0
2025-01-02,2023-06-30,2.761883782637988e-05,8.461770575572344e-06,1.0753007484946575e-05,4.8766052431579595e-06,2024-12-30,250,49778,202,0.01,1.9436405284496398e-05,6.722432939054473e-06,0.004408673869146639,0.002592765500205229,0.18316831683168316,0.0891089108910891,1.0
2025-01-03,2023-07-05,2.102929102675787e-05,6.177809406159268e-06,7.127356035500447e-06,5.355258288939193e-06,2024-12-31,250,49747,195,0.01,1.4185261492600374e-05,5.772861163835538e-06,0.0037663326316989547,0.002402677915126274,0.2153846153846154,0.1282051282051282,1.0
2025-01-06,2023-07-07,2.023639989577593e-05,5.240659117228971e-06,7.603537302491165e-06,5.967731609449007e-06,2025-01-02,250,49732,188,0.01,1.4188752909628967e-05,5.588725735844947e-06,0.003766796106723719,0.002364048589992377,0.25,0.1595744680851064,1.0
2025-01-07,2023-07-10,2.8557966819699533e-05,8.367710568804017e-06,1.0289450755179146e-05,4.901208196284421e-06,2025-01-03,250,49713,197,0.01,1.947007557948127e-05,6.643257611916096e-06,0.0044124908588552645,0.0025774517671367,0.17766497461928935,0.09137055837563451,1.0
2025-01-08,2023-07-12,2.5712905296556714e-05,7.661008836890004e-06,9.300577419639896e-06,5.050775835230879e-06,2025-01-06,250,49704,190,0.01,1.7852264050243924e-05,6.410844609779581e-06,0.0042251939659906645,0.0025319645751431005,0.2,0.11052631578947368,1.0
2025-01-10,2023-07-14,3.730893010499456e-05,1.4437453043377016e-05,1.0955697278078217e-05,3.679774139556655e-06,2025-01-07,250,49694,178,0.01,2.279984686320916e-05,8.51468600644221e-06,0.004774918519012566,0.0029179934897874964,0.2808988764044944,0.19662921348314608,1.0
2025-01-13,2023-07-17,3.69970416540086e-05,1.4988322331434863e-05,1.0079016299396999e-05,3.775349180178573e-06,2025-01-08,250,49681,191,0.01,2.360849501166252e-05,9.411189088663411e-06,0.00485885737716827,0.0030677661398260804,0.19895287958115182,0.10471204188481675,1.0
2025-01-14,2023-07-19,5.00324265405517e-05,1.977360206277175e-05,1.8508954134367275e-05,7.517099526262426e-06,2025-01-10,250,49664,186,0.01,3.528757654411059e-05,1.4040721844081907e-05,0.0059403347165046675,0.003747095120767807,0.11290322580645161,0.03763440860215054,1.0
2025-01-15,2023-07-21,2.8726936235123017e-05,7.823212317028865e-06,9.01633129054199e-06,6.775096294063652e-06,2025-01-13,250,49637,193,0.01,1.9433334940009682e-05,7.3290228968742825e-06,0.004408325639061806,0.002707216817485124,0.17098445595854922,0.10362694300518134,1.0
2025-01-16,2023-07-24,5.596883744262265e-05,2.576331444996078e-05,7.418707915019518e-06,6.454805809725045e-06,2025-01-14,250,49594,191,1.0,3.28376238980578e-05,1.6563972637073598e-05,0.005730412192683681,0.0040698860717560134,0.1256544502617801,0.041884816753926704,1.0
2025-01-17,2023-07-26,2.809311294973472e-05,1.3867114796739287e-05,6.923088620206853e-06,5.925154227299878e-06,2025-01-15,250,49575,198,1.0,1.782885872935757e-05,1.0016467247920177e-05,0.0042224233242721615,0.0031648802896666055,0.18181818181818182,0.1111111111111111,1.0
2025-01-21,2023-07-28,3.6862050197722905e-05,2.1038785088197463e-05,6.379884963702695e-06,7.979537456461391e-06,2025-01-16,250,49545,202,1.0,2.222457481306963e-05,1.4767760235334101e-05,0.0047142947312476795,0.0038428843640336227,0.11386138613861387,0.054455445544554455,1.0
2025-01-22,2023-07-31,3.7950185328746504e-05,2.755631884977371e-05,7.252767165170606e-06,9.317579866217847e-06,2025-01-17,250,49517,192,1.0,2.5159594427256543e-05,1.9956844273292103e-05,0.005015934053320134,0.0044673083924542415,0.09375,0.046875,1.0
2025-01-23,2023-08-02,3.6713622553632824e-05,2.444513722190564e-05,6.177720126826541e-06,9.295802818372724e-06,2025-01-21,250,49507,196,1.0,2.36268072278587e-05,1.7952565334677248e-05,0.0048607414277925445,0.004237046770414182,0.09183673469387756,0.04591836734693878,1.0
2025-01-24,2023-08-04,3.991495914996937e-05,2.6847481724050822e-05,5.8002786870285125e-06,8.484187873357119e-06,2025-01-22,250,49476,203,1.0,2.4622171356237267e-05,1.8615660342705366e-05,0.004962073292106563,0.004314586926080568,0.12807881773399016,0.08374384236453201,1.0
2025-01-27,2023-08-07,4.4816218047615085e-05,3.0827767099007926e-05,8.61128003583599e-06,5.446830136380009e-06,2025-01-23,250,49441,205,100.0,2.83915388520275e-05,1.931348837937672e-05,0.005328371125590587,0.0043947114102494515,0.12682926829268293,0.1024390243902439,1.0
2025-01-28,2023-08-09,3.405824543590258e-05,2.6611289874079364e-05,5.553035029021207e-06,5.5444192725370005e-06,2025-01-24,250,49438,200,100.0,2.0945848648737147e-05,1.692052939736988e-05,0.004576663484323175,0.004113457110189661,0.13,0.06,1.0
2025-01-29,2023-08-11,2.873680314899557e-05,2.9032411992114512e-05,7.348591343649681e-06,6.356649436683767e-06,2025-01-27,250,49443,167,0.01,2.1180488798603912e-05,2.102121444259108e-05,0.004602226504487139,0.004584889796122812,0.31736526946107785,0.2694610778443114,1.0
2025-01-30,2023-08-14,2.474352680667611e-05,2.3023668309399855e-05,5.530333271439758e-06,6.650607586554707e-06,2025-01-28,250,49437,193,0.01,1.5485355828557037e-05,1.5134058738287943e-05,0.003935143685884549,0.0038902517577000004,0.21761658031088082,0.17616580310880828,1.0
2025-01-31,2023-08-16,5.981244769186667e-06,3.898307189921029e-06,5.331858515666049e-06,5.030807695480556e-06,2025-01-29,250,49411,193,100.0,5.668328077075694e-06,4.444019868765775e-06,0.0023808250832590984,0.0021080844074101435,0.23834196891191708,0.20725388601036268,1.0
2025-02-03,2023-08-18,1.0916403802315827e-05,6.816277902501648e-06,7.916889749948743e-06,3.6797409685448337e-06,2025-01-30,250,49387,195,100.0,9.485866331186911e-06,5.320391057076091e-06,0.003079913364233954,0.002306597289748709,0.15384615384615385,0.11282051282051282,1.0
2025-02-04,2023-08-21,3.2071930958859173e-06,2.0289659146786773e-06,5.36678564845589e-06,5.582443484898831e-06,2025-01-31,250,49351,199,100.0,4.238154364700728e-06,3.7253496793566403e-06,0.002058677819548442,0.0019301164937269046,0.27638190954773867,0.16080402010050251,1.0
2025-02-05,2023-08-23,3.4656628441347973e-06,2.0355336860419546e-06,5.378902145332646e-06,6.79249173624059e-06,2025-02-03,250,49315,183,0.01,4.302051609685769e-06,4.11507818886103e-06,0.0020741387633631866,0.0020285655495598433,0.2677595628415301,0.1366120218579235,1.0
2025-02-06,2023-08-25,4.784637062510619e-06,2.108298298224754e-06,6.633297095299573e-06,8.725060183869327e-06,2025-02-04,250,49305,164,0.01,5.754056347997509e-06,5.578063677282275e-06,0.002398761419565837,0.0023617924712561592,0.3719512195121951,0.2865853658536585,1.0
2025-02-07,2023-08-28,3.5416949392292138e-06,2.6181595093117125e-06,5.444684814984209e-06,5.015026000637734e-06,2025-02-05,250,49277,182,100.0,4.51410185376336e-06,3.842931947187098e-06,0.002124641582423577,0.001960339752998724,0.35714285714285715,0.2692307692307692,1.0
2025-02-10,2023-08-30,4.5882507847071336e-06,2.485777834864274e-06,4.182717805452847e-06,5.780003336694805e-06,2025-02-06,250,49238,189,100.0,4.392994165066181e-06,4.0718864098197145e-06,0.0020959470806931604,0.0020178915753379105,0.25396825396825395,0.10582010582010581,1.0
2025-02-11,2023-09-01,5.495741018020358e-06,3.0568801427688464e-06,4.940374298963064e-06,7.296873207848022e-06,2025-02-07,250,49207,182,0.01,5.2546752443636205e-06,4.897316692995522e-06,0.002292307842407651,0.002212988181847233,0.2967032967032967,0.15934065934065933,1.0
2025-02-12,2023-09-06,5.114400873350045e-06,2.546612381800137e-06,8.585632316136254e-06,8.374198100034083e-06,2025-02-10,250,49188,180,1.0,6.599316546097479e-06,5.03952405015577e-06,0.0025689134952538747,0.002244888427106294,0.2833333333333333,0.14444444444444443,1.0
2025-02-13,2023-09-08,5.819981283701878e-06,1.6820663001428717e-06,5.68817906324519e-06,8.031374737088765e-06,2025-02-11,250,49172,186,1.0,5.7540801734735326e-06,4.856720518615819e-06,0.0023987663857644686,0.002203796841502369,0.3225806451612903,0.1774193548387097,1.0
2025-02-14,2023-09-11,5.71558381173382e-06,2.2655007100979593e-06,5.499420084643498e-06,8.176704913756914e-06,2025-02-12,250,49147,190,1.0,5.6131904673226155e-06,5.06554480656799e-06,0.002369217268914486,0.0022506765219746684,0.25263157894736843,0.1631578947368421,1.0
2025-02-18,2023-09-13,5.1888455410554215e-06,1.8112117252672133e-06,5.388046892076998e-06,7.285465767385093e-06,2025-02-13,250,49152,203,0.01,5.282067848183745e-06,4.373054749903659e-06,0.002298274972274585,0.0020911850109217164,0.2315270935960591,0.08866995073891626,1.0
2025-02-19,2023-09-15,6.643994501825641e-06,2.0203994742565207e-06,5.74570086328668e-06,9.208430321027203e-06,2025-02-14,250,49139,191,0.01,6.23952720908035e-06,5.256895038771068e-06,0.0024979045636453665,0.002292791974595835,0.24083769633507854,0.14136125654450263,1.0
2025-02-20,2023-09-18,7.441931155642881e-06,2.170961014854165e-06,4.876951528706634e-06,7.143182269416622e-06,2025-02-18,250,49127,199,0.01,6.2303327388991274e-06,4.519648441632411e-06,0.002496063448492271,0.0021259464813659845,0.23618090452261306,0.06532663316582915,1.0
2025-02-21,2023-09-20,6.121823471412162e-06,1.9595979094030634e-06,8.773929889383543e-06,4.403172050714172e-06,2025-02-19,250,49117,199,0.01,7.401231592644586e-06,3.1384075454124424e-06,0.0027205204635592406,0.001771555120624939,0.2613065326633166,0.20100502512562815,1.0
2025-02-24,2023-09-22,5.670045870410303e-06,2.742197588976026e-06,8.434628086919997e-06,3.4427504897565124e-06,2025-02-20,250,49098,201,0.01,6.9766892065716e-06,3.073304681384714e-06,0.002641342311509737,0.001753084333791365,0.23383084577114427,0.15920398009950248,1.0
2025-02-25,2023-09-25,6.846321266658832e-06,4.790841261090187e-06,1.203568529379915e-05,4.827943457920788e-06,2025-02-21,250,49063,192,0.01,9.143695966174076e-06,4.8072667128120675e-06,0.0030238544882606497,0.0021925479955549588,0.22395833333333334,0.17708333333333334,1.0
2025-02-26,2023-09-27,8.720926215227385e-06,6.0293359058945804e-06,8.688019769074412e-06,2.9510028657298154e-06,2025-02-24,250,49040,198,0.01,8.705968739703307e-06,4.630093614910596e-06,0.0029505878634101556,0.002151765232294312,0.21212121212121213,0.15151515151515152,1.0
2025-02-27,2023-09-29,1.0126077422502728e-05,1.1314734706431993e-05,1.52548545036694e-05,3.6888110625448826e-06,2025-02-25,250,49020,199,0.01,1.2703352337661861e-05,7.482612272317867e-06,0.0035641762495227224,0.002735436395224328,0.21608040201005024,0.19095477386934673,1.0
2025-02-28,2023-10-02,6.745985170724526e-06,5.775278751690919e-06,1.0161784744906028e-05,3.3990973066166946e-06,2025-02-26,250,49004,180,0.01,8.510814950718304e-06,4.5475850050692365e-06,0.002917330106573184,0.0021325067420923283,0.3277777777777778,0.28888888888888886,1.0
2025-03-03,2023-10-04,1.1397859747259301e-05,1.3059835785029213e-05,1.956830853251048e-05,6.68571676113171e-06,2025-02-27,250,48984,191,0.01,1.5333363874186567e-05,9.989579501267065e-06,0.003915783941203417,0.0031606296052000566,0.16230366492146597,0.13089005235602094,1.0
2025-03-04,2023-10-06,1.8705427551192568e-05,2.243147760100713e-05,2.804684861263794e-05,1.2455948737329167e-05,2025-02-28,250,48952,190,0.01,2.273698821981636e-05,1.8126249354577692e-05,0.004768331806807949,0.004257493318207052,0.16842105263157894,0.1368421052631579,1.0
2025-03-05,2023-10-09,1.1573395611433543e-05,1.3344458371177053e-05,1.2040708772568197e-05,3.32197455357866e-06,2025-03-03,250,48930,195,0.01,1.1793871564379128e-05,8.615901903387043e-06,0.0034342206633207377,0.0029352856595886954,0.2205128205128205,0.14358974358974358,1.0
2025-03-06,2023-10-11,2.0757151777953352e-05,2.613067377358078e-05,2.8094062349516106e-05,1.273604984752059e-05,2025-03-04,250,48911,187,100.0,2.4484459287570793e-05,1.9325918303122395e-05,0.004948177370261781,0.004396125373908528,0.18181818181818182,0.1497326203208556,1.0
2025-03-07,2023-10-13,1.4771935890868548e-05,1.7348573904306328e-05,1.7297272464227345e-05,6.754495214797435e-06,2025-03-05,250,48898,191,100.0,1.6054436663726156e-05,1.1968334988691862e-05,0.004006798804997096,0.0034595281453822374,0.17801047120418848,0.12041884816753927,1.0
2025-03-10,2023-10-16,5.242008656032075e-05,5.801923667226051e-05,3.417227163797838e-05,1.8373963285426362e-05,2025-03-06,250,48852,189,100.0,4.266860874467747e-05,3.6833138195698345e-05,0.0065321213051104205,0.006069031075525841,0.08994708994708994,0.031746031746031744,1.0
2025-03-11,2023-10-18,4.66514221108226e-05,8.01820180966658e-05,3.4869552040699246e-05,2.0877561616579e-05,2025-03-07,250,48827,203,100.0,4.1079700304261796e-05,5.213656084499914e-05,0.006409344764034916,0.007220565133353424,0.11330049261083744,0.07389162561576355,1.0
2025-03-12,2023-10-20,2.8441687794125284e-05,5.890744874037719e-05,1.9661388842204753e-05,1.014785543673708e-05,2025-03-10,250,48799,200,100.0,2.4402750276241838e-05,3.647803582070274e-05,0.004939913994822363,0.006039704944838178,0.135,0.105,1.0
2025-03-13,2023-10-23,4.3964373858879016e-05,8.095922746519757e-05,2.90829377944972e-05,1.5236847873313044e-05,2025-03-11,250,48760,208,100.0,3.6595201192382244e-05,4.841401064806245e-05,0.006049396762684875,0.006958017724040551,0.09615384615384616,0.07211538461538461,1.0
2025-03-14,2023-10-25,1.2461615185575597e-05,3.211912787777046e-05,1.8408132202627542e-05,9.73078118384538e-06,2025-03-12,250,48743,191,100.0,1.5232505313940115e-05,2.1686861617250395e-05,0.0039028842301482777,0.004656915461681734,0.1518324607329843,0.12041884816753927,1.0
2025-03-17,2023-10-27,8.901369053291126e-06,2.7119336635183287e-05,1.1410180520928729e-05,6.083169476904822e-06,2025-03-13,250,48745,187,100.0,1.0081986214532349e-05,1.7219963854816953e-05,0.003175214357257215,0.004149694429089563,0.18716577540106952,0.20855614973262032,1.0
2025-03-18,2023-10-30,1.3362930030474066e-05,3.387132956530666e-05,1.1985704136697593e-05,5.1508409830413225e-06,2025-03-14,250,48695,201,100.0,1.2725706109473012e-05,2.058274529590031e-05,0.0035673107671568244,0.004536821056191252,0.12437810945273632,0.0845771144278607,1.0
2025-03-19,2023-11-03,8.059886690918884e-06,2.002672039694446e-05,8.56017493031436e-06,4.001206544781135e-06,2025-03-17,250,48659,191,0.01,8.293005294616252e-06,1.2559334361119664e-05,0.0028797578534689775,0.003543915117651616,0.15706806282722513,0.14136125654450263,1.0
2025-03-20,2023-11-06,7.807980228555165e-06,2.03077052079824e-05,1.0051254254208691e-05,4.385138474564694e-06,2025-03-18,250,48650,184,1.0,8.856467001414966e-06,1.2865635973884996e-05,0.0029759816870093413,0.003586869941032849,0.1956521739130435,0.14130434782608695,1.0
2025-03-21,2023-11-08,6.5282242647364455e-06,1.2100214525148001e-05,9.286401918765317e-06,3.8445453253888485e-06,2025-03-19,250,48648,200,1.0,7.86594042694045e-06,8.096214963264811e-06,0.002804628393734266,0.0028453848532781663,0.23,0.175,1.0
2025-03-24,2023-11-09,4.944427977524356e-05,6.150486300510699e-05,0.00014109505081371661,0.0001267320878732855,2025-03-20,250,48733,144,1.0,9.399673791894574e-05,9.321254176047154e-05,0.009695191484387801,0.009654664248976841,0.034722222222222224,0.020833333333333332,1.0
2025-03-25,2023-11-10,8.344303450413723e-05,8.382217844886124e-05,6.825208083988186e-06,4.621915105037147e-06,2025-03-21,250,48759,160,1.0,4.51341212940627e-05,4.422204677694919e-05,0.006718193305797527,0.0066499659229915745,0.1125,0.06875,1.0
2025-03-26,2023-11-13,5.415242508919394e-05,4.685445527561346e-05,8.528185836099548e-05,6.853193806202888e-05,2025-03-24,250,48701,137,0.01,6.664964282604858e-05,5.555709435045177e-05,0.008163923249642208,0.007453663149784257,0.0072992700729927005,0.0072992700729927005,1.0
2025-03-27,2023-11-16,4.1053514410469375e-05,4.168268295725572e-05,1.6875566941789312e-05,1.1079689392033179e-05,2025-03-25,250,48667,172,100.0,2.882397121410213e-05,2.6203261793451297e-05,0.005368796067471936,0.005118912168952628,0.06395348837209303,0.03488372093023256,1.0
2025-03-28,2023-11-17,0.0002903751818828467,0.00029104890037749123,0.00021217356465183103,0.0001869832561066068,2025-03-26,250,48610,156,0.01,0.00025277825052178143,0.00024101734063187373,0.015899001557386598,0.015524733190360268,0.02564102564102564,0.02564102564102564,1.0
2025-03-31,2023-11-20,0.00012790637900059738,0.00014097702009948997,2.9789213149231086e-05,1.9927919491640147e-05,2025-03-27,250,48579,164,0.01,7.884779607491424e-05,8.045246979556506e-05,0.00887962814958567,0.008969530076629715,0.012195121951219513,0.006097560975609756,1.0
2025-04-01,2023-11-21,8.15128465890684e-06,1.5379712081908615e-05,1.2512939111258789e-05,4.633424312519245e-06,2025-03-28,250,48527,199,0.01,1.023348150801958e-05,1.0249574704561929e-05,0.0031989813234871473,0.003201495698038954,0.21105527638190955,0.11055276381909548,1.0
2025-04-02,2023-11-22,7.907415802286415e-06,1.4377228614978986e-05,1.0084523309646546e-05,3.5522912644287087e-06,2025-03-31,250,48487,204,100.0,8.974625364717852e-06,9.07088677647395e-06,0.0029957679090206325,0.003011791290324406,0.22058823529411764,0.1568627450980392,1.0
2025-04-03,2023-11-24,9.679099428075448e-05,0.0001343136426793217,5.8642176759346484e-05,3.717403933083944e-05,2025-04-01,250,48488,200,100.0,7.809807369526457e-05,8.67152370385654e-05,0.00883731145175186,0.009312101644557227,0.13,0.12,1.0
2025-04-04,2023-11-27,0.00023867132990524817,0.00023867132990524817,0.00019625938142263936,0.00017823234156577714,2025-04-02,250,48492,183,100.0,0.000212946049678092,0.0002020116156665527,0.01459267109469997,0.014213079035400904,0.1092896174863388,0.08743169398907104,0.6065573770491803
2025-04-07,2023-11-29,0.00030718199308430794,0.00030718199308430794,0.00025418765011897863,0.000265215322045964,2025-04-03,250,48498,200,100.0,0.0002809497933164699,0.00028640849092032765,0.01676155700752379,0.01692360750313974,0.03,0.03,0.495
2025-04-08,2023-12-01,0.0005345197740024563,0.0005345197740024563,0.000275767236053203,0.0002784062451606604,2025-04-04,250,48480,185,100.0,0.0003862615630693707,0.0003877736439633733,0.019653538181950106,0.01969196902199913,0.07567567567567568,0.07567567567567568,0.572972972972973
2025-04-09,2023-12-04,3.0009878641902007e-05,9.839583315041583e-05,3.188361047131818e-05,2.433041134250024e-05,2025-04-07,250,48467,169,100.0,3.0885765118374656e-05,6.377353538221858e-05,0.00555749629944768,0.007985833418136055,0.20118343195266272,0.24260355029585798,1.0
2025-04-10,2023-12-06,6.459116905161065e-05,6.459116905161065e-05,7.07932670623271e-05,7.691919482038105e-05,2025-04-08,250,48457,193,100.0,6.77082856683956e-05,7.078711982658851e-05,0.008228504461224749,0.008413508175938769,0.17098445595854922,0.16062176165803108,0.5025906735751295
2025-04-11,2023-12-08,3.452944285437731e-05,3.452944285437731e-05,3.344346469025276e-05,2.67514540958671e-05,2025-04-09,250,48432,208,100.0,3.3960348527985125e-05,3.0453477591504164e-05,0.005827550817280372,0.005518466960262077,0.16346153846153846,0.16346153846153846,0.5240384615384616
2025-04-14,2023-12-11,7.14675506720295e-05,4.677141926905031e-05,3.1506972524415606e-05,7.654605878488275e-06,2025-04-10,250,48452,210,100.0,5.129697313085296e-05,2.702674203381423e-05,0.007162190526008992,0.005198725039258591,0.19047619047619047,0.12380952380952381,1.0
2025-04-15,2023-12-13,0.00017957357189149448,4.021219346750014e-05,6.236991405233949e-05,1.522492673599717e-05,2025-04-11,250,48486,212,100.0,0.00012041889552927945,2.760069563603402e-05,0.010973554370817117,0.00525363642023637,0.08018867924528301,0.07075471698113207,1.0
2025-04-16,2023-12-15,0.0001194249254308424,5.7006976252758696e-05,3.6494311081096626e-05,8.668078254312062e-06,2025-04-14,250,48517,213,100.0,7.77649454523316e-05,3.2724055661989734e-05,0.008818443482402754,0.005720494354685593,0.10328638497652583,0.07042253521126761,1.0
2025-04-17,2023-12-18,0.00014560459924153565,3.484979256183882e-05,4.8858609352342516e-05,9.686069376324032e-06,2025-04-15,250,48542,204,0.01,9.580886915150977e-05,2.189787621635327e-05,0.009788200506298887,0.00467951666482269,0.06862745098039216,0.06372549019607843,1.0
2025-04-21,2023-12-20,8.049325506443429e-05,5.810474884911332e-05,2.1834020295251812e-05,8.199625850371306e-06,2025-04-16,250,48548,216,0.01,5.116363767984304e-05,3.315218734974231e-05,0.007152876182336937,0.005757793618196324,0.11574074074074074,0.10185185185185185,1.0
2025-04-22,2023-12-22,0.00013446991672627854,4.24853935842102e-05,3.731380982453595e-05,7.088484234792097e-06,2025-04-17,250,48528,203,1.0,8.373815647216665e-05,2.4002278357420452e-05,0.009150855504933221,0.004899212013928409,0.21182266009852216,0.17733990147783252,1.0
2025-04-23,2023-12-27,0.00018830779885296308,3.032216269289692e-05,5.6758273337353525e-05,1.2150560518502515e-05,2025-04-21,250,48521,206,1.0,0.00012125585623578349,2.105993828361822e-05,0.01101162368753053,0.00458911083801843,0.13592233009708737,0.13106796116504854,1.0
2025-04-24,2023-12-29,0.00019872015771317728,0.00019163406828143765,7.669521083065092e-05,3.528504332646346e-05,2025-04-22,250,48521,223,100.0,0.00013962287402119139,0.00011591346426736944,0.011816212338189906,0.010766311544227644,0.10762331838565023,0.09865470852017937,1.0
2025-04-25,2024-01-03,0.0002126936504261716,0.00012580453415602324,8.200078030754432e-05,3.2275670634011775e-05,2025-04-23,250,48522,223,1.0,0.00014764024870793108,7.924980836703996e-05,0.012150730377550606,0.008902236144196577,0.18834080717488788,0.12556053811659193,1.0
2025-04-28,2024-01-05,0.00017897171270734913,0.000230597432955474,6.922203138063046e-05,2.6944102869789562e-05,2025-04-24,250,48551,229,0.01,0.00012625352517049737,0.00013277268924619324,0.011236259394055361,0.011522703209151629,0.09606986899563319,0.13973799126637554,1.0
2025-04-29,2024-01-08,0.0002053687788153081,0.0002056895095508795,8.325505138206501e-05,4.562709537643962e-05,2025-04-25,250,48575,235,0.01,0.00014665026307081246,0.00012872332741593607,0.01210992415627829,0.011345630322548681,0.11914893617021277,0.12340425531914893,1.0
2025-04-30,2024-01-10,0.00018527971068839976,0.0001320204545421403,9.34924092245822e-05,3.493412679489165e-05,2025-04-28,250,48621,216,1.0,0.000144060413271778,8.84215018037925e-05,0.012002516955696334,0.00940327080349133,0.12962962962962962,0.12037037037037036,1.0
2025-05-01,2024-01-12,0.00018993616536790246,8.51062679509638e-05,0.00010217945832356389,4.0635532066927856e-05,2025-04-29,250,48661,220,100.0,0.0001472544942145196,6.347731913463723e-05,0.012134846278981848,0.00796726547409067,0.22727272727272727,0.12727272727272726,1.0
2025-05-02,2024-01-17,0.000238719642239049,0.00011108440252026542,0.00011076590016663074,4.298574803305616e-05,2025-04-30,250,48679,231,100.0,0.00017501972735451177,7.718247496169803e-05,0.013229502158226204,0.008785355710595789,0.09956709956709957,0.13852813852813853,1.0
2025-05-05,2024-01-19,0.0001633356282333188,0.00017975324131215323,9.530521849365921e-05,3.4931175589254306e-05,2025-05-01,250,48672,229,100.0,0.000130063113426149,0.00010892323536907601,0.011404521621977356,0.010436629502338195,0.1965065502183406,0.1703056768558952,1.0
2025-05-06,2024-01-22,0.0001923475744340757,0.00019834722977788547,9.306744456587354e-05,2.14732996043168e-05,2025-05-02,250,48673,232,100.0,0.00014441923587701257,0.00011295981521133507,0.01201745546598832,0.010628255511199149,0.20689655172413793,0.16810344827586207,1.0
2025-05-07,2024-01-24,0.00017372537815772113,0.00012913544362645065,0.00010019086566735932,2.3532850512319174e-05,2025-05-05,250,48687,226,100.0,0.000137608869810685,7.726868329163384e-05,0.011730680705342082,0.008790260706693165,0.19911504424778761,0.168141592920354,1.0
2025-05-08,2024-01-26,0.00021070386660809737,7.499000247199647e-05,0.00011217691856337714,2.6068319123077703e-05,2025-05-06,250,48704,221,100.0,0.00016300077411585725,5.130393858813083e-05,0.012767175651484445,0.0071626767753494806,0.19909502262443438,0.13574660633484162,1.0
2025-05-09,2024-01-29,0.00022091415410226036,0.0001372604210369798,0.00011070074877399369,2.502108757921758e-05,2025-05-07,250,48712,220,100.0,0.00016831230155922401,8.36916482503206e-05,0.012973523097417448,0.009148313956698283,0.18636363636363637,0.1590909090909091,1.0
2025-05-12,2024-01-31,0.0002891270635754299,0.00012544091107432746,0.00014269552312815936,3.489432021225894e-05,2025-05-08,250,48719,211,100.0,0.00022111620592693462,8.338609636113925e-05,0.014869976661949898,0.00913159878450314,0.14218009478672985,0.18009478672985782,1.0
2025-05-13,2024-02-02,0.0005162324306695951,9.949212595358066e-05,0.0001690429304700736,3.798125693203828e-05,2025-05-09,250,48732,225,100.0,0.00035266759946448714,7.05136721034318e-05,0.018779446196959246,0.008397241934315802,0.09333333333333334,0.12,1.0
2025-05-14,2024-02-05,0.00044666872604325313,9.571153827401148e-05,0.00016231529060614823,3.310811521500021e-05,2025-05-12,250,48741,223,100.0,0.00032043110223933666,6.791898722987644e-05,0.017900589438321204,0.008241297666622438,0.1210762331838565,0.15695067264573992,1.0
2025-05-15,2024-02-07,0.0004686094013023433,0.00010942444016616562,0.00020313979118104263,4.0157562612453345e-05,2025-05-13,250,48762,223,100.0,0.0003448029463578802,7.712060489447916e-05,0.018568870357614117,0.008781833800208198,0.12556053811659193,0.12556053811659193,1.0
2025-05-16,2024-02-09,0.0004609931920139986,0.00011595574931738391,0.00020547080091069724,3.68460558870013e-05,2025-05-14,250,48798,216,0.01,0.0003403298406596619,7.85983940863699e-05,0.018448030807098677,0.008865573533977928,0.11574074074074074,0.14351851851851852,1.0
2025-05-19,2024-02-12,0.0004045088332741005,7.743622951309699e-05,0.00018540667762194049,3.078328684243542e-05,2025-05-15,250,48824,209,0.01,0.00030282027299534685,5.578390683819665e-05,0.01740173189643338,0.007468862486228853,0.1291866028708134,0.14354066985645933,1.0
2025-05-20,2024-02-14,0.00048568394583975146,6.04217774476809e-05,0.00019616776147615591,3.497064191960499e-05,2025-05-16,250,48841,205,0.01,0.0003472810869732521,4.825489314645437e-05,0.018635479252577653,0.006946574202184438,0.13658536585365855,0.08292682926829269,1.0
2025-05-21,2024-02-16,0.00031386977915207016,0.00012153697514173432,0.0001531233493182005,2.4934117562356858e-05,2025-05-19,250,48838,225,100.0,0.0002402836357170098,7.731433367206376e-05,0.015501084985155388,0.008792856968702707,0.18222222222222223,0.14222222222222222,1.0
2025-05-22,2024-02-21,0.00031008950486346694,5.3966885068112785e-05,0.00014964351490208248,2.3061345104060442e-05,2025-05-20,250,48823,230,0.01,0.00023405205744698472,3.932034656340972e-05,0.015298759997038476,0.006270593796715724,0.21304347826086956,0.1391304347826087,1.0
2025-05-23,2024-02-23,0.00022625689422494462,9.812793620975698e-05,0.00013015700709937325,1.694743190989281e-05,2025-05-21,250,48842,228,0.01,0.00018157887652621405,6.038612280718855e-05,0.013475120649783217,0.007770850841908404,0.16666666666666666,0.13157894736842105,1.0
2025-05-27,2024-02-26,0.00029732193670552355,6.787568760220171e-05,0.0001681772306491105,2.2013673395535664e-05,2025-05-22,250,48870,222,100.0,0.00023740344695862922,4.659736569550531e-05,0.01540790209466004,0.0068262263144072,0.23423423423423423,0.12162162162162163,1.0
2025-05-28,2024-02-28,0.0002980219348902838,6.333551852029956e-05,0.00016091186983954232,1.990339135399088e-05,2025-05-23,250,48908,217,100.0,0.0002354694167334939,4.3520861425992824e-05,0.015345012764201076,0.0065970342901938,0.24423963133640553,0.1382488479262673,1.0
2025-05-29,2024-03-01,0.0002895588002415394,6.851857434990529e-05,0.00015811553303812505,1.9131273728563044e-05,2025-05-27,250,48942,214,100.0,0.00022997937538765537,4.6132741825278185e-05,0.015165070899526166,0.006792108790742253,0.2102803738317757,0.13551401869158877,1.0
2025-05-30,2024-03-04,0.00028876619653840754,5.291017135935191e-05,0.0001842291063623842,1.8908775623418088e-05,2025-05-28,250,48856,214,100.0,0.00024040558005510707,3.7180553705812435e-05,0.015505017899219178,0.006097585891630591,0.2616822429906542,0.1542056074766355,1.0
2025-06-02,2024-03-06,0.00027679511024189144,4.2752245562525826e-05,0.00017492584892428168,1.8147924830201652e-05,2025-05-29,250,48876,212,100.0,0.00022874357188452834,3.114643389633518e-05,0.015124270953818844,0.005580899022230664,0.2641509433962264,0.16981132075471697,1.0
2025-06-03,2024-03-08,0.0003340508167393093,7.602971670033394e-05,0.0001860984675390789,2.2105961217022633e-05,2025-05-30,250,48886,211,100.0,0.00026813839576859055,5.200681141392985e-05,0.016374931931723884,0.007211574822043369,0.1990521327014218,0.14218009478672985,1.0
2025-06-04,2024-03-11,0.0003156646356455828,7.465831157075134e-05,0.00018377002709844847,2.0287535757785335e-05,2025-06-02,250,48903,210,100.0,0.00025599802701711723,5.0062008226790535e-05,0.015999938344166117,0.007075451097053144,0.21904761904761905,0.1619047619047619,1.0
2025-06-05,2024-03-13,0.00023937278253787227,4.372170455826903e-05,0.00015132255634889844,1.8256436385247385e-05,2025-06-03,250,48928,198,100.0,0.0001926794807709922,3.021739567863634e-05,0.013880903456583516,0.005497035171675395,0.42424242424242425,0.21212121212121213,1.0
2025-06-06,2024-03-15,0.0002879058264098952,4.7843601047317205e-05,0.0001675044327412321,2.4667252781953202e-05,2025-06-04,250,48946,210,100.0,0.0002322918493343699,3.713833541998241e-05,0.015241123624404137,0.006094123023042972,0.21904761904761905,0.14761904761904762,1.0
2025-06-09,2024-03-18,0.00024951658203153226,2.9912246962689943e-05,0.0001789637219775601,2.4904394868791318e-05,2025-06-05,250,48947,200,100.0,0.00021812055930751467,2.7683752780905054e-05,0.014768905149249036,0.005261535211409789,0.255,0.145,1.0
2025-06-10,2024-03-20,0.00036204345055968596,6.631864384790903e-05,0.00019561803631096674,2.5745028396929747e-05,2025-06-06,250,48958,202,100.0,0.000293660730843628,4.964730680617002e-05,0.017136532054170938,0.007046084501776148,0.12871287128712872,0.10396039603960396,1.0
2025-06-11,2024-03-22,0.0003212791141767529,6.685173590762785e-05,0.00016048651931360787,1.955434578820989e-05,2025-06-09,250,48951,208,100.0,0.00025015931260266957,4.593173643173143e-05,0.015816425405339524,0.0067772956576890924,0.18269230769230768,0.125,1.0
2025-06-12,2024-03-25,0.000248301786514049,6.025903019891169e-05,0.00015805805269632128,1.905281667425197e-05,2025-06-10,250,48934,183,100.0,0.00020490589265634388,4.044402041656165e-05,0.014314534315036025,0.0063595613383756,0.23497267759562843,0.16393442622950818,1.0
2025-06-13,2024-03-27,0.0003049452847141332,4.570830482180492e-05,0.00012925366032646,1.0552283113643953e-05,2025-06-11,250,48940,199,100.0,0.0002272525060904385,3.0161923362919665e-05,0.015074896553225116,0.005491987196172225,0.22613065326633167,0.1507537688442211,1.0
2025-06-16,2024-04-01,0.0002996232665778098,7.065049656860483e-05,0.00015823627893719625,1.5847089900715208e-05,2025-06-12,250,48924,209,100.0,0.0002346799612500638,4.547763991732538e-05,0.01531926764731473,0.006743711138336619,0.19617224880382775,0.17703349282296652,1.0
2025-06-17,2024-04-03,0.00030311111351145827,5.3469573032859444e-05,0.00013658758303063866,1.0554099846127164e-05,2025-06-13,250,48929,217,100.0,0.00022406999074867293,3.30995558059773e-05,0.014968967591276057,0.005753221341646548,0.1935483870967742,0.12903225806451613,1.0
2025-06-18,2024-04-05,0.0003136867538135558,4.3742468184989234e-05,0.00014858660997564321,1.2609205844582e-05,2025-06-16,250,48939,209,100.0,0.00023706132820457243,2.9293059347575352e-05,0.0153967960369868,0.005412306287302609,0.23444976076555024,0.15311004784688995,1.0
2025-06-20,2024-04-08,0.0003269994975964537,3.67835927201797e-05,0.0001269456451455006,1.4106168341863073e-05,2025-06-17,250,48956,213,100.0,0.0002293206212823733,2.5711047483818525e-05,0.015143335870354765,0.005070606224488205,0.19718309859154928,0.12206572769953052,1.0
2025-06-23,2024-04-10,0.0003276959905492499,3.325266575333836e-05,0.00012530409616616045,1.3089478041149174e-05,2025-06-18,250,48976,216,100.0,0.00022837404237977083,2.3357768079764043e-05,0.015112049575744874,0.004832987490131135,0.21296296296296297,0.1388888888888889,1.0
2025-06-24,2024-04-12,0.00036229519390541186,4.619475974391461e-05,0.00015591849475036351,1.7276514560531633e-05,2025-06-20,250,49007,211,100.0,0.0002644863317466212,3.2489430273117e-05,0.016263035748181248,0.005699950023738542,0.2559241706161137,0.13744075829383887,1.0
2025-06-25,2024-04-15,0.000365488376885279,3.6323726187384325e-05,0.00015596844711894818,1.7614304022952468e-05,2025-06-23,250,49017,205,100.0,0.00026532762997259404,2.7379709738046176e-05,0.016288880562291382,0.0052325624447345275,0.2780487804878049,0.18048780487804877,1.0
2025-06-26,2024-04-17,0.0003290077082440015,3.1167123294786234e-05,0.0001478154348283603,1.7310702580136032e-05,2025-06-24,250,49033,209,100.0,0.00024317978925764519,2.460355558784666e-05,0.015594222944976937,0.004960197131954199,0.24401913875598086,0.16267942583732056,1.0
2025-06-27,2024-04-19,0.00030776479469795043,3.0542585971719945e-05,0.0001492563853539548,1.778251206605003e-05,2025-06-25,250,49016,205,100.0,0.00023276325466688912,2.4504892465134666e-05,0.015256580700369567,0.004950241657246105,0.28780487804878047,0.17073170731707318,1.0
2025-06-30,2024-04-22,0.00023508851008697277,3.292215005233878e-05,0.00018067940227339512,1.706661099303775e-05,2025-06-26,250,48993,209,100.0,0.00021061742810383254,2.5790950666815823e-05,0.01451266440402425,0.005078479168689759,0.24880382775119617,0.15789473684210525,1.0
2025-07-01,2024-04-24,0.0002634024590876973,4.3521707908340616e-05,0.00017386987633134497,1.6592582483311824e-05,2025-06-27,250,48975,217,100.0,0.0002233809820030606,3.148426474600056e-05,0.014945935300377177,0.005611084097213351,0.22119815668202766,0.1336405529953917,1.0
2025-07-02,2024-04-26,0.00017531940964181847,3.312060021526661e-05,0.00013343122035881766,1.5259858549408725e-05,2025-06-30,250,48977,214,100.0,0.00015711566383191624,2.535868911748725e-05,0.012534578725745682,0.005035741168635184,0.22897196261682243,0.19626168224299065,1.0
2025-07-03,2024-04-29,0.0001645982596602335,5.157782357763153e-05,7.995092258886684e-05,1.2771951471303889e-05,2025-07-01,250,48972,202,100.0,0.00012269363734767575,3.236699580222181e-05,0.011076716000136311,0.0056891999263711775,0.3316831683168317,0.17326732673267325,1.0
2025-07-07,2024-05-01,9.534000603019203e-05,4.921061041095896e-05,6.212140592327401e-05,8.694528638000872e-06,2025-07-02,250,48974,200,100.0,7.956117097940597e-05,2.996547156880387e-05,0.008919706888648639,0.00547407266747564,0.26,0.18,1.0
2025-07-08,2024-05-03,0.00010019532366135892,5.0664880608228896e-05,7.44952949246041e-05,1.1656047558341386e-05,2025-07-03,250,48964,193,100.0,8.754505044896665e-05,3.14636415422221e-05,0.009356551204849288,0.005609246076098115,0.3160621761658031,0.22279792746113988,1.0
2025-07-09,2024-05-06,5.588044322209317e-06,2.5231825619501534e-05,1.1854379360528189e-05,8.736321288054093e-06,2025-07-07,250,48964,204,100.0,8.44475588379586e-06,1.771181629192991e-05,0.002905986215348562,0.0042085408744516085,0.3137254901960784,0.3235294117647059,1.0
2025-07-10,2024-05-08,5.777745143400128e-06,1.8229551163469385e-05,5.9586319978234345e-06,7.31581984054798e-06,2025-07-08,250,48972,202,100.0,5.863711173225067e-06,1.304282736643743e-05,0.0024215101018218088,0.003611485479195151,0.297029702970297,0.31683168316831684,1.0
2025-07-11,2024-05-10,5.103012914896425e-06,2.0427231196128685e-05,5.5226485584853385e-06,6.2999122313571926e-06,2025-07-09,250,48979,194,100.0,5.306341525707549e-06,1.3582035409074456e-05,0.0023035497662754214,0.003685381311217939,0.29381443298969073,0.27835051546391754,1.0
2025-07-14,2024-05-13,6.233844986952604e-06,1.8950759051079857e-05,5.059270160579442e-06,4.973124957223793e-06,2025-07-10,250,48992,203,100.0,5.666808863875906e-06,1.2202935695425204e-05,0.002380506010048264,0.0034932700576143843,0.20689655172413793,0.2019704433497537,1.0
2025-07-15,2024-05-15,7.805627127199323e-06,2.1390383481097168e-05,9.787023583252452e-06,6.720994454646299e-06,2025-07-11,250,48999,221,100.0,8.729083394047614e-06,1.4553518912208302e-05,0.0029545022244106727,0.0038149074578826027,0.18552036199095023,0.14479638009049775,1.0
2025-07-16,2024-05-17,1.232215991096075e-05,2.6925492591742316e-05,9.15999352596418e-06,5.865192675166081e-06,2025-07-14,250,49006,223,100.0,1.0819067369213499e-05,1.6914767070858547e-05,0.0032892350735715895,0.004112756626747874,0.17040358744394618,0.1210762331838565,1.0
2025-07-17,2024-05-20,1.3946701097619123e-05,3.147177327756843e-05,9.112783273373543e-06,7.106575441196692e-06,2025-07-15,250,49023,218,100.0,1.1618437925390747e-05,1.9736242209591222e-05,0.0034085829790971417,0.004442549066649824,0.2018348623853211,0.16055045871559634,1.0
2025-07-18,2024-05-22,1.0858622888706157e-05,1.9857761666750134e-05,9.234985274737189e-06,6.281252024905177e-06,2025-07-16,250,49050,223,100.0,1.0108691614092689e-05,1.3586997123655825e-05,0.0031794168669887703,0.003686054411380253,0.17488789237668162,0.13452914798206278,1.0
2025-07-21,2024-05-24,1.4468280625509942e-05,1.6266364935042136e-05,9.695849517310523e-06,5.849028337301986e-06,2025-07-17,250,49083,227,1.0,1.232384021565822e-05,1.1585447168656692e-05,0.0035105327538221633,0.00340374017349396,0.21145374449339208,0.12334801762114538,1.0
2025-07-22,2024-05-29,1.8874456739395216e-05,2.670331062253401e-05,1.0081891795653492e-05,6.325285954814157e-06,2025-07-18,250,49092,213,1.0,1.4829051272321556e-05,1.732750584583661e-05,0.003850850720596886,0.00416263208148842,0.2676056338028169,0.2300469483568075,1.0
2025-07-23,2024-05-31,2.144119739962753e-05,2.3939813567008025e-05,8.282403903845592e-06,6.7718453572526346e-06,2025-07-21,250,49109,206,100.0,1.5308944120039828e-05,1.5939207022655997e-05,0.003912664580569081,0.003992393645753885,0.2912621359223301,0.24271844660194175,1.0
2025-07-24,2024-06-03,1.7291581077134808e-05,2.0834292833199987e-05,8.531913198392791e-06,7.3475151726914965e-06,2025-07-22,250,49113,216,1.0,1.3398395353249468e-05,1.484016942852955e-05,0.003660381858938964,0.0038522940475163043,0.23148148148148148,0.17592592592592593,1.0
2025-07-25,2024-06-05,1.4291352324644883e-05,1.763418155281731e-05,7.291064755504379e-06,7.320149187548353e-06,2025-07-23,250,49115,213,100.0,1.1136293138553389e-05,1.2985603585372144e-05,0.0033371084996675474,0.003603554298934892,0.24882629107981222,0.16901408450704225,1.0
2025-07-28,2024-06-07,1.7319728849956793e-05,1.8934499012501566e-05,6.883811276876167e-06,7.367879656954338e-06,2025-07-24,250,49128,202,100.0,1.2411747813111941e-05,1.3494752285882824e-05,0.003523031054803795,0.0036735204213237775,0.18316831683168316,0.1485148514851485,1.0
2025-07-29,2024-06-10,2.570878891734011e-05,2.5955626667016823e-05,8.546337614479197e-06,6.978375483601703e-06,2025-07-25,250,49149,218,100.0,1.8151012196814203e-05,1.7598672017439522e-05,0.004260400473759973,0.0041950771169836105,0.17889908256880735,0.15137614678899083,1.0
2025-07-30,2024-06-12,2.784204449700224e-05,2.510202400446139e-05,2.7123103478112852e-05,2.182175225946841e-05,2025-07-28,250,49181,188,0.01,2.7559057074673436e-05,2.381085321121947e-05,0.00524967209210951,0.004879636585978455,0.14893617021276595,0.10638297872340426,1.0
2025-07-31,2024-06-14,5.7791093051880704e-05,4.5710792041267073e-05,1.0154018732478818e-05,6.678241272605604e-06,2025-07-29,250,49219,199,1.0,3.4092247033685796e-05,2.6292588392535986e-05,0.005838856654661578,0.005127629900113306,0.33668341708542715,0.271356783919598,1.0
2025-08-01,2024-06-17,2.6691423979409136e-05,1.8285184509383946e-05,1.7396545407592164e-05,4.9241602927241485e-06,2025-07-30,250,49223,219,100.0,2.215009061327025e-05,1.1757195508550162e-05,0.004706388276934899,0.0034288767123578767,0.182648401826484,0.1506849315068493,1.0
2025-08-04,2024-06-21,2.0363706270122513e-05,1.7770010071042017e-05,9.7535342126985e-06,6.254755706084577e-06,2025-07-31,250,49232,187,100.0,1.457633969334578e-05,1.1488962235610685e-05,0.0038178972869035883,0.003389537171297976,0.28342245989304815,0.2620320855614973,1.0
2025-08-05,2024-06-24,1.9738620406610925e-05,1.5595533513972545e-05,1.049398401244362e-05,5.740321585344369e-06,2025-08-01,250,49250,209,100.0,1.527111669459706e-05,1.0832966983869932e-05,0.0039078276183318345,0.003291347290072856,0.2679425837320574,0.20574162679425836,1.0
2025-08-06,2024-06-26,1.6310046744714312e-05,8.298104581558992e-06,7.546506461641239e-06,6.53126972249145e-06,2025-08-04,250,49219,213,0.01,1.2195708583647139e-05,7.468604647724465e-06,0.0034922354708191053,0.002732874795471696,0.2676056338028169,0.1784037558685446,1.0
2025-08-07,2024-06-28,5.300580489823126e-06,9.177326805075206e-06,8.07523502819762e-06,6.500236689554153e-06,2025-08-05,250,49214,208,100.0,6.647888703168433e-06,7.877393623980848e-06,0.0025783499962511746,0.0028066694896230386,0.28365384615384615,0.22596153846153846,1.0
2025-08-08,2024-07-01,1.3932522591144647e-05,1.0515623419372476e-05,7.902274531816327e-06,7.383016903509316e-06,2025-08-06,250,49250,200,100.0,1.1007852282370412e-05,8.996309259178846e-06,0.0033178083552806983,0.00299938481345406,0.3,0.19,1.0
2025-08-11,2024-07-03,8.006258807058865e-06,8.783923752463982e-06,7.435524416617468e-06,5.5672968386474125e-06,2025-08-07,250,49267,205,100.0,7.73063585752863e-06,7.2305283160354935e-06,0.002780402103568588,0.0026889641715789918,0.36097560975609755,0.24878048780487805,1.0
2025-08-12,2024-07-05,7.66445471005632e-06,9.466882603912487e-06,5.633499278544826e-06,8.023907218102609e-06,2025-08-08,250,49273,214,100.0,6.753371899658641e-06,8.819566542988431e-06,0.002598725052724632,0.0029697755038030115,0.3598130841121495,0.22897196261682243,1.0
2025-08-13,2024-07-08,7.3341742643327e-06,1.1757840585991095e-05,5.307614111535741e-06,8.778618282171896e-06,2025-08-11,250,49266,200,100.0,6.422222195574069e-06,1.0417190549272455e-05,0.002534210369242078,0.0032275672803634093,0.41,0.28,1.0
2025-08-14,2024-07-10,5.711984368814526e-06,1.1772425775771648e-05,8.065286025365815e-06,7.796052455356822e-06,2025-08-12,250,49274,214,100.0,6.789664566674463e-06,9.95146976922654e-06,0.002605698479616255,0.0031545950245992814,0.3177570093457944,0.24299065420560748,1.0
2025-08-15,2024-07-12,5.657702005491789e-06,6.446047683715249e-06,8.03129484669078e-06,7.36568428759399e-06,2025-08-13,250,49287,206,100.0,6.763842358671902e-06,6.874616198144176e-06,0.002600738810159894,0.0026219489312616626,0.3300970873786408,0.22815533980582525,1.0
2025-08-18,2024-07-15,5.904314836773774e-06,8.657151107982842e-06,7.073605369173697e-06,6.963662116156488e-06,2025-08-14,250,49291,206,100.0,6.44355076190966e-06,7.876173174859037e-06,0.002538415009786552,0.002806452061742555,0.2961165048543689,0.24271844660194175,1.0
2025-08-19,2024-07-17,6.547749765298878e-06,7.686068857631769e-06,1.1433216106514513e-05,8.419498776187438e-06,2025-08-15,250,49289,247,100.0,8.901476464103172e-06,8.039421733373162e-06,0.0029835342237191065,0.002835387404460484,0.2591093117408907,0.1659919028340081,1.0
2025-08-20,2024-07-19,7.604343909133159e-06,8.87532746235466e-06,1.1652451544289604e-05,7.4628581607302e-06,2025-08-18,250,49252,249,100.0,9.49020931346307e-06,8.21730963509186e-06,0.0030806183329752275,0.002866585012709698,0.25301204819277107,0.1566265060240964,1.0
2025-08-21,2024-07-22,9.458110910978369e-06,5.051680771695083e-06,1.393118577505032e-05,4.951877082669436e-06,2025-08-19,250,49253,258,100.0,1.1642635844594904e-05,5.002939435194186e-06,0.003412130689846874,0.002236725158617881,0.27906976744186046,0.15891472868217055,1.0
2025-08-22,2024-07-24,7.960091631217042e-06,4.983288158150835e-06,8.1368797112882e-06,9.409291996647303e-06,2025-08-20,250,49277,251,100.0,8.045316163840986e-06,7.116939410971841e-06,0.0028364266540562943,0.002667759249064998,0.33067729083665337,0.19123505976095617,1.0
2025-08-25,2024-07-26,9.057980067284723e-06,6.203086274623884e-06,8.115577139025635e-06,8.085710135888903e-06,2025-08-21,250,49315,245,100.0,8.592548417001665e-06,7.132871936718037e-06,0.0029313049000405374,0.0026707437047979797,0.3306122448979592,0.1673469387755102,1.0
2025-08-27,2024-07-29,8.623635110061852e-06,8.020514310511633e-06,7.172715519358252e-06,9.270772416747855e-06,2025-08-22,250,49328,237,100.0,7.944090491631052e-06,8.60607823368556e-06,0.002818526297842731,0.002933611806917466,0.3459915611814346,0.20675105485232068,1.0
2025-08-28,2024-08-12,6.806949877657456e-06,4.8192473475987035e-06,5.834868226648429e-06,9.625301302731617e-06,2025-08-25,250,49342,245,100.0,6.330828252673443e-06,7.173232958276048e-06,0.0025161137201393426,0.002678289184960438,0.39591836734693875,0.2979591836734694,1.0
2025-08-29,2024-08-14,8.442406830288575e-06,6.341680750095265e-06,1.126816851619586e-05,7.806337006349035e-06,2025-08-27,250,49372,232,100.0,9.891827695042742e-06,7.092948398777155e-06,0.0031451276118852063,0.0026632589807934854,0.3017241379310345,0.27586206896551724,1.0
2025-09-02,2024-08-16,1.0612299129976305e-05,9.575507302900103e-06,1.8683376733585074e-05,7.037862823920115e-06,2025-08-28,250,49402,244,100.0,1.4548603371080579e-05,8.337885610282814e-06,0.0038142631491653247,0.002887539715793155,0.29508196721311475,0.21311475409836064,1.0
2025-09-03,2024-08-19,5.727064347898327e-06,8.876184600836896e-06,1.2666774123414783e-05,7.0746047003087525e-06,2025-08-29,250,49398,225,100.0,9.15065450381978e-06,7.987405183243013e-06,0.0030250048766604955,0.002826199777659572,0.31555555555555553,0.2222222222222222,1.0
2025-09-04,2024-08-21,5.337060611631484e-06,7.837667134172793e-06,1.0285739566307767e-05,7.593359031234902e-06,2025-09-02,250,49411,224,100.0,7.966046306303259e-06,7.707878454487038e-06,0.002822418520755428,0.0027763066211222128,0.36607142857142855,0.25892857142857145,1.0
2025-09-05,2024-08-23,4.941265109923756e-06,9.524627403978384e-06,1.0606974699715785e-05,8.854436509990599e-06,2025-09-03,250,49405,220,100.0,7.851379581044207e-06,9.180392990248293e-06,0.0028020313312031695,0.0030299163338693516,0.2863636363636364,0.2545454545454545,1.0
2025-09-08,2024-08-26,4.6326353332738556e-06,1.0112360104211735e-05,8.577821406531601e-06,7.411075507659412e-06,2025-09-04,250,49392,230,100.0,6.65668731868435e-06,8.72648365902402e-06,0.0025800556813147173,0.002954062230052715,0.3391304347826087,0.23043478260869565,1.0
2025-09-09,2024-08-28,6.793931668682386e-06,1.169828663873058e-05,8.833057962218922e-06,8.23430804861894e-06,2025-09-05,250,49391,221,100.0,7.845788670778157e-06,9.9114379542386e-06,0.002801033500474094,0.0031482436300640077,0.37104072398190047,0.3031674208144796,1.0
2025-09-10,2024-08-30,5.7762130152853274e-06,9.414985402782528e-06,,,2025-09-08,250,49404,126,100.0,5.7762130152853274e-06,9.414985402782528e-06,0.0024033753379955713,0.003068384819865743,0.35714285714285715,0.2857142857142857,1.0
2025-09-11,2024-09-04,6.690725834286325e-06,1.0348370109031977e-05,9.1599056025062e-06,9.55450174510716e-06,2025-09-09,250,49399,225,100.0,7.985673446063859e-06,9.932030255951406e-06,0.0028258933890123773,0.0031515123759794134,0.3466666666666667,0.32,1.0
2025-09-12,2024-09-06,5.278935781692142e-06,1.3277865941094541e-05,1.0399116380813972e-05,1.0660329013953299e-05,2025-09-10,250,49295,210,100.0,7.887789706006597e-06,1.194416855440829e-05,0.0028085209107298094,0.0034560336448605775,0.2619047619047619,0.24285714285714285,1.0
2025-09-15,2024-09-09,5.776385562437575e-06,1.2076982603388832e-05,1.263212095528752e-05,9.227535981659326e-06,2025-09-11,250,49290,219,100.0,9.063381983667002e-06,1.0710809565573317e-05,0.0030105451306477707,0.0032727373199774707,0.2602739726027397,0.1780821917808219,1.0
2025-09-16,2024-09-11,6.749082564541228e-06,1.0467741807923774e-05,2.197754574308705e-05,8.165736327951066e-06,2025-09-12,250,49308,244,100.0,1.423849068513753e-05,9.335607965314246e-06,0.0037733924637039186,0.0030554227146688305,0.1885245901639344,0.09836065573770492,1.0
2025-09-17,2024-09-12,6.580119037316731e-06,9.099458983639141e-06,1.7970168511902165e-05,7.96344358945757e-06,2025-09-15,250,49312,248,100.0,1.2412926631156853e-05,8.517709164844547e-06,0.0035231983525139277,0.0029185114638878066,0.21370967741935484,0.1532258064516129,1.0
2025-09-18,2024-09-13,6.440577999416942e-06,9.978468591151272e-06,1.9999826126505288e-05,8.743370298891813e-06,2025-09-16,250,49415,238,1.0,1.3106258801388944e-05,9.371298422267421e-06,0.0036202567314196025,0.0030612576536886635,0.20588235294117646,0.15126050420168066,1.0
2025-09-19,2024-09-16,5.407122998338579e-06,1.0909736628576752e-05,1.9231631349656317e-05,7.3780984840063194e-06,2025-09-17,250,49477,250,100.0,1.248527127421326e-05,9.101537898556691e-06,0.0035334503356087036,0.0030168755192345425,0.208,0.16,1.0
2025-09-22,2024-09-17,5.380199611360418e-06,9.760421263953874e-06,1.9501513176562183e-05,5.652315960385546e-06,2025-09-18,250,49539,257,100.0,1.2303489530486575e-05,7.74633072601765e-06,0.003507633038173545,0.0027832230823305647,0.245136186770428,0.1867704280155642,1.0
2025-09-23,2024-09-18,4.876087550964639e-06,1.0405296037290821e-05,2.491534476922134e-05,6.699709969328675e-06,2025-09-19,250,49596,252,100.0,1.473667443613857e-05,8.581912416547545e-06,0.0038388376412839564,0.002929490129109082,0.2698412698412698,0.23015873015873015,1.0
2025-09-24,2024-09-19,5.0637791735868035e-06,9.092230732271273e-06,2.3321467727658514e-05,7.28596963623455e-06,2025-09-22,250,49670,253,0.01,1.401221150838875e-05,8.206948614055648e-06,0.003743288862536359,0.00286477723637557,0.233201581027668,0.1857707509881423,1.0
2025-09-25,2024-09-20,4.6864252310401505e-06,6.359775807404037e-06,2.2770373337779983e-05,5.971149025257047e-06,2025-09-23,250,49747,254,0.01,1.3799595930499593e-05,6.163932389629174e-06,0.0037147807378766777,0.0024827268052746306,0.27165354330708663,0.19291338582677164,1.0
2025-09-26,2024-09-23,4.970562548993437e-06,7.815769858739585e-06,1.7023168018873916e-05,7.699887887373427e-06,2025-09-24,250,49812,243,0.01,1.102166488366594e-05,7.757590432786205e-06,0.0033198892878627652,0.0027852451297482247,0.22633744855967078,0.24279835390946503,1.0
2025-09-29,2024-09-24,4.167800769733383e-06,7.944666038964424e-06,1.6123523888399047e-05,6.47209201388381e-06,2025-09-25,250,49886,247,0.01,1.0073056723082413e-05,7.217321783661449e-06,0.0031738079215797564,0.0026865073578275288,0.2145748987854251,0.19433198380566802,1.0
2025-09-30,2024-09-25,4.379003894493738e-06,8.79476910031897e-06,2.000841688239284e-05,7.042247581691383e-06,2025-09-26,250,49948,248,0.01,1.1563492122802198e-05,7.989174531272417e-06,0.003400513508692797,0.002826512786327424,0.2056451612903226,0.1774193548387097,1.0
2025-10-01,2024-09-26,5.284078697456304e-06,8.411493057589321e-06,1.8964448544360742e-05,6.368926764010644e-06,2025-09-29,250,50014,249,100.0,1.1931969265630749e-05,7.418920681994863e-06,0.003454268267756682,0.0027237695721178145,0.20883534136546184,0.1566265060240964,1.0
2025-10-02,2024-09-27,4.845150340764996e-06,7.900151365826886e-06,2.0751069981266237e-05,6.634477108853702e-06,2025-09-30,250,50085,247,1.0,1.2572722635745353e-05,7.285248892803478e-06,0.0035458035246958273,0.0026991200219337185,0.23481781376518218,0.20647773279352227,1.0
2025-10-03,2024-09-30,4.417060014941061e-06,7.15354263999052e-06,1.834732262541628e-05,5.6905328819284855e-06,2025-10-01,250,50139,248,0.01,1.1438361733930586e-05,6.416138528064093e-06,0.003382064714627824,0.0025330097765433306,0.21370967741935484,0.18951612903225806,1.0
2025-10-06,2024-10-01,5.7533677100944355e-06,8.999382667673593e-06,1.7029175428350028e-05,5.791093018463353e-06,2025-10-02,250,50198,248,0.01,1.1345804602616362e-05,7.408174494879805e-06,0.003368353396337202,0.0027217961890780517,0.20967741935483872,0.14112903225806453,1.0
2025-10-07,2024-10-02,5.102897704208765e-06,8.373833938000149e-06,2.3034350343456523e-05,6.5105393256626855e-06,2025-10-03,250,50254,247,1.0,1.3887131588212727e-05,7.46104588904131e-06,0.0037265441884154183,0.0027314915136315743,0.21052631578947367,0.145748987854251,1.0
2025-10-08,2024-10-03,5.231960355596583e-06,6.748689386560907e-06,1.8139766064164795e-05,6.587061388119788e-06,2025-10-06,250,50307,249,1.0,1.1556266767023579e-05,6.6694981584090345e-06,0.003399450950818908,0.0025825371552814173,0.21285140562248997,0.14859437751004015,1.0
2025-10-09,2024-10-04,5.763343186878462e-06,1.6663220129205997e-05,1.7658651215412293e-05,5.794129383499463e-06,2025-10-07,250,50358,255,100.0,1.1454431733863275e-05,1.1463106125377773e-05,0.0033844396484297478,0.003385720916640616,0.19607843137254902,0.1607843137254902,1.0
2025-10-10,2024-10-07,1.9310003353881148e-05,5.284258682917367e-05,4.155416892992755e-05,8.917800079793346e-06,2025-10-08,250,50421,237,100.0,3.066672923869809e-05,3.0416851822106075e-05,0.005537754891533038,0.005515147488699289,0.24472573839662448,0.24050632911392406,1.0
2025-10-13,2024-10-08,9.178550184179322e-06,1.5118454893894828e-05,2.0079943239555776e-05,3.542124948741297e-06,2025-10-09,250,50485,221,100.0,1.5196513771310216e-05,8.727901711502381e-06,0.0038982706128885174,0.0029543022376700696,0.28054298642533937,0.248868778280543,1.0
2025-10-14,2024-10-09,1.2934872026295015e-05,2.105802203726533e-05,3.3246266448665614e-05,6.455037071414102e-06,2025-10-10,250,50541,264,1.0,2.2552009536887156e-05,1.414372991328274e-05,0.004748895612338426,0.003760815059702184,0.15151515151515152,0.12878787878787878,1.0
2025-10-15,2024-10-10,1.319622403296672e-05,2.2433562927615733e-05,3.300702949807145e-05,7.0682172775684415e-06,2025-10-13,250,50574,262,1.0,2.2950399242884696e-05,1.4868182817477947e-05,0.00479065749588558,0.0038559282692340047,0.1450381679389313,0.13740458015267176,1.0
2025-10-16,2024-10-11,1.9955694662913222e-05,2.6834978203084284e-05,5.8666278171084376e-05,1.453593176640808e-05,2025-10-14,250,50665,266,100.0,3.9165457907569584e-05,2.073169200142542e-05,0.006258231212376991,0.004553206782194876,0.15037593984962405,0.10150375939849623,1.0
2025-10-17,2024-10-14,5.9778015996911596e-05,5.6351983161863224e-05,4.484954669142916e-05,9.180662538250996e-06,2025-10-15,250,50745,240,100.0,5.187836765609381e-05,3.139049266520175e-05,0.007202663927748803,0.005602721897899426,0.0875,0.03333333333333333,1.0
2025-10-20,2024-10-15,1.1476045712464316e-05,1.4605275548239247e-05,1.838838557279157e-05,5.76214903712454e-06,2025-10-16,250,50837,263,1.0,1.4787661006765587e-05,1.0368644596146267e-05,0.003845472793658224,0.00322003798054406,0.155893536121673,0.1634980988593156,1.0
2025-10-21,2024-10-16,5.3597266383374266e-06,1.2842207160443496e-05,1.7071607952557674e-05,5.996100097405847e-06,2025-10-17,250,50890,266,1.0,1.0819400634440097e-05,9.650788830305645e-06,0.0032892857331706677,0.003106571877537303,0.14661654135338345,0.15037593984962405,1.0
2025-10-22,2024-10-17,6.517728315054132e-06,1.6988803101902835e-05,2.0805420477316432e-05,6.5835681886746365e-06,2025-10-20,250,50957,263,1.0,1.3199804877633074e-05,1.2122476507503335e-05,0.0036331535719857856,0.0034817346980353537,0.18631178707224336,0.22433460076045628,1.0
2025-10-23,2024-10-18,4.099757993661835e-06,1.0231493428135982e-05,1.4661258906787601e-05,6.515829895814007e-06,2025-10-21,250,51030,267,1.0,9.162949442650967e-06,8.450201547472265e-06,0.003027036412508275,0.0029069230377621394,0.14606741573033707,0.1797752808988764,1.0
2025-10-24,2024-10-21,4.585100833149436e-06,8.597988496765171e-06,1.0869113431787438e-05,7.002337706637379e-06,2025-10-22,250,51090,264,100.0,7.584288664317574e-06,7.836427892385995e-06,0.0027539587259647834,0.00279936205096554,0.1893939393939394,0.20075757575757575,1.0
2025-10-27,2024-10-22,5.264900254579659e-06,1.3048539718490797e-05,9.39181871802672e-06,6.347375013299061e-06,2025-10-23,250,51163,259,100.0,7.224788173513977e-06,9.86613331409472e-06,0.0026878966076681553,0.003141040164355547,0.1776061776061776,0.1969111969111969,1.0
2025-10-28,2024-10-23,2.9811787177177826e-06,1.3954982198902837e-05,1.262356033391113e-05,5.129519659995778e-06,2025-10-24,250,51241,259,100.0,7.672067071541574e-06,9.661513936731835e-06,0.002769849647822346,0.003108297594621827,0.20077220077220076,0.21235521235521235,1.0
2025-10-29,2024-10-24,5.509993777791682e-06,1.423418259510039e-05,1.6660187653108675e-05,4.714447009632288e-06,2025-10-27,250,51306,242,100.0,1.0900789990238328e-05,9.631665803779032e-06,0.00330163444224801,0.0031034925171134265,0.2231404958677686,0.24793388429752067,1.0
2025-10-30,2024-10-25,4.259712255832448e-06,1.4314839835463806e-05,2.8975165459660465e-05,1.0204244636252583e-05,2025-10-28,250,51373,220,100.0,1.6617438857746456e-05,1.2259542235858193e-05,0.0040764492953729295,0.003501362911190183,0.2636363636363636,0.2909090909090909,1.0
2025-10-31,2024-10-28,2.2605850735960223e-06,8.517656792785887e-06,2.151287570545541e-05,5.090705502009212e-06,2025-10-29,250,51416,247,100.0,1.1691869148312563e-05,6.838866889207032e-06,0.0034193375306208894,0.002615122729281942,0.13360323886639677,0.14979757085020243,1.0
2025-11-03,2024-10-29,3.262576280880787e-06,9.211298449544218e-06,1.6116401898095803e-05,4.42057801299042e-06,2025-10-30,250,51541,230,100.0,1.00248062795026e-05,6.690962915531135e-06,0.0031661974479653982,0.0025866895669042185,0.2956521739130435,0.3,1.0
2025-11-04,2024-10-30,3.195216653986095e-06,7.429691262845579e-06,2.273981404576321e-05,3.900418620714307e-06,2025-10-31,250,51604,244,100.0,1.3448120203770812e-05,5.578269548940649e-06,0.003667167872319293,0.002361836054627977,0.3319672131147541,0.26229508196721313,1.0
2025-11-05,2024-10-31,2.4939419749955783e-06,7.507430042538023e-06,1.716679759781312e-05,4.561178624063457e-06,2025-11-03,250,51633,239,100.0,9.615495331676897e-06,6.077450274575473e-06,0.0031008862171445274,0.002465248521868632,0.24267782426778242,0.20920502092050208,1.0
2025-11-06,2024-11-01,4.5825476691148015e-06,5.017666972960338e-06,2.4792994083487997e-05,4.415563673006416e-06,2025-11-04,250,51686,236,100.0,1.5715420693981392e-05,4.6859999009518225e-06,0.003964267989677463,0.0021647170487044775,0.3644067796610169,0.2711864406779661,1.0
2025-11-07,2024-11-04,5.2383500230886735e-06,7.875863086120182e-06,1.9752815522619036e-05,3.5991032888684994e-06,2025-11-05,250,51724,241,100.0,1.2947277757279072e-05,5.604389002932568e-06,0.0035982325879908143,0.002367359077734632,0.31950207468879666,0.2821576763485477,1.0
2025-11-10,2024-11-05,3.6190622989226823e-06,6.669835150574646e-06,1.1163918520001227e-05,4.104948685790045e-06,2025-11-06,250,51760,242,100.0,7.516198776752508e-06,5.3449971005826e-06,0.0027415686708073734,0.002311924977282481,0.32644628099173556,0.3181818181818182,1.0
2025-11-11,2024-11-06,6.2930355199377395e-06,9.867229197434917e-06,1.0631081722214713e-05,4.995182329115391e-06,2025-11-07,250,51806,246,100.0,8.409155618609433e-06,7.490620968986368e-06,0.0028998544133472344,0.002736899882894215,0.3048780487804878,0.22764227642276422,1.0
2025-11-12,2024-11-07,5.7622358005633615e-06,8.469239516835959e-06,1.2549063739737875e-05,4.690177923523865e-06,2025-11-10,250,51864,318,100.0,9.1343075439268e-06,6.591592561668314e-06,0.0030223016963775804,0.0025674096988342774,0.31446540880503143,0.2389937106918239,1.0
2025-11-13,2024-11-08,7.449873135674877e-06,6.987914581998402e-06,2.5429067636976088e-05,6.55786510657785e-06,2025-11-11,250,51932,332,100.0,1.6331161985715233e-05,6.7754805037786095e-06,0.004041183240799065,0.0026029753175507847,0.25903614457831325,0.22289156626506024,1.0
2025-11-14,2024-11-11,5.991416212772615e-06,7.864076973033436e-06,2.2479622813493367e-05,4.086619215864948e-06,2025-11-12,250,52084,321,100.0,1.477485337390423e-05,5.851786392111904e-06,0.0038438071457741257,0.002419046587420735,0.32710280373831774,0.26479750778816197,1.0
2025-11-17,2024-11-13,9.175881276012467e-06,8.525460182358264e-06,3.276695295807694e-05,5.910242583323559e-06,2025-11-13,250,52239,337,0.01,2.1496440967535753e-05,7.159649210755569e-06,0.004636425451523593,0.0026757520832012016,0.29376854599406527,0.19287833827893175,1.0
2025-11-18,2024-11-14,1.0911677478943724e-05,9.91257712919323e-06,4.651579139598905e-05,9.892357829476349e-06,2025-11-14,250,52390,348,100.0,2.9532219814869728e-05,9.902002667847044e-06,0.00543435551053386,0.0031467447732294786,0.29022988505747127,0.1752873563218391,1.0
2025-11-19,2024-11-15,2.92974240475351e-05,2.1163642583804943e-05,3.993987442119507e-05,7.799028658875558e-06,2025-11-17,250,52539,328,0.01,3.5137793155031426e-05,1.3829403234758329e-05,0.005927713990657058,0.0037187905607547096,0.08841463414634146,0.06097560975609756,1.0
2025-11-20,2024-11-18,1.7906951454595812e-05,1.0010109208064542e-05,5.8085183430153164e-05,1.5384755026163234e-05,2025-11-18,250,52709,340,0.01,3.965046522960332e-05,1.291874106256501e-05,0.006296861538068256,0.003594265023974305,0.2323529411764706,0.14705882352941177,1.0
2025-11-21,2024-11-19,4.526375261990219e-05,2.6238477414740355e-05,8.903047118542104e-05,4.2147661312627816e-05,2025-11-19,250,52869,294,0.01,6.833804302009069e-05,3.462597232689191e-05,0.008266682709532928,0.005884383767812217,0.05102040816326531,0.027210884353741496,1.0
2025-11-24,2024-11-20,4.5104406300488554e-06,8.314928611658843e-06,1.7940571511879608e-05,3.9844552706415075e-06,2025-11-20,250,53025,335,0.01,1.148609070001468e-05,6.065667831548347e-06,0.00338911355667152,0.002462857655559563,0.24477611940298508,0.21194029850746268,1.0
2025-11-25,2024-11-21,5.4247444872547045e-06,1.0230271623588432e-05,9.243661367885336e-06,4.730284555419156e-06,2025-11-21,250,53125,339,0.01,7.362366031409479e-06,7.439717712894876e-06,0.0027133680235842464,0.0027275845931693625,0.3421828908554572,0.23893805309734514,1.0
2025-11-26,2024-11-22,6.914919399342906e-06,1.0330111598054217e-05,6.966930703085735e-06,6.4946365638486595e-06,2025-11-24,250,53265,312,100.0,6.942925485973661e-06,8.26485581040507e-06,0.0026349431656059797,0.0028748662247842197,0.3557692307692308,0.30128205128205127,1.0
2025-11-28,2024-11-25,5.728166090356258e-06,1.342763216055168e-05,5.605316363224443e-06,6.673862922483297e-06,2025-11-25,250,53425,300,100.0,5.659779742252882e-06,9.66803395136028e-06,0.002379029159605422,0.00310934622571374,0.3466666666666667,0.32666666666666666,1.0
2025-12-01,2024-11-26,5.019689260758361e-06,1.1391084452630796e-05,8.634421448576285e-06,4.636843513868112e-06,2025-11-26,250,53549,315,100.0,6.9590217678733745e-06,7.7673805838978e-06,0.002637995786174302,0.002787002078201199,0.346031746031746,0.273015873015873,1.0
2025-12-02,2024-11-27,4.636674649994125e-06,9.191285300201484e-06,8.107938835005091e-06,6.208175223134418e-06,2025-11-28,250,53675,282,100.0,6.6923523765786325e-06,7.424691743924178e-06,0.002586958131972497,0.002724828754972352,0.3723404255319149,0.32978723404255317,1.0
2025-12-03,2024-11-29,4.072861342201863e-06,1.1085795781961756e-05,7.243394500999362e-06,6.991451988161374e-06,2025-12-01,250,53811,287,100.0,5.928783191254059e-06,8.689106731932265e-06,0.0024349092778282438,0.0029477290804842066,0.29965156794425085,0.26480836236933797,1.0
2025-12-04,2024-12-02,1.1626799922885706e-05,1.216715474369236e-05,1.1535749182125426e-05,9.346748900813527e-06,2025-12-02,250,53915,253,100.0,1.1572457385910202e-05,1.048382951731013e-05,0.0034018314752365677,0.003237874228148791,0.10276679841897234,0.09090909090909091,1.0
2025-12-05,2024-12-03,5.334073999960736e-06,1.0132328049434001e-05,5.546511633349813e-06,8.451699386152454e-06,2025-12-03,250,54017,309,100.0,5.450949073346312e-06,9.207710338243506e-06,0.0023347267663147036,0.0030344209230499823,0.32038834951456313,0.3365695792880259,1.0
2025-12-08,2024-12-04,5.751900214828157e-06,8.753540434492909e-06,7.645039726841072e-06,6.416851400832186e-06,2025-12-04,250,54082,309,100.0,6.768926619339948e-06,7.498231762688119e-06,0.0026017160912251646,0.002738289934007741,0.284789644012945,0.2459546925566343,1.0
2025-12-09,2024-12-05,4.702839951914247e-06,9.231520381188072e-06,8.590409962817809e-06,6.919466058923242e-06,2025-12-05,250,54205,270,100.0,6.977788328665221e-06,7.87854044445532e-06,0.0026415503645899354,0.0028068737849171843,0.28888888888888886,0.2740740740740741,1.0
2025-12-10,2024-12-06,3.961151885320107e-06,1.2359241218883862e-05,6.857344504739253e-06,1.0298215431902596e-05,2025-12-08,250,54329,261,100.0,5.670016496011864e-06,1.1143157038059666e-05,0.002381179643792518,0.003338136761437384,0.2567049808429119,0.29118773946360155,1.0
2025-12-11,2024-12-09,7.612687914903931e-06,1.3455611099568053e-05,5.120449633746837e-06,1.2502614663023389e-05,2025-12-09,250,54420,288,100.0,6.219457486895971e-06,1.292285961941635e-05,0.0024938840163279386,0.0035948379128155905,0.3159722222222222,0.3055555555555556,1.0
2025-12-12,2024-12-10,5.868676325510679e-06,1.1900961309507416e-05,6.658408463800035e-06,1.1770333492638123e-05,2025-12-10,250,54520,285,100.0,6.292637789223912e-06,1.1830834797293375e-05,0.0025085130633951086,0.003439598057519712,0.3087719298245614,0.30526315789473685,1.0
2025-12-15,2024-12-11,6.0280223404394355e-06,1.0170085175868667e-05,6.2695111660813125e-06,9.985766883382352e-06,2025-12-11,250,54636,299,100.0,6.154824165274803e-06,1.0073302661084883e-05,0.0024808918084581605,0.0031738466662844444,0.3010033444816054,0.3010033444816054,1.0
2025-12-16,2024-12-12,1.0842131225560951e-05,1.0523305289755165e-05,1.0991506941783602e-05,1.1374314747612644e-05,2025-12-12,250,54763,315,100.0,1.0918004605229598e-05,1.0955564062000234e-05,0.003304240397614798,0.003309919041608153,0.24761904761904763,0.16825396825396827,1.0
2025-12-17,2024-12-13,2.2654855237252108e-05,6.3597135297086436e-06,1.2273148227326022e-05,6.771942006559116e-06,2025-12-15,250,54898,329,100.0,1.710111531704849e-05,6.580236970212239e-06,0.004135349479433207,0.0025651972575636826,0.3586626139817629,0.2613981762917933,1.0
2025-12-18,2024-12-16,1.996237820020824e-05,6.4673225153147815e-06,1.1455505894915207e-05,1.1905683315376975e-05,2025-12-16,250,55053,318,100.0,1.5735693218333086e-05,9.169401151823671e-06,0.0039668240720169435,0.0030281019057858127,0.2893081761006289,0.1761006289308176,1.0
2025-12-19,2024-12-17,1.617581901340294e-05,8.341840784938727e-06,7.109121923591467e-06,1.4525143202773936e-05,2025-12-17,250,55218,298,100.0,1.1125242782165678e-05,1.1786230722390554e-05,0.0033354524104183647,0.0034331080266124096,0.3691275167785235,0.2785234899328859,1.0
2025-12-22,2024-12-18,1.4615196605572075e-05,8.39210599334567e-06,6.390017461700887e-06,1.6208240052526984e-05,2025-12-18,250,55341,318,1.0,1.0399145660757597e-05,1.2398489174624143e-05,0.003224770636922508,0.0035211488430090744,0.3113207547169811,0.2389937106918239,1.0
2025-12-23,2024-12-19,1.270729296425226e-05,1.1419130057804524e-05,5.955898461211387e-06,1.6461554345800343e-05,2025-12-19,250,55480,323,100.0,9.237536036992866e-06,1.4010592694978845e-05,0.0030393315115322425,0.003743072627531938,0.35294117647058826,0.3065015479876161,1.0
2025-12-24,2024-12-20,1.2681444485493187e-05,1.025155433008309e-05,5.307666501744737e-06,1.6558175075292147e-05,2025-12-22,250,55621,310,100.0,8.756691687691593e-06,1.360830408156533e-05,0.002959170777040689,0.003688943491240457,0.3903225806451613,0.34516129032258064,1.0
2025-12-26,2024-12-23,1.3581996185248264e-05,9.995824012741031e-06,4.840769731846739e-06,1.5527179175145904e-05,2025-12-23,250,55760,306,100.0,8.811457565254621e-06,1.3014570130785523e-05,0.002968409938882199,0.0036075712232450136,0.3888888888888889,0.33986928104575165,1.0
2025-12-29,2024-12-24,1.253828161654925e-05,7.348958511824191e-06,4.676092970473554e-06,1.3355797165193177e-05,2025-12-24,250,55879,313,100.0,8.393677378202636e-06,1.0515502849862154e-05,0.002897184388022729,0.003242761608546357,0.34185303514376997,0.2747603833865815,1.0
2025-12-30,2024-12-26,1.4384435104638156e-05,6.225528180958242e-06,5.689865359566394e-06,1.4150206507790162e-05,2025-12-26,250,56007,312,100.0,1.0009283021380891e-05,1.02132669543961e-05,0.0031637450942484115,0.0031958202318647555,0.2916666666666667,0.23717948717948717,1.0
2025-12-31,2024-12-27,1.5225442332408434e-05,6.0134174524376646e-06,5.963597721201582e-06,1.1576460263552825e-05,2025-12-29,250,56235,308,1.0,1.0203598013994329e-05,9.029742613009846e-06,0.0031943071258090272,0.0030049530134446103,0.4025974025974026,0.30844155844155846,1.0
2026-01-02,2024-12-30,1.918367118308125e-05,5.130086847978248e-06,5.44078085096238e-06,1.2214845432678658e-05,2025-12-30,250,56364,303,100.0,1.1654562948323058e-05,9.011505742566589e-06,0.0034138779925947937,0.003001917011272395,0.3234323432343234,0.22442244224422442,1.0
2026-01-05,2024-12-31,2.0030076378666697e-05,4.1239529600949484e-06,4.484382116547168e-06,1.0460692410660297e-05,2025-12-31,250,56490,314,0.01,1.1811652023533443e-05,7.47394897536198e-06,0.0034368084065791974,0.0027338524055555706,0.32802547770700635,0.20063694267515925,1.0
2026-01-06,2025-01-02,2.0658408062687432e-05,5.133661706391904e-06,5.548361402621105e-06,1.2198357715450449e-05,2026-01-02,250,56616,307,0.01,1.1897534103430733e-05,9.229804669298813e-06,0.0034492802297625418,0.003038059359080861,0.26058631921824105,0.19218241042345277,1.0
2026-01-07,2025-01-03,2.6055631983847013e-05,7.234168991728397e-06,5.571802618197762e-06,1.1022017098592103e-05,2026-01-05,250,56728,292,0.01,1.4059964786840086e-05,9.45239510910406e-06,0.0037496619563422095,0.0030744747696320523,0.23972602739726026,0.1780821917808219,1.0
2026-01-08,2025-01-06,4.1472499577571726e-05,8.486667901965669e-06,7.2099378721289865e-06,1.0183938670795896e-05,2026-01-06,250,56840,319,0.01,2.2676423406874297e-05,9.417772555712657e-06,0.004761976838128709,0.0030688389589081824,0.30407523510971785,0.20689655172413793,1.0
2026-01-09,2025-01-07,3.7287594978197824e-05,7.290675727919563e-06,5.793295054615804e-06,1.1697040355723107e-05,2026-01-07,250,56944,309,0.01,1.9858710554467968e-05,9.729149356898222e-06,0.004456311317050007,0.0031191584372869266,0.2815533980582524,0.2168284789644013,1.0
2026-01-12,2025-01-08,4.135136939939074e-05,1.0124324376761056e-05,5.859136060709305e-06,9.552270203487343e-06,2026-01-08,250,57066,323,0.01,2.267124658955841e-05,9.823243232932785e-06,0.004761433249512001,0.003134205359087497,0.3157894736842105,0.24148606811145512,1.0
2026-01-13,2025-01-10,6.167487907462954e-05,1.0305732881026437e-05,1.2714456120112195e-05,1.0044966581562339e-05,2026-01-09,250,57185,339,0.01,3.611147239926208e-05,1.016958056537704e-05,0.006009282186689362,0.0031889779813252146,0.2153392330383481,0.1592920353982301,1.0
2026-01-14,2025-01-13,6.272327744278723e-05,1.1784552695747355e-05,1.529947330174447e-05,8.839426060411304e-06,2026-01-12,250,57330,329,0.01,3.865101211891447e-05,1.028960999635185e-05,0.006216993816863136,0.003207742196055015,0.1762917933130699,0.12158054711246201,1.0
2026-01-15,2025-01-14,6.16559262117027e-05,1.0454575047809255e-05,1.1939812380904355e-05,9.20631035786466e-06,2026-01-13,250,57478,342,0.01,3.563491926517375e-05,9.801243528803165e-06,0.005969499079920672,0.0031306937775520565,0.2543859649122807,0.17251461988304093,1.0
2026-01-16,2025-01-15,7.772504836263047e-05,1.107884091029713e-05,1.2115822073881748e-05,8.73152304480718e-06,2026-01-14,250,57621,342,0.01,4.3769396160558765e-05,9.86400096236812e-06,0.006615844327110393,0.0031407007120017216,0.22807017543859648,0.1695906432748538,1.0
2026-01-20,2025-01-16,0.00015350528177144286,4.6350248545410085e-05,2.7614256359096498e-05,6.043016790550141e-06,2026-01-15,250,57770,352,0.01,8.841389931392287e-05,2.5509577581249544e-05,0.009402866547703571,0.005050700702006559,0.1903409090909091,0.10795454545454546,1.0
2026-01-21,2025-01-17,9.998903003119194e-05,2.706234161889393e-05,1.2245069919705541e-05,6.761944504361488e-06,2026-01-16,250,57921,350,0.01,5.561565591766882e-05,1.679614079240181e-05,0.007457590490075787,0.004098309504222663,0.2,0.1457142857142857,1.0
2026-01-22,2025-01-21,9.500915711829564e-05,2.336644162799633e-05,8.676252936588171e-06,8.02040974982927e-06,2026-01-20,250,58075,345,0.01,5.1217104272502004e-05,1.558222255936086e-05,0.007156612625572381,0.003947432400860192,0.24347826086956523,0.19420289855072465,1.0
2026-01-23,2025-01-22,9.921021865363457e-05,2.423860580386409e-05,1.0223017710752304e-05,7.967201785789545e-06,2026-01-21,250,58223,336,0.01,5.471661818219343e-05,1.6102903794826816e-05,0.007397068215326491,0.00401284235858161,0.24107142857142858,0.1488095238095238,1.0
2026-01-26,2025-01-23,9.409738420942963e-05,2.1694607858584003e-05,9.03282772105768e-06,7.3222119254341365e-06,2026-01-22,250,58376,343,0.01,5.119310353162103e-05,1.4445556848569639e-05,0.007154935606392347,0.0038007310939567455,0.22740524781341107,0.1924198250728863,1.0
2026-01-27,2025-01-24,6.863854431926428e-05,1.5682924881098496e-05,9.432438116773065e-06,7.619982849416354e-06,2026-01-23,250,58516,334,0.01,3.744011709878987e-05,1.1434188960212097e-05,0.006118832985038067,0.003381447760976369,0.2694610778443114,0.19461077844311378,1.0
2026-01-28,2025-01-27,8.072818516983329e-05,2.0827023403732334e-05,1.01371483645691e-05,7.337673338815053e-06,2026-01-26,250,58656,330,0.01,4.414919337074185e-05,1.383708746100247e-05,0.00664448593728227,0.0037198235792847045,0.3242424242424242,0.23939393939393938,1.0
2026-01-29,2025-01-28,9.648166962239044e-05,3.137382057835296e-05,1.1832827837643287e-05,6.958346760117341e-06,2026-01-27,250,58785,276,1.0,4.18893006452709e-05,1.562760920282419e-05,0.0064721944227032376,0.003953177102385396,0.35507246376811596,0.2463768115942029,1.0
2026-01-30,2025-01-29,4.403180334134784e-05,6.396659418333761e-06,1.43607617442843e-05,6.403619121632672e-06,2026-01-28,250,58915,319,1.0,2.7940611503441904e-05,6.400433802881446e-06,0.005285887957897131,0.002529907864504446,0.3072100313479624,0.15673981191222572,1.0
2026-02-02,2025-01-30,2.3200859272934823e-05,2.6833648496116343e-06,1.0360425155472747e-05,7.88675364296906e-06,2026-01-29,250,59024,301,1.0,1.577814984955143e-05,5.691303886303301e-06,0.0039721719310160065,0.0023856453815065013,0.43521594684385384,0.23588039867109634,1.0
2026-02-03,2025-01-31,2.3731820815437802e-05,4.13141242785144e-06,1.7330325069329075e-05,5.877763087513679e-06,2026-01-30,250,59150,272,1.0,1.9519071776638307e-05,5.2806652516732815e-06,0.004418039358882886,0.002297969810870735,0.31985294117647056,0.20220588235294118,1.0
2026-02-04,2025-02-03,2.1902716493877952e-05,4.033744644892869e-06,2.1267531693896838e-05,5.6095596693459975e-06,2026-02-02,250,59258,301,100.0,2.1531312757011923e-05,4.955151436599682e-06,0.004640184560662638,0.0022260169443649083,0.31893687707641194,0.22259136212624583,1.0
2026-02-05,2025-02-04,3.943133365705747e-05,8.836554618435211e-06,3.632396943403885e-05,6.4844749050175525e-06,2026-02-03,250,59335,329,100.0,3.774070084270996e-05,7.55685167405296e-06,0.006143346062424773,0.002748972839817258,0.303951367781155,0.1702127659574468,1.0
2026-02-06,2025-02-05,1.8648438528674523e-05,2.866556090740448e-06,1.3510160493611898e-05,5.1464444920063845e-06,2026-02-04,250,59437,344,100.0,1.6034488946883947e-05,4.026383039058875e-06,0.004004308797643352,0.0020065849194736,0.3168604651162791,0.21220930232558138,1.0
2026-02-09,2025-02-06,1.6906894276075826e-05,3.476181934275869e-06,1.0174805967768334e-05,5.9184968428800845e-06,2026-02-05,250,59583,316,1.0,1.3199984891121702e-05,4.8210009029376834e-06,0.0036331783456254527,0.002195677777575226,0.379746835443038,0.24050632911392406,1.0
2026-02-10,2025-02-07,2.042764688713433e-05,3.834443799316321e-06,1.199130892442397e-05,6.3436975176326025e-06,2026-02-06,250,59763,338,1.0,1.5959882108065826e-05,5.163308934164292e-06,0.003994982116113391,0.0022722915601137744,0.3609467455621302,0.23964497041420119,1.0
2026-02-11,2025-02-10,2.5135367788218472e-05,5.236678624661693e-06,1.1558131419964983e-05,6.562625455386278e-06,2026-02-09,250,59897,319,100.0,1.764447875745793e-05,5.968235496785602e-06,0.004200533151572301,0.0024429972363442416,0.4200626959247649,0.2476489028213166,1.0
2026-02-12,2025-02-11,5.688786992699046e-05,1.2466428349927725e-05,3.0390279218366634e-05,5.330632062298092e-06,2026-02-10,250,60046,344,0.01,4.279176789304233e-05,8.670350673659636e-06,0.006541541706130316,0.002944545919774327,0.2616279069767442,0.18313953488372092,1.0
2026-02-13,2025-02-12,3.2977545628506724e-05,1.2832575051209379e-05,2.5867674502690095e-05,4.437501578250112e-06,2026-02-11,250,60183,346,0.01,2.9340415023681454e-05,8.537985442209985e-06,0.005416679335504498,0.0029219831351686453,0.2398843930635838,0.1531791907514451,1.0
2026-02-17,2025-02-13,2.7973277515149903e-05,1.007987305521129e-05,2.3837983281178436e-05,4.062430574006797e-06,2026-02-12,250,60347,315,0.01,2.55971243203917e-05,6.622231502519185e-06,0.005059360070245218,0.0025733696785575104,0.31746031746031744,0.20317460317460317,1.0
2026-02-18,2025-02-14,1.6779319107432674e-05,8.093975761122814e-06,2.1562516797790022e-05,4.2948990865079365e-06,2026-02-13,250,60507,320,0.01,1.938018285156448e-05,6.028227819300975e-06,0.004402292908424482,0.0024552449611598788,0.31875,0.21875,1.0
2026-02-19,2025-02-18,8.390440122598524e-05,5.3714827715479586e-05,,,2026-02-17,250,60632,124,0.01,8.390440122598524e-05,5.3714827715479586e-05,0.009159934564503463,0.007329040026871158,0.08064516129032258,0.008064516129032258,1.0
2026-02-20,2025-02-19,1.2039664758045205e-05,5.834794686251864e-06,,,2026-02-18,250,60749,159,1.0,1.2039664758045205e-05,5.834794686251864e-06,0.0034698220066806318,0.002415531967549149,0.46540880503144655,0.37735849056603776,1.0
2026-02-23,2025-02-20,1.926743671359301e-05,7.950100437028486e-06,2.8688936026703846e-05,4.496961939987978e-06,2026-02-19,250,60682,329,1.0,2.436478284652228e-05,6.081837055650947e-06,0.004936069574724639,0.00246613808527644,0.3525835866261398,0.270516717325228,1.0
2026-02-24,2025-02-21,4.312285789439561e-05,2.2354575995818658e-05,5.333773986487282e-05,2.437076365023059e-05,2026-02-20,250,60642,287,1.0,4.8461646380707736e-05,2.3408332609622807e-05,0.0069614399645983975,0.0048382158498379135,0.06968641114982578,0.0313588850174216,1.0
2026-02-25,2025-02-24,1.0318070659219652e-05,5.198241062543896e-06,1.3231651242176969e-05,4.9479059482724275e-06,2026-02-23,250,60772,317,100.0,1.1963278622466845e-05,5.056884641551488e-06,0.0034587972797587956,0.002248751796342026,0.42586750788643535,0.3249211356466877,1.0
2026-02-26,2025-02-25,9.06542073784627e-06,4.57504153219913e-06,1.5604949733855808e-05,4.492799044451169e-06,2026-02-24,250,60858,343,1.0,1.249724353458597e-05,4.5318822091827075e-06,0.003535144061362418,0.002128821788967481,0.3469387755102041,0.24198250728862974,1.0
2026-02-27,2025-02-26,0.00027237405122974715,0.00022188720342016964,2.9391706552899907e-05,5.122968716690853e-06,2026-02-25,250,60983,283,1.0,0.00012469573573710503,9.014356960745462e-05,0.011166724485591334,0.009494396747948478,0.0989399293286219,0.06007067137809187,1.0
2026-03-02,2025-02-27,1.8229922566212895e-05,8.92187214051452e-06,4.458938594385924e-05,1.4079009411245582e-05,2026-02-26,250,61128,309,0.01,3.1537612815121734e-05,1.1525475422825346e-05,0.005615835896384592,0.003394919059834173,0.1715210355987055,0.11974110032362459,1.0
2026-03-03,2025-02-28,2.3638944884211814e-05,1.3774824346943577e-05,4.505636276639973e-05,7.675494265147442e-06,2026-02-27,250,61212,270,1.0,3.728263331286486e-05,9.889325183725299e-06,0.006105950647758697,0.0031447297473273118,0.24814814814814815,0.17037037037037037,1.0
2026-03-04,2025-03-03,1.6323516604662456e-05,8.569773890710682e-06,3.0100174676306002e-05,4.808134701118889e-06,2026-03-02,250,61341,295,1.0,2.4122506089287784e-05,6.4403035698231234e-06,0.00491146679610967,0.0025377753190192237,0.29152542372881357,0.21694915254237288,1.0
2026-03-05,2025-03-04,2.49436061301141e-05,1.2892989118105124e-05,3.8950433806733724e-05,9.224481118244886e-06,2026-03-03,250,61420,288,100.0,3.316289042646381e-05,1.0740288243187135e-05,0.005758722985737707,0.00327723789847291,0.17708333333333334,0.1284722222222222,1.0
2026-03-06,2025-03-05,3.277300301276775e-05,1.6095901924936165e-05,6.596425965542682e-05,1.772163124175248e-05,2026-03-04,250,61525,323,100.0,5.055036338174613e-05,1.6966648586884222e-05,0.007109877873898125,0.0041190591871062285,0.20743034055727555,0.09907120743034056,1.0
2026-03-09,2025-03-06,0.00015555991283207714,0.00010894972881619212,0.0003404700638690551,0.000253845826203526,2026-03-05,250,61618,249,100.0,0.0002610106816965384,0.00019158123816961144,0.016155825008229645,0.013841287446246157,0.05220883534136546,0.05622489959839357,1.0
2026-03-10,2025-03-07,3.845265211213164e-05,1.6523175520703448e-05,4.015801372230194e-05,8.16054797647814e-06,2026-03-06,250,61754,314,100.0,3.945740337927019e-05,1.159614973827771e-05,0.006281512825686993,0.003405311988390742,0.3057324840764331,0.17834394904458598,1.0
2026-03-11,2025-03-10,3.206887380446157e-05,1.5074153574500164e-05,4.567124107042143e-05,9.439554180494492e-06,2026-03-09,250,61812,324,100.0,3.941583143268063e-05,1.2030774272182286e-05,0.006278202882408359,0.003468540654537912,0.2777777777777778,0.21604938271604937,1.0
2026-03-12,2025-03-11,4.849087956556796e-05,2.3771219581554362e-05,6.992998635247718e-05,1.9561454312354827e-05,2026-03-10,250,61937,338,1.0,6.003501398928831e-05,2.1504422898139226e-05,0.0077482265060650046,0.0046372861565940945,0.21597633136094674,0.1390532544378698,1.0
2026-03-13,2025-03-12,0.00024833586694962887,0.0001994515514630437,0.00012601969813849428,6.387046604612965e-05,2026-03-11,250,62058,279,1.0,0.0001838897134899988,0.00012801635592079867,0.013560594142219537,0.011314431312301943,0.03225806451612903,0.0,1.0
2026-03-16,2025-03-13,2.2561345568043097e-05,1.2952984261714221e-05,5.063429055332093e-05,1.0179223778986735e-05,2026-03-12,250,62196,331,1.0,3.7318724502902134e-05,1.1494874521549319e-05,0.006108905344077786,0.0033904091967709915,0.2598187311178248,0.17522658610271905,1.0
2026-03-17,2025-03-14,1.9003256312626262e-05,1.0005389932752696e-05,4.099961468144337e-05,7.903219400890607e-06,2026-03-13,250,62267,319,1.0,3.100126996834469e-05,8.85875146082792e-06,0.0055678784081860735,0.0029763654783692005,0.29153605015673983,0.2225705329153605,1.0
2026-03-18,2025-03-17,0.00013924776735592482,0.00010242659047462118,0.00010913616267176521,5.200027557853194e-05,2026-03-16,250,62407,261,1.0,0.00012251909808694725,7.441197108790494e-05,0.011068834540589503,0.008626237365613408,0.011494252873563218,0.0038314176245210726,1.0
2026-03-19,2025-03-18,6.777661562079411e-05,4.670570197078081e-05,7.824538617512953e-05,2.4390454877032815e-05,2026-03-17,250,62539,311,1.0,7.343177141863445e-05,3.465116334779154e-05,0.008569234004193984,0.00588652387643094,0.05144694533762058,0.05466237942122187,1.0
2026-03-20,2025-03-19,3.438045489039562e-05,1.932331718030628e-05,8.492481766522398e-05,2.842031505443521e-05,2026-03-18,250,62599,343,0.01,6.164199166399108e-05,2.4229861223203807e-05,0.007851241409101562,0.0049223836932124464,0.25072886297376096,0.1749271137026239,1.0
2026-03-23,2025-03-20,2.7981492331343545e-05,1.55335476816482e-05,6.347621361551446e-05,1.9234491354955627e-05,2026-03-19,250,62719,329,0.01,4.7832643444679264e-05,1.760337636216056e-05,0.006916114765146633,0.004195637777759248,0.25835866261398177,0.16717325227963525,1.0
2026-03-24,2025-03-21,8.225523103409613e-05,5.3782612371391166e-05,9.066538736011768e-05,3.9176607629226264e-05,2026-03-20,250,62878,266,0.01,8.712426890705598e-05,4.532650436276938e-05,0.00933403818864354,0.006732496146509805,0.04887218045112782,0.03383458646616541,1.0
2026-03-25,2025-03-24,2.6712807751635948e-05,1.7649601990473224e-05,5.303943519736547e-05,1.5051550557566771e-05,2026-03-23,250,63007,333,0.01,4.125965294687388e-05,1.6214042039557946e-05,0.0064233677262689765,0.0040266663680466434,0.3303303303303303,0.24924924924924924,1.0
2026-03-26,2025-03-25,3.153822500848498e-05,2.059793975322721e-05,7.939316351369292e-05,2.895791926675185e-05,2026-03-24,250,63129,325,0.01,5.877872846529565e-05,2.5356697322464314e-05,0.007666728667775824,0.005035543398925712,0.28307692307692306,0.22153846153846155,1.0
2026-03-27,2025-03-26,5.167689257696436e-05,3.9916851442363936e-05,0.00011267227253021433,4.633701802345987e-05,2026-03-25,250,63302,300,0.01,8.278453635312183e-05,4.3191136398722856e-05,0.00909860079095252,0.006571996378477613,0.23333333333333334,0.2,1.0
2026-03-30,2025-03-27,7.704578076654505e-05,5.685382684788794e-05,0.00016273556463057668,8.990564100624334e-05,2026-03-26,250,63490,277,0.01,0.00012499493780237503,7.534852430111931e-05,0.011180113496846757,0.008680352775153744,0.10830324909747292,0.10108303249097472,1.0
2026-03-31,2025-03-28,0.00023027231259336656,0.0001804730232650246,0.00013972497706383886,8.251723895742815e-05,2026-03-27,250,63618,236,0.01,0.00017080266425829538,0.00011613765645283201,0.01306914933185383,0.010776718259880046,0.00847457627118644,0.00847457627118644,1.0
2026-04-01,2025-03-31,1.9615547577557642e-05,1.3474153811806231e-05,3.334346025340367e-05,9.68972586711876e-06,2026-03-30,250,63739,293,0.01,2.828334227049797e-05,1.1084668590757827e-05,0.00531820855838674,0.0033293645926449427,0.27986348122866894,0.25597269624573377,1.0
2026-04-02,2025-04-01,4.992522561001854e-05,3.5524640505745956e-05,3.312252841499486e-05,9.158240708506065e-06,2026-03-31,250,63811,317,0.01,4.017224048735495e-05,2.0220484156559394e-05,0.0063381574994121875,0.004496719265927037,0.167192429022082,0.12618296529968454,1.0
2026-04-06,2025-04-02,8.229506621537757e-05,6.162896718250563e-05,2.5104899392176303e-05,6.627004858829773e-06,2026-04-01,250,63905,286,0.01,4.570135807325928e-05,2.6435403877496256e-05,0.006760277958283911,0.005141537112332873,0.13986013986013987,0.0944055944055944,1.0
2026-04-07,2025-04-03,3.298049585980155e-05,2.736391809268234e-05,3.8324360118537896e-05,1.247478538672798e-05,2026-04-02,250,64018,278,0.01,3.6536664521190845e-05,1.7455682299151566e-05,0.006044556602530151,0.004177999796451834,0.302158273381295,0.2446043165467626,1.0
2026-04-08,2025-04-04,1.5758129223719796e-05,1.3738653361607526e-05,1.5074609530049208e-05,6.508182084168855e-06,2026-04-06,250,64104,259,0.01,1.529893066503762e-05,8.881116673289655e-06,0.0039113847503202265,0.0029801202447702767,0.2857142857142857,0.2702702702702703,1.0
2026-04-09,2025-04-07,0.00010580021659783413,7.78027745662109e-05,3.280512195992057e-05,2.3304890721943552e-05,2026-04-07,250,64199,239,0.01,5.907113927732878e-05,4.291500792113598e-05,0.007685775125342192,0.006550954733558764,0.08368200836820083,0.029288702928870293,1.0
2026-04-10,2025-04-08,8.802459690068515e-06,9.544996321758301e-06,7.646066374021779e-06,5.716854136783615e-06,2026-04-08,250,64258,326,0.01,8.167507531871073e-06,7.443040950253795e-06,0.002857885150224038,0.002728193715675959,0.39570552147239263,0.3282208588957055,1.0
2026-04-13,2025-04-09,9.606439410517998e-06,9.402814610308313e-06,6.8159611980926846e-06,5.988938641158989e-06,2026-04-09,250,64312,324,100.0,8.038948562797606e-06,7.485143541218261e-06,0.002835303963034229,0.002735899037102477,0.33641975308641975,0.2932098765432099,1.0
2026-04-14,2025-04-10,1.1822410459221937e-05,1.1017332594022583e-05,8.604091348647941e-06,8.353090844187835e-06,2026-04-10,250,64469,322,0.01,1.0063329206237391e-05,9.561101078584957e-06,0.0031722750836327847,0.0030921030187535726,0.2639751552795031,0.2360248447204969,1.0
2026-04-15,2025-04-11,1.275730478139406e-05,1.2351071053849959e-05,7.997436186471675e-06,8.004634550907152e-06,2026-04-13,250,64600,322,0.01,1.0170419675457981e-05,9.988877302250608e-06,0.0031891095427184655,0.0031605185179414165,0.30124223602484473,0.2329192546583851,1.0
2026-04-16,2025-04-14,9.29180101285479e-06,1.31978457998547e-05,7.516611465673961e-06,7.407142649250081e-06,2026-04-14,250,64714,344,0.01,8.36292276142296e-06,1.0167826709422052e-05,0.00289187184387949,0.0031887029823146045,0.3168604651162791,0.27325581395348836,1.0
2026-04-17,2025-04-15,1.0781966316412295e-05,1.1655351490246569e-05,6.517220819043259e-06,7.523239345619124e-06,2026-04-15,250,64826,345,1.0,8.55688170908932e-06,9.499466893049642e-06,0.0029252148141784935,0.003082120518904094,0.2782608695652174,0.2463768115942029,1.0
2026-04-20,2025-04-16,1.1752991796247616e-05,1.30888060498766e-05,7.3603506884226005e-06,5.286411416786964e-06,2026-04-16,250,64958,353,1.0,9.525561886047394e-06,9.13235098097279e-06,0.003086350901314916,0.003021977991477236,0.24645892351274787,0.22946175637393768,1.0
2026-04-21,2025-04-17,1.2501017223689158e-05,1.614232836640663e-05,1.1008713200823847e-05,4.2590544370230395e-06,2026-04-17,250,65090,326,100.0,1.168620091672589e-05,9.653914993921112e-06,0.0034185085807594356,0.003107074990070422,0.27300613496932513,0.25153374233128833,1.0
2026-04-22,2025-04-21,6.866106653246045e-06,9.931959947485773e-06,7.840896538378453e-06,5.648506414627248e-06,2026-04-20,250,65239,324,100.0,7.377570481864902e-06,7.68446889629457e-06,0.0027161683456415034,0.002772087461876802,0.2993827160493827,0.2962962962962963,1.0
2026-04-23,2025-04-22,1.1833698332863926e-05,1.6252690303438427e-05,1.299232967604101e-05,8.764681052808746e-06,2026-04-21,250,65349,309,100.0,1.2437386508435158e-05,1.2351170920424258e-05,0.0035266679044723163,0.0035144232699582814,0.24919093851132687,0.2686084142394822,1.0
2026-04-24,2025-04-23,5.023684737806525e-06,8.671851755251247e-06,2.3681056676491075e-05,1.8412329171465922e-05,2026-04-22,250,65470,304,100.0,1.441374364115763e-05,1.357413150749087e-05,0.003796543644047521,0.0036843088235774795,0.26973684210526316,0.27631578947368424,1.0
2026-04-27,2025-04-24,8.673832576791272e-06,1.658940154286777e-05,8.567943854467961e-06,5.434002474382831e-06,2026-04-23,250,65573,309,100.0,8.616947373213054e-06,1.0596533434879098e-05,0.0029354637407423474,0.003255231702180215,0.2783171521035599,0.27184466019417475,1.0
2026-04-28,2025-04-25,6.006154460048643e-06,8.497929329436871e-06,6.161516514870157e-06,5.571217731794043e-06,2026-04-24,250,65654,313,100.0,6.09401095750362e-06,6.842887946744282e-06,0.002468605063087982,0.002615891424876859,0.36421725239616615,0.34185303514376997,1.0
2026-04-29,2025-04-28,8.156402382743281e-06,1.2575279236929876e-05,7.657104268046276e-06,6.072989532992539e-06,2026-04-27,250,65740,325,100.0,7.88294064607846e-06,9.014025183696502e-06,0.0028076575015621935,0.0030023366206500734,0.38461538461538464,0.3630769230769231,1.0
2026-04-30,2025-04-29,1.0937194898022086e-05,1.490402318705215e-05,4.948561676929792e-05,4.5230609475166244e-05,2026-04-28,250,65824,294,100.0,2.8900235021711847e-05,2.9035799790697153e-05,0.0053758938811803055,0.0053884877090606,0.21768707482993196,0.19047619047619047,1.0
2026-05-04,2025-04-30,4.7273972329551465e-06,7.471786722744226e-06,6.901015310841437e-06,5.635566967027151e-06,2026-04-29,250,65914,306,100.0,5.949169485884697e-06,6.439663199922865e-06,0.002439091938792939,0.002537649148310866,0.39215686274509803,0.32679738562091504,1.0
2026-05-05,2025-05-01,6.7305617040102775e-06,7.44374570614165e-06,7.050458058465817e-06,7.531068744231941e-06,2026-04-30,250,65992,244,100.0,6.944262957191642e-06,7.5020803586363935e-06,0.002635196948463557,0.002738992580975055,0.4016393442622951,0.2540983606557377,1.0
2026-05-06,2025-05-02,2.588995962570143e-05,1.9150544331708273e-05,2.0900637398432893e-05,2.074287354017189e-05,2026-05-04,250,66078,229,100.0,2.2730781796208247e-05,2.0158787716979995e-05,0.004767680966277866,0.004489853863655252,0.12663755458515283,0.08296943231441048,1.0
2026-05-07,2025-05-05,6.548044905707536e-06,7.2556848215460344e-06,5.578726719394915e-06,6.54786668146435e-06,2026-05-05,250,66091,315,100.0,6.000303200426119e-06,6.85571139635702e-06,0.002449551632529129,0.0026183413445074384,0.33015873015873015,0.26666666666666666,1.0
2026-05-08,2025-05-06,5.879783385847743e-06,6.9809244934339335e-06,4.442336783167803e-06,5.924110706135038e-06,2026-05-06,250,66091,336,100.0,5.122557050507417e-06,6.4242100876246945e-06,0.002263306662939739,0.002534602550228476,0.36904761904761907,0.31547619047619047,1.0
2026-05-11,2025-05-07,6.431968891569883e-06,7.0047507524799055e-06,4.430571178791313e-06,3.81070164477047e-06,2026-05-07,250,66174,268,100.0,5.1176181548197775e-06,4.907166263834905e-06,0.002262215320171751,0.0022152124647163993,0.4216417910447761,0.31716417910447764,1.0
2026-05-12,2025-05-08,5.368219610342183e-06,6.9965422830074116e-06,6.150423712783026e-06,5.524721002965098e-06,2026-05-08,250,66284,315,100.0,5.797811069777947e-06,6.188208691111158e-06,0.0024078644209709872,0.002487611040961018,0.35555555555555557,0.34285714285714286,1.0
2026-05-15,2025-05-09,6.7691059676059405e-06,6.892153452747731e-06,1.42516091136412e-05,1.0013825340823699e-05,2026-05-11,250,66331,309,100.0,1.0546680371429569e-05,8.468143143815212e-06,0.0032475652990247277,0.002910007413017227,0.30097087378640774,0.22653721682847897,1.0
2026-05-18,2025-05-12,8.223357347413827e-06,5.20812945558415e-06,7.540533737590209e-06,4.973330979697202e-06,2026-05-12,250,66426,324,100.0,7.867193180561382e-06,5.085657411062872e-06,0.0028048517216711084,0.0022551402198228987,0.3734567901234568,0.24074074074074073,1.0
2026-05-19,2025-05-13,6.33678881678859e-06,7.840261042443046e-06,5.925870346359623e-06,4.672687416859724e-06,2026-05-15,250,66524,318,0.01,6.109362241959979e-06,6.087138532686239e-06,0.002471712410852035,0.00246721270519715,0.4339622641509434,0.36477987421383645,1.0
2026-05-20,2025-05-14,4.0475479861936775e-05,2.5201886468820226e-05,4.072102204697689e-05,3.430665337276697e-05,2026-05-18,250,66623,258,100.0,4.0610623235098396e-05,3.021303724541107e-05,0.006372646485966281,0.005496638722474952,0.05426356589147287,0.003875968992248062,1.0
2026-05-21,2025-05-15,4.45988472295595e-06,9.637231677366705e-06,4.51869159619192e-06,6.657621533048354e-06,2026-05-19,250,66718,319,100.0,4.492145546831482e-06,8.002649309793941e-06,0.0021194682226519657,0.0028288954222088062,0.43260188087774293,0.3824451410658307,1.0
2026-05-22,2025-05-16,3.862486030337626e-06,9.449439980942806e-06,3.863030593961658e-06,6.187141029661814e-06,2026-05-20,250,66753,330,100.0,3.862778114463243e-06,7.699661452528457e-06,0.0019653951547877703,0.002774826382411782,0.3696969696969697,0.39090909090909093,1.0
2026-05-26,2025-05-19,4.639487219447354e-06,7.283429620408665e-06,3.7200449904506214e-06,5.6902791287895745e-06,2026-05-21,250,66856,303,100.0,4.108456229102707e-06,6.363293197856385e-06,0.0020269327144981173,0.0025225568770309986,0.41254125412541254,0.4158415841584158,1.0
2026-05-27,2025-05-20,6.83353215046785e-06,5.519758362152366e-06,3.439164308059731e-06,7.703657319080551e-06,2026-05-22,250,66977,294,100.0,5.009348071894779e-06,6.693418345807649e-06,0.0022381572938233764,0.0025871641513069187,0.4421768707482993,0.32653061224489793,1.0
2026-05-28,2025-05-21,1.39547862351323e-05,9.332079497615877e-06,9.627268768700344e-06,1.3747301493045355e-05,2026-05-26,250,67075,270,100.0,1.166280476217019e-05,1.1670511887787786e-05,0.0034150848835966274,0.0034162130916832144,0.21481481481481482,0.2,1.0
2026-05-29,2025-05-22,4.129128906466878e-06,7.733289070397214e-06,3.4682186183179305e-06,1.0377742924320752e-05,2026-05-27,250,67144,317,100.0,3.7746975216551396e-06,9.15145044316378e-06,0.0019428580806778294,0.0030251364338098503,0.3785488958990536,0.4479495268138801,1.0
2026-06-01,2025-05-23,7.883241310560333e-05,5.435425005032583e-05,1.0931027874360303e-05,1.5195651890261194e-05,2026-05-28,250,67184,227,100.0,3.695490679558561e-05,3.020357277099081e-05,0.00607905476168669,0.005495777722123668,0.048458149779735685,0.05286343612334802,1.0
2026-06-02,2025-05-27,9.194916908057113e-06,4.373861902574873e-06,4.0632490335781845e-06,9.051202161942963e-06,2026-05-29,250,67273,270,100.0,6.020885296805331e-06,7.266883470406249e-06,0.002453749232665256,0.0026957157621689733,0.44074074074074077,0.3296296296296296,1.0
2026-06-03,2025-05-28,0.00016725562102474356,0.00013262073392092047,9.044646883378164e-06,1.1819392467525892e-05,2026-06-01,250,67278,227,100.0,6.271092445555939e-05,5.2796058951717e-05,0.007919022948290994,0.007266089660313655,0.03524229074889868,0.05286343612334802,1.0
2026-06-04,2025-05-29,5.108947914336685e-06,4.270097204127002e-06,4.242396847125845e-06,9.28733651809138e-06,2026-06-02,250,67331,283,100.0,4.609838995766484e-06,7.15988521888387e-06,0.002147053561457302,0.0026757961841074275,0.35335689045936397,0.21908127208480566,1.0
2026-06-05,2025-05-30,0.00021950399088784177,0.00017879822422045102,0.00011709657475618217,9.929971904896875e-05,2026-06-03,250,67344,247,1.0,0.00016353232620049747,0.0001353476242279405,0.012787975844538394,0.011633899785881795,0.012145748987854251,0.004048582995951417,1.0
2026-06-08,2025-06-02,9.20290639961033e-06,5.905907042852148e-06,4.718198574728256e-06,3.014663455174198e-06,2026-06-04,250,67413,299,1.0,6.608075450765519e-06,4.23304704061708e-06,0.0025706177177413055,0.002057437007691142,0.45819397993311034,0.35785953177257523,1.0
2026-06-09,2025-06-03,9.239829393702217e-06,9.828935568184965e-06,7.760647234728534e-06,3.0568363905712083e-06,2026-06-05,250,67448,272,0.01,8.315340544343664e-06,5.596373582176369e-06,0.002883633219454871,0.0023656655685401454,0.45955882352941174,0.25,1.0
2026-06-10,2025-06-04,1.0182905434513517e-05,1.2018271584503185e-05,1.5270754741676662e-05,3.932116254991478e-06,2026-06-08,250,67536,250,0.01,1.3622291566155803e-05,6.552030581753271e-06,0.0036908388702510168,0.0025596934546451592,0.392,0.2,1.0
2026-06-11,2025-06-05,0.00018780169894286013,0.00013833771306060323,9.917387875938768e-05,8.206424326545568e-05,2026-06-09,250,67598,220,100.0,0.00013220788446413652,0.00010303890018910159,0.011498168743940773,0.010150807858939188,0.013636363636363636,0.0,1.0
2026-06-12,2025-06-06,7.008157588174522e-06,9.8515394332576e-06,4.985426634072832e-06,5.2120162469266855e-06,2026-06-10,250,67650,311,100.0,5.882972845217635e-06,7.270711422854873e-06,0.002425484043488564,0.002696425675381184,0.40514469453376206,0.40514469453376206,1.0
2026-06-15,2025-06-09,6.005135797693514e-06,8.073558585142237e-06,1.0622622673051859e-05,1.3747079935446277e-05,2026-06-11,250,67660,281,0.01,8.354960079459505e-06,1.0960795428891267e-05,0.00289049478108152,0.00331070920331147,0.27402135231316727,0.2491103202846975,1.0
2026-06-16,2025-06-10,2.7679635844982156e-05,1.8988550641532464e-05,1.8706874932253448e-05,1.987722465949166e-05,2026-06-12,250,67771,268,0.01,2.262408771878053e-05,1.9489258763591564e-05,0.004756478499770658,0.004414664060105997,0.13432835820895522,0.12313432835820895,1.0
2026-06-17,2025-06-11,1.054119612278077e-05,7.1809915151076166e-06,8.379668238457665e-06,5.768744822948037e-06,2026-06-15,250,67850,317,1.0,9.320648831633026e-06,6.383539912910252e-06,0.0030529737685792563,0.002526566823361348,0.3501577287066246,0.22712933753943218,1.0
2026-06-18,2025-06-12,1.3402342825624627e-05,1.5504785341514198e-05,8.69349461687189e-06,8.499256510024053e-06,2026-06-16,250,67910,317,0.01,1.0877092997586885e-05,1.174787713535229e-05,0.0032980438137761125,0.0034275176345793306,0.24605678233438485,0.14195583596214512,1.0
2026-06-22,2025-06-13,0.00011934398047703189,9.774732981484488e-05,3.0437987241007047e-05,2.753029227387586e-05,2026-06-17,250,68044,261,0.01,7.165494195962394e-05,6.008301849018717e-05,0.008464924214641496,0.007751323660523226,0.011494252873563218,0.011494252873563218,1.0
2026-06-23,2025-06-16,1.3716425787494947e-05,1.734205624297804e-05,1.255901038466776e-05,7.534594175323871e-06,2026-06-18,250,68162,292,0.01,1.3014841793315453e-05,1.1397122044434244e-05,0.0036076088747694717,0.0033759623878879697,0.3561643835616438,0.3047945205479452,1.0
2026-06-24,2025-06-17,1.3304745040917043e-05,1.1332249648374504e-05,2.7027862447803448e-05,2.1029063489924724e-05,2026-06-22,250,68214,290,0.01,2.0260945933373253e-05,1.6247531147367203e-05,0.00450121605051049,0.004030822639036255,0.2689655172413793,0.2103448275862069,1.0
2026-06-25,2025-06-18,3.5250637791182575e-05,2.683689120671191e-05,1.102853287180181e-05,5.970700619729072e-06,2026-06-23,250,68289,309,1.0,2.1454228516713275e-05,1.4951941228365694e-05,0.004631870952079006,0.0038667740079251713,0.3074433656957929,0.18446601941747573,1.0
2026-06-26,2025-06-20,3.152405149845684e-05,3.59265654063214e-05,1.882312125364022e-05,1.3835870820904887e-05,2026-06-24,250,68370,199,1.0,2.3546080239149927e-05,2.2050500968245698e-05,0.004852430343564957,0.0046957960952585765,0.19597989949748743,0.21608040201005024,1.0
2026-06-29,2025-06-23,8.250636021144802e-06,1.68186000703975e-05,5.0186248383092445e-05,3.8789177447984736e-05,2026-06-25,250,68466,277,0.01,2.9294138253313475e-05,2.7843546841100116e-05,0.005412405957918667,0.005276698479267137,0.22743682310469315,0.23104693140794225,1.0
2026-06-30,2025-06-24,6.219880927807031e-06,1.4830938245224938e-05,6.153925490718978e-06,8.728669886573774e-06,2026-06-26,250,68449,311,0.01,6.182979815095388e-06,1.1416807395047118e-05,0.002486559835414259,0.003378876646911976,0.3890675241157556,0.40514469453376206,1.0
2026-07-01,2025-06-25,2.2155312861870156e-05,2.6901624986933062e-05,6.905974707400991e-06,9.693784490332518e-06,2026-06-29,250,68515,285,0.01,1.3166229318183068e-05,1.6758055852094848e-05,0.003628529911435631,0.004093660446604585,0.22807017543859648,0.14736842105263157,1.0
2026-07-02,2025-06-26,3.6257445614876466e-06,1.3321313675908558e-05,5.76526814056331e-06,9.07030122247875e-06,2026-06-30,250,68621,319,0.01,4.779343481867001e-06,1.1029231726096875e-05,0.0021861709635495117,0.0033210287150364833,0.4106583072100313,0.3949843260188088,1.0
2026-07-06,2025-06-27,1.9303442441869157e-05,2.0387589902105607e-05,5.929124713323671e-06,1.0589537493426574e-05,2026-07-01,250,68697,265,100.0,1.1581666545765535e-05,1.4730601152943749e-05,0.0034031847651524207,0.0038380465282411244,0.2037735849056604,0.17358490566037735,1.0
2026-07-07,2025-06-30,1.2344089031430126e-05,2.015104836136516e-05,8.257190781927722e-06,1.0736165832357954e-05,2026-07-02,250,68811,260,100.0,9.6718863298324e-06,1.399516363086045e-05,0.003109965647693299,0.003741011043937247,0.29615384615384616,0.2423076923076923,1.0
2026-07-08,2025-07-01,7.634289776812423e-05,6.50177402486927e-05,8.278527885363097e-06,8.057046738998743e-06,2026-07-06,250,68867,254,0.01,3.185988438017798e-05,2.7791460238420273e-05,0.005644456074785061,0.005271760639332961,0.19291338582677164,0.1062992125984252,1.0
2026-07-09,2025-07-02,0.00012348127526665747,0.00010933501678426865,1.8294318011262338e-05,1.927843692291114e-05,2026-07-07,250,68910,249,100.0,6.391757657986745e-05,5.8339122163981864e-05,0.00799484687657415,0.007638005116781597,0.03614457831325301,0.0321285140562249,1.0
2026-07-10,2025-07-03,2.957866549942539e-05,2.141632214784183e-05,8.733881413717423e-06,1.4655347921746315e-05,2026-07-08,250,68950,272,100.0,1.8543191571697645e-05,1.7836982851673617e-05,0.004306180624601997,0.004223385236001283,0.15073529411764705,0.11397058823529412,1.0
2026-07-13,2025-07-07,4.0383538944581064e-05,4.0149824148471654e-05,2.4146780248698762e-05,2.225280410274282e-05,2026-07-09,250,68997,256,100.0,3.194803540336096e-05,3.0851762952839096e-05,0.0056522593184815005,0.00555443633079353,0.078125,0.03125,1.0
2026-07-14,2025-07-08,4.316720581690458e-06,8.804946126438e-06,6.963900853553422e-06,9.711529457403415e-06,2026-07-10,250,69069,306,100.0,5.761423540517632e-06,9.299715460657689e-06,0.00240029655261962,0.0030495434839755424,0.33986928104575165,0.369281045751634,1.0
2026-07-15,2025-07-09,5.0086507773232025e-05,4.673691271335779e-05,1.1126543393099207e-05,1.2724341587234832e-05,2026-07-13,250,69132,274,100.0,2.74783532606732e-05,2.699969078250542e-05,0.0052419798989192246,0.005196122668154152,0.13503649635036497,0.05474452554744526,1.0
2026-07-16,2025-07-10,3.987224703959235e-06,1.576836722591299e-05,9.969161661544532e-06,9.731187370018883e-06,2026-07-14,250,69234,295,1.0,7.353331602125876e-06,1.2371174493443763e-05,0.00271170271271131,0.0035172680440142406,0.3898305084745763,0.4440677966101695,1.0
2026-07-17,2025-07-11,9.231398656040196e-06,2.2809195529620904e-05,1.3400847615562994e-05,6.322214059278388e-06,2026-07-15,250,69306,332,100.0,1.1378916041818505e-05,1.431740688073967e-05,0.003373264893514665,0.0037838349436437723,0.22289156626506024,0.22289156626506024,1.0
2026-07-20,2025-07-14,1.1078649944663035e-05,2.1042084660488306e-05,1.2069131320690385e-05,6.025900434313178e-06,2026-07-16,250,69407,334,100.0,1.15887181981861e-05,1.3309199370362195e-05,0.0034042206447564617,0.003648177540959622,0.25748502994011974,0.2874251497005988,1.0
2026-07-21,2025-07-15,6.156460097892788e-06,2.2389123472381427e-05,8.583727322648412e-06,8.24758706058304e-06,2026-07-17,250,69536,342,1.0,7.384288255444609e-06,1.5235656223138382e-05,0.0027174046911427473,0.0039032878734649307,0.3333333333333333,0.3216374269005848,1.0
2026-07-22,2025-07-16,5.461388907636011e-06,1.7435683410742996e-05,8.915416681419923e-06,9.018466870521303e-06,2026-07-20,250,69649,334,100.0,7.2194269960888995e-06,1.3151471399252915e-05,0.0026868991414061116,0.003626495746482121,0.31137724550898205,0.38023952095808383,1.0
2026-07-23,2025-07-17,1.491116952068644e-05,2.7750253461009305e-05,2.0522640892492147e-05,1.110454105871906e-05,2026-07-21,250,69768,307,0.01,1.7853993269418425e-05,1.902074304808185e-05,0.004225398592963559,0.00436127768527548,0.16938110749185667,0.20846905537459284,1.0
2026-07-24,2025-07-18,5.33179836638121e-06,1.5881787016711627e-05,1.1578303582791862e-05,5.857337862865046e-06,2026-07-22,250,69884,332,1.0,8.662013496817009e-06,1.0537427076257276e-05,0.002943129881064886,0.003246140335268529,0.32228915662650603,0.3072289156626506,1.0
2026-07-27,2025-07-21,4.627550632691735e-06,2.0609252560638075e-05,1.091578118274463e-05,5.4745703305396004e-06,2026-07-23,250,69968,334,100.0,7.922282208318254e-06,1.2679404086784084e-05,0.0028146549003951185,0.0035608150874180595,0.25149700598802394,0.3143712574850299,1.0
2026-07-28,2025-07-22,2.163853333699482e-05,2.870663157151166e-05,1.6549627649537955e-05,1.027389552818581e-05,2026-07-24,250,70073,291,100.0,1.8927947833366593e-05,1.888850756218002e-05,0.004350626142679533,0.004346091066945102,0.16151202749140894,0.12027491408934708,1.0
2026-07-29,2025-07-23,4.488558341568043e-06,1.6180123859057492e-05,1.876003484435386e-05,4.845237817811973e-06,2026-07-27,250,70194,285,100.0,1.3001368887089406e-05,9.418963764279464e-06,0.003605741100951288,0.003069033034080843,0.40350877192982454,0.37894736842105264,1.0
2026-07-30,2025-07-24,1.1995385680258878e-05,1.5188778750479063e-05,2.016413001016068e-05,1.6360836423451082e-05,2026-07-28,250,70279,257,100.0,1.676313528915098e-05,1.587285910435378e-05,0.004094280802430505,0.003984075690088453,0.19455252918287938,0.22568093385214008,1.0
2026-07-31,2025-07-25,0.00017417179290881232,0.00013987991344202973,4.057086849853971e-05,3.7207967134781505e-05,2026-07-29,250,70348,268,0.01,0.0001053772870557615,8.701152317934221e-05,0.010265343981365724,0.009327996739886985,0.03731343283582089,0.007462686567164179,1.0
2026-08-03,2025-07-28,1.2814550320094004e-05,1.2814550320094004e-05,4.38495376528466e-06,1.1461191041342848e-05,2026-07-30,250,70392,319,0.01,8.348713900774947e-06,1.2097566877746212e-05,0.0028894141102955365,0.0034781556718678094,0.3573667711598746,0.3103448275862069,0.5297805642633229
2026-08-04,2025-07-29,1.846134220720002e-05,1.846134220720002e-05,5.3026969666625605e-06,8.996555535903507e-06,2026-07-31,250,70458,270,100.0,1.0273740724198934e-05,1.2572141611726635e-05,0.003205267652505627,0.003545721592529035,0.34074074074074073,0.3037037037037037,0.6222222222222222
2026-08-05,2025-07-30,2.44812536909081e-05,2.408397576118268e-05,4.357895325663444e-06,9.95202435870384e-06,2026-08-03,250,70559,287,100.0,1.2210913224295504e-05,1.546693222308583e-05,0.003494411713621551,0.003932802082877529,0.42857142857142855,0.3240418118466899,1.0
2026-08-06,2025-07-31,2.926943308515254e-05,1.733723239924224e-05,4.7223183675435376e-06,1.217057283729135e-05,2026-08-04,250,70641,283,100.0,1.4350338627807139e-05,1.4197071817420498e-05,0.0037881840805070624,0.0037679001867645724,0.3710247349823322,0.1978798586572438,1.0
2026-08-07,2025-08-01,3.7826500590196296e-05,1.4278480213959727e-05,4.919670698188004e-06,1.2657603046042089e-05,2026-08-05,250,70729,317,100.0,2.0594532886494794e-05,1.342969280110696e-05,0.004538119972686354,0.0036646545268424636,0.3312302839116719,0.23974763406940064,1.0
2026-08-10,2025-08-04,4.418555538622654e-05,1.6071121235993513e-05,3.387733522880894e-06,9.645545784182665e-06,2026-08-06,250,70793,290,100.0,1.9847544412575518e-05,1.2237933121637386e-05,0.004455058295081617,0.0034982757355070493,0.4103448275862069,0.29310344827586204,1.0
2026-08-11,2025-08-05,6.386748882828517e-05,2.5613156182561103e-05,1.2022241118494653e-05,1.7485418116866995e-05,2026-08-07,250,70923,281,100.0,3.6930100338500774e-05,2.139020330857057e-05,0.006077014097276784,0.004624954411512677,0.199288256227758,0.14590747330960854,1.0
2026-08-12,2025-08-06,6.506983159620152e-05,3.170076568077535e-05,3.82771042293642e-06,1.1978661559003579e-05,2026-08-10,250,71004,308,1.0,3.126736211745131e-05,2.0815188730446777e-05,0.005591722643108411,0.0045623665712486074,0.38311688311688313,0.29545454545454547,1.0
2026-08-13,2025-08-07,4.933859940155525e-05,1.9476260806666026e-05,3.4931814332666965e-06,1.2608885116872286e-05,2026-08-11,250,71072,273,0.01,2.129396643194284e-05,1.5275338681407584e-05,0.004614538593612891,0.003908367777142727,0.4542124542124542,0.2967032967032967,1.0
2026-08-14,2025-08-08,6.722041471093909e-05,2.760967648409295e-05,3.7850503535389753e-06,1.2036916355415155e-05,2026-08-12,250,71172,315,0.01,3.338822038699236e-05,1.9304204415464797e-05,0.005778254095052619,0.004393655017802922,0.2857142857142857,0.19365079365079366,1.0
2026-08-17,2025-08-11,5.050605113579915e-05,1.3769099473594319e-05,5.107082313468179e-06,1.2605330122492118e-05,2026-08-13,250,71245,310,100.0,2.6049187286349878e-05,1.3142165661871523e-05,0.005103840444836602,0.003625212498857346,0.4,0.27419354838709675,1.0
2026-08-18,2025-08-12,5.05995792243522e-05,1.7798208066594507e-05,5.567847074828111e-06,1.0047959081372235e-05,2026-08-14,250,71355,308,0.01,2.5451988543449136e-05,1.3470146944976877e-05,0.005044996386861851,0.0036701698795800824,0.35714285714285715,0.23376623376623376,1.0
2026-08-19,2025-08-13,4.5748793184108106e-05,1.2556349448259276e-05,4.616801558031606e-06,1.3142268127536686e-05,2026-08-17,250,71451,312,0.01,2.346896438665e-05,1.2873722066201204e-05,0.004844477720730068,0.003587996943449256,0.40064102564102566,0.27564102564102566,1.0
2026-08-20,2025-08-14,0.0001391817929146262,0.00010283315751080875,1.673310374583812e-05,2.051502352109028e-05,2026-08-18,250,71559,268,0.01,8.024193879979911e-05,6.320987659784725e-05,0.008957786489964979,0.007950463923435364,0.029850746268656716,0.03731343283582089,1.0
2026-08-21,2025-08-15,6.223886054913333e-05,2.160521664138007e-05,6.0571524726360995e-06,1.2325388983965938e-05,2026-08-19,250,71657,303,0.01,3.275737017235756e-05,1.673560410828157e-05,0.005723405469854251,0.004090917269791895,0.12871287128712872,0.12211221122112212,1.0
2026-08-24,2025-08-18,4.429044565042197e-05,2.2648204075493772e-05,4.22345452862416e-06,8.291164288512999e-06,2026-08-20,250,71719,330,100.0,2.3407044217242502e-05,1.5165140913794703e-05,0.004838082700537735,0.0038942445883373457,0.3242424242424242,0.2606060606060606,1.0
2026-08-25,2025-08-19,4.706140830113203e-05,1.898284977425215e-05,3.6552840369112754e-06,1.0144510544316662e-05,2026-08-21,250,71816,306,100.0,2.2237644424535192e-05,1.3928244005498194e-05,0.004715680695778202,0.003732056270408874,0.4150326797385621,0.3562091503267974,1.0
2026-08-26,2025-08-20,5.53053031672256e-05,1.5132888331025012e-05,3.422205007263322e-06,9.456135796375144e-06,2026-08-24,250,71899,298,100.0,2.535935389369032e-05,1.1856373445253945e-05,0.005035807173998059,0.003443308502770837,0.436241610738255,0.24161073825503357,1.0
2026-08-27,2025-08-21,8.570295393646422e-05,3.922633328983597e-05,9.606649478518568e-06,1.7676370767575426e-05,2026-08-25,250,71956,267,1.0,4.4947255294193705e-05,2.768459306255785e-05,0.006704271421578463,0.005261615062179848,0.056179775280898875,0.10486891385767791,1.0
2026-08-28,2025-08-22,4.2607715605512734e-05,1.728542984339466e-05,4.5888872548058866e-06,1.4736990339164922e-05,2026-08-26,250,71996,327,100.0,2.307510654459912e-05,1.5976139822872956e-05,0.0048036555397529416,0.003997016365099467,0.40061162079510704,0.3058103975535168,1.0
2026-08-31,2025-08-25,4.12215854998929e-05,1.1848199091596933e-05,4.331315816876803e-06,1.4359485928139214e-05,2026-08-27,250,72012,277,100.0,2.0579015821670902e-05,1.325343179796536e-05,0.004536410014722094,0.003640526307824922,0.49458483754512633,0.3898916967509025,1.0
2026-09-01,2025-08-27,3.4688389201194836e-05,9.185722837735325e-06,5.261366078418002e-06,1.0695112386681372e-05,2026-08-28,250,72094,269,100.0,1.7513509534741443e-05,1.006666766741759e-05,0.004184914519406752,0.003172801233518669,0.34572490706319703,0.24535315985130113,1.0
2026-09-02,2025-08-28,3.4281876612769284e-05,6.869154725702065e-06,1.3602767082831829e-05,1.8180762968890803e-05,2026-08-31,250,72134,249,100.0,2.3319457102922917e-05,1.2865669938958748e-05,0.0048290223754837705,0.0035868746756694395,0.24096385542168675,0.13654618473895583,1.0
2026-09-03,2025-08-29,4.8622585492701654e-05,1.7855095901650473e-05,1.75452867370518e-05,2.2840272335361478e-05,2026-09-01,250,72158,264,1.0,3.2024482748206844e-05,2.0517633315109757e-05,0.005659017825401051,0.0045296394244034215,0.14393939393939395,0.08333333333333333,1.0
2026-09-04,2025-09-02,0.00010151689869814584,7.503853909877739e-05,4.84945119332953e-06,1.388045693478577e-05,2026-09-02,250,72175,281,1.0,4.544289889997836e-05,3.9562498555252005e-05,0.006741134837694493,0.006289872697857407,0.1601423487544484,0.12811387900355872,1.0
