date,act_symbol,open,high,low,close
2018-06-01,AAPL,187.9900,190.2600,187.7500,190.2400
2018-06-04,AAPL,191.6400,193.4200,191.3500,191.8300
2018-06-05,AAPL,193.0700,193.9400,192.3600,193.3100
2018-06-06,AAPL,193.6300,194.0800,191.9200,193.9800
2018-06-07,AAPL,194.1400,194.2000,192.3400,193.4600
2018-06-08,AAPL,191.1700,192.0000,189.7700,191.7000
2018-06-11,AAPL,191.3500,191.9700,190.2100,191.2300
2018-06-12,AAPL,191.3900,192.6100,191.1500,192.2800
2018-06-13,AAPL,192.4200,192.8800,190.4400,190.7000
2018-06-14,AAPL,191.5500,191.5700,190.2200,190.8000
2018-06-15,AAPL,190.0300,190.1600,188.2600,188.8400
2018-06-18,AAPL,187.8800,189.2200,187.2000,188.7400
2018-06-19,AAPL,185.1400,186.3300,183.4500,185.6900
2018-06-20,AAPL,186.3500,187.2000,185.7300,186.5000
2018-06-21,AAPL,187.2500,188.3500,184.9400,185.4600
2018-06-22,AAPL,186.1200,186.1500,184.7000,184.9200
2018-06-25,AAPL,183.4000,184.9200,180.7300,182.1700
2018-06-26,AAPL,182.9900,186.5300,182.5400,184.4300
2018-06-27,AAPL,185.2300,187.2800,184.0300,184.1600
2018-06-28,AAPL,184.1000,186.2100,183.8000,185.5000
2018-06-29,AAPL,186.2900,187.1900,182.9100,185.1100
2018-07-02,AAPL,183.8200,187.3000,183.4200,187.1800
2018-07-03,AAPL,187.7900,187.9500,183.5400,183.9200
2018-07-05,AAPL,185.2600,186.4100,184.2800,185.4000
2018-07-06,AAPL,185.4200,188.4300,185.2000,187.9700
2018-07-09,AAPL,189.5000,190.6800,189.3000,190.5800
2018-07-10,AAPL,190.7100,191.2800,190.1800,190.3500
2018-07-11,AAPL,188.5000,189.7800,187.6100,187.8800
2018-07-12,AAPL,189.5300,191.4100,189.3100,191.0300
2018-07-13,AAPL,191.0800,191.8400,190.9000,191.3300
2018-07-16,AAPL,191.5200,192.6500,190.4200,190.9100
2018-07-17,AAPL,189.7500,191.8700,189.2000,191.4500
2018-07-18,AAPL,191.7800,191.8000,189.9300,190.4000
2018-07-19,AAPL,189.6900,192.5500,189.6900,191.8800
2018-07-20,AAPL,191.7800,192.4300,190.1700,191.4400
2018-07-23,AAPL,190.6800,191.9600,189.5600,191.6100
2018-07-24,AAPL,192.4500,193.6600,192.0500,193.0000
2018-07-25,AAPL,193.0600,194.8500,192.4300,194.8200
2018-07-26,AAPL,194.6100,195.9600,193.6100,194.2100
2018-07-27,AAPL,194.9900,195.1900,190.1000,190.9800
2018-07-30,AAPL,191.9000,192.2000,189.0700,189.9100
2018-07-31,AAPL,190.3000,192.1400,189.3400,190.2900
2018-08-01,AAPL,199.1300,201.7600,197.3100,201.5000
2018-08-02,AAPL,200.5800,208.3800,200.3500,207.3900
2018-08-03,AAPL,207.0300,208.7400,205.4800,207.9900
2018-08-06,AAPL,208.0000,209.2500,207.0700,209.0700
2018-08-07,AAPL,209.3200,209.5000,206.7600,207.1100
2018-08-08,AAPL,206.0500,207.8100,204.5200,207.2500
2018-08-09,AAPL,207.2800,209.7800,207.2000,208.8800
2018-08-10,AAPL,207.3600,209.1000,206.6700,207.5300
2018-08-13,AAPL,207.7000,210.9500,207.7000,208.8700
2018-08-14,AAPL,210.1600,210.5600,208.2600,209.7500
2018-08-15,AAPL,209.2200,210.7400,208.3300,210.2400
2018-08-16,AAPL,211.7500,213.8100,211.4700,213.3200
2018-08-17,AAPL,213.4400,217.9500,213.1600,217.5800
2018-08-20,AAPL,218.1000,219.1800,215.1100,215.4600
2018-08-21,AAPL,216.8000,217.1900,214.0300,215.0400
2018-08-22,AAPL,214.1000,216.3600,213.8400,215.0500
2018-08-23,AAPL,214.6500,217.0500,214.6000,215.4900
2018-08-24,AAPL,216.6000,216.9000,215.1100,216.1600
2018-08-27,AAPL,217.1500,218.7400,216.3300,217.9400
2018-08-28,AAPL,219.0100,220.5400,218.9200,219.7000
2018-08-29,AAPL,220.1500,223.4900,219.4100,222.9800
2018-08-30,AAPL,223.2500,228.2600,222.4000,225.0300
2018-08-31,AAPL,226.5100,228.8700,226.0000,227.6300
2018-09-04,AAPL,228.4100,229.1800,226.6300,228.3600
2018-09-05,AAPL,228.9900,229.6700,225.1000,226.8700
2018-09-06,AAPL,226.2300,227.3500,221.3000,223.1000
2018-09-07,AAPL,221.9400,225.3700,220.7100,221.3000
2018-09-10,AAPL,221.0000,221.8500,216.4700,218.3300
2018-09-11,AAPL,217.9100,224.2990,216.5600,223.8500
2018-09-12,AAPL,224.9700,225.0000,219.8400,221.0700
2018-09-13,AAPL,223.5100,228.3500,222.5700,226.4100
2018-09-14,AAPL,225.5000,226.8400,222.5220,223.8400
2018-09-17,AAPL,222.0000,222.9500,217.2700,217.8800
2018-09-18,AAPL,217.6800,221.8500,217.1200,218.2400
2018-09-19,AAPL,218.5000,219.6200,215.3000,218.3700
2018-09-20,AAPL,220.3200,222.2800,219.1500,220.0300
2018-09-21,AAPL,221.0000,221.3600,217.2900,217.6600
2018-09-24,AAPL,216.7200,221.2600,216.6300,220.7900
2018-09-25,AAPL,219.7300,222.8200,219.7000,222.1900
2018-09-26,AAPL,221.1500,223.7500,219.7600,220.4200
2018-09-27,AAPL,223.9900,226.4400,223.5400,224.9500
2018-09-28,AAPL,224.8000,225.8400,224.0200,225.7400
2018-10-01,AAPL,227.9500,229.4200,226.3500,227.2600
2018-10-02,AAPL,227.2300,230.0000,226.6300,229.2800
2018-10-03,AAPL,230.0500,233.4700,229.7800,232.0700
2018-10-04,AAPL,230.7800,232.3500,226.7300,227.9900
2018-10-05,AAPL,227.9600,228.4100,220.5800,224.2900
2018-10-08,AAPL,222.0600,224.8000,220.2000,223.7700
2018-10-09,AAPL,223.6000,227.2700,222.2460,226.8700
2018-10-10,AAPL,225.5000,226.3500,216.0500,216.3600
2018-10-11,AAPL,214.5300,219.5000,212.3200,214.4500
2018-10-12,AAPL,221.2000,222.8800,216.8400,222.1100
2018-10-15,AAPL,221.0400,221.8300,217.2700,217.3600
2018-10-16,AAPL,218.9300,222.9900,216.7630,222.1500
2018-10-17,AAPL,222.1500,222.6400,219.3400,221.1900
2018-10-18,AAPL,217.8600,219.7400,213.0000,216.0200
2018-10-19,AAPL,218.0400,221.2600,217.4300,219.3100
2018-10-22,AAPL,219.6600,223.3600,218.9400,220.6500
2018-10-23,AAPL,215.5800,223.2500,214.7000,222.7300
2018-10-24,AAPL,222.7000,224.2300,214.5400,215.0900
2018-10-25,AAPL,217.5100,221.3800,216.7500,219.8000
2018-10-26,AAPL,215.9800,220.1900,212.6700,216.3000
2018-10-29,AAPL,219.1900,219.6900,206.0900,212.2400
2018-10-30,AAPL,211.1500,215.1800,209.2700,213.3000
2018-10-31,AAPL,216.9800,220.4500,216.6200,218.8600
2018-11-01,AAPL,219.0300,222.3600,216.8100,218.8600
2018-11-02,AAPL,209.5500,213.6500,205.4300,207.4800
2018-11-05,AAPL,204.3000,204.3900,198.1700,201.5900
2018-11-06,AAPL,201.8200,204.7200,201.6900,201.5900
2018-11-07,AAPL,206.0000,210.0600,204.1300,209.9500
2018-11-08,AAPL,210.0400,210.1200,206.7500,208.4900
2018-11-09,AAPL,205.5500,206.0100,202.2500,204.4700
2018-11-12,AAPL,199.0100,199.8500,193.7900,194.1700
2018-11-13,AAPL,191.7200,197.1800,191.4500,192.2300
2018-11-14,AAPL,193.8200,194.4800,185.9300,186.8000
2018-11-15,AAPL,188.4600,191.9700,186.9000,191.4100
2018-11-16,AAPL,190.5300,194.9700,189.4600,193.5300
2018-11-19,AAPL,190.0000,190.7000,184.9900,185.8600
2018-11-20,AAPL,178.0500,181.4700,175.5100,176.9800
2018-11-21,AAPL,179.5600,180.2700,176.5500,176.7800
2018-11-23,AAPL,174.9600,176.5950,172.1000,172.2900
2018-11-26,AAPL,174.1800,174.9500,170.2600,174.6200
2018-11-27,AAPL,171.4800,174.7700,170.8800,174.2400
2018-11-28,AAPL,176.7400,181.2900,174.9300,180.9400
2018-11-29,AAPL,182.7300,182.8000,177.7000,179.5500
2018-11-30,AAPL,180.3300,180.3300,177.0300,178.5800
2018-12-03,AAPL,184.4500,184.9400,181.2100,184.8200
2018-12-04,AAPL,181.0000,182.3900,176.2700,176.6900
2018-12-06,AAPL,171.7400,174.7800,170.4200,174.7200
2018-12-07,AAPL,173.4500,174.4900,168.3000,168.4900
2018-12-10,AAPL,165.0000,170.0900,163.3300,169.6000
2018-12-11,AAPL,171.6900,171.7900,167.0000,168.6300
2018-12-12,AAPL,170.4000,171.9200,169.0200,169.1000
2018-12-13,AAPL,170.4400,172.5700,169.5500,170.9500
2018-12-14,AAPL,169.0000,169.0800,165.2800,165.4800
2018-12-17,AAPL,165.4200,168.3500,162.7300,163.9400
2018-12-18,AAPL,165.4900,167.5300,164.3900,166.0700
2018-12-19,AAPL,166.0000,167.4500,159.0900,160.8900
2018-12-20,AAPL,160.1900,162.1100,155.3000,156.8300
2018-12-21,AAPL,155.8500,158.1600,149.6300,150.7300
2018-12-24,AAPL,148.1500,151.5500,146.5900,146.8300
2018-12-26,AAPL,148.2000,157.2300,146.7200,157.1700
2018-12-27,AAPL,156.1300,156.7700,150.0700,157.1700
2018-12-28,AAPL,157.4800,158.5200,154.5500,156.2300
2018-12-31,AAPL,158.5300,159.3600,156.4800,157.7400
2019-01-02,AAPL,154.8000,158.8500,154.2300,157.9200
2019-01-03,AAPL,144.0100,145.7200,142.0000,142.1900
2019-01-04,AAPL,144.5000,148.5500,143.8000,148.2600
2019-01-07,AAPL,148.7000,148.8300,145.9000,147.9300
2019-01-08,AAPL,149.7400,151.8200,148.5200,150.7500
2019-01-09,AAPL,151.4000,154.5300,149.6300,153.3100
2019-01-10,AAPL,152.3200,153.9700,150.8600,153.8000
2019-01-11,AAPL,152.9100,153.7000,151.5100,152.2900
2019-01-14,AAPL,150.8500,151.2700,149.2200,150.0000
2019-01-15,AAPL,150.2800,153.3900,150.0500,153.0700
2019-01-16,AAPL,153.0500,155.8800,153.0000,154.9400
2019-01-17,AAPL,154.2200,157.6600,153.2600,155.8600
2019-01-18,AAPL,157.6000,157.8800,155.9810,156.8200
2019-01-22,AAPL,156.5900,156.7300,152.6200,153.3000
2019-01-23,AAPL,154.0300,155.1400,151.7000,153.9200
2019-01-24,AAPL,153.8000,154.4800,151.7400,152.7000
2019-01-25,AAPL,155.4800,158.1300,154.3200,157.7600
2019-01-28,AAPL,155.8400,156.3300,153.6600,156.3000
2019-01-29,AAPL,156.2100,158.1300,154.1100,154.6800
2019-01-30,AAPL,163.2200,166.1500,160.2300,165.2500
2019-01-31,AAPL,166.1400,169.0000,164.5600,166.4400
2019-02-01,AAPL,167.0100,168.9800,165.9300,166.5200
2019-02-04,AAPL,167.4800,171.6550,167.2800,171.2500
2019-02-05,AAPL,172.9300,175.0800,172.3500,174.1800
2019-02-06,AAPL,174.8000,175.5700,172.8530,174.2400
2019-02-07,AAPL,172.3200,173.9400,170.3400,170.9400
2019-02-08,AAPL,168.9900,170.6600,168.4200,170.4100
2019-02-11,AAPL,171.1000,171.2100,169.2500,169.4300
2019-02-12,AAPL,170.1000,171.0000,169.7000,170.8900
2019-02-13,AAPL,171.3200,172.4800,169.9200,170.1800
2019-02-14,AAPL,169.8500,171.2620,169.3800,170.1800
2019-02-15,AAPL,171.4700,171.7000,169.7500,170.4200
2019-02-19,AAPL,169.5500,171.4400,169.4900,170.9300
2019-02-20,AAPL,171.1000,173.3200,170.9900,172.0300
2019-02-21,AAPL,171.8000,172.3700,170.3000,171.0600
2019-02-22,AAPL,171.3800,173.0000,171.3800,172.9700
2019-02-25,AAPL,173.9900,175.8700,173.9500,174.2300
2019-02-26,AAPL,173.6200,175.3000,173.1730,174.3300
2019-02-27,AAPL,173.2300,175.0000,172.7300,174.8700
2019-02-28,AAPL,174.3200,174.9100,172.9200,173.1500
2019-03-01,AAPL,174.2300,175.1500,172.8900,174.9700
2019-03-04,AAPL,175.6400,177.7500,173.9700,175.8500
2019-03-05,AAPL,175.8600,176.0000,174.5400,175.5300
2019-03-06,AAPL,174.6700,175.4900,173.9400,174.5200
2019-03-07,AAPL,173.8700,174.4400,172.0200,172.5000
2019-03-08,AAPL,170.3200,173.0700,169.5000,172.9100
2019-03-11,AAPL,175.4100,179.1200,175.3500,178.9000
2019-03-12,AAPL,180.0000,182.6700,179.3700,180.9100
2019-03-13,AAPL,182.2900,183.3000,180.9200,181.7100
2019-03-14,AAPL,183.9000,184.1000,182.5600,183.7300
2019-03-15,AAPL,184.7000,187.3300,183.7400,186.1200
2019-03-18,AAPL,185.9000,188.3900,185.7900,188.0200
2019-03-19,AAPL,188.4000,188.9900,185.9200,186.5300
2019-03-20,AAPL,186.2300,189.4900,184.7300,188.1600
2019-03-21,AAPL,190.0000,196.3300,189.8100,195.0900
2019-03-22,AAPL,195.2800,197.6900,190.7800,191.0500
2019-03-25,AAPL,191.5400,191.9800,186.6000,188.7400
2019-03-26,AAPL,191.6000,192.8800,184.5800,186.7900
2019-03-27,AAPL,188.7100,189.7600,186.5500,188.4700
2019-03-28,AAPL,188.9400,189.5590,187.5300,188.7200
2019-03-29,AAPL,189.8500,190.0800,188.5400,189.9500
2019-04-01,AAPL,191.5700,191.6800,188.3800,191.2400
2019-04-02,AAPL,191.0500,194.4600,191.0500,194.0200
2019-04-03,AAPL,193.2500,196.5000,193.1500,195.3500
2019-04-04,AAPL,194.8000,196.3700,193.1400,195.6900
2019-04-05,AAPL,196.4100,197.1000,195.9300,197.0000
2019-04-08,AAPL,196.4200,200.2300,196.3400,200.1000
2019-04-09,AAPL,200.3200,202.8500,199.2300,199.5000
2019-04-10,AAPL,198.7700,200.7400,198.1800,200.6200
2019-04-11,AAPL,200.7400,201.0000,198.4430,198.9500
2019-04-12,AAPL,199.1400,200.1400,196.2100,198.8700
2019-04-15,AAPL,198.5300,199.8500,198.0100,199.2300
2019-04-16,AAPL,199.3200,201.3700,198.5600,199.2500
2019-04-17,AAPL,199.2800,203.3800,198.6100,203.1300
2019-04-18,AAPL,203.4500,204.1500,202.5200,203.8600
2019-04-22,AAPL,202.6600,204.9400,202.3400,204.5300
2019-04-23,AAPL,204.4300,207.7500,203.9000,207.4800
2019-04-24,AAPL,207.2500,208.4800,207.0500,207.1600
2019-04-25,AAPL,206.6600,207.7600,205.1200,205.2800
2019-04-26,AAPL,204.8600,205.0000,202.1200,204.3000
2019-04-29,AAPL,204.3100,205.9700,203.8600,204.6100
2019-04-30,AAPL,203.0000,203.4000,199.1100,200.6700
2019-05-01,AAPL,210.2000,215.3100,209.2300,210.5200
2019-05-02,AAPL,209.6500,212.6500,208.1300,209.1500
2019-05-03,AAPL,210.7800,211.8400,210.2300,211.7500
2019-05-06,AAPL,204.1600,208.8400,203.5000,208.4800
2019-05-07,AAPL,205.8600,207.4170,200.8250,202.8600
2019-05-08,AAPL,201.9000,205.3400,201.7500,202.9000
2019-05-09,AAPL,200.4900,201.6800,196.6600,200.7200
2019-05-10,AAPL,197.4700,198.8500,192.7700,197.1800
2019-05-13,AAPL,187.4800,189.4800,182.8500,185.7200
2019-05-14,AAPL,186.3300,189.7000,185.4100,188.6600
2019-05-15,AAPL,186.2700,191.7500,186.0200,190.9200
2019-05-16,AAPL,189.8800,192.4690,188.8400,190.0800
2019-05-17,AAPL,187.0400,190.9000,186.7600,189.0000
2019-05-20,AAPL,183.5000,184.3490,180.2840,183.0900
2019-05-21,AAPL,185.0500,188.0000,184.7000,186.6000
2019-05-22,AAPL,184.6600,185.7100,182.5500,182.7800
2019-05-23,AAPL,179.7200,180.5400,177.8100,179.6600
2019-05-24,AAPL,180.2000,182.1400,178.6200,178.9700
2019-05-28,AAPL,178.9000,180.5900,177.9100,178.2300
2019-05-29,AAPL,176.4400,179.3500,176.0000,177.3800
2019-05-30,AAPL,177.9500,179.2300,176.6700,178.3000
2019-05-31,AAPL,176.0000,177.9900,174.9900,175.0700
2019-06-03,AAPL,175.4400,177.9200,170.2700,173.3000
2019-06-04,AAPL,175.4300,179.8300,174.5200,179.6400
2019-06-05,AAPL,184.3900,184.9900,181.1400,182.5400
2019-06-06,AAPL,183.0000,185.4700,182.1490,185.2200
2019-06-07,AAPL,186.6300,191.9200,185.7700,190.1500
2019-06-10,AAPL,192.0000,195.3700,191.6200,192.5800
2019-06-11,AAPL,194.9300,196.0000,193.6000,194.8100
2019-06-12,AAPL,193.9900,195.9700,193.3850,194.1900
2019-06-13,AAPL,194.7000,196.7900,193.6000,194.1500
2019-06-14,AAPL,191.5500,193.5900,190.3000,192.7400
2019-06-17,AAPL,192.9000,194.9600,192.1700,193.8900
2019-06-18,AAPL,196.0500,200.2900,195.2100,198.4500
2019-06-19,AAPL,199.6800,199.8800,197.3100,197.8700
2019-06-20,AAPL,200.3700,200.6100,198.0300,199.4600
2019-06-21,AAPL,198.8000,200.8500,198.1500,198.7800
2019-06-24,AAPL,198.5400,200.1600,198.1700,198.5800
2019-06-25,AAPL,198.4300,199.2600,195.2900,195.5700
2019-06-26,AAPL,197.7700,200.9900,197.3500,199.8000
2019-06-27,AAPL,200.2900,201.5700,199.5700,199.7400
2019-06-28,AAPL,198.6800,199.5000,197.0500,197.9200
2019-07-01,AAPL,203.1000,204.4900,200.6500,201.5500
2019-07-02,AAPL,201.4600,203.1320,201.3600,202.7300
2019-07-03,AAPL,203.1300,204.4400,202.6900,204.4100
2019-07-05,AAPL,202.9000,205.0800,202.9000,204.2300
2019-07-08,AAPL,200.7800,201.4000,198.4100,200.0200
2019-07-09,AAPL,199.0500,201.5100,198.8100,201.2400
2019-07-10,AAPL,201.8500,203.7300,201.5600,203.2300
2019-07-11,AAPL,203.1500,204.3900,201.7100,201.7500
2019-07-12,AAPL,202.4400,204.0000,202.2000,203.3000
2019-07-15,AAPL,204.0600,205.8700,204.0000,205.2100
2019-07-16,AAPL,204.5900,206.1100,203.5000,204.5000
2019-07-17,AAPL,204.0500,205.0900,203.2700,203.3500
2019-07-18,AAPL,204.0000,205.8800,203.7000,205.6600
2019-07-19,AAPL,205.7900,206.5000,202.3600,202.5900
2019-07-22,AAPL,203.6500,207.2300,203.6100,207.2200
2019-07-23,AAPL,208.4600,208.9100,207.2900,208.8400
2019-07-24,AAPL,207.6700,209.1500,207.1700,208.6700
2019-07-25,AAPL,208.8900,209.2400,206.7300,207.0200
2019-07-26,AAPL,207.4800,209.7300,207.1400,207.7400
2019-07-29,AAPL,208.4600,210.6400,208.4400,209.6800
2019-07-30,AAPL,208.7600,210.1600,207.3100,208.7800
2019-07-31,AAPL,216.4200,221.3700,211.3000,213.0400
2019-08-01,AAPL,213.9000,218.0300,206.7400,208.4300
2019-08-02,AAPL,205.5300,206.4300,201.6300,204.0200
2019-08-05,AAPL,197.9900,198.6500,192.5800,193.3400
2019-08-06,AAPL,196.3100,198.0700,194.0400,197.0000
2019-08-07,AAPL,195.4100,199.5600,193.8200,199.0400
2019-08-08,AAPL,200.2000,203.5300,199.3900,203.4300
2019-08-09,AAPL,201.3000,202.7600,199.2900,200.9900
2019-08-12,AAPL,199.6200,202.0500,199.1500,200.4800
2019-08-13,AAPL,201.0200,212.1400,200.8300,208.9700
2019-08-14,AAPL,203.1600,206.4400,202.5900,202.7500
2019-08-15,AAPL,203.4600,205.1400,199.6700,201.7400
2019-08-16,AAPL,204.2800,207.1600,203.8400,206.5000
2019-08-19,AAPL,210.6200,212.7300,210.0300,210.3500
2019-08-20,AAPL,210.8800,213.3500,210.3200,210.3600
2019-08-21,AAPL,212.9900,213.6500,211.6000,212.6400
2019-08-22,AAPL,213.1900,214.4400,210.7500,212.4600
2019-08-26,AAPL,205.8600,207.1900,205.0600,206.4900
2019-08-27,AAPL,207.8600,208.5500,203.5300,204.1600
2019-08-28,AAPL,204.1000,205.7200,203.3200,205.5300
2019-08-29,AAPL,208.5000,209.3200,206.6600,209.0100
2019-08-30,AAPL,210.1600,210.4500,207.2000,208.7400
2019-09-03,AAPL,206.4300,206.9800,204.2200,205.7000
2019-09-04,AAPL,208.3900,209.4800,207.3200,209.1900
2019-09-05,AAPL,212.0000,213.9700,211.5100,213.2800
2019-09-06,AAPL,214.0500,214.4200,212.5100,213.2600
2019-09-09,AAPL,214.8400,216.4400,211.0700,214.1700
2019-09-10,AAPL,213.8600,216.7800,211.7100,216.7000
2019-09-11,AAPL,218.0700,223.7100,217.7300,223.5900
2019-09-12,AAPL,224.8000,226.4200,222.8600,223.0900
2019-09-13,AAPL,220.0000,220.7900,217.0200,218.7500
2019-09-16,AAPL,217.7300,220.1300,217.5600,219.9000
2019-09-18,AAPL,221.0600,222.8500,219.4400,222.7700
2019-09-19,AAPL,222.0100,223.7600,220.3700,220.9600
2019-09-20,AAPL,221.3800,222.5600,217.4700,217.7300
2019-09-23,AAPL,218.9500,219.8400,217.6500,218.7200
2019-09-24,AAPL,221.0300,222.4900,217.1900,217.6800
2019-09-25,AAPL,218.5500,221.5000,217.1400,221.0300
2019-09-26,AAPL,220.0000,220.9400,218.8300,219.8900
2019-09-27,AAPL,220.5400,220.9600,217.2800,218.8200
2019-09-30,AAPL,220.9000,224.5800,220.7900,223.9700
2019-10-01,AAPL,225.0700,228.2200,224.2000,224.5900
2019-10-02,AAPL,223.0600,223.5800,217.9300,218.9600
2019-10-03,AAPL,218.4300,220.9600,215.1300,220.8200
2019-10-04,AAPL,225.6400,227.4900,223.8900,227.0100
2019-10-07,AAPL,226.2700,229.9300,225.8400,227.0600
2019-10-08,AAPL,225.8200,228.0600,224.3300,224.4000
2019-10-09,AAPL,227.0300,227.7900,225.6400,227.0300
2019-10-10,AAPL,227.9300,230.4400,227.3000,230.0900
2019-10-11,AAPL,232.9500,237.6400,232.3100,236.2100
2019-10-14,AAPL,234.9000,238.1300,234.6700,235.8700
2019-10-15,AAPL,236.3900,237.6500,234.8800,235.3200
2019-10-16,AAPL,233.3700,235.2400,233.2000,234.3700
2019-10-17,AAPL,235.0900,236.1500,233.5200,235.2800
2019-10-18,AAPL,234.5900,237.5800,234.2900,236.4100
2019-10-21,AAPL,237.5200,240.9900,237.3200,240.5100
2019-10-22,AAPL,241.1600,242.2000,239.6200,239.9600
2019-10-23,AAPL,242.1000,243.2400,241.2200,243.1800
2019-10-24,AAPL,244.5100,244.8000,241.8100,243.5800
2019-10-25,AAPL,243.1600,246.7300,242.8800,246.5800
2019-10-28,AAPL,247.4200,249.2500,246.7200,249.0500
2019-10-29,AAPL,248.9700,249.7500,242.5700,243.2900
2019-10-30,AAPL,244.7600,245.3000,241.2100,243.2600
2019-10-31,AAPL,247.2400,249.1700,237.2600,248.7600
2019-11-01,AAPL,249.5400,255.9300,249.1600,255.8200
2019-11-04,AAPL,257.3300,257.8500,255.3800,257.5000
2019-11-05,AAPL,257.0500,258.1900,256.3200,257.1300
2019-11-06,AAPL,256.7700,257.4900,255.3700,257.2400
2019-11-07,AAPL,258.7400,260.3500,258.1100,259.4300
2019-11-08,AAPL,258.6900,260.4400,256.8500,260.1400
2019-11-11,AAPL,258.3000,262.4700,258.2800,262.2000
2019-11-12,AAPL,261.5500,262.7900,260.9200,261.9600
2019-11-13,AAPL,261.1300,264.7800,261.0700,264.4700
2019-11-14,AAPL,263.7500,264.8800,262.1000,262.6400
2019-11-15,AAPL,263.6800,265.7800,263.0100,265.7600
2019-11-18,AAPL,265.8000,267.4300,264.2300,267.1000
2019-11-19,AAPL,267.9000,268.0000,265.3900,266.2900
2019-11-20,AAPL,265.5400,266.0800,260.4000,263.1900
2019-11-21,AAPL,263.6900,264.0100,261.1800,262.0100
2019-11-22,AAPL,262.5900,263.1800,260.8400,261.7800
2019-11-25,AAPL,262.7100,266.4400,262.5200,266.3700
2019-11-26,AAPL,266.9400,267.1600,262.5000,264.2900
2019-11-27,AAPL,265.5800,267.9800,265.3100,267.8400
2019-11-29,AAPL,266.6000,268.0000,265.9000,267.2500
2019-12-02,AAPL,267.2700,268.2500,263.4500,264.1600
2019-12-03,AAPL,258.3100,259.5300,256.2900,259.4500
2019-12-04,AAPL,261.0700,263.3100,260.6800,261.7400
2019-12-05,AAPL,263.7900,265.8900,262.7300,265.5800
2019-12-06,AAPL,267.4800,271.0000,267.3000,270.7100
2019-12-09,AAPL,270.0000,270.8000,264.9100,266.9200
2019-12-10,AAPL,268.6000,270.0700,265.8600,268.4800
2019-12-11,AAPL,268.8100,271.1000,268.5000,270.7700
2019-12-12,AAPL,267.7800,272.5600,267.3200,271.4600
2019-12-13,AAPL,271.4600,275.3000,270.9300,275.1500
2019-12-16,AAPL,277.0000,280.7900,276.9800,279.8600
2019-12-17,AAPL,279.5700,281.7700,278.8000,280.4100
2019-12-18,AAPL,279.8000,281.9000,279.1200,279.7400
2019-12-19,AAPL,279.5000,281.1800,278.9500,280.0200
2019-12-20,AAPL,282.2300,282.6500,278.5600,279.4400
2019-12-23,AAPL,280.5300,284.2500,280.3700,284.0000
2019-12-24,AAPL,284.6900,284.8900,282.9200,284.2700
2019-12-26,AAPL,284.8200,289.9800,284.7000,289.9100
2019-12-27,AAPL,291.1200,293.9700,288.1200,289.8000
2019-12-30,AAPL,289.4600,292.6900,285.2200,291.5200
2019-12-31,AAPL,289.9300,293.6800,289.5200,293.6500
2020-01-02,AAPL,296.2400,300.6000,295.1900,300.3500
2020-01-03,AAPL,297.1500,300.5800,296.5000,297.4300
2020-01-06,AAPL,293.7900,299.9600,292.7500,299.8000
2020-01-07,AAPL,299.8400,300.9000,297.4800,298.3900
2020-01-08,AAPL,297.1600,304.4400,297.1600,303.1900
2020-01-09,AAPL,307.2400,310.4300,306.2000,309.6300
2020-01-10,AAPL,310.6000,312.6700,308.2500,310.3300
2020-01-13,AAPL,311.6400,317.0700,311.1500,316.9600
2020-01-14,AAPL,316.7000,317.5700,312.1700,312.6800
2020-01-15,AAPL,311.8500,315.5000,309.5500,311.3400
2020-01-16,AAPL,313.5900,315.7000,312.0900,315.2400
2020-01-17,AAPL,316.2700,318.7400,315.0000,318.7300
2020-01-21,AAPL,317.1900,319.0200,316.0000,316.5700
2020-01-22,AAPL,318.5800,319.9900,317.3100,317.7000
2020-01-23,AAPL,317.9200,319.5600,315.6500,319.2300
2020-01-24,AAPL,320.2500,323.3300,317.5200,318.3100
2020-01-27,AAPL,310.0600,311.7700,304.8800,308.9500
2020-01-28,AAPL,312.6000,318.4000,312.1900,317.6900
2020-01-29,AAPL,324.4500,327.8500,321.3800,324.3400
2020-01-30,AAPL,320.5400,324.0900,318.7500,323.8700
2020-01-31,AAPL,320.9300,322.6800,308.2900,309.5100
2020-02-03,AAPL,304.3000,313.4900,302.2200,308.6600
2020-02-04,AAPL,315.3100,319.6400,313.6300,318.8500
2020-02-05,AAPL,323.5200,324.7600,318.9500,321.4500
2020-02-06,AAPL,322.5700,325.2200,320.2600,325.2100
2020-02-07,AAPL,322.3700,323.4000,318.0000,320.0300
2020-02-10,AAPL,314.1800,321.5500,313.8500,321.5500
2020-02-11,AAPL,323.6000,323.9000,318.7100,319.6100
2020-02-12,AAPL,321.4700,327.2200,321.4700,327.2000
2020-02-13,AAPL,324.1900,326.2200,323.3500,324.8700
2020-02-14,AAPL,324.7400,325.9800,322.8500,324.9500
2020-02-18,AAPL,315.3600,319.7500,314.6100,319.0000
2020-02-19,AAPL,320.0000,324.5700,320.0000,323.6200
2020-02-20,AAPL,322.6300,324.6500,318.2100,320.3000
2020-02-21,AAPL,318.6200,320.4500,310.5000,313.0500
2020-02-24,AAPL,297.2600,304.1800,289.2300,298.1800
2020-02-25,AAPL,300.9500,302.5300,286.1300,288.0800
2020-02-26,AAPL,286.5300,297.8800,286.5000,292.6500
2020-02-27,AAPL,281.1000,286.0000,272.9600,273.5200
2020-02-28,AAPL,257.2600,278.4100,256.3700,273.3600
2020-03-02,AAPL,282.2800,301.4400,277.7200,298.8100
2020-03-03,AAPL,303.6700,304.0000,285.8000,289.3200
2020-03-04,AAPL,296.4400,303.4000,293.1300,302.7400
2020-03-05,AAPL,295.5200,299.5500,291.4100,292.9200
2020-03-06,AAPL,282.0000,290.8200,281.2300,289.0300
2020-03-09,AAPL,263.7500,278.0900,263.0000,266.1700
2020-03-10,AAPL,277.1400,286.4400,269.3700,285.3400
2020-03-11,AAPL,277.3900,281.2200,271.8600,275.4300
2020-03-12,AAPL,255.9400,270.0000,248.0000,248.2300
2020-03-13,AAPL,264.8900,279.9200,252.9500,277.9700
2020-03-16,AAPL,241.9500,259.0800,240.0000,242.2100
2020-03-17,AAPL,247.5100,257.6100,238.4000,252.8600
2020-03-18,AAPL,239.7700,250.0000,237.1200,246.6700
2020-03-19,AAPL,247.3900,252.8400,242.6100,244.7800
2020-03-20,AAPL,247.1800,251.8300,228.0000,229.2400
2020-03-23,AAPL,228.0800,228.5000,212.6100,224.3700
2020-03-24,AAPL,236.3600,247.6900,234.3000,246.8800
2020-03-25,AAPL,250.7500,258.2500,244.3000,245.5200
2020-03-26,AAPL,246.5200,258.6800,246.3600,258.4400
2020-03-27,AAPL,252.7500,255.8700,247.0500,247.7400
2020-03-30,AAPL,250.7400,255.5200,249.4000,254.8100
2020-03-31,AAPL,255.6000,262.4900,252.0000,254.2900
2020-04-01,AAPL,246.5000,248.7200,239.1300,240.9100
2020-04-02,AAPL,240.3400,245.1500,236.9000,244.9300
2020-04-03,AAPL,242.8000,245.7000,238.9700,241.4100
2020-04-06,AAPL,250.9000,263.1100,249.3800,262.4700
2020-04-07,AAPL,270.8000,271.7000,259.0000,259.4300
2020-04-08,AAPL,262.7400,267.3700,261.2300,266.0700
2020-04-09,AAPL,268.7000,270.0700,264.7000,267.9900
2020-04-13,AAPL,268.3100,273.7000,265.8300,273.2500
2020-04-14,AAPL,280.0000,288.2500,278.0500,287.0500
2020-04-15,AAPL,282.4000,286.3300,280.6300,284.4300
2020-04-16,AAPL,287.3800,288.2000,282.3500,286.6900
2020-04-17,AAPL,284.6900,286.9500,276.8600,282.8000
2020-04-20,AAPL,277.9500,281.6800,276.8500,276.9300
2020-04-21,AAPL,276.2800,277.2500,265.4300,268.3700
2020-04-22,AAPL,273.6100,277.9000,272.2000,276.1000
2020-04-23,AAPL,275.8700,281.7500,274.8700,275.0300
2020-04-24,AAPL,277.2000,283.0100,277.0000,282.9700
2020-04-27,AAPL,281.8000,284.5400,279.9500,283.1700
2020-04-28,AAPL,285.0800,285.8300,278.2000,278.5800
2020-04-29,AAPL,284.7300,289.6700,283.8900,287.7300
2020-04-30,AAPL,289.9600,294.5300,288.3500,293.8000
2020-05-01,AAPL,286.2500,299.0000,285.8500,289.0700
2020-05-04,AAPL,289.1700,293.6900,286.3200,293.1600
2020-05-05,AAPL,295.0600,301.0000,294.4600,297.5600
2020-05-06,AAPL,300.4600,303.2400,298.8700,300.6300
2020-05-07,AAPL,303.2200,305.1700,301.9700,303.7400
2020-05-08,AAPL,305.6400,310.3500,304.2900,310.1300
2020-05-11,AAPL,308.1000,317.0500,307.2400,315.0100
2020-05-12,AAPL,317.8300,319.6900,310.9100,311.4100
2020-05-13,AAPL,312.1500,315.9500,303.2100,307.6500
2020-05-14,AAPL,304.5100,309.7900,301.5300,309.5400
2020-05-15,AAPL,300.3500,307.9000,300.2100,307.7100
2020-05-18,AAPL,313.1700,316.5000,310.3200,314.9600
2020-05-19,AAPL,315.0300,318.5200,313.0100,313.1400
2020-05-20,AAPL,316.6800,319.5200,316.2000,319.2300
2020-05-21,AAPL,318.6600,320.8900,315.8700,316.8500
2020-05-22,AAPL,315.7700,319.2300,315.3500,318.8900
2020-05-26,AAPL,323.5000,324.2400,316.5000,316.7300
2020-05-27,AAPL,316.1400,318.7100,313.0900,318.1100
2020-05-28,AAPL,316.7700,323.4400,315.6300,318.2500
2020-05-29,AAPL,319.2500,321.1500,316.4700,317.9400
2020-06-01,AAPL,317.7500,322.3500,317.2100,321.8500
2020-06-02,AAPL,320.7500,323.4400,318.9300,323.3400
2020-06-03,AAPL,324.6600,326.2000,322.3000,325.1200
2020-06-04,AAPL,324.3900,325.6200,320.7800,322.3200
2020-06-05,AAPL,323.3500,331.7500,323.2300,331.5000
2020-06-08,AAPL,330.2500,333.6000,327.3200,333.4600
2020-06-09,AAPL,332.1400,345.6100,332.0100,343.9900
2020-06-10,AAPL,347.9000,354.7700,346.0900,352.8400
2020-06-11,AAPL,349.3100,351.0600,335.4800,335.9000
2020-06-12,AAPL,344.7200,347.8000,334.2200,338.8000
2020-06-15,AAPL,333.2500,345.6800,332.5800,342.9900
2020-06-16,AAPL,351.4600,353.2000,344.7200,352.0800
2020-06-17,AAPL,355.1500,355.4000,351.0900,351.5900
2020-06-18,AAPL,351.4100,353.4500,349.2200,351.7300
2020-06-19,AAPL,354.6400,356.5600,345.1500,349.7200
2020-06-22,AAPL,351.3400,359.4600,351.1500,358.8700
2020-06-23,AAPL,364.0000,372.3800,362.2700,366.5300
2020-06-24,AAPL,365.0000,368.7900,358.5200,360.0600
2020-06-25,AAPL,360.7000,365.0000,357.5700,364.8400
2020-06-26,AAPL,364.4100,365.3200,353.0200,353.6300
2020-06-29,AAPL,353.2500,362.1700,351.2800,361.7800
2020-06-30,AAPL,360.0800,365.9800,360.0000,364.8000
2020-07-01,AAPL,365.1200,367.3600,363.9100,364.1100
2020-07-02,AAPL,367.8500,370.4700,363.6400,364.1100
2020-07-06,AAPL,370.0000,375.7800,369.8700,373.8500
2020-07-07,AAPL,375.4100,378.6200,372.2300,372.6900
2020-07-08,AAPL,376.7200,381.5000,376.3600,381.3700
2020-07-09,AAPL,385.0500,385.2700,378.6900,382.7300
2020-07-10,AAPL,381.3400,383.9200,378.8200,383.6800
2020-07-13,AAPL,389.0600,399.8200,381.0300,381.9100
2020-07-14,AAPL,379.3600,389.0200,375.5100,388.2300
2020-07-15,AAPL,395.9600,396.9900,385.9600,390.9000
2020-07-16,AAPL,386.2500,389.6200,383.6200,386.0900
2020-07-17,AAPL,387.9500,388.5900,383.3600,385.3100
2020-07-20,AAPL,385.6700,394.0000,384.2500,393.4300
2020-07-21,AAPL,396.6900,397.0000,386.9700,388.0000
2020-07-22,AAPL,386.7700,391.9000,386.4100,389.0900
2020-07-23,AAPL,387.9900,388.3100,368.0400,371.3800
2020-07-24,AAPL,363.9500,371.8800,356.5800,370.4600
2020-07-27,AAPL,374.8400,379.6200,373.9200,379.2400
2020-07-28,AAPL,377.4700,378.2000,372.9900,373.0100
2020-07-29,AAPL,375.0000,380.9200,374.8500,380.1600
2020-07-30,AAPL,376.7500,385.1900,375.0700,384.7600
2020-07-31,AAPL,411.5400,425.6600,403.3000,425.0400
2020-08-03,AAPL,432.8000,446.5500,431.5700,435.7500
2020-08-04,AAPL,436.5300,443.1600,433.5500,438.6600
2020-08-05,AAPL,437.5100,441.5700,435.5900,440.2500
2020-08-06,AAPL,441.6200,457.6500,439.1900,455.6100
2020-08-07,AAPL,452.8200,454.7000,441.1700,444.4500
2020-08-10,AAPL,450.4000,455.1000,440.0000,450.9100
2020-08-11,AAPL,447.8800,449.9300,436.4300,437.5000
2020-08-12,AAPL,441.9900,453.1000,441.1900,452.0400
2020-08-13,AAPL,457.7200,464.1700,455.7100,460.0400
2020-08-14,AAPL,459.3200,460.0000,452.1800,459.6300
2020-08-17,AAPL,464.2500,464.3500,455.8500,458.4300
2020-08-18,AAPL,457.4100,464.0000,456.0300,462.2500
2020-08-19,AAPL,463.9300,468.6500,462.4400,462.8300
2020-08-20,AAPL,463.0000,473.5700,462.9300,473.1000
2020-08-21,AAPL,477.0500,499.4700,477.0000,497.4800
2020-08-24,AAPL,514.7900,515.1400,495.7500,503.4300
2020-08-25,AAPL,498.7900,500.7200,492.2100,499.3000
2020-08-26,AAPL,504.7200,507.9700,500.3300,506.0900
2020-08-27,AAPL,508.5700,509.9400,495.3300,500.0400
2020-08-28,AAPL,504.0500,505.7700,498.3100,499.2300
2020-08-31,AAPL,127.5800,131.0000,126.0000,129.0400
2020-09-01,AAPL,132.7600,134.8000,130.5300,134.1800
2020-09-02,AAPL,137.5900,137.9800,127.0000,131.4000
2020-09-03,AAPL,126.9100,128.8400,120.5000,120.8800
2020-09-04,AAPL,120.0700,123.7000,110.8900,120.9600
2020-09-08,AAPL,113.9500,118.9900,112.6800,112.8200
2020-09-09,AAPL,117.2600,119.1400,115.2600,117.3200
2020-09-10,AAPL,120.3600,120.5000,112.5000,113.4900
2020-09-11,AAPL,114.5700,115.2300,110.0000,112.0000
2020-09-14,AAPL,114.7200,115.9300,112.8000,115.3600
2020-09-15,AAPL,118.3300,118.8300,113.6100,115.5400
2020-09-16,AAPL,115.2300,116.0000,112.0400,112.1300
2020-09-17,AAPL,109.7200,112.2000,108.7100,110.3400
2020-09-18,AAPL,110.4000,110.8800,106.0900,106.8400
2020-09-21,AAPL,104.5400,110.1900,103.1000,110.0800
2020-09-22,AAPL,112.6800,112.8600,109.1600,111.8100
2020-09-23,AAPL,111.6200,112.1100,106.7700,107.1200
2020-09-24,AAPL,105.1700,110.2500,105.0000,108.2200
2020-09-25,AAPL,108.4300,112.4400,107.6700,112.2800
2020-09-28,AAPL,115.0100,115.3200,112.7800,114.9600
2020-09-29,AAPL,114.5500,115.3100,113.5700,114.0900
2020-09-30,AAPL,113.7900,117.2600,113.6200,115.8100
2020-10-01,AAPL,117.6400,117.7200,115.8300,116.7900
2020-10-02,AAPL,112.8900,115.3700,112.2200,113.0200
2020-10-05,AAPL,113.9100,116.6500,113.5500,116.5000
2020-10-06,AAPL,115.7000,116.1200,112.2500,113.1600
2020-10-07,AAPL,114.6200,115.5500,114.1300,115.0800
2020-10-08,AAPL,116.2500,116.4000,114.5900,114.9700
2020-10-09,AAPL,115.2800,117.0000,114.9200,116.9700
2020-10-12,AAPL,120.0600,125.1800,119.2800,124.4000
2020-10-13,AAPL,125.2700,125.3900,119.6500,121.1000
2020-10-14,AAPL,121.0000,123.0300,119.6200,121.1900
2020-10-15,AAPL,118.7200,121.2000,118.1500,120.7100
2020-10-16,AAPL,121.2800,121.5500,118.8100,119.0200
2020-10-19,AAPL,119.9600,120.4200,115.6600,115.9800
2020-10-20,AAPL,116.2000,118.9800,115.6300,117.5100
2020-10-21,AAPL,116.6700,118.7100,116.4500,116.8700
2020-10-22,AAPL,117.4500,118.0400,114.5900,115.7500
2020-10-23,AAPL,116.3900,116.5500,114.2800,115.0400
2020-10-26,AAPL,114.0100,116.5500,112.8800,115.0500
2020-10-27,AAPL,115.4900,117.2800,114.5400,116.6000
2020-10-28,AAPL,115.0500,115.4300,111.1000,111.2000
2020-10-29,AAPL,112.3700,116.9300,112.2000,115.3200
2020-10-30,AAPL,111.0600,111.9900,107.7200,108.8600
2020-11-02,AAPL,109.1100,110.6800,107.3200,108.7700
2020-11-03,AAPL,109.6600,111.4900,108.7300,110.4400
2020-11-04,AAPL,114.1400,115.5900,112.3500,114.9500
2020-11-05,AAPL,117.9500,119.6200,116.8700,119.0300
2020-11-06,AAPL,118.3200,119.2000,116.1300,118.6900
2020-11-09,AAPL,120.5000,121.9900,116.0500,116.3200
2020-11-10,AAPL,115.5500,117.5900,114.1300,115.9700
2020-11-11,AAPL,117.1900,119.6300,116.4400,119.4900
2020-11-12,AAPL,119.6200,120.5300,118.5700,119.2100
2020-11-13,AAPL,119.4400,119.6700,117.8700,119.2600
2020-11-16,AAPL,118.9200,120.9900,118.1500,120.3000
2020-11-17,AAPL,119.5500,120.6700,118.9600,119.3900
2020-11-18,AAPL,118.6100,119.8200,118.0000,118.0300
2020-11-19,AAPL,117.5900,119.0600,116.8100,118.6400
2020-11-20,AAPL,118.6400,118.7700,117.2900,117.3400
2020-11-23,AAPL,117.1800,117.6200,113.7500,113.8500
2020-11-24,AAPL,113.9100,115.8500,112.5900,115.1700
2020-11-25,AAPL,115.5500,116.7500,115.1700,116.0300
2020-11-27,AAPL,116.5700,117.4900,116.2200,116.5900
2020-11-30,AAPL,116.9700,120.9700,116.8100,119.0500
2020-12-01,AAPL,121.0100,123.4693,120.0100,122.7200
2020-12-02,AAPL,122.0200,123.3700,120.8900,123.0800
2020-12-03,AAPL,123.5200,123.7800,122.2100,122.9400
2020-12-04,AAPL,122.6000,122.8608,121.5200,122.2500
2020-12-07,AAPL,122.3100,124.5700,122.2500,123.7500
2020-12-08,AAPL,124.3700,124.9800,123.0900,124.3800
2020-12-09,AAPL,124.5300,125.9500,121.0000,121.7800
2020-12-10,AAPL,120.5000,123.8700,120.1500,123.2400
2020-12-11,AAPL,122.4300,122.7600,120.5500,122.4100
2020-12-14,AAPL,122.6000,123.3500,121.5400,121.7800
2020-12-15,AAPL,124.3400,127.9000,124.1300,127.8800
2020-12-16,AAPL,127.4100,128.3700,126.5600,127.8100
2020-12-17,AAPL,128.9000,129.5800,128.0450,128.7000
2020-12-18,AAPL,128.9600,129.1000,126.1200,126.6550
2020-12-21,AAPL,125.0200,128.3100,123.4490,128.2300
2020-12-22,AAPL,131.6100,134.4050,129.6500,131.8800
2020-12-23,AAPL,132.1600,132.4300,130.7800,130.9600
2020-12-24,AAPL,131.3200,133.4600,131.1000,131.9700
2020-12-28,AAPL,133.9900,137.3400,133.5100,136.6900
2020-12-29,AAPL,138.0500,138.7890,134.3409,134.8700
2020-12-30,AAPL,135.5800,135.9900,133.4000,133.7200
2020-12-31,AAPL,134.0800,134.7400,131.7200,132.6900
2021-01-04,AAPL,133.5200,133.6116,126.7600,129.4100
2021-01-05,AAPL,128.8900,131.7400,128.4300,131.0100
2021-01-06,AAPL,127.7200,131.0499,126.3820,126.6000
2021-01-07,AAPL,128.3600,131.6300,127.8600,130.9200
2021-01-08,AAPL,132.4300,132.6300,130.2300,132.0500
2021-01-11,AAPL,129.1900,130.1700,128.5000,128.9800
2021-01-12,AAPL,128.5000,129.6900,126.8600,128.8000
2021-01-13,AAPL,128.7600,131.4500,128.4900,130.8900
2021-01-14,AAPL,130.8000,131.0000,128.7600,128.9100
2021-01-15,AAPL,128.7800,130.2242,127.0000,127.1400
2021-01-19,AAPL,127.7800,128.7100,126.9380,127.8300
2021-01-20,AAPL,128.6600,132.4900,128.5500,132.0300
2021-01-21,AAPL,133.8000,139.6700,133.5900,136.8700
2021-01-22,AAPL,136.2800,139.8500,135.0200,139.0700
2021-01-25,AAPL,143.0700,145.0900,136.5400,142.9200
2021-01-26,AAPL,143.6000,144.3000,141.3700,143.1600
2021-01-27,AAPL,143.4300,144.3000,140.4100,142.0600
2021-01-28,AAPL,139.5200,141.9900,136.7000,137.0900
2021-01-29,AAPL,135.8300,136.7400,130.2100,131.9600
2021-02-01,AAPL,133.7500,135.3800,130.9300,134.1400
2021-02-02,AAPL,135.7300,136.3100,134.6100,134.9900
2021-02-03,AAPL,135.7600,135.7700,133.6100,133.9400
2021-02-04,AAPL,136.3000,137.4000,134.5900,137.3900
2021-02-05,AAPL,137.3500,137.4200,135.8600,136.7600
2021-02-08,AAPL,136.0300,136.9600,134.9200,136.9100
2021-02-09,AAPL,136.6200,137.8770,135.8500,136.0100
2021-02-10,AAPL,136.4800,136.9900,134.4000,135.3900
2021-02-11,AAPL,135.9000,136.3900,133.7700,135.1300
2021-02-12,AAPL,134.3500,135.5300,133.6921,135.3700
2021-02-16,AAPL,135.4900,136.0100,132.7900,133.1900
2021-02-17,AAPL,131.2500,132.2200,129.4700,130.8400
2021-02-18,AAPL,129.2000,129.9950,127.4100,129.7100
2021-02-19,AAPL,130.2400,130.7100,128.8000,129.8700
2021-02-22,AAPL,128.0100,129.7200,125.6000,126.0000
2021-02-23,AAPL,123.7600,126.7100,118.3900,125.8600
2021-02-24,AAPL,124.9400,125.5600,122.2300,125.3500
2021-02-25,AAPL,124.6800,126.4585,120.5400,120.9900
2021-02-26,AAPL,122.5900,124.8500,121.2000,121.2600
2021-03-01,AAPL,123.7500,127.9300,122.7900,127.7900
2021-03-02,AAPL,128.4100,128.7200,125.0100,125.1200
2021-03-03,AAPL,124.8100,125.7100,121.8400,122.0600
2021-03-04,AAPL,121.7500,123.6000,118.6200,120.1300
2021-03-05,AAPL,120.9800,121.9350,117.5700,121.4200
2021-03-08,AAPL,120.9300,121.0000,116.2100,116.3600
2021-03-09,AAPL,119.0300,122.0600,118.7900,121.0850
2021-03-10,AAPL,121.6900,122.1700,119.4500,119.9800
2021-03-11,AAPL,122.5400,123.2100,121.2600,121.9600
2021-03-12,AAPL,120.4000,121.1700,119.1600,121.0300
2021-03-15,AAPL,121.4100,124.0000,120.4200,123.9900
2021-03-16,AAPL,125.7000,127.2200,124.7150,125.5700
2021-03-17,AAPL,124.0500,125.8599,122.3360,124.7600
2021-03-18,AAPL,122.8800,123.1800,120.3200,120.5300
2021-03-19,AAPL,119.9000,121.4300,119.6750,119.9900
2021-03-22,AAPL,120.3300,123.8700,120.2600,123.3900
2021-03-23,AAPL,123.3300,124.2400,122.1400,122.5400
2021-03-24,AAPL,122.8200,122.9000,120.0650,120.0900
2021-03-25,AAPL,119.5400,121.6600,119.0000,120.5900
2021-03-26,AAPL,120.3500,121.4800,118.9200,121.2100
2021-03-29,AAPL,121.6500,122.5800,120.7299,121.3900
2021-03-30,AAPL,120.1100,120.4031,118.8600,119.9000
2021-03-31,AAPL,121.6500,123.5200,121.1500,122.1500
2021-04-01,AAPL,123.6600,124.1800,122.4900,123.0000
2021-04-05,AAPL,123.8700,126.1601,123.0700,125.9000
2021-04-06,AAPL,126.5000,127.1300,125.6500,126.2100
2021-04-07,AAPL,125.8300,127.9200,125.1400,127.9000
2021-04-08,AAPL,128.9500,130.3900,128.5200,130.3600
2021-04-09,AAPL,129.8000,133.0400,129.4700,132.9950
2021-04-12,AAPL,132.5200,132.8500,130.6300,131.2400
2021-04-13,AAPL,132.4400,134.6600,131.9300,134.4300
2021-04-14,AAPL,134.9400,135.0000,131.6550,132.0300
2021-04-15,AAPL,133.8200,135.0000,133.6400,134.5000
2021-04-16,AAPL,134.3000,134.6700,133.2800,134.1600
2021-04-19,AAPL,133.5100,135.4700,133.3400,134.8400
2021-04-20,AAPL,135.0200,135.5300,131.8100,133.1100
2021-04-21,AAPL,132.3600,133.7500,131.3001,133.5000
2021-04-22,AAPL,133.0400,134.1500,131.4100,131.9400
2021-04-23,AAPL,132.1600,135.1200,132.1600,134.3200
2021-04-26,AAPL,134.8300,135.0600,133.5600,134.7200
2021-04-27,AAPL,135.0100,135.4100,134.1100,134.3900
2021-04-28,AAPL,134.3100,135.0200,133.0800,133.5800
2021-04-29,AAPL,136.4700,137.0700,132.4500,133.4800
2021-04-30,AAPL,131.7800,133.5600,131.0650,131.4600
2021-05-03,AAPL,132.0400,134.0700,131.8300,132.5400
2021-05-04,AAPL,131.1900,131.4899,126.7000,127.8500
2021-05-05,AAPL,129.2000,130.4500,127.9700,128.1000
2021-05-06,AAPL,127.8900,129.7500,127.1300,129.7400
2021-05-07,AAPL,130.8500,131.2582,129.4750,130.2100
2021-05-10,AAPL,129.4100,129.5400,126.8100,126.8500
2021-05-11,AAPL,123.5000,126.2700,122.7700,125.9100
2021-05-12,AAPL,123.4000,124.6400,122.2500,122.7700
2021-05-13,AAPL,124.5800,126.1500,124.2600,124.9700
2021-05-14,AAPL,126.2500,127.8900,125.8500,127.4500
2021-05-17,AAPL,126.8200,126.9300,125.1700,126.2700
2021-05-18,AAPL,126.5600,126.9900,124.7800,124.8500
2021-05-19,AAPL,123.1600,124.9150,122.8600,124.6900
2021-05-20,AAPL,125.2300,127.7200,125.1000,127.3100
2021-05-21,AAPL,127.8200,128.0000,125.2100,125.4300
2021-05-24,AAPL,126.0100,127.9400,125.9400,127.1000
2021-05-25,AAPL,127.8200,128.3200,126.3200,126.9000
2021-05-26,AAPL,126.9550,127.3900,126.4200,126.8500
2021-05-27,AAPL,126.4400,127.6400,125.0800,125.2800
2021-05-28,AAPL,125.5700,125.8000,124.5500,124.6100
2021-06-01,AAPL,125.0800,125.3500,123.9400,124.2800
2021-06-02,AAPL,124.2800,125.2400,124.0500,125.0600
2021-06-03,AAPL,124.6800,124.8500,123.1300,123.5400
2021-06-04,AAPL,124.0700,126.1600,123.8500,125.8900
2021-06-07,AAPL,126.1700,126.3200,124.8321,125.9000
2021-06-08,AAPL,126.6000,128.4600,126.2101,126.7400
2021-06-09,AAPL,127.2100,127.7500,126.5200,127.1300
2021-06-10,AAPL,127.0200,128.1900,125.9400,126.1100
2021-06-11,AAPL,126.5300,127.4400,126.1000,127.3500
2021-06-14,AAPL,127.8200,130.5400,127.0700,130.4800
2021-06-15,AAPL,129.9400,130.6000,129.3900,129.6400
2021-06-16,AAPL,130.3700,130.8900,128.4610,130.1500
2021-06-17,AAPL,129.8000,132.5500,129.6500,131.7900
2021-06-18,AAPL,130.7100,131.5100,130.2400,130.4600
2021-06-21,AAPL,130.3000,132.4100,129.2100,132.3000
2021-06-22,AAPL,132.1300,134.0800,131.6200,133.9800
2021-06-23,AAPL,133.7700,134.3200,133.2300,133.7000
2021-06-24,AAPL,134.4500,134.6400,132.9300,133.4100
2021-06-25,AAPL,133.4600,133.8900,132.8100,133.1100
2021-06-28,AAPL,133.4100,135.2450,133.3500,134.7800
2021-06-29,AAPL,134.8000,136.4900,134.3500,136.3300
2021-06-30,AAPL,136.1700,137.4100,135.8700,136.9600
2021-07-01,AAPL,136.6000,137.3300,135.7600,137.2700
2021-07-02,AAPL,137.9000,140.0000,137.7450,139.9600
2021-07-06,AAPL,140.0700,143.1500,140.0700,142.0200
2021-07-07,AAPL,143.5350,144.8900,142.6600,144.5700
2021-07-08,AAPL,141.5800,144.0600,140.6650,143.2400
2021-07-09,AAPL,142.7500,145.6500,142.6522,145.1100
2021-07-12,AAPL,146.2100,146.3200,144.0000,144.5000
2021-07-13,AAPL,144.0300,147.4600,143.6300,145.6400
2021-07-14,AAPL,148.1000,149.5700,147.6800,149.1500
2021-07-15,AAPL,149.2400,150.0000,147.0900,148.4800
2021-07-16,AAPL,148.4600,149.7600,145.8800,146.3900
2021-07-19,AAPL,143.7500,144.0700,141.6700,142.4500
2021-07-20,AAPL,143.4600,147.0997,142.9600,146.1500
2021-07-21,AAPL,145.5300,146.1300,144.6300,145.4000
2021-07-22,AAPL,145.9350,148.1950,145.8100,146.8000
2021-07-23,AAPL,147.5500,148.7177,146.9200,148.5600
2021-07-26,AAPL,148.2700,149.8300,147.7000,148.9900
2021-07-27,AAPL,149.1200,149.2100,145.5500,146.7700
2021-07-28,AAPL,144.8100,146.9700,142.5400,144.9800
2021-07-29,AAPL,144.6850,146.5500,144.5800,145.6400
2021-07-30,AAPL,144.3800,146.3300,144.1100,145.8600
2021-08-02,AAPL,146.3600,146.9500,145.2500,145.5200
2021-08-03,AAPL,145.8100,148.0450,145.1800,147.3600
2021-08-04,AAPL,147.2700,147.7900,146.2800,146.9500
2021-08-05,AAPL,146.9800,147.8400,146.1700,147.0600
2021-08-06,AAPL,146.3500,147.1100,145.6300,146.1400
2021-08-09,AAPL,146.2000,146.7000,145.5200,146.0900
2021-08-10,AAPL,146.4400,147.7100,145.3000,145.6000
2021-08-11,AAPL,146.0500,146.7200,145.5300,145.8600
2021-08-12,AAPL,146.1900,149.0500,145.8400,148.8900
2021-08-13,AAPL,148.9700,149.4444,148.2700,149.1000
2021-08-16,AAPL,148.5350,151.1900,146.4700,151.1200
2021-08-17,AAPL,150.2300,151.6800,149.0900,150.1900
2021-08-18,AAPL,149.8000,150.7200,146.1500,146.3600
2021-08-19,AAPL,145.0300,148.0000,144.5000,146.7000
2021-08-20,AAPL,147.4400,148.5000,146.7800,148.1900
2021-08-23,AAPL,148.3100,150.1900,147.8900,149.7100
2021-08-24,AAPL,149.4500,150.8600,149.1500,149.6200
2021-08-25,AAPL,149.8100,150.3200,147.8000,148.3600
2021-08-26,AAPL,148.3500,149.1200,147.5100,147.5400
2021-08-27,AAPL,147.4800,148.7500,146.8300,148.6000
2021-08-30,AAPL,149.0000,153.4900,148.6100,153.1200
2021-08-31,AAPL,152.6600,152.8000,151.2900,151.8300
2021-09-01,AAPL,152.8300,154.9800,152.3400,152.5100
2021-09-02,AAPL,153.8700,154.7200,152.4000,153.6500
2021-09-03,AAPL,153.7600,154.6300,153.0900,154.3000
2021-09-07,AAPL,154.9700,157.2600,154.3900,156.6900
2021-09-08,AAPL,156.9800,157.0400,153.9750,155.1100
2021-09-09,AAPL,155.4900,156.1100,153.9500,154.0700
2021-09-10,AAPL,155.0000,155.4800,148.7000,148.9700
2021-09-13,AAPL,150.6300,151.4200,148.7500,149.5500
2021-09-14,AAPL,150.3500,151.0700,146.9100,148.1200
2021-09-15,AAPL,148.5600,149.4400,146.3700,149.0300
2021-09-16,AAPL,148.4400,148.9700,147.2210,148.7900
2021-09-17,AAPL,148.8200,148.8200,145.7600,146.0600
2021-09-20,AAPL,143.8000,144.8400,141.2700,142.9400
2021-09-21,AAPL,143.9300,144.6000,142.7800,143.4300
2021-09-22,AAPL,144.4500,146.4300,143.7001,145.8500
2021-09-23,AAPL,146.6500,147.0800,145.6400,146.8300
2021-09-24,AAPL,145.6600,147.4701,145.5600,146.9200
2021-09-27,AAPL,145.4700,145.9600,143.8200,145.3700
2021-09-28,AAPL,143.2500,144.7500,141.6900,141.9100
2021-09-29,AAPL,142.4700,144.4500,142.0300,142.8300
2021-09-30,AAPL,143.6600,144.3780,141.2800,141.5000
2021-10-01,AAPL,141.9000,142.9200,139.1101,142.6500
2021-10-04,AAPL,141.7600,142.2100,138.2700,139.1400
2021-10-05,AAPL,139.4900,142.2400,139.3600,141.1100
2021-10-06,AAPL,139.4700,142.1500,138.3700,142.0000
2021-10-07,AAPL,143.0600,144.2150,142.7200,143.2900
2021-10-08,AAPL,144.0300,144.1781,142.5600,142.9000
2021-10-11,AAPL,142.2700,144.8100,141.8100,142.8100
2021-10-12,AAPL,143.2300,143.2500,141.0401,141.5100
2021-10-13,AAPL,141.2350,141.4000,139.2000,140.9100
2021-10-14,AAPL,142.1100,143.8800,141.5100,143.7600
2021-10-15,AAPL,143.7700,144.8950,143.5100,144.8400
2021-10-18,AAPL,143.4450,146.8400,143.1600,146.5500
2021-10-19,AAPL,147.0100,149.1700,146.5500,148.7600
2021-10-20,AAPL,148.7000,149.7539,148.1200,149.2600
2021-10-21,AAPL,148.8100,149.6400,147.8700,149.4800
2021-10-22,AAPL,149.6900,150.1800,148.6400,148.6900
2021-10-25,AAPL,148.6800,149.3700,147.6211,148.6400
2021-10-26,AAPL,149.3300,150.8400,149.0101,149.3200
2021-10-27,AAPL,149.3600,149.7300,148.4900,148.8500
2021-10-28,AAPL,149.8200,153.1650,149.7200,152.5700
2021-10-29,AAPL,147.2150,149.9400,146.4128,149.8000
2021-11-01,AAPL,148.9850,149.7000,147.8000,148.9600
2021-11-02,AAPL,148.6600,151.5700,148.6500,150.0200
2021-11-03,AAPL,150.3900,151.9700,149.8200,151.4900
2021-11-04,AAPL,151.5800,152.4300,150.6400,150.9600
2021-11-05,AAPL,151.8900,152.2000,150.0600,151.2800
2021-11-08,AAPL,151.4100,151.5700,150.1600,150.4400
2021-11-09,AAPL,150.2000,151.4280,150.0601,150.8100
2021-11-10,AAPL,150.0200,150.1300,147.8500,147.9200
2021-11-11,AAPL,148.9600,149.4300,147.6810,147.8700
2021-11-12,AAPL,148.4300,150.4000,147.4800,149.9900
2021-11-15,AAPL,150.3700,151.8800,149.4300,150.0000
2021-11-16,AAPL,149.9400,151.4880,149.3400,151.0000
2021-11-17,AAPL,150.9950,155.0000,150.9900,153.4900
2021-11-18,AAPL,153.7100,158.6700,153.0500,157.8700
2021-11-19,AAPL,157.6500,161.0200,156.5328,160.5500
2021-11-22,AAPL,161.6800,165.7000,161.0000,161.0200
2021-11-23,AAPL,161.1200,161.8000,159.0601,161.4100
2021-11-24,AAPL,160.7500,162.1400,159.6400,161.9400
2021-11-26,AAPL,159.5650,160.4500,156.3600,156.8100
2021-11-29,AAPL,159.3700,161.1900,158.7901,160.2400
2021-11-30,AAPL,159.9850,165.5200,159.9200,165.3000
2021-12-01,AAPL,167.4800,170.3000,164.5300,164.7700
2021-12-02,AAPL,158.7350,164.2000,157.8000,163.7600
2021-12-03,AAPL,164.0200,164.9600,159.7200,161.8400
2021-12-06,AAPL,164.2900,167.8799,164.2800,165.3200
2021-12-07,AAPL,169.0800,171.5800,168.3400,171.1800
2021-12-08,AAPL,172.1250,175.9600,170.7000,175.0800
2021-12-09,AAPL,174.9100,176.7500,173.9200,174.5600
2021-12-10,AAPL,175.2050,179.6300,174.6900,179.4500
2021-12-13,AAPL,181.1150,182.1300,175.5300,175.7400
2021-12-14,AAPL,175.2500,177.7400,172.2100,174.3300
2021-12-15,AAPL,175.1100,179.5000,172.3108,179.3000
2021-12-16,AAPL,179.2800,181.1400,170.7500,172.2600
2021-12-17,AAPL,169.9300,173.4700,169.6900,171.1400
2021-12-20,AAPL,168.2800,170.5800,167.4600,169.7500
2021-12-21,AAPL,171.5550,173.2000,169.1200,172.9900
2021-12-22,AAPL,173.0400,175.8600,172.1500,175.6400
2021-12-23,AAPL,175.8500,176.8499,175.2700,176.2800
2021-12-27,AAPL,177.0850,180.4200,177.0700,180.3300
2021-12-28,AAPL,180.1600,181.3300,178.5300,179.2900
2021-12-29,AAPL,179.3300,180.6300,178.1400,179.3800
2021-12-30,AAPL,179.4700,180.5700,178.0900,178.2000
2021-12-31,AAPL,178.0850,179.2300,177.2600,177.5700
2022-01-03,AAPL,177.8300,182.8800,177.7100,182.0100
2022-01-04,AAPL,182.6300,182.9400,179.1200,179.7000
2022-01-05,AAPL,179.6100,180.1700,174.6400,174.9200
2022-01-06,AAPL,172.7000,175.3000,171.6400,172.0000
2022-01-07,AAPL,172.8900,174.1400,171.0300,172.1700
2022-01-10,AAPL,169.0800,172.5000,168.1700,172.1900
2022-01-11,AAPL,172.3200,175.1800,170.8200,175.0800
2022-01-12,AAPL,176.1200,177.1800,174.8200,175.5300
2022-01-13,AAPL,175.7800,176.6200,171.7900,172.1900
2022-01-14,AAPL,171.3400,173.7800,171.0900,173.0700
2022-01-18,AAPL,171.5100,172.5400,169.4050,169.8000
2022-01-19,AAPL,170.0000,171.0800,165.9400,166.2300
2022-01-20,AAPL,166.9800,169.6800,164.1800,164.5100
2022-01-21,AAPL,164.4150,166.3300,162.3000,162.4100
2022-01-24,AAPL,160.0200,162.3000,154.7000,161.6200
2022-01-25,AAPL,158.9800,162.7600,157.0200,159.7800
2022-01-26,AAPL,163.5000,164.3894,157.8200,159.6900
2022-01-27,AAPL,162.4500,163.8400,158.2800,159.2200
2022-01-28,AAPL,165.7100,170.3500,162.8000,170.3300
2022-01-31,AAPL,170.1600,175.0000,169.5100,174.7800
2022-02-01,AAPL,174.0100,174.8400,172.3100,174.6100
2022-02-02,AAPL,174.7450,175.8800,173.3300,175.8400
2022-02-03,AAPL,174.4800,176.2399,172.1200,172.9000
2022-02-04,AAPL,171.6800,174.1000,170.6800,172.3900
2022-02-07,AAPL,172.8600,173.9458,170.9500,171.6600
2022-02-08,AAPL,171.7300,175.3500,171.4300,174.8300
2022-02-09,AAPL,176.0500,176.6500,174.9000,176.2800
2022-02-10,AAPL,174.1400,175.4800,171.5500,172.1200
2022-02-11,AAPL,172.3300,173.0800,168.0400,168.6400
2022-02-14,AAPL,167.3700,169.5800,166.5600,168.8800
2022-02-15,AAPL,170.9700,172.9500,170.2500,172.7900
2022-02-16,AAPL,171.8500,173.3400,170.0500,172.5500
2022-02-17,AAPL,171.0300,171.9100,168.4700,168.8800
2022-02-18,AAPL,169.8200,170.5413,166.1900,167.3000
2022-02-22,AAPL,164.9800,166.6900,162.1500,164.3200
2022-02-23,AAPL,165.5400,166.1500,159.7500,160.0700
2022-02-24,AAPL,152.5800,162.8500,152.0000,162.7400
2022-02-25,AAPL,163.8400,165.1200,160.8738,164.8500
2022-02-28,AAPL,163.0600,165.4200,162.4300,165.1200
2022-03-01,AAPL,164.6950,166.6000,161.9700,163.2000
2022-03-02,AAPL,164.3900,167.3600,162.9500,166.5600
2022-03-03,AAPL,168.4700,168.9100,165.5500,166.2300
2022-03-04,AAPL,164.4900,165.5500,162.1000,163.1700
2022-03-07,AAPL,163.3600,165.0200,159.0400,159.3000
2022-03-08,AAPL,158.8200,162.8800,155.8000,157.4400
2022-03-09,AAPL,161.4750,163.4100,159.4100,162.9500
2022-03-10,AAPL,160.2000,160.3900,155.9800,158.5200
2022-03-11,AAPL,158.9300,159.2800,154.5000,154.7300
2022-03-14,AAPL,151.4500,154.1200,150.1000,150.6200
2022-03-15,AAPL,150.9000,155.5700,150.3800,155.0900
2022-03-16,AAPL,157.0500,160.0000,154.4600,159.5900
2022-03-17,AAPL,158.6100,161.0000,157.6300,160.6200
2022-03-18,AAPL,160.5100,164.4800,159.7600,163.9800
2022-03-21,AAPL,163.5100,166.3500,163.0150,165.3800
2022-03-22,AAPL,165.5100,169.4200,164.9100,168.8200
2022-03-23,AAPL,167.9900,172.6400,167.6500,170.2100
2022-03-24,AAPL,171.0600,174.1400,170.2100,174.0700
2022-03-25,AAPL,173.8800,175.2800,172.7500,174.7200
2022-03-28,AAPL,172.1700,175.7300,172.0000,175.6000
2022-03-29,AAPL,176.6900,179.0100,176.3400,178.9600
2022-03-30,AAPL,178.5500,179.6100,176.7000,177.7700
2022-03-31,AAPL,177.8400,178.0300,174.4000,174.6100
2022-04-01,AAPL,174.0300,174.8800,171.9400,174.3100
2022-04-04,AAPL,174.5700,178.4900,174.4400,178.4400
2022-04-05,AAPL,177.5000,178.3000,174.4150,175.0600
2022-04-06,AAPL,172.3600,173.6300,170.1300,171.8300
2022-04-07,AAPL,171.1600,173.3600,169.8500,172.1400
2022-04-08,AAPL,171.7800,171.7800,169.2000,170.0900
2022-04-11,AAPL,168.7100,169.0300,165.5000,165.7500
2022-04-12,AAPL,168.0200,169.8700,166.6400,167.6600
2022-04-13,AAPL,167.3900,171.0400,166.7700,170.4000
2022-04-14,AAPL,170.6200,171.2700,165.0400,165.2900
2022-04-18,AAPL,163.9200,166.5984,163.5700,165.0700
2022-04-19,AAPL,165.0200,167.8200,163.9100,167.4000
2022-04-20,AAPL,168.7600,168.8800,166.1000,167.2300
2022-04-21,AAPL,168.9100,171.5300,165.9100,166.4200
2022-04-22,AAPL,166.4600,167.8699,161.5000,161.7900
2022-04-25,AAPL,161.1200,163.1700,158.4600,162.8800
2022-04-26,AAPL,162.2500,162.3400,156.7200,156.8000
2022-04-27,AAPL,155.9100,159.7900,155.3800,156.5700
2022-04-28,AAPL,159.2500,164.5150,158.9300,163.6400
2022-04-29,AAPL,161.8400,166.2000,157.2500,157.6500
2022-05-02,AAPL,156.7100,158.2300,153.2700,157.9600
2022-05-03,AAPL,158.1500,160.7100,156.3200,159.4800
2022-05-04,AAPL,159.6700,166.4800,159.2600,166.0200
2022-05-05,AAPL,163.8500,164.0800,154.9500,156.7700
2022-05-06,AAPL,156.0100,159.4400,154.1800,157.2800
2022-05-09,AAPL,154.9250,155.8300,151.4900,152.0600
2022-05-10,AAPL,155.5200,156.7400,152.9300,154.5100
2022-05-11,AAPL,153.5000,155.4500,145.8100,146.5000
2022-05-12,AAPL,142.7700,146.2000,138.8000,142.5600
2022-05-13,AAPL,144.5900,148.1050,143.1100,147.1100
2022-05-16,AAPL,145.5500,147.5199,144.1800,145.5400
2022-05-17,AAPL,148.8600,149.7700,146.6800,149.2400
2022-05-18,AAPL,146.8500,147.3601,139.9000,140.8200
2022-05-19,AAPL,139.8800,141.6600,136.6000,137.3500
2022-05-20,AAPL,139.0900,140.7000,132.6100,137.5900
2022-05-23,AAPL,137.7900,143.2600,137.6500,143.1100
2022-05-24,AAPL,140.8050,141.9700,137.3300,140.3600
2022-05-25,AAPL,138.4300,141.7850,138.3400,140.5200
2022-05-26,AAPL,137.3900,144.3400,137.1400,143.7800
2022-05-27,AAPL,145.3900,149.6800,145.2600,149.6400
2022-05-31,AAPL,149.0700,150.6600,146.8400,148.8400
2022-06-01,AAPL,149.9000,151.7400,147.6800,148.7100
2022-06-02,AAPL,147.8300,151.2700,146.8600,151.2100
2022-06-03,AAPL,146.9000,147.9700,144.4600,145.3800
2022-06-06,AAPL,147.0300,148.5689,144.9000,146.1400
2022-06-07,AAPL,144.3450,149.0000,144.1000,148.7100
2022-06-08,AAPL,148.5800,149.8697,147.4600,147.9600
2022-06-09,AAPL,147.0800,147.9500,142.5300,142.6400
2022-06-10,AAPL,140.2800,140.7600,137.0600,137.1300
2022-06-13,AAPL,132.8700,135.2000,131.4400,131.8800
2022-06-14,AAPL,133.1300,133.8900,131.4800,132.7600
2022-06-15,AAPL,134.2900,137.3400,132.1600,135.4300
2022-06-16,AAPL,132.0800,132.3900,129.0400,130.0600
2022-06-17,AAPL,130.0650,133.0790,129.8100,131.5600
2022-06-21,AAPL,133.4200,137.0600,133.3200,135.8700
2022-06-22,AAPL,134.7900,137.7600,133.9100,135.3500
2022-06-23,AAPL,136.8200,138.5900,135.6300,138.2700
2022-06-24,AAPL,139.9000,141.9100,139.7700,141.6600
2022-06-27,AAPL,142.6950,143.4900,140.9650,141.6600
2022-06-28,AAPL,142.1300,143.4220,137.3250,137.4400
2022-06-29,AAPL,137.4600,140.6700,136.6700,139.2300
2022-06-30,AAPL,137.2500,138.3700,133.7737,136.7200
2022-07-01,AAPL,136.0400,139.0400,135.6600,138.9300
2022-07-05,AAPL,137.7700,141.6100,136.9300,141.5600
2022-07-06,AAPL,141.3550,144.1200,141.0800,142.9200
2022-07-07,AAPL,143.2900,146.5500,143.2800,146.3500
2022-07-08,AAPL,145.2650,147.5500,145.0000,147.0400
2022-07-11,AAPL,145.6700,146.6400,143.7800,144.8700
2022-07-12,AAPL,145.7600,148.4500,145.0500,145.8600
2022-07-13,AAPL,142.9900,146.4500,142.1201,145.4900
2022-07-14,AAPL,144.0800,148.9500,143.2500,148.4700
2022-07-15,AAPL,149.7800,150.8600,148.2000,150.1700
2022-07-18,AAPL,150.7400,151.5700,146.7000,147.0700
2022-07-19,AAPL,147.9200,151.2300,146.9100,151.0000
2022-07-20,AAPL,151.1200,153.7200,150.3700,153.0400
2022-07-21,AAPL,154.5000,155.5700,151.9400,155.3500
2022-07-22,AAPL,155.3900,156.2800,153.4100,154.0900
2022-07-25,AAPL,154.0100,155.0400,152.2800,152.9500
2022-07-26,AAPL,152.2650,153.0850,150.8000,151.6000
2022-07-27,AAPL,152.5800,157.3300,152.1600,156.7900
2022-07-28,AAPL,156.9800,157.6400,154.4100,157.3500
2022-07-29,AAPL,161.2400,163.6300,159.5000,162.5100
2022-08-01,AAPL,161.0100,163.5900,160.8900,161.5100
2022-08-02,AAPL,160.1000,162.4100,159.6300,160.0100
2022-08-03,AAPL,160.8400,166.5900,160.7500,166.1300
2022-08-04,AAPL,166.0050,167.1900,164.4300,165.8100
2022-08-05,AAPL,163.2100,165.8500,163.0000,165.3500
2022-08-08,AAPL,166.3700,167.8100,164.2000,164.8700
2022-08-09,AAPL,164.0200,165.8200,163.2500,164.9200
2022-08-10,AAPL,167.6800,169.3400,166.9000,169.2400
2022-08-11,AAPL,170.0600,170.9900,168.1900,168.4900
2022-08-12,AAPL,169.8200,172.1700,169.4000,172.1000
2022-08-15,AAPL,171.5200,173.3900,171.3450,173.1900
2022-08-16,AAPL,172.7800,173.7100,171.6618,173.0300
2022-08-17,AAPL,172.7700,176.1500,172.5700,174.5500
2022-08-18,AAPL,173.7500,174.9000,173.1200,174.1500
2022-08-19,AAPL,173.0300,173.7400,171.3101,171.5200
2022-08-22,AAPL,169.6900,169.8600,167.1350,167.5700
2022-08-23,AAPL,167.0800,168.7100,166.6500,167.2300
2022-08-24,AAPL,167.3200,168.1100,166.2450,167.5300
2022-08-25,AAPL,168.7800,170.1400,168.3500,170.0300
2022-08-26,AAPL,170.5700,171.0500,163.5600,163.6200
2022-08-29,AAPL,161.1450,162.9000,159.8200,161.3800
2022-08-30,AAPL,162.1300,162.5600,157.7200,158.9100
2022-08-31,AAPL,160.3050,160.5800,157.1400,157.2200
2022-09-01,AAPL,156.6400,158.4200,154.6700,157.9600
2022-09-02,AAPL,159.7500,160.3620,154.9650,155.8100
2022-09-06,AAPL,156.4700,157.0900,153.6900,154.5300
2022-09-07,AAPL,154.8250,156.6700,153.6100,155.9600
2022-09-08,AAPL,154.6400,156.3600,152.6800,154.4600
2022-09-09,AAPL,155.4700,157.8200,154.7500,157.3700
2022-09-12,AAPL,159.5900,164.2600,159.3000,163.4300
2022-09-13,AAPL,159.9000,160.5400,153.3700,153.8400
2022-09-14,AAPL,154.7850,157.1000,153.6106,155.3100
2022-09-15,AAPL,154.6500,155.2400,151.3800,152.3700
2022-09-16,AAPL,151.2100,151.3500,148.3700,150.7000
2022-09-19,AAPL,149.3100,154.5600,149.1000,154.4800
2022-09-20,AAPL,153.4000,158.0800,153.0800,156.9000
2022-09-21,AAPL,157.3400,158.7400,153.6000,153.7200
2022-09-22,AAPL,152.3800,154.4700,150.9100,152.7400
2022-09-23,AAPL,151.1900,151.4700,148.5600,150.4300
2022-09-26,AAPL,149.6600,153.7701,149.6400,150.7700
2022-09-27,AAPL,152.7400,154.7200,149.9450,151.7600
2022-09-28,AAPL,147.6400,150.6414,144.8400,149.8400
2022-09-29,AAPL,146.1000,146.7200,140.6800,142.4800
2022-09-30,AAPL,141.2800,143.1000,138.0000,138.2000
2022-10-03,AAPL,138.2100,143.0700,137.6850,142.4500
2022-10-04,AAPL,145.0300,146.2200,144.2600,146.1000
2022-10-05,AAPL,144.0750,147.3800,143.0100,146.4000
2022-10-06,AAPL,145.8100,147.5400,145.2200,145.4300
2022-10-07,AAPL,142.5400,143.1000,139.4450,140.0900
2022-10-10,AAPL,140.4200,141.8900,138.5729,140.4200
2022-10-11,AAPL,139.9000,141.3500,138.2200,138.9800
2022-10-12,AAPL,139.1300,140.3600,138.1600,138.3400
2022-10-13,AAPL,134.9900,143.5900,134.3700,142.9900
2022-10-14,AAPL,144.3100,144.5200,138.1900,138.3800
2022-10-17,AAPL,141.0650,142.9000,140.2700,142.4100
2022-10-18,AAPL,145.4900,146.7000,140.6100,143.7500
2022-10-19,AAPL,141.6900,144.9492,141.5000,143.8600
2022-10-20,AAPL,143.0200,145.8900,142.6500,143.3900
2022-10-21,AAPL,142.8700,147.8479,142.6490,147.2700
2022-10-24,AAPL,147.1850,150.2300,146.0000,149.4500
2022-10-25,AAPL,150.0900,152.4900,149.3600,152.3400
2022-10-26,AAPL,150.9600,151.9900,148.0400,149.3500
2022-10-27,AAPL,148.0700,149.0460,144.1300,144.8000
2022-10-28,AAPL,148.2000,157.5000,147.8200,155.7400
2022-10-31,AAPL,153.1550,154.2400,151.9200,153.3400
2022-11-01,AAPL,155.0800,155.4500,149.1300,150.6500
2022-11-02,AAPL,148.9450,152.1700,145.0000,145.0300
2022-11-03,AAPL,142.0600,142.8000,138.7500,138.8800
2022-11-04,AAPL,142.0900,142.6700,134.3800,138.3800
2022-11-07,AAPL,137.1100,139.1450,135.6710,138.9200
2022-11-08,AAPL,140.4100,141.4300,137.4900,139.5000
2022-11-09,AAPL,138.5000,138.5500,134.5933,134.8700
2022-11-10,AAPL,141.2400,146.8700,139.5000,146.8700
2022-11-11,AAPL,145.8200,150.0100,144.3700,149.7000
2022-11-14,AAPL,148.9700,150.2800,147.4300,148.2800
2022-11-15,AAPL,152.2150,153.5900,148.5613,150.0400
2022-11-16,AAPL,149.1300,149.8700,147.2900,148.7900
2022-11-17,AAPL,146.4300,151.4800,146.1500,150.7200
2022-11-18,AAPL,152.3050,152.7000,149.9700,151.2900
2022-11-21,AAPL,150.1600,150.3700,147.7150,148.0100
2022-11-22,AAPL,148.1300,150.4200,146.9250,150.1800
2022-11-23,AAPL,149.4500,151.8300,149.3400,151.0700
2022-11-25,AAPL,148.3050,148.8800,147.1200,148.1100
2022-11-28,AAPL,145.1400,146.6400,143.3800,144.2200
2022-11-29,AAPL,144.2900,144.8100,140.3550,141.1700
2022-11-30,AAPL,141.3950,148.7200,140.5500,148.0300
2022-12-01,AAPL,148.2100,149.1300,146.6100,148.3100
2022-12-02,AAPL,145.9600,148.0000,145.6500,147.8100
2022-12-05,AAPL,147.7700,150.9199,145.7700,146.6300
2022-12-06,AAPL,147.0750,147.3000,141.9200,142.9100
2022-12-07,AAPL,142.1900,143.3700,140.0000,140.9400
2022-12-08,AAPL,142.3600,143.5200,141.1000,142.6500
2022-12-09,AAPL,142.3400,145.5700,140.9000,142.1600
2022-12-12,AAPL,142.7000,144.5000,141.0600,144.4900
2022-12-13,AAPL,149.5000,149.9692,144.2400,145.4700
2022-12-14,AAPL,145.3500,146.6550,141.1600,143.2100
2022-12-15,AAPL,141.1100,141.8000,136.0250,136.5000
2022-12-16,AAPL,136.6850,137.6500,133.7300,134.5100
2022-12-19,AAPL,135.1100,135.2000,131.3200,132.3700
2022-12-20,AAPL,131.3900,133.2500,129.8900,132.3000
2022-12-21,AAPL,132.9800,136.8100,132.7500,135.4500
2022-12-22,AAPL,134.3520,134.5600,130.3000,132.2300
2022-12-23,AAPL,130.9200,132.4150,129.6400,131.8600
2022-12-27,AAPL,131.3800,131.4100,128.7200,130.0300
2022-12-28,AAPL,129.6700,131.0275,125.8700,126.0400
2022-12-29,AAPL,127.9900,130.4814,127.7300,129.6100
2022-12-30,AAPL,128.4100,129.9500,127.4300,129.9300
2023-01-03,AAPL,130.2800,130.9000,124.1700,125.0700
2023-01-04,AAPL,126.8900,128.6557,125.0800,126.3600
2023-01-05,AAPL,127.1300,127.7700,124.7600,125.0200
2023-01-06,AAPL,126.0100,130.2900,124.8900,129.6200
2023-01-09,AAPL,130.4650,133.4100,129.8900,130.1500
2023-01-10,AAPL,130.2600,131.2636,128.1200,130.7300
2023-01-11,AAPL,131.2500,133.5100,130.4600,133.4900
2023-01-12,AAPL,133.8800,134.2600,131.4400,133.4100
2023-01-13,AAPL,132.0300,134.9200,131.6600,134.7600
2023-01-17,AAPL,134.8300,137.2900,134.1300,135.9400
2023-01-18,AAPL,136.8150,138.6100,135.0300,135.2100
2023-01-19,AAPL,134.0800,136.2500,133.7700,135.2700
2023-01-20,AAPL,135.2800,138.0200,134.2200,137.8700
2023-01-23,AAPL,138.1200,143.3150,137.9000,141.1100
2023-01-24,AAPL,140.3050,143.1600,140.3000,142.5300
2023-01-25,AAPL,140.8900,142.4300,138.8100,141.8600
2023-01-26,AAPL,143.1700,144.2500,141.9000,143.9600
2023-01-27,AAPL,143.1550,147.2300,143.0800,145.9300
2023-01-30,AAPL,144.9550,145.5500,142.8500,143.0000
2023-01-31,AAPL,142.7000,144.3400,142.2800,144.2900
2023-02-01,AAPL,143.9700,146.6100,141.3200,145.4300
2023-02-02,AAPL,148.9000,151.1800,148.1700,150.8200
2023-02-03,AAPL,148.0300,157.3800,147.8300,154.5000
2023-02-06,AAPL,152.5750,153.1000,150.7800,151.7300
2023-02-07,AAPL,150.6400,155.2300,150.6400,154.6500
2023-02-08,AAPL,153.8800,154.5800,151.1680,151.9200
2023-02-09,AAPL,153.7750,154.3300,150.4200,150.8700
2023-02-10,AAPL,149.4600,151.3401,149.2200,151.0100
2023-02-13,AAPL,150.9520,154.2600,150.9200,153.8500
2023-02-14,AAPL,152.1200,153.7700,150.8600,153.2000
2023-02-15,AAPL,153.1100,155.5000,152.8800,155.3300
2023-02-16,AAPL,153.5100,156.3300,153.3475,153.7100
2023-02-17,AAPL,152.3500,153.0000,150.8500,152.5500
2023-02-21,AAPL,150.2000,151.3000,148.4050,148.4800
2023-02-22,AAPL,148.8700,149.9500,147.1600,148.9100
2023-02-23,AAPL,150.0900,150.3400,147.2400,149.4000
2023-02-24,AAPL,147.1100,147.1900,145.7202,146.7100
2023-02-27,AAPL,147.7100,149.1700,147.4500,147.9200
2023-02-28,AAPL,147.0500,149.0800,146.8300,147.4100
2023-03-01,AAPL,146.8300,147.2285,145.0100,145.3100
2023-03-02,AAPL,144.3800,146.7100,143.9000,145.9100
2023-03-03,AAPL,148.0450,151.1100,147.3300,151.0300
2023-03-06,AAPL,153.7850,156.3000,153.4600,153.8300
2023-03-07,AAPL,153.7000,154.0299,151.1300,151.6000
2023-03-08,AAPL,152.8100,153.4700,151.8300,152.8700
2023-03-09,AAPL,153.5590,154.5350,150.2250,150.5900
2023-03-10,AAPL,150.2100,150.9400,147.6096,148.5000
2023-03-13,AAPL,147.8050,153.1400,147.7000,150.4700
2023-03-14,AAPL,151.2800,153.4000,150.1000,152.5900
2023-03-15,AAPL,151.1900,153.2450,149.9200,152.9900
2023-03-16,AAPL,152.1600,156.4600,151.6400,155.8500
2023-03-17,AAPL,156.0800,156.7400,154.2800,155.0000
2023-03-20,AAPL,155.0700,157.8200,154.1500,157.4000
2023-03-21,AAPL,157.3200,159.4000,156.5400,159.2800
2023-03-22,AAPL,159.3000,162.1400,157.8100,157.8300
2023-03-23,AAPL,158.8300,161.5501,157.6800,158.9300
2023-03-24,AAPL,158.8600,160.3400,157.8500,160.2500
2023-03-27,AAPL,159.9400,160.7700,157.8700,158.2800
2023-03-28,AAPL,157.9700,158.4900,155.9800,157.6500
2023-03-29,AAPL,159.3700,161.0500,159.3500,160.7700
2023-03-30,AAPL,161.5300,162.4700,161.2710,162.3600
2023-03-31,AAPL,162.4400,165.0000,161.9100,164.9000
2023-04-03,AAPL,164.2700,166.2900,164.2200,166.1700
2023-04-04,AAPL,166.5950,166.8400,165.1100,165.6300
2023-04-05,AAPL,164.7400,165.0500,161.8000,163.7600
2023-04-06,AAPL,162.4300,164.9584,162.0000,164.6600
2023-04-10,AAPL,161.4200,162.0300,160.0800,162.0300
2023-04-11,AAPL,162.3500,162.3600,160.5100,160.8000
2023-04-12,AAPL,161.2200,162.0600,159.7800,160.1000
2023-04-13,AAPL,161.6300,165.8000,161.4200,165.5600
2023-04-14,AAPL,164.5900,166.3200,163.8200,165.2100
2023-04-17,AAPL,165.0900,165.3900,164.0300,165.2300
2023-04-18,AAPL,166.1000,167.4100,165.6500,166.4700
2023-04-19,AAPL,165.8000,168.1600,165.5400,167.6300
2023-04-20,AAPL,166.0900,167.8700,165.5600,166.6500
2023-04-21,AAPL,165.0500,166.4521,164.4900,165.0200
2023-04-24,AAPL,165.0000,165.6000,163.8900,165.3300
2023-04-25,AAPL,165.1900,166.3050,163.7300,163.7700
2023-04-26,AAPL,163.0550,165.2800,162.8000,163.7600
2023-04-27,AAPL,165.1900,168.5600,165.1900,168.4100
2023-04-28,AAPL,168.4900,169.8500,167.8801,169.6800
2023-05-01,AAPL,169.2800,170.4500,168.6400,169.5900
2023-05-02,AAPL,170.0900,170.3500,167.5400,168.5400
2023-05-03,AAPL,169.5000,170.9200,167.1600,167.4500
2023-05-04,AAPL,164.8900,167.0400,164.3100,165.7900
2023-05-05,AAPL,170.9750,174.3000,170.7600,173.5700
2023-05-08,AAPL,172.4800,173.8500,172.1100,173.5000
2023-05-09,AAPL,173.0500,173.5400,171.6000,171.7700
2023-05-10,AAPL,173.0200,174.0300,171.9000,173.5550
2023-05-11,AAPL,173.8500,174.5900,172.1700,173.7500
2023-05-12,AAPL,173.6200,174.0600,171.0000,172.5700
2023-05-15,AAPL,173.1600,173.2100,171.4700,172.0700
2023-05-16,AAPL,171.9900,173.1383,171.7991,172.0700
2023-05-17,AAPL,171.7100,172.9250,170.4201,172.6900
2023-05-18,AAPL,173.0000,175.2400,172.5800,175.0500
2023-05-19,AAPL,176.3900,176.3900,174.9400,175.1600
2023-05-22,AAPL,173.9800,174.7100,173.4500,174.2000
2023-05-23,AAPL,173.1300,173.3794,171.2750,171.5600
2023-05-24,AAPL,171.0900,172.4183,170.5200,171.8400
2023-05-25,AAPL,172.4100,173.8950,171.6900,172.9900
2023-05-26,AAPL,173.3200,175.7700,173.1100,175.4300
2023-05-30,AAPL,176.9600,178.9900,176.5700,177.3000
2023-05-31,AAPL,177.3250,179.3500,176.7600,177.2500
2023-06-01,AAPL,177.7000,180.1200,176.9306,180.0900
2023-06-02,AAPL,181.0300,181.7800,179.2600,180.9500
2023-06-05,AAPL,182.6300,184.9510,178.0350,179.5800
2023-06-06,AAPL,179.9650,180.1200,177.4300,179.2100
2023-06-07,AAPL,178.4400,181.2100,177.3200,177.8200
2023-06-08,AAPL,177.8950,180.8400,177.4600,180.5700
2023-06-09,AAPL,181.5000,182.2300,180.6300,180.9600
2023-06-12,AAPL,181.2700,183.8900,180.9700,183.7900
2023-06-13,AAPL,182.8000,184.1500,182.4400,183.3100
2023-06-14,AAPL,183.3700,184.3900,182.0200,183.9500
2023-06-15,AAPL,183.9600,186.5200,183.7800,186.0100
2023-06-16,AAPL,186.7300,186.9900,184.2700,184.9200
2023-06-20,AAPL,184.4100,186.1000,184.4100,185.0100
2023-06-21,AAPL,184.9000,185.4100,182.5901,183.9600
2023-06-22,AAPL,183.7400,187.0450,183.6700,187.0000
2023-06-23,AAPL,185.5500,187.5600,185.0100,186.6800
2023-06-26,AAPL,186.8300,188.0500,185.2300,185.2700
2023-06-27,AAPL,185.8900,188.3900,185.6700,188.0600
2023-06-28,AAPL,187.9300,189.9000,187.6000,189.2500
2023-06-29,AAPL,189.0800,190.0700,188.9400,189.5900
2023-06-30,AAPL,191.6300,194.4800,191.2600,193.9700
2023-07-03,AAPL,193.7800,193.8800,191.7600,192.4600
2023-07-05,AAPL,191.5650,192.9800,190.6200,191.3300
2023-07-06,AAPL,189.8400,192.0200,189.2000,191.8100
2023-07-07,AAPL,191.4100,192.6700,190.2400,190.6800
2023-07-10,AAPL,189.2600,189.9900,187.0350,188.6100
2023-07-11,AAPL,189.1600,189.3000,186.6000,188.0800
2023-07-12,AAPL,189.6800,191.7000,188.4700,189.7700
2023-07-13,AAPL,190.5000,191.1900,189.7800,190.5400
2023-07-14,AAPL,190.2300,191.1799,189.6300,190.6900
2023-07-17,AAPL,191.9000,194.3200,191.8100,193.9900
2023-07-18,AAPL,193.3500,194.3300,192.4150,193.7300
2023-07-19,AAPL,193.1000,198.2300,192.6500,195.1000
2023-07-20,AAPL,195.0900,196.4700,192.4950,193.1300
2023-07-21,AAPL,194.1000,194.9700,191.2300,191.9400
2023-07-24,AAPL,193.4100,194.9100,192.2500,192.7500
2023-07-25,AAPL,193.3300,194.4400,192.9150,193.6200
2023-07-26,AAPL,193.6700,195.6400,193.3200,194.5000
2023-07-27,AAPL,196.0200,197.2000,192.5500,193.2200
2023-07-28,AAPL,194.6700,196.6260,194.1400,195.8300
2023-07-31,AAPL,196.0600,196.4900,195.2600,196.4500
2023-08-01,AAPL,196.2350,196.7300,195.2800,195.6050
2023-08-02,AAPL,195.0400,195.1800,191.8507,192.5800
2023-08-03,AAPL,191.5700,192.3700,190.6900,191.1700
2023-08-04,AAPL,185.5200,187.3800,181.9200,181.9900
2023-08-07,AAPL,182.1300,183.1300,177.3500,178.8500
2023-08-08,AAPL,179.6900,180.2700,177.5800,179.8000
2023-08-09,AAPL,180.8700,180.9300,177.0100,178.1900
2023-08-10,AAPL,179.4800,180.7500,177.6000,177.9700
2023-08-11,AAPL,177.3200,178.6200,176.5500,177.7900
2023-08-14,AAPL,177.9700,179.6900,177.3050,179.4600
2023-08-15,AAPL,178.8800,179.4800,177.0500,177.4500
2023-08-16,AAPL,177.1300,178.5400,176.5000,176.5700
2023-08-17,AAPL,177.1400,177.5054,173.4800,174.0000
2023-08-18,AAPL,172.3000,175.1000,171.9600,174.4900
2023-08-21,AAPL,175.0700,176.1300,173.7350,175.8400
2023-08-22,AAPL,177.0600,177.6800,176.2500,177.2300
2023-08-23,AAPL,178.5200,181.5500,178.3250,181.1200
2023-08-24,AAPL,180.6740,181.1040,176.0100,176.3800
2023-08-25,AAPL,177.3800,179.1500,175.8200,178.6100
2023-08-28,AAPL,180.0900,180.5900,178.5450,180.1900
2023-08-29,AAPL,179.6950,184.9000,179.5000,184.1200
2023-08-30,AAPL,184.9400,187.8500,184.7400,187.6500
2023-08-31,AAPL,187.8400,189.1200,187.4800,187.8700
2023-09-01,AAPL,189.4850,189.9200,188.2800,189.4600
2023-09-05,AAPL,188.2800,189.9800,187.6100,189.7000
2023-09-06,AAPL,188.4000,188.8500,181.4700,182.9100
2023-09-07,AAPL,175.1800,178.2100,173.5400,177.5600
2023-09-08,AAPL,178.3500,180.2390,177.7900,178.1800
2023-09-11,AAPL,180.0700,180.3000,177.3400,179.3600
2023-09-12,AAPL,179.4900,180.1300,174.8200,176.3000
2023-09-13,AAPL,176.5100,177.3000,173.9800,174.2100
2023-09-14,AAPL,174.0000,176.1000,173.5800,175.7400
2023-09-15,AAPL,176.4800,176.4950,173.8200,175.0100
2023-09-18,AAPL,176.4800,179.3800,176.1700,177.9700
2023-09-19,AAPL,177.5200,179.6300,177.1300,179.0700
2023-09-20,AAPL,179.2600,179.6950,175.4000,175.4900
2023-09-21,AAPL,174.5500,176.3000,173.8600,173.9300
2023-09-22,AAPL,174.6700,177.0790,174.0500,174.7900
2023-09-25,AAPL,174.2000,176.9700,174.1500,176.0800
2023-09-26,AAPL,174.8200,175.2000,171.6600,171.9600
2023-09-27,AAPL,172.6200,173.0400,169.0500,170.4300
2023-09-28,AAPL,169.3400,172.0300,167.6200,170.6900
2023-09-29,AAPL,172.0200,173.0700,170.3410,171.2100
2023-10-02,AAPL,171.2200,174.3000,170.9300,173.7500
2023-10-03,AAPL,172.2550,173.6300,170.8200,172.4000
2023-10-04,AAPL,171.0900,174.2100,170.9700,173.6600
2023-10-05,AAPL,173.7900,175.4500,172.6800,174.9100
2023-10-06,AAPL,173.8000,177.9900,173.1800,177.4900
2023-10-09,AAPL,176.8100,179.0500,175.8000,178.9900
2023-10-10,AAPL,178.1000,179.7200,177.9500,178.3900
2023-10-11,AAPL,178.2000,179.8500,177.6000,179.8000
2023-10-12,AAPL,180.0700,182.3400,179.0400,180.7100
2023-10-13,AAPL,181.4200,181.9300,178.1400,178.8500
2023-10-16,AAPL,176.7500,179.0750,176.5100,178.7200
2023-10-17,AAPL,176.6450,178.4200,174.8000,177.1500
2023-10-18,AAPL,175.5800,177.5750,175.1100,175.8400
2023-10-19,AAPL,176.0400,177.8400,175.1900,175.4600
2023-10-20,AAPL,175.3100,175.4200,172.6400,172.8800
2023-10-23,AAPL,170.9100,174.0100,169.9300,173.0000
2023-10-24,AAPL,173.0500,173.6700,171.4500,173.4400
2023-10-25,AAPL,171.8800,173.0600,170.6500,171.1000
2023-10-26,AAPL,170.3700,171.3775,165.6700,166.8900
2023-10-27,AAPL,166.9100,168.9600,166.8300,168.2200
2023-10-30,AAPL,169.0200,171.1700,168.8700,170.2900
2023-10-31,AAPL,169.3500,170.9000,167.9000,170.7700
2023-11-01,AAPL,171.0000,174.2300,170.1200,173.9700
2023-11-02,AAPL,175.5200,177.7800,175.4600,177.5700
2023-11-03,AAPL,174.2400,176.8200,173.3500,176.6500
2023-11-06,AAPL,176.3800,179.4300,176.2100,179.2300
2023-11-07,AAPL,179.1800,182.4400,178.9700,181.8200
2023-11-08,AAPL,182.3500,183.4500,181.5900,182.8900
2023-11-09,AAPL,182.9600,184.1200,181.8100,182.4100
2023-11-10,AAPL,183.9700,186.5650,183.5300,186.4000
2023-11-13,AAPL,185.8200,186.0300,184.2100,184.8000
2023-11-14,AAPL,187.7000,188.1100,186.3000,187.4400
2023-11-15,AAPL,187.8450,189.5000,187.7800,188.0100
2023-11-16,AAPL,189.5700,190.9600,188.6500,189.7100
2023-11-17,AAPL,190.2500,190.3800,188.5700,189.6900
2023-11-20,AAPL,189.8900,191.9050,189.8800,191.4500
2023-11-21,AAPL,191.4100,191.5200,189.7400,190.6400
2023-11-22,AAPL,191.4900,192.9300,190.8250,191.3100
2023-11-24,AAPL,190.8700,190.9000,189.2500,189.9700
2023-11-27,AAPL,189.9200,190.6700,188.9000,189.7900
2023-11-28,AAPL,189.7800,191.0800,189.4000,190.4000
2023-11-29,AAPL,190.9000,192.0900,188.9700,189.3700
2023-11-30,AAPL,189.8400,190.3200,188.1900,189.9500
2023-12-01,AAPL,190.3300,191.5600,189.2300,191.2400
2023-12-04,AAPL,189.9800,190.0500,187.4511,189.4300
2023-12-05,AAPL,190.2100,194.4000,190.1800,193.4200
2023-12-06,AAPL,194.4500,194.7600,192.1100,192.3200
2023-12-07,AAPL,193.6300,195.0000,193.5900,194.2700
2023-12-08,AAPL,194.2000,195.9900,193.6700,195.7100
2023-12-11,AAPL,193.1100,193.4900,191.4200,193.1800
2023-12-12,AAPL,193.0800,194.7200,191.7210,194.7100
2023-12-13,AAPL,195.0900,198.0000,194.8500,197.9600
2023-12-14,AAPL,198.0200,199.6200,196.1600,198.1100
2023-12-15,AAPL,197.5300,198.3999,197.0000,197.5700
2023-12-18,AAPL,196.0900,196.6300,194.3900,195.8900
2023-12-19,AAPL,196.1600,196.9500,195.8900,196.9400
2023-12-20,AAPL,196.9000,197.6800,194.8300,194.8300
2023-12-21,AAPL,196.1000,197.0800,193.5000,194.6800
2023-12-22,AAPL,195.1800,195.4100,192.9700,193.6000
2023-12-26,AAPL,193.6100,193.8900,192.8300,193.0500
2023-12-27,AAPL,192.4900,193.5000,191.0900,193.1500
2023-12-28,AAPL,194.1400,194.6600,193.1700,193.5800
2023-12-29,AAPL,193.9000,194.4000,191.7250,192.5300
2024-01-02,AAPL,187.1500,188.4400,183.8850,185.6400
2024-01-03,AAPL,184.2200,185.8800,183.4300,184.2500
2024-01-04,AAPL,182.1500,183.0872,180.8800,181.9100
2024-01-05,AAPL,181.9900,182.7600,180.1700,181.1800
2024-01-08,AAPL,182.0850,185.6000,181.5000,185.5600
2024-01-09,AAPL,183.9200,185.1500,182.7300,185.1400
2024-01-10,AAPL,184.3500,186.4000,183.9200,186.1900
2024-01-11,AAPL,186.5400,187.0500,183.6200,185.5900
2024-01-12,AAPL,186.0600,186.7400,185.1900,185.9200
2024-01-16,AAPL,182.1600,184.2600,180.9340,183.6300
2024-01-17,AAPL,181.2700,182.9300,180.3000,182.6800
2024-01-18,AAPL,186.0900,189.1400,185.8300,188.6300
2024-01-19,AAPL,189.3300,191.9500,188.8200,191.5600
2024-01-22,AAPL,192.3000,195.3300,192.2600,193.8900
2024-01-23,AAPL,195.0200,195.7500,193.8299,195.1800
2024-01-24,AAPL,195.4200,196.3800,194.3400,194.5000
2024-01-25,AAPL,195.2200,196.2675,193.1125,194.1700
2024-01-26,AAPL,194.2700,194.7600,191.9400,192.4200
2024-01-29,AAPL,192.0100,192.2000,189.5800,191.7300
2024-01-30,AAPL,190.9400,191.8000,187.4700,188.0400
2024-01-31,AAPL,187.0400,187.0950,184.3500,184.4000
2024-02-01,AAPL,183.9850,186.9500,183.8200,186.8600
2024-02-02,AAPL,179.8600,187.3300,179.2500,185.8500
2024-02-05,AAPL,188.1500,189.2500,185.8400,187.6800
2024-02-06,AAPL,186.8600,189.3100,186.7695,189.3000
2024-02-07,AAPL,190.6400,191.0500,188.6100,189.4100
2024-02-08,AAPL,189.3850,189.5350,187.3500,188.3200
2024-02-09,AAPL,188.6500,189.9900,188.0000,188.8500
2024-02-12,AAPL,188.4150,188.6700,186.7900,187.1500
2024-02-13,AAPL,185.7700,186.2100,183.5128,185.0400
2024-02-14,AAPL,185.3200,185.5300,182.4400,184.1500
2024-02-15,AAPL,183.5500,184.4900,181.3500,183.8600
2024-02-16,AAPL,183.4200,184.8500,181.6650,182.3100
2024-02-20,AAPL,181.7900,182.4300,180.0000,181.5600
2024-02-21,AAPL,181.9400,182.8888,180.6600,182.3200
2024-02-22,AAPL,183.4800,184.9550,182.4600,184.3700
2024-02-23,AAPL,185.0100,185.0400,182.2300,182.5200
2024-02-26,AAPL,182.2400,182.7600,180.6500,181.1600
2024-02-27,AAPL,181.1000,183.9225,179.5600,182.6300
2024-02-28,AAPL,182.5100,183.1200,180.1300,181.4200
2024-02-29,AAPL,181.2700,182.5700,179.5300,180.7500
2024-03-01,AAPL,179.5500,180.5300,177.3800,179.6600
2024-03-04,AAPL,176.1500,176.9000,173.7900,175.1000
2024-03-05,AAPL,170.7600,172.0400,169.6200,170.1200
2024-03-06,AAPL,171.0600,171.2400,168.6800,169.1200
2024-03-07,AAPL,169.1500,170.7300,168.4900,169.0000
2024-03-08,AAPL,169.0000,173.7000,168.9400,170.7300
2024-03-11,AAPL,172.9400,174.3800,172.0500,172.7500
2024-03-12,AAPL,173.1500,174.0300,171.0100,173.2300
2024-03-13,AAPL,172.7700,173.1850,170.7600,171.1300
2024-03-14,AAPL,172.9100,174.3078,172.0500,173.0000
2024-03-15,AAPL,171.1700,172.6200,170.2850,172.6200
2024-03-18,AAPL,175.5700,177.7100,173.5200,173.7200
2024-03-19,AAPL,174.3400,176.6050,173.0300,176.0800
2024-03-20,AAPL,175.7200,178.6700,175.0900,178.6700
2024-03-21,AAPL,177.0500,177.4900,170.8400,171.3700
2024-03-22,AAPL,171.7600,173.0500,170.0600,172.2800
2024-03-25,AAPL,170.5650,171.9400,169.4500,170.8500
2024-03-26,AAPL,170.0000,171.4200,169.5800,169.7100
2024-03-27,AAPL,170.4100,173.6000,170.1100,173.3100
2024-03-28,AAPL,171.7500,172.2300,170.5100,171.4800
2024-04-01,AAPL,171.1900,171.2500,169.4750,170.0300
2024-04-02,AAPL,169.0800,169.3400,168.2302,168.8400
2024-04-03,AAPL,168.7900,170.6800,168.5800,169.6500
2024-04-04,AAPL,170.2900,171.9200,168.8200,168.8200
2024-04-05,AAPL,169.5900,170.3900,168.9500,169.5800
2024-04-08,AAPL,169.0300,169.2000,168.2400,168.4500
2024-04-09,AAPL,168.7000,170.0800,168.3500,169.6700
2024-04-10,AAPL,168.8000,169.0900,167.1100,167.7800
2024-04-11,AAPL,168.3400,175.4600,168.1600,175.0400
2024-04-12,AAPL,174.2600,178.3600,174.2100,176.5500
2024-04-15,AAPL,175.3600,176.6300,172.5000,172.6900
2024-04-16,AAPL,171.7500,173.7600,168.2700,169.3800
2024-04-17,AAPL,169.6100,170.6500,168.0000,168.0000
2024-04-18,AAPL,168.0300,168.6400,166.5500,167.0400
2024-04-19,AAPL,166.2100,166.4000,164.0750,165.0000
2024-04-22,AAPL,165.5150,167.2600,164.7700,165.8400
2024-04-23,AAPL,165.3500,167.0500,164.9200,166.9000
2024-04-24,AAPL,166.5400,169.3000,166.2100,169.0200
2024-04-25,AAPL,169.5250,170.6100,168.1511,169.8900
2024-04-26,AAPL,169.8800,171.3400,169.1800,169.3000
2024-04-29,AAPL,173.3700,176.0300,173.1000,173.5000
2024-04-30,AAPL,173.3300,174.9900,170.0000,170.3300
2024-05-01,AAPL,169.5800,172.7050,169.1100,169.3000
2024-05-02,AAPL,172.5100,173.4150,170.8900,173.0300
2024-05-03,AAPL,186.6450,187.0000,182.6600,183.3800
2024-05-06,AAPL,182.3540,184.2000,180.4200,181.7100
2024-05-07,AAPL,183.4500,184.9000,181.3200,182.4000
2024-05-08,AAPL,182.8500,183.0700,181.4500,182.7400
2024-05-09,AAPL,182.5600,184.6600,182.1100,184.5700
2024-05-10,AAPL,184.9000,185.0900,182.1300,183.0500
2024-05-13,AAPL,185.4350,187.1000,184.6200,186.2800
2024-05-14,AAPL,187.5100,188.3000,186.2900,187.4300
2024-05-15,AAPL,187.9100,190.6500,187.3700,189.7200
2024-05-16,AAPL,190.4700,191.0950,189.6601,189.8400
2024-05-17,AAPL,189.5100,190.8100,189.1800,189.8700
2024-05-20,AAPL,189.3250,191.9199,189.0100,191.0400
2024-05-21,AAPL,191.0900,192.7300,190.9201,192.3500
2024-05-22,AAPL,192.2650,192.8231,190.2700,190.9000
2024-05-23,AAPL,190.9800,191.0000,186.6250,186.8800
2024-05-24,AAPL,188.8200,190.5800,188.0404,189.9800
2024-05-28,AAPL,191.5100,193.0000,189.1000,189.9900
2024-05-29,AAPL,189.6100,192.2470,189.5100,190.2900
2024-05-30,AAPL,190.7600,192.1800,190.6300,191.2900
2024-05-31,AAPL,191.4400,192.5700,189.9100,192.2500
2024-06-03,AAPL,192.9000,194.9900,192.5200,194.0300
2024-06-04,AAPL,194.6350,195.3200,193.0342,194.3500
2024-06-05,AAPL,195.4000,196.9000,194.8700,195.8700
2024-06-06,AAPL,195.6850,196.5000,194.1700,194.4800
2024-06-07,AAPL,194.6500,196.9400,194.1400,196.8900
2024-06-10,AAPL,196.9000,197.3000,192.1500,193.1200
2024-06-11,AAPL,193.6500,207.1600,193.6300,207.1500
2024-06-12,AAPL,207.3700,220.2000,206.9000,213.0700
2024-06-13,AAPL,214.7400,216.7500,211.6000,214.2400
2024-06-14,AAPL,213.8500,215.1700,211.3000,212.4900
2024-06-17,AAPL,213.3700,218.9500,212.7200,216.6700
2024-06-18,AAPL,217.5900,218.6300,213.0000,214.2900
2024-06-20,AAPL,213.9300,214.2400,208.8500,209.6800
2024-06-21,AAPL,210.3900,211.8900,207.1100,207.4900
2024-06-24,AAPL,207.7200,212.7000,206.5900,208.1400
2024-06-25,AAPL,209.1500,211.3800,208.6100,209.0700
2024-06-26,AAPL,211.5000,214.8600,210.6400,213.2500
2024-06-27,AAPL,214.6900,215.7395,212.3500,214.1000
2024-06-28,AAPL,215.7700,216.0700,210.3000,210.6200
2024-07-01,AAPL,212.0900,217.5100,211.9200,216.7500
2024-07-02,AAPL,216.1500,220.3800,215.1000,220.2700
2024-07-03,AAPL,220.0000,221.5500,219.0300,221.5500
2024-07-05,AAPL,221.6500,226.4500,221.6500,226.3400
2024-07-08,AAPL,227.0900,227.8500,223.2500,227.8200
2024-07-09,AAPL,227.9300,229.4000,226.3721,228.6800
2024-07-10,AAPL,229.3000,233.0800,229.2500,232.9800
2024-07-11,AAPL,231.3900,232.3900,225.7700,227.5700
2024-07-12,AAPL,228.9200,232.6400,228.6800,230.5400
2024-07-15,AAPL,236.4800,237.2300,233.0900,234.4000
2024-07-16,AAPL,235.0000,236.2700,232.3300,234.8200
2024-07-17,AAPL,229.4500,231.4599,226.6400,228.8800
2024-07-18,AAPL,230.2800,230.4400,222.2700,224.1800
2024-07-19,AAPL,224.8200,226.8000,223.2750,224.3100
2024-07-22,AAPL,227.0100,227.7800,223.0900,223.9600
2024-07-23,AAPL,224.3650,226.9400,222.6800,225.0100
2024-07-24,AAPL,224.0000,224.8000,217.1300,218.5400
2024-07-25,AAPL,218.9300,220.8500,214.6200,217.4900
2024-07-26,AAPL,218.7000,219.4900,216.0100,217.9600
2024-07-29,AAPL,216.9600,219.3000,215.7500,218.2400
2024-07-30,AAPL,219.1900,220.3250,216.1200,218.8000
2024-07-31,AAPL,221.4400,223.8200,220.6300,222.0800
2024-08-01,AAPL,224.3700,224.4800,217.0200,218.3600
2024-08-02,AAPL,219.1500,225.6000,217.7100,219.8600
2024-08-05,AAPL,199.0900,213.5000,196.0000,209.2700
2024-08-06,AAPL,205.3000,209.9900,201.0700,207.2300
2024-08-07,AAPL,206.9000,213.6400,206.3900,209.8200
2024-08-08,AAPL,213.1100,214.2000,208.8300,213.3100
2024-08-09,AAPL,212.1000,216.7800,211.9700,216.2400
2024-08-12,AAPL,216.0700,219.5099,215.6000,217.5300
2024-08-13,AAPL,219.0100,221.8900,219.0100,221.2700
2024-08-14,AAPL,220.5700,223.0300,219.7000,221.7200
2024-08-15,AAPL,224.6000,225.3500,222.7600,224.7200
2024-08-16,AAPL,223.9200,226.8271,223.6501,226.0500
2024-08-19,AAPL,225.7200,225.9900,223.0400,225.8900
2024-08-20,AAPL,225.7700,227.1700,225.4500,226.5100
2024-08-21,AAPL,226.5200,227.9800,225.0500,226.4000
2024-08-22,AAPL,227.7900,228.3400,223.9000,224.5300
2024-08-23,AAPL,225.6589,228.2200,224.3300,226.8400
2024-08-26,AAPL,226.7600,227.2800,223.8905,227.1800
2024-08-27,AAPL,225.9950,228.8500,224.8900,228.0300
2024-08-28,AAPL,227.9200,229.8600,225.6800,226.4900
2024-08-29,AAPL,230.1000,232.9200,228.8800,229.7900
2024-08-30,AAPL,230.1900,230.4000,227.4800,229.0000
2024-09-03,AAPL,228.5500,229.0000,221.1700,222.7700
2024-09-04,AAPL,221.6600,221.7800,217.4800,220.8500
2024-09-05,AAPL,221.6250,225.4800,221.5200,222.3800
2024-09-06,AAPL,223.9500,225.2400,219.7700,220.8200
2024-09-09,AAPL,220.8200,221.2700,216.7100,220.9100
2024-09-10,AAPL,218.9200,221.4800,216.7300,220.1100
2024-09-11,AAPL,221.4550,223.0900,217.8900,222.6600
2024-09-12,AAPL,222.5000,223.5500,219.8200,222.7700
2024-09-13,AAPL,223.5800,224.0400,221.9100,222.5000
2024-09-16,AAPL,216.5400,217.2200,213.9200,216.3200
2024-09-17,AAPL,215.7500,216.9000,214.5000,216.7900
2024-09-18,AAPL,217.5500,222.7100,217.5400,220.6900
2024-09-19,AAPL,224.9900,229.8200,224.6300,228.8700
2024-09-20,AAPL,229.9700,233.0900,227.6200,228.2000
2024-09-23,AAPL,227.3400,229.4500,225.8100,226.4700
2024-09-24,AAPL,228.6450,229.3500,225.7300,227.3700
2024-09-25,AAPL,224.9300,227.2900,224.0200,226.3700
2024-09-26,AAPL,227.3000,228.5000,225.4100,227.5200
2024-09-27,AAPL,228.4600,229.5200,227.3000,227.7900
2024-09-30,AAPL,230.0400,233.0000,229.6500,233.0000
2024-10-01,AAPL,229.5200,229.6500,223.7400,226.2100
2024-10-02,AAPL,225.8900,227.3700,223.0200,226.7800
2024-10-03,AAPL,225.1400,226.8050,223.3200,225.6700
2024-10-04,AAPL,227.9000,228.0000,224.1300,226.8000
2024-10-07,AAPL,224.5000,225.6900,221.3300,221.6900
2024-10-08,AAPL,224.3000,225.9800,223.2500,225.7700
2024-10-09,AAPL,225.2300,229.7500,224.8300,229.5400
2024-10-10,AAPL,227.7800,229.5000,227.1700,229.0400
2024-10-11,AAPL,229.3000,229.4100,227.3400,227.5500
2024-10-14,AAPL,228.7000,231.7300,228.6000,231.3000
2024-10-15,AAPL,233.6100,237.4900,232.3700,233.8500
2024-10-16,AAPL,231.6000,232.1200,229.8400,231.7800
2024-10-17,AAPL,233.4300,233.8500,230.5200,232.1500
2024-10-18,AAPL,236.1800,236.1800,234.0100,235.0000
2024-10-21,AAPL,234.4500,236.8500,234.4500,236.4800
2024-10-22,AAPL,233.8850,236.2200,232.6000,235.8600
2024-10-23,AAPL,234.0800,235.1440,227.7600,230.7600
2024-10-24,AAPL,229.9800,230.8200,228.4100,230.5700
2024-10-25,AAPL,229.7400,233.2200,229.5700,231.4100
2024-10-28,AAPL,233.3200,234.7300,232.5500,233.4000
2024-10-29,AAPL,233.1000,234.3250,232.3200,233.6700
2024-10-30,AAPL,232.6100,233.2299,229.5500,230.1000
2024-10-31,AAPL,229.3400,229.8300,225.3700,225.9100
2024-11-01,AAPL,220.9650,225.3500,220.2700,222.9100
2024-11-04,AAPL,220.9900,222.7900,219.7100,222.0100
2024-11-05,AAPL,221.7950,223.9500,221.1400,223.4500
2024-11-06,AAPL,222.6100,226.0650,221.1900,222.7200
2024-11-07,AAPL,224.6250,227.8750,224.5700,227.4800
2024-11-08,AAPL,227.1700,228.6600,226.4050,226.9600
2024-11-11,AAPL,225.0000,225.7000,221.5000,224.2300
2024-11-12,AAPL,224.5500,225.5900,223.3550,224.2300
2024-11-13,AAPL,224.0100,226.6500,222.7600,225.1200
2024-11-14,AAPL,225.0200,228.8700,225.0000,228.2200
2024-11-15,AAPL,226.4000,226.9200,224.2700,225.0000
2024-11-18,AAPL,225.2500,229.7400,225.1700,228.0200
2024-11-19,AAPL,226.9800,230.1600,226.6600,228.2800
2024-11-20,AAPL,228.0600,229.9300,225.8900,229.0000
2024-11-21,AAPL,228.8800,230.1550,225.7103,228.5200
2024-11-22,AAPL,228.0600,230.7199,228.0600,229.8700
2024-11-25,AAPL,231.4600,233.2450,229.7400,232.8700
2024-11-26,AAPL,233.3300,235.5700,233.3300,235.0600
2024-11-27,AAPL,234.4650,235.6900,233.8101,234.9300
2024-11-29,AAPL,234.8050,237.8100,233.9700,237.3300
2024-12-02,AAPL,237.2700,240.7900,237.1600,239.5900
2024-12-03,AAPL,239.8100,242.7600,238.9000,242.6500
2024-12-04,AAPL,242.8700,244.1100,241.2500,243.0100
2024-12-05,AAPL,243.9900,244.5400,242.1300,243.0400
2024-12-06,AAPL,242.9050,244.6300,242.0800,242.8400
2024-12-09,AAPL,241.8300,247.2400,241.7500,246.7500
2024-12-10,AAPL,246.8900,248.2100,245.3400,247.7700
2024-12-11,AAPL,247.9600,250.8000,246.2601,246.4900
2024-12-12,AAPL,246.8900,248.7400,245.6800,247.9600
2024-12-13,AAPL,247.8150,249.2902,246.2400,248.1300
2024-12-16,AAPL,247.9900,251.3800,247.6500,251.0400
2024-12-17,AAPL,250.0800,253.8300,249.7800,253.4800
2024-12-18,AAPL,252.1600,254.2800,247.7400,248.0500
2024-12-19,AAPL,247.5000,252.0000,247.0949,249.7900
2024-12-20,AAPL,248.0400,255.0000,245.6900,254.4900
2024-12-23,AAPL,254.7700,255.6500,253.4500,255.2700
2024-12-24,AAPL,255.4900,258.2100,255.2900,258.2000
2024-12-26,AAPL,258.1900,260.1000,257.6300,259.0200
2024-12-27,AAPL,257.8300,258.7000,253.0600,255.5900
2024-12-30,AAPL,252.2300,253.5000,250.7500,252.2000
2024-12-31,AAPL,252.4400,253.2800,249.4300,250.4200
2025-01-02,AAPL,248.9300,249.1000,241.8201,243.8500
2025-01-03,AAPL,243.3600,244.1800,241.8900,243.3600
2025-01-06,AAPL,244.3100,247.3300,243.2000,245.0000
2025-01-07,AAPL,242.9800,245.5500,241.3500,242.2100
2025-01-08,AAPL,241.9200,243.7123,240.0500,242.7000
2025-01-10,AAPL,240.0100,240.1600,233.0000,236.8500
2025-01-13,AAPL,233.5300,234.6700,229.7200,234.4000
2025-01-14,AAPL,234.7500,236.1200,232.4720,233.2800
2025-01-15,AAPL,234.6350,238.9600,234.4300,237.8700
2025-01-16,AAPL,237.3500,238.0100,228.0300,228.2600
2025-01-17,AAPL,232.1150,232.2900,228.4800,229.9800
2025-01-21,AAPL,224.0000,224.4200,219.3800,222.6400
2025-01-22,AAPL,219.7900,224.1200,219.7900,223.8300
2025-01-23,AAPL,224.7400,227.0300,222.3000,223.6600
2025-01-24,AAPL,224.7800,225.6300,221.4100,222.7800
2025-01-27,AAPL,224.0200,232.1500,223.9800,229.8600
2025-01-28,AAPL,230.8500,240.1900,230.8100,238.2600
2025-01-29,AAPL,234.1200,239.8550,234.0100,239.3600
2025-01-30,AAPL,238.6650,240.7900,237.2100,237.5900
2025-01-31,AAPL,247.1900,247.1900,233.4400,236.0000
2025-02-03,AAPL,229.9900,231.8300,225.7000,228.0100
2025-02-04,AAPL,227.2500,233.1300,226.6500,232.8000
2025-02-05,AAPL,228.5300,232.6700,228.2700,232.4700
2025-02-06,AAPL,231.2850,233.8000,230.4250,233.2200
2025-02-07,AAPL,232.6000,234.0000,227.2600,227.6300
2025-02-10,AAPL,229.5700,230.5850,227.2000,227.6500
2025-02-11,AAPL,228.2000,235.2300,228.1300,232.6200
2025-02-12,AAPL,231.2000,236.9600,230.6800,236.8700
2025-02-13,AAPL,236.9100,242.3399,235.5700,241.5300
2025-02-14,AAPL,241.2500,245.5500,240.9900,244.6000
2025-02-18,AAPL,244.1500,245.1800,241.8400,244.4700
2025-02-19,AAPL,244.6600,246.0100,243.1604,244.8700
2025-02-20,AAPL,244.9400,246.7800,244.2900,245.8300
2025-02-21,AAPL,245.9500,248.6900,245.2200,245.5500
2025-02-24,AAPL,244.9250,248.8600,244.4200,247.1000
2025-02-25,AAPL,248.0000,250.0000,244.9100,247.0400
2025-02-26,AAPL,244.3300,244.9800,239.1300,240.3600
2025-02-27,AAPL,239.4100,242.4600,237.0600,237.3000
2025-02-28,AAPL,236.9500,242.0900,230.2000,241.8400
2025-03-03,AAPL,241.7900,244.0272,236.1120,238.0300
2025-03-04,AAPL,237.7050,240.0700,234.6800,235.9300
2025-03-05,AAPL,235.4200,236.5500,229.2300,235.7400
2025-03-06,AAPL,234.4350,237.8600,233.1581,235.3300
2025-03-07,AAPL,235.1050,241.3700,234.7600,239.0700
2025-03-10,AAPL,235.5400,236.1600,224.2200,227.4800
2025-03-11,AAPL,223.8050,225.8399,217.4500,220.8400
2025-03-12,AAPL,220.1400,221.7500,214.9100,216.9800
2025-03-13,AAPL,215.9500,216.8394,208.4200,209.6800
2025-03-14,AAPL,211.2500,213.9500,209.5800,213.4900
2025-03-17,AAPL,213.3100,215.2200,209.9700,214.0000
2025-03-18,AAPL,214.1600,215.1500,211.4900,212.6900
2025-03-19,AAPL,214.2200,218.7600,213.7500,215.2400
2025-03-20,AAPL,213.9900,217.4899,212.2200,214.1000
2025-03-21,AAPL,211.5600,218.8400,211.2800,218.2700
2025-03-24,AAPL,221.0000,221.4800,218.5800,220.7300
2025-03-25,AAPL,220.7700,224.1000,220.0800,223.7500
2025-03-26,AAPL,223.5100,225.0200,220.4700,221.5300
2025-03-27,AAPL,221.3900,224.9900,220.5601,223.8500
2025-03-28,AAPL,221.6700,223.8100,217.6800,217.9000
2025-03-31,AAPL,217.0050,225.6200,216.2300,222.1300
2025-04-01,AAPL,219.8050,223.6800,218.9000,223.1900
2025-04-02,AAPL,221.3150,225.1900,221.0200,223.8900
2025-04-03,AAPL,205.5400,207.4900,201.2500,203.1900
2025-04-04,AAPL,193.8900,199.8800,187.3400,188.3800
2025-04-07,AAPL,177.2000,194.1500,174.6200,181.4600
2025-04-08,AAPL,186.7000,190.3350,169.2101,172.4200
2025-04-09,AAPL,171.9500,200.6100,171.8900,198.8500
2025-04-10,AAPL,189.0650,194.7799,183.0000,190.4200
2025-04-11,AAPL,186.1000,199.5400,186.0600,198.1500
2025-04-14,AAPL,211.4400,212.9400,201.1621,202.5200
2025-04-15,AAPL,201.8550,203.5100,199.8000,202.1400
2025-04-16,AAPL,198.3600,200.7000,192.3700,194.2700
2025-04-17,AAPL,197.2000,198.8335,194.4200,196.9800
2025-04-21,AAPL,193.2650,193.8000,189.8112,193.1600
2025-04-22,AAPL,196.1200,201.5900,195.9700,199.7400
2025-04-23,AAPL,206.0000,208.0000,202.7990,204.6000
2025-04-24,AAPL,204.8900,208.8299,202.9400,208.3700
2025-04-25,AAPL,206.3650,209.7500,206.2000,209.2800
2025-04-28,AAPL,210.0000,211.5000,207.4600,210.1400
2025-04-29,AAPL,208.6930,212.2400,208.3700,211.2100
2025-04-30,AAPL,209.3000,213.5800,206.6705,212.5000
2025-05-01,AAPL,209.0800,214.5600,208.9000,213.3200
2025-05-02,AAPL,206.0900,206.9900,202.1600,205.3500
2025-05-05,AAPL,203.1000,204.1000,198.2100,198.8900
2025-05-06,AAPL,198.2100,200.6500,197.0200,198.5100
2025-05-07,AAPL,199.1700,199.4400,193.2500,196.2500
2025-05-08,AAPL,197.7200,200.0500,194.6796,197.4900
2025-05-09,AAPL,199.0000,200.5399,197.5350,198.5300
2025-05-12,AAPL,210.9700,211.2679,206.7500,210.7900
2025-05-13,AAPL,210.4300,213.4000,209.0000,212.9300
2025-05-14,AAPL,212.4300,213.9400,210.5801,212.3300
2025-05-15,AAPL,210.9500,212.9600,209.5400,211.4500
2025-05-16,AAPL,212.3600,212.5700,209.7700,211.2600
2025-05-19,AAPL,207.9100,209.4800,204.2600,208.7800
2025-05-20,AAPL,207.6700,208.4700,205.0300,206.8600
2025-05-21,AAPL,205.1700,207.0400,200.7100,202.0900
2025-05-22,AAPL,200.7100,202.7500,199.7000,201.3600
2025-05-23,AAPL,193.6650,197.7000,193.4600,195.2700
2025-05-27,AAPL,198.3000,200.7400,197.4300,200.2100
2025-05-28,AAPL,200.5900,202.7300,199.9000,200.4200
2025-05-29,AAPL,203.5750,203.8100,198.5100,199.9500
2025-05-30,AAPL,199.3700,201.9600,196.7800,200.8500
2025-06-02,AAPL,200.2800,202.1300,200.1200,201.7000
2025-06-03,AAPL,201.3500,203.7700,200.9550,203.2700
2025-06-04,AAPL,202.9100,206.2400,202.1000,202.8200
2025-06-05,AAPL,203.5000,204.7500,200.1500,200.6300
2025-06-06,AAPL,203.0000,205.7000,202.0500,203.9200
2025-06-09,AAPL,204.3900,206.0000,200.0200,201.4500
2025-06-10,AAPL,200.6000,204.3500,200.5700,202.6700
2025-06-11,AAPL,203.5000,204.5000,198.4100,198.7800
2025-06-12,AAPL,199.0800,199.6800,197.3601,199.2000
2025-06-13,AAPL,199.7300,200.3700,195.7000,196.4500
2025-06-16,AAPL,197.3000,198.6850,196.5636,198.4200
2025-06-17,AAPL,197.2000,198.3900,195.2100,195.6400
2025-06-18,AAPL,195.9400,197.5700,195.0700,196.5800
2025-06-20,AAPL,198.2350,201.7000,196.8550,201.0000
2025-06-23,AAPL,201.6250,202.3000,198.9600,201.5000
2025-06-24,AAPL,202.5900,203.4400,200.2000,200.3000
2025-06-25,AAPL,201.4500,203.6700,200.6201,201.5600
2025-06-26,AAPL,201.4300,202.6400,199.4600,201.0000
2025-06-27,AAPL,201.8900,203.2200,200.0000,201.0800
2025-06-30,AAPL,202.0100,207.3900,199.2607,205.1700
2025-07-01,AAPL,206.6650,210.1865,206.1401,207.8200
2025-07-02,AAPL,208.9100,213.3400,208.1400,212.4400
2025-07-03,AAPL,212.1450,214.6500,211.8101,213.5500
2025-07-07,AAPL,212.6800,216.2300,208.8000,209.9500
2025-07-08,AAPL,210.1000,211.4300,208.4500,210.0100
2025-07-09,AAPL,209.5300,211.3300,207.2200,211.1400
2025-07-10,AAPL,210.5050,213.4800,210.0300,212.4100
2025-07-11,AAPL,210.5650,212.1300,209.8600,211.1600
2025-07-14,AAPL,209.9250,210.9100,207.5400,208.6200
2025-07-15,AAPL,209.2200,211.8900,208.9200,209.1100
2025-07-16,AAPL,210.2950,212.4000,208.6400,210.1600
2025-07-17,AAPL,210.5700,211.8000,209.5900,210.0200
2025-07-18,AAPL,210.8700,211.7900,209.7045,211.1800
2025-07-21,AAPL,212.1000,215.7800,211.6300,212.4800
2025-07-22,AAPL,213.1400,214.9500,212.2301,214.4000
2025-07-23,AAPL,215.0000,215.1500,212.4100,214.1500
2025-07-24,AAPL,213.9000,215.6900,213.5300,213.7600
2025-07-25,AAPL,214.7000,215.2400,213.4000,213.8800
2025-07-28,AAPL,214.0300,214.8450,213.0600,214.0500
2025-07-29,AAPL,214.1750,214.8100,210.8200,211.2700
2025-07-30,AAPL,211.8950,212.3900,207.7200,209.0500
2025-07-31,AAPL,208.4900,209.8400,207.1600,207.5700
2025-08-01,AAPL,210.8650,213.5800,201.5000,202.3800
2025-08-04,AAPL,204.5050,207.8800,201.6750,203.3500
2025-08-05,AAPL,203.4000,205.3400,202.1600,202.9200
2025-08-06,AAPL,205.6300,215.3800,205.5900,213.2500
2025-08-07,AAPL,218.8750,220.8500,216.5800,220.0300
2025-08-08,AAPL,220.8300,231.0000,219.2500,229.3500
2025-08-11,AAPL,227.9200,229.5600,224.7600,227.1800
2025-08-12,AAPL,228.0050,230.8000,227.0700,229.6500
2025-08-13,AAPL,231.0700,235.0000,230.4300,233.3300
2025-08-14,AAPL,234.0550,235.1200,230.8500,232.7800
2025-08-15,AAPL,234.0000,234.2800,229.3350,231.5900
2025-08-18,AAPL,231.7000,233.1200,230.1100,230.8900
2025-08-19,AAPL,231.2750,232.8700,229.3500,230.5600
2025-08-20,AAPL,229.9800,230.4700,225.7700,226.0100
2025-08-21,AAPL,226.2700,226.5200,223.7804,224.9000
2025-08-22,AAPL,226.1700,229.0900,225.4100,227.7600
2025-08-25,AAPL,226.4800,229.3000,226.2300,227.1600
2025-08-26,AAPL,226.8700,229.4900,224.6900,229.3100
2025-08-27,AAPL,228.6100,230.9000,228.2600,230.4900
2025-08-28,AAPL,230.8200,233.4100,229.3350,232.5600
2025-08-29,AAPL,232.5100,233.3800,231.3700,232.1400
2025-09-02,AAPL,229.2500,230.8500,226.9700,229.7200
2025-09-03,AAPL,237.2100,238.8500,234.3600,238.4700
2025-09-04,AAPL,238.4500,239.8999,236.7400,239.7800
2025-09-05,AAPL,239.9950,241.3200,238.4901,239.6900
2025-09-08,AAPL,239.3000,240.1500,236.3400,237.8800
2025-09-09,AAPL,237.0000,238.7805,233.3600,234.3500
2025-09-10,AAPL,232.1850,232.4200,225.9500,226.7900
2025-09-11,AAPL,226.8750,230.4500,226.6500,230.0300
2025-09-12,AAPL,229.2200,234.5100,229.0200,234.0700
2025-09-15,AAPL,237.0000,238.1900,235.0300,236.7000
2025-09-16,AAPL,237.1750,241.2200,236.3235,238.1500
2025-09-17,AAPL,238.9700,240.1000,237.7301,238.9900
2025-09-18,AAPL,239.9700,241.2000,236.6500,237.8800
2025-09-19,AAPL,241.2250,246.3000,240.2106,245.5000
2025-09-22,AAPL,248.3000,256.6400,248.1200,256.0800
2025-09-23,AAPL,255.8750,257.3400,253.5800,254.4300
2025-09-24,AAPL,255.2200,255.7400,251.0400,252.3100
2025-09-25,AAPL,253.2050,257.1700,251.7120,256.8700
2025-09-26,AAPL,254.0950,257.6000,253.7800,255.4600
2025-09-29,AAPL,254.5600,255.0000,253.0100,254.4300
2025-09-30,AAPL,254.8550,255.9190,253.1100,254.6300
2025-10-01,AAPL,255.0400,258.7900,254.9300,255.4500
2025-10-02,AAPL,256.5750,258.1800,254.1500,257.1300
2025-10-03,AAPL,254.6650,259.2400,253.9500,258.0200
2025-10-06,AAPL,257.9900,259.0700,255.0500,256.6900
2025-10-07,AAPL,256.8050,257.4000,255.4300,256.4800
2025-10-08,AAPL,256.5200,258.5200,256.1100,258.0600
2025-10-09,AAPL,257.8050,258.0000,253.1400,254.0400
2025-10-10,AAPL,254.9400,256.3800,244.0000,245.2700
2025-10-13,AAPL,249.3800,249.6900,245.5600,247.6600
2025-10-14,AAPL,246.6000,248.8450,244.7000,247.7700
2025-10-15,AAPL,249.4850,251.8200,247.4700,249.3400
2025-10-16,AAPL,248.2500,249.0400,245.1300,247.4500
2025-10-17,AAPL,248.0200,253.3800,247.2700,252.2900
2025-10-20,AAPL,255.8850,264.3750,255.6300,262.2400
2025-10-21,AAPL,261.8800,265.2900,261.8300,262.7700
2025-10-22,AAPL,262.6500,262.8500,255.4300,258.4500
2025-10-23,AAPL,259.9400,260.6200,258.0101,259.5800
2025-10-24,AAPL,261.1900,264.1300,259.1800,262.8200
2025-10-27,AAPL,264.8800,269.1200,264.6501,268.8100
2025-10-28,AAPL,268.9850,269.8900,268.1500,269.0000
2025-10-29,AAPL,269.2750,271.4100,267.1100,269.7000
2025-10-30,AAPL,271.9900,274.1400,268.4800,271.4000
2025-10-31,AAPL,276.9900,277.3200,269.1600,270.3700
2025-11-03,AAPL,270.4200,270.8500,266.2500,269.0500
2025-11-04,AAPL,268.3250,271.4860,267.6150,270.0400
2025-11-05,AAPL,268.6100,271.7000,266.9300,270.1400
2025-11-06,AAPL,267.8900,273.4000,267.8900,269.7700
2025-11-07,AAPL,269.7950,272.2900,266.7700,268.4700
2025-11-10,AAPL,268.9600,273.7300,267.4550,269.4300
2025-11-11,AAPL,269.8100,275.9100,269.8000,275.2500
2025-11-12,AAPL,275.0000,275.7300,271.7000,273.4700
2025-11-13,AAPL,274.1100,276.6990,272.0900,272.9500
2025-11-14,AAPL,271.0500,275.9600,269.6000,272.4100
2025-11-17,AAPL,268.8150,270.4900,265.7300,267.4600
2025-11-18,AAPL,269.9900,270.7100,265.3200,267.4400
2025-11-19,AAPL,265.5250,272.2100,265.5000,268.5600
2025-11-20,AAPL,270.8300,275.4300,265.9200,266.2500
2025-11-21,AAPL,265.9500,273.3300,265.6700,271.4900
2025-11-24,AAPL,270.9000,277.0000,270.9000,275.9200
2025-11-25,AAPL,275.2700,280.3800,275.2500,276.9700
2025-11-26,AAPL,276.9600,279.5300,276.6300,277.5500
2025-11-28,AAPL,277.2600,279.0000,275.9865,278.8500
2025-12-01,AAPL,278.0100,283.4200,276.1400,283.1000
2025-12-02,AAPL,283.0000,287.4000,282.6301,286.1900
2025-12-03,AAPL,286.2000,288.6200,283.3000,284.1500
2025-12-04,AAPL,284.0950,284.7300,278.5900,280.7000
2025-12-05,AAPL,280.5400,281.1400,278.0500,278.7800
2025-12-08,AAPL,278.1300,279.6693,276.1500,277.8900
2025-12-09,AAPL,278.1600,280.0300,276.9200,277.1800
2025-12-10,AAPL,277.7500,279.7500,276.4400,278.7800
2025-12-11,AAPL,279.0950,279.5900,273.8100,278.0300
2025-12-12,AAPL,277.9000,279.2200,276.8200,278.2800
2025-12-15,AAPL,280.1500,280.1500,272.8400,274.1100
2025-12-16,AAPL,272.8200,275.5000,271.7900,274.6100
2025-12-17,AAPL,275.0100,276.1600,271.6400,271.8400
2025-12-18,AAPL,273.6050,273.6300,266.9500,272.1900
2025-12-19,AAPL,272.1450,274.6000,269.9000,273.6700
2025-12-22,AAPL,272.8600,273.8800,270.5050,270.9700
2025-12-23,AAPL,270.8400,272.5000,269.5600,272.3600
2025-12-24,AAPL,272.3400,275.4300,272.1950,273.8100
2025-12-26,AAPL,274.1600,275.3700,272.8600,273.4000
2025-12-29,AAPL,272.6900,274.3600,272.3500,273.7600
2025-12-30,AAPL,272.8100,274.0800,272.2800,273.0800
2025-12-31,AAPL,273.0600,273.6800,271.7500,271.8600
2026-01-02,AAPL,272.2550,277.8400,269.0000,271.0100
2026-01-05,AAPL,270.6400,271.5100,266.1400,267.2600
2026-01-06,AAPL,267.0000,267.5500,262.1200,262.3600
2026-01-07,AAPL,263.2000,263.6800,259.8100,260.3300
2026-01-08,AAPL,257.0200,259.2900,255.7000,259.0400
2026-01-09,AAPL,259.0750,260.2100,256.2200,259.3700
2026-01-12,AAPL,259.1600,261.3000,256.8000,260.2500
2026-01-13,AAPL,258.7200,261.8100,258.3900,261.0500
2026-01-14,AAPL,259.4900,261.8200,256.7100,259.9600
2026-01-15,AAPL,260.6500,261.0400,257.0500,258.2100
2026-01-16,AAPL,257.9000,258.9000,254.9300,255.5300
2026-01-20,AAPL,252.7300,254.7900,243.4200,246.7000
2026-01-21,AAPL,248.7000,251.5600,245.1800,247.6500
2026-01-22,AAPL,249.2000,251.0000,248.1500,248.3500
2026-01-23,AAPL,247.3200,249.4100,244.6800,248.0400
2026-01-26,AAPL,251.4800,256.5600,249.8000,255.4100
2026-01-27,AAPL,259.1700,261.9500,258.2100,258.2700
2026-01-28,AAPL,257.6500,258.8550,254.5100,256.4400
2026-01-29,AAPL,258.0000,259.6500,254.4100,258.2800
2026-01-30,AAPL,255.1650,261.8999,252.1800,259.4800
2026-02-02,AAPL,260.0300,270.4900,259.2050,270.0100
2026-02-03,AAPL,269.2000,271.8750,267.6100,269.4800
2026-02-04,AAPL,272.2850,278.9500,272.2850,276.4900
2026-02-05,AAPL,278.1300,279.5000,273.2300,275.9100
2026-02-06,AAPL,277.1200,280.9050,276.9250,278.1200
2026-02-09,AAPL,277.9050,278.2000,271.7000,274.6200
2026-02-10,AAPL,274.8850,275.3700,272.9400,273.6800
2026-02-11,AAPL,274.6950,280.1800,274.4500,275.5000
2026-02-12,AAPL,275.5900,275.7200,260.1800,261.7300
2026-02-13,AAPL,262.0100,262.2300,255.4500,255.7800
2026-02-17,AAPL,258.0500,266.2900,255.5400,263.8800
2026-02-18,AAPL,263.6000,266.8200,262.4500,264.3500
2026-02-19,AAPL,262.6000,264.4800,260.0500,260.5800
2026-02-20,AAPL,258.9700,264.7500,258.1600,264.5800
2026-02-23,AAPL,263.4900,269.4300,263.3810,266.1800
2026-02-24,AAPL,267.8600,274.8900,267.7100,272.1400
2026-02-25,AAPL,271.7800,274.9400,271.0500,274.2300
2026-02-26,AAPL,274.9450,276.1100,270.7950,272.9500
2026-02-27,AAPL,272.8100,272.8100,262.8900,264.1800
2026-03-02,AAPL,262.4100,266.5300,260.2000,264.7200
2026-03-03,AAPL,263.4800,265.5600,260.1300,263.7500
2026-03-04,AAPL,264.6500,266.1500,261.4200,262.5200
2026-03-05,AAPL,260.7900,261.5550,257.2500,260.2900
2026-03-06,AAPL,258.6300,258.7700,254.3700,257.4600
2026-03-09,AAPL,255.6900,261.1500,253.6805,259.8800
2026-03-10,AAPL,257.6450,262.4800,256.9500,260.8300
2026-03-11,AAPL,261.0900,262.1300,259.5500,260.8100
2026-03-12,AAPL,258.6600,258.9500,254.1800,255.7600
2026-03-13,AAPL,255.4800,256.3300,249.5200,250.1200
2026-03-16,AAPL,252.1050,253.8850,249.8800,252.8200
2026-03-17,AAPL,252.9550,255.1300,252.1800,254.2300
2026-03-18,AAPL,252.6250,254.9400,249.0000,249.9400
2026-03-19,AAPL,249.4000,251.8300,247.3000,248.9600
2026-03-20,AAPL,247.9750,249.1999,246.0000,247.9900
2026-03-23,AAPL,253.9700,254.6000,250.2800,251.4900
2026-03-24,AAPL,250.3500,254.8250,249.5500,251.6400
2026-03-25,AAPL,254.0950,255.0000,251.6000,252.6200
2026-03-26,AAPL,252.1150,257.0000,250.7700,252.8900
2026-03-27,AAPL,253.9000,255.4930,248.0700,248.8000
2026-03-30,AAPL,250.0700,250.8700,245.5100,246.6300
2026-03-31,AAPL,247.9100,255.4800,247.1010,253.7900
2026-04-01,AAPL,254.0800,256.1800,253.3300,255.6300
2026-04-02,AAPL,254.2000,256.1300,250.6500,255.9200
2026-04-06,AAPL,256.5100,262.1600,256.4600,258.8600
2026-04-07,AAPL,256.1550,256.2000,245.7000,253.5000
2026-04-08,AAPL,258.4500,259.7499,256.5300,258.9000
2026-04-09,AAPL,259.0000,261.1200,256.0700,260.4900
2026-04-10,AAPL,259.9800,262.1900,259.0231,260.4800
2026-04-13,AAPL,259.7300,260.1800,256.6600,259.2000
2026-04-14,AAPL,259.2450,261.9300,257.1900,258.8300
2026-04-15,AAPL,258.1600,266.5600,257.8100,266.4300
2026-04-16,AAPL,266.8000,267.1600,261.2700,263.4000
2026-04-17,AAPL,266.9600,272.3000,266.7200,270.2300
2026-04-20,AAPL,270.3300,274.2750,270.2900,273.0500
2026-04-21,AAPL,271.5000,272.8000,265.4000,266.1700
2026-04-22,AAPL,267.8200,273.7400,266.8700,273.1700
2026-04-23,AAPL,275.0450,275.7700,271.6500,273.4300
2026-04-24,AAPL,272.7550,273.0600,269.6500,271.0600
2026-04-27,AAPL,266.0900,268.3600,265.0700,267.6100
2026-04-28,AAPL,272.3350,273.2300,268.6600,270.7100
2026-04-29,AAPL,267.5500,271.0400,267.0400,270.1700
2026-04-30,AAPL,270.5000,276.0000,268.1400,271.3500
2026-05-01,AAPL,278.8550,287.2200,278.3700,280.1400
2026-05-04,AAPL,279.6550,280.6300,274.8601,276.8300
2026-05-05,AAPL,276.9250,284.5700,276.5010,284.1800
2026-05-06,AAPL,281.9150,288.0200,281.0700,287.5100
2026-05-07,AAPL,289.2700,292.1300,285.7800,287.4400
2026-05-08,AAPL,290.0100,294.7600,290.0000,293.3200
2026-05-11,AAPL,291.9790,293.8800,290.2300,292.6800
2026-05-12,AAPL,292.5600,295.2700,292.5600,294.8000
2026-05-13,AAPL,293.5000,300.9200,293.5000,298.8700
2026-05-14,AAPL,299.8200,300.4500,295.3800,298.2100
2026-05-15,AAPL,297.9000,303.2000,296.5200,300.2300
2026-05-18,AAPL,300.2400,300.6600,294.9100,297.8400
2026-05-19,AAPL,296.9700,300.5100,296.3500,298.9700
2026-05-20,AAPL,298.1800,302.8000,298.0800,302.2500
2026-05-21,AAPL,301.0550,305.5400,300.4000,304.9900
2026-05-22,AAPL,306.1200,311.4000,305.8400,308.8200
2026-05-26,AAPL,309.5600,311.8200,307.6700,308.3300
2026-05-27,AAPL,308.3300,313.2600,308.3000,310.8500
2026-05-28,AAPL,310.6800,312.8000,309.5700,312.5100
2026-05-29,AAPL,311.7750,315.0000,309.5300,312.0600
2026-06-01,AAPL,309.6250,310.9400,305.0200,306.3100
2026-06-02,AAPL,307.4600,315.4500,306.6850,315.2000
2026-06-03,AAPL,314.1750,316.9400,308.8500,310.2600
2026-06-04,AAPL,313.2300,313.5400,309.6500,311.2300
2026-06-05,AAPL,312.8600,315.1700,307.1500,307.3400
2026-06-08,AAPL,308.7390,317.4000,301.1700,301.5400
2026-06-09,AAPL,300.2750,300.7500,287.7800,290.5500
2026-06-10,AAPL,290.7400,294.7500,287.3800,291.5800
2026-06-11,AAPL,293.7200,297.0000,289.5900,295.6300
2026-06-12,AAPL,296.0300,297.1400,289.6200,291.1300
2026-06-15,AAPL,294.1200,297.7800,291.7000,296.4200
2026-06-16,AAPL,295.2450,300.4800,293.9700,299.2400
2026-06-17,AAPL,300.8450,302.0700,294.3600,295.9500
2026-06-18,AAPL,298.1100,300.5700,295.6200,298.0100
2026-06-22,AAPL,297.3100,302.4200,296.7600,297.0100
2026-06-23,AAPL,297.5380,301.6400,294.1800,294.3000
2026-06-24,AAPL,295.3550,299.7000,292.9400,293.0800
2026-06-25,AAPL,287.4000,288.8000,273.7500,275.1500
2026-06-26,AAPL,275.0000,285.9500,274.2100,283.7800
2026-06-29,AAPL,286.7300,288.3697,279.8500,281.7400
2026-06-30,AAPL,281.1700,289.9400,280.6950,289.3600
2026-07-01,AAPL,293.4400,296.5900,289.1950,294.3800
2026-07-02,AAPL,294.1200,309.4200,293.6800,308.6300
2026-07-06,AAPL,307.3600,314.2000,307.0000,312.6600
2026-07-07,AAPL,315.2900,315.4800,310.1500,310.6600
2026-07-08,AAPL,311.9100,314.8200,307.0500,313.3900
2026-07-09,AAPL,310.5100,316.5300,308.1600,316.2200
2026-07-10,AAPL,314.7200,316.9100,312.1700,315.3200
2026-07-13,AAPL,317.0150,323.4500,315.7800,317.3100
2026-07-14,AAPL,313.7600,316.1900,311.9100,314.8600
2026-07-15,AAPL,317.6150,328.7300,317.3200,327.5000
2026-07-16,AAPL,328.0050,334.6800,326.7900,333.2600
2026-07-17,AAPL,331.9800,334.9900,329.0006,333.7400
2026-07-20,AAPL,333.5050,333.7100,323.6800,326.5900
2026-07-21,AAPL,323.1300,329.6000,322.2204,327.7400
2026-07-22,AAPL,327.8700,328.9995,323.3400,325.8900
2026-07-23,AAPL,321.7300,323.3000,319.3500,321.6600
2026-07-24,AAPL,321.7900,334.3700,321.6200,333.0200
2026-07-27,AAPL,334.5400,339.5700,334.0200,336.9100
2026-07-28,AAPL,340.0300,342.8900,335.6000,340.0800
2026-07-29,AAPL,339.7300,344.5699,337.3501,338.1900
2026-07-30,AAPL,333.1000,334.7500,329.5900,333.4300
2026-07-31,AAPL,304.8100,310.6900,300.0000,308.9100
2026-08-03,AAPL,309.5800,311.8000,302.5600,303.4200
2026-08-04,AAPL,302.7250,310.4200,301.3200,309.3800
2026-08-05,AAPL,309.3600,311.7100,305.6700,311.0000
2026-08-06,AAPL,314.3400,316.2894,309.2300,312.4100
2026-08-07,AAPL,311.4500,314.8100,310.7400,313.3300
2026-08-10,AAPL,306.8300,308.2600,304.6100,308.2600
2026-08-11,AAPL,307.7500,309.9700,302.7900,304.9100
2026-08-12,AAPL,305.1000,305.6600,300.5700,302.2500
2026-08-13,AAPL,304.2100,306.0000,302.0500,305.2600
2026-08-14,AAPL,306.0000,307.4900,304.3000,305.9300
2026-08-17,AAPL,306.2100,307.6600,302.9390,305.5900
2026-08-18,AAPL,307.5800,311.4900,305.7400,310.0300
2026-08-19,AAPL,310.1400,319.2799,309.6000,316.8300
2026-08-20,AAPL,317.4550,320.2800,310.6500,311.3000
2026-08-21,AAPL,312.0500,312.3800,307.0100,309.3500
2026-08-24,AAPL,311.4700,313.3600,309.9700,310.3400
2026-08-25,AAPL,310.7900,313.5900,308.2100,309.9000
2026-08-26,AAPL,310.3000,315.4300,308.8001,313.4500
2026-08-27,AAPL,310.5450,315.4000,309.4001,314.5800
2026-08-28,AAPL,316.8450,322.3700,315.4504,319.7000
2026-08-31,AAPL,319.6000,321.2350,312.8000,316.8500
2026-09-01,AAPL,316.9800,327.3000,314.7300,325.1300
2026-09-02,AAPL,326.8650,328.4000,323.5300,324.9600
2026-09-03,AAPL,324.8700,330.8100,324.1100,328.2100
2026-09-04,AAPL,328.3050,328.9300,317.8600,319.9700
2018-06-01,QQQ,170.8800,172.8400,170.8700,172.7400
2018-06-04,QQQ,173.1600,174.3400,173.0700,174.3000
2018-06-05,QQQ,174.6900,175.1300,174.0700,174.8400
2018-06-06,QQQ,175.0200,175.8900,174.1400,175.8600
2018-06-07,QQQ,175.9100,175.9300,173.5500,174.4300
2018-06-08,QQQ,173.5700,174.8800,173.1800,174.4400
2018-06-11,QQQ,174.3000,175.3400,174.2800,174.9100
2018-06-12,QQQ,175.1500,176.0000,174.9600,175.8300
2018-06-13,QQQ,176.0900,177.1400,175.4300,175.8200
2018-06-14,QQQ,176.6200,177.8900,176.5000,177.6000
2018-06-15,QQQ,176.9800,177.3300,176.1100,176.9800
2018-06-18,QQQ,175.5300,176.6500,174.9400,176.5000
2018-06-19,QQQ,174.2600,176.0400,173.7100,176.0000
2018-06-20,QQQ,176.7900,177.9800,176.6500,177.2500
2018-06-21,QQQ,177.6900,177.8800,175.3700,175.7100
2018-06-22,QQQ,176.3100,176.3700,174.6900,175.3200
2018-06-25,QQQ,173.7600,173.9900,169.8100,171.3700
2018-06-26,QQQ,171.9900,173.0600,171.3700,172.0700
2018-06-27,QQQ,172.7700,173.5800,169.6100,169.7300
2018-06-28,QQQ,169.5200,171.7700,169.1700,171.1900
2018-06-29,QQQ,172.0000,172.9200,171.4000,171.6500
2018-07-02,QQQ,170.0400,172.8500,169.6700,172.8000
2018-07-03,QQQ,173.4100,173.4500,170.6300,170.8000
2018-07-05,QQQ,171.9100,173.0600,171.0300,172.9200
2018-07-06,QQQ,173.3100,175.7400,173.0000,175.6100
2018-07-09,QQQ,176.4900,177.2300,175.8200,177.1900
2018-07-10,QQQ,177.4100,177.7200,176.7100,177.3200
2018-07-11,QQQ,175.9600,177.0700,175.8000,176.4200
2018-07-12,QQQ,177.2100,179.4600,177.0800,179.4600
2018-07-13,QQQ,179.4200,179.9000,178.9500,179.6100
2018-07-16,QQQ,179.6400,179.9500,178.8800,179.1800
2018-07-17,QQQ,177.3000,180.6500,177.2800,180.2700
2018-07-18,QQQ,180.2800,180.4400,179.3800,179.9300
2018-07-19,QQQ,179.3400,179.8800,178.8200,179.0300
2018-07-20,QQQ,179.5700,180.1700,178.7900,178.9900
2018-07-23,QQQ,178.4500,179.6400,177.7400,179.5600
2018-07-24,QQQ,181.3900,182.0500,179.5600,180.3000
2018-07-25,QQQ,180.3600,182.9300,180.2900,182.8200
2018-07-26,QQQ,180.3500,180.9200,179.8100,180.0500
2018-07-27,QQQ,181.2600,181.3100,176.6000,177.6200
2018-07-30,QQQ,177.6600,177.7300,174.2700,175.1100
2018-07-31,QQQ,175.7500,177.1300,174.8200,176.4500
2018-08-01,QQQ,176.8700,177.6500,176.1000,177.1200
2018-08-02,QQQ,175.8700,179.7400,175.7900,179.5300
2018-08-03,QQQ,179.8000,180.0900,179.0800,180.0800
2018-08-06,QQQ,179.9700,181.1900,179.7400,181.1400
2018-08-07,QQQ,181.6300,182.1400,181.2600,181.8000
2018-08-08,QQQ,181.5500,182.3500,181.0600,182.0200
2018-08-09,QQQ,181.9400,182.6300,181.6400,181.9100
2018-08-10,QQQ,180.6800,181.2200,179.8400,180.5200
2018-08-13,QQQ,180.8500,182.0100,180.2400,180.3200
2018-08-14,QQQ,181.0100,181.6600,180.0400,181.4500
2018-08-15,QQQ,180.0900,180.5800,178.1200,179.2300
2018-08-16,QQQ,180.5700,180.9900,179.4700,179.8200
2018-08-17,QQQ,179.3600,180.3100,178.2700,179.8600
2018-08-20,QQQ,180.2800,180.3300,179.0000,179.7000
2018-08-21,QQQ,180.2600,181.4400,180.1300,180.3600
2018-08-22,QQQ,179.9600,181.2700,179.7500,181.0600
2018-08-23,QQQ,180.7700,182.0500,180.5000,180.8000
2018-08-24,QQQ,181.4000,182.6300,181.3600,182.4800
2018-08-27,QQQ,183.4300,184.3400,183.1100,184.3400
2018-08-28,QQQ,184.8000,185.0200,184.2200,184.6100
2018-08-29,QQQ,184.9100,186.8400,184.8600,186.7400
2018-08-30,QQQ,186.4100,187.5200,185.7900,186.4100
2018-08-31,QQQ,186.1800,187.1800,185.9800,186.6500
2018-09-04,QQQ,186.1000,186.4000,184.8500,185.8500
2018-09-05,QQQ,185.5500,185.5500,182.8200,183.4500
2018-09-06,QQQ,183.5400,183.7500,180.5800,181.8100
2018-09-07,QQQ,180.5000,182.6700,180.4400,181.1100
2018-09-10,QQQ,182.1500,182.2500,180.7250,181.7200
2018-09-11,QQQ,180.9900,183.4200,180.5200,183.1200
2018-09-12,QQQ,182.8500,182.9800,181.0100,182.5800
2018-09-13,QQQ,183.7200,184.8800,183.6400,184.5300
2018-09-14,QQQ,184.6600,184.9450,183.2600,183.9900
2018-09-17,QQQ,183.6800,183.8100,181.1700,181.3400
2018-09-18,QQQ,181.4900,183.7300,181.4000,182.8400
2018-09-19,QQQ,182.8700,183.3000,181.5100,182.7000
2018-09-20,QQQ,183.9600,184.9700,183.5200,184.7200
2018-09-21,QQQ,185.2200,185.4800,183.4800,183.7100
2018-09-24,QQQ,182.0200,183.9600,181.3000,183.8900
2018-09-25,QQQ,183.8100,184.2800,183.1800,184.1400
2018-09-26,QQQ,184.3000,185.9900,183.9050,184.2700
2018-09-27,QQQ,185.0200,186.4900,184.9200,185.8300
2018-09-28,QQQ,185.3100,186.2800,184.9700,185.7900
2018-10-01,QQQ,186.8700,187.5300,185.7000,186.1700
2018-10-02,QQQ,186.0100,187.1750,185.3200,185.7500
2018-10-03,QQQ,186.5300,186.9700,185.6600,185.9500
2018-10-04,QQQ,185.2000,185.3200,181.0600,182.3800
2018-10-05,QQQ,182.3600,182.9700,178.4300,180.1500
2018-10-08,QQQ,179.5200,180.6430,176.9300,179.0500
2018-10-09,QQQ,179.1800,181.0200,178.7500,179.6300
2018-10-10,QQQ,178.5100,178.6200,171.5000,171.7300
2018-10-11,QQQ,171.0200,173.4000,167.8100,169.6000
2018-10-12,QQQ,174.1700,174.8600,170.9330,174.3200
2018-10-15,QQQ,173.7100,174.0400,171.5600,172.2100
2018-10-16,QQQ,174.0200,177.6500,173.7000,177.2200
2018-10-17,QQQ,178.0800,178.2580,175.4700,177.2900
2018-10-18,QQQ,176.6200,176.6800,172.4400,173.1800
2018-10-19,QQQ,174.5800,176.0700,172.3900,173.0200
2018-10-22,QQQ,174.0600,175.2490,172.5900,173.9100
2018-10-23,QQQ,170.6400,174.1300,168.8200,173.2700
2018-10-24,QQQ,173.0700,173.3600,165.0400,165.3400
2018-10-25,QQQ,167.9100,172.0800,167.1600,171.0600
2018-10-26,QQQ,165.2000,169.9600,164.2300,166.6600
2018-10-29,QQQ,169.2100,169.8600,160.0900,163.2300
2018-10-30,QQQ,162.7500,166.0350,162.0150,165.9200
2018-10-31,QQQ,168.6200,171.2500,168.5400,169.8200
2018-11-01,QQQ,170.0700,172.2400,168.7800,169.8200
2018-11-02,QQQ,171.5300,172.5500,168.2200,169.3800
2018-11-05,QQQ,169.6100,169.6600,167.0800,168.9600
2018-11-06,QQQ,168.9700,171.1900,168.7200,168.9600
2018-11-07,QQQ,172.2800,175.5800,171.8700,175.5800
2018-11-08,QQQ,174.8600,175.3020,173.6300,174.4600
2018-11-09,QQQ,172.8300,173.2500,170.1600,171.5200
2018-11-12,QQQ,170.3200,170.6400,166.1800,166.3300
2018-11-13,QQQ,167.1100,169.4800,166.0000,166.4700
2018-11-14,QQQ,168.1200,168.7000,164.2500,165.2000
2018-11-15,QQQ,164.9000,168.5400,163.4600,168.0900
2018-11-16,QQQ,166.4500,168.3100,165.7800,167.5000
2018-11-19,QQQ,166.7000,166.9000,161.5400,162.0600
2018-11-20,QQQ,158.3700,161.3800,157.1300,159.1600
2018-11-21,QQQ,161.3500,161.9700,159.2320,160.3700
2018-11-23,QQQ,159.1300,160.8400,159.0900,159.2100
2018-11-26,QQQ,161.4600,162.9700,160.7600,162.8900
2018-11-27,QQQ,162.0400,163.8500,161.1800,163.4400
2018-11-28,QQQ,164.6600,168.7000,163.4720,168.7000
2018-11-29,QQQ,167.9900,169.2600,166.8200,168.1500
2018-11-30,QQQ,168.4100,169.4700,167.5400,169.3700
2018-12-03,QQQ,173.1100,173.3100,169.5100,172.3300
2018-12-04,QQQ,171.4300,171.9100,165.5200,165.7200
2018-12-06,QQQ,162.3800,166.9100,161.7700,166.8900
2018-12-07,QQQ,166.1600,167.1200,160.8600,161.3800
2018-12-10,QQQ,161.0800,163.7800,159.4100,163.0700
2018-12-11,QQQ,165.7300,165.7700,162.2300,163.6100
2018-12-12,QQQ,166.0000,167.6000,164.9600,165.0500
2018-12-13,QQQ,166.1300,166.8200,164.0300,165.1000
2018-12-14,QQQ,163.2100,163.8100,160.7000,161.0800
2018-12-17,QQQ,160.3900,161.6700,156.1700,157.4300
2018-12-18,QQQ,158.6500,159.9500,157.0400,158.4200
2018-12-19,QQQ,158.1800,160.7200,153.3400,154.5300
2018-12-20,QQQ,154.1500,155.8700,150.3900,152.2900
2018-12-21,QQQ,153.0500,154.0900,146.7200,147.5700
2018-12-24,QQQ,146.0800,147.9800,143.4600,143.5000
2018-12-26,QQQ,145.0800,152.5400,144.0900,152.4600
2018-12-27,QQQ,150.3700,153.0500,147.0800,152.4600
2018-12-28,QQQ,154.1500,155.5900,151.7200,152.9700
2018-12-31,QQQ,154.4000,154.9800,152.7100,154.2600
2019-01-02,QQQ,150.9900,155.7500,150.8800,154.8800
2019-01-03,QQQ,152.6000,153.2600,149.4900,149.8200
2019-01-04,QQQ,152.3400,157.0000,151.7400,156.2300
2019-01-07,QQQ,156.6200,158.8600,156.1100,158.0900
2019-01-08,QQQ,159.5400,160.1100,157.2000,159.5200
2019-01-09,QQQ,160.1400,161.5230,159.4700,160.8200
2019-01-10,QQQ,159.6000,161.3700,158.7000,161.2800
2019-01-11,QQQ,160.3300,160.8600,159.7900,160.6900
2019-01-14,QQQ,159.3300,159.9600,158.5900,159.2700
2019-01-15,QQQ,160.0000,162.6000,159.9100,162.3800
2019-01-16,QQQ,162.6500,163.7800,162.2900,162.3500
2019-01-17,QQQ,161.8300,164.3600,161.5700,163.6300
2019-01-18,QQQ,164.7800,166.0200,163.8200,165.2500
2019-01-22,QQQ,164.0600,164.1400,160.7600,161.9400
2019-01-23,QQQ,162.7700,163.5100,160.3200,162.1500
2019-01-24,QQQ,162.6800,163.4400,162.0630,163.2000
2019-01-25,QQQ,164.5100,165.6500,163.9500,165.1500
2019-01-28,QQQ,163.0200,163.1200,161.7500,163.1100
2019-01-29,QQQ,163.2000,163.2400,160.9900,161.5700
2019-01-30,QQQ,163.4000,166.2800,162.8900,165.6800
2019-01-31,QQQ,166.7000,168.9900,166.4700,168.1600
2019-02-01,QQQ,167.3300,168.6000,166.9900,167.4500
2019-02-04,QQQ,167.4800,169.5300,167.3300,169.5300
2019-02-05,QQQ,169.7600,171.2300,169.6900,171.0300
2019-02-06,QQQ,171.0700,171.3700,169.7500,170.5200
2019-02-07,QQQ,168.9400,169.4500,166.9500,168.2300
2019-02-08,QQQ,166.7600,168.5900,166.5700,168.5600
2019-02-11,QQQ,169.1700,169.5800,167.9800,168.4000
2019-02-12,QQQ,169.6300,171.1400,169.3300,170.8900
2019-02-13,QQQ,171.6500,172.1600,170.8200,171.0100
2019-02-14,QQQ,170.4000,171.8300,169.8300,171.0100
2019-02-15,QQQ,172.5200,172.5620,171.1390,171.9400
2019-02-19,QQQ,171.4100,172.8000,171.3800,172.2800
2019-02-20,QQQ,172.4000,173.0800,171.3200,172.2500
2019-02-21,QQQ,171.7900,172.2600,170.7100,171.6200
2019-02-22,QQQ,171.9900,173.0100,171.9000,172.8900
2019-02-25,QQQ,174.2100,174.6600,173.4000,173.5200
2019-02-26,QQQ,173.1000,174.2500,172.8100,173.7000
2019-02-27,QQQ,172.9000,173.8000,171.7600,173.5900
2019-02-28,QQQ,173.0500,173.8100,172.7000,173.1900
2019-03-01,QQQ,174.4400,174.6500,173.1800,174.3900
2019-03-04,QQQ,175.5400,175.7900,172.4700,174.4200
2019-03-05,QQQ,174.5500,175.0850,173.6850,174.5500
2019-03-06,QQQ,174.7200,174.7500,173.2800,173.5600
2019-03-07,QQQ,173.1200,173.1800,170.7900,171.4300
2019-03-08,QQQ,169.5100,171.2600,169.3380,171.1700
2019-03-11,QQQ,171.8800,174.8500,171.8500,174.7300
2019-03-12,QQQ,175.1900,176.1400,174.7720,175.6900
2019-03-13,QQQ,176.6000,177.9300,176.3500,177.0100
2019-03-14,QQQ,177.1300,177.3400,176.6600,176.7100
2019-03-15,QQQ,177.4000,178.8800,177.2800,178.3500
2019-03-18,QQQ,177.9500,178.9900,177.5910,178.4500
2019-03-19,QQQ,179.1800,180.0000,178.2900,179.0500
2019-03-20,QQQ,179.0600,180.8600,178.2400,179.7600
2019-03-21,QQQ,179.2200,182.8300,179.2000,182.5700
2019-03-22,QQQ,181.7800,182.2700,178.3700,178.5600
2019-03-25,QQQ,177.9100,178.8400,176.9300,178.2200
2019-03-26,QQQ,179.6000,180.6900,178.1400,179.0500
2019-03-27,QQQ,179.3200,179.7200,176.6000,177.9000
2019-03-28,QQQ,178.3800,178.9800,177.2400,178.3100
2019-03-29,QQQ,179.6900,179.8300,178.5900,179.6600
2019-04-01,QQQ,181.5100,182.2600,180.7700,182.0400
2019-04-02,QQQ,182.2400,182.9050,181.7800,182.7300
2019-04-03,QQQ,183.7600,184.9200,183.2090,183.7800
2019-04-04,QQQ,183.8300,184.5000,182.6500,183.7100
2019-04-05,QQQ,184.2400,184.7700,184.0180,184.6600
2019-04-08,QQQ,184.3600,185.2800,183.6300,185.1300
2019-04-09,QQQ,184.5000,185.1100,184.0900,184.4800
2019-04-10,QQQ,184.7200,185.5300,184.5200,185.4700
2019-04-11,QQQ,185.7800,185.7800,184.6900,185.0300
2019-04-12,QQQ,185.8500,185.9500,185.0600,185.8300
2019-04-15,QQQ,185.8400,186.0700,184.6200,185.8600
2019-04-16,QQQ,186.5400,186.9100,185.9300,186.5000
2019-04-17,QQQ,187.7500,187.9300,186.6000,187.1500
2019-04-18,QQQ,187.4600,187.7910,186.2900,187.3900
2019-04-22,QQQ,186.5700,188.8600,186.4300,187.9200
2019-04-23,QQQ,188.4000,190.5400,188.1300,190.3100
2019-04-24,QQQ,190.4700,190.7100,189.6500,189.7100
2019-04-25,QQQ,191.1300,191.2200,189.4500,190.4800
2019-04-26,QQQ,190.1800,190.6900,188.5900,190.6500
2019-04-29,QQQ,190.6500,191.3200,190.3400,191.0200
2019-04-30,QQQ,189.4800,189.8500,188.2100,189.5400
2019-05-01,QQQ,190.7800,191.3200,188.7950,188.9300
2019-05-02,QQQ,188.8700,189.8500,186.8700,188.1100
2019-05-03,QQQ,189.6700,191.2500,189.3300,191.1100
2019-05-06,QQQ,187.0500,190.2000,186.7600,189.9400
2019-05-07,QQQ,187.8700,188.6700,184.5100,186.2400
2019-05-08,QQQ,185.6300,187.1700,184.9600,185.7700
2019-05-09,QQQ,183.7000,185.4120,182.0900,184.7700
2019-05-10,QQQ,184.1100,185.8900,181.0300,185.0000
2019-05-13,QQQ,180.2900,181.2600,178.0600,178.5800
2019-05-14,QQQ,179.5200,181.6300,178.8600,180.5400
2019-05-15,QQQ,179.3500,183.5500,179.3100,183.0900
2019-05-16,QQQ,183.1700,186.0700,182.9500,184.9300
2019-05-17,QQQ,183.1000,185.5810,182.8800,183.0400
2019-05-20,QQQ,180.4900,181.1800,179.3400,179.9500
2019-05-21,QQQ,181.5000,182.3300,180.9200,181.8300
2019-05-22,QQQ,180.8200,182.0700,180.7500,181.0200
2019-05-23,QQQ,178.9400,179.0230,177.1400,178.2500
2019-05-24,QQQ,179.2100,179.8500,177.9400,178.1600
2019-05-28,QQQ,178.6600,179.6600,177.4700,177.4900
2019-05-29,QQQ,176.3900,177.0000,175.0900,176.0300
2019-05-30,QQQ,176.5000,177.2700,175.7700,176.7700
2019-05-31,QQQ,174.6900,175.2900,173.8700,173.9500
2019-06-03,QQQ,173.4800,173.9500,169.2700,170.1200
2019-06-04,QQQ,172.0300,174.9700,171.3700,174.9100
2019-06-05,QQQ,176.5800,176.6100,174.3800,176.2100
2019-06-06,QQQ,176.5100,178.0400,175.7300,177.6100
2019-06-07,QQQ,178.5600,181.7670,178.3300,181.0400
2019-06-10,QQQ,182.2500,184.8500,182.2100,183.1500
2019-06-11,QQQ,185.0600,185.4000,182.7800,183.4000
2019-06-12,QQQ,182.9000,183.2800,182.0000,182.3400
2019-06-13,QQQ,183.1200,183.8700,182.7400,183.4200
2019-06-14,QQQ,182.4400,183.1100,181.9400,182.6400
2019-06-17,QQQ,183.0100,184.2500,182.8400,183.7400
2019-06-18,QQQ,185.8800,187.7200,185.4300,186.4100
2019-06-19,QQQ,186.7300,187.5300,185.5700,187.1100
2019-06-20,QQQ,189.7200,189.7600,187.1600,188.8500
2019-06-21,QQQ,188.5700,189.7700,188.1700,188.5700
2019-06-24,QQQ,188.5200,188.7200,188.0600,188.1600
2019-06-25,QQQ,188.0600,188.1400,184.6500,184.9300
2019-06-26,QQQ,186.1300,187.3300,185.4900,185.7900
2019-06-27,QQQ,186.4700,186.9400,185.9900,186.5000
2019-06-28,QQQ,186.9500,187.1500,186.0700,186.7400
2019-07-01,QQQ,190.3200,190.5700,188.3800,189.2600
2019-07-02,QQQ,189.2000,190.0300,188.6600,190.0100
2019-07-03,QQQ,190.4900,191.4400,190.2900,191.4400
2019-07-05,QQQ,190.1300,191.4000,189.3900,191.0500
2019-07-08,QQQ,189.8100,189.8700,188.9300,189.7100
2019-07-09,QQQ,188.8100,190.9000,188.6500,190.6600
2019-07-10,QQQ,191.8200,193.0900,191.4700,192.5600
2019-07-11,QQQ,192.8500,193.3400,191.8100,192.4200
2019-07-12,QQQ,192.6300,193.5400,192.4500,193.5300
2019-07-15,QQQ,193.9800,194.1900,193.4400,194.1500
2019-07-16,QQQ,193.9100,194.0900,192.5600,193.1500
2019-07-17,QQQ,193.2000,193.4900,192.1800,192.2000
2019-07-18,QQQ,191.3000,192.7900,190.6900,192.4200
2019-07-19,QQQ,193.8200,193.8300,190.8100,191.0100
2019-07-22,QQQ,191.5000,192.9400,191.4400,192.5300
2019-07-23,QQQ,193.5800,193.8100,192.2900,193.7900
2019-07-24,QQQ,193.0700,195.1600,193.0300,195.1500
2019-07-25,QQQ,194.4800,194.5200,192.9300,193.3000
2019-07-26,QQQ,194.5200,195.5500,194.4300,195.2900
2019-07-29,QQQ,195.1800,195.1800,193.3900,194.6200
2019-07-30,QQQ,193.1600,194.5400,192.9900,193.7800
2019-07-31,QQQ,194.3100,194.4300,189.3200,191.1000
2019-08-01,QQQ,191.5100,194.9800,189.2300,190.1500
2019-08-02,QQQ,188.8200,188.9900,186.2100,187.3500
2019-08-05,QQQ,183.5100,183.5100,179.2000,180.7300
2019-08-06,QQQ,182.3800,183.8000,181.0700,183.2600
2019-08-07,QQQ,181.3200,184.5100,179.8900,184.2500
2019-08-08,QQQ,185.1500,188.3200,184.5700,188.2600
2019-08-09,QQQ,187.3200,188.0000,185.0300,186.4900
2019-08-12,QQQ,185.3400,185.9000,183.5000,184.3500
2019-08-13,QQQ,184.2700,189.6800,184.0200,188.3900
2019-08-14,QQQ,185.3100,185.9500,182.4200,182.7600
2019-08-15,QQQ,183.1100,183.5900,181.1600,182.5500
2019-08-16,QQQ,184.1100,185.9500,184.1000,185.4800
2019-08-19,QQQ,188.0300,188.8300,187.5000,188.4300
2019-08-20,QQQ,188.0000,188.6400,186.9200,186.9700
2019-08-21,QQQ,188.6600,189.2300,187.9600,188.6300
2019-08-22,QQQ,188.9800,189.4600,186.5400,188.0200
2019-08-23,QQQ,186.7600,188.4500,181.5600,182.0700
2019-08-26,QQQ,184.1900,184.8700,183.0800,184.8200
2019-08-27,QQQ,186.0800,186.4200,183.7100,184.4300
2019-08-28,QQQ,183.8400,185.4000,182.9100,185.0900
2019-08-29,QQQ,187.3700,188.4600,186.6800,187.9200
2019-08-30,QQQ,188.9400,188.9700,186.4100,187.4700
2019-09-03,QQQ,186.2600,187.1800,185.0300,185.6500
2019-09-04,QQQ,187.4300,188.4900,186.9000,188.3300
2019-09-05,QQQ,190.3900,192.3300,190.3400,191.7800
2019-09-06,QQQ,192.0300,192.1700,191.1700,191.5900
2019-09-09,QQQ,192.1800,192.2700,190.2200,191.1900
2019-09-10,QQQ,190.1900,190.7400,188.9100,190.6400
2019-09-11,QQQ,190.9800,192.5300,190.5600,192.4300
2019-09-12,QQQ,193.6400,194.7100,192.9700,193.2300
2019-09-13,QQQ,192.9500,193.4000,192.2900,192.5400
2019-09-16,QQQ,191.3000,192.0800,191.1100,191.6800
2019-09-17,QQQ,191.7000,192.6000,191.2900,192.6000
2019-09-18,QQQ,192.2000,192.6000,190.1100,192.5200
2019-09-19,QQQ,192.8600,194.0400,192.4700,192.8400
2019-09-20,QQQ,193.1100,193.3100,190.1600,190.8000
2019-09-23,QQQ,190.3600,191.0700,189.7200,190.5000
2019-09-24,QQQ,191.3700,191.7900,187.1500,187.9700
2019-09-25,QQQ,187.7900,190.5800,186.2100,190.0800
2019-09-26,QQQ,189.8700,190.0000,187.9800,189.3800
2019-09-27,QQQ,189.7000,189.8300,185.7500,187.0300
2019-09-30,QQQ,187.7500,189.1100,187.4000,188.8100
2019-10-01,QQQ,189.5400,190.5900,186.9600,187.2700
2019-10-02,QQQ,186.0100,187.2000,183.0200,184.0500
2019-10-03,QQQ,184.0700,186.2100,181.8200,186.0700
2019-10-04,QQQ,186.9900,189.0800,186.8800,188.8100
2019-10-07,QQQ,188.2300,189.7400,187.9100,188.2400
2019-10-08,QQQ,187.0100,187.8600,185.2700,185.4200
2019-10-09,QQQ,186.9600,188.0800,186.4300,187.2300
2019-10-10,QQQ,187.2500,189.4300,187.1200,188.6800
2019-10-11,QQQ,190.8000,192.6300,190.7200,191.1100
2019-10-14,QQQ,190.8200,191.7000,190.6500,191.0900
2019-10-15,QQQ,191.6500,193.9700,191.5600,193.5200
2019-10-16,QQQ,192.8800,193.5300,192.4300,193.0400
2019-10-17,QQQ,194.1800,194.5000,192.8100,193.5500
2019-10-18,QQQ,193.2600,193.6700,190.7100,191.6900
2019-10-21,QQQ,192.6500,193.5200,192.1400,193.3900
2019-10-22,QQQ,194.0600,194.4200,191.7900,191.8500
2019-10-23,QQQ,191.4300,192.2600,191.1500,192.2200
2019-10-24,QQQ,193.6200,194.2100,192.7400,194.0900
2019-10-25,QQQ,193.0900,195.7400,193.0500,195.6400
2019-10-28,QQQ,196.5700,197.8300,196.5500,197.5700
2019-10-29,QQQ,197.2400,197.5400,196.0100,196.0400
2019-10-30,QQQ,196.4200,197.3200,195.2900,196.9900
2019-10-31,QQQ,197.5600,197.6500,195.9400,197.0800
2019-11-01,QQQ,197.9300,198.8800,197.6300,198.8700
2019-11-04,QQQ,200.1900,200.5300,198.8700,200.1000
2019-11-05,QQQ,200.3500,200.5500,199.5500,200.2100
2019-11-06,QQQ,199.9800,200.0000,198.7900,199.7600
2019-11-07,QQQ,200.7600,201.7200,199.8500,200.4300
2019-11-08,QQQ,200.0200,201.2500,199.5400,201.2300
2019-11-11,QQQ,200.2300,201.0400,199.9400,200.9600
2019-11-12,QQQ,201.1300,202.2100,200.8200,201.5400
2019-11-13,QQQ,200.8400,201.7800,200.7100,201.5900
2019-11-14,QQQ,200.8300,201.5600,200.2200,201.4300
2019-11-15,QQQ,202.6100,202.9100,202.0000,202.9100
2019-11-18,QQQ,202.6100,203.3900,201.7700,203.0700
2019-11-19,QQQ,203.8400,203.8400,202.5900,203.3700
2019-11-20,QQQ,202.8500,203.4500,200.6200,202.1500
2019-11-21,QQQ,201.9400,202.0700,201.0700,201.7000
2019-11-22,QQQ,202.1700,202.3200,200.7400,201.8300
2019-11-25,QQQ,202.6700,204.2600,202.6700,204.2200
2019-11-26,QQQ,204.3200,204.8700,204.0500,204.6100
2019-11-27,QQQ,205.1300,206.0500,204.8900,206.0400
2019-11-29,QQQ,205.5900,205.8300,205.0000,205.1000
2019-12-02,QQQ,205.1100,205.1800,201.7800,203.0000
2019-12-03,QQQ,200.3200,201.4900,193.7900,201.4100
2019-12-04,QQQ,202.4900,202.9100,202.1400,202.4300
2019-12-05,QQQ,203.1500,203.1500,201.8400,202.8300
2019-12-06,QQQ,204.2500,205.1500,204.1500,205.0000
2019-12-09,QQQ,204.6300,205.5900,203.9800,204.0700
2019-12-10,QQQ,204.1700,204.8800,203.4400,203.9000
2019-12-11,QQQ,204.3700,205.1900,204.0400,204.9800
2019-12-12,QQQ,204.7700,207.3200,204.4900,206.5100
2019-12-13,QQQ,206.3600,207.9100,205.9600,207.1900
2019-12-16,QQQ,208.5000,209.5300,208.4800,209.2700
2019-12-17,QQQ,209.5000,209.7100,209.0400,209.3900
2019-12-18,QQQ,209.6000,210.1300,209.3300,209.5500
2019-12-19,QQQ,209.6400,210.9300,209.6200,210.8600
2019-12-20,QQQ,211.8100,212.5200,211.2700,211.7100
2019-12-23,QQQ,212.0300,212.1500,211.6300,211.8100
2019-12-24,QQQ,211.9700,212.0900,211.4400,211.9200
2019-12-26,QQQ,212.2600,213.8100,212.2300,213.7900
2019-12-27,QQQ,214.5500,214.5600,213.0400,213.6100
2019-12-30,QQQ,213.5100,213.6300,211.1600,212.2100
2019-12-31,QQQ,211.6200,212.7600,211.2000,212.6100
2020-01-02,QQQ,214.4000,216.1600,213.9800,216.1600
2020-01-03,QQQ,213.2900,215.4700,213.2800,214.1800
2020-01-06,QQQ,212.4900,215.5900,212.2400,215.5600
2020-01-07,QQQ,215.6400,216.1400,214.8500,215.5300
2020-01-08,QQQ,215.4700,218.1400,215.1600,217.1500
2020-01-09,QQQ,218.9100,219.4100,217.7100,218.9900
2020-01-10,QQQ,219.7600,219.8700,218.0400,218.4300
2020-01-13,QQQ,219.3100,220.9800,218.9800,220.9500
2020-01-14,QQQ,220.7500,221.2100,219.7400,220.0800
2020-01-15,QQQ,220.1800,221.2000,219.4500,220.1700
2020-01-16,QQQ,221.2400,222.3200,220.8000,222.2800
2020-01-17,QQQ,223.2400,223.5600,222.1200,223.3800
2020-01-21,QQQ,222.7300,223.8400,222.6600,223.2800
2020-01-22,QQQ,224.3800,225.1500,223.5900,223.8700
2020-01-23,QQQ,223.7100,224.6900,222.7000,224.5900
2020-01-24,QQQ,225.6200,225.8800,221.6700,222.7000
2020-01-27,QQQ,217.7200,219.2800,217.1800,218.1000
2020-01-28,QQQ,219.6000,221.9600,219.0600,221.4500
2020-01-29,QQQ,222.6600,222.9300,220.8300,221.8100
2020-01-30,QQQ,220.3700,222.7000,219.6900,222.6000
2020-01-31,QQQ,223.5000,223.5600,218.2900,219.0700
2020-02-03,QQQ,220.1400,222.8900,219.9900,222.3800
2020-02-04,QQQ,225.3900,227.8600,224.6500,227.4700
2020-02-05,QQQ,230.2200,230.2500,226.8500,228.2200
2020-02-06,QQQ,228.7700,230.2500,227.9800,230.1900
2020-02-07,QQQ,229.1600,230.4400,228.5400,229.2000
2020-02-10,QQQ,228.4300,231.9800,228.3800,231.9700
2020-02-11,QQQ,233.2100,234.0200,231.4000,232.0100
2020-02-12,QQQ,233.3400,234.3800,232.8000,234.2700
2020-02-13,QQQ,232.6200,234.9300,232.3600,233.9700
2020-02-14,QQQ,234.2800,234.8600,233.5500,234.6400
2020-02-17,QQQ,234.6400,234.6400,234.6400,234.6400
2020-02-18,QQQ,233.4700,235.1700,233.2500,234.7300
2020-02-19,QQQ,236.0700,237.4700,235.8500,236.9800
2020-02-20,QQQ,236.4600,236.9500,231.8800,234.7800
2020-02-21,QQQ,233.6400,234.0100,229.3200,230.2700
2020-02-24,QQQ,221.8400,224.2500,220.2600,221.3900
2020-02-25,QQQ,223.1900,223.9900,214.7400,215.3700
2020-02-26,QQQ,216.6700,220.2800,214.9000,216.4800
2020-02-27,QQQ,211.0500,216.4200,205.5000,205.6400
2020-02-28,QQQ,198.9200,207.1700,198.1700,205.8000
2020-03-02,QQQ,208.8800,216.5700,205.9400,216.4200
2020-03-03,QQQ,217.1100,219.6100,207.6200,209.4800
2020-03-04,QQQ,213.3200,218.3300,211.3700,218.2200
2020-03-05,QQQ,212.6900,216.3600,210.1000,211.5900
2020-03-06,QQQ,204.6700,209.1500,202.9100,208.0200
2020-03-09,QQQ,193.4800,201.1600,192.1100,193.5700
2020-03-10,QQQ,201.1100,204.3000,193.6800,204.1100
2020-03-11,QQQ,199.3500,200.7500,192.7300,195.2200
2020-03-12,QQQ,182.0900,190.7800,176.9400,177.3200
2020-03-13,QQQ,187.0700,194.4800,178.1300,192.3400
2020-03-16,QQQ,174.1500,184.6800,169.1600,169.3000
2020-03-17,QQQ,175.4700,184.3900,169.7800,182.1400
2020-03-18,QQQ,171.6100,179.2200,166.8000,176.6000
2020-03-19,QQQ,175.6900,183.4900,171.6300,177.6600
2020-03-20,QQQ,181.7400,182.8700,170.1000,170.7000
2020-03-23,QQQ,170.9200,174.2100,164.9300,170.4600
2020-03-24,QQQ,179.9100,183.8300,177.9500,183.6600
2020-03-25,QQQ,184.4200,189.5100,179.9800,182.3000
2020-03-26,QQQ,183.8700,192.7200,183.6100,191.9000
2020-03-27,QQQ,186.9300,190.5100,184.6600,185.3000
2020-03-30,QQQ,187.1000,192.4900,186.3400,192.0400
2020-03-31,QQQ,191.5300,195.2500,189.2000,190.4000
2020-04-01,QQQ,184.8100,187.6600,180.8600,182.3100
2020-04-02,QQQ,181.5900,190.1000,180.9700,186.0100
2020-04-03,QQQ,185.5000,187.0700,181.2900,183.3700
2020-04-06,QQQ,190.3800,197.6500,189.1900,196.4800
2020-04-07,QQQ,202.1400,202.6600,196.0000,196.4000
2020-04-08,QQQ,198.0800,201.1700,196.1700,200.5700
2020-04-09,QQQ,202.2700,203.2200,199.0300,200.8600
2020-04-13,QQQ,199.9200,203.4200,198.7500,203.0300
2020-04-14,QQQ,207.1700,212.5000,206.4200,211.8600
2020-04-15,QQQ,208.4800,211.8300,207.1200,209.4300
2020-04-16,QQQ,211.7800,214.3700,209.6900,213.2500
2020-04-17,QQQ,215.9600,216.5100,212.0800,215.2900
2020-04-20,QQQ,213.2700,215.8800,212.5700,212.7400
2020-04-21,QQQ,210.6300,211.1600,203.6300,204.8900
2020-04-22,QQQ,209.1400,212.3500,208.3300,210.9700
2020-04-23,QQQ,211.8000,214.4400,210.1000,210.5200
2020-04-24,QQQ,210.9400,214.3000,209.5000,213.8400
2020-04-27,QQQ,216.1800,216.6300,214.5000,215.5600
2020-04-28,QQQ,217.2700,217.3200,211.2100,211.5000
2020-04-29,QQQ,216.2100,219.9700,215.1400,219.0000
2020-04-30,QQQ,220.0100,220.0400,217.3500,218.9100
2020-05-01,QQQ,214.5400,216.6700,211.6800,212.7400
2020-05-04,QQQ,211.6100,215.4500,211.1200,215.2200
2020-05-05,QQQ,217.4000,220.1400,216.8500,217.6600
2020-05-06,QQQ,219.3700,221.0400,218.1100,219.0000
2020-05-07,QQQ,221.7500,222.7300,220.4200,221.8200
2020-05-08,QQQ,223.5500,225.0000,222.4800,224.8600
2020-05-11,QQQ,223.5000,227.9300,223.2500,226.8700
2020-05-12,QQQ,227.4800,228.1000,222.0900,222.1200
2020-05-13,QQQ,222.6500,224.6100,216.7100,219.3400
2020-05-14,QQQ,218.1200,221.8700,215.9900,221.8300
2020-05-15,QQQ,218.7700,223.3300,218.3300,223.2700
2020-05-18,QQQ,226.2800,228.6800,225.4700,227.4300
2020-05-19,QQQ,227.6600,229.8500,226.7100,226.8600
2020-05-20,QQQ,229.4800,231.7600,229.4800,231.3900
2020-05-21,QQQ,231.4900,232.1400,228.3400,228.8700
2020-05-22,QQQ,228.4600,229.8700,227.5000,229.6600
2020-05-26,QQQ,233.4400,233.5700,228.7900,229.0400
2020-05-27,QQQ,228.5100,230.4100,223.9400,230.2900
2020-05-28,QQQ,229.0500,233.4700,229.0500,229.9900
2020-05-29,QQQ,230.4300,233.6000,228.7600,233.3600
2020-06-01,QQQ,232.4000,234.4500,232.0000,234.0600
2020-06-02,QQQ,234.4200,235.6900,232.0100,235.6300
2020-06-03,QQQ,236.2300,237.4700,235.3500,236.6900
2020-06-04,QQQ,236.3200,237.7900,233.6800,235.0300
2020-06-05,QQQ,236.0600,240.3000,235.6300,239.6900
2020-06-08,QQQ,239.5400,241.6800,237.9100,241.5500
2020-06-09,QQQ,240.6600,244.1800,240.4700,243.3000
2020-06-10,QQQ,245.0000,247.8200,244.5100,246.2200
2020-06-11,QQQ,242.2900,243.5900,233.9600,234.0200
2020-06-12,QQQ,239.0900,240.4000,231.7400,235.8800
2020-06-15,QQQ,232.4400,239.4500,231.4700,238.7500
2020-06-16,QQQ,243.7800,244.3900,239.1000,242.8500
2020-06-17,QQQ,244.4000,245.5000,242.7300,243.6200
2020-06-18,QQQ,243.2900,244.5300,242.4900,244.2800
2020-06-19,QQQ,246.7400,247.0000,242.4500,244.2400
2020-06-22,QQQ,243.7700,246.8700,243.3800,246.7400
2020-06-23,QQQ,248.3900,251.1500,247.8200,248.8400
2020-06-24,QQQ,247.9900,249.3300,242.1600,243.7100
2020-06-25,QQQ,243.9100,246.3400,241.1400,246.0300
2020-06-26,QQQ,245.7500,245.9600,239.6800,240.2200
2020-06-29,QQQ,239.9800,242.8500,237.3500,242.8400
2020-06-30,QQQ,242.7700,248.1600,242.5800,247.6000
2020-07-01,QQQ,247.6600,251.5200,247.0800,250.4900
2020-07-02,QQQ,252.9700,254.2700,251.7100,252.1900
2020-07-06,QQQ,255.4600,258.9300,255.4300,258.3900
2020-07-07,QQQ,258.1000,260.8800,256.3000,256.6100
2020-07-08,QQQ,258.0000,260.0200,256.5000,259.9900
2020-07-09,QQQ,261.8900,262.8700,257.6300,262.1800
2020-07-10,QQQ,262.0000,264.2300,259.2600,263.9700
2020-07-13,QQQ,266.8700,269.7900,257.6900,258.5400
2020-07-14,QQQ,256.0700,260.7900,252.7600,260.3700
2020-07-15,QQQ,261.6800,262.6900,257.4900,260.9000
2020-07-16,QQQ,257.9700,259.7800,255.6200,259.1200
2020-07-17,QQQ,259.7100,260.3100,257.1700,259.4200
2020-07-20,QQQ,260.1200,267.4300,258.7900,266.7800
2020-07-21,QQQ,268.4100,268.4100,263.1300,264.0000
2020-07-22,QQQ,264.4600,265.8900,262.5500,264.9300
2020-07-23,QQQ,264.5500,265.2400,256.5500,258.0100
2020-07-24,QQQ,254.1200,256.9300,251.3200,255.5600
2020-07-27,QQQ,257.3600,260.5200,256.4500,260.1200
2020-07-28,QQQ,259.3300,259.8500,256.5100,256.8100
2020-07-29,QQQ,258.3300,260.6600,257.9100,259.7700
2020-07-30,QQQ,257.7800,261.7100,256.5500,261.1300
2020-07-31,QQQ,265.8300,265.9500,260.8500,265.7900
2020-08-03,QQQ,268.0500,270.1500,267.8700,269.3800
2020-08-04,QQQ,268.7400,270.4800,268.0900,270.3800
2020-08-05,QQQ,270.8300,271.5200,269.9600,271.0500
2020-08-06,QQQ,270.7800,274.9800,270.1900,274.6400
2020-08-07,QQQ,274.0400,274.8800,269.2500,271.4700
2020-08-10,QQQ,271.7400,271.9800,266.6700,270.3100
2020-08-11,QQQ,269.1000,270.4400,264.6300,265.1900
2020-08-12,QQQ,267.3700,272.8400,267.3700,271.8600
2020-08-13,QQQ,272.6400,274.8300,271.5100,272.4800
2020-08-14,QQQ,273.0100,273.4000,270.7200,272.1600
2020-08-17,QQQ,273.9100,275.8400,272.2000,275.3200
2020-08-18,QQQ,276.4100,278.4600,274.9100,277.9700
2020-08-19,QQQ,277.9300,279.0200,275.5700,276.1000
2020-08-20,QQQ,275.3000,280.4300,274.8600,279.9300
2020-08-21,QQQ,280.0700,282.3400,279.4600,281.8700
2020-08-24,QQQ,285.0600,286.0000,281.2700,283.6300
2020-08-25,QQQ,282.7800,286.0600,282.3700,285.8600
2020-08-26,QQQ,287.1100,292.2200,285.8300,291.9600
2020-08-27,QQQ,293.0800,293.8500,288.7100,291.0500
2020-08-28,QQQ,292.2700,293.1800,290.9300,292.5300
2020-08-31,QQQ,293.1600,296.7500,292.6200,294.8800
2020-09-01,QQQ,297.6000,300.0400,295.7900,299.9200
2020-09-02,QQQ,303.2600,303.5000,296.8900,302.7600
2020-09-03,QQQ,298.2000,298.6200,284.4100,287.4100
2020-09-04,QQQ,285.7600,288.9300,271.8000,283.5800
2020-09-08,QQQ,272.2700,278.2200,269.6600,269.9500
2020-09-09,QQQ,275.5400,280.0500,273.0000,277.8800
2020-09-10,QQQ,280.9700,282.2000,270.5600,272.3400
2020-09-11,QQQ,274.3300,275.2200,266.9000,270.4500
2020-09-14,QQQ,274.2800,277.2200,272.9600,275.1600
2020-09-15,QQQ,278.9000,280.4500,275.1300,279.0600
2020-09-16,QQQ,279.7700,280.3600,274.2500,274.6100
2020-09-17,QQQ,267.5200,274.4000,266.6800,270.3200
2020-09-18,QQQ,271.6200,272.0900,262.6300,266.8700
2020-09-21,QQQ,262.5200,267.6500,260.1100,267.5100
2020-09-22,QQQ,270.0500,273.0800,266.5400,272.4800
2020-09-23,QQQ,272.1500,272.3400,263.2500,264.1600
2020-09-24,QQQ,261.5800,268.7000,261.2200,265.3900
2020-09-25,QQQ,265.8200,272.4000,264.3000,271.5600
2020-09-28,QQQ,276.6200,277.2000,271.6700,277.2000
2020-09-29,QQQ,276.7200,277.7100,275.3700,275.9500
2020-09-30,QQQ,276.0900,281.0900,275.8700,277.8400
2020-10-01,QQQ,281.7900,282.8800,279.8400,282.2500
2020-10-02,QQQ,276.0100,282.2400,273.4400,274.3100
2020-10-05,QQQ,276.3400,280.4900,276.2300,280.1600
2020-10-06,QQQ,279.2900,281.1900,274.2500,275.1600
2020-10-07,QQQ,277.8300,280.7400,277.2800,279.9200
2020-10-08,QQQ,282.3200,282.4700,280.3100,281.4100
2020-10-09,QQQ,283.0900,285.7900,282.7100,285.7100
2020-10-12,QQQ,290.6000,297.4600,289.4700,294.5300
2020-10-13,QQQ,296.3400,297.0500,293.1100,294.5200
2020-10-14,QQQ,295.3200,296.3500,290.2600,292.0600
2020-10-15,QQQ,287.2500,290.7100,286.5400,290.1000
2020-10-16,QQQ,291.8000,293.2700,288.1500,288.5100
2020-10-19,QQQ,290.4900,291.4800,282.7900,283.8000
2020-10-20,QQQ,284.5600,287.6200,282.9500,284.4100
2020-10-21,QQQ,284.6700,287.3200,283.6900,284.1900
2020-10-22,QQQ,285.0500,285.9800,280.8200,284.1800
2020-10-23,QQQ,284.7900,284.9100,281.7800,284.7400
2020-10-26,QQQ,282.3200,285.3000,276.7600,280.4700
2020-10-27,QQQ,281.4200,283.5100,280.2000,282.6600
2020-10-28,QQQ,278.1300,278.6400,271.3800,271.6400
2020-10-29,QQQ,273.0400,279.4900,272.5200,276.3900
2020-10-30,QQQ,274.3800,275.2400,267.0700,269.3800
2020-11-02,QQQ,271.7300,273.5200,266.9700,269.9800
2020-11-03,QQQ,271.8600,276.8200,270.8400,274.6500
2020-11-04,QQQ,283.5600,288.7700,281.8700,286.9100
2020-11-05,QQQ,293.4100,295.3900,292.0000,294.3900
2020-11-06,QQQ,293.5800,295.3600,289.8300,294.6100
2020-11-09,QQQ,297.3100,299.1400,288.1200,288.5900
2020-11-10,QQQ,285.2600,286.6600,280.6200,283.4200
2020-11-11,QQQ,285.9200,290.2500,283.3800,289.7600
2020-11-12,QQQ,290.7200,292.0700,287.2500,288.4000
2020-11-13,QQQ,290.0100,291.5700,287.8700,290.9300
2020-11-16,QQQ,290.6800,293.5100,289.9900,293.2000
2020-11-17,QQQ,293.4000,293.7400,291.6100,292.2700
2020-11-18,QQQ,291.7000,293.3700,290.0200,290.1100
2020-11-19,QQQ,289.4800,292.7000,288.8500,292.3800
2020-11-20,QQQ,292.3000,293.0700,290.2900,290.3800
2020-11-23,QQQ,291.4100,292.7500,288.0700,290.3900
2020-11-24,QQQ,291.4900,294.9800,289.6300,294.4700
2020-11-25,QQQ,295.4400,296.9400,294.5900,296.2800
2020-11-27,QQQ,298.2900,300.1700,297.9000,299.0100
2020-11-30,QQQ,299.3000,299.9700,294.7800,299.6200
2020-12-01,QQQ,301.8700,305.1400,300.8300,303.4600
2020-12-02,QQQ,302.2200,304.1950,300.3500,303.8500
2020-12-03,QQQ,304.0700,305.8800,303.5310,304.2800
2020-12-04,QQQ,304.3300,305.6700,303.6300,305.5200
2020-12-07,QQQ,305.7100,307.6300,305.5200,307.2500
2020-12-08,QQQ,306.7600,308.6000,304.9500,308.2900
2020-12-09,QQQ,308.0700,308.3600,300.2100,301.3100
2020-12-10,QQQ,299.2100,303.6800,298.0900,302.5200
2020-12-11,QQQ,300.8100,301.9800,298.4700,301.8500
2020-12-14,QQQ,303.0800,306.0500,303.0100,304.0400
2020-12-15,QQQ,306.3700,307.2900,304.1100,307.2900
2020-12-16,QQQ,307.7000,309.7850,306.6210,308.9800
2020-12-17,QQQ,310.6300,311.2400,309.3900,311.0000
2020-12-18,QQQ,311.6600,311.9800,307.6100,310.0600
2020-12-21,QQQ,306.4600,309.4700,303.6000,308.9200
2020-12-22,QQQ,309.8500,310.7105,306.8450,309.7600
2020-12-23,QQQ,309.8100,310.1800,308.0350,308.2000
2020-12-24,QQQ,308.4700,310.0200,308.3900,309.5600
2020-12-28,QQQ,312.2500,313.1700,310.3600,312.6800
2020-12-29,QQQ,314.0500,314.6850,312.0300,312.9600
2020-12-30,QQQ,314.1600,314.4900,312.3300,312.9700
2020-12-31,QQQ,312.8700,314.2400,311.7600,313.7400
2021-01-04,QQQ,315.1100,315.2900,305.1800,309.3100
2021-01-05,QQQ,308.2900,312.1400,308.2900,311.8600
2021-01-06,QQQ,307.0000,311.8800,305.9800,307.5400
2021-01-07,QQQ,310.2800,315.8400,310.2500,314.9800
2021-01-08,QQQ,317.3400,319.3900,315.0814,319.0300
2021-01-11,QQQ,315.9800,317.1900,313.7500,314.4200
2021-01-12,QQQ,314.4600,315.5800,311.2000,313.9200
2021-01-13,QQQ,314.1900,316.8600,313.5700,316.0400
2021-01-14,QQQ,316.5000,317.5300,313.8616,314.3500
2021-01-15,QQQ,314.1300,315.1200,310.5800,311.8600
2021-01-19,QQQ,314.2500,316.9300,313.1200,316.4100
2021-01-20,QQQ,320.1400,324.7400,316.5090,323.7700
2021-01-21,QQQ,325.1500,327.1300,323.7300,326.3600
2021-01-22,QQQ,325.2900,326.4600,324.7100,325.4200
2021-01-25,QQQ,328.9100,330.3200,321.4100,328.1100
2021-01-26,QQQ,328.8500,329.7600,327.2200,328.5900
2021-01-27,QQQ,326.2600,326.2700,317.3600,319.4300
2021-01-28,QQQ,320.6700,326.4200,320.0300,321.3200
2021-01-29,QQQ,319.5800,320.7193,312.7600,314.5600
2021-02-01,QQQ,318.1100,323.5400,316.0200,322.4200
2021-02-02,QQQ,325.4800,328.8700,325.3100,327.6800
2021-02-03,QQQ,329.8200,330.1950,326.3200,326.3800
2021-02-04,QQQ,327.8200,330.3300,326.4600,330.2400
2021-02-05,QQQ,331.2200,332.4025,329.5300,331.3600
2021-02-08,QQQ,333.1000,333.7400,331.4100,333.5800
2021-02-09,QQQ,332.6200,334.8100,332.6100,333.5100
2021-02-10,QQQ,334.9900,335.4600,329.5000,332.7500
2021-02-11,QQQ,334.3300,335.0000,332.1200,334.5800
2021-02-12,QQQ,333.7100,336.6200,332.6300,336.4500
2021-02-16,QQQ,337.2700,338.1900,334.3400,335.5400
2021-02-17,QQQ,332.4700,335.6570,330.1700,333.9300
2021-02-18,QQQ,330.2300,333.8661,328.3600,332.4700
2021-02-19,QQQ,333.8600,333.9900,329.9700,331.0200
2021-02-22,QQQ,326.5000,327.8000,322.2300,322.4400
2021-02-23,QQQ,317.0000,323.2000,311.0000,321.4800
2021-02-24,QQQ,318.7400,324.4500,315.9600,324.1300
2021-02-25,QQQ,321.3900,324.0300,311.2400,312.8300
2021-02-26,QQQ,315.8500,319.1100,310.8800,314.1400
2021-03-01,QQQ,319.2700,323.9400,317.9350,323.5900
2021-03-02,QQQ,324.2500,324.3300,318.1400,318.4000
2021-03-03,QQQ,317.2700,318.2400,309.1000,309.1600
2021-03-04,QQQ,308.7800,312.0400,300.1100,304.1000
2021-03-05,QQQ,306.7950,309.6090,297.4500,308.6800
2021-03-08,QQQ,308.1200,310.0600,299.5100,299.9400
2021-03-09,QQQ,307.4700,313.7300,306.9200,311.7700
2021-03-10,QQQ,316.1600,316.4700,310.1700,310.8800
2021-03-11,QQQ,315.7700,319.8600,314.8500,318.0400
2021-03-12,QQQ,313.8600,318.2302,311.3910,315.4600
2021-03-15,QQQ,315.7900,319.0000,314.0950,318.8300
2021-03-16,QQQ,321.0900,324.2000,319.1000,320.5800
2021-03-17,QQQ,317.4500,323.8500,315.6800,321.9000
2021-03-18,QQQ,316.8700,317.8801,311.5700,312.0400
2021-03-19,QQQ,311.8700,314.7300,309.6601,313.1400
2021-03-22,QQQ,315.2100,320.7400,315.2100,318.6100
2021-03-23,QQQ,319.7300,321.0900,316.3750,317.2200
2021-03-24,QQQ,318.6300,318.6700,311.7200,311.8700
2021-03-25,QQQ,309.9680,312.8850,307.3899,311.3300
2021-03-26,QQQ,311.1100,316.3300,309.6700,316.0000
2021-03-29,QQQ,315.4500,316.9900,312.4700,315.9100
2021-03-30,QQQ,313.8900,314.9100,311.5400,314.3200
2021-03-31,QQQ,316.1600,320.7400,315.8100,319.1300
2021-04-01,QQQ,323.0700,324.7100,322.8100,324.5700
2021-04-05,QQQ,327.1300,331.8400,324.6375,331.0500
2021-04-06,QQQ,330.7300,332.8300,330.0200,330.8200
2021-04-07,QQQ,330.3300,332.4800,329.3700,331.6200
2021-04-08,QQQ,334.5600,335.2700,333.7399,335.0800
2021-04-09,QQQ,333.6800,337.3200,332.9200,337.1100
2021-04-12,QQQ,336.0400,337.1000,334.7300,336.6700
2021-04-13,QQQ,338.2400,341.0800,338.0200,340.6000
2021-04-14,QQQ,340.8500,340.9800,335.6700,336.5100
2021-04-15,QQQ,339.4700,342.0100,336.2153,341.6100
2021-04-16,QQQ,342.1500,342.2300,340.0800,342.0100
2021-04-19,QQQ,340.3900,341.5800,336.9016,338.8800
2021-04-20,QQQ,338.2000,339.5200,334.3816,336.4100
2021-04-21,QQQ,335.0900,339.4800,333.9700,339.2900
2021-04-22,QQQ,338.8900,339.9000,334.0100,335.2000
2021-04-23,QQQ,335.8500,340.7670,335.8500,339.4200
2021-04-26,QQQ,339.6700,341.9200,338.9000,341.6300
2021-04-27,QQQ,341.9300,342.1500,339.1700,340.1500
2021-04-28,QQQ,339.8100,340.8500,338.3301,339.0000
2021-04-29,QQQ,342.3700,342.8000,336.9001,340.2200
2021-04-30,QQQ,337.7000,340.2600,337.0500,337.9900
2021-05-03,QQQ,339.2300,340.0000,335.7300,336.1900
2021-05-04,QQQ,333.5600,333.8900,326.2100,330.1400
2021-05-05,QQQ,332.2500,333.1400,328.2300,329.0300
2021-05-06,QQQ,328.7600,331.6700,326.4500,331.5100
2021-05-07,QQQ,334.3700,336.6500,331.6914,334.2000
2021-05-10,QQQ,332.7800,332.9600,325.5500,325.7600
2021-05-11,QQQ,319.7000,326.1299,319.0200,325.3100
2021-05-12,QQQ,320.2300,322.6200,316.0000,316.8900
2021-05-13,QQQ,319.9200,322.4000,316.9000,319.3400
2021-05-14,QQQ,322.6000,327.3300,322.0800,326.3900
2021-05-17,QQQ,324.6300,326.3721,321.4500,324.4100
2021-05-18,QQQ,325.3900,326.6500,321.9400,322.2200
2021-05-19,QQQ,316.6600,322.9000,316.3000,322.5900
2021-05-20,QQQ,324.1200,329.7100,323.8900,328.8300
2021-05-21,QQQ,330.4300,330.8600,326.6400,327.0100
2021-05-24,QQQ,329.3700,333.6700,326.9032,332.5100
2021-05-25,QQQ,334.0700,334.8100,331.7550,332.9700
2021-05-26,QQQ,333.6600,334.6100,332.9500,334.1300
2021-05-27,QQQ,333.6700,334.5400,332.6700,332.8800
2021-05-28,QQQ,334.1200,335.5699,333.6000,333.9300
2021-06-01,QQQ,335.3000,335.7850,331.4300,332.8200
2021-06-02,QQQ,333.2500,334.3400,331.6950,333.4700
2021-06-03,QQQ,330.5500,331.8600,328.2800,330.0000
2021-06-04,QQQ,331.8500,336.0582,331.7800,335.6000
2021-06-07,QQQ,335.0500,336.6600,334.3400,336.6000
2021-06-08,QQQ,338.3950,339.2900,335.0300,336.7600
2021-06-09,QQQ,338.1700,338.9700,336.6510,336.8400
2021-06-10,QQQ,337.1900,340.4600,336.7300,340.3500
2021-06-11,QQQ,340.3600,341.2500,339.6900,341.2400
2021-06-14,QQQ,341.6800,344.5200,340.4600,344.5100
2021-06-15,QQQ,344.1500,344.4700,341.5200,342.2600
2021-06-16,QQQ,342.7400,343.8400,337.4500,341.0100
2021-06-17,QQQ,339.9700,346.3800,339.9200,345.3400
2021-06-18,QQQ,343.6300,344.8082,341.8600,342.6300
2021-06-21,QQQ,342.4300,344.6900,340.1500,344.3600
2021-06-22,QQQ,344.1500,348.0300,343.8400,347.5700
2021-06-23,QQQ,347.5100,348.9200,346.8800,347.7400
2021-06-24,QQQ,349.7300,351.4600,349.1700,349.8900
2021-06-25,QQQ,350.4700,350.7200,348.8400,349.4600
2021-06-28,QQQ,350.7800,353.8500,350.7200,353.7100
2021-06-29,QQQ,353.5300,355.0199,352.6700,354.9900
2021-06-30,QQQ,354.8300,355.2300,353.8300,354.4300
2021-07-01,QQQ,354.0700,355.0900,352.6800,354.5700
2021-07-02,QQQ,356.5200,358.9700,356.2800,358.6400
2021-07-06,QQQ,359.2600,360.4800,356.4900,360.1900
2021-07-07,QQQ,362.4500,362.7600,358.9400,360.9500
2021-07-08,QQQ,355.7400,359.6500,354.4200,358.7700
2021-07-09,QQQ,358.1700,361.5000,357.5700,361.0100
2021-07-12,QQQ,362.4500,362.8900,360.8300,362.4200
2021-07-13,QQQ,362.0300,365.4650,361.5400,362.4200
2021-07-14,QQQ,364.8300,365.4900,362.2200,363.0700
2021-07-15,QQQ,362.9800,363.1900,358.4600,360.5200
2021-07-16,QQQ,361.4000,362.4100,357.2400,357.6000
2021-07-19,QQQ,354.0500,355.1800,352.0400,354.6700
2021-07-20,QQQ,355.6300,360.2800,353.8000,358.7900
2021-07-21,QQQ,358.3500,361.5600,358.1200,361.5600
2021-07-22,QQQ,361.7700,363.9600,361.7700,363.9500
2021-07-23,QQQ,365.3100,368.4850,363.9157,368.2000
2021-07-26,QQQ,367.4900,368.8900,366.6010,368.4900
2021-07-27,QQQ,368.2200,368.2200,360.1600,364.4300
2021-07-28,QQQ,365.6000,367.4500,363.2400,365.8300
2021-07-29,QQQ,365.2500,367.6794,365.2500,366.4800
2021-07-30,QQQ,362.4400,365.1700,362.4100,364.5700
2021-08-02,QQQ,366.2800,366.8800,363.8700,364.6000
2021-08-03,QQQ,365.2800,366.9300,362.0000,366.8100
2021-08-04,QQQ,366.7700,368.3200,365.6300,367.3400
2021-08-05,QQQ,368.1800,369.9100,367.4500,369.6700
2021-08-06,QQQ,368.3700,369.3700,366.9050,368.0500
2021-08-09,QQQ,368.5200,369.2700,367.3900,368.7300
2021-08-10,QQQ,369.2600,369.5600,365.6200,366.8400
2021-08-11,QQQ,368.1400,368.6500,364.8400,366.2100
2021-08-12,QQQ,365.6900,367.9000,364.2950,367.5300
2021-08-13,QQQ,367.8900,369.1600,367.3800,368.8200
2021-08-16,QQQ,367.6700,369.0200,363.7000,368.9800
2021-08-17,QQQ,366.1500,367.1500,363.2300,365.7300
2021-08-18,QQQ,365.1800,366.6200,361.8650,362.2100
2021-08-19,QQQ,360.2200,365.6800,359.9600,363.9600
2021-08-20,QQQ,365.0600,368.1400,364.7400,367.7300
2021-08-23,QQQ,368.8000,373.9350,368.7900,373.2300
2021-08-24,QQQ,373.8400,374.9900,373.3600,374.3700
2021-08-25,QQQ,374.6300,375.3900,373.8550,374.8000
2021-08-26,QQQ,373.9200,374.6200,371.9700,372.4200
2021-08-27,QQQ,373.0700,376.5600,372.5700,376.0400
2021-08-30,QQQ,376.8500,380.7600,376.8300,380.2600
2021-08-31,QQQ,380.5100,380.5790,378.3600,379.9500
2021-09-01,QQQ,381.0400,382.7100,380.3700,380.5800
2021-09-02,QQQ,381.9700,382.3100,379.1500,380.4000
2021-09-03,QQQ,379.2200,381.9800,379.2003,381.5700
2021-09-07,QQQ,381.6800,382.7780,380.4882,382.1100
2021-09-08,QQQ,381.9300,381.9300,378.4500,380.7800
2021-09-09,QQQ,381.0100,382.1500,379.2200,379.4700
2021-09-10,QQQ,381.2300,381.9700,376.2450,376.5900
2021-09-13,QQQ,378.9900,379.4300,374.2200,376.3300
2021-09-14,QQQ,377.8600,378.6100,374.2800,375.2600
2021-09-15,QQQ,375.7300,378.4100,373.3700,378.0500
2021-09-16,QQQ,376.6800,378.9000,374.6950,378.3100
2021-09-17,QQQ,377.8200,377.8700,372.7600,373.8300
2021-09-20,QQQ,367.4600,369.2500,360.9300,365.7000
2021-09-21,QQQ,367.5800,368.8100,364.9900,366.1500
2021-09-22,QQQ,367.0900,371.0700,365.9584,369.5700
2021-09-23,QQQ,370.7600,374.0400,370.0990,372.9800
2021-09-24,QQQ,370.6500,373.7600,370.2700,373.3300
2021-09-27,QQQ,370.2000,371.2516,367.7300,370.3500
2021-09-28,QQQ,365.6700,370.3020,359.3500,359.8700
2021-09-29,QQQ,361.1700,363.3700,358.6350,359.2800
2021-09-30,QQQ,360.9700,362.6800,357.1000,357.9600
2021-10-01,QQQ,358.6000,361.2500,354.3800,360.1800
2021-10-04,QQQ,358.5200,358.8600,350.3200,352.6200
2021-10-05,QQQ,353.7100,359.6900,353.4800,357.3800
2021-10-06,QQQ,354.0800,359.9500,353.1500,359.6700
2021-10-07,QQQ,362.8000,365.6900,362.2500,362.9700
2021-10-08,QQQ,364.0800,364.3166,360.6100,361.1600
2021-10-11,QQQ,359.5800,363.2000,358.3000,358.3900
2021-10-12,QQQ,359.8800,360.3300,356.4800,357.1400
2021-10-13,QQQ,359.5100,360.6900,357.4300,360.0000
2021-10-14,QQQ,363.6900,366.8500,363.0100,366.6300
2021-10-15,QQQ,367.8800,369.0600,366.8200,368.9400
2021-10-18,QQQ,367.6100,372.8700,366.9900,372.6500
2021-10-19,QQQ,373.7500,375.5200,372.6974,375.4700
2021-10-20,QQQ,375.9400,376.5650,373.4600,374.9800
2021-10-21,QQQ,374.1600,377.4700,373.8500,377.2700
2021-10-22,QQQ,375.9800,376.9700,372.3850,374.1000
2021-10-25,QQQ,375.5600,378.8700,373.5600,377.9300
2021-10-26,QQQ,380.2300,382.7100,377.9050,379.1200
2021-10-27,QQQ,379.5800,383.1500,379.3100,380.0000
2021-10-28,QQQ,381.9500,384.4800,381.1550,384.2200
2021-10-29,QQQ,381.0600,386.2800,380.7000,386.1100
2021-11-01,QQQ,386.5600,387.5600,384.4200,387.4300
2021-11-02,QQQ,386.8000,389.5400,386.7500,389.0500
2021-11-03,QQQ,389.5500,393.6100,388.4800,393.1800
2021-11-04,QQQ,394.4800,399.2000,393.9200,398.2200
2021-11-05,QQQ,400.0400,400.9900,397.1600,398.6000
2021-11-08,QQQ,398.5700,399.6200,397.4000,398.0600
2021-11-09,QQQ,399.1600,399.5700,393.9200,395.3200
2021-11-10,QQQ,392.4700,395.3600,387.5300,389.5100
2021-11-11,QQQ,392.5700,392.7500,390.2400,390.5900
2021-11-12,QQQ,391.7700,395.2500,390.1300,394.7000
2021-11-15,QQQ,395.9100,396.2400,392.0950,394.6100
2021-11-16,QQQ,393.8600,397.9300,393.6600,397.4200
2021-11-17,QQQ,397.7500,399.7196,396.6400,397.6300
2021-11-18,QQQ,399.7300,402.2700,397.4500,401.7500
2021-11-19,QQQ,403.4300,405.3000,402.5800,403.9900
2021-11-22,QQQ,405.5700,408.7100,399.1900,399.3000
2021-11-23,QQQ,398.1100,400.2300,392.9200,397.4800
2021-11-24,QQQ,394.9300,399.0500,392.5400,398.7600
2021-11-26,QQQ,396.1100,397.5400,389.7700,391.2000
2021-11-29,QQQ,395.8900,400.7300,395.1400,399.6900
2021-11-30,QQQ,398.7800,401.1900,391.7500,393.8200
2021-12-01,QQQ,398.2800,400.4800,386.6400,387.1200
2021-12-02,QQQ,385.8000,391.7400,384.3400,389.9100
2021-12-03,QQQ,391.3100,392.3400,378.9000,383.1300
2021-12-06,QQQ,383.6300,387.6000,379.3000,386.2000
2021-12-07,QQQ,393.0300,398.4600,392.9900,397.8300
2021-12-08,QQQ,398.1700,399.8200,396.2200,399.6100
2021-12-09,QQQ,398.3500,400.2000,393.5299,393.7300
2021-12-10,QQQ,396.6200,398.2800,393.3600,398.0100
2021-12-13,QQQ,398.0000,398.3250,391.8800,392.2600
2021-12-14,QQQ,387.3000,390.0900,383.6300,388.2000
2021-12-15,QQQ,387.9400,397.4198,383.8800,397.0500
2021-12-16,QQQ,398.0400,398.4750,385.2100,386.8400
2021-12-17,QQQ,383.3300,389.1900,381.7700,384.9100
2021-12-20,QQQ,379.5650,381.5000,377.4700,380.6900
2021-12-21,QQQ,384.0500,389.5300,380.2010,389.2100
2021-12-22,QQQ,388.9100,394.1600,388.2300,393.9500
2021-12-23,QQQ,394.3100,398.4250,394.1400,396.9200
2021-12-27,QQQ,398.2500,403.4800,398.2194,403.4800
2021-12-28,QQQ,404.4000,404.5800,400.7100,401.6100
2021-12-29,QQQ,401.7500,403.0500,399.1100,401.5500
2021-12-30,QQQ,401.3300,403.5699,399.7500,400.3500
2021-12-31,QQQ,399.6600,401.0589,397.3400,397.8500
2022-01-03,QQQ,399.0500,401.9400,396.8800,401.6800
2022-01-04,QQQ,402.2400,402.2800,393.2880,396.4700
2022-01-05,QQQ,394.7400,395.8900,384.0300,384.2900
2022-01-06,QQQ,382.4200,387.3500,380.1300,384.0200
2022-01-07,QQQ,384.0300,385.7600,378.0400,379.8600
2022-01-10,QQQ,374.8200,380.6400,369.3100,380.1100
2022-01-11,QQQ,379.3550,385.9899,377.2182,385.8200
2022-01-12,QQQ,388.4600,390.2000,385.0100,387.3500
2022-01-13,QQQ,388.7700,389.4700,376.7000,377.6600
2022-01-14,QQQ,375.0700,380.3500,374.8600,380.0100
2022-01-18,QQQ,374.0400,376.2200,369.7704,370.5500
2022-01-19,QQQ,372.1500,374.6900,366.2100,366.4800
2022-01-20,QQQ,369.7900,373.8700,361.1700,361.7200
2022-01-21,QQQ,359.4700,362.1800,351.4000,351.6900
2022-01-24,QQQ,345.9050,353.9800,334.1500,353.3000
2022-01-25,QQQ,346.6700,351.0295,341.6800,345.1100
2022-01-26,QQQ,352.9100,356.8800,340.7800,344.5700
2022-01-27,QQQ,349.4000,351.2700,340.0500,341.1000
2022-01-28,QQQ,343.0300,352.0200,337.9500,351.8000
2022-01-31,QQQ,353.2000,363.6500,351.5200,363.0500
2022-02-01,QQQ,364.4300,366.1900,359.1400,365.5200
2022-02-02,QQQ,369.7600,370.1000,364.2850,368.4900
2022-02-03,QQQ,358.5300,361.9300,352.4600,353.5500
2022-02-04,QQQ,354.0800,361.4000,351.9700,358.0100
2022-02-07,QQQ,358.6200,361.0500,353.8400,355.1300
2022-02-08,QQQ,353.9600,360.2400,352.8000,359.1200
2022-02-09,QQQ,363.7600,366.8100,362.1200,366.7300
2022-02-10,QQQ,359.5200,366.4885,356.5400,358.4300
2022-02-11,QQQ,358.4300,360.0700,345.8000,347.0600
2022-02-14,QQQ,346.4900,350.9800,343.8900,347.4900
2022-02-15,QQQ,352.9100,356.3700,351.8200,356.1300
2022-02-16,QQQ,353.8200,357.0896,350.7100,356.0400
2022-02-17,QQQ,352.7400,353.4600,345.0200,345.4500
2022-02-18,QQQ,346.4100,346.8100,339.1400,341.5100
2022-02-22,QQQ,338.4900,344.0400,334.3500,338.0800
2022-02-23,QQQ,341.3200,342.1830,329.1000,329.4200
2022-02-24,QQQ,318.8400,341.0400,318.2600,340.4900
2022-02-25,QQQ,341.3100,345.9800,337.3900,345.7700
2022-02-28,QQQ,342.5100,348.5400,341.3200,346.8000
2022-03-01,QQQ,345.7500,348.0780,338.9000,341.4900
2022-03-02,QQQ,343.0800,348.5900,340.2400,347.2200
2022-03-03,QQQ,349.9300,350.0400,340.3500,342.2600
2022-03-04,QQQ,339.8400,341.3100,334.9200,337.3000
2022-03-07,QQQ,337.2900,338.4800,324.6500,324.8600
2022-03-08,QQQ,324.0500,333.2100,319.9400,323.3500
2022-03-09,QQQ,331.7500,336.3800,329.0900,334.9900
2022-03-10,QQQ,330.8200,332.5100,326.7100,331.2700
2022-03-11,QQQ,334.3200,334.6400,323.9000,324.4000
2022-03-14,QQQ,323.1300,326.5900,317.4500,318.1700
2022-03-15,QQQ,320.8800,328.9500,319.2300,328.1500
2022-03-16,QQQ,332.1700,340.4400,328.4010,340.3200
2022-03-17,QQQ,338.3700,344.5000,337.0406,344.4400
2022-03-18,QQQ,342.7400,351.7900,341.5500,351.4900
2022-03-21,QQQ,350.2000,352.4800,345.5750,350.0800
2022-03-22,QQQ,350.5900,357.8500,350.2000,356.9600
2022-03-23,QQQ,354.0100,357.6600,351.7700,351.8300
2022-03-24,QQQ,353.8000,359.7000,351.5939,359.6500
2022-03-25,QQQ,359.5900,360.6700,354.9438,359.3500
2022-03-28,QQQ,359.3400,365.0100,358.0700,364.9100
2022-03-29,QQQ,368.9000,371.8300,366.0600,371.1900
2022-03-30,QQQ,369.2750,370.9800,365.5700,367.0900
2022-03-31,QQQ,367.2400,367.6000,361.6800,362.5400
2022-04-01,QQQ,362.8100,363.6100,358.5900,361.8500
2022-04-04,QQQ,362.7100,369.3100,362.4400,369.3000
2022-04-05,QQQ,367.8100,368.5400,359.9300,361.1000
2022-04-06,QQQ,355.6500,356.7800,350.5600,353.2600
2022-04-07,QQQ,352.2400,356.3500,348.6900,354.1000
2022-04-08,QQQ,352.3200,353.0900,348.5000,349.1500
2022-04-11,QQQ,344.8100,345.7500,340.5350,340.8900
2022-04-12,QQQ,345.7600,347.6900,338.0350,339.4500
2022-04-13,QQQ,339.8000,347.4300,339.0600,346.3500
2022-04-14,QQQ,346.4400,346.9700,338.2100,338.4300
2022-04-18,QQQ,337.3500,341.0400,335.7910,338.6900
2022-04-19,QQQ,338.0300,346.8500,336.9800,346.2600
2022-04-20,QQQ,347.0900,347.5600,339.9600,341.2100
2022-04-21,QQQ,345.1900,347.8700,333.2000,334.1500
2022-04-22,QQQ,334.3100,335.5600,324.9600,325.4000
2022-04-25,QQQ,323.7300,329.9000,322.4300,329.5800
2022-04-26,QQQ,327.4700,327.6600,316.8550,317.1400
2022-04-27,QQQ,317.2400,322.8800,315.0000,316.7600
2022-04-28,QQQ,321.8500,329.8900,317.5200,328.0100
2022-04-29,QQQ,323.7000,327.2250,312.6000,313.2500
2022-05-02,QQQ,312.8300,318.7200,309.6450,318.4800
2022-05-03,QQQ,318.5000,321.1700,315.9800,318.8200
2022-05-04,QQQ,319.3100,330.2900,313.8910,329.6000
2022-05-05,QQQ,325.1700,325.2500,309.6200,313.0000
2022-05-06,QQQ,310.9500,315.0900,305.1050,309.2500
2022-05-09,QQQ,303.4800,309.3487,295.7200,297.1500
2022-05-10,QQQ,304.5100,305.7600,296.5700,300.7600
2022-05-11,QQQ,298.4400,304.0900,290.9500,291.8400
2022-05-12,QQQ,287.4500,295.7500,284.9400,291.1500
2022-05-13,QQQ,295.7200,302.9990,294.0825,301.9400
2022-05-16,QQQ,300.1500,302.2600,297.1300,298.4400
2022-05-17,QQQ,304.4500,306.5600,300.5500,306.1700
2022-05-18,QQQ,301.5400,302.2500,289.8500,291.1400
2022-05-19,QQQ,289.2900,294.3900,287.5800,289.5800
2022-05-20,QQQ,293.1300,293.8000,280.2100,288.6800
2022-05-23,QQQ,289.7500,293.8700,287.2900,293.4800
2022-05-24,QQQ,288.1250,288.8600,282.2500,287.2400
2022-05-25,QQQ,285.7100,293.3900,285.5000,291.2600
2022-05-26,QQQ,290.4400,300.9200,290.1500,299.3300
2022-05-27,QQQ,302.5400,309.2500,302.4200,309.1000
2022-05-31,QQQ,309.0700,311.3300,304.3300,308.2800
2022-06-01,QQQ,310.4700,312.6500,303.7300,306.0000
2022-06-02,QQQ,304.8500,314.5600,303.4001,314.3800
2022-06-03,QQQ,309.0300,310.4700,304.9200,306.2000
2022-06-06,QQQ,310.7500,312.3500,305.6200,307.2200
2022-06-07,QQQ,303.8100,310.6700,302.6886,309.8700
2022-06-08,QQQ,309.0500,311.7200,306.7700,307.6400
2022-06-09,QQQ,305.9100,309.0500,299.2300,299.4000
2022-06-10,QQQ,293.6500,294.8700,288.3840,288.8400
2022-06-13,QQQ,279.7500,282.3400,274.5300,275.4100
2022-06-14,QQQ,277.6600,278.6600,273.3375,275.9100
2022-06-15,QQQ,279.4150,286.8300,276.6100,282.8000
2022-06-16,QQQ,275.5900,276.0600,269.2800,271.3900
2022-06-17,QQQ,272.1800,277.1900,270.5119,274.6900
2022-06-21,QQQ,278.7500,283.4500,278.6400,281.0800
2022-06-22,QQQ,278.5200,285.1800,277.9100,280.6700
2022-06-23,QQQ,283.2100,285.7200,280.3100,284.8500
2022-06-24,QQQ,287.7400,295.0400,287.5001,294.6100
2022-06-27,QQQ,296.0000,296.5799,291.2900,292.4500
2022-06-28,QQQ,293.0000,295.6500,283.3500,283.5400
2022-06-29,QQQ,283.4000,285.3400,280.8400,283.8000
2022-06-30,QQQ,280.7500,283.9441,275.7800,280.2800
2022-07-01,QQQ,278.9500,282.5300,277.0300,282.1300
2022-07-05,QQQ,278.3100,287.0800,276.7501,286.9600
2022-07-06,QQQ,287.3500,290.9500,285.5900,288.8000
2022-07-07,QQQ,289.6300,295.7000,289.6300,294.9800
2022-07-08,QQQ,292.0800,296.7500,291.1200,295.3500
2022-07-11,QQQ,292.8800,293.1100,288.1400,289.0400
2022-07-12,QQQ,290.3200,292.2800,284.6100,286.2400
2022-07-13,QQQ,280.6000,288.0500,280.0200,285.6500
2022-07-14,QQQ,282.9900,287.5600,279.8000,286.6700
2022-07-15,QQQ,289.7300,291.9800,288.0800,291.8700
2022-07-18,QQQ,294.7200,296.1600,288.2000,289.4000
2022-07-19,QQQ,293.1100,298.6000,291.4700,298.3000
2022-07-20,QQQ,298.7300,304.2400,297.9329,303.0300
2022-07-21,QQQ,303.5000,307.4350,300.7800,307.3800
2022-07-22,QQQ,306.4300,308.5500,300.1150,301.9900
2022-07-25,QQQ,302.0200,302.5000,298.2200,300.2700
2022-07-26,QQQ,298.5300,298.7900,293.5400,294.3700
2022-07-27,QQQ,299.0400,308.5400,298.4600,306.8100
2022-07-28,QQQ,306.5900,310.3965,302.7450,309.8100
2022-07-29,QQQ,311.3850,316.3900,309.9310,315.4600
2022-08-01,QQQ,313.6500,318.8100,312.5300,315.2700
2022-08-02,QQQ,312.9200,318.5450,311.8401,314.3300
2022-08-03,QQQ,316.0500,323.7291,315.9900,322.8900
2022-08-04,QQQ,322.9700,324.7200,320.7700,324.4000
2022-08-05,QQQ,319.1900,323.8300,318.3900,321.7500
2022-08-08,QQQ,322.6900,326.4700,319.2100,320.7100
2022-08-09,QQQ,318.7700,319.0300,315.4200,317.0800
2022-08-10,QQQ,324.5900,326.2300,322.0601,325.9300
2022-08-11,QQQ,328.3050,330.3600,323.3600,324.0800
2022-08-12,QQQ,326.1750,330.5850,325.1001,330.3900
2022-08-15,QQQ,329.4200,333.5652,329.4000,333.0600
2022-08-16,QQQ,332.0550,334.4209,329.1600,332.2800
2022-08-17,QQQ,329.0700,331.4300,326.3600,328.4900
2022-08-18,QQQ,328.4400,330.4900,326.7900,329.2800
2022-08-19,QQQ,326.1700,326.8400,322.0800,322.8600
2022-08-22,QQQ,318.5000,318.7400,313.5300,314.3600
2022-08-23,QQQ,314.1200,317.0000,313.3300,314.1000
2022-08-24,QQQ,313.6100,316.8700,312.9900,315.0100
2022-08-25,QQQ,316.8300,320.6000,315.7577,320.5800
2022-08-26,QQQ,320.2800,321.5100,307.3500,307.4400
2022-08-29,QQQ,304.6200,307.2200,303.2800,304.4100
2022-08-30,QQQ,306.1000,306.7300,298.4400,301.0200
2022-08-31,QQQ,303.9900,304.9100,299.1600,299.2700
2022-09-01,QQQ,296.7200,299.7800,292.9500,299.4000
2022-09-02,QQQ,302.3400,303.7500,293.5200,295.1700
2022-09-06,QQQ,295.6600,296.6000,290.8700,293.0500
2022-09-07,QQQ,293.5400,299.9900,293.2700,298.9700
2022-09-08,QQQ,296.8500,301.8700,295.4500,300.5200
2022-09-09,QQQ,302.8300,307.6000,300.5209,307.0900
2022-09-12,QQQ,308.5000,311.0800,308.1800,310.7400
2022-09-13,QQQ,301.8000,303.0200,292.7850,293.7000
2022-09-14,QQQ,294.8650,296.9300,293.0600,296.0300
2022-09-15,QQQ,294.0700,296.5300,289.4600,291.1000
2022-09-16,QQQ,287.7200,289.7200,285.6200,289.3200
2022-09-21,QQQ,289.5900,293.9500,283.4200,283.5600
2022-09-22,QQQ,282.0000,283.0300,278.8150,280.0700
2022-09-23,QQQ,277.5500,277.8500,272.0200,275.5100
2022-09-26,QQQ,275.0300,279.4900,273.5600,274.3700
2022-09-27,QQQ,277.8100,280.2100,272.1100,274.4800
2022-09-28,QQQ,274.4600,281.2500,272.9450,279.9400
2022-09-29,QQQ,275.8600,276.2500,268.8400,271.8700
2022-09-30,QQQ,271.0300,275.1900,267.1000,267.2600
2022-10-03,QQQ,269.0700,275.1600,267.5300,273.5300
2022-10-04,QQQ,278.9900,282.8500,278.9900,282.1300
2022-10-05,QQQ,278.2800,283.8100,275.4200,281.9800
2022-10-06,QQQ,280.9600,284.1800,279.4300,279.7600
2022-10-07,QQQ,275.0200,275.1500,267.7400,269.1000
2022-10-10,QQQ,269.3000,269.7000,263.6400,266.4100
2022-10-11,QQQ,264.7000,267.6300,261.0300,262.7500
2022-10-12,QQQ,263.4000,265.3600,261.9500,262.6600
2022-10-13,QQQ,255.1600,270.1700,254.2600,268.8200
2022-10-14,QQQ,271.2000,271.8100,260.1400,260.7400
2022-10-17,QQQ,266.8400,270.2400,266.7400,269.3500
2022-10-18,QQQ,276.5300,277.2100,268.7400,271.4800
2022-10-19,QQQ,269.9300,273.6800,268.0700,270.4900
2022-10-20,QQQ,269.5800,274.8400,267.9200,269.1100
2022-10-21,QQQ,267.9800,275.9690,266.8236,275.4200
2022-10-24,QQQ,275.6900,279.4000,271.9700,278.4500
2022-10-25,QQQ,279.4100,284.6000,277.9000,284.2100
2022-10-26,QQQ,278.4600,283.9800,277.4300,277.9300
2022-10-27,QQQ,276.7900,278.2795,272.3400,272.8700
2022-10-28,QQQ,272.2300,281.6980,272.0600,281.2200
2022-10-31,QQQ,278.9200,279.7600,275.9900,277.9500
2022-11-01,QQQ,281.4950,282.0700,274.7400,275.1100
2022-11-02,QQQ,275.0800,278.2100,265.6100,265.6800
2022-11-03,QQQ,263.0100,264.5000,260.1000,260.4900
2022-11-04,QQQ,265.5300,266.6100,259.0800,264.6800
2022-11-07,QQQ,265.7500,268.1400,263.5700,267.5900
2022-11-08,QQQ,269.1400,272.8500,265.5200,269.5400
2022-11-09,QQQ,267.7600,268.5600,263.0300,263.3200
2022-11-10,QQQ,276.0100,283.0500,273.8500,282.7500
2022-11-11,QQQ,282.5600,288.6400,281.1900,287.9600
2022-11-14,QQQ,285.8600,289.2150,284.4400,285.4400
2022-11-15,QQQ,292.2100,293.2600,285.9700,289.3900
2022-11-16,QQQ,287.3900,289.4838,284.6000,285.4400
2022-11-17,QQQ,280.8800,286.3189,280.7200,284.8100
2022-11-18,QQQ,287.8900,287.9900,282.3211,284.8200
2022-11-21,QQQ,283.4000,284.5800,281.0400,281.8900
2022-11-22,QQQ,282.6400,286.1100,280.4600,285.9500
2022-11-23,QQQ,285.9700,289.4600,285.7900,288.8200
2022-11-25,QQQ,287.1900,287.9100,286.4200,286.9200
2022-11-28,QQQ,284.9000,286.9600,281.7600,282.7100
2022-11-29,QQQ,282.9400,283.3500,279.1700,280.5700
2022-11-30,QQQ,280.8400,293.4700,279.9700,293.3600
2022-12-01,QQQ,293.6900,295.7500,290.8800,293.7200
2022-12-02,QQQ,288.5400,293.4500,288.3600,292.5500
2022-12-05,QQQ,290.3800,291.6800,286.1500,287.6400
2022-12-06,QQQ,287.4800,287.6200,280.2550,281.6800
2022-12-07,QQQ,280.4700,282.5700,278.7801,280.5300
2022-12-08,QQQ,281.9100,284.8400,279.7900,283.8500
2022-12-09,QQQ,282.8100,285.6400,281.5900,282.0400
2022-12-12,QQQ,282.2200,285.6400,281.1600,285.5800
2022-12-13,QQQ,296.6500,296.8750,285.9100,288.6500
2022-12-14,QQQ,288.0500,291.4100,283.1900,286.5100
2022-12-15,QQQ,282.3300,283.0100,275.6700,276.8900
2022-12-16,QQQ,276.2000,277.7700,272.6100,274.2500
2022-12-19,QQQ,273.8700,273.9600,268.4900,269.7500
2022-12-20,QQQ,268.5600,271.3200,266.9500,269.5400
2022-12-21,QQQ,270.6000,274.7800,269.7400,273.4500
2022-12-22,QQQ,270.3800,270.5149,262.4550,266.7600
2022-12-23,QQQ,265.4700,268.0400,263.5300,267.3600
2022-12-27,QQQ,266.7400,266.8500,263.0300,263.5800
2022-12-28,QQQ,263.1700,265.4700,259.7300,260.1000
2022-12-29,QQQ,262.9600,267.4050,262.2500,266.4400
2022-12-30,QQQ,263.6200,266.4100,262.2900,266.2800
2023-01-03,QQQ,268.6500,270.1550,262.1300,264.4800
2023-01-04,QQQ,266.6400,267.4500,262.5300,265.7400
2023-01-05,QQQ,264.0400,264.2100,261.2600,261.5800
2023-01-06,QQQ,263.3500,269.9400,260.3400,268.8000
2023-01-09,QQQ,270.8300,275.2900,269.9200,270.5400
2023-01-10,QQQ,269.4900,272.9400,268.9700,272.8300
2023-01-11,QQQ,273.9200,277.6600,273.1200,277.5500
2023-01-12,QQQ,278.1200,280.1000,273.7400,279.0500
2023-01-13,QQQ,276.5000,281.2190,276.1600,280.9700
2023-01-17,QQQ,280.7700,282.8500,279.5810,281.5400
2023-01-18,QQQ,283.1100,284.6900,277.6700,277.8800
2023-01-19,QQQ,276.2200,277.3750,273.8900,275.1500
2023-01-20,QQQ,276.7900,283.0200,275.7100,282.6800
2023-01-23,QQQ,283.5400,290.2100,282.7300,288.9600
2023-01-24,QQQ,287.3100,289.5500,286.7800,288.3700
2023-01-25,QQQ,283.7700,288.3600,281.1800,287.7300
2023-01-26,QQQ,291.2200,293.5200,288.5190,293.3400
2023-01-27,QQQ,292.0000,298.2600,291.8800,296.2600
2023-01-30,QQQ,292.9300,294.3800,289.8900,290.2700
2023-01-31,QQQ,290.3100,294.7200,290.2000,294.6200
2023-02-01,QQQ,294.4100,303.4300,292.3000,300.9200
2023-02-02,QQQ,307.5700,313.6800,306.7300,311.7200
2023-02-03,QQQ,304.9400,312.3900,304.5400,306.1800
2023-02-06,QQQ,303.5100,305.9100,302.2200,303.5900
2023-02-07,QQQ,303.4600,311.0300,302.3200,309.8800
2023-02-08,QQQ,308.5400,309.5000,303.6700,304.3700
2023-02-09,QQQ,308.8400,308.9900,300.2000,301.6800
2023-02-10,QQQ,299.4800,301.5700,297.2500,299.7000
2023-02-13,QQQ,301.1300,305.1000,299.9300,304.5000
2023-02-14,QQQ,302.8900,307.7200,300.9100,306.7500
2023-02-15,QQQ,304.9000,309.2700,304.2000,309.1000
2023-02-16,QQQ,304.3800,308.4300,303.1500,303.3000
2023-02-17,QQQ,301.0700,301.9300,298.1000,301.1600
2023-02-21,QQQ,297.2600,298.7300,293.8900,294.0300
2023-02-22,QQQ,294.6200,296.3599,292.5600,294.2500
2023-02-23,QQQ,297.9700,298.1300,292.5500,296.8200
2023-02-24,QQQ,291.7600,292.9700,290.0500,291.8500
2023-02-27,QQQ,295.0700,296.4900,293.3400,293.9400
2023-02-28,QQQ,293.3000,296.1240,292.9600,293.5600
2023-03-01,QQQ,293.2600,293.9300,290.2000,291.2000
2023-03-02,QQQ,288.6600,294.4300,288.3700,293.6100
2023-03-03,QQQ,295.3900,299.9200,294.8700,299.6800
2023-03-06,QQQ,300.9400,304.0000,299.8200,300.0200
2023-03-07,QQQ,300.0700,301.0100,295.7200,296.3400
2023-03-08,QQQ,296.7700,298.4300,294.8800,297.8200
2023-03-09,QQQ,298.3300,300.9800,291.8299,292.6600
2023-03-10,QQQ,292.8300,294.3500,287.3800,288.5500
2023-03-13,QQQ,286.7300,294.4700,285.1900,290.6900
2023-03-14,QQQ,294.3100,297.9300,293.4500,297.3700
2023-03-15,QQQ,294.7100,299.2700,293.2400,298.9300
2023-03-16,QQQ,298.0000,307.1800,297.1900,306.8100
2023-03-17,QQQ,306.7200,309.1500,303.3700,305.3600
2023-03-20,QQQ,304.2600,306.3000,302.0100,305.9700
2023-03-21,QQQ,307.9400,310.8000,306.3950,310.3400
2023-03-22,QQQ,310.2700,315.2500,305.9500,306.1200
2023-03-23,QQQ,309.9200,314.1500,307.0100,309.7500
2023-03-24,QQQ,309.3200,310.9900,306.9500,310.8900
2023-03-27,QQQ,311.6000,312.7000,307.8900,308.7600
2023-03-28,QQQ,308.1700,308.2000,304.7740,307.1200
2023-03-29,QQQ,310.8800,313.3500,310.0500,312.7200
2023-03-30,QQQ,315.2400,316.3200,312.8088,315.6800
2023-03-31,QQQ,315.9100,321.1700,315.6000,320.9300
2023-04-03,QQQ,318.7700,320.4200,317.4201,320.1500
2023-04-04,QQQ,320.6000,321.6300,317.8251,319.0700
2023-04-05,QQQ,318.1000,319.0600,314.0700,315.9200
2023-04-06,QQQ,314.2400,318.5500,312.8200,318.0500
2023-04-10,QQQ,315.0700,317.9200,313.2500,317.8700
2023-04-11,QQQ,317.8300,317.8900,315.3100,315.8300
2023-04-12,QQQ,317.8200,318.4200,312.5650,313.0400
2023-04-13,QQQ,314.8300,319.6500,313.6300,319.1700
2023-04-14,QQQ,317.5900,320.3600,315.6100,318.5700
2023-04-17,QQQ,318.1500,319.1999,316.0400,318.8400
2023-04-18,QQQ,320.9900,321.4200,317.6400,318.8600
2023-04-19,QQQ,316.4100,319.7900,316.2800,318.7100
2023-04-20,QQQ,315.6900,319.2700,314.9700,316.2800
2023-04-21,QQQ,315.9100,317.4000,314.1000,316.6100
2023-04-24,QQQ,316.3800,317.7391,313.7400,315.9500
2023-04-25,QQQ,314.2900,314.9700,309.8900,309.9900
2023-04-26,QQQ,313.4400,314.9350,311.3400,311.8700
2023-04-27,QQQ,315.7000,320.8600,315.0500,320.3500
2023-04-28,QQQ,320.1100,322.6500,318.9600,322.5600
2023-05-01,QQQ,322.0900,323.6300,321.0900,322.1900
2023-05-02,QQQ,322.1200,322.4500,317.6100,319.3800
2023-05-03,QQQ,319.7500,322.4700,317.1800,317.2900
2023-05-04,QQQ,317.0600,318.2300,315.1150,316.1700
2023-05-05,QQQ,318.4700,323.7600,316.2116,322.8900
2023-05-08,QQQ,322.4200,324.0400,321.3150,323.6900
2023-05-09,QQQ,322.0000,322.8800,321.3200,321.6400
2023-05-10,QQQ,324.1200,326.0100,321.6000,325.1400
2023-05-11,QQQ,325.7000,326.7500,324.1200,326.2000
2023-05-12,QQQ,326.7400,327.1700,322.9400,325.0300
2023-05-15,QQQ,325.5100,327.0300,323.9600,326.7900
2023-05-16,QQQ,326.0600,328.9025,326.0200,327.1600
2023-05-17,QQQ,328.2400,331.7100,327.0400,331.1200
2023-05-18,QQQ,331.5200,337.4900,331.5000,337.2700
2023-05-19,QQQ,337.4900,338.2050,335.4300,336.5100
2023-05-22,QQQ,336.2500,338.6700,336.2400,337.6400
2023-05-23,QQQ,335.8900,337.0600,333.0000,333.3600
2023-05-24,QQQ,331.3700,332.9050,329.5600,331.6500
2023-05-25,QQQ,339.1400,341.0100,336.6650,339.7200
2023-05-26,QQQ,340.7600,349.2450,340.6600,348.4000
2023-05-30,QQQ,352.7100,353.9300,348.5300,349.9800
2023-05-31,QQQ,348.3700,350.6000,346.5100,347.9900
2023-06-01,QQQ,347.7300,353.3600,346.6600,352.0100
2023-06-02,QQQ,353.8000,355.8300,352.0100,354.6500
2023-06-05,QQQ,354.4300,357.4950,353.8500,354.9000
2023-06-06,QQQ,354.2800,355.8200,352.9300,354.8400
2023-06-07,QQQ,355.1300,357.1200,348.1800,348.8200
2023-06-08,QQQ,349.1200,353.6200,348.8900,353.1500
2023-06-09,QQQ,354.6300,357.6600,353.0300,354.5000
2023-06-12,QQQ,356.1900,360.5900,355.2000,360.4900
2023-06-13,QQQ,363.2900,364.1100,360.0300,363.2600
2023-06-14,QQQ,363.2700,366.1900,360.4200,365.9000
2023-06-15,QQQ,364.6100,371.7700,363.9800,370.2600
2023-06-16,QQQ,372.7200,372.8500,367.4800,367.9300
2023-06-20,QQQ,365.9500,368.3200,363.8899,366.9000
2023-06-21,QQQ,365.7400,366.1800,360.9600,361.9000
2023-06-22,QQQ,360.6300,366.3300,360.2200,366.1700
2023-06-23,QQQ,362.2100,364.8800,360.8227,362.5400
2023-06-26,QQQ,362.0000,364.8400,357.5900,357.6800
2023-06-27,QQQ,359.2500,364.5700,358.5100,363.8300
2023-06-28,QQQ,361.9800,366.5200,361.9038,364.5400
2023-06-29,QQQ,364.2400,364.8900,362.1400,363.8100
2023-06-30,QQQ,367.5500,370.4900,367.2300,369.4200
2023-07-03,QQQ,370.0700,370.9300,368.9700,370.2900
2023-07-05,QQQ,368.6950,372.0100,368.6600,370.2800
2023-07-06,QQQ,366.5100,367.9100,364.5200,367.4600
2023-07-07,QQQ,367.2300,370.4800,366.0100,366.2400
2023-07-10,QQQ,365.9600,367.0500,363.4100,366.3600
2023-07-11,QQQ,366.7900,368.6320,364.6200,368.1700
2023-07-12,QQQ,372.3400,374.1900,370.3000,372.8200
2023-07-13,QQQ,376.0500,379.9900,375.4600,379.1500
2023-07-14,QQQ,379.5850,382.8600,378.1800,379.0700
2023-07-17,QQQ,379.8000,383.5000,379.3100,382.6100
2023-07-18,QQQ,381.9600,387.1300,380.0000,385.7400
2023-07-19,QQQ,386.8200,387.9800,384.3000,385.6500
2023-07-20,QQQ,382.6100,384.0950,375.7200,376.7600
2023-07-21,QQQ,379.1800,379.9200,375.1910,375.6300
2023-07-24,QQQ,376.6200,377.5800,374.3400,376.2300
2023-07-25,QQQ,376.9500,380.4700,376.9300,378.7800
2023-07-26,QQQ,377.7200,379.2400,375.1800,377.5200
2023-07-27,QQQ,383.0700,384.7100,375.3100,376.6200
2023-07-28,QQQ,380.7400,384.5200,380.2200,383.4800
2023-07-31,QQQ,383.7900,384.8800,382.3400,383.6800
2023-08-01,QQQ,382.3100,383.5600,380.6900,382.7900
2023-08-02,QQQ,379.2600,379.2600,373.1300,374.3900
2023-08-03,QQQ,371.9400,375.9500,371.7700,373.7900
2023-08-04,QQQ,375.7500,378.1000,371.5300,372.0400
2023-08-07,QQQ,373.8800,375.2900,371.5100,375.1900
2023-08-08,QQQ,372.6400,372.6600,368.8200,372.0000
2023-08-09,QQQ,372.2900,372.4500,367.1400,367.9100
2023-08-10,QQQ,370.9700,374.3600,367.0350,368.5900
2023-08-11,QQQ,365.9900,368.0000,364.6900,366.2400
2023-08-14,QQQ,365.4300,370.4700,364.7000,370.3500
2023-08-15,QQQ,369.3600,370.1690,365.7400,366.4200
2023-08-16,QQQ,365.8700,367.4300,362.4400,362.5400
2023-08-17,QQQ,363.9600,364.3100,358.1600,358.5800
2023-08-18,QQQ,355.2600,359.4100,354.7100,358.1300
2023-08-21,QQQ,359.6200,364.5900,359.1500,363.9000
2023-08-22,QQQ,366.5500,366.5600,362.6800,363.3800
2023-08-23,QQQ,364.5800,370.2200,364.3600,369.1100
2023-08-24,QQQ,372.6400,372.7400,361.0100,361.2200
2023-08-25,QQQ,362.0700,365.7400,358.5800,364.0200
2023-08-28,QQQ,366.9900,367.7100,364.2500,366.7600
2023-08-29,QQQ,366.5600,375.1300,366.2310,374.7700
2023-08-30,QQQ,374.8800,377.4467,373.8600,376.8600
2023-08-31,QQQ,376.9400,379.7190,376.8700,377.9900
2023-09-01,QQQ,380.4000,380.8300,376.0801,377.5900
2023-09-05,QQQ,376.7700,379.3093,375.8300,378.0700
2023-09-06,QQQ,377.2800,377.6300,372.7000,374.7400
2023-09-07,QQQ,370.2100,372.8500,369.1500,372.0600
2023-09-08,QQQ,372.0100,374.8500,371.6000,372.5800
2023-09-11,QQQ,375.6600,377.4900,373.6600,376.9700
2023-09-12,QQQ,375.2700,376.9517,372.5000,372.7900
2023-09-13,QQQ,373.0300,375.8400,371.8800,374.2100
2023-09-14,QQQ,375.9900,378.2700,373.8900,377.2700
2023-09-15,QQQ,375.9100,376.3200,369.8600,370.8100
2023-09-18,QQQ,369.3200,371.7900,369.0300,370.6600
2023-09-19,QQQ,369.3200,370.6826,366.8000,369.8700
2023-09-20,QQQ,370.9500,371.3100,364.4600,364.5400
2023-09-21,QQQ,360.8000,361.6000,357.6900,357.8600
2023-09-22,QQQ,359.6300,361.8000,357.5900,357.9100
2023-09-25,QQQ,356.9300,359.7000,355.9300,359.6100
2023-09-26,QQQ,356.9900,357.5400,353.2101,354.2100
2023-09-27,QQQ,355.3800,356.9800,351.3600,355.0400
2023-09-28,QQQ,354.1100,360.1700,353.2400,358.0100
2023-09-29,QQQ,361.5400,362.9500,357.0200,358.2700
2023-10-02,QQQ,358.5400,362.6800,357.9200,361.2600
2023-10-03,QQQ,358.7800,361.0100,353.2750,354.9200
2023-10-04,QQQ,355.7700,360.6100,355.3000,359.7500
2023-10-05,QQQ,359.7400,360.1500,355.1400,358.6900
2023-10-06,QQQ,355.6500,365.9100,354.8500,364.7000
2023-10-09,QQQ,362.3000,367.1100,360.7800,366.5600
2023-10-10,QQQ,366.9000,371.2800,366.3900,368.5900
2023-10-11,QQQ,369.9400,371.4120,368.1900,371.2200
2023-10-12,QQQ,371.7300,373.7400,367.5000,369.9300
2023-10-13,QQQ,370.5700,371.1600,363.8600,365.2800
2023-10-16,QQQ,366.6200,370.4800,366.4700,369.4100
2023-10-17,QQQ,365.8100,369.9200,363.6600,368.2000
2023-10-18,QQQ,365.6700,367.9100,362.0200,363.3700
2023-10-19,QQQ,364.8100,366.0200,359.1600,359.9700
2023-10-20,QQQ,359.4600,360.0400,354.3700,354.6000
2023-10-23,QQQ,353.2600,359.2600,351.1199,355.6700
2023-10-24,QQQ,357.5100,359.9100,355.7900,359.1300
2023-10-25,QQQ,356.7000,356.8800,349.7500,350.3400
2023-10-26,QQQ,349.1200,350.0700,342.3500,343.6600
2023-10-27,QQQ,346.4300,348.8400,344.0800,345.3100
2023-10-30,QQQ,347.8300,350.5400,346.4500,349.2000
2023-10-31,QQQ,349.2300,351.2500,346.6200,350.8700
2023-11-01,QQQ,351.7200,357.5298,351.6200,356.9600
2023-11-02,QQQ,361.5400,363.6800,360.3000,363.4400
2023-11-03,QQQ,364.7500,369.0200,364.5200,367.7100
2023-11-06,QQQ,368.4900,369.7800,366.9100,369.2100
2023-11-07,QQQ,370.2700,373.5800,369.0450,372.7000
2023-11-08,QQQ,373.0800,373.7900,370.6200,372.9400
2023-11-09,QQQ,373.6400,374.8000,369.5700,370.0700
2023-11-10,QQQ,371.8200,378.5400,371.2800,378.3900
2023-11-13,QQQ,376.7900,378.2800,375.2400,377.2100
2023-11-14,QQQ,383.7100,386.2600,383.1800,385.3300
2023-11-15,QQQ,387.2500,387.7500,384.2350,385.6200
2023-11-16,QQQ,384.8400,386.1900,383.5600,385.9500
2023-11-17,QQQ,385.2100,387.0700,384.2900,386.0400
2023-11-20,QQQ,386.0500,391.4100,386.0500,390.7400
2023-11-21,QQQ,389.0100,389.2300,386.7000,388.4700
2023-11-22,QQQ,390.5700,393.0700,389.0400,390.0600
2023-11-24,QQQ,389.6500,390.2500,388.5000,389.5100
2023-11-27,QQQ,389.0100,391.1499,388.2800,389.1700
2023-11-28,QQQ,388.4100,390.7800,388.0500,390.1900
2023-11-29,QQQ,392.6900,394.1400,389.4600,389.8100
2023-11-30,QQQ,390.0800,390.5500,385.8200,388.8300
2023-12-01,QQQ,387.7500,390.5400,386.0726,389.9400
2023-12-04,QQQ,386.0900,386.5950,382.6600,386.3200
2023-12-05,QQQ,384.3900,388.5000,384.2100,387.2900
2023-12-06,QQQ,390.2700,390.3700,384.7000,385.0500
2023-12-07,QQQ,388.0700,391.2700,386.9600,390.4300
2023-12-08,QQQ,388.6700,392.6200,388.4801,392.1700
2023-12-11,QQQ,391.7400,395.7900,391.5300,395.5200
2023-12-12,QQQ,395.5600,398.7900,394.4100,398.6700
2023-12-13,QQQ,399.6200,404.3600,398.8399,403.7400
2023-12-14,QQQ,404.9800,406.3000,400.3400,403.3900
2023-12-15,QQQ,404.1800,406.5399,403.5700,405.3400
2023-12-18,QQQ,404.9300,407.9900,404.6000,407.0800
2023-12-19,QQQ,407.5400,409.2800,407.3450,409.1600
2023-12-20,QQQ,408.3500,410.4699,402.9000,403.0800
2023-12-21,QQQ,407.0600,408.1400,404.4700,407.7700
2023-12-22,QQQ,409.0000,409.9700,406.4787,408.3800
2023-12-26,QQQ,409.2500,411.5600,409.1500,410.8800
2023-12-27,QQQ,410.9500,411.7875,410.0800,411.5000
2023-12-28,QQQ,412.6700,412.9200,410.9400,411.3000
2023-12-29,QQQ,411.2800,411.6400,407.5800,409.5200
2024-01-02,QQQ,405.8400,406.0900,400.2400,402.5900
2024-01-03,QQQ,399.9300,401.0000,397.8900,398.3300
2024-01-04,QQQ,396.4400,399.5900,396.0600,396.2800
2024-01-05,QQQ,396.4500,399.5600,395.3400,396.7500
2024-01-08,QQQ,397.9900,405.2400,397.8399,404.9500
2024-01-09,QQQ,401.9100,406.6900,401.7100,405.7500
2024-01-10,QQQ,406.0700,409.5150,405.1700,408.5000
2024-01-11,QQQ,409.7900,411.2004,404.2420,409.3500
2024-01-12,QQQ,410.4000,411.2500,408.1500,409.5600
2024-01-16,QQQ,408.3100,411.1200,406.8300,409.5200
2024-01-17,QQQ,406.1700,407.5850,402.9200,407.2100
2024-01-18,QQQ,410.5200,413.5750,409.1601,412.9900
2024-01-19,QQQ,415.2200,421.3400,414.6250,421.1800
2024-01-22,QQQ,423.4100,424.7275,421.1200,421.7300
2024-01-23,QQQ,422.4300,423.7000,420.5700,423.4800
2024-01-24,QQQ,427.4400,429.8500,425.3300,425.8300
2024-01-25,QQQ,428.3600,429.0400,423.9800,426.3500
2024-01-26,QQQ,424.4400,426.2100,423.1500,423.8100
2024-01-29,QQQ,424.2700,428.3500,423.6100,428.1500
2024-01-30,QQQ,427.1000,427.6800,424.3800,425.3000
2024-01-31,QQQ,420.8500,422.8699,416.7900,416.9700
2024-02-01,QQQ,418.7900,422.3750,417.8100,421.8800
2024-02-02,QQQ,423.8000,430.2400,422.7900,429.0100
2024-02-05,QQQ,429.0700,429.6100,425.0000,428.4500
2024-02-06,QQQ,429.6100,430.2200,425.2200,427.5900
2024-02-07,QQQ,430.4100,432.8300,429.0900,431.9900
2024-02-08,QQQ,432.1100,433.5600,431.4200,432.7900
2024-02-09,QQQ,433.9400,437.8450,433.1401,437.0500
2024-02-12,QQQ,436.9400,439.1400,434.6500,435.3400
2024-02-13,QQQ,427.2800,431.2700,425.3305,428.5500
2024-02-14,QQQ,431.2600,433.6500,428.8799,433.2200
2024-02-15,QQQ,433.9200,434.9800,431.3300,434.5100
2024-02-16,QQQ,434.8900,434.9900,429.8500,430.5700
2024-02-20,QQQ,428.5500,430.0800,423.5000,427.3200
2024-02-21,QQQ,424.5500,425.7000,421.6300,425.6100
2024-02-22,QQQ,434.4900,439.1200,433.7100,438.0700
2024-02-23,QQQ,439.6500,440.5900,435.7900,436.7800
2024-02-26,QQQ,437.6000,438.6000,436.3550,436.5500
2024-02-27,QQQ,437.6700,437.9900,435.0250,437.6000
2024-02-28,QQQ,435.4300,436.6700,434.3000,435.2700
2024-02-29,QQQ,438.2300,440.0900,435.0200,439.0000
2024-03-01,QQQ,439.9000,446.5800,439.8400,445.6100
2024-03-04,QQQ,445.6100,446.0400,443.7700,444.0200
2024-03-05,QQQ,440.9400,440.9500,433.6500,436.0500
2024-03-06,QQQ,440.3200,441.9900,436.8900,438.7900
2024-03-07,QQQ,442.4200,446.7200,440.8600,445.4500
2024-03-08,QQQ,445.8100,448.6400,438.3400,439.0200
2024-03-11,QQQ,437.5100,438.6600,435.4400,437.3900
2024-03-12,QQQ,439.7300,444.0200,436.4600,443.6600
2024-03-13,QQQ,442.6500,442.6700,439.1200,440.2500
2024-03-14,QQQ,441.5000,442.0300,436.3900,439.1400
2024-03-15,QQQ,436.0700,438.8733,432.7417,433.9200
2024-03-18,QQQ,438.7300,441.0400,437.2400,437.4800
2024-03-19,QQQ,435.4500,438.9800,433.3300,438.5700
2024-03-20,QQQ,439.7800,444.1100,438.0600,443.7700
2024-03-21,QQQ,448.8800,449.3400,445.6700,445.8700
2024-03-22,QQQ,445.3500,447.4900,444.4900,446.3800
2024-03-25,QQQ,443.5500,446.2600,442.5400,444.7600
2024-03-26,QQQ,446.3000,447.2250,443.0900,443.3200
2024-03-27,QQQ,446.4400,446.5400,441.9300,444.8300
2024-03-28,QQQ,444.7800,445.6400,443.6500,444.0100
2024-04-01,QQQ,444.9700,447.5300,443.0200,444.9500
2024-04-02,QQQ,440.0800,441.4300,438.0300,441.1100
2024-04-03,QQQ,438.9600,444.0000,438.9500,442.1000
2024-04-04,QQQ,446.3300,446.9500,435.1100,435.3400
2024-04-05,QQQ,436.7800,443.1700,435.9600,440.4700
2024-04-08,QQQ,441.4100,442.5000,439.2000,440.6000
2024-04-09,QQQ,442.9600,443.2400,437.4400,442.2300
2024-04-10,QQQ,437.0000,439.2400,436.2800,438.3700
2024-04-11,QQQ,440.2600,446.3300,437.9600,445.3700
2024-04-12,QQQ,441.1000,442.2400,436.8800,438.2700
2024-04-15,QQQ,442.0600,442.1500,430.2100,431.0600
2024-04-16,QQQ,430.9000,433.7600,429.7000,431.1000
2024-04-17,QQQ,433.1000,433.1200,424.9000,425.8400
2024-04-18,QQQ,426.4900,428.2400,422.8300,423.4100
2024-04-19,QQQ,422.2200,422.7500,413.0700,414.6500
2024-04-22,QQQ,417.3100,421.1800,413.9400,418.8200
2024-04-23,QQQ,420.7700,426.2800,418.8715,425.0700
2024-04-24,QQQ,428.2000,429.7300,424.2000,426.5100
2024-04-25,QQQ,419.2400,425.3200,418.1400,424.4500
2024-04-26,QQQ,427.6200,432.5500,426.9200,431.0000
2024-04-29,QQQ,433.1300,433.7600,429.9800,432.7500
2024-04-30,QQQ,431.1500,432.5600,424.5100,424.5900
2024-05-01,QQQ,423.1500,430.1400,420.6600,421.5200
2024-05-02,QQQ,425.3000,427.8100,420.6300,426.9000
2024-05-03,QQQ,434.4400,436.4800,432.6200,435.4800
2024-05-06,QQQ,437.3000,440.3400,436.5200,440.2500
2024-05-07,QQQ,440.7000,441.9700,439.5800,440.3200
2024-05-08,QQQ,437.6700,441.4800,437.5500,440.0600
2024-05-09,QQQ,440.3300,441.6000,438.4600,441.0200
2024-05-10,QQQ,442.5400,444.3100,440.4990,442.0600
2024-05-13,QQQ,443.9900,444.0900,441.6500,443.0800
2024-05-14,QQQ,442.6500,446.4650,442.4600,445.9300
2024-05-15,QQQ,448.4300,453.1500,446.9000,452.9000
2024-05-16,QQQ,452.7100,454.6900,451.8100,451.9800
2024-05-17,QQQ,452.1100,452.7200,449.5399,451.7600
2024-05-20,QQQ,451.9800,455.5800,451.7850,454.9100
2024-05-21,QQQ,453.0400,455.9900,452.8400,455.8000
2024-05-22,QQQ,456.0600,456.8200,453.0800,455.7100
2024-05-23,QQQ,460.5500,460.5800,451.8503,453.6600
2024-05-24,QQQ,455.2900,459.2300,453.5674,457.9500
2024-05-28,QQQ,459.1800,459.7400,456.6900,459.6800
2024-05-29,QQQ,455.4800,458.2400,455.3400,456.4400
2024-05-30,QQQ,455.5000,455.6400,450.2100,451.5500
2024-05-31,QQQ,451.7800,452.4800,443.0550,450.7100
2024-06-03,QQQ,454.5700,455.5800,447.9000,453.1300
2024-06-04,QQQ,452.8700,455.5750,451.1311,454.3700
2024-06-05,QQQ,457.9800,463.6100,454.4080,463.5300
2024-06-06,QQQ,464.2200,464.5400,462.1900,463.3700
2024-06-07,QQQ,463.0000,465.7400,461.8400,462.9600
2024-06-10,QQQ,461.8200,465.1900,461.5300,464.8300
2024-06-11,QQQ,463.5400,468.1400,462.0300,468.0200
2024-06-12,QQQ,471.9900,476.5000,471.2900,474.1500
2024-06-13,QQQ,477.7200,478.3900,474.4200,476.7200
2024-06-14,QQQ,476.5200,479.2600,476.0500,479.1900
2024-06-17,QQQ,479.4600,486.8600,478.1400,485.0600
2024-06-18,QQQ,485.0100,485.9000,483.4300,485.2100
2024-06-20,QQQ,486.4200,486.8387,479.6200,481.4700
2024-06-21,QQQ,481.1900,482.5350,478.6700,480.1800
2024-06-24,QQQ,478.1800,479.9300,473.8200,473.9600
2024-06-25,QQQ,476.0700,479.6800,475.1200,479.3800
2024-06-26,QQQ,478.5500,480.9200,478.1300,480.3700
2024-06-27,QQQ,480.1200,483.1000,479.3000,481.6100
2024-06-28,QQQ,482.4100,487.2000,478.4600,479.1100
2024-07-01,QQQ,480.0400,482.4900,476.2550,481.9200
2024-07-02,QQQ,480.4100,487.0400,480.2800,486.9800
2024-07-03,QQQ,486.2200,491.1700,486.2200,491.0400
2024-07-05,QQQ,491.8900,496.6000,491.5900,496.1600
2024-07-08,QQQ,496.5300,497.8950,495.5000,497.3400
2024-07-09,QQQ,498.8700,500.0000,496.2400,497.7700
2024-07-10,QQQ,499.7100,503.5200,498.3900,502.9600
2024-07-11,QQQ,503.0700,503.2800,490.7250,491.9300
2024-07-12,QQQ,492.5100,499.6200,492.0400,494.8200
2024-07-15,QQQ,496.6100,501.0100,494.0900,496.1500
2024-07-16,QQQ,497.6200,498.4400,493.1500,496.3400
2024-07-17,QQQ,488.2800,488.7984,481.7000,481.7700
2024-07-18,QQQ,485.5300,485.7100,476.2700,479.4900
2024-07-19,QQQ,479.1500,481.6900,473.9400,475.2400
2024-07-22,QQQ,481.1600,483.3500,477.7068,482.3200
2024-07-23,QQQ,481.4100,484.4300,480.1400,480.6200
2024-07-24,QQQ,473.8200,474.1900,462.5100,463.3800
2024-07-25,QQQ,463.7200,467.9400,455.6300,458.2700
2024-07-26,QQQ,462.6500,465.9300,459.7700,462.9700
2024-07-29,QQQ,465.7100,467.9100,461.6150,463.9000
2024-07-30,QQQ,465.8500,466.5610,454.1500,457.5300
2024-07-31,QQQ,467.8700,472.7900,466.4100,471.0700
2024-08-01,QQQ,471.7600,475.5500,455.9800,459.6600
2024-08-02,QQQ,450.8900,453.5700,444.4700,448.7500
2024-08-05,QQQ,424.7100,442.2900,423.4500,435.3700
2024-08-06,QQQ,437.2300,447.0700,434.5600,439.5300
2024-08-07,QQQ,446.4900,449.0000,434.3700,434.7700
2024-08-08,QQQ,441.0600,448.9900,437.1500,448.0700
2024-08-09,QQQ,446.7400,452.0600,445.6100,450.4100
2024-08-12,QQQ,451.3900,454.3700,448.5546,451.3800
2024-08-13,QQQ,455.8200,462.8500,455.6800,462.5800
2024-08-14,QQQ,463.5100,465.1093,458.4000,462.7300
2024-08-15,QQQ,468.7600,474.8200,468.3800,474.4200
2024-08-16,QQQ,472.6200,476.4100,471.6500,475.0300
2024-08-19,QQQ,475.1700,481.3100,473.3700,481.2700
2024-08-20,QQQ,480.3500,482.9400,478.5500,480.2600
2024-08-21,QQQ,481.0500,484.3700,479.3200,482.5000
2024-08-22,QQQ,484.8400,485.5400,473.8100,474.8500
2024-08-23,QQQ,479.2400,482.7400,475.2800,480.0000
2024-08-26,QQQ,479.4500,480.3800,473.2400,475.3400
2024-08-27,QQQ,473.6900,477.8400,471.7100,476.7600
2024-08-28,QQQ,476.2900,477.0200,467.8900,471.3500
2024-08-29,QQQ,473.2800,477.9300,469.3720,470.6600
2024-08-30,QQQ,475.0400,476.9000,470.5100,476.2700
2024-09-03,QQQ,473.2000,473.3300,459.4101,461.8100
2024-09-04,QQQ,458.6700,464.4500,457.7300,460.6100
2024-09-05,QQQ,458.9700,465.3600,457.9390,461.0400
2024-09-06,QQQ,460.3300,461.2200,448.1900,448.6900
2024-09-09,QQQ,453.0600,455.4600,449.8234,454.4600
2024-09-10,QQQ,456.2400,459.1700,452.2300,458.6600
2024-09-11,QQQ,459.9100,469.3700,451.2800,468.6200
2024-09-12,QQQ,468.6500,474.0400,466.8491,473.2200
2024-09-13,QQQ,472.4800,476.5300,472.2500,475.3400
2024-09-16,QQQ,473.1900,473.8599,469.8900,473.2400
2024-09-17,QQQ,476.2900,477.6000,470.9700,473.4900
2024-09-18,QQQ,474.7000,478.8300,470.8300,471.4400
2024-09-19,QQQ,482.6100,486.2300,480.4900,483.3600
2024-09-20,QQQ,482.4900,483.6900,478.3000,482.4400
2024-09-23,QQQ,482.9500,484.1400,481.6000,483.0400
2024-09-24,QQQ,484.4600,486.3300,480.1700,485.3700
2024-09-25,QQQ,484.7400,487.7900,484.5600,485.8200
2024-09-26,QQQ,493.3700,493.7000,485.8000,489.4700
2024-09-27,QQQ,490.5000,490.6400,485.5600,486.7500
2024-09-30,QQQ,485.7800,488.4100,482.9200,488.0700
2024-10-01,QQQ,487.7000,488.0000,477.4000,481.2700
2024-10-02,QQQ,480.3600,483.8800,477.7200,481.9500
2024-10-03,QQQ,479.7400,484.5450,478.9900,481.5900
2024-10-04,QQQ,487.4500,487.8800,482.3850,487.3200
2024-10-07,QQQ,485.3900,486.5700,480.8700,482.1000
2024-10-08,QQQ,484.6600,489.9900,483.8450,489.3000
2024-10-09,QQQ,489.0000,493.7300,487.9500,493.1500
2024-10-10,QQQ,490.8500,494.4700,489.5300,492.5900
2024-10-11,QQQ,490.7400,494.3900,490.1700,493.3600
2024-10-14,QQQ,495.7700,498.8300,495.2600,497.5000
2024-10-15,QQQ,497.8300,498.5000,488.6800,490.8500
2024-10-16,QQQ,491.1800,491.6900,487.5700,490.9100
2024-10-17,QQQ,496.4400,496.4900,491.1901,491.2500
2024-10-18,QQQ,494.0600,495.5700,493.3000,494.4700
2024-10-21,QQQ,493.2500,496.2300,491.3100,495.4200
2024-10-22,QQQ,492.7300,497.4450,491.9700,495.9600
2024-10-23,QQQ,493.5900,494.2500,485.0500,488.3600
2024-10-24,QQQ,492.1100,493.0000,489.4400,492.3200
2024-10-25,QQQ,495.1400,500.2800,494.4300,495.3200
2024-10-28,QQQ,498.4600,498.5200,495.1000,495.4000
2024-10-29,QQQ,495.7200,501.3500,493.8500,500.1600
2024-10-30,QQQ,499.3900,500.3500,495.8900,496.3800
2024-10-31,QQQ,492.3800,492.4300,483.7500,483.8500
2024-11-01,QQQ,485.5000,490.7507,485.2000,487.4300
2024-11-04,QQQ,486.8200,489.3800,484.2545,486.0100
2024-11-05,QQQ,487.6100,492.8800,487.5200,492.2100
2024-11-06,QQQ,500.5600,506.4100,499.6000,505.5800
2024-11-07,QQQ,508.4000,514.3300,508.3400,513.5400
2024-11-08,QQQ,513.0350,514.9175,512.4100,514.1400
2024-11-11,QQQ,515.3700,515.5800,510.9200,513.8400
2024-11-12,QQQ,513.7700,514.6600,509.8300,512.9100
2024-11-13,QQQ,512.4000,514.9800,509.9500,512.2500
2024-11-14,QQQ,511.9100,512.7900,507.7700,508.6900
2024-11-15,QQQ,502.9400,503.3300,494.4900,496.5700
2024-11-18,QQQ,498.1300,502.1400,496.7300,500.0200
2024-11-19,QQQ,497.4200,503.9536,497.0800,503.4600
2024-11-20,QQQ,503.1600,503.4800,496.5550,503.1700
2024-11-21,QQQ,506.2400,506.9600,497.5600,504.9800
2024-11-22,QQQ,504.4200,506.5300,502.7800,505.7900
2024-11-25,QQQ,509.9000,511.4525,504.2625,506.5900
2024-11-26,QQQ,508.0800,510.1400,507.2300,509.3100
2024-11-27,QQQ,508.1700,508.2400,501.9300,505.3000
2024-11-29,QQQ,505.9300,510.3400,505.3100,509.7400
2024-12-02,QQQ,511.0100,516.2600,510.6200,515.2900
2024-12-03,QQQ,513.9500,517.1500,513.3700,516.8700
2024-12-04,QQQ,520.3200,523.5200,519.6000,523.2600
2024-12-05,QQQ,523.3100,524.0399,521.4200,521.8100
2024-12-06,QQQ,522.4800,526.7200,522.3500,526.4800
2024-12-09,QQQ,525.5500,526.3500,521.2200,522.3800
2024-12-10,QQQ,523.6200,525.3800,519.1600,520.6000
2024-12-11,QQQ,525.0000,530.6100,524.5900,529.9200
2024-12-12,QQQ,527.6800,528.9600,526.0200,526.5000
2024-12-13,QQQ,530.4600,533.1661,527.3001,530.5300
2024-12-16,QQQ,533.0800,539.1500,533.0000,538.1700
2024-12-17,QQQ,536.3600,537.4800,534.1300,535.8000
2024-12-18,QQQ,535.1500,536.8799,515.0100,516.4700
2024-12-19,QQQ,521.1900,521.7599,513.8300,514.1700
2024-12-20,QQQ,510.4400,524.8200,509.2900,518.6600
2024-12-23,QQQ,519.5500,523.2500,516.1300,522.8700
2024-12-24,QQQ,524.8300,530.0500,524.1900,529.9600
2024-12-26,QQQ,528.3200,531.2400,526.3100,529.6000
2024-12-27,QQQ,526.0100,526.4500,517.8600,522.5600
2024-12-30,QQQ,515.5100,519.3600,511.8300,515.6100
2024-12-31,QQQ,516.9000,517.6600,510.2600,511.2300
2025-01-02,QQQ,514.3000,516.6400,505.7100,510.2300
2025-01-03,QQQ,513.3500,519.6454,512.5300,518.5800
2025-01-06,QQQ,524.0200,527.9200,522.0300,524.5400
2025-01-07,QQQ,525.5900,525.9900,513.2800,515.1800
2025-01-08,QQQ,515.0800,516.9199,510.5700,515.2700
2025-01-10,QQQ,511.4800,511.5800,503.9200,507.1900
2025-01-13,QQQ,501.2000,506.0200,499.7000,505.5600
2025-01-14,QQQ,508.7400,510.1550,501.5900,505.0800
2025-01-15,QQQ,513.0300,517.8500,511.4600,516.7000
2025-01-16,QQQ,518.9800,519.0599,512.9500,513.0800
2025-01-17,QQQ,522.8500,524.0733,513.1086,521.7400
2025-01-21,QQQ,524.4800,525.9700,520.0600,524.8000
2025-01-22,QQQ,529.5700,533.8200,529.2600,531.5100
2025-01-23,QQQ,529.0400,532.7600,528.4500,532.6400
2025-01-24,QQQ,533.0200,533.7900,528.1500,529.6300
2025-01-27,QQQ,511.0000,517.9900,510.1500,514.2100
2025-01-28,QQQ,515.2200,523.0000,511.7800,521.8100
2025-01-29,QQQ,522.4600,522.5900,516.8988,520.8300
2025-01-30,QQQ,523.7100,526.0950,518.2100,523.0500
2025-01-31,QQQ,526.9200,531.5178,521.1900,522.2900
2025-02-03,QQQ,513.4700,520.8496,511.0500,518.1100
2025-02-04,QQQ,518.6300,525.1100,518.2300,524.4700
2025-02-05,QQQ,521.8200,527.0100,520.6200,526.8500
2025-02-06,QQQ,527.3600,529.8100,525.7413,529.6000
2025-02-07,QQQ,530.1400,532.1000,522.1900,522.9200
2025-02-10,QQQ,527.2200,530.3571,526.7500,529.2500
2025-02-11,QQQ,525.9600,529.9200,525.8300,527.9900
2025-02-12,QQQ,522.3000,529.1900,521.9500,528.3000
2025-02-13,QQQ,529.9800,536.2200,529.1900,535.9000
2025-02-14,QQQ,536.0050,538.8400,535.6700,538.1500
2025-02-18,QQQ,539.7300,540.0000,536.0400,539.3700
2025-02-19,QQQ,538.5700,540.8100,536.4600,539.5200
2025-02-20,QQQ,538.7300,539.1000,532.4600,537.2300
2025-02-21,QQQ,538.3800,538.4000,525.7100,526.0800
2025-02-24,QQQ,527.8800,529.0690,519.5300,519.8700
2025-02-25,QQQ,519.2400,519.3200,509.4400,513.3200
2025-02-26,QQQ,515.5300,519.6600,511.3700,514.5600
2025-02-27,QQQ,518.1300,519.0699,500.0500,500.2700
2025-02-28,QQQ,500.1300,508.7800,496.9300,508.1700
2025-03-03,QQQ,511.5200,513.0400,493.5800,497.0500
2025-03-04,QQQ,494.1800,503.7400,487.7350,495.5500
2025-03-05,QQQ,496.2000,503.6300,491.2600,502.0100
2025-03-06,QQQ,493.6900,498.5800,486.2000,488.2000
2025-03-07,QQQ,487.1600,493.2800,480.5300,491.7900
2025-03-10,QQQ,483.4500,483.9700,468.6600,472.7300
2025-03-11,QQQ,472.3500,478.8050,467.0100,471.6000
2025-03-12,QQQ,479.1600,481.0600,471.7900,476.9200
2025-03-13,QQQ,476.2500,476.2801,466.4300,468.3400
2025-03-14,QQQ,473.7300,480.5600,473.1200,479.6600
2025-03-17,QQQ,479.6100,485.8400,477.8000,482.7700
2025-03-18,QQQ,479.4100,479.6100,472.4100,474.5400
2025-03-19,QQQ,476.8100,485.3300,474.8700,480.8900
2025-03-20,QQQ,476.8800,484.5500,476.1800,479.2600
2025-03-21,QQQ,474.0800,481.6100,472.9050,480.8400
2025-03-24,QQQ,487.7400,491.5100,487.1200,490.6600
2025-03-25,QQQ,491.3900,493.6200,490.4200,493.4600
2025-03-26,QQQ,492.3000,493.1600,482.8200,484.3800
2025-03-27,QQQ,482.4100,486.5799,480.2500,481.6200
2025-03-28,QQQ,479.8100,480.5200,468.0500,468.9400
2025-03-31,QQQ,461.9200,469.8600,457.3300,468.9200
2025-04-01,QQQ,467.3000,473.6300,464.4200,472.7000
2025-04-02,QQQ,466.1200,479.5600,465.8600,476.1500
2025-04-03,QQQ,456.4400,460.0700,450.1400,450.6600
2025-04-04,QQQ,438.1400,440.3700,422.6700,422.6700
2025-04-07,QQQ,408.6600,443.1400,402.3900,423.6900
2025-04-08,QQQ,438.1600,443.1384,409.7900,416.0600
2025-04-09,QQQ,415.5700,467.8300,415.4300,466.0000
2025-04-10,QQQ,453.5600,455.5900,432.6300,446.1800
2025-04-11,QQQ,444.6500,455.7900,441.3300,454.4000
2025-04-14,QQQ,464.4600,465.0500,452.6300,457.4800
2025-04-15,QQQ,458.5400,462.3800,456.1500,457.9900
2025-04-16,QQQ,449.0300,452.6200,437.7600,444.1800
2025-04-17,QQQ,447.1700,447.7500,441.3600,444.1000
2025-04-21,QQQ,438.2300,439.0800,427.9300,433.1100
2025-04-22,QQQ,438.8200,447.5800,437.6200,444.4800
2025-04-23,QQQ,458.1700,463.3800,452.8800,454.5600
2025-04-24,QQQ,456.4800,467.6600,455.8300,467.3500
2025-04-25,QQQ,466.9700,473.0900,465.3900,472.5600
2025-04-28,QQQ,473.0300,474.8080,466.0300,472.4100
2025-04-29,QQQ,470.1700,476.4243,469.5900,475.5300
2025-04-30,QQQ,467.1300,477.2000,462.4300,475.4700
2025-05-01,QQQ,483.4100,487.1800,480.7400,481.6800
2025-05-02,QQQ,486.5400,490.9100,484.8300,488.8300
2025-05-05,QQQ,484.6000,489.0300,484.1000,485.9300
2025-05-06,QQQ,479.5600,485.0500,478.1900,481.4100
2025-05-07,QQQ,482.0800,485.8000,476.7820,483.3000
2025-05-08,QQQ,488.5300,492.7000,484.1700,488.2900
2025-05-09,QQQ,490.2100,491.5400,486.1950,487.9700
2025-05-12,QQQ,506.9900,507.8900,501.4800,507.8500
2025-05-13,QQQ,509.1600,517.3900,508.4200,515.5900
2025-05-14,QQQ,516.7700,519.2279,515.7500,518.6800
2025-05-15,QQQ,516.5200,521.9300,515.1700,519.2500
2025-05-16,QQQ,520.6600,521.7000,517.1000,521.5100
2025-05-19,QQQ,514.2400,522.5300,514.2400,522.0100
2025-05-20,QQQ,519.4700,520.9300,516.6600,520.2700
2025-05-21,QQQ,516.2700,523.0000,511.2400,513.0400
2025-05-22,QQQ,513.6600,517.7100,512.3000,514.0000
2025-05-23,QQQ,506.1800,511.8400,505.5800,509.2400
2025-05-27,QQQ,516.1500,521.7100,514.5900,521.2200
2025-05-28,QQQ,522.1800,523.6800,518.3900,518.9100
2025-05-29,QQQ,526.3300,526.4800,517.3200,519.9300
2025-05-30,QQQ,519.4400,520.6800,511.9300,519.1100
2025-06-02,QQQ,517.2400,523.4500,515.9700,523.2100
2025-06-03,QQQ,523.5600,528.7400,522.6900,527.3000
2025-06-04,QQQ,528.0100,529.8400,525.9694,528.7700
2025-06-05,QQQ,530.1800,533.0500,522.6600,524.7900
2025-06-06,QQQ,530.0000,531.8000,528.2100,529.9200
2025-06-09,QQQ,530.1400,532.3500,529.0100,530.7000
2025-06-10,QQQ,531.1700,534.9000,528.8900,534.2100
2025-06-11,QQQ,535.6200,536.7800,530.1100,532.4100
2025-06-12,QQQ,531.0900,534.6438,530.8400,533.6600
2025-06-13,QQQ,527.6800,531.8700,525.7300,526.9600
2025-06-16,QQQ,530.5000,535.3700,530.4500,534.2900
2025-06-17,QQQ,531.7100,533.3250,527.9100,529.0800
2025-06-18,QQQ,530.1000,532.5500,527.4000,528.9900
2025-06-20,QQQ,532.2600,533.5600,524.8800,526.8300
2025-06-23,QQQ,526.8100,532.1700,523.6500,531.6500
2025-06-24,QQQ,536.8900,540.7000,536.2700,539.7800
2025-06-25,QQQ,542.0600,543.3100,539.3800,541.1600
2025-06-26,QQQ,543.3500,546.6700,541.5200,546.2200
2025-06-27,QQQ,547.2600,549.9900,544.5450,548.0900
2025-06-30,QQQ,551.2600,552.8000,549.0100,551.6400
2025-07-01,QQQ,549.7300,550.7100,544.6600,546.9900
2025-07-02,QQQ,546.1600,551.0000,546.1200,550.8000
2025-07-03,QQQ,553.1800,557.2000,553.1800,556.2200
2025-07-07,QQQ,553.5200,554.3400,549.5800,552.0300
2025-07-08,QQQ,553.3800,554.0100,551.1000,552.3400
2025-07-09,QQQ,554.4800,557.6300,553.1000,556.2500
2025-07-10,QQQ,556.8900,557.3000,552.7500,555.4500
2025-07-11,QQQ,553.3000,555.7900,552.0500,554.2000
2025-07-14,QQQ,553.9900,556.9450,551.6300,556.2100
2025-07-15,QQQ,560.2500,560.8000,556.6600,556.7200
2025-07-16,QQQ,557.2800,560.2100,551.5600,557.2900
2025-07-17,QQQ,558.0200,562.3100,557.2100,561.8000
2025-07-18,QQQ,563.1200,564.7262,559.9800,561.2600
2025-07-21,QQQ,562.0900,566.0600,562.0600,564.1700
2025-07-22,QQQ,564.3000,564.3500,558.6100,561.2500
2025-07-23,QQQ,562.3400,563.8500,559.5800,563.8100
2025-07-24,QQQ,565.1300,566.2400,563.2950,565.0100
2025-07-25,QQQ,564.9300,567.6950,564.2700,566.3700
2025-07-28,QQQ,567.7400,569.0400,566.8700,568.1400
2025-07-29,QQQ,570.7600,572.1100,566.5300,567.2600
2025-07-30,QQQ,568.1800,570.6200,565.0500,568.0200
2025-07-31,QQQ,574.5400,574.6300,563.8700,565.0100
2025-08-01,QQQ,558.8300,559.0200,551.6800,553.8800
2025-08-04,QQQ,559.0500,564.3150,558.9500,564.1000
2025-08-05,QQQ,565.3900,566.5607,559.7300,560.2700
2025-08-06,QQQ,561.1100,567.7600,560.6300,567.3200
2025-08-07,QQQ,571.6700,573.3200,565.1100,569.2400
2025-08-08,QQQ,570.4500,574.7700,570.1500,574.5500
2025-08-11,QQQ,574.6900,576.8000,571.5700,572.8500
2025-08-12,QQQ,575.1600,580.3500,572.4850,580.0500
2025-08-13,QQQ,582.7600,583.3199,578.9400,580.3400
2025-08-14,QQQ,578.2800,581.8800,577.9100,579.8900
2025-08-15,QQQ,579.8000,579.8400,575.5743,577.3400
2025-08-18,QQQ,576.4400,577.7650,575.2412,577.1100
2025-08-19,QQQ,576.3900,576.5600,568.2500,569.2800
2025-08-20,QQQ,568.3300,568.4500,558.8400,565.9000
2025-08-21,QQQ,564.3500,566.4900,560.9800,563.2800
2025-08-22,QQQ,564.6700,573.9900,563.2700,571.9700
2025-08-25,QQQ,570.4000,573.2871,569.1600,570.3200
2025-08-26,QQQ,569.8300,572.9200,568.8000,572.6100
2025-08-27,QQQ,571.5900,574.4050,570.3700,573.4900
2025-08-28,QQQ,574.1100,578.0000,572.4600,577.0800
2025-08-29,QQQ,574.6550,575.0300,568.5400,570.4000
2025-09-02,QQQ,561.3100,565.9650,559.5350,565.6200
2025-09-03,QQQ,569.2300,571.6950,566.7250,570.0700
2025-09-04,QQQ,570.7400,575.6000,569.0250,575.2300
2025-09-05,QQQ,580.4900,581.1200,571.5300,576.0600
2025-09-08,QQQ,578.3700,580.8400,577.7700,578.8700
2025-09-09,QQQ,579.6700,580.9400,577.0400,580.5100
2025-09-10,QQQ,583.7400,583.7700,578.5500,580.7000
2025-09-11,QQQ,583.2400,584.8800,581.6200,584.0800
2025-09-12,QQQ,585.0400,587.8600,584.1000,586.6600
2025-09-15,QQQ,588.4400,591.7900,588.2950,591.6800
2025-09-16,QQQ,592.6100,592.8600,590.4900,591.1800
2025-09-17,QQQ,591.1000,591.7500,584.3650,590.0000
2025-09-18,QQQ,594.9100,598.1400,592.9600,595.3200
2025-09-19,QQQ,597.3300,600.0500,595.8500,599.3500
2025-09-22,QQQ,597.7400,602.8700,597.7200,602.2000
2025-09-23,QQQ,602.3700,602.5700,596.9800,598.2000
2025-09-24,QQQ,599.5800,599.9000,593.3600,596.1000
2025-09-25,QQQ,592.2000,595.1150,588.5000,593.5300
2025-09-26,QQQ,594.3500,596.3000,591.0600,595.9700
2025-09-29,QQQ,599.1100,602.0500,597.4100,598.7300
2025-09-30,QQQ,598.4300,600.7100,596.1000,600.3700
2025-10-01,QQQ,597.1700,603.7900,596.3400,603.2500
2025-10-02,QQQ,607.0600,607.1600,602.9300,605.7300
2025-10-03,QQQ,606.5100,607.3255,601.3850,603.1800
2025-10-06,QQQ,608.4500,609.3600,605.9700,607.7100
2025-10-07,QQQ,609.0200,609.7100,603.0300,604.5100
2025-10-08,QQQ,605.4100,611.7500,605.2600,611.4400
2025-10-09,QQQ,611.4800,611.6100,607.4800,610.7000
2025-10-10,QQQ,611.4000,613.1800,589.0500,589.5000
2025-10-13,QQQ,599.6800,602.9500,597.2300,602.0100
2025-10-14,QQQ,595.3100,602.6900,590.1300,598.0000
2025-10-15,QQQ,604.0100,606.7000,595.9300,602.2200
2025-10-16,QQQ,605.1100,608.3100,595.5000,599.9900
2025-10-17,QQQ,597.9500,605.5100,596.3700,603.9300
2025-10-20,QQQ,607.1400,612.8000,607.0650,611.5400
2025-10-21,QQQ,611.6400,612.7213,609.3200,611.3800
2025-10-22,QQQ,610.8200,611.4100,599.7400,605.4900
2025-10-23,QQQ,604.9100,611.3700,604.5200,610.5800
2025-10-24,QQQ,615.9900,618.4200,615.1300,617.1000
2025-10-27,QQQ,624.5200,628.5500,624.0300,628.0900
2025-10-28,QQQ,630.3600,634.6800,629.2500,632.9200
2025-10-29,QQQ,635.5900,637.0100,630.2500,635.7700
2025-10-30,QQQ,632.1700,633.5000,625.9400,626.0500
2025-10-31,QQQ,634.1700,634.2000,626.6900,629.0700
2025-11-03,QQQ,635.1100,635.8200,629.8500,632.0800
2025-11-04,QQQ,623.2800,626.9500,618.4550,619.2500
2025-11-05,QQQ,618.4900,626.6000,617.2100,623.2800
2025-11-06,QQQ,621.7900,622.0400,610.3000,611.6700
2025-11-07,QQQ,608.3100,609.9500,598.6700,609.7400
2025-11-10,QQQ,618.9200,624.3100,616.8900,623.2300
2025-11-11,QQQ,620.5700,622.7200,617.5200,621.5700
2025-11-12,QQQ,624.8400,624.8600,617.8100,621.0800
2025-11-13,QQQ,617.5400,618.1200,606.0800,608.4000
2025-11-14,QQQ,599.5500,613.3500,597.1700,608.8600
2025-11-17,QQQ,606.3000,612.4800,599.8700,603.6600
2025-11-18,QQQ,599.6200,602.3100,591.3400,596.3100
2025-11-19,QQQ,597.0700,606.1600,594.5900,599.8700
2025-11-20,QQQ,611.6200,614.0300,584.7500,585.6700
2025-11-21,QQQ,587.4700,596.9800,580.7400,590.0700
2025-11-24,QQQ,595.2800,606.6800,595.1600,605.1600
2025-11-25,QQQ,603.5100,610.2601,597.3200,608.8900
2025-11-26,QQQ,612.5100,616.1900,610.3900,614.2700
2025-11-28,QQQ,616.1100,619.3200,615.4174,619.2500
2025-12-01,QQQ,613.6300,619.4401,612.5200,617.1700
2025-12-02,QQQ,619.4600,623.7500,617.5900,622.0000
2025-12-03,QQQ,619.6200,624.2200,618.0300,623.5200
2025-12-04,QQQ,624.9300,624.9400,619.5400,622.9400
2025-12-05,QQQ,624.3800,628.9200,623.7100,625.4800
2025-12-08,QQQ,627.2100,628.8400,621.6900,624.2800
2025-12-09,QQQ,623.0100,625.8700,621.0000,625.0500
2025-12-10,QQQ,623.8500,629.2100,620.9900,627.6100
2025-12-11,QQQ,623.8200,625.7800,617.7200,625.5800
2025-12-12,QQQ,622.0800,623.5400,611.3600,613.6200
2025-12-15,QQQ,618.3700,618.4200,609.3200,610.5400
2025-12-16,QQQ,608.2600,613.5100,606.9101,611.7500
2025-12-17,QQQ,613.0600,613.6500,600.2800,600.4100
2025-12-18,QQQ,609.8000,612.9300,606.9200,609.1100
2025-12-19,QQQ,611.9500,617.6200,611.8700,617.0500
2025-12-22,QQQ,621.3500,621.6500,617.7700,619.2100
2025-12-23,QQQ,618.2000,622.4100,617.7800,622.1100
2025-12-24,QQQ,621.9900,624.2800,621.7200,623.9300
2025-12-26,QQQ,624.6600,625.5150,623.1400,623.8900
2025-12-29,QQQ,620.1000,622.7800,618.7300,620.8700
2025-12-30,QQQ,619.8400,622.1800,619.2150,619.4300
2025-12-31,QQQ,619.6500,619.9600,614.0500,614.3100
2026-01-02,QQQ,620.0600,622.8500,610.1500,613.1200
2026-01-05,QQQ,619.3200,620.8100,616.7200,617.9900
2026-01-06,QQQ,619.2300,624.0213,618.5400,623.4200
2026-01-07,QQQ,623.0400,627.9400,622.5600,624.0200
2026-01-08,QQQ,623.0300,623.4200,617.8000,620.4700
2026-01-09,QQQ,621.4100,627.8900,619.0600,626.6500
2026-01-12,QQQ,622.3100,628.8450,622.2600,627.1700
2026-01-13,QQQ,627.2700,629.4700,623.6950,626.2400
2026-01-14,QQQ,622.2400,623.4500,614.5600,619.5500
2026-01-15,QQQ,626.6000,630.0000,620.7500,621.7800
2026-01-16,QQQ,625.5000,626.0800,618.8800,621.2600
2026-01-20,QQQ,610.5300,615.0550,607.0500,608.0600
2026-01-21,QQQ,609.4700,620.4200,607.8635,616.2800
2026-01-22,QQQ,622.3500,622.4600,617.7800,620.7600
2026-01-23,QQQ,619.7300,625.3999,618.6500,622.7200
2026-01-26,QQQ,623.2100,627.6100,622.1200,625.4600
2026-01-27,QQQ,628.9100,632.0427,627.3400,631.1300
2026-01-28,QQQ,635.4600,636.6000,631.8100,633.2200
2026-01-29,QQQ,632.6500,633.6700,618.2700,629.4300
2026-01-30,QQQ,625.7100,628.2560,619.2975,621.8700
2026-02-02,QQQ,618.7000,628.4900,618.6600,626.1400
2026-02-03,QQQ,628.3000,629.9800,610.9600,616.5200
2026-02-04,QQQ,615.0200,615.1000,600.4700,605.7500
2026-02-05,QQQ,600.2100,604.8100,594.7600,597.0300
2026-02-06,QQQ,600.1900,611.4100,598.7700,609.6500
2026-02-09,QQQ,607.5400,616.4600,605.0700,614.3200
2026-02-10,QQQ,615.3050,617.0200,611.0100,611.4700
2026-02-11,QQQ,616.3800,617.5200,607.6900,613.1100
2026-02-12,QQQ,614.7100,615.8100,599.5699,600.6400
2026-02-13,QQQ,600.4300,606.4800,596.4200,601.9200
2026-02-17,QQQ,598.3750,603.9500,593.3400,601.3000
2026-02-18,QQQ,602.1100,609.7710,600.7200,605.7900
2026-02-19,QQQ,602.8100,605.8150,600.7500,603.4700
2026-02-20,QQQ,600.1200,610.3500,599.2300,608.8100
2026-02-23,QQQ,606.6050,608.0100,599.0500,601.4100
2026-02-24,QQQ,602.4000,608.9900,599.7300,607.8700
2026-02-25,QQQ,611.0700,616.8300,611.0000,616.6800
2026-02-26,QQQ,615.5900,615.5900,603.9800,609.2400
2026-02-27,QQQ,602.9800,608.3200,602.1900,607.2900
2026-03-02,QQQ,598.8600,609.9200,597.9900,608.0900
2026-03-03,QQQ,596.3300,603.9600,591.8700,601.5800
2026-03-04,QQQ,604.1600,612.8800,603.4300,610.7500
2026-03-05,QQQ,607.4000,612.7600,602.2600,608.9100
2026-03-06,QQQ,600.3100,606.0000,598.3300,599.7500
2026-03-09,QQQ,594.2250,609.2700,591.3300,607.7600
2026-03-10,QQQ,607.7800,613.2900,605.4200,607.7700
2026-03-11,QQQ,608.9500,612.4300,605.0300,607.6900
2026-03-12,QQQ,602.7600,604.1400,597.0500,597.2600
2026-03-13,QQQ,599.7300,603.5999,592.5700,593.7200
2026-03-16,QQQ,600.0400,603.8600,599.1100,600.3800
2026-03-17,QQQ,603.1400,605.9000,601.8700,603.3100
2026-03-18,QQQ,601.4900,603.1600,594.5600,594.9000
2026-03-19,QQQ,589.5100,595.8000,587.0800,593.0200
2026-03-20,QQQ,591.0600,591.1700,578.5400,582.0600
2026-03-23,QQQ,590.5200,595.0800,585.9600,588.0000
2026-03-24,QQQ,584.8100,587.9300,581.9300,583.9800
2026-03-25,QQQ,589.1400,591.3700,585.6900,587.8200
2026-03-26,QQQ,582.6000,584.6300,573.4300,573.7900
2026-03-27,QQQ,570.8100,571.0200,561.5700,562.5800
2026-03-30,QQQ,567.3800,568.0500,555.6000,558.2800
2026-03-31,QQQ,564.2900,578.6400,564.2100,577.1800
2026-04-01,QQQ,581.4800,587.7390,580.4200,584.3100
2026-04-02,QQQ,573.9700,586.0500,571.9200,584.9800
2026-04-06,QQQ,586.2300,590.6100,584.6900,588.5000
2026-04-07,QQQ,585.6400,588.9800,578.4001,588.5900
2026-04-08,QQQ,608.7100,609.9000,602.1200,606.0900
2026-04-09,QQQ,605.9300,610.5000,603.0300,610.1900
2026-04-10,QQQ,611.8400,613.6700,609.5800,611.0700
2026-04-13,QQQ,609.4800,626.7400,608.1100,617.3900
2026-04-14,QQQ,620.2200,628.6000,620.1000,628.6000
2026-04-15,QQQ,629.0800,637.8300,628.2000,637.4000
2026-04-16,QQQ,639.2100,642.1800,635.2550,640.4700
2026-04-17,QQQ,645.5900,650.0000,644.0700,648.8500
2026-04-20,QQQ,648.0400,648.7600,642.5200,646.7900
2026-04-21,QQQ,648.4100,650.2000,642.2100,644.3300
2026-04-22,QQQ,650.1500,655.3300,648.5200,655.1100
2026-04-23,QQQ,653.5500,656.9200,645.5200,651.4200
2026-04-24,QQQ,658.5100,664.5100,656.5301,663.8800
2026-04-27,QQQ,663.4000,664.4300,660.6900,664.2300
2026-04-28,QQQ,657.4100,659.6400,653.8100,657.5500
2026-04-29,QQQ,658.6300,661.7200,656.5899,661.5700
2026-04-30,QQQ,665.3500,668.9000,657.5600,667.7400
2026-05-01,QQQ,669.1600,675.9700,668.8000,674.1500
2026-05-04,QQQ,674.6600,676.7300,668.9000,672.8800
2026-05-05,QQQ,677.9600,682.7734,677.5100,681.6100
2026-05-06,QQQ,687.7800,695.9300,686.4800,695.7700
2026-05-07,QQQ,696.5800,701.2400,691.7700,694.9400
2026-05-08,QQQ,699.9200,711.2300,699.5000,711.2300
2026-05-11,QQQ,710.3600,714.5900,708.9100,713.2900
2026-05-12,QQQ,708.2200,710.1800,696.6400,707.2400
2026-05-13,QQQ,709.9600,716.6500,704.8300,714.7100
2026-05-14,QQQ,714.6200,722.0300,714.2200,719.7900
2026-05-15,QQQ,710.1400,715.1300,705.5500,708.9300
2026-05-18,QQQ,711.5400,712.0700,698.8500,705.8800
2026-05-19,QQQ,699.8100,706.4900,695.2500,701.5300
2026-05-20,QQQ,705.2900,713.1500,703.7900,713.1500
2026-05-21,QQQ,708.9900,717.1200,706.7700,714.5100
2026-05-22,QQQ,718.0700,722.1200,715.9500,717.5400
2026-05-26,QQQ,725.9600,731.1700,724.1600,730.2800
2026-05-27,QQQ,732.9600,733.3200,725.4400,729.4500
2026-05-28,QQQ,729.7300,736.6000,726.4100,735.6000
2026-05-29,QQQ,737.8400,741.6300,735.2500,738.3100
2026-06-01,QQQ,737.0400,745.6500,735.9900,742.7400
2026-06-02,QQQ,742.4000,746.4400,739.2300,746.1600
2026-06-03,QQQ,747.3100,748.6500,741.0100,744.2100
2026-06-04,QQQ,735.4800,743.4988,732.6200,740.6100
2026-06-05,QQQ,730.0600,731.6900,704.3200,705.0600
2026-06-08,QQQ,717.8100,723.0300,713.0700,716.0700
2026-06-09,QQQ,722.9800,725.6600,686.3700,707.8300
2026-06-10,QQQ,701.6600,711.2800,692.9300,693.6900
2026-06-11,QQQ,699.2900,718.3721,695.0000,717.1200
2026-06-12,QQQ,717.6100,724.0100,711.2800,721.3400
2026-06-15,QQQ,738.1000,744.7599,737.3800,744.0000
2026-06-16,QQQ,742.2500,744.2200,729.6400,729.8600
2026-06-17,QQQ,735.1900,735.6800,720.8500,722.5100
2026-06-18,QQQ,737.2000,741.8200,732.5100,740.6200
2026-06-22,QQQ,742.0200,745.4500,734.3900,737.9500
2026-06-23,QQQ,715.7400,723.6100,712.1101,713.6500
2026-06-24,QQQ,715.3700,719.9300,704.4500,710.6200
2026-06-25,QQQ,725.9000,726.8300,705.3000,716.3800
2026-06-26,QQQ,707.1300,715.5550,702.8100,706.5200
2026-06-29,QQQ,713.9900,724.5800,705.1720,724.0800
2026-06-30,QQQ,724.1800,737.6200,723.9100,736.4000
2026-07-01,QQQ,729.1900,731.9200,724.6000,725.1700
2026-07-02,QQQ,725.5800,730.8300,707.5600,712.6000
2026-07-06,QQQ,719.9300,726.0800,718.4500,722.8200
2026-07-07,QQQ,714.1700,716.3500,704.9000,709.4300
2026-07-08,QQQ,704.9500,712.2599,700.9100,711.4400
2026-07-09,QQQ,718.3300,724.2300,715.1250,723.2800
2026-07-10,QQQ,720.7000,726.3900,717.0000,725.5100
2026-07-13,QQQ,717.7200,718.7400,710.0800,711.7400
2026-07-14,QQQ,720.2200,722.2900,714.3400,719.6900
2026-07-15,QQQ,723.8500,724.3600,710.2300,717.7400
2026-07-16,QQQ,712.0100,713.5990,702.6100,705.9400
2026-07-17,QQQ,691.6500,702.3000,686.7600,695.3300
2026-07-20,QQQ,702.1600,705.8000,695.5100,696.0600
2026-07-21,QQQ,706.5700,710.0500,702.8000,708.9700
2026-07-22,QQQ,703.6200,709.6500,703.6200,705.3500
2026-07-23,QQQ,694.6700,698.6600,687.7900,691.9600
2026-07-24,QQQ,690.4100,692.6300,682.4800,684.2300
2026-07-27,QQQ,691.6800,692.3000,675.9450,682.1200
2026-07-28,QQQ,676.2300,679.4000,667.8800,675.4900
2026-07-29,QQQ,675.5050,680.0500,661.1400,661.7300
2026-07-30,QQQ,674.7600,685.1200,673.3000,683.5500
2026-07-31,QQQ,692.1100,695.7700,680.0512,687.9900
2026-08-03,QQQ,688.3000,701.5900,685.8200,700.0700
2026-08-04,QQQ,708.1600,725.6600,707.5300,723.8500
2026-08-05,QQQ,726.2500,728.5400,716.9200,717.3000
2026-08-06,QQQ,710.8200,719.3200,708.5000,714.6500
2026-08-07,QQQ,720.1500,723.6300,716.5100,723.0300
2026-08-10,QQQ,722.3900,724.6700,720.3300,720.8700
2026-08-11,QQQ,723.2900,723.3500,715.5000,718.4500
2026-08-12,QQQ,727.0800,727.2500,722.9200,723.7000
2026-08-13,QQQ,725.1500,733.9600,724.0300,732.0700
2026-08-14,QQQ,733.4100,734.3900,728.3200,731.0700
2026-08-17,QQQ,732.9500,734.5800,729.2700,729.8700
2026-08-18,QQQ,720.2100,722.1300,715.9200,717.5100
2026-08-19,QQQ,720.3900,721.4999,712.6100,716.0800
2026-08-20,QQQ,712.0900,714.9400,708.5200,710.9300
2026-08-21,QQQ,715.2300,715.6738,709.2000,713.4400
2026-08-24,QQQ,709.6600,709.7900,702.7000,706.3200
2026-08-25,QQQ,711.2200,714.0400,707.4500,710.7200
2026-08-26,QQQ,708.4100,713.0200,707.9700,711.3700
2026-08-27,QQQ,716.9300,721.3500,714.5250,721.1100
2026-08-28,QQQ,719.7400,724.1250,715.0850,716.4300
2026-08-31,QQQ,715.1700,717.5800,713.1600,716.7600
2026-09-01,QQQ,707.3900,712.3000,704.6600,707.6400
2026-09-02,QQQ,707.1000,709.7988,705.1000,709.2400
2026-09-03,QQQ,710.8500,718.9150,709.6900,717.6700
2026-09-04,QQQ,719.3450,721.8600,716.5600,718.9600
2018-06-01,SPY,272.4100,273.9400,272.3300,273.6000
2018-06-04,SPY,274.5300,275.1900,274.2600,274.9000
2018-06-05,SPY,275.0500,275.5300,274.1800,275.1000
2018-06-06,SPY,275.7900,277.5200,275.0900,277.4000
2018-06-07,SPY,277.9500,278.2800,276.3400,277.3700
2018-06-08,SPY,276.8500,278.2500,276.6600,278.1900
2018-06-11,SPY,278.4400,279.3700,278.3100,278.5600
2018-06-12,SPY,279.0300,279.3300,278.1900,278.9200
2018-06-13,SPY,279.1900,279.4800,277.8000,278.0300
2018-06-14,SPY,279.0100,279.3300,278.0600,278.7300
2018-06-15,SPY,276.6000,277.5100,275.3500,277.1300
2018-06-18,SPY,275.4900,276.7000,274.9500,276.5600
2018-06-19,SPY,274.0000,275.7500,273.5300,275.5000
2018-06-20,SPY,276.2700,276.7200,275.5900,275.9700
2018-06-21,SPY,275.9600,275.9800,273.6800,274.2400
2018-06-22,SPY,275.6600,275.7900,274.4900,274.7400
2018-06-25,SPY,273.4400,273.6200,269.1000,271.0000
2018-06-26,SPY,271.6400,272.5600,270.7900,271.6000
2018-06-27,SPY,272.2600,273.8700,269.1800,269.3500
2018-06-28,SPY,269.2900,271.7500,268.4900,270.8900
2018-06-29,SPY,272.1200,273.6600,271.1500,271.2800
2018-07-02,SPY,269.5100,272.0400,269.2400,271.8600
2018-07-03,SPY,272.8700,272.9800,270.4200,270.9000
2018-07-05,SPY,272.1700,273.1800,270.9600,273.1100
2018-07-06,SPY,273.1400,275.8400,272.7100,275.4200
2018-07-09,SPY,276.5500,277.9600,276.5000,277.9000
2018-07-10,SPY,278.4100,279.0100,278.0800,278.9000
2018-07-11,SPY,277.1500,278.0400,276.5200,276.8600
2018-07-12,SPY,278.2800,279.4300,277.6000,279.3700
2018-07-13,SPY,279.1700,279.9300,278.6600,279.5900
2018-07-16,SPY,279.6400,279.8000,278.8400,279.3400
2018-07-17,SPY,278.4700,280.9100,278.4100,280.4700
2018-07-18,SPY,280.5600,281.1800,280.0600,281.0600
2018-07-19,SPY,280.3100,280.7400,279.4600,280.0000
2018-07-20,SPY,279.7700,280.4800,279.5000,279.6800
2018-07-23,SPY,279.4500,280.4300,279.0600,280.2000
2018-07-24,SPY,281.7900,282.5600,280.6300,281.6100
2018-07-25,SPY,281.3300,284.3700,281.2800,284.0100
2018-07-26,SPY,283.2000,284.1100,283.0900,283.3400
2018-07-27,SPY,283.7100,283.8200,280.3800,281.4200
2018-07-30,SPY,281.5100,281.6900,279.3600,279.9500
2018-07-31,SPY,280.8100,282.0200,280.3800,281.3300
2018-08-01,SPY,281.5600,282.1300,280.1300,280.8600
2018-08-02,SPY,279.3900,282.5800,279.1600,282.3900
2018-08-03,SPY,282.5300,283.6600,282.3300,283.6000
2018-08-06,SPY,283.6400,284.9900,283.2000,284.6400
2018-08-07,SPY,285.3900,286.0100,285.2400,285.5800
2018-08-08,SPY,285.3900,285.9100,284.9400,285.4600
2018-08-09,SPY,285.5300,285.9700,284.9200,285.0700
2018-08-10,SPY,283.4500,284.0600,282.3600,283.1600
2018-08-13,SPY,283.4700,284.1600,281.7700,282.1000
2018-08-14,SPY,282.9200,284.1700,282.4800,283.9000
2018-08-15,SPY,282.3800,282.5400,280.1600,281.7800
2018-08-16,SPY,283.4000,285.0400,283.3600,284.0600
2018-08-17,SPY,283.8300,285.5600,283.3700,285.0600
2018-08-20,SPY,285.5700,285.9700,285.0600,285.6700
2018-08-21,SPY,286.2500,287.3100,285.7100,286.3400
2018-08-22,SPY,285.8800,286.7600,285.5800,286.1700
2018-08-23,SPY,285.9700,286.9400,285.4300,285.7900
2018-08-24,SPY,286.4400,287.6700,286.3800,287.5100
2018-08-27,SPY,288.8600,289.9000,288.6800,289.7800
2018-08-28,SPY,290.3000,290.4200,289.4000,289.9200
2018-08-29,SPY,290.1600,291.7400,289.8900,291.4800
2018-08-30,SPY,290.9400,291.3600,289.6300,290.3000
2018-08-31,SPY,289.8400,290.8100,289.2900,290.3100
2018-09-04,SPY,289.8400,290.2100,288.6800,289.8100
2018-09-05,SPY,289.4100,289.6400,287.8900,289.0300
2018-09-06,SPY,289.1500,289.4900,287.0000,288.1600
2018-09-07,SPY,286.9600,288.7000,286.7100,287.6000
2018-09-10,SPY,288.7400,289.0400,287.8800,288.1000
2018-09-11,SPY,287.3700,289.5500,286.9750,289.0500
2018-09-12,SPY,289.0500,289.8000,288.2300,289.1200
2018-09-13,SPY,290.3000,291.0380,289.9950,290.8300
2018-09-14,SPY,291.1100,291.2700,290.0000,290.8800
2018-09-17,SPY,290.8200,290.8600,289.0300,289.3400
2018-09-18,SPY,289.5500,291.5800,289.5500,290.9100
2018-09-19,SPY,290.9800,291.6900,290.8250,291.2200
2018-09-20,SPY,292.6400,293.9400,291.2360,293.5800
2018-09-21,SPY,293.1700,293.2200,291.8100,291.9900
2018-09-24,SPY,291.4100,291.5000,290.3700,291.0200
2018-09-25,SPY,291.5300,291.6500,290.4830,290.7500
2018-09-26,SPY,290.8900,292.2400,289.4100,289.8800
2018-09-27,SPY,290.4100,291.9100,290.1000,290.6900
2018-09-28,SPY,290.0100,291.2800,289.9500,290.7200
2018-10-01,SPY,292.1200,292.9300,290.9800,291.7300
2018-10-02,SPY,291.5700,292.3550,291.1400,291.5600
2018-10-03,SPY,292.7400,293.2100,291.3200,291.7200
2018-10-04,SPY,291.2200,291.2400,287.6600,289.4400
2018-10-05,SPY,289.6500,290.2700,286.2200,287.8200
2018-10-08,SPY,287.0600,288.2200,285.5000,287.8200
2018-10-09,SPY,287.4300,288.8600,286.7700,287.4000
2018-10-10,SPY,286.9100,286.9100,277.8800,278.3000
2018-10-11,SPY,277.1500,278.9000,270.3600,272.1700
2018-10-12,SPY,276.8600,277.0900,272.3700,275.9500
2018-10-15,SPY,275.5400,277.0400,274.3000,274.4000
2018-10-16,SPY,276.5600,280.8200,276.0700,280.4000
2018-10-17,SPY,280.4400,281.1500,277.5600,280.4500
2018-10-18,SPY,279.4100,280.0700,274.9700,276.4000
2018-10-19,SPY,277.1600,279.3000,275.4700,276.2500
2018-10-22,SPY,277.0000,277.3600,274.4100,275.0100
2018-10-23,SPY,270.8700,274.8700,268.6100,273.6100
2018-10-24,SPY,273.3300,273.7600,264.7000,265.3200
2018-10-25,SPY,267.3100,271.8100,266.2300,270.0800
2018-10-26,SPY,265.9200,271.0000,262.2900,265.3300
2018-10-29,SPY,268.8100,270.2500,259.8500,263.8600
2018-10-30,SPY,263.7300,268.1200,263.1200,267.7700
2018-10-31,SPY,270.7100,273.2300,270.1200,270.6300
2018-11-01,SPY,271.6400,273.7300,270.3800,273.5100
2018-11-02,SPY,274.7500,275.2300,269.5900,271.8900
2018-11-05,SPY,272.4400,274.0100,271.3500,273.3900
2018-11-06,SPY,273.3600,275.3000,273.2500,273.3900
2018-11-07,SPY,277.5500,281.1000,277.0800,281.0100
2018-11-08,SPY,280.1100,281.2200,279.2200,280.5000
2018-11-09,SPY,279.0000,279.2400,276.1800,277.7600
2018-11-12,SPY,277.2400,277.4600,271.9900,272.5700
2018-11-13,SPY,273.0600,275.3250,271.2500,272.0600
2018-11-14,SPY,274.1800,274.6100,268.4500,270.2000
2018-11-15,SPY,268.7600,273.5400,267.0100,273.0200
2018-11-16,SPY,271.7400,274.7500,271.2100,273.7300
2018-11-19,SPY,273.1700,273.3800,266.7480,269.1000
2018-11-20,SPY,265.4100,267.0000,263.1500,264.1200
2018-11-21,SPY,265.7800,267.1500,265.0100,265.0200
2018-11-23,SPY,263.1600,264.8230,263.0700,263.2500
2018-11-26,SPY,265.8000,267.7500,265.3400,267.5000
2018-11-27,SPY,266.3400,268.4000,265.6600,268.4000
2018-11-28,SPY,269.6100,274.5800,268.3270,274.5800
2018-11-29,SPY,273.7100,275.5500,272.4300,273.9800
2018-11-30,SPY,273.8100,276.2800,273.4500,275.6500
2018-12-03,SPY,280.3800,280.4000,277.5050,279.3000
2018-12-04,SPY,278.3400,278.8500,269.9000,270.2500
2018-12-06,SPY,265.9700,269.9700,262.4400,269.8400
2018-12-07,SPY,269.4500,271.2200,262.6300,263.5700
2018-12-10,SPY,263.3700,265.1610,258.6200,264.0700
2018-12-11,SPY,267.6200,267.8700,262.4800,264.1300
2018-12-12,SPY,267.4500,269.0000,265.3700,265.4600
2018-12-13,SPY,266.4500,267.4900,264.1200,265.3700
2018-12-14,SPY,262.9200,264.0300,259.8500,260.4700
2018-12-17,SPY,259.3900,260.6500,253.5250,255.3600
2018-12-18,SPY,257.1900,257.9500,253.2800,255.0800
2018-12-19,SPY,255.1800,259.4000,249.3500,251.2600
2018-12-20,SPY,249.7800,251.6200,244.6500,247.1700
2018-12-21,SPY,246.7500,249.7100,239.9800,240.7000
2018-12-24,SPY,239.0000,240.8350,234.2700,234.3400
2018-12-26,SPY,235.9000,246.1800,233.7600,246.1800
2018-12-27,SPY,242.5700,247.6500,238.9600,246.1800
2018-12-28,SPY,249.7300,251.4000,246.4500,247.7500
2018-12-31,SPY,249.5000,250.1900,247.4700,249.9200
2019-01-02,SPY,246.0600,251.2100,245.9500,250.1800
2019-01-03,SPY,248.3000,248.5700,243.6700,244.2100
2019-01-04,SPY,247.5900,253.1100,247.1700,252.3900
2019-01-07,SPY,252.7600,255.9500,251.6900,254.3800
2019-01-08,SPY,256.8600,257.3100,254.0000,256.7700
2019-01-09,SPY,257.5600,258.9100,256.1900,257.9700
2019-01-10,SPY,256.3100,259.1600,255.5000,258.8800
2019-01-11,SPY,257.6500,259.0100,257.0300,258.9800
2019-01-14,SPY,256.8700,258.3000,256.4100,257.4000
2019-01-15,SPY,257.8200,260.7000,257.8100,260.3500
2019-01-16,SPY,260.8200,261.9670,260.6000,260.9800
2019-01-17,SPY,260.0000,263.9200,259.9600,262.9600
2019-01-18,SPY,265.0000,266.9800,262.9980,266.4600
2019-01-22,SPY,264.7700,265.0600,261.0600,262.8600
2019-01-23,SPY,264.0000,264.7900,260.6600,263.4100
2019-01-24,SPY,263.2100,264.2000,262.0800,263.5500
2019-01-25,SPY,265.6200,266.7000,263.6590,265.7800
2019-01-28,SPY,263.3800,263.8300,261.7900,263.7600
2019-01-29,SPY,263.9300,264.5500,262.4800,263.4100
2019-01-30,SPY,265.0900,268.5200,264.2500,267.5800
2019-01-31,SPY,267.5000,270.4700,267.2700,269.9300
2019-02-01,SPY,270.1300,271.2000,269.1800,270.0600
2019-02-04,SPY,270.1400,272.0300,269.3600,271.9600
2019-02-05,SPY,272.4700,273.4400,271.8800,273.1000
2019-02-06,SPY,272.8000,273.3400,271.9200,272.7400
2019-02-07,SPY,270.9300,271.5500,268.2900,270.1400
2019-02-08,SPY,268.7200,270.5800,267.8300,270.4700
2019-02-11,SPY,271.1700,271.4900,270.0300,270.6200
2019-02-12,SPY,272.4300,274.5200,272.3400,274.1000
2019-02-13,SPY,275.0600,275.9300,274.5600,274.9900
2019-02-14,SPY,273.7700,275.6400,272.8700,274.3800
2019-02-15,SPY,276.3800,277.4100,276.1300,277.3700
2019-02-19,SPY,276.5200,278.5800,276.4700,277.8500
2019-02-20,SPY,277.8500,278.9200,277.2500,278.4100
2019-02-21,SPY,277.7500,278.1000,276.3450,277.4200
2019-02-22,SPY,278.1500,279.3600,277.4030,279.1400
2019-02-25,SPY,280.6900,281.3100,279.4300,279.5200
2019-02-26,SPY,279.1300,280.3000,278.9000,279.3200
2019-02-27,SPY,278.5300,279.5900,277.4800,279.2000
2019-02-28,SPY,278.9700,279.4500,278.3200,278.6800
2019-03-01,SPY,280.4400,280.8800,278.8200,280.4200
2019-03-04,SPY,281.6500,281.8700,276.8400,279.4000
2019-03-05,SPY,279.5500,279.7600,278.4100,279.0200
2019-03-06,SPY,279.1600,279.1600,276.9700,277.3300
2019-03-07,SPY,276.8400,276.9900,274.0700,275.0100
2019-03-08,SPY,272.9200,274.6500,272.4200,274.4600
2019-03-11,SPY,275.2400,278.6200,275.2300,278.4400
2019-03-12,SPY,279.0900,280.0700,278.8500,279.4900
2019-03-13,SPY,280.4900,282.3800,280.3000,281.3400
2019-03-14,SPY,281.3300,281.8400,280.6660,281.1600
2019-03-15,SPY,280.5600,282.2100,280.3300,281.3100
2019-03-18,SPY,281.5300,282.6600,281.3000,282.3300
2019-03-19,SPY,283.4900,284.3600,281.4100,282.4000
2019-03-20,SPY,282.1600,283.5000,280.3200,281.5500
2019-03-21,SPY,280.6300,285.1800,280.5900,284.7300
2019-03-22,SPY,283.2200,283.8030,279.1800,279.2500
2019-03-25,SPY,278.8900,280.1850,277.6400,279.0400
2019-03-26,SPY,280.9700,282.1800,279.5600,281.1200
2019-03-27,SPY,281.1300,281.7600,277.9300,279.6500
2019-03-28,SPY,280.3600,281.2100,279.0700,280.7100
2019-03-29,SPY,282.4100,282.8400,281.1400,282.4800
2019-04-01,SPY,284.7000,286.1600,284.4000,285.8300
2019-04-02,SPY,286.0400,286.2300,285.0900,285.9700
2019-04-03,SPY,287.3300,287.7600,285.7500,286.4200
2019-04-04,SPY,286.8000,287.4590,286.0100,287.1800
2019-04-05,SPY,287.9500,288.6300,287.6000,288.5700
2019-04-08,SPY,288.1000,288.9100,287.3700,288.7900
2019-04-09,SPY,287.7200,288.0800,286.7000,287.3100
2019-04-10,SPY,287.7700,288.3900,287.3100,288.2900
2019-04-11,SPY,288.8400,288.8400,287.5780,288.2100
2019-04-12,SPY,290.0100,290.4700,288.2610,290.1600
2019-04-15,SPY,290.2700,290.3500,289.0750,289.9700
2019-04-16,SPY,290.9600,291.0100,289.5000,290.1600
2019-04-17,SPY,291.4100,291.4250,288.9900,289.4500
2019-04-18,SPY,290.1200,290.3200,288.6600,290.0200
2019-04-22,SPY,289.1700,290.4350,289.0700,290.2700
2019-04-23,SPY,290.6800,293.1400,290.4200,292.8800
2019-04-24,SPY,292.7600,293.1600,292.0700,292.2300
2019-04-25,SPY,292.1200,292.7800,290.7300,292.0500
2019-04-26,SPY,292.1200,293.4900,291.2400,293.4100
2019-04-29,SPY,293.5300,294.4500,293.4100,293.8700
2019-04-30,SPY,293.5200,294.3400,291.9200,294.0200
2019-05-01,SPY,294.7600,294.9500,291.8000,291.8100
2019-05-02,SPY,291.6800,292.7000,289.5200,291.1800
2019-05-03,SPY,292.8000,294.3400,291.3000,294.0300
2019-05-06,SPY,289.2400,293.3100,288.9000,292.8200
2019-05-07,SPY,290.1500,290.8100,285.8100,287.9300
2019-05-08,SPY,287.5600,289.4300,286.8700,287.5300
2019-05-09,SPY,285.2000,287.3300,283.3000,286.6600
2019-05-10,SPY,285.6400,288.9400,282.3000,288.1000
2019-05-13,SPY,282.3900,283.4900,279.9300,280.8600
2019-05-14,SPY,282.0100,285.1000,281.8500,283.4000
2019-05-15,SPY,281.6000,285.7700,281.3600,285.0600
2019-05-16,SPY,285.8300,289.2100,285.7600,287.7000
2019-05-17,SPY,285.1300,288.6000,285.1210,285.8400
2019-05-20,SPY,284.0600,285.9620,283.1200,283.9500
2019-05-21,SPY,285.8300,286.9300,285.5500,286.5100
2019-05-22,SPY,285.4300,286.6900,285.1000,285.6300
2019-05-23,SPY,283.1600,283.2100,280.5700,282.1400
2019-05-24,SPY,283.7500,284.2000,282.0900,282.7800
2019-05-28,SPY,283.0100,284.1500,280.1300,280.1500
2019-05-29,SPY,278.9100,279.3600,276.7100,278.2700
2019-05-30,SPY,279.0800,280.0400,277.8050,279.0300
2019-05-31,SPY,276.2000,277.1200,275.2400,275.2700
2019-06-03,SPY,275.3000,276.5520,273.0900,274.5700
2019-06-04,SPY,277.1100,280.6800,276.6200,280.5300
2019-06-05,SPY,282.3400,282.9900,280.3200,282.9600
2019-06-06,SPY,283.2900,285.5500,282.5700,284.8000
2019-06-07,SPY,285.9500,288.8500,285.7400,287.6500
2019-06-10,SPY,289.3500,290.8200,288.8730,288.9700
2019-06-11,SPY,290.9500,291.4000,288.1800,288.9000
2019-06-12,SPY,288.6400,289.2600,287.8150,288.3900
2019-06-13,SPY,289.4000,289.9800,288.6200,289.5800
2019-06-14,SPY,289.2600,289.9300,288.4100,289.2600
2019-06-17,SPY,289.5200,290.2200,289.1800,289.3700
2019-06-18,SPY,291.3900,293.5700,290.9900,292.4000
2019-06-19,SPY,292.5500,293.6500,291.4700,293.0600
2019-06-20,SPY,296.0400,296.3100,293.1300,295.8600
2019-06-21,SPY,294.1300,295.5200,293.7600,294.0000
2019-06-24,SPY,294.2300,294.5800,293.4700,293.6400
2019-06-25,SPY,293.7000,293.7300,290.6400,290.7600
2019-06-26,SPY,291.7500,292.3100,290.3500,290.4700
2019-06-27,SPY,291.3100,292.0600,290.8900,291.5000
2019-06-28,SPY,292.5800,293.5500,292.0100,293.0000
2019-07-01,SPY,296.6800,296.9200,294.3300,295.6600
2019-07-02,SPY,295.5900,296.4900,291.2100,296.4300
2019-07-03,SPY,297.1900,298.8200,297.0200,298.8000
2019-07-05,SPY,297.4600,298.6400,296.0100,298.4600
2019-07-08,SPY,297.0100,297.3500,296.2200,296.8200
2019-07-09,SPY,295.5100,297.5200,295.4800,297.1900
2019-07-10,SPY,298.4000,299.6500,297.7800,298.6100
2019-07-11,SPY,299.3400,299.5800,298.2000,299.3100
2019-07-12,SPY,299.8600,300.7300,299.5100,300.6500
2019-07-15,SPY,301.1200,301.1300,300.1900,300.7500
2019-07-16,SPY,300.6400,300.8800,299.4400,299.7100
2019-07-17,SPY,299.7500,299.9300,297.7400,297.7400
2019-07-18,SPY,297.1900,299.2500,296.7000,298.8300
2019-07-19,SPY,300.0400,300.0700,296.9600,297.1700
2019-07-22,SPY,297.6100,298.5000,297.0400,297.9000
2019-07-23,SPY,299.1400,300.0300,298.2200,300.0300
2019-07-24,SPY,299.1900,301.4400,299.0900,301.4400
2019-07-25,SPY,300.9400,301.0000,299.1100,300.0000
2019-07-26,SPY,300.7600,302.2300,300.6200,302.0100
2019-07-29,SPY,301.8800,301.9300,300.8500,301.4600
2019-07-30,SPY,299.9100,301.1700,299.4900,300.7200
2019-07-31,SPY,300.9900,301.2000,295.2000,297.4300
2019-08-01,SPY,297.6000,300.8700,293.9600,294.8400
2019-08-02,SPY,293.8500,294.1200,290.9000,292.6200
2019-08-05,SPY,288.0900,288.2100,281.7200,283.8200
2019-08-06,SPY,285.9100,288.0400,284.2800,287.8000
2019-08-07,SPY,284.4000,288.8200,282.0400,287.9700
2019-08-08,SPY,289.6200,293.6200,289.0100,293.6200
2019-08-09,SPY,292.5800,293.2400,289.6500,291.6200
2019-08-12,SPY,289.9600,291.6100,287.0200,288.0700
2019-08-13,SPY,287.7400,294.1500,287.3600,292.5500
2019-08-14,SPY,288.0700,292.4600,283.7600,283.9000
2019-08-15,SPY,284.8800,285.6400,282.3900,284.6500
2019-08-16,SPY,286.4800,289.3300,284.7100,288.8500
2019-08-19,SPY,292.1900,293.0800,291.4400,292.3300
2019-08-20,SPY,291.7700,292.3600,289.9500,290.0900
2019-08-21,SPY,292.4800,292.8600,291.7200,292.4500
2019-08-22,SPY,293.2300,293.9300,290.4000,292.3600
2019-08-23,SPY,290.9200,292.7600,283.4700,284.8500
2019-08-26,SPY,287.2700,288.0000,285.5800,288.0000
2019-08-27,SPY,289.5400,289.9500,286.0300,286.8700
2019-08-28,SPY,286.1400,289.0700,285.2500,288.8900
2019-08-29,SPY,291.7200,293.1600,290.6100,292.5800
2019-08-30,SPY,294.2200,294.2400,291.4200,292.4500
2019-09-03,SPY,290.5700,291.5800,289.2700,290.7400
2019-09-04,SPY,293.1400,294.0600,292.3100,294.0400
2019-09-05,SPY,296.7900,298.8300,294.0000,297.8200
2019-09-06,SPY,298.1700,298.7600,297.4200,298.0500
2019-09-09,SPY,299.1400,299.2400,297.1600,298.2000
2019-09-10,SPY,297.3600,298.2000,295.9700,298.1300
2019-09-11,SPY,298.4700,300.3400,297.7500,300.2500
2019-09-12,SPY,301.2500,302.4600,300.4100,301.2900
2019-09-13,SPY,301.7800,302.1700,300.6800,301.0900
2019-09-16,SPY,299.8400,301.1400,299.4500,300.1600
2019-09-17,SPY,299.9400,301.0200,299.7500,300.9200
2019-09-18,SPY,300.4900,301.2200,298.2400,301.1000
2019-09-19,SPY,301.5300,302.6300,300.7100,301.0800
2019-09-20,SPY,300.3600,300.6700,297.4100,298.2800
2019-09-23,SPY,297.5500,299.0000,297.2700,298.2100
2019-09-24,SPY,299.4100,299.8400,294.8100,295.8700
2019-09-25,SPY,295.9600,298.1100,294.3300,297.6200
2019-09-26,SPY,297.6300,297.8600,295.4500,297.0000
2019-09-27,SPY,297.8300,297.9500,293.6900,295.4000
2019-09-30,SPY,295.9700,297.5500,295.9200,296.7700
2019-10-01,SPY,297.7400,298.4600,293.0000,293.2400
2019-10-03,SPY,287.8100,290.4500,284.8200,290.4200
2019-10-04,SPY,291.1400,294.6300,290.8200,294.3500
2019-10-07,SPY,293.4700,295.2600,292.7700,293.0800
2019-10-08,SPY,291.0400,291.8500,288.4900,288.5300
2019-10-09,SPY,290.7500,292.3000,288.6600,291.2700
2019-10-10,SPY,291.1800,294.2100,291.0000,293.2400
2019-10-11,SPY,296.2700,298.7400,296.1400,296.2800
2019-10-14,SPY,295.9300,296.6700,295.5700,295.9500
2019-10-15,SPY,297.1000,299.7000,296.9700,298.8800
2019-10-16,SPY,298.3700,299.1600,297.9200,298.4000
2019-10-17,SPY,299.6800,300.2400,298.5200,299.2800
2019-10-18,SPY,298.6900,299.4000,296.9900,297.9700
2019-10-21,SPY,299.4200,300.2100,298.9400,299.9900
2019-10-22,SPY,300.5800,300.9000,298.9100,299.0100
2019-10-23,SPY,298.7300,299.9400,298.5000,299.8800
2019-10-24,SPY,300.9100,301.0700,299.4600,300.3700
2019-10-25,SPY,299.7400,302.2000,299.6800,301.6000
2019-10-28,SPY,302.9400,303.8500,302.9100,303.3000
2019-10-29,SPY,303.0000,304.2300,302.8600,303.2100
2019-10-30,SPY,303.4300,304.5500,301.9900,304.1400
2019-10-31,SPY,304.1300,304.1300,301.7300,303.3300
2019-11-01,SPY,304.9200,306.1900,304.7400,306.1400
2019-11-04,SPY,307.8500,308.0000,306.9600,307.3700
2019-11-05,SPY,307.5900,307.9200,306.7100,307.0300
2019-11-06,SPY,307.0300,307.4000,306.0600,307.1000
2019-11-07,SPY,308.5700,309.6500,307.6600,308.1800
2019-11-08,SPY,307.8000,309.0000,307.0300,308.9400
2019-11-11,SPY,307.4200,308.5400,307.2700,308.3500
2019-11-12,SPY,308.7500,309.9900,308.1500,309.0000
2019-11-13,SPY,307.9100,309.5400,307.6600,309.1000
2019-11-14,SPY,308.7900,309.6400,308.0900,309.5500
2019-11-15,SPY,311.0200,311.8400,310.2600,311.7900
2019-11-18,SPY,311.5300,312.2800,311.0300,312.0200
2019-11-19,SPY,312.6800,312.6900,311.2200,311.9300
2019-11-20,SPY,311.2800,311.8500,309.0600,310.7700
2019-11-21,SPY,310.8900,311.0100,309.3900,310.2700
2019-11-22,SPY,311.0900,311.2400,309.8500,310.9600
2019-11-25,SPY,311.9800,313.3700,311.9800,313.3700
2019-11-26,SPY,313.4100,314.2800,313.0600,314.0800
2019-11-27,SPY,314.6100,315.4800,314.3700,315.4800
2019-11-29,SPY,314.8600,315.1300,314.0600,314.3100
2019-12-02,SPY,314.5900,314.6600,311.1700,311.6400
2019-12-03,SPY,308.6500,309.6400,307.1300,309.5500
2019-12-04,SPY,310.7000,312.1200,310.3200,311.4600
2019-12-05,SPY,312.2300,312.2500,310.5800,312.0200
2019-12-06,SPY,314.1200,315.3100,314.1100,314.8700
2019-12-09,SPY,314.4400,315.1800,313.8000,313.8800
2019-12-10,SPY,313.8200,314.5500,312.8100,313.5300
2019-12-11,SPY,314.0300,314.7000,313.4400,314.4200
2019-12-12,SPY,314.4300,317.9900,314.1700,317.1300
2019-12-13,SPY,316.8700,318.6700,316.0200,317.3200
2019-12-16,SPY,319.2200,320.1500,317.2500,319.5000
2019-12-17,SPY,319.9200,320.2500,319.4800,319.5700
2019-12-18,SPY,320.0000,320.2500,319.5300,319.5900
2019-12-19,SPY,319.8000,320.9800,319.5200,320.9000
2019-12-20,SPY,320.4600,321.9700,319.3900,320.7300
2019-12-23,SPY,321.5900,321.6500,321.0600,321.2200
2019-12-24,SPY,321.4700,321.5200,320.9000,321.2300
2019-12-26,SPY,321.6500,322.9500,321.6400,322.9400
2019-12-27,SPY,323.7400,323.8000,322.2800,322.8600
2019-12-30,SPY,322.9500,323.1000,320.5500,321.0800
2019-12-31,SPY,320.5300,322.1300,320.1500,321.8600
2020-01-02,SPY,323.5400,324.8900,322.5300,324.8700
2020-01-03,SPY,321.1600,323.6400,321.1000,322.4100
2020-01-06,SPY,320.4900,323.7300,320.3600,323.6400
2020-01-07,SPY,323.0200,323.5400,322.2400,322.7300
2020-01-08,SPY,322.9400,325.7800,322.6700,324.4500
2020-01-09,SPY,326.1600,326.7300,325.5200,326.6500
2020-01-10,SPY,327.2900,327.4600,325.2000,325.7100
2020-01-13,SPY,326.3900,327.9600,325.9200,327.9500
2020-01-14,SPY,327.4700,328.6200,326.8400,327.4500
2020-01-15,SPY,327.3500,329.0200,327.2600,328.1900
2020-01-16,SPY,329.7000,330.9200,329.4500,330.9200
2020-01-17,SPY,331.7000,332.1800,330.8500,331.9500
2020-01-21,SPY,330.9000,332.1800,330.8200,331.3000
2020-01-22,SPY,332.2400,332.9500,331.1700,331.3400
2020-01-23,SPY,330.6300,332.1700,329.4100,331.7200
2020-01-24,SPY,332.4400,332.5300,327.3600,328.7700
2020-01-27,SPY,323.0300,325.1200,322.6600,323.5000
2020-01-28,SPY,325.0600,327.8500,323.6000,326.8900
2020-01-29,SPY,328.3800,328.6300,326.4000,326.6200
2020-01-30,SPY,324.3600,327.9100,323.5400,327.6800
2020-01-31,SPY,327.0000,327.1700,320.7300,321.7300
2020-02-03,SPY,323.3500,326.1600,323.2200,324.1200
2020-02-04,SPY,328.0700,330.0100,327.7200,329.0600
2020-02-05,SPY,332.2700,333.0900,330.6700,332.8600
2020-02-06,SPY,333.9100,334.1900,332.8000,333.9800
2020-02-07,SPY,332.8200,333.9900,331.6000,332.2000
2020-02-10,SPY,331.2300,334.7500,331.1900,334.6800
2020-02-11,SPY,336.1600,337.0200,334.6800,335.2600
2020-02-12,SPY,336.8300,337.6500,336.4300,337.4200
2020-02-13,SPY,335.8600,338.1200,335.5600,337.0600
2020-02-14,SPY,337.5100,337.7300,336.2000,337.6000
2020-02-17,SPY,337.6000,337.6000,337.6000,337.6000
2020-02-18,SPY,336.5100,337.6700,335.2100,336.7300
2020-02-19,SPY,337.7900,339.0800,337.4800,338.3400
2020-02-20,SPY,337.7400,338.6400,333.6800,336.9500
2020-02-21,SPY,335.4700,335.8100,332.5800,333.4800
2020-02-24,SPY,323.1400,333.5600,321.2400,322.4200
2020-02-25,SPY,323.9400,324.6100,311.6900,312.6500
2020-02-26,SPY,314.1800,318.1100,310.7000,311.5000
2020-02-27,SPY,305.4600,311.5600,297.5100,297.5100
2020-02-28,SPY,288.7000,297.8900,285.5400,296.2600
2020-03-02,SPY,298.2100,309.1600,294.4600,309.0900
2020-03-03,SPY,309.5000,313.8400,297.5700,300.2400
2020-03-04,SPY,306.1200,313.1000,303.3300,312.8600
2020-03-05,SPY,304.9800,308.4700,300.0100,302.4600
2020-03-06,SPY,293.1500,298.7800,290.2300,297.4600
2020-03-09,SPY,275.3000,284.1900,273.4500,274.2300
2020-03-10,SPY,284.6400,288.5200,273.5000,288.4200
2020-03-11,SPY,280.7000,281.9400,270.8800,274.3600
2020-03-12,SPY,256.0000,266.6600,247.6800,248.1100
2020-03-13,SPY,263.0900,271.4800,248.5200,269.3200
2020-03-16,SPY,241.1800,256.9000,237.3600,239.8500
2020-03-17,SPY,245.0400,256.1700,237.0700,252.8000
2020-03-18,SPY,236.2500,248.3700,228.0200,240.0000
2020-03-19,SPY,239.2500,247.3800,232.2200,240.5100
2020-03-20,SPY,242.5300,244.4700,228.5000,228.8000
2020-03-23,SPY,228.1900,229.6800,218.2600,222.9500
2020-03-24,SPY,234.4200,244.1000,233.8000,243.1500
2020-03-25,SPY,244.8700,256.3500,239.7500,246.7900
2020-03-26,SPY,249.5200,262.8000,249.0500,261.2000
2020-03-27,SPY,253.2700,260.8100,251.0500,253.4200
2020-03-30,SPY,255.7000,262.4300,253.5300,261.6500
2020-03-31,SPY,260.5600,263.3300,256.2200,257.7500
2020-04-01,SPY,247.9800,257.6600,243.9000,246.1500
2020-04-02,SPY,245.1900,252.6800,244.5900,251.8300
2020-04-03,SPY,250.7600,253.3200,245.2200,248.1900
2020-04-06,SPY,257.8400,267.0000,248.1700,264.8600
2020-04-07,SPY,274.2100,275.0300,264.8900,265.1300
2020-04-08,SPY,267.9600,276.0000,265.2500,274.0300
2020-04-09,SPY,277.5800,281.2000,275.4700,278.2000
2020-04-13,SPY,277.1400,277.5100,271.4100,275.6600
2020-04-14,SPY,280.9800,284.9000,275.5100,283.7900
2020-04-15,SPY,277.5700,283.9400,275.4600,277.7600
2020-04-16,SPY,279.1500,280.0300,275.7600,279.1000
2020-04-17,SPY,285.3800,287.3000,282.4000,286.6400
2020-04-20,SPY,282.6100,286.7900,281.3500,281.5900
2020-04-21,SPY,276.7300,278.0400,272.0200,273.0400
2020-04-22,SPY,278.3500,281.0000,276.9100,279.1000
2020-04-23,SPY,280.4900,283.9400,278.7500,279.0800
2020-04-24,SPY,280.7300,283.7000,278.5000,282.9700
2020-04-27,SPY,285.1200,288.2700,284.6200,287.0500
2020-04-28,SPY,291.0200,291.4000,285.4000,285.7300
2020-04-29,SPY,291.5300,294.8800,290.4100,293.2100
2020-04-30,SPY,291.7100,293.3200,288.5900,290.4800
2020-05-01,SPY,285.3100,290.6600,281.5200,282.7900
2020-05-04,SPY,280.7400,283.9000,279.1300,283.5700
2020-05-05,SPY,286.6400,289.2500,283.7100,286.1900
2020-05-06,SPY,288.0400,288.4600,283.7800,284.2500
2020-05-07,SPY,287.7500,289.7800,287.1300,287.6800
2020-05-08,SPY,291.0900,292.9500,289.8600,292.4400
2020-05-11,SPY,290.3400,294.0000,289.8800,292.5000
2020-05-12,SPY,293.7900,294.2400,286.5200,286.6700
2020-05-13,SPY,286.0600,287.1900,278.9600,281.6000
2020-05-14,SPY,278.9500,285.1100,272.9900,284.9700
2020-05-15,SPY,282.3700,286.3300,281.3400,286.2800
2020-05-18,SPY,293.0500,296.7500,292.7000,295.0000
2020-05-19,SPY,294.3500,296.2100,291.9500,291.9700
2020-05-20,SPY,295.8200,297.8700,295.5700,296.9300
2020-05-21,SPY,296.7900,297.6700,293.6900,294.8800
2020-05-22,SPY,294.5700,295.6300,293.2200,295.4400
2020-05-26,SPY,301.9300,302.1900,295.4600,299.0800
2020-05-27,SPY,302.1200,303.5700,296.8700,303.5300
2020-05-28,SPY,304.6500,306.8400,302.2400,302.9700
2020-05-29,SPY,302.4600,304.9600,299.4700,304.3200
2020-06-01,SPY,303.6200,306.2100,303.0600,305.5500
2020-06-02,SPY,306.5500,308.1300,305.1000,308.0800
2020-06-03,SPY,310.2400,313.2200,309.9400,312.1800
2020-06-04,SPY,311.1100,313.0000,309.0800,311.3600
2020-06-05,SPY,317.2300,321.2700,317.1600,319.3400
2020-06-08,SPY,320.2200,323.4100,319.6300,323.2000
2020-06-09,SPY,320.3000,323.2800,319.3600,320.7900
2020-06-10,SPY,321.4200,322.3900,318.2200,319.0000
2020-06-11,SPY,311.4600,312.1500,300.0100,300.6100
2020-06-12,SPY,308.2400,309.0800,298.6000,304.2100
2020-06-15,SPY,298.0200,308.2800,296.7400,307.0500
2020-06-16,SPY,315.4800,315.6400,307.6700,312.9600
2020-06-17,SPY,314.0700,314.3900,310.8600,311.6600
2020-06-18,SPY,310.0100,312.3000,309.5100,311.7800
2020-06-19,SPY,314.1700,314.3800,306.5300,308.6400
2020-06-22,SPY,307.9900,311.0500,306.7500,310.6200
2020-06-23,SPY,313.4900,314.5000,311.6100,312.0500
2020-06-24,SPY,309.8400,310.5100,302.1000,304.0900
2020-06-25,SPY,303.4700,307.6400,301.2800,307.3500
2020-06-26,SPY,306.1600,306.3900,299.4200,300.0500
2020-06-29,SPY,301.4100,304.6100,298.9300,304.4600
2020-06-30,SPY,303.9900,310.2000,303.8200,308.3600
2020-07-01,SPY,309.5700,311.8900,309.0700,310.5200
2020-07-02,SPY,314.2400,315.7000,311.5100,312.2300
2020-07-06,SPY,316.3700,317.6800,315.5600,317.0500
2020-07-07,SPY,315.3800,317.5200,313.3700,313.7800
2020-07-08,SPY,314.6100,316.3000,312.7000,316.1800
2020-07-09,SPY,316.8400,317.1000,310.6800,314.3800
2020-07-10,SPY,314.3100,317.8800,312.7600,317.5900
2020-07-13,SPY,320.1300,322.7100,314.1300,314.8400
2020-07-14,SPY,313.3000,319.7600,312.0000,318.9200
2020-07-15,SPY,322.4100,323.0400,319.2700,321.8500
2020-07-16,SPY,319.7900,321.2800,319.0900,320.7900
2020-07-17,SPY,321.8800,322.5700,319.7400,321.7200
2020-07-20,SPY,321.4300,325.1300,320.6200,324.3200
2020-07-21,SPY,326.4500,326.9300,323.9400,325.0100
2020-07-22,SPY,324.6200,327.2000,324.5000,326.8600
2020-07-23,SPY,326.4700,327.2300,321.4800,322.9600
2020-07-24,SPY,320.9500,321.9900,319.2500,320.8800
2020-07-27,SPY,321.6300,323.4100,320.7700,323.2200
2020-07-28,SPY,322.4300,323.6400,320.8500,321.1700
2020-07-29,SPY,322.1200,325.7300,322.0800,325.1200
2020-07-30,SPY,321.9000,324.4100,319.6400,323.9600
2020-07-31,SPY,325.9000,326.6300,321.3300,326.5200
2020-08-03,SPY,328.3200,329.6200,327.7300,328.7900
2020-08-04,SPY,327.8600,330.0600,327.8600,330.0600
2020-08-05,SPY,331.4700,332.3900,331.1800,332.1100
2020-08-06,SPY,331.4800,334.4600,331.1300,334.3300
2020-08-07,SPY,333.2800,334.8800,332.3000,334.5700
2020-08-10,SPY,335.0600,335.7700,332.9600,335.5700
2020-08-11,SPY,336.8500,337.5400,332.0100,332.8000
2020-08-12,SPY,335.4400,338.2800,332.8400,337.4400
2020-08-13,SPY,336.6100,338.2500,335.8300,336.8300
2020-08-14,SPY,336.4100,337.4200,335.6200,336.8400
2020-08-17,SPY,337.9400,338.3400,336.8500,337.9100
2020-08-18,SPY,338.3400,339.1000,336.6100,338.6400
2020-08-19,SPY,339.0500,339.6100,336.6200,337.2300
2020-08-20,SPY,335.3600,338.8000,335.2200,338.2800
2020-08-21,SPY,337.9200,339.7200,337.5500,339.4800
2020-08-24,SPY,342.1200,343.0000,339.4500,342.9200
2020-08-25,SPY,343.5300,344.2100,342.2700,344.1200
2020-08-26,SPY,344.7600,347.8600,344.1700,347.5700
2020-08-27,SPY,348.5100,349.9000,346.5300,348.3300
2020-08-28,SPY,349.4400,350.7200,348.1500,350.5800
2020-08-31,SPY,350.3500,351.3000,349.0600,349.3100
2020-09-01,SPY,350.2100,352.7100,349.2400,352.6000
2020-09-02,SPY,354.6700,358.7500,353.4300,357.7000
2020-09-03,SPY,355.8700,356.3800,342.5900,345.3900
2020-09-04,SPY,346.1300,347.8300,334.8700,342.5700
2020-09-08,SPY,336.7100,342.6400,332.8800,333.2100
2020-09-09,SPY,337.5500,342.4600,336.6100,339.7900
2020-09-10,SPY,341.8200,342.5300,332.8500,333.8900
2020-09-11,SPY,335.8200,336.9700,331.0000,334.0600
2020-09-14,SPY,337.4900,340.3800,334.2200,338.4600
2020-09-15,SPY,341.1200,342.0200,338.4700,340.1700
2020-09-16,SPY,341.5100,343.0600,338.5200,338.8200
2020-09-17,SPY,333.5600,337.7000,332.9900,335.8400
2020-09-18,SPY,335.3700,335.4900,327.9700,330.6500
2020-09-21,SPY,325.7000,327.1300,321.7300,326.9700
2020-09-22,SPY,328.5700,330.9000,325.8600,330.3000
2020-09-23,SPY,330.9000,331.2000,322.1000,322.6400
2020-09-24,SPY,321.2200,326.8000,319.8000,323.5000
2020-09-25,SPY,322.5800,329.5800,321.6400,328.7300
2020-09-28,SPY,333.2200,334.9600,332.1500,334.1900
2020-09-29,SPY,333.9700,334.7700,331.6200,332.3700
2020-09-30,SPY,333.0900,338.2900,332.8800,334.8900
2020-10-01,SPY,337.6900,338.7400,335.0100,337.0400
2020-10-02,SPY,331.7000,337.0100,331.1900,333.8400
2020-10-05,SPY,336.0600,339.9600,336.0100,339.7600
2020-10-06,SPY,339.9100,342.1700,334.3800,334.9300
2020-10-07,SPY,338.1200,341.6300,338.0900,340.7600
2020-10-08,SPY,342.8500,343.8500,341.8600,343.7800
2020-10-09,SPY,345.5600,347.3500,344.8900,346.8500
2020-10-12,SPY,349.5900,354.0200,349.0600,352.4300
2020-10-13,SPY,352.2800,352.4700,349.0900,350.1300
2020-10-14,SPY,350.7500,351.9300,347.1400,347.9300
2020-10-15,SPY,343.7100,348.0200,343.1300,347.5000
2020-10-16,SPY,348.9600,350.7500,347.1000,347.2900
2020-10-19,SPY,348.6500,349.3300,341.0400,342.0100
2020-10-20,SPY,343.4600,346.8800,342.6400,343.3800
2020-10-21,SPY,343.3300,348.6800,342.4000,342.7300
2020-10-22,SPY,342.9600,345.2400,340.6500,344.6100
2020-10-23,SPY,345.9300,345.9900,343.1300,345.7800
2020-10-26,SPY,342.1300,342.9800,335.6200,339.3900
2020-10-27,SPY,339.7600,340.1200,337.9900,338.2200
2020-10-28,SPY,332.1000,338.2500,326.1300,326.6600
2020-10-29,SPY,326.9100,333.4000,325.0900,329.9800
2020-10-30,SPY,328.2800,329.6900,322.6000,326.5400
2020-11-02,SPY,330.2000,332.3600,327.2400,330.2000
2020-11-03,SPY,333.6900,338.2500,330.2900,336.0300
2020-11-04,SPY,340.8600,347.9400,339.5900,343.5400
2020-11-05,SPY,349.2400,352.1900,348.8600,350.2400
2020-11-06,SPY,349.9300,351.5100,347.6500,350.1600
2020-11-09,SPY,363.9700,364.3800,354.0600,354.5600
2020-11-10,SPY,353.4900,355.1800,350.5100,354.0400
2020-11-11,SPY,356.4000,357.5600,355.0600,356.6700
2020-11-12,SPY,355.5800,356.7200,351.2600,353.2100
2020-11-13,SPY,355.2700,358.9000,354.7100,358.1000
2020-11-16,SPY,360.9800,362.7800,359.5900,362.5700
2020-11-17,SPY,359.9700,361.9200,358.3400,360.6200
2020-11-18,SPY,360.9100,361.5000,356.2400,356.2800
2020-11-19,SPY,355.6000,358.1800,354.1500,357.7800
2020-11-20,SPY,357.5000,357.7200,355.2500,355.3300
2020-11-23,SPY,357.2800,358.8200,354.8700,357.4600
2020-11-24,SPY,360.2100,363.8100,359.2900,363.2200
2020-11-25,SPY,363.1300,363.1600,361.4800,362.6600
2020-11-27,SPY,363.8400,364.1800,362.5800,363.6700
2020-11-30,SPY,362.8300,363.1200,359.1700,362.0600
2020-12-01,SPY,365.5700,367.6800,364.9300,366.0200
2020-12-02,SPY,364.8200,366.9600,364.2000,366.7900
2020-12-03,SPY,366.6800,368.1900,365.5000,366.6900
2020-12-04,SPY,367.3200,369.8500,367.2200,369.8500
2020-12-07,SPY,369.0200,369.6200,367.7200,369.0900
2020-12-08,SPY,367.7200,370.7800,367.6700,370.1700
2020-12-09,SPY,370.8800,371.0500,365.9500,366.8500
2020-12-10,SPY,365.3700,367.8600,364.4300,366.7300
2020-12-11,SPY,364.9000,366.7402,363.2600,366.3000
2020-12-14,SPY,368.6400,369.8000,364.4700,364.6600
2020-12-15,SPY,367.4000,369.5900,365.9200,369.5900
2020-12-16,SPY,369.8200,371.1600,368.8676,370.1700
2020-12-17,SPY,371.9400,372.4600,371.0500,372.2400
2020-12-18,SPY,370.9700,371.1500,367.0200,369.1800
2020-12-21,SPY,364.9700,378.4600,362.0300,367.8600
2020-12-22,SPY,368.2100,368.3317,366.0300,367.2400
2020-12-23,SPY,368.2800,369.6200,367.2172,367.5700
2020-12-24,SPY,368.0800,369.0300,367.4500,369.0000
2020-12-28,SPY,371.7400,372.5900,371.0700,372.1700
2020-12-29,SPY,373.8100,374.0000,370.8300,371.4600
2020-12-30,SPY,372.3400,373.1000,371.5700,371.9900
2020-12-31,SPY,371.7800,374.6600,371.2320,373.8800
2021-01-04,SPY,375.3100,375.4500,364.8200,368.7900
2021-01-05,SPY,368.1000,372.5000,368.0500,371.3300
2021-01-06,SPY,369.7100,376.9800,369.1200,373.5500
2021-01-07,SPY,376.1000,379.9000,375.9100,379.1000
2021-01-08,SPY,380.5900,381.4900,377.1000,381.2600
2021-01-11,SPY,377.8500,380.5800,377.7189,378.6900
2021-01-12,SPY,378.8900,379.8600,376.3600,378.7700
2021-01-13,SPY,378.6900,380.8600,377.8500,379.7900
2021-01-14,SPY,380.5900,381.1300,378.1000,378.4600
2021-01-15,SPY,376.7200,377.5800,373.7000,375.7000
2021-01-19,SPY,378.3400,379.2300,376.7500,378.6500
2021-01-20,SPY,381.1100,384.7900,380.6900,383.8900
2021-01-21,SPY,384.4900,384.9500,383.2500,384.2400
2021-01-22,SPY,382.2500,384.1256,381.8350,382.8800
2021-01-25,SPY,383.6700,384.7700,378.4600,384.3900
2021-01-26,SPY,385.4100,385.8500,383.5400,383.7900
2021-01-27,SPY,380.2200,380.3200,372.0100,374.4100
2021-01-28,SPY,376.3600,381.9300,375.8900,377.6300
2021-01-29,SPY,375.6300,376.6700,368.2700,370.0700
2021-02-01,SPY,373.7200,377.3400,370.3760,376.2300
2021-02-02,SPY,379.6500,383.2200,376.3181,381.5500
2021-02-03,SPY,382.4350,383.7000,380.4800,381.8500
2021-02-04,SPY,382.9600,386.2400,381.9655,386.1900
2021-02-05,SPY,388.2000,388.4700,386.1444,387.7100
2021-02-08,SPY,389.2700,390.5600,388.3500,390.5100
2021-02-09,SPY,389.6100,390.8900,389.1700,390.2500
2021-02-10,SPY,392.1200,392.2800,387.5000,390.0800
2021-02-11,SPY,391.2400,391.6900,388.1000,390.7100
2021-02-12,SPY,389.8500,392.9000,389.7700,392.6400
2021-02-16,SPY,393.9600,394.1700,391.5300,392.3000
2021-02-17,SPY,390.4200,392.6600,389.3300,392.3900
2021-02-18,SPY,389.5900,391.5150,387.7400,390.7200
2021-02-19,SPY,392.0700,392.3800,389.5500,390.0300
2021-02-22,SPY,387.0600,389.6200,386.7400,387.0300
2021-02-23,SPY,384.6600,388.9450,380.2000,387.5000
2021-02-24,SPY,386.3300,392.2300,385.2700,391.7700
2021-02-25,SPY,390.4100,391.8800,380.7789,382.3300
2021-02-26,SPY,384.3500,385.5800,378.2300,380.3600
2021-03-01,SPY,385.5900,390.9200,380.5720,389.5800
2021-03-02,SPY,389.8200,390.0700,386.0000,386.5400
2021-03-03,SPY,385.7900,386.8300,381.3100,381.4200
2021-03-04,SPY,381.2200,384.0000,371.8800,376.7000
2021-03-05,SPY,380.4600,384.7600,372.6400,383.6300
2021-03-08,SPY,384.6600,387.6800,381.4200,381.7200
2021-03-09,SPY,385.8500,389.9100,381.7299,387.1700
2021-03-10,SPY,389.6900,391.4000,388.1702,389.5800
2021-03-11,SPY,392.2300,395.6500,391.7400,393.5300
2021-03-12,SPY,392.0700,394.2100,391.2000,394.0600
2021-03-15,SPY,394.3300,396.6850,392.0300,396.4100
2021-03-16,SPY,397.0700,397.8300,395.0800,395.9100
2021-03-17,SPY,394.5300,398.1200,393.3000,397.2600
2021-03-18,SPY,394.4750,396.7200,390.7500,391.4800
2021-03-19,SPY,389.8800,391.5690,387.1500,389.4800
2021-03-22,SPY,390.0300,394.0700,389.9700,392.5900
2021-03-23,SPY,391.9100,393.4600,388.6600,389.5000
2021-03-24,SPY,391.0000,392.7500,387.4700,387.5200
2021-03-25,SPY,385.9800,390.5500,383.9000,389.7000
2021-03-26,SPY,390.9300,396.4100,390.2900,395.9800
2021-03-29,SPY,394.4000,396.7500,392.8100,395.7800
2021-03-30,SPY,394.4200,395.4500,393.0200,394.7300
2021-03-31,SPY,395.3400,398.0000,395.3100,396.3300
2021-04-01,SPY,398.4000,400.6700,398.1800,400.6100
2021-04-05,SPY,403.4600,406.9400,403.3800,406.3600
2021-04-06,SPY,405.7600,407.2400,405.4000,406.1200
2021-04-07,SPY,405.9400,406.9600,405.4500,406.5900
2021-04-08,SPY,407.9300,408.5800,406.9300,408.5200
2021-04-09,SPY,408.3900,411.6700,408.2600,411.4900
2021-04-12,SPY,410.8500,411.9300,410.2000,411.6400
2021-04-13,SPY,411.5300,413.5290,411.1200,412.8600
2021-04-14,SPY,412.8300,413.9600,410.8700,411.4500
2021-04-15,SPY,413.7400,416.1600,413.6900,415.8700
2021-04-16,SPY,417.2500,417.9100,415.7300,417.2600
2021-04-19,SPY,416.2600,416.7400,413.7900,415.2100
2021-04-20,SPY,413.9100,415.0859,410.5900,412.1700
2021-04-21,SPY,411.5100,416.2900,411.3600,416.0700
2021-04-22,SPY,415.8900,416.7800,411.1300,412.2700
2021-04-23,SPY,412.8700,418.2500,412.7900,416.7400
2021-04-26,SPY,417.4400,418.2200,416.8111,417.6100
2021-04-27,SPY,417.9300,418.1400,416.3000,417.5200
2021-04-28,SPY,417.8100,419.0100,416.9000,417.4000
2021-04-29,SPY,420.3200,420.7200,416.4400,420.0600
2021-04-30,SPY,417.6300,418.5400,416.3400,417.3000
2021-05-03,SPY,419.4300,419.8400,417.6650,418.2000
2021-05-04,SPY,416.0700,416.6000,411.6700,415.6200
2021-05-05,SPY,417.3800,417.6300,415.1500,415.7500
2021-05-06,SPY,415.8300,419.2100,413.6750,419.0700
2021-05-07,SPY,419.8900,422.8150,419.1600,422.1200
2021-05-10,SPY,422.5000,422.7400,417.8100,417.9400
2021-05-11,SPY,413.1000,415.2700,410.0600,414.2100
2021-05-12,SPY,411.2300,412.5900,404.0000,405.4100
2021-05-13,SPY,407.0700,412.3500,407.0200,410.2800
2021-05-14,SPY,413.2100,417.4900,413.1800,416.5800
2021-05-17,SPY,415.3900,416.3900,413.3600,415.5200
2021-05-18,SPY,415.8000,416.0600,411.7700,411.9400
2021-05-19,SPY,406.9200,411.0500,405.3300,410.8600
2021-05-20,SPY,411.8000,416.6250,411.6700,415.2800
2021-05-21,SPY,416.8700,418.2000,414.4500,414.9400
2021-05-24,SPY,417.3400,420.3200,417.0800,419.1700
2021-05-25,SPY,420.3300,420.7100,417.6200,418.2400
2021-05-26,SPY,418.8700,419.6100,417.7600,419.0700
2021-05-27,SPY,420.1700,420.7200,418.9851,419.2900
2021-05-28,SPY,420.9700,421.2500,419.7900,420.0400
2021-06-01,SPY,422.5700,422.7200,419.2000,419.6700
2021-06-02,SPY,420.3700,421.2300,419.2900,420.3300
2021-06-03,SPY,417.8500,419.9900,416.2800,418.7700
2021-06-04,SPY,420.7500,422.9200,418.8422,422.6000
2021-06-07,SPY,422.5900,422.7800,421.1900,422.1900
2021-06-08,SPY,423.1100,423.2100,420.3200,422.2800
2021-06-09,SPY,423.1800,423.2600,421.4100,421.6500
2021-06-10,SPY,422.9600,424.6300,421.5500,423.6100
2021-06-11,SPY,424.2000,424.4300,422.8200,424.3100
2021-06-14,SPY,424.4300,425.3700,423.1000,425.2600
2021-06-15,SPY,425.4200,425.4600,423.5400,424.4800
2021-06-16,SPY,424.6300,424.8700,419.9200,422.1100
2021-06-17,SPY,421.6700,423.0200,419.3200,421.9700
2021-06-18,SPY,417.0900,417.8281,414.7000,414.9200
2021-06-21,SPY,416.8000,421.0600,415.9300,420.8600
2021-06-22,SPY,420.8500,424.0000,420.0800,423.1100
2021-06-23,SPY,423.1900,424.0500,422.5100,422.6000
2021-06-24,SPY,424.8900,425.5500,424.6200,425.1000
2021-06-25,SPY,425.9000,427.0943,425.5500,426.6100
2021-06-28,SPY,427.1700,427.6500,425.8900,427.4700
2021-06-29,SPY,427.8800,428.5600,427.1300,427.7000
2021-06-30,SPY,427.2100,428.7800,427.1800,428.0600
2021-07-01,SPY,428.8700,430.6000,428.8000,430.4300
2021-07-02,SPY,431.6700,434.1000,430.5218,433.7200
2021-07-06,SPY,433.7800,434.0100,430.0100,432.9300
2021-07-07,SPY,433.6600,434.7600,431.5100,434.4600
2021-07-08,SPY,428.7800,431.7300,427.5200,430.9200
2021-07-09,SPY,432.5300,435.8400,430.7140,435.5200
2021-07-12,SPY,435.4300,437.3500,434.9700,437.0800
2021-07-13,SPY,436.2400,437.8400,435.3100,435.5900
2021-07-14,SPY,437.4000,437.9200,434.9100,436.2400
2021-07-15,SPY,434.8100,435.5300,432.7200,434.7500
2021-07-16,SPY,436.0100,436.0600,430.9200,431.3400
2021-07-19,SPY,426.1900,431.4089,421.9700,424.9700
2021-07-20,SPY,425.6800,432.4200,424.8300,431.0600
2021-07-21,SPY,432.3400,434.7000,431.0111,434.5500
2021-07-22,SPY,434.7400,435.7200,433.6900,435.4600
2021-07-23,SPY,437.5200,440.3000,436.7900,439.9400
2021-07-26,SPY,439.3100,441.0300,439.2600,441.0200
2021-07-27,SPY,439.9100,439.9400,435.9900,439.0100
2021-07-28,SPY,439.6800,440.3000,437.3100,438.8300
2021-07-29,SPY,439.8150,441.8000,439.8100,440.6500
2021-07-30,SPY,437.9100,440.0600,437.7700,438.5100
2021-08-02,SPY,440.3400,440.9300,437.2100,437.5900
2021-08-03,SPY,438.4400,441.2800,436.1000,441.1500
2021-08-04,SPY,439.7800,441.1243,438.7300,438.9800
2021-08-05,SPY,440.2200,441.8500,439.8800,441.7600
2021-08-06,SPY,442.1000,442.9400,441.8000,442.4900
2021-08-09,SPY,442.4600,442.7950,441.3100,442.1300
2021-08-10,SPY,442.6100,443.4400,441.8800,442.6800
2021-08-11,SPY,443.8200,443.8820,442.6200,443.7800
2021-08-12,SPY,443.6200,445.2572,442.6600,445.1100
2021-08-13,SPY,445.5900,445.9400,445.0700,445.9200
2021-08-16,SPY,444.5300,447.1100,442.8700,446.9700
2021-08-17,SPY,444.2400,444.9600,440.8500,444.0400
2021-08-18,SPY,442.9600,444.6250,438.9200,439.1800
2021-08-19,SPY,436.2700,441.1400,436.1200,439.8600
2021-08-20,SPY,440.2300,443.7100,439.7100,443.3600
2021-08-23,SPY,445.1600,448.2300,443.4355,447.2600
2021-08-24,SPY,447.9700,448.5400,447.4200,447.9700
2021-08-25,SPY,448.1700,449.4570,447.7700,448.9100
2021-08-26,SPY,448.6100,448.8600,446.1600,446.2600
2021-08-27,SPY,447.1200,450.6500,447.0600,450.2500
2021-08-30,SPY,450.9700,453.0700,450.7100,452.2300
2021-08-31,SPY,452.1300,452.4900,450.9200,451.5600
2021-09-01,SPY,452.5600,453.1100,451.5450,451.8000
2021-09-02,SPY,453.3200,454.0500,451.9100,453.1900
2021-09-03,SPY,451.9800,453.6300,451.5500,453.0800
2021-09-07,SPY,452.7100,452.8100,450.7423,451.4600
2021-09-08,SPY,450.8900,451.6700,448.8600,450.9100
2021-09-09,SPY,450.7000,452.5700,448.7200,448.9800
2021-09-10,SPY,451.0400,451.4900,445.3100,445.4400
2021-09-13,SPY,448.6400,448.9200,444.1100,446.5800
2021-09-14,SPY,448.1200,448.3400,443.2200,444.1700
2021-09-15,SPY,444.6200,448.4100,443.4400,447.8800
2021-09-16,SPY,447.3200,448.3600,444.0200,447.1700
2021-09-17,SPY,444.9200,445.3700,441.0200,441.4000
2021-09-20,SPY,434.8800,436.5600,428.8600,434.0400
2021-09-21,SPY,436.5300,437.9100,433.0700,433.6300
2021-09-22,SPY,436.0500,440.0300,433.7470,437.8600
2021-09-23,SPY,439.8500,444.8900,439.6000,443.1800
2021-09-24,SPY,441.4400,444.6700,441.2100,443.9100
2021-09-27,SPY,442.8100,444.0500,441.9000,442.6400
2021-09-28,SPY,439.6900,440.0400,432.9400,433.7200
2021-09-29,SPY,435.1900,437.0400,433.8500,434.4500
2021-09-30,SPY,436.0200,436.7700,428.7800,429.1400
2021-10-01,SPY,430.9800,436.0329,427.2300,434.2400
2021-10-04,SPY,433.0000,433.9600,426.3600,428.6400
2021-10-05,SPY,430.2400,435.4900,429.3900,433.1000
2021-10-06,SPY,429.2700,435.1199,427.5400,434.9000
2021-10-07,SPY,438.3900,441.6800,438.2000,438.6600
2021-10-08,SPY,439.4800,439.8900,437.1900,437.8600
2021-10-11,SPY,437.1600,440.2600,434.6200,434.6900
2021-10-12,SPY,435.6700,436.1000,432.7800,433.6200
2021-10-13,SPY,434.7100,436.0500,431.5400,435.1800
2021-10-14,SPY,439.0800,442.6600,438.5800,442.5000
2021-10-15,SPY,444.7500,446.2600,444.0900,445.8700
2021-10-18,SPY,443.9700,447.5500,443.2700,447.1900
2021-10-19,SPY,448.9200,450.7100,448.2700,450.6400
2021-10-20,SPY,451.1300,452.7320,451.0100,452.4100
2021-10-21,SPY,451.7700,453.8290,451.3100,453.5900
2021-10-22,SPY,453.1300,454.6700,451.0500,453.1200
2021-10-25,SPY,454.2800,455.9000,452.3900,455.5500
2021-10-26,SPY,457.2000,458.4900,455.5600,455.9600
2021-10-27,SPY,456.4500,457.1600,453.8600,453.9400
2021-10-28,SPY,455.4600,458.4000,455.4500,458.3200
2021-10-29,SPY,455.8700,459.5600,455.5600,459.2500
2021-11-01,SPY,460.3000,460.7021,458.2000,460.0400
2021-11-02,SPY,460.2200,462.2300,460.0800,461.9000
2021-11-03,SPY,461.3000,465.1500,460.8300,464.7200
2021-11-04,SPY,465.3600,467.0000,464.9900,466.9100
2021-11-05,SPY,469.2800,470.6500,466.9200,468.5300
2021-11-08,SPY,469.7000,470.2300,468.2031,468.9300
2021-11-09,SPY,469.3200,469.5700,465.8800,467.3800
2021-11-10,SPY,465.5800,467.3800,462.0400,463.6200
2021-11-11,SPY,465.2100,465.2900,463.7500,463.7700
2021-11-12,SPY,465.1200,467.8600,464.1100,467.2700
2021-11-15,SPY,468.6400,468.8100,466.2300,467.4300
2021-11-16,SPY,467.1500,470.4850,467.0700,469.2800
2021-11-17,SPY,469.0000,469.1900,467.4800,468.1400
2021-11-18,SPY,469.2400,470.0100,466.3400,469.7300
2021-11-19,SPY,469.6100,470.9400,468.5000,468.8900
2021-11-22,SPY,470.8900,473.5400,467.3500,467.5700
2021-11-23,SPY,467.2200,469.0950,464.4500,468.1900
2021-11-24,SPY,466.0600,469.5700,465.1900,469.4400
2021-11-26,SPY,462.3400,463.9000,457.7700,458.9700
2021-11-29,SPY,464.0700,466.5600,461.7300,464.6000
2021-11-30,SPY,462.0000,464.0300,455.3000,455.5600
2021-12-01,SPY,461.6400,464.6700,450.2900,450.5000
2021-12-02,SPY,450.7300,459.0700,450.3100,457.4000
2021-12-03,SPY,459.1700,460.3000,448.9200,453.4200
2021-12-06,SPY,456.1300,460.7900,453.5600,458.7900
2021-12-07,SPY,464.4100,468.8800,458.6546,468.2800
2021-12-08,SPY,468.7000,470.0000,466.8300,469.5200
2021-12-09,SPY,468.1500,469.6291,466.1400,466.3500
2021-12-10,SPY,469.2300,470.9000,466.5100,470.7400
2021-12-13,SPY,470.1900,470.5600,466.2700,466.5700
2021-12-14,SPY,463.0900,465.7400,460.2500,463.3600
2021-12-15,SPY,463.4200,470.8600,460.7400,470.6000
2021-12-16,SPY,472.5700,472.8700,464.8000,466.4500
2021-12-17,SPY,461.5500,464.7400,458.0600,459.8700
2021-12-20,SPY,454.4800,455.4000,451.1400,454.9800
2021-12-21,SPY,458.6100,463.2100,456.3100,463.0600
2021-12-22,SPY,462.7900,467.8100,462.5800,467.6900
2021-12-23,SPY,468.7500,472.1900,468.6400,470.6000
2021-12-27,SPY,472.0600,477.3100,472.0100,477.2600
2021-12-28,SPY,477.7200,478.8100,476.0600,476.8700
2021-12-29,SPY,476.9800,478.5600,475.9200,477.4800
2021-12-30,SPY,477.9300,479.0000,475.6700,476.1600
2021-12-31,SPY,475.6400,476.8600,474.6700,474.9600
2022-01-03,SPY,476.3000,477.8500,473.8500,477.7100
2022-01-04,SPY,479.2200,479.9800,475.5800,477.5500
2022-01-05,SPY,477.1600,477.9800,468.2801,468.3800
2022-01-06,SPY,467.8900,470.8200,465.4300,467.9400
2022-01-07,SPY,467.9500,469.2000,464.6500,466.0900
2022-01-10,SPY,462.7000,465.7400,456.5973,465.5100
2022-01-11,SPY,465.2300,469.8500,462.0500,469.7500
2022-01-12,SPY,471.5900,473.2000,468.9400,471.0200
2022-01-13,SPY,472.1900,472.8800,463.4400,464.5300
2022-01-14,SPY,461.1900,465.0900,459.9000,464.7200
2022-01-18,SPY,459.7400,459.9600,455.3100,456.4900
2022-01-19,SPY,458.1300,459.6124,451.4600,451.7500
2022-01-20,SPY,453.7500,458.7400,444.5000,446.7500
2022-01-21,SPY,445.5600,448.0600,437.9500,437.9800
2022-01-24,SPY,432.0300,440.3800,420.7600,439.8400
2022-01-25,SPY,433.0600,439.7200,427.1500,434.4700
2022-01-26,SPY,440.7200,444.0400,428.8600,433.3800
2022-01-27,SPY,438.2600,441.5900,429.4500,431.2400
2022-01-28,SPY,432.6800,442.0000,427.8200,441.9500
2022-01-31,SPY,441.2400,450.2800,439.8100,449.9100
2022-02-01,SPY,450.6800,453.6300,446.9384,452.9500
2022-02-02,SPY,455.5000,458.1200,453.0500,457.3500
2022-02-03,SPY,450.9500,452.9700,445.7100,446.6000
2022-02-04,SPY,446.3500,452.7800,443.8300,448.7000
2022-02-07,SPY,449.5100,450.9900,445.8500,447.2600
2022-02-08,SPY,446.7300,451.9200,445.2200,450.9400
2022-02-09,SPY,455.2200,457.8800,455.0050,457.5400
2022-02-10,SPY,451.3400,457.7100,447.2000,449.3200
2022-02-11,SPY,449.4100,451.6050,438.9400,440.4600
2022-02-14,SPY,439.9200,441.6000,435.3400,439.0200
2022-02-15,SPY,443.7300,446.2800,443.1800,446.1000
2022-02-16,SPY,443.9300,448.0550,441.9400,446.6000
2022-02-17,SPY,443.2200,446.5652,436.4200,437.0600
2022-02-18,SPY,437.3300,438.6600,431.8200,434.2300
2022-02-22,SPY,431.8900,435.5000,425.8600,429.5700
2022-02-23,SPY,432.6600,433.2600,421.3500,421.9500
2022-02-24,SPY,411.0200,428.7600,410.6400,428.3000
2022-02-25,SPY,429.6100,437.8400,427.8600,437.7500
2022-02-28,SPY,432.0300,438.2000,430.7000,436.6300
2022-03-01,SPY,435.0400,437.1700,427.1100,429.9800
2022-03-02,SPY,432.3700,439.7200,431.5700,437.8900
2022-03-03,SPY,440.4700,441.1100,433.8000,435.7100
2022-03-04,SPY,431.7500,433.3700,427.8800,432.1700
2022-03-07,SPY,431.5500,432.3018,419.3600,419.4300
2022-03-08,SPY,419.6200,427.2100,415.1200,416.2500
2022-03-09,SPY,425.1400,429.5100,422.8200,427.4100
2022-03-10,SPY,422.5200,426.4300,420.4400,425.4800
2022-03-11,SPY,428.1200,428.7700,419.5300,420.0700
2022-03-14,SPY,420.8900,424.5500,415.7900,417.0000
2022-03-15,SPY,419.7700,426.8400,418.4200,426.1700
2022-03-16,SPY,429.8900,435.6800,424.8000,435.6200
2022-03-17,SPY,433.5900,441.0700,433.1900,441.0700
2022-03-18,SPY,438.0000,444.8600,437.2200,444.5200
2022-03-21,SPY,444.3400,446.4600,440.6800,444.3900
2022-03-22,SPY,445.8600,450.5800,445.8600,449.5900
2022-03-23,SPY,446.9100,448.4900,443.7100,443.8000
2022-03-24,SPY,445.9400,450.5000,444.7600,450.4900
2022-03-25,SPY,451.1600,452.9800,448.4300,452.6900
2022-03-28,SPY,452.0600,455.9100,450.0600,455.9100
2022-03-29,SPY,460.0200,462.0700,457.1800,461.5500
2022-03-30,SPY,460.3400,461.1950,456.4650,458.7000
2022-03-31,SPY,457.8900,458.7600,451.1600,451.6400
2022-04-01,SPY,453.3100,453.4600,449.1400,452.9200
2022-04-04,SPY,453.1300,456.9100,452.2600,456.8000
2022-04-05,SPY,455.2200,457.8300,449.8200,451.0300
2022-04-06,SPY,446.8900,448.9300,443.4700,446.5200
2022-04-07,SPY,445.5900,450.6900,443.5300,448.7700
2022-04-08,SPY,447.9700,450.6300,445.9400,447.5700
2022-04-11,SPY,444.1100,445.0000,439.3900,439.9200
2022-04-12,SPY,443.0800,445.7500,436.6501,438.2900
2022-04-13,SPY,438.0300,444.1100,437.8400,443.3100
2022-04-14,SPY,443.5500,444.7301,437.6800,437.7900
2022-04-18,SPY,436.8100,439.7500,435.6100,437.9700
2022-04-19,SPY,437.8600,445.8000,437.6800,445.0400
2022-04-20,SPY,446.9200,447.5700,443.4800,444.7100
2022-04-21,SPY,448.5400,450.0100,437.1000,438.0600
2022-04-22,SPY,436.9100,438.0825,425.4400,426.0400
2022-04-25,SPY,423.6700,428.6900,418.8400,428.5100
2022-04-26,SPY,425.8300,426.0400,416.0700,416.1000
2022-04-27,SPY,417.2400,422.9200,415.0100,417.2700
2022-04-28,SPY,422.2900,429.6400,417.6000,427.8100
2022-04-29,SPY,423.5900,425.8700,411.2100,412.0000
2022-05-02,SPY,412.0700,415.9200,405.0200,414.4800
2022-05-03,SPY,415.0100,418.9300,413.3600,416.3800
2022-05-04,SPY,417.0800,429.6600,413.7099,429.0600
2022-05-05,SPY,424.5500,425.0000,409.4400,413.8100
2022-05-06,SPY,411.1000,414.8000,405.7300,411.3400
2022-05-09,SPY,405.1000,406.4100,396.5000,398.1700
2022-05-10,SPY,404.4900,406.0800,394.8200,399.0900
2022-05-11,SPY,398.0700,404.0400,391.9600,392.7500
2022-05-12,SPY,389.3700,395.8000,385.1500,392.3400
2022-05-13,SPY,396.7100,403.1800,395.6100,401.7200
2022-05-16,SPY,399.9800,403.9700,397.6000,400.0900
2022-05-17,SPY,406.5300,408.5700,402.5824,408.3200
2022-05-18,SPY,403.5000,403.8000,390.5500,391.8600
2022-05-19,SPY,388.6200,394.1400,387.1100,389.4600
2022-05-20,SPY,393.2500,397.0300,380.5400,389.6300
2022-05-23,SPY,392.8300,397.7300,390.3800,396.9200
2022-05-24,SPY,392.5600,395.1500,386.9600,393.8900
2022-05-25,SPY,392.3100,399.4500,391.8900,397.3700
2022-05-26,SPY,398.6700,407.0400,398.4500,405.3100
2022-05-27,SPY,407.9100,415.3801,407.7000,415.2600
2022-05-31,SPY,413.5500,416.4600,410.0300,412.9300
2022-06-01,SPY,415.1700,416.2400,406.9300,409.5900
2022-06-02,SPY,409.4200,417.4400,407.0400,417.3900
2022-06-03,SPY,412.4000,414.0400,409.5100,410.5400
2022-06-06,SPY,414.7800,416.6090,410.5523,411.7900
2022-06-07,SPY,408.1000,416.2200,407.6100,415.7400
2022-06-08,SPY,413.9300,415.8200,410.3800,411.2200
2022-06-09,SPY,409.3400,411.7400,401.4400,401.4400
2022-06-10,SPY,394.8800,395.7777,389.7500,389.8000
2022-06-13,SPY,379.8500,381.8100,373.3000,375.0000
2022-06-14,SPY,376.8500,377.9400,370.5900,373.8700
2022-06-15,SPY,377.3600,383.9000,372.1200,379.2000
2022-06-16,SPY,370.5100,370.9400,364.0799,366.6500
2022-06-17,SPY,365.5100,369.3800,362.1700,365.8600
2022-06-21,SPY,371.8900,376.5250,371.8100,375.0700
2022-06-22,SPY,370.6200,378.7200,370.1800,374.3900
2022-06-23,SPY,376.6400,378.8300,372.8900,378.0600
2022-06-24,SPY,381.4000,390.0900,381.3650,390.0800
2022-06-27,SPY,391.0500,391.3600,387.4400,388.5900
2022-06-28,SPY,390.2300,393.1600,380.5300,380.6500
2022-06-29,SPY,381.2300,382.2700,378.4200,380.3400
2022-06-30,SPY,376.2400,380.6582,372.5600,377.2500
2022-07-01,SPY,376.5600,381.7000,373.8000,381.2400
2022-07-05,SPY,375.8800,381.9800,372.9000,381.9600
2022-07-06,SPY,382.1100,385.8700,379.6000,383.2500
2022-07-07,SPY,385.1200,389.8300,383.2670,388.9900
2022-07-08,SPY,387.2700,390.6400,385.6600,388.6700
2022-07-11,SPY,385.8500,386.8700,383.5000,384.2300
2022-07-12,SPY,383.6500,386.1600,378.9900,380.8300
2022-07-13,SPY,375.1000,381.9200,374.6580,378.8300
2022-07-14,SPY,373.6100,379.0498,371.0400,377.9100
2022-07-15,SPY,382.5500,385.2500,380.5400,385.1300
2022-07-18,SPY,388.3800,389.0900,380.6600,381.9500
2022-07-19,SPY,386.0800,392.8700,385.3900,392.2700
2022-07-20,SPY,392.4700,396.2600,391.0300,394.7700
2022-07-21,SPY,394.1600,398.8400,391.6300,398.7900
2022-07-22,SPY,398.9200,400.1800,392.7500,395.0900
2022-07-25,SPY,395.7500,396.4700,393.2100,395.5700
2022-07-26,SPY,393.8400,394.0600,389.9500,390.8900
2022-07-27,SPY,394.3600,402.8800,394.0500,401.0400
2022-07-28,SPY,401.8900,406.8000,398.1500,406.0700
2022-07-29,SPY,407.5800,413.0300,406.7700,411.9900
2022-08-02,SPY,409.1200,413.0000,406.8200,408.0600
2022-08-03,SPY,410.3000,415.6800,410.0000,414.4500
2022-08-04,SPY,414.3700,415.0900,412.4400,414.1700
2022-08-05,SPY,409.6600,414.1500,409.6000,413.4700
2022-08-08,SPY,415.2500,417.6200,411.8300,412.9900
2022-08-09,SPY,412.2200,412.7500,410.2200,411.3500
2022-08-10,SPY,418.7800,420.1400,416.7200,419.9900
2022-08-11,SPY,422.9900,424.9500,419.2100,419.9900
2022-08-12,SPY,422.0300,427.2100,421.0300,427.1000
2022-08-15,SPY,424.7650,429.4100,424.7100,428.8600
2022-08-16,SPY,427.7300,431.7300,426.8800,429.7000
2022-08-17,SPY,425.9100,429.5000,424.5400,426.6500
2022-08-18,SPY,426.8600,428.6100,425.5000,427.8900
2022-08-19,SPY,424.9800,425.2600,421.2200,422.1400
2022-08-22,SPY,417.0500,417.2300,412.4000,413.3500
2022-08-23,SPY,412.9000,415.4200,411.7700,412.3500
2022-08-24,SPY,412.1100,415.1101,411.3900,413.6700
2022-08-25,SPY,415.2400,419.5600,414.0900,419.5100
2022-08-26,SPY,419.3900,419.9600,405.2500,405.3100
2022-08-29,SPY,402.2000,405.8400,401.1999,402.6300
2022-08-30,SPY,403.8500,404.1000,396.0000,398.2100
2022-08-31,SPY,399.9300,401.2400,395.0400,395.1800
2022-09-01,SPY,392.8900,396.7800,390.0400,396.4200
2022-09-02,SPY,400.2800,401.5550,390.3300,392.2400
2022-09-06,SPY,393.1300,394.1200,388.4200,390.7600
2022-09-07,SPY,390.4300,398.5900,390.2000,397.7800
2022-09-08,SPY,395.3900,400.8600,394.1200,400.3800
2022-09-09,SPY,402.7400,407.5100,402.4600,406.6000
2022-09-12,SPY,408.7800,411.7300,408.4600,410.9700
2022-09-13,SPY,401.8300,403.1000,391.9200,393.1000
2022-09-14,SPY,394.4700,396.2000,391.1200,394.6000
2022-09-15,SPY,392.9600,395.9600,388.7800,390.1200
2022-09-16,SPY,384.1400,386.2500,382.1100,385.5600
2022-09-20,SPY,385.0600,386.1200,381.1950,384.0900
2022-09-21,SPY,386.1100,389.3100,377.3800,377.3900
2022-09-22,SPY,376.5800,378.3000,373.4400,374.2200
2022-09-23,SPY,370.5800,370.6200,363.2900,367.9500
2022-09-26,SPY,366.4100,370.2100,363.0299,364.3100
2022-09-27,SPY,368.0200,370.4000,360.8700,363.3800
2022-09-28,SPY,364.3800,372.3000,362.6000,370.5300
2022-09-29,SPY,366.8100,367.1100,359.7000,362.7900
2022-09-30,SPY,361.8000,365.9100,357.0400,357.1800
2022-10-03,SPY,361.0800,368.5500,359.2100,366.6100
2022-10-04,SPY,372.4000,378.0000,366.5677,377.9700
2022-10-05,SPY,373.3900,379.4600,370.9500,377.0900
2022-10-06,SPY,375.6200,378.7200,372.6800,373.2000
2022-10-07,SPY,368.9700,373.2933,360.9400,362.7900
2022-10-10,SPY,363.9600,364.2100,357.6700,360.0200
2022-10-11,SPY,358.2350,363.0300,355.7100,357.7400
2022-10-12,SPY,358.1700,359.8179,356.3000,356.5600
2022-10-13,SPY,349.2050,367.5100,348.1100,365.9700
2022-10-14,SPY,368.5500,370.2600,356.9600,357.6300
2022-10-17,SPY,364.0100,367.9799,357.2808,366.8200
2022-10-18,SPY,375.1300,375.4500,367.5200,371.1300
2022-10-19,SPY,368.9900,371.8500,365.5500,368.5000
2022-10-20,SPY,368.0300,372.6700,364.6100,365.4100
2022-10-21,SPY,365.1200,374.8000,363.5400,374.2900
2022-10-24,SPY,375.8900,380.0600,373.1100,378.8700
2022-10-25,SPY,378.7900,385.2500,378.6710,384.9200
2022-10-26,SPY,381.6200,387.5800,381.3500,382.0200
2022-10-27,SPY,383.0700,385.0000,379.3300,379.9800
2022-10-28,SPY,379.8700,389.5200,379.6800,389.0200
2022-10-31,SPY,386.4400,388.4000,385.2600,386.2100
2022-11-01,SPY,390.1400,390.3900,383.2900,384.5200
2022-11-02,SPY,383.9000,388.6300,374.7600,374.8700
2022-11-03,SPY,371.4650,374.2000,368.7900,371.0100
2022-11-04,SPY,377.0000,378.8700,370.0000,376.3500
2022-11-07,SPY,377.7100,380.5700,375.5300,379.9500
2022-11-08,SPY,381.1100,385.1200,377.7200,382.0000
2022-11-09,SPY,379.9300,381.1400,373.6100,374.1300
2022-11-10,SPY,388.0500,395.0400,385.6420,394.6900
2022-11-11,SPY,395.5900,399.3500,393.6100,398.5100
2022-11-14,SPY,396.6600,400.1799,394.8300,395.1200
2022-11-15,SPY,401.1500,402.3100,394.4900,398.4900
2022-11-16,SPY,396.7800,397.7800,394.7900,395.4500
2022-11-17,SPY,390.4600,394.9500,390.1400,394.2400
2022-11-18,SPY,397.7400,397.8100,393.0400,396.0300
2022-11-21,SPY,394.6400,395.8200,392.6600,394.5900
2022-11-22,SPY,396.6300,400.0700,395.1527,399.9000
2022-11-23,SPY,399.5500,402.9300,399.3100,402.4200
2022-11-25,SPY,401.8300,402.9100,401.5350,402.3300
2022-11-28,SPY,399.0900,400.8100,395.1100,395.9100
2022-11-29,SPY,396.0500,397.3000,393.3000,395.2300
2022-11-30,SPY,395.4900,407.6800,393.4800,407.6800
2022-12-01,SPY,408.7700,410.0000,404.7500,407.3800
2022-12-02,SPY,402.2500,407.8600,402.1400,406.9100
2022-12-05,SPY,403.9500,404.9300,398.1700,399.5900
2022-12-06,SPY,399.4200,399.9900,391.6400,393.8300
2022-12-07,SPY,392.9400,395.6400,391.9700,393.1600
2022-12-08,SPY,395.1400,397.3600,393.2684,396.2400
2022-12-09,SPY,394.9400,397.6200,393.1500,393.2800
2022-12-12,SPY,394.1100,398.9500,393.4120,398.9500
2022-12-13,SPY,410.2200,410.4900,399.0700,401.9700
2022-12-14,SPY,401.6100,405.5000,396.3100,399.4000
2022-12-15,SPY,394.3000,395.2500,387.8850,389.6300
2022-12-16,SPY,385.1800,386.5750,381.0400,383.2700
2022-12-19,SPY,383.4700,383.8200,378.2800,380.0200
2022-12-20,SPY,379.2300,382.2300,377.8500,380.5400
2022-12-21,SPY,383.2500,387.4100,382.6900,386.2300
2022-12-22,SPY,383.0500,386.2134,374.7700,380.7200
2022-12-23,SPY,379.6500,383.0600,378.0300,382.9100
2022-12-27,SPY,382.7900,383.1500,379.6500,381.4000
2022-12-28,SPY,381.3300,383.3900,376.4200,376.6600
2022-12-29,SPY,379.6300,384.3500,379.0800,383.4400
2022-12-30,SPY,380.6400,382.5800,378.4300,382.4300
2023-01-03,SPY,384.3700,386.4300,377.8310,380.8200
2023-01-04,SPY,383.1800,385.8800,380.0000,383.7600
2023-01-05,SPY,381.7200,381.8400,378.7600,379.3800
2023-01-06,SPY,382.6100,389.2500,379.4127,388.0800
2023-01-09,SPY,390.3700,393.7000,387.6700,387.8600
2023-01-10,SPY,387.2500,390.6500,386.2700,390.5800
2023-01-11,SPY,392.2300,395.6000,391.3800,395.5200
2023-01-12,SPY,396.6700,398.4850,392.4200,396.9600
2023-01-13,SPY,393.6200,399.1000,393.3400,398.5000
2023-01-17,SPY,398.4800,400.2300,397.0600,397.7700
2023-01-18,SPY,399.0100,400.1200,391.2800,391.4900
2023-01-19,SPY,389.3600,391.0800,387.2600,388.6400
2023-01-20,SPY,390.1000,396.0400,388.3800,395.8800
2023-01-23,SPY,396.7200,402.6450,395.7200,400.6300
2023-01-24,SPY,398.8800,401.1500,397.6400,400.2000
2023-01-25,SPY,395.9500,400.7000,393.5600,400.3500
2023-01-26,SPY,403.1300,404.9200,400.0300,404.7500
2023-01-27,SPY,403.6550,408.1600,403.4400,405.6800
2023-01-30,SPY,402.8000,405.1300,400.2800,400.5900
2023-01-31,SPY,401.1300,406.5300,400.7700,406.4800
2023-02-01,SPY,405.2110,413.6700,402.3500,410.8000
2023-02-02,SPY,414.8600,418.3100,412.8800,416.7800
2023-02-03,SPY,411.5900,416.9700,411.0900,412.3500
2023-02-06,SPY,409.7900,411.2900,408.1000,409.8300
2023-02-07,SPY,408.8700,416.4900,407.5700,415.1900
2023-02-08,SPY,413.1300,414.5300,409.9300,410.6500
2023-02-09,SPY,414.4100,414.5700,405.8100,407.0900
2023-02-10,SPY,405.8600,408.4400,405.0100,408.0400
2023-02-13,SPY,408.7200,412.9700,408.2400,412.8300
2023-02-14,SPY,411.2400,415.0500,408.5110,412.6400
2023-02-15,SPY,410.3500,414.0600,409.4700,413.9800
2023-02-16,SPY,408.7900,412.9100,408.1400,408.2800
2023-02-17,SPY,406.0600,407.5100,404.0500,407.2600
2023-02-21,SPY,403.0600,404.1600,398.8200,399.0900
2023-02-22,SPY,399.5200,401.1300,397.0200,398.5400
2023-02-23,SPY,401.5600,402.2000,396.2500,400.6600
2023-02-24,SPY,395.4200,397.2500,393.6400,396.3800
2023-02-27,SPY,399.8700,401.2900,396.7500,397.7300
2023-02-28,SPY,397.2300,399.2800,396.1500,396.2600
2023-03-01,SPY,395.4100,396.6900,393.3800,394.7400
2023-03-02,SPY,392.6800,398.6900,392.3300,397.8100
2023-03-03,SPY,399.7100,404.4500,399.0300,404.1900
2023-03-06,SPY,405.0500,407.4500,404.0100,404.4700
2023-03-07,SPY,404.4200,404.6700,397.6250,398.2700
2023-03-08,SPY,398.3900,399.7100,396.5900,398.9200
2023-03-09,SPY,399.7400,401.4800,390.5300,391.5600
2023-03-10,SPY,390.9900,393.1600,384.3200,385.9100
2023-03-13,SPY,381.8100,390.3900,380.6500,385.3600
2023-03-14,SPY,390.5000,393.4500,387.0500,391.7300
2023-03-15,SPY,385.8900,389.4900,383.7100,389.2800
2023-03-16,SPY,386.8200,396.4700,386.2900,396.1100
2023-03-17,SPY,393.2200,394.4000,388.5500,389.9900
2023-03-20,SPY,390.8000,394.1700,390.0700,393.7400
2023-03-21,SPY,397.2400,399.4100,395.5800,398.9100
2023-03-22,SPY,398.7300,402.4900,392.0700,392.1100
2023-03-23,SPY,395.0900,399.2900,390.3500,393.1700
2023-03-24,SPY,391.8410,395.8400,389.4000,395.7500
2023-03-27,SPY,398.1200,398.9200,395.5600,396.4900
2023-03-28,SPY,395.7700,396.4900,393.6900,395.6000
2023-03-29,SPY,399.9250,401.6000,398.6800,401.3500
2023-03-30,SPY,404.0900,404.3500,401.7600,403.7000
2023-03-31,SPY,404.6600,409.7000,404.5500,409.3900
2023-04-03,SPY,408.8500,411.3700,408.4400,410.9500
2023-04-04,SPY,411.6200,411.9200,407.2400,408.6700
2023-04-05,SPY,407.9100,408.7000,405.8800,407.6000
2023-04-06,SPY,406.7700,409.4800,405.6780,409.1900
2023-04-10,SPY,406.6100,409.6900,405.9700,409.6100
2023-04-11,SPY,410.2600,411.1800,408.9200,409.7200
2023-04-12,SPY,411.8700,412.1700,407.4400,408.0500
2023-04-13,SPY,409.1800,413.8400,407.9922,413.4700
2023-04-14,SPY,412.8100,415.0900,410.0600,412.4600
2023-04-17,SPY,412.3700,413.9600,411.0850,413.9400
2023-04-18,SPY,415.5800,415.7200,412.7802,414.2100
2023-04-19,SPY,412.2200,415.0800,412.1600,414.1400
2023-04-20,SPY,411.2100,413.7000,410.2700,411.8800
2023-04-21,SPY,412.1900,412.6800,410.1700,412.2000
2023-04-24,SPY,411.9900,413.0700,410.6000,412.6300
2023-04-25,SPY,410.5800,411.1600,406.0200,406.0800
2023-04-26,SPY,406.7200,407.8400,403.7800,404.3600
2023-04-27,SPY,407.0000,412.6900,406.7400,412.4100
2023-04-28,SPY,411.4900,415.9400,411.4300,415.9300
2023-05-01,SPY,415.4700,417.6200,415.2650,415.5100
2023-05-02,SPY,414.7700,414.8200,407.8200,410.8400
2023-05-03,SPY,411.3600,413.8700,407.7700,408.0200
2023-05-04,SPY,406.9300,407.2700,403.7400,405.1300
2023-05-05,SPY,408.9100,413.7200,408.6400,412.6300
2023-05-08,SPY,412.9700,413.2400,411.2800,412.7400
2023-05-09,SPY,411.1300,412.0900,410.6894,410.9300
2023-05-10,SPY,413.8800,414.5350,408.8700,412.8500
2023-05-11,SPY,411.9500,412.4300,409.9700,412.1300
2023-05-12,SPY,413.4200,413.6400,409.0700,411.5900
2023-05-15,SPY,412.2200,413.4300,410.2300,413.0100
2023-05-16,SPY,411.8600,412.8150,410.2400,410.2500
2023-05-17,SPY,412.3500,415.8550,410.6350,415.2300
2023-05-18,SPY,414.9000,419.6700,414.6700,419.2300
2023-05-19,SPY,420.1700,420.7200,417.3500,418.6200
2023-05-22,SPY,418.6400,420.3900,417.3500,418.7900
2023-05-23,SPY,417.0800,418.7220,413.6800,414.0900
2023-05-24,SPY,412.4200,412.8200,409.8795,411.0900
2023-05-25,SPY,414.7400,416.1600,412.4101,414.6500
2023-05-26,SPY,415.3300,420.7700,415.2500,420.0200
2023-05-30,SPY,422.0300,422.5800,418.7350,420.1800
2023-05-31,SPY,418.2800,419.2200,416.2200,417.8500
2023-06-01,SPY,418.0900,422.9200,416.7900,421.8200
2023-06-02,SPY,424.5000,428.7400,423.9500,427.9200
2023-06-05,SPY,428.2800,429.6700,426.3700,427.1000
2023-06-06,SPY,426.6700,428.5772,425.9900,428.0300
2023-06-07,SPY,428.4400,429.6200,426.1100,426.5500
2023-06-08,SPY,426.6200,429.6000,425.8200,429.1300
2023-06-09,SPY,429.9600,431.9900,428.8700,429.9000
2023-06-12,SPY,430.9200,433.8800,430.1700,433.8000
2023-06-13,SPY,435.3200,437.3300,434.6300,436.6600
2023-06-14,SPY,437.0100,439.0612,433.5900,437.1800
2023-06-15,SPY,436.3300,443.9000,436.2300,442.6000
2023-06-16,SPY,443.0200,443.6078,438.9700,439.4600
2023-06-20,SPY,437.4500,438.3700,435.0300,437.1800
2023-06-21,SPY,436.1600,436.9900,434.3300,434.9400
2023-06-22,SPY,433.9500,436.6200,433.6000,436.5100
2023-06-23,SPY,432.9300,435.0600,432.4700,433.2100
2023-06-26,SPY,432.6200,434.6100,431.1900,431.4400
2023-06-27,SPY,432.3500,436.8100,431.8800,436.1700
2023-06-28,SPY,435.0500,437.4400,434.4100,436.3900
2023-06-29,SPY,435.9600,438.2800,435.5400,438.1100
2023-06-30,SPY,441.4400,444.3000,441.1100,443.2800
2023-07-03,SPY,442.9200,444.0800,442.6300,443.7900
2023-07-05,SPY,441.9100,443.8890,441.9000,443.1300
2023-07-06,SPY,439.4200,440.1000,437.0600,439.6600
2023-07-07,SPY,438.6300,442.6400,438.3000,438.5500
2023-07-10,SPY,438.1800,439.8400,437.5850,439.6600
2023-07-11,SPY,440.4500,442.9700,439.4400,442.4600
2023-07-12,SPY,446.3900,447.4799,444.9100,446.0200
2023-07-13,SPY,447.9000,450.3800,447.4500,449.5600
2023-07-14,SPY,450.4750,451.3600,448.4900,449.2800
2023-07-17,SPY,449.1300,451.9300,449.0800,450.8400
2023-07-18,SPY,450.5000,454.8600,450.0484,454.1900
2023-07-19,SPY,455.0100,456.4300,454.1119,455.2000
2023-07-20,SPY,454.1700,455.1000,451.4400,452.1800
2023-07-21,SPY,453.9600,454.1650,452.1700,452.1800
2023-07-24,SPY,453.3700,455.0400,452.2980,454.2000
2023-07-25,SPY,453.9200,456.7350,453.8700,455.4400
2023-07-26,SPY,454.4700,456.9900,453.3800,455.5100
2023-07-27,SPY,459.0200,459.4400,451.5500,452.4900
2023-07-28,SPY,455.8800,457.7800,452.4918,456.9200
2023-07-31,SPY,457.4100,458.1600,456.0450,457.7900
2023-08-01,SPY,456.2700,457.2500,455.4900,456.4800
2023-08-02,SPY,453.2500,453.5200,449.3499,450.1300
2023-08-03,SPY,448.0400,450.7900,447.3700,448.8400
2023-08-04,SPY,450.7200,452.8950,446.2700,446.8100
2023-08-07,SPY,448.7100,450.8650,447.9900,450.7100
2023-08-08,SPY,448.0800,450.6952,445.2705,448.7500
2023-08-09,SPY,449.0300,449.1999,444.9600,445.7500
2023-08-10,SPY,448.1900,451.7000,444.7000,445.9100
2023-08-11,SPY,443.9700,446.7007,443.3450,445.6500
2023-08-14,SPY,444.7000,448.1100,444.3800,448.1100
2023-08-15,SPY,446.2700,446.6400,442.3000,442.8900
2023-08-16,SPY,442.4600,444.1800,439.5300,439.6400
2023-08-17,SPY,441.1600,441.4300,435.7500,436.2900
2023-08-18,SPY,433.3700,437.5700,433.0100,436.5000
2023-08-21,SPY,437.5500,440.1100,435.3200,439.3400
2023-08-22,SPY,441.1800,441.1800,437.5700,438.1500
2023-08-23,SPY,439.2500,443.6700,439.1000,443.0300
2023-08-24,SPY,444.6900,445.2200,436.8550,436.8900
2023-08-25,SPY,438.6800,441.3000,435.0000,439.9700
2023-08-28,SPY,442.2400,443.4000,439.9728,442.7600
2023-08-29,SPY,442.6500,449.4500,442.4600,449.1600
2023-08-30,SPY,449.5100,451.6700,448.7800,451.0100
2023-08-31,SPY,451.6500,452.8300,450.1600,450.3500
2023-09-01,SPY,453.1700,453.6700,449.6800,451.1900
2023-09-05,SPY,450.7300,451.0600,449.1700,449.2400
2023-09-06,SPY,448.4000,448.5100,443.8100,446.2200
2023-09-07,SPY,443.1100,445.5500,442.7500,444.8500
2023-09-08,SPY,444.9000,447.1100,444.5300,445.5200
2023-09-11,SPY,448.2400,448.7700,446.4699,448.4500
2023-09-12,SPY,446.9500,448.5300,445.3900,445.9900
2023-09-13,SPY,446.2200,447.7100,445.0793,446.5100
2023-09-14,SPY,449.0700,451.0800,447.7150,450.3600
2023-09-15,SPY,447.1400,447.4800,442.9200,443.3700
2023-09-18,SPY,443.0500,444.9700,442.5600,443.6300
2023-09-19,SPY,442.6800,443.2900,439.9400,442.7100
2023-09-20,SPY,444.0100,444.4350,438.4300,438.6400
2023-09-21,SPY,435.7000,435.9700,431.2300,431.3900
2023-09-22,SPY,432.4500,434.1000,429.9900,430.4200
2023-09-25,SPY,429.1700,432.2700,428.7200,432.2300
2023-09-26,SPY,429.0900,429.8200,425.0200,425.8800
2023-09-27,SPY,427.0900,427.6700,422.2900,426.0500
2023-09-28,SPY,425.4800,430.2499,424.8700,428.5200
2023-09-29,SPY,431.6700,431.8500,425.9100,427.4800
2023-10-02,SPY,426.6200,428.6000,424.4600,427.3100
2023-10-03,SPY,425.0600,427.3729,420.1800,421.5900
2023-10-04,SPY,422.0700,425.4299,420.5600,424.6600
2023-10-05,SPY,424.3600,425.3700,421.1701,424.5000
2023-10-06,SPY,421.9700,431.1250,420.6000,429.5400
2023-10-09,SPY,427.5800,432.8800,427.0101,432.2900
2023-10-10,SPY,432.9400,437.2200,432.5300,434.5400
2023-10-11,SPY,435.6400,436.5800,433.1800,436.3200
2023-10-12,SPY,436.9500,437.3350,431.2300,433.6600
2023-10-13,SPY,435.2100,436.4500,429.8800,431.5000
2023-10-16,SPY,433.8200,437.1400,433.5700,436.0400
2023-10-17,SPY,432.8100,438.1400,432.4500,436.0200
2023-10-18,SPY,434.1900,435.1800,429.0900,430.2100
2023-10-19,SPY,430.9500,432.8200,425.7250,426.4300
2023-10-20,SPY,425.9800,426.5400,421.0800,421.1900
2023-10-23,SPY,419.6100,424.4500,417.8000,420.4600
2023-10-24,SPY,422.6500,424.8200,420.7400,423.6300
2023-10-25,SPY,421.8900,421.9200,417.0150,417.5500
2023-10-26,SPY,416.4500,417.3250,411.6000,412.5500
2023-10-27,SPY,414.1900,414.6000,409.2100,410.6800
2023-10-30,SPY,413.5600,416.6800,408.9100,415.5900
2023-10-31,SPY,416.1800,418.5300,414.2100,418.2000
2023-11-01,SPY,419.2000,423.5000,418.6499,422.6600
2023-11-02,SPY,426.5800,430.9150,426.5600,430.7600
2023-11-03,SPY,433.1400,436.2900,433.0100,434.6900
2023-11-06,SPY,435.4700,436.1498,433.6800,435.6900
2023-11-07,SPY,435.6900,437.5850,434.5100,436.9300
2023-11-08,SPY,437.5500,438.0900,434.8700,437.2500
2023-11-09,SPY,438.4300,438.4700,433.4000,433.8400
2023-11-10,SPY,435.9800,440.9300,433.8335,440.6100
2023-11-13,SPY,439.2300,441.3300,438.4200,440.1900
2023-11-14,SPY,446.3200,450.0600,446.0900,448.7300
2023-11-15,SPY,450.1100,451.3800,448.8000,449.6800
2023-11-16,SPY,449.2200,450.5600,448.1200,450.2300
2023-11-17,SPY,450.2400,451.4200,449.2900,450.7900
2023-11-20,SPY,450.5300,455.1250,450.5200,454.2600
2023-11-21,SPY,453.1842,454.1310,451.9599,453.2700
2023-11-22,SPY,454.9800,456.3800,453.8895,455.0200
2023-11-24,SPY,455.0700,455.5000,454.7300,455.3000
2023-11-27,SPY,454.6500,455.4901,454.0799,454.4800
2023-11-28,SPY,454.0800,456.2700,453.5000,454.9300
2023-11-29,SPY,457.1500,458.3200,454.2000,454.6100
2023-11-30,SPY,455.4800,456.7600,453.3400,456.4000
2023-12-01,SPY,455.7700,459.6500,455.1600,459.1000
2023-12-04,SPY,455.6000,459.1206,454.3400,456.6900
2023-12-05,SPY,455.2600,457.5900,454.8700,456.6000
2023-12-06,SPY,458.8100,458.8400,454.3100,454.7600
2023-12-07,SPY,456.9100,458.9000,456.2900,458.2300
2023-12-08,SPY,457.4600,460.7450,457.2100,460.2000
2023-12-11,SPY,459.6900,462.1700,459.4700,461.9900
2023-12-12,SPY,461.6300,464.2000,460.6000,464.1000
2023-12-13,SPY,464.4900,470.7599,464.1200,470.5000
2023-12-14,SPY,472.5000,473.7300,469.2500,472.0100
2023-12-15,SPY,469.4900,470.7000,467.4263,469.3300
2023-12-18,SPY,470.9800,472.9800,469.8929,471.9700
2023-12-19,SPY,472.5300,474.9200,472.4500,474.8400
2023-12-20,SPY,473.9600,475.8950,467.8200,468.2600
2023-12-21,SPY,471.3300,472.9750,468.8400,472.7000
2023-12-22,SPY,473.8600,475.3800,471.7000,473.6500
2023-12-26,SPY,474.0700,476.5800,473.9900,475.6500
2023-12-27,SPY,475.4400,476.6600,474.8900,476.5100
2023-12-28,SPY,476.8800,477.5500,476.2600,476.6900
2023-12-29,SPY,476.4900,477.0300,473.3000,475.3100
2024-01-02,SPY,472.1600,473.6700,470.4900,472.6500
2024-01-03,SPY,470.4300,471.1900,468.1700,468.7900
2024-01-04,SPY,468.3000,470.9600,467.0500,467.2800
2024-01-05,SPY,467.4900,470.4400,466.4300,467.9200
2024-01-08,SPY,468.4300,474.7500,468.3000,474.6000
2024-01-09,SPY,471.8700,474.9300,471.3500,473.8800
2024-01-10,SPY,474.1600,477.4481,473.8700,476.5600
2024-01-11,SPY,477.5900,478.1200,472.2600,476.3500
2024-01-12,SPY,477.8400,478.6000,475.2300,476.6800
2024-01-16,SPY,475.2600,476.6098,473.0600,474.9300
2024-01-17,SPY,471.8200,472.7900,469.8700,472.2900
2024-01-18,SPY,474.0100,477.0600,472.4200,476.4900
2024-01-19,SPY,477.6500,482.7200,476.5374,482.4300
2024-01-22,SPY,484.0100,485.2200,482.7800,483.4500
2024-01-23,SPY,484.0100,485.1050,482.8900,484.8600
2024-01-24,SPY,487.8100,488.7700,484.8819,485.3900
2024-01-25,SPY,487.5750,488.3050,485.3900,488.0300
2024-01-26,SPY,487.5900,489.1200,486.5400,487.4100
2024-01-29,SPY,487.7300,491.4150,487.1700,491.2700
2024-01-30,SPY,490.5600,491.6200,490.1100,490.8900
2024-01-31,SPY,488.6200,489.0813,482.8600,482.8800
2024-02-01,SPY,484.6300,489.2300,483.8000,489.2000
2024-02-02,SPY,489.6500,496.0500,489.3000,494.3500
2024-02-05,SPY,493.6950,494.3778,490.2300,492.5500
2024-02-06,SPY,493.5200,494.3200,492.0500,493.9800
2024-02-07,SPY,496.2900,498.5300,495.3600,498.1000
2024-02-08,SPY,498.1000,498.7100,497.2600,498.3200
2024-02-09,SPY,498.8400,501.6500,498.4900,501.2000
2024-02-12,SPY,501.1700,503.5000,500.2400,500.9800
2024-02-13,SPY,494.5300,497.0900,490.7150,494.0800
2024-02-14,SPY,496.7900,499.0700,494.4000,498.5700
2024-02-15,SPY,499.2900,502.2000,498.7950,502.0100
2024-02-16,SPY,501.7000,502.8700,498.7500,499.5100
2024-02-20,SPY,497.7200,498.4100,494.4500,496.7600
2024-02-21,SPY,495.4200,497.3700,493.5600,497.2100
2024-02-22,SPY,504.0100,508.4900,503.0200,507.5000
2024-02-23,SPY,509.2700,510.1300,507.1000,507.8500
2024-02-26,SPY,508.3000,508.7500,505.8600,505.9900
2024-02-27,SPY,506.7000,507.1600,504.7500,506.9300
2024-02-28,SPY,505.3300,506.8550,504.9600,506.2600
2024-02-29,SPY,508.0700,509.7400,505.3500,508.0800
2024-03-01,SPY,508.9800,513.2900,508.5600,512.8500
2024-03-04,SPY,512.0300,514.2000,512.0000,512.3000
2024-03-05,SPY,510.2400,510.7000,504.9100,507.1800
2024-03-06,SPY,510.5500,512.0690,508.4200,509.7500
2024-03-07,SPY,513.1400,515.8900,509.8053,514.8100
2024-03-08,SPY,515.4600,518.2201,511.1300,511.7200
2024-03-11,SPY,510.4800,511.8800,508.5000,511.2800
2024-03-12,SPY,513.4500,517.3800,510.8600,516.7800
2024-03-13,SPY,517.1100,517.2900,514.4900,515.9700
2024-03-14,SPY,516.9700,517.1250,511.8200,514.9500
2024-03-15,SPY,510.2100,511.7000,508.1220,509.8300
2024-03-18,SPY,514.0000,515.4800,512.4400,512.8600
2024-03-19,SPY,512.1500,515.9950,511.1200,515.7100
2024-03-20,SPY,515.7700,520.6200,515.0800,520.4800
2024-03-21,SPY,523.3900,524.1100,521.9100,522.2000
2024-03-22,SPY,522.1100,522.6050,520.9700,521.2100
2024-03-25,SPY,519.8000,520.9500,519.6100,519.7700
2024-03-26,SPY,521.2300,521.5800,518.4000,518.8100
2024-03-27,SPY,521.7100,523.2100,519.4850,523.1700
2024-03-28,SPY,523.2100,524.6100,522.7800,523.0700
2024-04-01,SPY,523.8300,524.3800,520.9700,522.1600
2024-04-02,SPY,518.2400,518.9800,516.4800,518.8400
2024-04-03,SPY,517.7200,520.9500,517.6650,519.4100
2024-04-04,SPY,523.5200,523.8674,512.7550,513.0700
2024-04-05,SPY,514.4600,520.4400,514.0100,518.4300
2024-04-08,SPY,519.1500,520.1800,517.8900,518.7200
2024-04-09,SPY,520.5000,520.7500,514.3500,519.3200
2024-04-10,SPY,513.4800,516.1600,512.0900,514.1200
2024-04-11,SPY,515.6800,519.4800,512.0800,518.0000
2024-04-12,SPY,514.3700,515.8150,509.0800,510.8500
2024-04-15,SPY,515.1300,515.3000,503.5800,504.4500
2024-04-16,SPY,504.9400,506.5000,502.2100,503.5300
2024-04-17,SPY,506.0500,506.2200,499.1200,500.5500
2024-04-18,SPY,501.9800,504.1300,498.5600,499.5200
2024-04-19,SPY,499.4400,500.4550,493.8600,495.1600
2024-04-22,SPY,497.8300,502.3800,495.4300,499.7200
2024-04-23,SPY,501.7800,506.0900,499.5328,505.6500
2024-04-24,SPY,506.5600,507.3700,503.1300,505.4100
2024-04-25,SPY,499.1800,504.2700,497.4900,503.4900
2024-04-26,SPY,506.3500,509.8800,505.7000,508.2600
2024-04-29,SPY,510.0900,510.7500,507.2500,510.0600
2024-04-30,SPY,508.5600,509.5600,501.9800,501.9800
2024-05-01,SPY,501.3800,508.1900,499.8650,500.3500
2024-05-02,SPY,504.1500,505.8900,499.5500,505.0300
2024-05-03,SPY,511.1600,512.5500,508.5600,511.2900
2024-05-06,SPY,513.7500,516.6100,513.3000,516.5700
2024-05-07,SPY,517.5600,518.5700,516.4500,517.1400
2024-05-08,SPY,515.2600,517.7400,515.1400,517.1900
2024-05-09,SPY,517.3800,520.2074,516.7050,520.1700
2024-05-10,SPY,521.8100,522.6350,519.5900,520.8400
2024-05-13,SPY,522.5600,522.6700,519.7400,520.9100
2024-05-14,SPY,521.1100,523.8300,520.5600,523.3000
2024-05-15,SPY,525.8300,530.0800,525.1800,529.7800
2024-05-16,SPY,529.8800,531.5218,528.5400,528.6900
2024-05-17,SPY,528.8100,529.5200,527.3200,529.4500
2024-05-20,SPY,529.5700,531.5601,529.1700,530.0600
2024-05-21,SPY,529.2800,531.5200,529.0700,531.3600
2024-05-22,SPY,530.6500,531.3800,527.6000,529.8300
2024-05-23,SPY,532.9600,533.0700,524.7200,525.9600
2024-05-24,SPY,527.8500,530.2700,526.8810,529.4400
2024-05-28,SPY,530.2700,530.5100,527.1100,529.8100
2024-05-29,SPY,525.6800,527.3100,525.3700,526.1000
2024-05-30,SPY,524.5200,525.2000,521.3300,522.6100
2024-05-31,SPY,523.5900,527.5000,518.3600,527.3700
2024-06-03,SPY,529.0200,529.3100,522.6000,527.8000
2024-06-04,SPY,526.4600,529.1500,524.9600,528.3900
2024-06-05,SPY,530.7700,534.6900,528.7254,534.6700
2024-06-06,SPY,534.9800,535.4200,532.6800,534.6600
2024-06-07,SPY,533.6600,536.8900,532.5350,534.0100
2024-06-10,SPY,533.1800,535.9900,532.5700,535.6600
2024-06-11,SPY,534.0700,537.0100,532.0500,536.9500
2024-06-12,SPY,541.6300,544.1200,540.3000,541.3600
2024-06-13,SPY,543.1500,543.3250,539.5900,542.4500
2024-06-14,SPY,540.8800,542.8100,539.8500,542.7800
2024-06-17,SPY,542.0800,548.5300,541.6072,547.1000
2024-06-18,SPY,547.1600,548.6200,546.7300,548.4900
2024-06-20,SPY,549.4400,550.1200,545.1800,547.0000
2024-06-21,SPY,544.4000,545.6500,543.0200,544.5100
2024-06-24,SPY,544.3300,546.9500,542.6200,542.7400
2024-06-25,SPY,543.9900,545.2000,542.4400,544.8300
2024-06-26,SPY,543.6900,546.2400,543.0300,545.5100
2024-06-27,SPY,545.3700,546.9600,544.6100,546.3700
2024-06-28,SPY,547.1600,550.2800,542.9500,544.2200
2024-07-01,SPY,545.6300,545.8800,542.5200,545.3400
2024-07-02,SPY,543.7000,549.0100,543.6500,549.0100
2024-07-03,SPY,548.6900,551.8300,548.6500,551.4600
2024-07-05,SPY,551.7700,555.0500,551.1200,554.6400
2024-07-08,SPY,555.4400,556.2501,554.1900,555.2800
2024-07-09,SPY,556.2600,557.1800,555.5200,555.8200
2024-07-10,SPY,557.0700,561.6700,556.7700,561.3200
2024-07-11,SPY,561.4400,562.3300,555.8300,556.4800
2024-07-12,SPY,557.6300,563.6700,557.1500,559.9900
2024-07-15,SPY,562.0300,564.8371,559.6300,561.5300
2024-07-16,SPY,562.8650,565.1600,562.1000,564.8600
2024-07-17,SPY,558.8000,560.5100,556.6100,556.9400
2024-07-18,SPY,558.5100,559.5200,550.4300,552.6600
2024-07-19,SPY,552.4200,554.0800,547.9100,548.9900
2024-07-22,SPY,553.0000,555.2700,551.0200,554.6500
2024-07-23,SPY,554.5400,556.7350,553.2750,553.7800
2024-07-24,SPY,548.8600,549.1700,540.2900,541.2300
2024-07-25,SPY,541.3500,547.4550,537.4500,538.4100
2024-07-26,SPY,542.2800,547.1900,541.4900,544.4400
2024-07-29,SPY,546.0200,547.0500,542.7200,544.7600
2024-07-30,SPY,546.2600,547.3400,538.5150,542.0000
2024-07-31,SPY,548.9800,553.5000,547.5799,550.8100
2024-08-01,SPY,552.5700,554.8688,539.4300,543.0100
2024-08-02,SPY,535.7500,536.9900,528.6000,532.9000
2024-08-05,SPY,511.6400,523.5800,510.2700,517.3800
2024-08-06,SPY,519.2200,529.7500,517.8700,522.1500
2024-08-07,SPY,528.4700,531.5900,518.0519,518.6600
2024-08-08,SPY,523.9100,531.2900,521.8400,530.6500
2024-08-09,SPY,529.8100,534.5100,528.5600,532.9900
2024-08-12,SPY,534.2100,535.7300,530.9500,533.2700
2024-08-13,SPY,536.5300,542.2800,536.2800,542.0400
2024-08-14,SPY,542.8500,544.9600,540.1200,543.7500
2024-08-15,SPY,549.5000,553.3600,548.8800,553.0700
2024-08-16,SPY,551.4200,555.0200,551.2600,554.3100
2024-08-19,SPY,554.7300,559.6100,553.8600,559.6100
2024-08-20,SPY,559.1500,560.8400,557.3250,558.7000
2024-08-21,SPY,559.7700,562.1100,557.9900,560.6200
2024-08-22,SPY,562.5600,563.1800,554.9800,556.2200
2024-08-23,SPY,559.5300,563.0900,557.2900,562.1300
2024-08-26,SPY,563.1800,563.9100,559.0500,560.7900
2024-08-27,SPY,559.4900,562.0600,558.3200,561.5600
2024-08-28,SPY,561.2100,561.6500,555.0400,558.3000
2024-08-29,SPY,560.3100,563.6800,557.1800,558.3500
2024-08-30,SPY,560.7700,564.2000,557.1400,563.6800
2024-09-03,SPY,560.4700,560.8100,549.5100,552.0800
2024-09-04,SPY,550.2000,554.4300,549.4600,550.9500
2024-09-05,SPY,550.8900,553.7995,547.1000,549.6100
2024-09-06,SPY,549.9400,551.6000,539.4400,540.3600
2024-09-09,SPY,544.6500,547.7100,542.6800,546.4100
2024-09-10,SPY,548.3600,549.1500,543.3800,548.7900
2024-09-11,SPY,548.7000,555.3600,539.9600,554.4200
2024-09-12,SPY,555.0100,559.4000,552.7400,559.0900
2024-09-13,SPY,559.7100,563.0300,559.4500,562.0100
2024-09-16,SPY,561.7400,563.1100,559.9000,562.8400
2024-09-17,SPY,565.1000,566.5800,560.7950,563.0700
2024-09-18,SPY,563.7400,568.6900,560.8300,561.4000
2024-09-19,SPY,571.0100,572.8800,568.0800,570.9800
2024-09-20,SPY,567.8400,569.3100,565.1700,568.2500
2024-09-23,SPY,569.3400,570.3325,568.1000,569.6700
2024-09-24,SPY,570.4800,571.3600,567.6000,571.3000
2024-09-25,SPY,571.1400,571.8900,568.9100,570.0400
2024-09-26,SPY,574.3800,574.7100,569.9000,572.3000
2024-09-27,SPY,573.3900,574.2200,570.4200,571.4700
2024-09-30,SPY,570.4200,574.3800,568.0800,573.7600
2024-10-01,SPY,573.4000,574.0622,566.0000,568.6200
2024-10-02,SPY,567.7100,569.9000,565.2700,568.8600
2024-10-03,SPY,567.3600,569.8025,565.4900,567.8200
2024-10-04,SPY,572.3500,573.3600,568.1000,572.9800
2024-10-07,SPY,571.3000,571.9599,566.6300,567.8000
2024-10-08,SPY,570.4200,573.7800,569.5299,573.1700
2024-10-09,SPY,573.1600,577.7100,572.5500,577.1400
2024-10-10,SPY,575.7700,577.5800,574.4900,576.1300
2024-10-11,SPY,576.0500,580.3300,575.9100,579.5800
2024-10-14,SPY,581.2200,585.2700,580.7300,584.3200
2024-10-15,SPY,584.5900,584.9000,578.5450,579.7800
2024-10-16,SPY,579.7800,582.8300,578.9600,582.3000
2024-10-17,SPY,585.9100,586.1200,582.1600,582.3500
2024-10-18,SPY,584.0700,585.3900,582.5800,584.5900
2024-10-21,SPY,583.8500,584.8500,580.6001,583.6300
2024-10-22,SPY,581.0500,584.5000,580.3800,583.3200
2024-10-23,SPY,581.2600,581.7086,574.4150,577.9900
2024-10-24,SPY,579.9800,580.0600,576.5700,579.2400
2024-10-25,SPY,581.5100,584.4600,578.0800,579.0400
2024-10-28,SPY,582.5800,582.7100,580.5200,580.8300
2024-10-29,SPY,579.8500,582.9070,578.4300,581.7700
2024-10-30,SPY,581.2900,583.3200,579.2900,580.0100
2024-10-31,SPY,575.5600,575.6300,568.4400,568.6400
2024-11-01,SPY,571.3200,575.5500,570.6200,571.0400
2024-11-04,SPY,571.1800,572.5000,567.8900,569.8100
2024-11-05,SPY,570.7400,576.7400,570.5200,576.7000
2024-11-06,SPY,589.2000,591.9300,585.3900,591.0400
2024-11-07,SPY,593.0800,596.6500,592.9999,595.6100
2024-11-08,SPY,596.1700,599.6400,596.1650,598.1900
2024-11-11,SPY,599.8100,600.1700,597.0000,598.7600
2024-11-12,SPY,598.6800,599.2900,594.3700,596.9000
2024-11-13,SPY,597.3700,599.2300,594.9600,597.1900
2024-11-14,SPY,597.3200,597.8100,592.6500,593.3500
2024-11-15,SPY,589.7200,590.2000,583.8600,585.7500
2024-11-18,SPY,586.2200,589.4900,585.3400,588.1500
2024-11-19,SPY,584.7100,591.0450,584.0300,590.3000
2024-11-20,SPY,590.3800,590.7900,584.6300,590.5000
2024-11-21,SPY,593.4000,595.1200,587.4500,593.6700
2024-11-22,SPY,593.6600,596.1500,593.1525,595.5100
2024-11-25,SPY,599.5200,600.8600,595.2000,597.5300
2024-11-26,SPY,598.8000,601.3300,598.0700,600.6500
2024-11-27,SPY,600.4600,600.8500,597.2800,598.8300
2024-11-29,SPY,599.6600,603.3500,599.3805,602.5500
2024-12-02,SPY,602.9700,604.3200,602.4700,603.6300
2024-12-03,SPY,603.3900,604.1600,602.3410,603.9100
2024-12-04,SPY,605.6300,607.9100,604.9500,607.6600
2024-12-05,SPY,607.6600,608.4800,606.3050,606.6600
2024-12-06,SPY,607.4400,609.0700,607.0200,607.8100
2024-12-09,SPY,607.6900,607.8600,604.0800,604.6800
2024-12-10,SPY,605.3700,605.8000,602.1300,602.8000
2024-12-11,SPY,605.7800,608.4350,605.5000,607.4600
2024-12-12,SPY,606.5800,607.1600,604.3300,604.3300
2024-12-13,SPY,606.4000,607.1300,602.8100,604.2100
2024-12-16,SPY,606.0000,607.7795,605.2100,606.7900
2024-12-17,SPY,604.1900,605.1700,602.8850,604.2900
2024-12-18,SPY,603.9800,606.4050,585.8900,586.2800
2024-12-19,SPY,591.3600,593.0000,585.8500,586.1000
2024-12-20,SPY,581.7700,595.7500,580.9100,591.1500
2024-12-23,SPY,590.8900,595.3000,587.6610,594.6900
2024-12-24,SPY,596.0600,601.3400,595.4700,601.3000
2024-12-26,SPY,599.5000,602.4800,598.0825,601.3400
2024-12-27,SPY,597.5400,597.7761,590.7647,595.0100
2024-12-30,SPY,587.8900,591.7400,584.4100,588.2200
2024-12-31,SPY,589.9050,590.6399,584.4200,586.0800
2025-01-02,SPY,589.3900,591.1300,580.5000,584.6400
2025-01-03,SPY,587.5300,592.6000,586.4300,591.9500
2025-01-06,SPY,596.2700,599.7000,593.6000,595.3600
2025-01-07,SPY,597.4200,597.7500,586.7800,588.6300
2025-01-08,SPY,588.7000,590.5799,585.1950,589.4900
2025-01-10,SPY,585.8800,585.9500,578.5500,580.4900
2025-01-13,SPY,575.7700,581.7500,575.3500,581.3900
2025-01-14,SPY,584.3600,585.0000,578.3500,582.1900
2025-01-15,SPY,590.3250,593.9400,589.1950,592.7800
2025-01-16,SPY,594.1750,594.3500,590.9300,591.6400
2025-01-17,SPY,596.9600,599.3600,595.6100,597.5800
2025-01-21,SPY,600.6700,603.0600,598.6700,603.0500
2025-01-22,SPY,605.9200,607.8200,605.3600,606.4400
2025-01-23,SPY,605.8000,609.7500,605.5200,609.7500
2025-01-24,SPY,609.8100,610.7800,606.8000,607.9700
2025-01-27,SPY,594.8100,599.6900,594.6400,599.3700
2025-01-28,SPY,600.6200,605.3700,597.2500,604.5200
2025-01-29,SPY,601.8100,601.8100,601.8100,601.8100
2025-01-30,SPY,603.9600,606.6000,600.7150,605.0400
2025-01-31,SPY,607.5000,609.9600,601.0500,601.8200
2025-02-03,SPY,592.6700,600.2900,590.4900,597.7700
2025-02-04,SPY,597.8300,602.3000,597.2800,601.7800
2025-02-05,SPY,600.6400,604.3700,598.5800,604.2200
2025-02-06,SPY,605.9900,606.4525,602.6300,606.3200
2025-02-07,SPY,606.8900,608.1300,600.0500,600.7700
2025-02-10,SPY,604.0300,605.4999,602.7400,604.8500
2025-02-11,SPY,602.5500,605.8600,602.4300,605.3100
2025-02-12,SPY,599.2000,604.5500,598.5100,603.3600
2025-02-13,SPY,604.4800,609.9400,603.2000,609.7300
2025-02-14,SPY,609.9400,610.9900,609.0700,609.7000
2025-02-18,SPY,610.8800,611.4900,608.3800,611.4900
2025-02-19,SPY,610.0800,613.2300,609.5600,612.9300
2025-02-20,SPY,611.5400,611.6840,607.0200,610.3800
2025-02-21,SPY,610.1600,610.3000,599.4700,599.9400
2025-02-24,SPY,602.0200,603.0300,596.4900,597.2100
2025-02-25,SPY,597.1500,597.8900,589.5600,594.2400
2025-02-26,SPY,595.9300,599.5800,591.8556,594.5400
2025-02-27,SPY,596.8500,598.0200,584.6500,585.0500
2025-02-28,SPY,585.5600,594.7200,582.4400,594.1800
2025-03-03,SPY,596.1800,597.3400,579.9000,583.7700
2025-03-04,SPY,579.7100,585.3900,572.2500,576.8600
2025-03-05,SPY,576.6900,584.8800,573.0795,583.0600
2025-03-06,SPY,575.4800,580.1736,570.1200,572.7100
2025-03-07,SPY,570.9000,577.3900,565.6300,575.9200
2025-03-10,SPY,567.5900,569.5400,555.5900,560.5800
2025-03-11,SPY,559.4000,564.0200,552.0200,555.9200
2025-03-12,SPY,562.1700,563.1100,553.6900,558.8700
2025-03-13,SPY,558.4900,559.1050,549.6800,551.4200
2025-03-14,SPY,556.1100,563.8300,551.4917,562.8100
2025-03-17,SPY,562.7900,569.7100,562.3500,567.1500
2025-03-18,SPY,564.8000,565.0200,559.0600,561.0200
2025-03-19,SPY,562.8300,570.9500,561.6300,567.1300
2025-03-20,SPY,563.3300,570.5700,562.6012,565.4900
2025-03-21,SPY,559.2800,564.8900,558.0300,563.9800
2025-03-24,SPY,570.8000,575.1500,570.2000,574.0800
2025-03-25,SPY,575.3000,576.4100,573.6900,575.4600
2025-03-26,SPY,575.1900,576.3300,567.1900,568.5900
2025-03-27,SPY,567.1800,570.9000,564.9400,567.0800
2025-03-28,SPY,565.5300,566.2675,555.0700,555.6600
2025-03-31,SPY,549.8300,560.7112,546.8700,559.3900
2025-04-01,SPY,557.4500,562.9400,553.6800,560.9700
2025-04-02,SPY,555.0500,567.4200,554.8100,564.5200
2025-04-03,SPY,545.1100,547.9700,536.7000,536.7000
2025-04-04,SPY,523.6700,525.8700,505.0600,505.2800
2025-04-07,SPY,489.1900,523.1700,481.8000,504.3800
2025-04-08,SPY,521.8600,524.9800,489.1600,496.4800
2025-04-09,SPY,493.4400,548.6200,493.0500,548.6200
2025-04-10,SPY,532.1700,533.4950,509.3200,524.5800
2025-04-11,SPY,523.0100,536.4300,520.0700,533.9400
2025-04-14,SPY,544.0500,544.2800,533.8600,539.1200
2025-04-15,SPY,539.6750,543.2300,536.8100,537.6100
2025-04-16,SPY,531.6800,537.8854,520.2900,525.6600
2025-04-17,SPY,527.6400,531.1650,523.9100,526.4100
2025-04-21,SPY,521.1600,521.7000,508.4600,513.8800
2025-04-22,SPY,520.1400,529.3050,519.1925,527.2500
2025-04-23,SPY,540.4300,545.4300,533.8800,535.4200
2025-04-24,SPY,536.7150,547.4300,535.4504,546.6900
2025-04-25,SPY,546.6500,551.0500,543.6900,550.6400
2025-04-28,SPY,551.3900,553.5500,545.0200,550.8500
2025-04-29,SPY,548.9100,555.4500,548.5500,554.3200
2025-04-30,SPY,547.5700,556.5200,541.5200,554.5400
2025-05-01,SPY,560.3700,564.0699,557.8600,558.4700
2025-05-02,SPY,564.7300,568.3800,562.3800,566.7600
2025-05-05,SPY,562.5700,566.6500,561.7000,563.5100
2025-05-06,SPY,557.9300,563.3476,556.9600,558.8000
2025-05-07,SPY,560.1500,563.8200,556.0400,561.1500
2025-05-08,SPY,565.2400,570.3100,561.7000,565.0600
2025-05-09,SPY,566.4800,567.5000,562.7637,564.3400
2025-05-12,SPY,581.4700,583.0000,577.0400,582.9900
2025-05-13,SPY,583.4100,589.0800,582.8400,586.8400
2025-05-14,SPY,587.8100,588.9800,585.5350,587.5900
2025-05-15,SPY,585.5600,590.9700,585.0969,590.4600
2025-05-16,SPY,591.2500,594.5000,589.2800,594.2000
2025-05-19,SPY,588.1000,595.5400,588.1000,594.8500
2025-05-20,SPY,593.0900,594.0500,589.6000,592.8500
2025-05-21,SPY,588.4400,592.5800,581.8200,582.8600
2025-05-22,SPY,582.6600,586.6200,581.4050,583.0900
2025-05-23,SPY,575.9800,581.8101,575.6000,579.1100
2025-05-27,SPY,586.0700,591.3100,578.4300,591.1500
2025-05-28,SPY,591.5600,592.7688,586.9850,587.7300
2025-05-29,SPY,593.0600,593.2000,586.0700,590.0500
2025-05-30,SPY,588.9300,591.1299,583.2350,589.3900
2025-06-02,SPY,587.7600,592.7900,585.0600,592.7100
2025-06-03,SPY,592.3400,597.0800,591.8500,596.0900
2025-06-04,SPY,596.9600,597.9500,595.4900,595.9300
2025-06-05,SPY,597.6300,599.0000,591.0500,593.0500
2025-06-06,SPY,598.6600,600.8300,596.8600,599.1400
2025-06-09,SPY,599.7200,601.2500,598.4900,599.6800
2025-06-10,SPY,600.2200,603.4700,599.0900,603.0800
2025-06-11,SPY,604.1900,605.0600,599.2700,601.3600
2025-06-12,SPY,600.0100,603.7500,599.5200,603.7500
2025-06-13,SPY,598.5000,601.8500,595.4800,597.0000
2025-06-16,SPY,600.4000,604.4500,600.2200,602.6800
2025-06-17,SPY,600.2100,601.7500,596.7600,597.5300
2025-06-18,SPY,598.4400,601.2200,596.4700,597.4400
2025-06-20,SPY,598.3800,599.4600,592.8600,594.2800
2025-06-23,SPY,595.0400,600.5400,591.8900,600.1500
2025-06-24,SPY,604.3300,607.8499,603.4100,606.7800
2025-06-25,SPY,607.9100,608.6100,605.5400,607.1200
2025-06-26,SPY,608.9900,612.3100,608.3700,611.8700
2025-06-27,SPY,612.8800,616.3900,610.8300,614.9100
2025-06-30,SPY,617.3800,619.2200,615.0400,617.8500
2025-07-01,SPY,616.3600,618.8300,615.5200,617.6500
2025-07-02,SPY,617.2400,620.4900,616.6100,620.4500
2025-07-03,SPY,622.4500,626.2800,622.4300,625.3400
2025-07-07,SPY,623.3600,624.0300,617.8700,620.6800
2025-07-08,SPY,621.3500,622.1100,619.5200,620.3400
2025-07-09,SPY,622.7700,624.7200,620.9105,624.0600
2025-07-10,SPY,624.2000,626.8701,623.0100,625.8200
2025-07-11,SPY,622.7400,624.8600,621.5300,623.6200
2025-07-14,SPY,623.1600,625.1581,621.7999,624.8100
2025-07-15,SPY,627.5200,627.8600,622.0600,622.1400
2025-07-16,SPY,623.7400,624.7300,618.0500,624.2200
2025-07-17,SPY,624.4000,628.4048,624.1800,628.0400
2025-07-18,SPY,629.3000,629.4700,626.4600,627.5800
2025-07-21,SPY,628.7700,631.5400,628.3400,628.7700
2025-07-22,SPY,629.1000,629.7300,626.1900,628.8600
2025-07-23,SPY,631.5500,634.2100,629.7300,634.2100
2025-07-24,SPY,634.6000,636.1500,633.9900,634.4200
2025-07-25,SPY,635.0900,637.5799,634.8400,637.1000
2025-07-28,SPY,637.4800,638.0400,635.5400,636.9400
2025-07-29,SPY,638.3500,638.6700,634.3350,635.2600
2025-07-30,SPY,635.9200,637.6800,631.5400,634.4600
2025-07-31,SPY,639.4550,639.8500,630.7650,632.0800
2025-08-01,SPY,626.3000,626.3400,619.2900,621.7200
2025-08-04,SPY,625.6700,631.2150,625.5800,631.1700
2025-08-05,SPY,631.7900,632.6052,627.0400,627.9700
2025-08-06,SPY,629.0500,633.4400,628.1300,632.7800
2025-08-07,SPY,636.2400,636.9800,629.1100,632.2500
2025-08-08,SPY,634.0600,637.6450,633.7400,637.1800
2025-08-11,SPY,637.4600,638.9500,634.6600,635.9200
2025-08-12,SPY,638.2900,642.8500,636.7900,642.6900
2025-08-13,SPY,644.9100,646.1900,642.6800,644.8900
2025-08-14,SPY,642.7900,645.6200,642.3400,644.9500
2025-08-15,SPY,645.9900,646.0900,642.5153,643.4400
2025-08-18,SPY,642.8600,644.0000,642.1800,643.3000
2025-08-19,SPY,643.1200,644.1050,638.4800,639.8100
2025-08-20,SPY,639.4000,639.6600,632.9500,638.1100
2025-08-21,SPY,636.2800,637.9700,633.8100,635.5500
2025-08-22,SPY,637.7600,646.5000,637.2500,645.3100
2025-08-25,SPY,644.0400,645.2900,642.3500,642.4700
2025-08-26,SPY,642.2000,645.5100,641.5700,645.1600
2025-08-27,SPY,644.5700,647.3700,644.4200,646.6300
2025-08-28,SPY,647.2400,649.4800,645.3400,648.9200
2025-08-29,SPY,647.4700,647.8400,643.1400,645.0500
2025-09-02,SPY,637.5000,640.4900,634.9200,640.2700
2025-09-03,SPY,642.6700,644.2100,640.4600,643.7400
2025-09-04,SPY,644.4200,649.1500,643.5100,649.1200
2025-09-05,SPY,651.4800,652.2100,643.3300,647.2400
2025-09-08,SPY,648.6200,649.8400,647.2300,648.8300
2025-09-09,SPY,648.9700,650.8600,647.2200,650.3300
2025-09-10,SPY,653.6200,654.5500,650.6300,652.2100
2025-09-11,SPY,654.1800,658.3300,653.5900,657.6300
2025-09-12,SPY,657.6000,659.1100,656.9000,657.4100
2025-09-15,SPY,659.6400,661.0400,659.3400,660.9100
2025-09-16,SPY,661.4700,661.7800,659.2100,660.0000
2025-09-17,SPY,660.0100,661.7200,654.3000,659.1800
2025-09-18,SPY,661.8900,664.8900,660.2700,662.2600
2025-09-19,SPY,662.3300,664.5500,660.3700,663.7000
2025-09-22,SPY,662.2000,667.2900,662.1700,666.8400
2025-09-23,SPY,666.7200,667.3400,661.9800,663.2100
2025-09-24,SPY,664.5100,664.6100,659.6700,661.1000
2025-09-25,SPY,657.9400,659.4056,654.4050,658.0500
2025-09-26,SPY,659.5100,662.3700,657.8800,661.8200
2025-09-29,SPY,664.3600,665.2800,661.8600,663.6800
2025-09-30,SPY,662.9300,666.6500,661.6100,666.1800
2025-10-01,SPY,663.1700,669.3700,663.0600,668.4500
2025-10-02,SPY,670.4500,670.5650,666.7800,669.2200
2025-10-03,SPY,669.9900,672.6750,668.1600,669.2100
2025-10-06,SPY,671.6200,672.5100,669.4550,671.6100
2025-10-07,SPY,672.5400,672.9900,667.6700,669.1200
2025-10-08,SPY,670.2500,673.2056,669.4200,673.1100
2025-10-09,SPY,673.5300,673.9400,669.2100,671.1600
2025-10-10,SPY,672.1300,673.9500,652.8400,653.0200
2025-10-13,SPY,660.6500,665.1300,659.7679,663.0400
2025-10-14,SPY,657.1700,665.8300,653.1700,662.2300
2025-10-15,SPY,666.8200,670.2300,658.9300,665.1700
2025-10-16,SPY,666.8200,668.7100,657.1100,660.6400
2025-10-17,SPY,659.5000,665.7550,658.1400,664.3900
2025-10-20,SPY,667.3200,672.2100,667.2700,671.3000
2025-10-21,SPY,671.4400,672.9900,669.9810,671.2900
2025-10-22,SPY,672.0000,672.0000,663.3000,667.8000
2025-10-23,SPY,668.1200,672.7101,667.8000,671.7600
2025-10-24,SPY,676.4600,678.4700,675.6500,677.2500
2025-10-27,SPY,682.7300,685.5400,682.1150,685.2400
2025-10-28,SPY,687.0500,688.9050,684.8300,687.0600
2025-10-29,SPY,688.7200,689.7000,682.8700,687.3900
2025-10-30,SPY,683.9000,685.9400,679.8300,679.8300
2025-10-31,SPY,685.0400,685.0800,679.2400,682.0600
2025-11-03,SPY,685.6700,685.8000,679.9400,683.3400
2025-11-04,SPY,676.1100,679.9600,674.5800,675.2400
2025-11-05,SPY,674.9800,680.8600,674.1700,677.5800
2025-11-06,SPY,676.4700,677.3800,668.7200,670.3100
2025-11-07,SPY,667.9100,671.0800,661.2050,670.9700
2025-11-10,SPY,677.2350,682.1800,675.0300,681.4400
2025-11-11,SPY,679.9500,683.5700,678.7300,683.0000
2025-11-12,SPY,684.7900,684.9600,680.9450,683.3800
2025-11-13,SPY,680.5000,680.8600,670.5200,672.0400
2025-11-14,SPY,665.3800,675.6600,663.2650,671.9300
2025-11-17,SPY,669.7000,673.7100,662.1700,665.6700
2025-11-18,SPY,662.0950,665.1200,655.8600,660.0800
2025-11-19,SPY,660.7800,667.3400,658.7450,662.6300
2025-11-20,SPY,672.9100,675.5600,651.8900,652.5300
2025-11-21,SPY,655.0500,664.5500,650.8500,659.0300
2025-11-24,SPY,662.6900,670.0600,661.5900,668.7300
2025-11-25,SPY,668.6300,676.2100,664.4800,675.0200
2025-11-26,SPY,677.6300,681.7000,676.7200,679.6800
2025-11-28,SPY,680.8600,683.6650,680.5000,683.3900
2025-12-01,SPY,678.8100,682.9900,678.7400,680.2700
2025-12-02,SPY,681.9200,683.8200,679.3275,681.5300
2025-12-03,SPY,680.5700,684.9100,679.6900,683.8900
2025-12-04,SPY,685.3000,685.3700,681.3400,684.3900
2025-12-05,SPY,685.4700,688.3900,684.5800,685.6900
2025-12-08,SPY,686.5900,686.6400,681.5700,683.6300
2025-12-09,SPY,683.1500,685.3850,682.5900,683.0400
2025-12-10,SPY,682.5600,688.9700,681.3100,687.5700
2025-12-11,SPY,685.1400,689.2500,682.1650,689.1700
2025-12-12,SPY,688.1700,688.8800,679.1744,681.7600
2025-12-15,SPY,685.7400,685.7600,679.2500,680.7300
2025-12-16,SPY,679.2300,681.0800,674.9800,678.8700
2025-12-17,SPY,679.8900,680.4350,671.1950,671.4000
2025-12-18,SPY,677.6000,680.7400,674.9000,676.4700
2025-12-19,SPY,676.5900,681.0900,676.4700,680.5900
2025-12-22,SPY,683.9400,685.3600,680.5868,684.8300
2025-12-23,SPY,683.9200,688.2000,683.8700,687.9600
2025-12-24,SPY,687.9500,690.8300,687.8000,690.3800
2025-12-26,SPY,690.6400,691.6600,689.2700,690.3100
2025-12-29,SPY,687.5400,689.2000,686.0700,687.8500
2025-12-30,SPY,687.4450,688.5550,686.5800,687.0100
2025-12-31,SPY,687.1400,687.3600,681.7100,681.9200
2026-01-02,SPY,685.7100,686.8700,679.8200,683.1700
2026-01-05,SPY,686.5400,689.4300,686.3750,687.7200
2026-01-06,SPY,687.9300,692.3150,687.7800,691.8100
2026-01-07,SPY,692.1900,693.9600,689.3200,689.5800
2026-01-08,SPY,688.8200,690.6150,687.4900,689.5100
2026-01-09,SPY,690.6300,695.3100,689.1800,694.0700
2026-01-12,SPY,690.6800,696.0900,690.6300,695.1600
2026-01-13,SPY,695.4900,696.0900,691.3500,693.7700
2026-01-14,SPY,691.0000,691.7200,686.0400,690.3600
2026-01-15,SPY,694.5700,695.4500,691.2500,692.2400
2026-01-16,SPY,693.6600,694.2500,690.1000,691.6600
2026-01-20,SPY,681.4900,684.7700,676.5700,677.5800
2026-01-21,SPY,679.6500,688.7350,678.1300,685.4000
2026-01-22,SPY,689.8500,691.1250,686.9200,688.9800
2026-01-23,SPY,688.1500,690.9600,687.1600,689.2300
2026-01-26,SPY,690.4900,694.1300,689.9200,692.7300
2026-01-27,SPY,694.1800,696.5300,693.5700,695.4900
2026-01-28,SPY,697.0500,697.8400,693.9400,695.4200
2026-01-29,SPY,696.3900,697.0600,684.8300,694.0400
2026-01-30,SPY,691.7900,694.2100,687.1200,691.9700
2026-02-02,SPY,689.5800,696.9300,689.4200,695.4100
2026-02-03,SPY,696.2100,696.9600,684.0300,689.5300
2026-02-04,SPY,690.3500,691.4500,681.7600,686.1900
2026-02-05,SPY,680.9400,683.6900,675.7900,677.6200
2026-02-06,SPY,681.4600,692.3100,680.8500,690.6200
2026-02-09,SPY,689.4200,695.8700,688.3400,693.9500
2026-02-10,SPY,694.9500,696.5400,691.6600,692.1200
2026-02-11,SPY,696.3900,697.1400,689.1800,691.9600
2026-02-12,SPY,694.2400,695.3500,680.3700,681.2700
2026-02-13,SPY,681.6900,686.2800,677.5200,681.7500
2026-02-17,SPY,680.1400,684.9400,675.7800,682.8500
2026-02-18,SPY,684.0200,689.1500,682.8300,686.2900
2026-02-19,SPY,683.8400,686.1800,681.5475,684.4800
2026-02-20,SPY,682.3200,690.0600,681.7300,689.4300
2026-02-23,SPY,687.8300,690.0000,680.3710,682.3900
2026-02-24,SPY,681.9000,688.3500,680.0000,687.3500
2026-02-25,SPY,690.1800,693.6800,690.1000,693.1500
2026-02-26,SPY,693.2800,693.3000,684.3500,689.3000
2026-02-27,SPY,683.0900,686.8600,681.6400,685.9900
2026-03-02,SPY,678.7000,688.6200,678.0200,686.3800
2026-03-03,SPY,675.0600,682.6100,669.6600,680.3300
2026-03-04,SPY,681.6300,687.0900,679.6200,685.1300
2026-03-05,SPY,682.0800,685.5300,675.6100,681.3100
2026-03-06,SPY,673.4100,676.1100,669.7600,672.3800
2026-03-09,SPY,666.3900,679.9200,662.3900,678.2700
2026-03-10,SPY,677.7200,683.3600,674.7600,677.1800
2026-03-11,SPY,677.5800,680.0800,673.3400,676.3300
2026-03-12,SPY,671.1600,671.6500,665.8700,666.0600
2026-03-13,SPY,669.2700,672.3350,661.3600,662.2900
2026-03-16,SPY,668.3800,672.0700,667.1200,669.0300
2026-03-17,SPY,672.3900,674.4400,669.7000,670.7900
2026-03-18,SPY,668.3600,669.7200,661.1900,661.4300
2026-03-19,SPY,656.9700,662.9800,655.1700,659.8000
2026-03-20,SPY,656.5100,656.6900,644.7200,648.5700
2026-03-23,SPY,658.0700,662.6150,653.9400,655.3800
2026-03-24,SPY,651.3200,657.0300,649.8800,653.1800
2026-03-25,SPY,658.6700,660.8900,654.2400,656.8200
2026-03-26,SPY,652.0600,654.8500,644.8200,645.0900
2026-03-27,SPY,642.5000,642.6600,633.1050,634.0900
2026-03-30,SPY,640.1100,640.3700,629.2800,631.9700
2026-03-31,SPY,638.9400,651.5400,637.9800,650.3400
2026-04-01,SPY,653.9000,658.5200,653.0000,655.2400
2026-04-02,SPY,646.4200,658.2000,645.1100,655.8300
2026-04-06,SPY,655.8600,659.7200,655.5200,658.9300
2026-04-07,SPY,656.6500,659.6100,651.0600,659.2200
2026-04-08,SPY,676.3900,677.0800,671.4600,676.0100
2026-04-09,SPY,674.8400,681.1600,673.7700,679.9100
2026-04-10,SPY,681.3200,682.0300,678.4500,679.4600
2026-04-13,SPY,677.4100,686.3000,676.5800,686.1000
2026-04-14,SPY,687.6900,694.5800,687.6600,694.4600
2026-04-15,SPY,695.2600,700.2800,694.2000,699.9400
2026-04-16,SPY,701.0600,702.7800,698.5300,701.6600
2026-04-17,SPY,706.1400,712.3900,705.7600,710.1400
2026-04-20,SPY,708.7800,709.9100,706.1400,708.7200
2026-04-21,SPY,710.2800,711.2750,702.6400,704.0800
2026-04-22,SPY,709.1500,711.4500,708.2200,711.2100
2026-04-23,SPY,709.5000,712.3598,702.2803,708.4500
2026-04-24,SPY,710.7500,714.4700,709.0100,713.9400
2026-04-27,SPY,713.1700,715.6300,712.2950,715.1700
2026-04-28,SPY,711.8150,712.8800,709.2500,711.6900
2026-04-29,SPY,711.0000,712.2000,708.3700,711.5800
2026-04-30,SPY,714.6300,719.7900,710.4450,718.6600
2026-05-01,SPY,721.2500,724.8700,720.4700,720.6500
2026-05-04,SPY,720.0700,722.1200,714.9900,718.0100
2026-05-05,SPY,721.7700,725.0400,721.4898,723.7700
2026-05-06,SPY,728.1600,734.5900,727.8200,733.8300
2026-05-07,SPY,735.0500,736.1300,729.7500,731.5800
2026-05-08,SPY,734.9300,738.0800,734.5700,737.6200
2026-05-11,SPY,736.4500,740.7900,736.4500,739.3000
2026-05-12,SPY,736.8900,738.8400,731.8300,738.1800
2026-05-13,SPY,738.4700,743.9100,735.4700,742.3100
2026-05-14,SPY,743.6500,749.5300,743.5600,748.1700
2026-05-15,SPY,741.7900,743.4600,737.9600,739.1700
2026-05-18,SPY,739.8300,741.4150,733.3900,738.6500
2026-05-19,SPY,734.7800,737.6500,731.5300,733.7300
2026-05-20,SPY,735.7100,741.8700,733.8900,741.2500
2026-05-21,SPY,738.6400,744.8700,737.0300,742.7200
2026-05-22,SPY,746.2400,748.9400,744.4800,745.6400
2026-05-26,SPY,750.0100,752.1300,748.3700,750.5900
2026-05-27,SPY,750.8800,751.3800,748.2200,750.4600
2026-05-28,SPY,750.2500,755.1500,749.2300,754.6000
2026-05-29,SPY,755.9000,758.0800,754.6900,756.4800
2026-06-01,SPY,755.3600,760.2800,754.6900,758.5400
2026-06-02,SPY,757.0300,760.4000,756.7500,759.5700
2026-06-03,SPY,758.1500,758.8000,753.5700,754.2400
2026-06-04,SPY,752.1000,758.3100,751.4700,757.0900
2026-06-05,SPY,752.3100,752.8200,735.5250,737.5500
2026-06-08,SPY,743.3600,745.3400,738.1900,739.2200
2026-06-09,SPY,743.6300,746.9000,722.5900,737.0500
2026-06-10,SPY,733.3900,738.3800,725.3300,725.4300
2026-06-11,SPY,728.7600,740.0000,724.4050,737.7600
2026-06-12,SPY,740.7100,744.4400,735.0300,741.7500
2026-06-15,SPY,751.8500,756.6800,751.7600,754.8300
2026-06-16,SPY,754.5500,755.4400,749.8800,750.3300
2026-06-17,SPY,751.2900,752.1500,739.2200,740.9600
2026-06-18,SPY,747.7600,748.2300,743.8600,746.7400
2026-06-22,SPY,747.7000,750.1800,743.1300,744.3900
2026-06-23,SPY,733.8100,739.6300,732.3000,733.5800
2026-06-24,SPY,735.1700,739.9450,730.8400,733.2400
2026-06-25,SPY,738.9100,739.3700,729.6000,734.3000
2026-06-26,SPY,728.9450,736.5300,716.5800,728.9900
2026-06-29,SPY,736.5250,741.5600,732.0900,741.0000
2026-06-30,SPY,741.2900,748.0200,740.8900,746.7700
2026-07-01,SPY,745.0000,749.4350,742.3750,745.7600
2026-07-02,SPY,747.4000,751.3100,740.0300,744.7800
2026-07-06,SPY,748.7400,752.4100,747.4100,751.2800
2026-07-07,SPY,750.2200,750.9600,745.2100,747.7100
2026-07-08,SPY,743.1600,746.1500,739.5100,745.4000
2026-07-09,SPY,747.3500,751.9700,745.5900,751.7100
2026-07-10,SPY,752.0500,755.4200,748.1000,754.9500
2026-07-13,SPY,752.4700,753.9105,748.0000,749.1700
2026-07-14,SPY,750.9100,753.3400,748.6600,751.8300
2026-07-15,SPY,754.2400,755.5800,750.2000,754.8100
2026-07-16,SPY,752.7600,754.5700,747.8800,750.7200
2026-07-17,SPY,742.0800,747.2900,740.8000,743.2900
2026-07-20,SPY,747.0600,748.7300,741.5103,742.0900
2026-07-21,SPY,746.2900,749.0400,744.1800,748.2800
2026-07-22,SPY,746.6200,750.0200,746.3700,747.4100
2026-07-23,SPY,739.3700,742.5600,735.2100,738.1800
2026-07-24,SPY,738.5100,743.7200,737.2900,738.9300
2026-07-27,SPY,744.9100,745.5300,735.8700,739.0900
2026-07-28,SPY,739.1900,742.7901,735.9800,740.8600
2026-07-29,SPY,739.9700,742.6800,729.1000,729.4600
2026-07-30,SPY,736.0500,742.4500,734.5900,741.6900
2026-07-31,SPY,744.6800,748.8950,737.6800,747.0300
2026-08-03,SPY,749.4400,758.5800,748.8000,757.6700
2026-08-04,SPY,760.6300,773.4100,760.5200,771.3300
2026-08-05,SPY,775.8500,776.8500,769.5100,769.7900
2026-08-06,SPY,770.2100,771.8200,767.4600,768.5600
2026-08-07,SPY,771.0200,773.9150,769.6100,773.2600
2026-08-10,SPY,772.6000,775.0500,771.6200,773.0300
2026-08-11,SPY,774.5300,774.6100,769.2000,770.5600
2026-08-12,SPY,774.7100,774.9000,771.2800,772.4900
2026-08-13,SPY,774.8700,779.3700,774.1110,777.8800
2026-08-14,SPY,778.5400,778.8000,775.4301,776.3400
2026-08-17,SPY,776.1800,776.7750,772.5100,772.6700
2026-08-18,SPY,768.7000,769.5000,766.9200,767.4500
2026-08-19,SPY,770.3600,772.4700,768.1000,769.0600
2026-08-20,SPY,765.9600,768.1500,762.0400,762.6000
2026-08-21,SPY,766.0500,767.8500,764.1700,765.7200
2026-08-24,SPY,764.7800,765.2200,762.0800,763.4700
2026-08-25,SPY,766.1600,766.7800,763.0501,765.9100
2026-08-26,SPY,764.7300,767.3500,763.9300,766.0800
2026-08-27,SPY,768.5000,772.3550,767.1600,771.1000
2026-08-28,SPY,771.7600,775.3000,768.3076,769.3500
2026-08-31,SPY,767.3300,767.9950,764.7150,767.0500
2026-09-01,SPY,762.0100,764.6700,759.4800,761.7800
2026-09-02,SPY,762.4500,766.4300,761.7300,765.1600
2026-09-03,SPY,767.9000,774.0300,767.4500,773.1700
2026-09-04,SPY,772.0100,772.8700,769.0000,770.1900
